split,task,seed,layer,real_paraphrase_distance,real_semantic_distance,real_irrelevant_distance,real_semantic_margin,real_semantic_ratio,mismatch_paraphrase_distance,mismatch_semantic_distance,mismatch_irrelevant_distance,mismatch_semantic_margin,grounded_semantic_margin,real_visual_attention_mass
exploration,move_near,1,0,0.004224092069997292,0.0007991946374883359,0.001976122680509241,-0.003424897432508957,0.19043343311178088,0.004417320751414496,0.0009021347869985671,0.00199967747137867,-0.003515185964415929,9.028853190697188e-05,0.7469335091882385
exploration,move_near,1,1,0.0036800282063046605,0.007772392375054812,0.005855782805961368,0.0019166095690934422,1.3547928879286957,0.003495185818781574,0.00598066043335346,0.006309849084012158,-0.0003291886506586967,0.002245798219752139,0.39249253782327287
exploration,move_near,1,2,0.02485449127458166,0.03550407527966434,0.016636988738616434,0.010649584005082683,1.4220787779450295,0.02172877330086931,0.02682931802198091,0.019578241047470493,0.004498321098104927,0.006151262906977755,0.038075658772186216
exploration,move_near,1,3,0.013354536102402144,0.023713278595394304,0.013554564249667653,0.009361712462686063,1.6593954536253805,0.01663870198277761,0.030890245149248628,0.018303374219875396,0.012586870929373231,-0.00322515846668717,0.03349586993759127
exploration,move_near,1,4,0.023169763273965,0.037660131586936575,0.02587672524617121,0.00996032560738999,1.3604370003814334,0.022814909759763757,0.041398132795101676,0.02058359664805751,0.018285227274710502,-0.008324901667320514,0.05876863534740551
exploration,move_near,1,5,0.022327031146011977,0.029885532558548367,0.02319473605462957,0.005211535646316229,1.2088119699678332,0.02897011334758808,0.034193268502377645,0.021800180814542564,0.00522315515478956,-1.1619508473331477e-05,0.06392658946003849
exploration,move_near,1,6,0.03999840838534247,0.04160640363633964,0.02607255131487603,0.0016079952509971684,1.0507329996265315,0.025647713353654466,0.05283881698557446,0.02585562313373078,0.025345625893815883,-0.023737630642818714,0.0586855416076825
exploration,move_near,1,7,0.05658352221934845,0.08818659987235204,0.03467788802248629,0.03160307765300358,1.5320201442865014,0.034220077374069756,0.04903258163391691,0.03070507209030479,0.014812504259847157,0.016790573393156427,0.07766997566731486
exploration,move_near,1,8,0.036238442885906476,0.06566962949221193,0.03822535513432723,0.02734403338812368,1.7042442564793985,0.027213188305314318,0.04850381221306497,0.02638516861407374,0.020044706543393135,0.007299326844730543,0.14078229015012766
exploration,move_near,1,9,0.04316001537701097,0.07764597964740731,0.03695143937254307,0.03448596427039634,1.7960133102771536,0.04081300169581383,0.06614935378570236,0.03813516666321912,0.024108148517490213,0.010377815752906127,0.1013771664225563
exploration,move_near,1,10,0.04601574664575153,0.10202704664813873,0.032294331328195786,0.05601130000238719,2.2121361035418254,0.04477772667676102,0.07340771713610046,0.029765749406288993,0.028629990459339446,0.02738130954304775,0.1598937271409492
exploration,move_near,1,11,0.05225001622994437,0.11171936047808162,0.0261857560707499,0.05946934424813726,2.138132827865146,0.05565384239872753,0.11781998260329019,0.02095638402494945,0.062166140204562646,-0.00269679595642539,0.21634308132767424
exploration,move_near,1,12,0.03233495347196714,0.07278395017230059,0.020960934144250324,0.04044899670033345,2.265844013042189,0.043871049318952575,0.08008649724362378,0.022482336891096424,0.036215447924671205,0.004233548775662249,0.24006144151068534
exploration,move_near,1,13,0.04286997199890689,0.06436122432752747,0.023602917780933038,0.02149125232862058,1.5110874196489126,0.0560259154681071,0.068314044340281,0.02210285329364071,0.012288128872173912,0.009203123456446671,0.1640160169572482
exploration,move_near,1,14,0.03990761477969251,0.15480818985515973,0.03550247185896611,0.1139309236039567,3.8478791511489856,0.05402501876183883,0.07907968632009106,0.026448287378011245,0.025054667558252225,0.08887625604570448,0.3356317084778008
exploration,move_near,1,15,0.03598390976237415,0.0639880752628174,0.037614318650728264,0.02458818458528218,1.632027599048434,0.052583263624321586,0.05953990660690348,0.03731604354325065,0.006956642982581899,0.017631541602700276,0.17637436851437846
exploration,move_near,1,16,0.03695126690148973,0.10631062873686191,0.023812730301063286,0.06935936183537218,2.944959187803128,0.043538693833172694,0.06419804412039026,0.029398670188343756,0.020659350287217573,0.0487000115481546,0.15368132959326886
exploration,move_near,1,17,0.04254661520619118,0.13547763781912,0.029396062816300046,0.09293102261292885,3.358122208324558,0.053453712886214255,0.055517551640026606,0.027992577272842795,0.0020638387538123395,0.09086718385911648,0.18525850569992977
exploration,move_near,1,18,0.05172946347787131,0.08285522955666517,0.03215782993132184,0.031125766078793856,1.6049742741536743,0.058973678382021194,0.07935777552407018,0.03532609135348954,0.020384097142048977,0.010741668936744879,0.11131744682030369
exploration,move_near,1,19,0.050372448012263676,0.11995246284709189,0.034136022275637806,0.06958001483482822,2.4113282272048147,0.0443610367151571,0.0621893034382382,0.0339435174265084,0.016283280501494458,0.05329673433333376,0.11405495879016787
exploration,move_near,1,20,0.05086218003894791,0.10826074759533781,0.05050138812427807,0.054196972947105876,2.0088986914046014,0.0593326103872153,0.06701431781087057,0.0339658911489349,0.007681707423655264,0.046515265523450616,0.16501820710697265
exploration,move_near,1,21,0.05522662919660017,0.10770209605156815,0.04974483641146571,0.052475466854967984,2.0940233784962676,0.05905654635253257,0.054527319184963174,0.04254052506477716,-0.004529227167569386,0.057004694022537376,0.10385132973069251
exploration,move_near,1,22,0.05124448626712771,0.08864681077606333,0.03679011388482168,0.03740232450893563,1.80044106119709,0.05488937445360111,0.06159745419263039,0.029837682460747136,0.006708079739029281,0.030694244769906343,0.1296956989722986
exploration,move_near,1,23,0.07363335696512995,0.07074187818645217,0.04289116711878555,-0.017923846945090277,0.8011893178821933,0.05871406959134549,0.05889526054663798,0.06457396896504486,-0.01008235124088431,-0.007841495704205967,0.08127706298429871
exploration,move_near,1,24,0.0718400072627701,0.10945175130494074,0.059506600908684114,0.03761174404217066,1.546689632225802,0.05332223578856545,0.07131753714478993,0.038548072864831855,0.017995301356224482,0.019616442685946176,0.09400631909814432
exploration,move_near,1,25,0.031174117035512955,0.06413915389711378,0.021529880970775905,0.03296503686160082,2.033114820910605,0.0301915221075932,0.04980570644527719,0.03306160127972916,0.014431734198467841,0.018533302663132984,0.11885012251406124
exploration,move_near,1,26,0.034390339756254364,0.0541036685300581,0.026280231447560625,0.01971332877380373,1.6077050605111385,0.036332870803090285,0.05236236784065821,0.029012861269350734,0.014732383795609596,0.004980944978194135,0.13503407763932765
exploration,move_near,1,27,0.0390549554607374,0.05375556210970672,0.028800693484326966,0.014700606648969322,1.373822193872386,0.03550292366075206,0.03560292514073697,0.025907527896951884,0.00010000147998490717,0.014600605168984418,0.06852856545801937
exploration,move_near,1,28,0.04050199741769405,0.06962987162618865,0.034273874423924176,0.029127874208494584,1.7389165834848814,0.04024361080305466,0.05437006968261356,0.03196370276507423,0.014126458879558906,0.01500141532893568,0.08637537727470364
exploration,move_near,1,29,0.03300488845250555,0.04884638246973532,0.02636178344950174,0.015300201672383953,1.449086928664837,0.033790937666286096,0.04350049971545796,0.023598347399633887,0.009709562049171859,0.005590639623212095,0.15548102096190064
exploration,move_near,1,30,0.032455560344157655,0.05791117423584899,0.02463445161751206,0.025455613891691337,1.8222807719661478,0.034651918674620585,0.0463853856663243,0.02523976075145341,0.011733466991703719,0.013722146899987617,0.1355081254129876
exploration,move_near,1,31,0.02666997362217466,0.037383086357209744,0.025938552370477375,0.008771729758474131,1.3065920791482633,0.03349738235596936,0.034365456437961094,0.03164241746754167,1.8300086957883054e-05,0.008753429671516249,0.2196371205724669
exploration,move_near,2,0,0.003700845004517842,0.0007722946280061862,0.0018053912107269168,-0.0029285503765116567,0.20861108533373787,0.0041496707025109455,0.0009640752219010623,0.0018728142386715736,-0.003185595480609883,0.0002570451040982264,0.746415003707322
exploration,move_near,2,1,0.004005795468910857,0.006647645207665153,0.004758179922667996,0.001889465284997157,1.3970640244907093,0.003865479628291877,0.008006568503968046,0.005526734721963582,0.002479833782004465,-0.0005903684970073077,0.42162691533061053
exploration,move_near,2,2,0.01621535274978945,0.029870619239504376,0.02016444821176196,0.00970617102774241,1.4714300149496424,0.020717139799021563,0.029667457310466133,0.02194007328608301,0.007030973598574119,0.0026751974291682906,0.06081368499155815
exploration,move_near,2,3,0.013323823556051351,0.024283312587133694,0.01279120188044434,0.01058913209741396,1.8052052291864527,0.015855678209988525,0.02685960406146987,0.014437073816574025,0.009706016270090755,0.000883115827323205,0.032796006368499775
exploration,move_near,2,4,0.022385925306507282,0.03214521211378823,0.02126342221158925,0.009225336450794578,1.402933104986653,0.01878602965113745,0.03667199054362241,0.01930577823942437,0.014864703163863907,-0.0056393667130693265,0.030741137889303143
exploration,move_near,2,5,0.02089609981091928,0.029783067492904842,0.017809673934534042,0.00888696768198556,1.4273733050154034,0.02231582643924898,0.0341629329642863,0.021023211400453694,0.011006144300083787,-0.002119176618098227,0.05619750260507317
exploration,move_near,2,6,0.021290031461803038,0.051733417862525645,0.019048328677139282,0.030443386400722614,2.4511444265908024,0.07561494134664537,0.03188840423286061,0.01847984194903816,-0.04372653711378477,0.07416992351450738,0.07130762358586178
exploration,move_near,2,7,0.03816743001104179,0.061067330620243686,0.029607016094857094,0.022899900609201898,1.603709223543864,0.037025997868869225,0.03843219020160705,0.028771004480152795,0.001406192332737817,0.021493708276464078,0.09194449108285123
exploration,move_near,2,8,0.030483807432619973,0.05794958187321133,0.02650531723359185,0.02746577444059135,1.8673573843481253,0.029658544430965994,0.03784310338442609,0.02316140167997803,0.008184558953460099,0.01928121548713125,0.1299761863534362
exploration,move_near,2,9,0.050863639215042285,0.08700412869715769,0.03814074781801204,0.03614048948211541,1.7146376436973283,0.033598483196482565,0.05216422952178723,0.033831571091446244,0.013295099172291332,0.022845390309824076,0.11302071970688606
exploration,move_near,2,10,0.04471693893719451,0.09912756606018931,0.030619491290352092,0.054410627122994805,2.293928681940514,0.05213127953653609,0.06347979775867627,0.026121424376612617,0.011348518222140174,0.043062108900854636,0.16618340512013674
exploration,move_near,2,11,0.05029496332934726,0.10037079145408545,0.030103033510782803,0.05007582812473821,2.0047040394484266,0.05307079736689952,0.09954710926721848,0.024680715961821077,0.04647631190031896,0.0035995162244192463,0.19573103297943817
exploration,move_near,2,12,0.0422875844770881,0.06812617799665914,0.022814783911016916,0.025838593519571035,1.7003464285756296,0.03893610364878583,0.08532601657907372,0.02415702309428684,0.0463899129302879,-0.020551319410716865,0.26386999543865386
exploration,move_near,2,13,0.05401673135291287,0.07087036471784962,0.025902921285707935,0.016853633364936737,1.3243939262395363,0.043850004367600635,0.05912908439117961,0.027030661968150866,0.015279080023578967,0.0015745533413577702,0.1659435304146276
exploration,move_near,2,14,0.036344033654688045,0.11004837204760332,0.028490821640396957,0.07370433839291528,2.9500780771917228,0.04362973501399974,0.06514067777325032,0.025869369337126885,0.021510942759250595,0.05219339563366468,0.3554893076055426
exploration,move_near,2,15,0.03496918969654225,0.06325616943334668,0.034348041848660756,0.028286979736804423,1.8547049188168383,0.036618078694588496,0.052566577404427474,0.0358091491045639,0.010922208539093972,0.017364771197710453,0.24699669794305615
exploration,move_near,2,16,0.033101398895501094,0.07799273765483644,0.029131838889183876,0.044141664971528084,2.29466645514179,0.04013418353036536,0.055737682707267956,0.03150228421373354,0.014781505664811158,0.029360159306716937,0.16475829817767362
exploration,move_near,2,17,0.04503901598777926,0.08577419353528927,0.027383412653969003,0.040735177547510014,1.890289813243534,0.056609251342886004,0.06371796040084891,0.026951615364301244,0.007108709057962913,0.0336264684895471,0.1934962307960859
exploration,move_near,2,18,0.0438328044115043,0.07478509996754817,0.03915416932345376,0.030952295556043886,1.7305294295023783,0.06278369320182524,0.05978963772031191,0.03575954712380061,-0.0029940554815133316,0.03394635103755722,0.11092747906433449
exploration,move_near,2,19,0.03957328993108437,0.082632696569124,0.03722039338116411,0.03871012572591137,1.9101297800392718,0.05576771849213974,0.053940407015207935,0.045420352894401904,-0.003665727026627994,0.04237585275253936,0.1092080028302765
exploration,move_near,2,20,0.04686954034122845,0.09076774323940719,0.037052310247631004,0.04364441552564537,1.9360133258614314,0.04673675009405968,0.061833636887532815,0.04204719189202904,0.014013114485672431,0.02963130103997294,0.15546047347630557
exploration,move_near,2,21,0.0380210789054383,0.08915721085883276,0.03432162028311737,0.04780214396123616,2.0737468560040853,0.05608746501291006,0.05300681862989375,0.03096238120092305,-0.0030806463830163034,0.050882790344252464,0.12505369872476516
exploration,move_near,2,22,0.06009734408789746,0.08622263763939626,0.034309246029414445,0.026125293551498813,1.426245430056358,0.06030470745919315,0.055933509732098464,0.04450831650214815,-0.009996533900056294,0.03612182745155511,0.12591149768774793
exploration,move_near,2,23,0.056206879526259225,0.04381658330593282,0.03575202624593956,-0.0123902962203264,0.7807788667703223,0.06062909939772838,0.04423832853123419,0.06623421322112817,-0.032637798470382846,0.020247502250056445,0.10342371378878568
exploration,move_near,2,24,0.067110537177957,0.07304683742033319,0.032906222988272345,0.005936300242376201,1.0829420042140672,0.0669177697333676,0.05675016644361163,0.039345205710923564,-0.010167603289755972,0.01610390353213217,0.11160522782699545
exploration,move_near,2,25,0.03186628972010883,0.06519854896226028,0.029069029040740407,0.032295751752941686,2.1085779380373624,0.046026061502217414,0.06031273505625798,0.026485689818565222,0.014286673554040561,0.018009078198901126,0.1206281634412889
exploration,move_near,2,26,0.04878990033317165,0.0710625537091356,0.03036698861031838,0.022272653375963947,1.5231982365806316,0.055226920753014906,0.04824821950079139,0.03691035739364412,-0.0069787012522235055,0.029251354628187454,0.14546168905851906
exploration,move_near,2,27,0.032362975621860114,0.04602999808253419,0.027436588556244628,0.01344150319901126,1.534759576263787,0.04400026376683592,0.047655619577214564,0.025773579960992072,0.003655355810378643,0.009786147388632616,0.08491653871335103
exploration,move_near,2,28,0.03739271618287385,0.06033555928906137,0.03358317927224722,0.022148710339360205,1.6600177714620126,0.04656565635193507,0.06784845006264789,0.03322766330338331,0.021282793710712827,0.0008659166286473785,0.10487922193280379
exploration,move_near,2,29,0.0351425222196655,0.05072893759981162,0.02918247390622182,0.014141787812749218,1.432543846099571,0.03740164655801534,0.05435546516951495,0.0326638110517039,0.016572875083550768,-0.002431087270801551,0.1933136832487179
exploration,move_near,2,30,0.027721480390299452,0.045554580131661436,0.024587400879335673,0.017328131059577756,1.624037265471209,0.03183047277258763,0.048141800547380355,0.029160050594150222,0.015803642907418047,0.001524488152159707,0.17400802200032217
exploration,move_near,2,31,0.029814551551662755,0.04807675322399344,0.03190833241706291,0.012499652464658421,1.3577644231459753,0.025343946683465787,0.038893838337036364,0.026749954288803085,0.010675286937565065,0.0018243655270933565,0.2266848181864134
exploration,move_near,31,0,0.0048156233921141725,0.0014035684581308148,0.002092897630184601,-0.0034120549339833584,0.2938131175929722,0.005711657326228802,0.0014032999504760906,0.0019880947689664514,-0.00430835737575271,0.0008963024417693524,0.7469197689400365
exploration,move_near,31,1,0.005329462668876962,0.008484030768760536,0.0061548163838095775,0.00232921438495096,1.3890316147053048,0.004571423456181624,0.009341989581309414,0.006150273233873393,0.0031917163474360203,-0.0008625019624850608,0.4171348629752174
exploration,move_near,31,2,0.023294772287134908,0.0295764301949774,0.018172353092479845,0.006281657907842491,1.272926333906266,0.025139035991289346,0.029373345272692346,0.018265690381211817,0.004232583973778475,0.0020490739340640156,0.04968964308091017
exploration,move_near,31,3,0.02407930006180492,0.027336168216895367,0.018375380792002693,0.003197251711542505,1.165428635703069,0.019057265191014545,0.019637776422388183,0.014128881692407938,0.0005805112313736396,0.0026167404801688654,0.024458274637453314
exploration,move_near,31,4,0.025055114514794332,0.03173918935214203,0.023073596607922006,0.005691894688823477,1.2324075718416305,0.023174250001726775,0.029165422570654787,0.02458784152024883,0.0028423328654061755,0.0028495618234173014,0.03674851080209388
exploration,move_near,31,5,0.026712155663851822,0.03591041555605169,0.027134465908026845,0.007056925487652926,1.2543294342590907,0.027959118856631705,0.029952756335502803,0.02071547196440341,0.001993637478871093,0.005063288008781833,0.04883068899323462
exploration,move_near,31,6,0.025728236407904507,0.05317169395017493,0.026297314034135367,0.02668805683257694,2.023180004206924,0.06277842104956587,0.04427251816376768,0.02492129465980733,-0.020388078493374377,0.04707613532595131,0.05052096919659258
exploration,move_near,31,7,0.04562396661280197,0.08650534274628831,0.043268915158344724,0.03942067506513399,1.8454483043477274,0.028954856439048254,0.0438047143948275,0.027061074750405204,0.012399205452708078,0.02702146961242592,0.06991617102892178
exploration,move_near,31,8,0.03625357231587253,0.05541331352777946,0.027843774656141188,0.019159741211906937,1.5949683959760723,0.045694914196563206,0.03915537273808898,0.03292031223201066,-0.006539541458474223,0.02569928267038116,0.1306150402097046
exploration,move_near,31,9,0.04490832782083177,0.09485606959451286,0.05002756366665099,0.04204328740727769,1.796780624647696,0.037547046838270516,0.07757945769840506,0.030120717292346666,0.04003241086013454,0.002010876547143147,0.10266618952797064
exploration,move_near,31,10,0.060411403887810404,0.11180286306035365,0.05002968706814628,0.05107024900481518,1.852179815149932,0.04323866131190229,0.08897984961006555,0.03175209916298171,0.04382486767886284,0.007245381325952339,0.14293042445766937
exploration,move_near,31,11,0.07047786089129564,0.1862527071069625,0.0341405005097497,0.11577484621566687,2.696320112973902,0.07043940881311067,0.1248695679712954,0.03986770748476368,0.054430159158184756,0.06134468705748211,0.20217611373057784
exploration,move_near,31,12,0.035116341605958806,0.09312754042594062,0.02803556732433092,0.05801119881998181,2.634835063935989,0.04345550976861451,0.08728843172763384,0.02745804812764839,0.043832921959019326,0.014178276860962478,0.2533856222610969
exploration,move_near,31,13,0.03995430358855267,0.10678175924993037,0.0367665316421498,0.06480016839515321,2.5484580927231524,0.0486101287126963,0.06238485116970164,0.028995256411177645,0.013774722457005346,0.05102544593814786,0.1550808453320466
exploration,move_near,31,14,0.04954420843119802,0.12407051280420552,0.04975165826917599,0.07176094409273766,2.2634612300949106,0.05777708216204571,0.10140544776931754,0.033580275282021836,0.04362836560727184,0.028132578485465826,0.3543987450332982
exploration,move_near,31,15,0.037749130066585486,0.08138303972256107,0.03278688323480384,0.04309814024448727,2.118301766129969,0.04202871920356391,0.0714768470382358,0.034134136863001124,0.029389390332613924,0.013708749911873354,0.27674382261110014
exploration,move_near,31,16,0.03639962552035841,0.09104915139045365,0.031826513618833034,0.054542866140555785,2.486804319481209,0.03755217759590677,0.06026036336453259,0.03334738073362332,0.022708185768625818,0.03183468037192996,0.1279541282647377
exploration,move_near,31,17,0.03738863325426534,0.09256485934462445,0.028396640195120445,0.05516237592505827,2.4808371096456767,0.05425558298501157,0.06873818828824403,0.03771019969669037,0.01448260530323247,0.04067977062182581,0.2146382477797412
exploration,move_near,31,18,0.06140138719252473,0.08161653707484401,0.04317306000970786,0.02021514988231928,1.3462158131114084,0.05649472464783539,0.05871180597071646,0.03812438139365487,0.002217081322881058,0.01799806855943822,0.09466613533487589
exploration,move_near,31,19,0.045768452075913436,0.05948882478404038,0.04310363226606379,0.011861595046353196,1.245582888760716,0.05454437412932176,0.05688354416070982,0.057345739543563236,-0.004216316857891357,0.016077911904244555,0.08661570094939464
exploration,move_near,31,20,0.06490526330957186,0.08983317563201852,0.04267082653654216,0.02492791232244666,1.3884364701355025,0.05090473254969366,0.0609991482695863,0.043643518619977895,0.010076674016562488,0.01485123830588417,0.14709800764446376
exploration,move_near,31,21,0.055496332567014535,0.10197580599348272,0.03691637629615,0.04647947342646819,1.845101127342206,0.05309532535474499,0.07946332932582276,0.03843773118156925,0.021777964240991283,0.024701509185476908,0.14437257593207656
exploration,move_near,31,22,0.053119880699666146,0.07769414646026507,0.04744534566064345,0.02457426576059893,1.5707594236030176,0.04083380799182001,0.05711249694249798,0.04250009298477816,0.01160376960314341,0.012970496157455517,0.09209366902496423
exploration,move_near,31,23,0.054766416618828896,0.05977883022195655,0.08775439910459511,-0.037724503130398414,0.6255212638200841,0.06437216385709653,0.07053429558316517,0.07274062637061296,-0.010679651571300667,-0.02704485155909775,0.08191813675473252
exploration,move_near,31,24,0.048106264358459216,0.10934118861067753,0.05314836097385243,0.05619282763682509,2.102006079335091,0.06100555713822592,0.06719309111020755,0.0556305427162862,0.0014284845474206258,0.05476434308940447,0.08970507040030995
exploration,move_near,31,25,0.036901964200211766,0.05997791966127174,0.035036737620587476,0.021263064411524955,1.5634943410406805,0.03915514222321864,0.056346446161976114,0.031972247539065225,0.01580532574719753,0.005457738664327426,0.12995217373449464
exploration,move_near,31,26,0.04548688748435026,0.07217909558829372,0.04068066151607705,0.026614150031658266,1.6602823625325296,0.04734093460889416,0.05040407013544392,0.038377806622989306,0.0030631355265497567,0.023551014505108506,0.14594581335222756
exploration,move_near,31,27,0.03913868778494007,0.05352456161127538,0.03323083758803624,0.014385873826335311,1.4283346598783577,0.03927497569116321,0.06533454566530907,0.03235432970019081,0.02383263244254313,-0.009446758616207819,0.08517274274953361
exploration,move_near,31,28,0.03764229567286049,0.05324850012924043,0.04457327774322769,0.0075830830725502965,1.1822411085171216,0.04489795369823361,0.07108493844180158,0.033991197436734115,0.02459823944576528,-0.01701515637321498,0.11077766916080378
exploration,move_near,31,29,0.044318607305974,0.06893220492975562,0.039859805377361834,0.020911614818546687,1.4381544408117188,0.04337527140346103,0.05656071548437786,0.03269778087652366,0.012997704657005246,0.007913910161541441,0.16904984141047427
exploration,move_near,31,30,0.03007525358193511,0.05298157666099232,0.03492000073926918,0.0176384125940853,1.535095088057492,0.042387098278471584,0.06646783818019912,0.028715869928546817,0.024080739901727533,-0.006442327307642235,0.14161606574418784
exploration,move_near,31,31,0.03559469552985101,0.04617478166635164,0.03202670615410091,0.009965495804423278,1.2795832851957225,0.03836480611855784,0.05866710648799653,0.03195300225657496,0.02030230036943868,-0.010336804565015402,0.2583747158798057
exploration,move_near,73,0,0.0043253920690984665,0.0008168674825642664,0.0019400283853494235,-0.0035085245865342004,0.18989340601959784,0.004042218047321282,0.0009243760896068725,0.001972460077721976,-0.0031178419577144087,-0.0003906826288197912,0.7372513622006712
exploration,move_near,73,1,0.00417480784046456,0.0073067828577488185,0.006743337974091729,0.0005634448836570917,1.0840284630152064,0.0035770972900866205,0.009638453746766737,0.009530287998183827,0.00010816574858290781,0.0004552791350741839,0.36455336347959627
exploration,move_near,73,2,0.02264500464806683,0.03159748983010939,0.01658346278032052,0.008952485182042561,1.400971335186651,0.02888702978416172,0.033162163233847845,0.023064031874902302,0.0042751334496861195,0.004677351732356442,0.03990848031423866
exploration,move_near,73,3,0.012329953861548011,0.021866017559710734,0.015030352942008428,0.006835664617702305,1.4454095068059394,0.015514799174176003,0.02770809597971873,0.014531401498315584,0.010632896145511236,-0.00379723152780893,0.03784182381241408
exploration,move_near,73,4,0.02095860428750267,0.038089432534527144,0.021428216497780383,0.015954763355113134,1.726278815642191,0.02075573561294657,0.03674714784752965,0.022241588283860237,0.014403411722738445,0.0015513516323746891,0.04177815133641616
exploration,move_near,73,5,0.019857564613391124,0.03009920373123756,0.0188028918025871,0.008735171305715845,1.4164775091031494,0.02171695828022729,0.03628083225289095,0.021017007284723374,0.013312530755591323,-0.00457735944987548,0.06155351601686713
exploration,move_near,73,6,0.03109568821110358,0.047594632165817045,0.02283721911761886,0.016498943954713463,1.5234834328918707,0.04569863694575393,0.03401344908306866,0.020767429171045054,-0.011685187862685275,0.028184131817398737,0.06967923187221459
exploration,move_near,73,7,0.04586422505104617,0.07251068942160256,0.03431008633108213,0.0266464643705564,1.6481377491940856,0.0351022490287304,0.04288551856757838,0.02845331402472585,0.006996606520292299,0.0196498578502641,0.08722840803924707
exploration,move_near,73,8,0.027359061046235866,0.053328598610946736,0.024956285410659765,0.025969537564710862,1.9521897906985044,0.03454775213710281,0.03565008140903519,0.02734879484670388,0.001102329271932374,0.024867208292778487,0.1463761232169721
exploration,move_near,73,9,0.04804163731701442,0.08207171774763539,0.030704170882250414,0.03403008043062097,1.7747962591513158,0.03603896990264125,0.06901721287296546,0.027887463318078603,0.03297824297032421,0.0010518374602967613,0.12003714488355399
exploration,move_near,73,10,0.05433954936273197,0.10096209236026216,0.036963063272917276,0.04662254299753019,1.8966417503279434,0.04977659958167981,0.0582231794967642,0.026012581231446247,0.008446579915084388,0.0381759630824458,0.14715803605728675
exploration,move_near,73,11,0.05822146818927291,0.17061116252079775,0.027849494765511965,0.11238969433152483,3.0269994651388257,0.07324376984564757,0.09303339452547747,0.0275545175019891,0.019789624679829892,0.09260006965169493,0.22388397851652067
exploration,move_near,73,12,0.04361620893975119,0.08616555834598459,0.026209869153140188,0.04254934940623339,1.9996613844416433,0.0555450355308247,0.06597463543349577,0.022473491820165097,0.010429599902671062,0.03211974950356233,0.22103823176674572
exploration,move_near,73,13,0.039702531367920964,0.09339860543476523,0.024475920802930873,0.053696074066844256,2.3205551531329194,0.044826623592413774,0.059016855538316405,0.02955551288213514,0.014190231945902632,0.039505842120941624,0.172428332524305
exploration,move_near,73,14,0.034767600640086216,0.1479686311075997,0.026397083365699292,0.11291396469602803,4.247282051513036,0.05506466961931966,0.09710496262562628,0.03488473388950938,0.04204029300630661,0.0708736716897214,0.34430062101925313
exploration,move_near,73,15,0.0361512032112876,0.07190801145639879,0.03296502281779532,0.03546482017928889,2.1003211806866573,0.052196761379146195,0.06933358344990845,0.035150943056485064,0.017136822070762257,0.018327998108526634,0.2228131667574189
exploration,move_near,73,16,0.027987977756773825,0.08334036665022942,0.023503286319878493,0.05437209786753893,2.898443986328806,0.04706574332522909,0.07651947202484642,0.03424291909448344,0.02945372869961732,0.024918369167921603,0.15416599065021805
exploration,move_near,73,17,0.040874488163704446,0.11981675577252937,0.027988814082121255,0.07894226760882493,3.1991884517378355,0.051409267296426926,0.0820407898350138,0.03881985333056658,0.030631522538586874,0.04831074507023805,0.1898582329747569
exploration,move_near,73,18,0.05242097043938455,0.08783691163182787,0.035005699799828253,0.03541594119244332,1.6819330808188246,0.05683347873896879,0.0670995666866659,0.033122626755516846,0.010266087947697124,0.025149853244746195,0.09282965050404357
exploration,move_near,73,19,0.055882093432255975,0.08449985838557257,0.030939626740632817,0.028617764953316593,1.4602663873365673,0.062198597774756594,0.07238744395448009,0.05513408908156368,0.003995095877128996,0.024622669076187594,0.09933382736751639
exploration,move_near,73,20,0.05575013157889683,0.09932733031482337,0.04207372895233186,0.04223712478066269,1.7511482409287868,0.05375214962992253,0.06978578857380248,0.050255780687447654,0.01583659197981952,0.026400532800843163,0.12990819000111742
exploration,move_near,73,21,0.04904298667634164,0.10578129036410006,0.04610521117787128,0.05170670034491931,1.9793186572373227,0.062131353057716644,0.08076287617730687,0.042769939102173256,0.016272689576157323,0.035434010768761987,0.09217487696227049
exploration,move_near,73,22,0.04639589316952445,0.07452258797687716,0.04234080685323575,0.02634063043550716,1.5303541999803176,0.04513858781617239,0.06064310459932881,0.037475882514207824,0.01274085360204408,0.013599776833463077,0.11954767262080424
exploration,move_near,73,23,0.042322127884770695,0.0520381518065895,0.09259183714749637,-0.040553685340906885,0.6095832874078803,0.07452003855042008,0.04989556581131934,0.06172897045294743,-0.027140024680961466,-0.013413660659945413,0.07862335976710237
exploration,move_near,73,24,0.05457746570004637,0.07350318817002915,0.03605272565127904,0.018925722469982788,1.3672051712883457,0.05886131335065851,0.07066681112926618,0.0543727305915783,0.006224708930894271,0.012701013539088516,0.0856406488151104
exploration,move_near,73,25,0.04219671385759699,0.05587905029065574,0.03283103668246667,0.010825246915763705,1.2562463031600608,0.04257962523172993,0.049729535226759304,0.02815643358831331,0.007149909995029367,0.0036753369207343373,0.09033149591156213
exploration,move_near,73,26,0.045089726401021074,0.0696893615944319,0.027309342901551042,0.024599635193410824,1.5531095861023705,0.04110610181670962,0.037154124820822414,0.03738671428889162,-0.008103321133700887,0.03270295632711171,0.1317765323881067
exploration,move_near,73,27,0.035579542722319994,0.04949439470662992,0.026531780508316557,0.013914851984309926,1.562027003348191,0.03943494665986671,0.04429579426459648,0.026106873240820172,0.004860847604729779,0.009054004379580148,0.09478270450903754
exploration,move_near,73,28,0.03961824266863709,0.052972438333854066,0.029362338018514858,0.011563483977755999,1.3728082148244123,0.03789863677046823,0.03963167268799014,0.03203060304650034,0.001733035917521902,0.009830448060234096,0.09490742695560488
exploration,move_near,73,29,0.03655551540017949,0.050856476066269994,0.023009584867718157,0.014300960666090504,1.3760803739716803,0.035922575242609604,0.06278889013301947,0.027644342419066437,0.026866314890409873,-0.01256535422431937,0.16312517199959586
exploration,move_near,73,30,0.032911770725882576,0.05199591511330695,0.023831331498976527,0.019084144387424375,1.5848489941975064,0.03686764489387092,0.04365301885915424,0.03062925986911884,0.006785373965283323,0.012298770422141054,0.13802124784382386
exploration,move_near,73,31,0.03033376426531355,0.04261890831058596,0.031148899199843556,0.007333110906807861,1.2701294448202292,0.03749909258522866,0.042085708803023404,0.037955653900805165,-0.0013088713637555104,0.008641982270563371,0.2330574584872617
exploration,move_near,95,0,0.0043253920690984665,0.0008168674825642664,0.0019400283853494235,-0.0035085245865342004,0.18989340601959784,0.004475890010724637,0.000915855949252687,0.001860215641823669,-0.0035600340614719505,5.150947493774994e-05,0.7372513622006712
exploration,move_near,95,1,0.00417480784046456,0.0073067828577488185,0.006743337974091729,0.0005634448836570917,1.0840284630152064,0.0036155287184994485,0.007013309666980418,0.007447065561179539,-0.0004337558941991202,0.000997200777856212,0.36455336347959627
exploration,move_near,95,2,0.02264500464806683,0.03159748983010939,0.01658346278032052,0.008952485182042561,1.400971335186651,0.023310325712753415,0.030269815884000597,0.020665639743336076,0.0068985876642507216,0.0020538975177918396,0.03990848031423866
exploration,move_near,95,3,0.012329953861548011,0.021866017559710734,0.015030352942008428,0.006835664617702305,1.4454095068059394,0.013007459984106644,0.022440805841343985,0.01502093736258551,0.006822729276570911,1.293534113139492e-05,0.03784182381241408
exploration,move_near,95,4,0.02095860428750267,0.038089432534527144,0.021428216497780383,0.015954763355113134,1.726278815642191,0.02039623527430069,0.0337142763091384,0.022951856652599575,0.010441784423839423,0.0055129789312737135,0.04177815133641616
exploration,move_near,95,5,0.019857564613391124,0.03009920373123756,0.0188028918025871,0.008735171305715845,1.4164775091031494,0.018633356656685224,0.028203522921135055,0.021890848058902113,0.006184923854539322,0.002550247451176523,0.06155351601686713
exploration,move_near,95,6,0.03109568821110358,0.047594632165817045,0.02283721911761886,0.016498943954713463,1.5234834328918707,0.0340080535513223,0.044970930669054644,0.020053789057185935,0.01096287711773236,0.005536066836981105,0.06967923187221459
exploration,move_near,95,7,0.04586422505104617,0.07251068942160256,0.03431008633108213,0.0266464643705564,1.6481377491940856,0.029978826777341205,0.04754711561816762,0.027002948576133955,0.015091188120712773,0.011555276249843626,0.08722840803924707
exploration,move_near,95,8,0.027359061046235866,0.053328598610946736,0.024956285410659765,0.025969537564710862,1.9521897906985044,0.032660896986649236,0.04048572706134246,0.032564097284189915,0.0035319285245598957,0.022437609040150963,0.1463761232169721
exploration,move_near,95,9,0.04804163731701442,0.08207171774763539,0.030704170882250414,0.03403008043062097,1.7747962591513158,0.04883697306742709,0.058436191915542446,0.03315298216593471,0.009599218848115362,0.024430861582505608,0.12003714488355399
exploration,move_near,95,10,0.05433954936273197,0.10096209236026216,0.036963063272917276,0.04662254299753019,1.8966417503279434,0.03994646532711069,0.05926211448756371,0.03162952107801672,0.019315649160453013,0.027306893837077174,0.14715803605728675
exploration,move_near,95,11,0.05822146818927291,0.17061116252079775,0.027849494765511965,0.11238969433152483,3.0269994651388257,0.06417265579045794,0.09006649426943747,0.02842470909548045,0.025893838478979542,0.08649585585254527,0.22388397851652067
exploration,move_near,95,12,0.04361620893975119,0.08616555834598459,0.026209869153140188,0.04254934940623339,1.9996613844416433,0.054670976131755956,0.06846187213981342,0.023559041520497922,0.01379089600805746,0.028758453398175926,0.22103823176674572
exploration,move_near,95,13,0.039702531367920964,0.09339860543476523,0.024475920802930873,0.053696074066844256,2.3205551531329194,0.046703318824562905,0.06496322646094278,0.025981979697531174,0.018259907636379892,0.03543616643046436,0.172428332524305
exploration,move_near,95,14,0.034767600640086216,0.1479686311075997,0.026397083365699292,0.11291396469602803,4.247282051513036,0.04906961062305632,0.061916289054197216,0.0306556647344909,0.012846678431140896,0.10006728626488713,0.34430062101925313
exploration,move_near,95,15,0.0361512032112876,0.07190801145639879,0.03296502281779532,0.03546482017928889,2.1003211806866573,0.03689371147452216,0.04381703788516939,0.032204067953946876,0.006362838427831963,0.029101981751456923,0.2228131667574189
exploration,move_near,95,16,0.027987977756773825,0.08334036665022942,0.023503286319878493,0.05437209786753893,2.898443986328806,0.0327136392371424,0.04700176798716766,0.03229825409919954,0.011596807332945514,0.04277529053459341,0.15416599065021805
exploration,move_near,95,17,0.040874488163704446,0.11981675577252937,0.027988814082121255,0.07894226760882493,3.1991884517378355,0.039108691610143305,0.046311536731536894,0.029388757161848675,0.007202845121393585,0.07173942248743133,0.1898582329747569
exploration,move_near,95,18,0.05242097043938455,0.08783691163182787,0.035005699799828253,0.03541594119244332,1.6819330808188246,0.04277011829032105,0.05523677923769488,0.04560235634208817,0.004226732569833994,0.03118920862260932,0.09282965050404357
exploration,move_near,95,19,0.055882093432255975,0.08449985838557257,0.030939626740632817,0.028617764953316593,1.4602663873365673,0.04444802860516531,0.06524384318930787,0.042873748780292854,0.016624673617432317,0.011993091335884271,0.09933382736751639
exploration,move_near,95,20,0.05575013157889683,0.09932733031482337,0.04207372895233186,0.04223712478066269,1.7511482409287868,0.05741907413621783,0.045120226458150135,0.04340329797265518,-0.012298847678067696,0.05453597245873038,0.12990819000111742
exploration,move_near,95,21,0.04904298667634164,0.10578129036410006,0.04610521117787128,0.05170670034491931,1.9793186572373227,0.04169904539076116,0.05887996141763333,0.053407599934269245,0.0047566363152565724,0.04695006402966274,0.09217487696227049
exploration,move_near,95,22,0.04639589316952445,0.07452258797687716,0.04234080685323575,0.02634063043550716,1.5303541999803176,0.05065753520328017,0.046517592446618315,0.03735584503242955,-0.004139942756661859,0.030480573192169014,0.11954767262080424
exploration,move_near,95,23,0.042322127884770695,0.0520381518065895,0.09259183714749637,-0.040553685340906885,0.6095832874078803,0.044656446980785865,0.03761487108552742,0.05775896339127675,-0.02871641457454036,-0.011837270766366523,0.07862335976710237
exploration,move_near,95,24,0.05457746570004637,0.07350318817002915,0.03605272565127904,0.018925722469982788,1.3672051712883457,0.05191693921056136,0.05431712369504538,0.03829482184464022,0.00030533352599176655,0.018620388943991022,0.0856406488151104
exploration,move_near,95,25,0.04219671385759699,0.05587905029065574,0.03283103668246667,0.010825246915763705,1.2562463031600608,0.04236035280631758,0.041164343230910456,0.02771372483926943,-0.0011960095754071237,0.012021256491170827,0.09033149591156213
exploration,move_near,95,26,0.045089726401021074,0.0696893615944319,0.027309342901551042,0.024599635193410824,1.5531095861023705,0.0370231499489112,0.03981546472999028,0.04184739055815151,-0.006890499470863503,0.031490134664274326,0.1317765323881067
exploration,move_near,95,27,0.035579542722319994,0.04949439470662992,0.026531780508316557,0.013914851984309926,1.562027003348191,0.03323924646879584,0.03599836118911243,0.027302748595987785,0.0027591147203165794,0.011155737263993347,0.09478270450903754
exploration,move_near,95,28,0.03961824266863709,0.052972438333854066,0.029362338018514858,0.011563483977755999,1.3728082148244123,0.03509069422673483,0.042979644065744116,0.03198473757768724,0.006686978212321813,0.004876505765434185,0.09490742695560488
exploration,move_near,95,29,0.03655551540017949,0.050856476066269994,0.023009584867718157,0.014300960666090504,1.3760803739716803,0.03235186798988762,0.04266389918362514,0.028302833286541092,0.008101741528727018,0.006199219137363485,0.16312517199959586
exploration,move_near,95,30,0.032911770725882576,0.05199591511330695,0.023831331498976527,0.019084144387424375,1.5848489941975064,0.03232987043158497,0.038716343032461416,0.019438803159906155,0.006386472600876435,0.01269767178654794,0.13802124784382386
exploration,move_near,95,31,0.03033376426531355,0.04261890831058596,0.031148899199843556,0.007333110906807861,1.2701294448202292,0.03200717813073459,0.03282863332451121,0.02831008466141209,0.0006566963338878393,0.006676414572920022,0.2330574584872617
exploration,move_near,98,0,0.004155547536933053,0.0006839235727116363,0.0020718548876326828,-0.003471623964221416,0.16528270224048594,0.004256571241675971,0.000611492470773556,0.0018332194163516566,-0.0036450787709024148,0.00017345480668099901,0.7346572684085307
exploration,move_near,98,1,0.004861528287349222,0.0028288073677048453,0.0061330517837825,-0.003304244416077655,0.4615503648334125,0.003821333258472517,0.0027246854899649585,0.006529527788926408,-0.003804842298961449,0.0005005978828837939,0.39110197136566666
exploration,move_near,98,2,0.024020445995593873,0.018214683946892855,0.01718577697698163,-0.005805762048701018,0.753778517893627,0.025946816416907704,0.017633689264754407,0.019866841121298842,-0.008404509187134085,0.0025987471384330677,0.04585140583653432
exploration,move_near,98,3,0.013048360528570502,0.027281024432307743,0.01358330499650475,0.012807421326975071,1.8227620639891633,0.014074394926949755,0.029228376580637178,0.018059041268174057,0.011169335312463119,0.001638086014511951,0.036149169485677625
exploration,move_near,98,4,0.02153948834213015,0.021451969225714875,0.020610445902205482,-0.002756606451685356,0.8823987933448089,0.022486632290658993,0.02122188648240918,0.017274816588431982,-0.0012647458082498154,-0.001491860643435541,0.0322584948201173
exploration,move_near,98,5,0.0213654400259632,0.033165874606401025,0.028991587297298668,0.0041742873091023605,1.1583553644574562,0.02555389727098055,0.03434830435395533,0.03195600255069548,0.0023923018032598574,0.0017819855058425031,0.04329895542701934
exploration,move_near,98,6,0.0436228887171227,0.030872569528638098,0.02800987671590764,-0.012750319188484608,0.7074027694133523,0.034452911783881955,0.03429556876129312,0.023960620678645864,-0.0001573430225888378,-0.01259297616589577,0.042989098993719686
exploration,move_near,98,7,0.03560022713179765,0.06276028006277143,0.0275965317178808,0.027160052930973788,1.7588139610777895,0.04209306447207869,0.06824981754111932,0.03333733881487464,0.02615675306904064,0.0010032998619331514,0.08675118074307875
exploration,move_near,98,8,0.03667294493292182,0.060519084442027395,0.02697584509878742,0.02384613950910557,1.6574959781339338,0.03288385157344135,0.05900134820192802,0.028629917718834785,0.023191964774028673,0.0006541747350768933,0.11910576951292266
exploration,move_near,98,9,0.04157417356981194,0.056043085218868506,0.04015859682798789,0.01080350140244693,1.2431946335437427,0.04500378392662974,0.06489916965078381,0.026725005822150566,0.019895385724154082,-0.00909188432170715,0.10562383933590051
exploration,move_near,98,10,0.05366279166216718,0.06673364840886306,0.032157206913202056,0.013070856746695883,1.2420160186991245,0.04846486231143186,0.08455595186467967,0.03861918046426211,0.03382633647806086,-0.020755479731364976,0.15530421659157886
exploration,move_near,98,11,0.052456506093279676,0.10547547264553007,0.024358359218329892,0.05301896655225038,2.053033872284173,0.05874395378243613,0.10353793343798134,0.02558790977527552,0.04479397965554521,0.008224986896705165,0.2299946536219674
exploration,move_near,98,12,0.04265657599927545,0.0917613390750302,0.022358326158585934,0.04910476307575476,2.1494010884130854,0.04420982937017307,0.08416005063407168,0.02015520385433679,0.039950221263898605,0.009154541811856154,0.2207836946418714
exploration,move_near,98,13,0.0407710322576239,0.09757420575326721,0.026374838384366314,0.056803173495643317,2.4085779799032996,0.04263602778903871,0.06586215694938653,0.02602583519073127,0.02322612916034783,0.033577044335295486,0.1878232395752093
exploration,move_near,98,14,0.040728315730647426,0.17033718397183206,0.031819921279319686,0.12750814464342064,3.938528890210831,0.049834480131327165,0.09496110331576095,0.03225550125593615,0.04512662318443377,0.08238152145898688,0.32451661274171784
exploration,move_near,98,15,0.04044147129552867,0.09611807770368043,0.04363165415937132,0.05114038713043018,2.1553563862519254,0.038503790708081624,0.05754357783262304,0.028305727808730034,0.01903978712454142,0.03210060000588877,0.23550489873453748
exploration,move_near,98,16,0.03747426000176141,0.1082314856874278,0.025609250972591563,0.07075722568566639,3.0826305466664077,0.03790752071802908,0.06452448831322076,0.026888015929559028,0.026616967595191676,0.044140258090474706,0.15745081468130215
exploration,move_near,98,17,0.05013934312951344,0.1209382366329924,0.03150125633705359,0.07079889350347895,2.353059463909555,0.06660765619698555,0.0630838858025514,0.02612998956672402,-0.0035237703944341384,0.0743226638979131,0.21330465446590097
exploration,move_near,98,18,0.07191790285534176,0.08795044349671076,0.04022339857833049,0.016032540641368987,1.2114980826628408,0.04979912313030626,0.058285463368176915,0.03230796014765667,0.008486340237870661,0.007546200403498328,0.09505104278566516
exploration,move_near,98,19,0.05441254939890905,0.09053148804926697,0.042715569578053426,0.03508077245658602,1.6291571506963305,0.04197301593241961,0.06534530330640616,0.03836594800002858,0.02067761546509331,0.014403156991492708,0.09762354356183305
exploration,move_near,98,20,0.04781068684213676,0.09195784870646821,0.037723593179507346,0.0407363297753108,1.805552457305077,0.0482525775918387,0.06215176722480189,0.036407015325216986,0.01093725152038671,0.02979907825492409,0.13081443655779404
exploration,move_near,98,21,0.05305739264805077,0.09694977808112813,0.03873786113441102,0.042038200399851955,1.871373687273915,0.05486523337726221,0.08340523358605316,0.0458596231808589,0.027871851556415226,0.014166348843436724,0.13091811032065456
exploration,move_near,98,22,0.04112737005650621,0.08906454844816773,0.04389374994441173,0.04151424697650035,1.8571323704166416,0.04798251808627876,0.06464255023944443,0.02953629061885946,0.016660032153165683,0.024854214823334674,0.13261966298478475
exploration,move_near,98,23,0.058382278498822264,0.05201032112365569,0.07696532030134114,-0.024954999177685455,0.6967851673881272,0.05010747360873837,0.05889620952648734,0.09762982910283768,-0.03873361957635034,0.013778620398664882,0.06842582368706474
exploration,move_near,98,24,0.061541156938631415,0.0738386817902878,0.039468684578967114,0.012297524851656387,1.3321725791362033,0.05976922295353007,0.07711184834338142,0.03447944303391646,0.017342625389851343,-0.005045100538194955,0.08757129849057084
exploration,move_near,98,25,0.04114918075434403,0.051821867169525464,0.03346118003087288,0.01067268641518143,1.3203691469195509,0.04317540917243986,0.04153076661280066,0.03349088515341642,-0.0016446425596392002,0.01231732897482063,0.09430964088557599
exploration,move_near,98,26,0.04144092989458878,0.06028026714494231,0.03228973408990338,0.018839337250353524,1.4589148334423818,0.04043064265310172,0.057706080020503814,0.029588290208625533,0.017275437367402086,0.0015638998829514393,0.1152621846692566
exploration,move_near,98,27,0.031274342867204326,0.046687359287569154,0.024150279918646145,0.015413016420364823,1.5533243787130704,0.030614558149743964,0.043992361951497715,0.027922205227492673,0.01141063709693515,0.004002379323429672,0.09587742072233969
exploration,move_near,98,28,0.03495064001382823,0.0429977950766588,0.028436440392049914,0.008047155062830581,1.2945614986892113,0.0365593603384287,0.03933291021019458,0.030101132084943628,0.002723258791829919,0.005323896271000661,0.09463260303703436
exploration,move_near,98,29,0.034396702300820016,0.04967302127921277,0.023003875038489944,0.015276318978392748,1.4969835566072456,0.03269669907352853,0.04414671645210033,0.024833741413223396,0.0114500173785718,0.003826301599820947,0.17873669644413326
exploration,move_near,98,30,0.02503772852898452,0.037900323165958004,0.0264203799616142,0.009654557109887626,1.3444815342850285,0.029286035956605005,0.03980321689622173,0.023307441990422412,0.010517180939616724,-0.0008626238297290955,0.13335357118379912
exploration,move_near,98,31,0.030509811428334976,0.036866844055374354,0.04016324927578416,-0.0032964052204098038,0.942897488483811,0.02902404108779709,0.034972595509760486,0.03854040938487783,-0.006163593020809291,0.0028671878003994878,0.22428727929612555
exploration,move_near,99,0,0.0035809300346194687,0.0007815794713581023,0.002454646485857181,-0.002799350563261367,0.21858756010632852,0.00411936341894401,0.0008336384561703061,0.0022834900778063304,-0.0032857249627737044,0.00048637439951233703,0.7788666157672802
exploration,move_near,99,1,0.005907923889460865,0.0035826556797741004,0.007326193954628334,-0.0037435382748542342,0.4886712268556013,0.0045589256688324505,0.0031004040111652976,0.008040763740742017,-0.004940359729576719,0.0011968214547224854,0.3901783075610486
exploration,move_near,99,2,0.022431735974183173,0.030975286107175145,0.021120822026176225,0.0077349442209901234,1.3305069468975785,0.019836260305231255,0.027140203781513567,0.024016901142833263,0.0030534707758820257,0.004681473445108098,0.043657879829074396
exploration,move_near,99,3,0.01886605417208195,0.035077995630216484,0.016839092308687506,0.016211941458134538,1.9394806705737,0.017001629610297785,0.05037647869286197,0.020425480108358773,0.029417909061797493,-0.013205967603662954,0.04139614564989339
exploration,move_near,99,4,0.02347233680247181,0.03162655443510847,0.01834858543706331,0.008154217632636657,1.373851526590639,0.01949052079822113,0.02936198604066549,0.02028591282328021,0.006261333417526607,0.0018928842151100498,0.03489195913078902
exploration,move_near,99,5,0.026224522776322024,0.03368437553415066,0.030013859067351507,0.0010402586168960747,1.0359468613471536,0.02988435378853645,0.031333956317242756,0.02863536087894576,0.0014496025287063033,-0.00040934391181022867,0.0461807854513836
exploration,move_near,99,6,0.025264119044672184,0.06255127391426756,0.04079156144210036,0.021759712472167195,1.5487987406472348,0.02617662796968297,0.05256270303912145,0.044180606042609906,0.007451123463575769,0.014308589008591424,0.05746394385069683
exploration,move_near,99,7,0.03061870256916076,0.06531124866845893,0.028457321823070866,0.03469254609929816,2.1212219342201437,0.031566366980027565,0.054894269560335086,0.03230235848793973,0.020787500853296895,0.01390504524600126,0.09708013461799207
exploration,move_near,99,8,0.025702836580101477,0.05915560110237503,0.027331360906515115,0.03163044078701348,2.14106306904367,0.03174149317129219,0.06661741700143013,0.03440014899032808,0.03221726801110205,-0.0005868272240885722,0.16377803576385
exploration,move_near,99,9,0.02845584258271917,0.08853816301452866,0.03405989292465069,0.05333418452706711,2.5176669866840675,0.04328263422621519,0.07547217151671376,0.03320741028929588,0.029631759548309558,0.023702424978757557,0.13106784885197462
exploration,move_near,99,10,0.03920040585319954,0.07616042153607204,0.036161502665317945,0.03273819804384723,1.7618194685099713,0.04713656721259962,0.08563081365331056,0.049017860093561925,0.02500677818828227,0.0077314198555649555,0.17193059579464412
exploration,move_near,99,11,0.04530238910666142,0.15677334195565254,0.0264391934804236,0.11147095284899111,3.4862562917194304,0.061121578123923104,0.14065166639175472,0.03653099632987162,0.07953008826783163,0.031940864581159474,0.2048158154658116
exploration,move_near,99,12,0.029642178025073174,0.11083702098588925,0.02095866794436092,0.08119484296081608,3.8112177514093006,0.0497197690564544,0.08489147600273265,0.030790231253392836,0.03517170694627825,0.046023136014537835,0.26340393682721697
exploration,move_near,99,13,0.032759011871913477,0.12300763927187075,0.024617233703606658,0.09024862739995725,3.7516400274610344,0.03892246288999902,0.09451412655205,0.02659196005746542,0.05559166366205099,0.03465696373790626,0.18858676507181826
exploration,move_near,99,14,0.045080074926529934,0.18613939778836872,0.033312649517703505,0.14105932286183878,4.402458684705443,0.04824877227116961,0.1324289134177061,0.03543112048841297,0.0841801411465365,0.0568791817153023,0.36105037106093124
exploration,move_near,99,15,0.03300472890422973,0.1180919105297974,0.034369731104772816,0.0830522179062688,3.3565077361597555,0.03701320843581651,0.0818254563684423,0.04556850146993501,0.036256954898507276,0.04679526300776152,0.2561134745938792
exploration,move_near,99,16,0.029222696362118893,0.1446183467468284,0.02669712672619584,0.11539565038470952,4.911155473548312,0.04160459218812587,0.1046575494572504,0.043031902439905706,0.06085234812545665,0.05454330225925286,0.15755419636509296
exploration,move_near,99,17,0.04186363244096402,0.1960967968954411,0.028501411458646375,0.15423316445447707,4.691542080285747,0.04586786385147675,0.11406956855092948,0.03448403327064045,0.06820170469945273,0.08603145975502435,0.20568375698562136
exploration,move_near,99,18,0.04923100815539266,0.14862942367399856,0.04016363625762281,0.09849331455408672,3.018150916795103,0.04176116322134247,0.08743299269997662,0.045655696800246816,0.033266495855182994,0.06522681869890373,0.11375084522278674
exploration,move_near,99,19,0.041473802387416416,0.12417723572810391,0.039934813430681206,0.08022162755983049,2.8601707540043884,0.050274636529894424,0.08483088684484053,0.04473207639006475,0.030976297521774457,0.04924533003805604,0.10392866837442227
exploration,move_near,99,20,0.03904292516334627,0.1230797823216655,0.03439467739723544,0.08276205729627435,3.0659270877243188,0.056019447973770474,0.07237290569395251,0.03917499728154819,0.01635345772018203,0.06640859957609234,0.17836219129133232
exploration,move_near,99,21,0.04932350595463506,0.15036104683760165,0.040679842981606366,0.09981346668848314,3.0327656756322203,0.048109868235384635,0.09011352162923292,0.043598655574936675,0.038167042765951946,0.06164642392253119,0.1356278352394019
exploration,move_near,99,22,0.04009526064646952,0.12669529556741857,0.0348289875526348,0.08660003492094905,3.0959660759838497,0.0435355237017279,0.06892944660584771,0.03630339759880893,0.022121384087883455,0.0644786508330656,0.16442939182095037
exploration,move_near,99,23,0.03703472684095494,0.06418360901066895,0.08205745575860265,-0.017873846747933693,0.7932095123894771,0.06423495171200976,0.0584124319362593,0.06937730986491432,-0.025942274950754744,0.008068428202821054,0.0978122862927222
exploration,move_near,99,24,0.052473162822146584,0.09862095703516054,0.0439336023398638,0.04614779421301394,1.887375609972426,0.0520757285388694,0.07180227683047538,0.04860220228340553,0.017107810531660227,0.029039983681353704,0.11794847722918671
exploration,move_near,99,25,0.04891983100788313,0.06152327046761843,0.02624266295935375,0.012603439459735287,1.2630785309813544,0.04673332141313539,0.04584629462228788,0.030468690841951248,-0.0008870267908475093,0.013490466250582797,0.12113169132120778
exploration,move_near,99,26,0.048612454789023374,0.06882980466631833,0.032520949429502295,0.020217349877294948,1.427862335083632,0.05362100457493901,0.06691102822928698,0.04542922290604087,0.008711461459354962,0.011505888417939985,0.1311173379132491
exploration,move_near,99,27,0.03381594877128374,0.04680545723325297,0.032193963367743696,0.010629321510726921,1.3212836637295167,0.03319828944606378,0.032103881359948884,0.027591043506390214,-0.002903435455374217,0.013532756966101138,0.08468409112889692
exploration,move_near,99,28,0.029410040804189835,0.0504706302339111,0.026193523311734093,0.021060589429721267,1.7583868521139954,0.040102862328958204,0.037358101592176805,0.03505473240667703,-0.003512801680401103,0.024573391110122373,0.11319411411661662
exploration,move_near,99,29,0.0282787293476502,0.04635400396089634,0.023452073846291773,0.018075274613246147,1.6590135105312982,0.03888494811742133,0.05244865690498896,0.030987809713468664,0.01356370878756763,0.004511565825678515,0.1781009100401055
exploration,move_near,99,30,0.02469397224431784,0.043650326828821785,0.02332959547287636,0.01756088827998341,1.6652727457190772,0.03145682445227274,0.04495679076195828,0.027873946662944835,0.013384362495135515,0.004176525784847898,0.1459605717378357
exploration,move_near,99,31,0.029564095307264778,0.04761621956547806,0.030114679209146556,0.012440929032944336,1.3953894569340435,0.029206836657715975,0.05773215515935574,0.03974381160461979,0.016695936998749546,-0.004255007965805212,0.2398844660276609
exploration,open_drawer,11,0,0.004704060637471446,0.005078653635480696,0.004205455827031193,0.00037459299800925015,1.0810583940925378,0.00404990508937571,0.004166618428483381,0.0038778847962983513,0.0001167133391076714,0.0002578796589015788,0.8156438432633877
exploration,open_drawer,11,1,0.009197766685305432,0.0054350288633420035,0.015393045202152655,-0.009958016338810651,0.3644793099904493,0.00730703514351558,0.004661563267597909,0.010642305420651678,-0.005980742153053769,-0.0039772741857568815,0.3203042938451593
exploration,open_drawer,11,2,0.03557438885904757,0.05669385913578026,0.036126797364363666,0.01892036044289445,1.5203307442229175,0.026288925572849578,0.026950490904039115,0.03245424022226316,-0.005503749318224046,0.024424109761118497,0.021993037984979463
exploration,open_drawer,11,3,0.027411521908544,0.05346477153222162,0.0328472324099132,0.01970792889736683,1.574640119352966,0.023857693607150416,0.051573041345045444,0.02855924399733265,0.023013797347712795,-0.0033058684503459654,0.04606000719271227
exploration,open_drawer,11,4,0.03571868523908924,0.03804533963680106,0.043828319342621984,-0.007480075649290337,0.8430492095948646,0.03096770908493494,0.03580245703523307,0.030723601779012264,9.789056730850898e-05,-0.007577966216598846,0.04664475792727293
exploration,open_drawer,11,5,0.05089582744518564,0.1209026422255619,0.04473172409400236,0.06789735101280239,2.3197253509802227,0.06382109507723675,0.0932204392534177,0.036195838314032336,0.029399344176180967,0.038498006836621426,0.07179115902241999
exploration,open_drawer,11,6,0.06280355323096705,0.09363036298546361,0.0547762078535299,0.028605889124611244,1.5434714136405372,0.039318740406157626,0.04528339114348317,0.04340665337674863,0.001228029677119935,0.02737785944749131,0.06701779762579463
exploration,open_drawer,11,7,0.04811846120006521,0.10888170452512506,0.051516063297620596,0.05313548540750302,1.949611952533939,0.03595324542015644,0.06897303908770246,0.0529074997184027,0.016065539369299744,0.03706994603820327,0.10349489065000246
exploration,open_drawer,11,8,0.06425392806200482,0.09499421091824217,0.056566818256782274,0.027768748701345974,1.3991396990820046,0.053294285771354866,0.04487795673557917,0.05157881909884035,-0.01274324558630531,0.04051199428765128,0.21242318607255584
exploration,open_drawer,11,9,0.05901500653655678,0.09265251555157239,0.09933774979959605,-0.006685234248023655,0.962201904001272,0.05045735889958186,0.06571439702860561,0.06599432733926182,-0.00027993031065620677,-0.006405303937367449,0.094710112683894
exploration,open_drawer,11,10,0.06199825808648233,0.13659167181145118,0.06127253144553225,0.06631944432723741,1.9541445838460791,0.06321002205835725,0.07347761161467259,0.06060416085352873,0.008264461357791686,0.05805498296944572,0.17889414744430118
exploration,open_drawer,11,11,0.0718470280208053,0.1763898755580405,0.04298788764158507,0.10454284753723521,2.4727008679393236,0.07216459832001049,0.10510768420191452,0.058237214147764116,0.03294308588190404,0.07159976165533116,0.25129703767758355
exploration,open_drawer,11,12,0.05082998175133547,0.13617689442462463,0.041600619320638486,0.08306735157116871,2.614523243586625,0.07518804811074598,0.0743101413715387,0.04885323887232296,-0.0008779067392072626,0.08394525831037597,0.2568084873544952
exploration,open_drawer,11,13,0.05054252256508924,0.09690379137816914,0.03682797505381227,0.04636126881307989,1.920292969502838,0.05438200096216464,0.04500028467478039,0.04660754626487513,-0.01454719474386325,0.06090846355694315,0.20231121916397873
exploration,open_drawer,11,14,0.054623896584887505,0.12175178087038084,0.04202750278455697,0.06712788428549332,2.2508540069472405,0.07137196558867097,0.07901075326573394,0.05264427405719774,0.007638787677062976,0.05948909660843035,0.3310141283095618
exploration,open_drawer,11,15,0.050517018567628295,0.07698687209155423,0.05592664052516891,0.01508751609088694,1.2368810359029554,0.05366763143391052,0.06093277757795238,0.05579963149096856,-0.001223767174892083,0.016311283265779023,0.2426269452694972
exploration,open_drawer,11,16,0.051556052535560414,0.08186945477639507,0.04681239569726334,0.027521804008760826,1.5615322954742432,0.057248508394161124,0.056168146037102795,0.049826205832516436,-0.0010803623570583287,0.02860216636581916,0.18910283834729094
exploration,open_drawer,11,17,0.056987464357739714,0.06079861213108462,0.04945925841651475,0.0018555880371959159,1.0552014398503646,0.06216786101281994,0.06117630313388792,0.05218179124898877,-0.0009915578789320145,0.0028471459161279306,0.16923809304663942
exploration,open_drawer,11,18,0.06886000987737197,0.0690245160088112,0.05020673978052253,0.00016450613143923395,1.02937889577285,0.0630081061827026,0.06900016061300994,0.051381441632119475,0.005992054430307332,-0.005827548298868099,0.09077132081426953
exploration,open_drawer,11,19,0.06341732197841071,0.06721155188379876,0.05318632168857721,0.0037942299053880407,1.0592634074070226,0.0743927677695915,0.05732236898388304,0.059258610894331064,-0.01975877085204085,0.023553000757428888,0.09179628951357206
exploration,open_drawer,11,20,0.09790953921326434,0.09475875634810695,0.05167674825806098,-0.003150782865157381,1.1714335692725786,0.06988025952989219,0.05474175601446429,0.06370429141832558,-0.015138503515427885,0.011987720650270503,0.11788997849336624
exploration,open_drawer,11,21,0.07788257337037705,0.10142077039357034,0.06655943928043263,0.021297105170919223,1.3367395838886846,0.07897826268853796,0.05841037820550323,0.06601736067726773,-0.024183858294162655,0.045480963465081875,0.07169965937842922
exploration,open_drawer,11,22,0.07022729311825598,0.07590473072693533,0.039185703199485604,0.005677437608679357,1.1161293510019517,0.08365196863192349,0.04612095081624392,0.055747128487183085,-0.038885172745547036,0.044562610354226394,0.08481282882889236
exploration,open_drawer,11,23,0.07935766695427103,0.06446645957802129,0.09693255977983667,-0.032595751996161826,0.665902809709746,0.07600596429981532,0.04071222332357048,0.11343632138856578,-0.0755167108270046,0.04292095883084277,0.06333305385221877
exploration,open_drawer,11,24,0.092587812290214,0.09337468786399598,0.06524262763870968,-0.0004859173102308827,1.0530836406647446,0.0711869016946647,0.04775958374580564,0.06744745147439508,-0.028297646372761425,0.027811729062530544,0.09253600092880276
exploration,open_drawer,11,25,0.07309525872734086,0.049146608563559895,0.05249665477183013,-0.026644699261873097,0.7238006538326104,0.06028824085907169,0.05747478821405283,0.05799211945172401,-0.003314387641133995,-0.023330311620739102,0.08241539925452084
exploration,open_drawer,11,26,0.05302700428630069,0.07897289408964449,0.07059482599155532,0.004795612890489458,1.135134172595414,0.058651374349455866,0.06005292844502258,0.04728570613982646,0.0010003081899836452,0.0037953047005058124,0.09761331732368224
exploration,open_drawer,11,27,0.05248831246372118,0.06975894047598713,0.05551048501022673,0.010640499173112217,1.2165130509447477,0.05211643733458513,0.038781312989913316,0.04259221431771578,-0.013335124344671816,0.02397562351778403,0.06875164419077844
exploration,open_drawer,11,28,0.04225835821232644,0.0656785340740339,0.05469555860228407,0.010982975471749834,1.23666595772226,0.06304850696679938,0.0433917456261716,0.052482032278041955,-0.019786360015196045,0.030769335486945878,0.08778697335739831
exploration,open_drawer,11,29,0.050735304380403835,0.0644729787558967,0.0511115030793988,0.007696469938478688,1.1449666083018455,0.054555805763278224,0.04513887107442673,0.04916063068031656,-0.010711997837239412,0.018408467775718102,0.15443149745182913
exploration,open_drawer,11,30,0.055094277084124656,0.06435693872575983,0.054308322496432464,0.0057196537833793595,1.138630201651045,0.04126111265588651,0.04003837581478064,0.03658639814127593,-0.0012227368411058676,0.006942390624485227,0.1725524942658391
exploration,open_drawer,11,31,0.046018267640093806,0.056681357299181084,0.05586029734811795,0.000821059951063137,1.0947286223820687,0.03598805094508479,0.036059091454595626,0.04141147204337471,-0.008152002440612831,0.008973062391675968,0.2296218595309559
exploration,open_drawer,32,0,0.00398357330341222,0.0042040831737329394,0.0038940505282998097,0.00022050987032072011,1.0551667591835354,0.004185796501852219,0.0040935831321178414,0.0041939381243762995,-0.0001671974406229295,0.0003877073109436496,0.8261498187979063
exploration,open_drawer,32,1,0.008562069969248466,0.004519082649277039,0.011949889769275752,-0.0074308071199987126,0.3801496123927704,0.007998610310774992,0.005055818245801162,0.011954390446133717,-0.006898572200332556,-0.0005322349196661566,0.37293945485726
exploration,open_drawer,32,2,0.035049004014337075,0.04593894038754948,0.03612145418067748,0.009817486206872008,1.32683359703446,0.029299106777650435,0.025089451212706792,0.030254848196712977,-0.006156396462585689,0.015973882669457696,0.022002121520415585
exploration,open_drawer,32,3,0.025840633654875406,0.05998725616223619,0.032753175033125664,0.026112867939290196,1.7547024410897185,0.02361256377551328,0.04879460679118627,0.02917832291239598,0.019616283878790285,0.006496584060499914,0.03934997691302063
exploration,open_drawer,32,4,0.04830242131307876,0.05543363231101134,0.03179612615905192,0.007131210997932575,1.2201637166490784,0.0360232039194845,0.03797951367458193,0.030014829922103553,0.0007108455832402378,0.006420365414692337,0.05514754031992197
exploration,open_drawer,32,5,0.04919140501818373,0.15438186088754222,0.038035200234873466,0.10519045586935845,3.2505718281267764,0.06205745087938791,0.10108804933990402,0.03351906479860459,0.03903059846051612,0.06615985740884234,0.08053824567991796
exploration,open_drawer,32,6,0.05314381276003449,0.07107495629926343,0.05264571686753508,0.013536025968491761,1.2871772417790528,0.059454297013152975,0.0851805902606136,0.04986552580534903,0.025726293247460622,-0.012190267278968865,0.07442058235604539
exploration,open_drawer,32,7,0.040571609521144275,0.09774460877150455,0.05472874570796981,0.043015863063534755,1.7912988431779653,0.037090745403639665,0.060802011669698376,0.06794570985006111,-0.007143698180362745,0.050159561243897505,0.09917451036524956
exploration,open_drawer,32,8,0.05991750819176497,0.09388813446767919,0.04829307091012189,0.03397062627591422,1.5622727574330353,0.04466667791811949,0.05006048209938749,0.04394422876518942,0.0010741689358568344,0.03289645734005739,0.2022249945872924
exploration,open_drawer,32,9,0.060318524250698946,0.10275996920779505,0.05990695971950191,0.037587746690078055,1.5725561196213522,0.054030810294002474,0.062227923650812096,0.07120228276922592,-0.008974359118413834,0.0465621058084919,0.11608955214213286
exploration,open_drawer,32,10,0.055255152241227866,0.13242132521357425,0.042347872219657835,0.07716617297234639,2.453806840475874,0.056715681791430266,0.07925031183555677,0.056135636183227235,0.01881633948374312,0.058349833488603266,0.18918577686129842
exploration,open_drawer,32,11,0.05628472917198734,0.17677598051593035,0.06321345330520932,0.11214737286876963,2.9532200567369955,0.07572734177903623,0.11594581251251783,0.0482548854678545,0.04021847073348159,0.07192890213528805,0.2391577143704732
exploration,open_drawer,32,12,0.04685997504152956,0.10774547169016611,0.035991574974127145,0.06088549664863654,2.4102592428038623,0.07196922383875376,0.062339314330633,0.04497494436428503,-0.010981731879516647,0.07186722852815318,0.24067291246925984
exploration,open_drawer,32,13,0.04831405958393891,0.08998465990050152,0.032384981278810704,0.0396097857879231,1.93102665964789,0.055501633790712886,0.05193593194653559,0.04441168424246761,-0.004991076960796997,0.044600862748720105,0.22127900807595324
exploration,open_drawer,32,14,0.06398613373593097,0.10498723770226452,0.04950669481300738,0.036537019129708186,1.5367451039906381,0.07311655246465952,0.07272411890031612,0.06675847211388986,-0.009018372331659289,0.04555539146136748,0.3612696055361842
exploration,open_drawer,32,15,0.04392020408040831,0.07115686288605073,0.04225132199182056,0.023693211303386596,1.5095115051767012,0.05483100826057614,0.041849607454572474,0.05116240524087973,-0.015542681329612763,0.03923589263299936,0.23873862355215655
exploration,open_drawer,32,16,0.07646597316249373,0.09237594914280119,0.04985421582227392,0.015909975980307453,1.2687659680827192,0.05339976632646359,0.059068362599737946,0.05701299928265035,-0.0053519247954657454,0.021261900775773196,0.1448560016485582
exploration,open_drawer,32,17,0.09547115679333255,0.08698203496850428,0.05454050702372946,-0.008489121824828272,0.9750013271256298,0.06786436406940267,0.055604247167394115,0.0520784816512814,-0.013671005283140011,0.005181883458311738,0.16401553471553143
exploration,open_drawer,32,18,0.06413717410359741,0.07832846963725253,0.03593452651681787,0.014191295533655106,1.2158253138816222,0.10213746005186751,0.06484604413432289,0.06119771268957001,-0.037291415917544604,0.0514827114511997,0.14194663911564476
exploration,open_drawer,32,19,0.06301808135165549,0.08123744588928335,0.07995522067838957,0.001084291786596953,1.196349500519937,0.07647786457109501,0.06507454232735566,0.07267075527393209,-0.014863252408356094,0.015947544194953048,0.08506802317207966
exploration,open_drawer,32,20,0.09791195541447444,0.08902822008216099,0.04872666239531503,-0.00888373533231344,0.9738591290905442,0.08437158576947927,0.05382051468890361,0.06229117086214064,-0.03055107108057566,0.021667335748262222,0.15485074244079536
exploration,open_drawer,32,21,0.0680897554774914,0.10166910897292508,0.06982955642575998,0.025479541168141755,1.3349521237974111,0.07282215298577664,0.05228851960851349,0.0639076916588258,-0.02434694993502914,0.04982649110317089,0.09705976812190897
exploration,open_drawer,32,22,0.08256342785471936,0.08279456216444538,0.04709123145075972,0.00023113430972602814,1.0478463042378008,0.08243249929202451,0.0600310476562135,0.06521060950308584,-0.031137884668559948,0.03136901897828598,0.10668271125439333
exploration,open_drawer,32,23,0.05190336194643091,0.06559728946857923,0.11629830577146068,-0.05070101630288145,0.5790059445552473,0.07810124032323154,0.05622879655865936,0.1337286035078031,-0.07749980694914373,0.026798790646262283,0.0871238240884793
exploration,open_drawer,32,24,0.07100006112913049,0.08811668614386282,0.04794215334699246,0.017116625014732354,1.2300626745875856,0.06812577902409611,0.07292543837989914,0.07556286335742175,-0.010775817585993998,0.02789244260072635,0.11156198847764169
exploration,open_drawer,32,25,0.05963915948222707,0.0693791612088658,0.039065184339665944,0.009740001726638726,1.1996942864492686,0.05481788191232118,0.05455037332752818,0.04741677741840503,-0.00030718984484581074,0.010047191571484537,0.09390589963242964
exploration,open_drawer,32,26,0.05736358677521369,0.06956971938070002,0.04882794036143643,0.012075744574087895,1.2445666874125443,0.05695662131376053,0.05103657660152153,0.04805598895200092,-0.006915920658446359,0.018991665232534254,0.14386820985596196
exploration,open_drawer,32,27,0.05026460388049645,0.05712516399460543,0.03356757807258793,0.006860560114108981,1.1533730886639015,0.0550822377587607,0.054567334814995906,0.05225378875288867,-0.003665838988382184,0.010526399102491165,0.11067467008954661
exploration,open_drawer,32,28,0.08295806007105222,0.05165632055166095,0.037025724505897036,-0.03130173951939126,0.6360404978925973,0.0643726520443116,0.04303871361168099,0.04465103771597506,-0.021333938432630623,-0.00996780108676064,0.11865332890652287
exploration,open_drawer,32,29,0.06529767539910131,0.05580941012016865,0.04527833671337992,-0.010426610539264915,0.8494958715127359,0.04785314530584808,0.04390381901422377,0.04483369500159304,-0.007422440182101593,-0.0030041703571633224,0.17988695148010928
exploration,open_drawer,32,30,0.046681202106905816,0.05291900123085421,0.037742361143725485,0.0062377991239483885,1.157175542176418,0.04443573751347377,0.040574816041603935,0.05123164828416707,-0.010656832242563129,0.01689463136651152,0.16203478553505116
exploration,open_drawer,32,31,0.03797161354170971,0.04602370431621649,0.03333585763612979,0.006421953239954023,1.166663194435385,0.04487789644318848,0.043769731549482126,0.04400233571338447,-0.006324485877873168,0.01274643911782719,0.26069234103207845
exploration,open_drawer,56,0,0.004197898650543126,0.004625099226613371,0.003893139054409482,0.00042720057607024546,1.1061594366860905,0.004609888494364117,0.004513314299298361,0.004576641300804076,-0.00017511368491808887,0.0006023142609883343,0.8258066972096761
exploration,open_drawer,56,1,0.007013451083144707,0.0042207508561973766,0.013247244814150063,-0.009026493957952686,0.3202337138046711,0.007567821165448463,0.005119168559890989,0.010968692559438623,-0.005849523999547634,-0.0031769699584050515,0.33622601519649226
exploration,open_drawer,56,2,0.028030599700865896,0.04975804316993513,0.03362989763623814,0.016128145533696996,1.4803502932485297,0.028807074080435643,0.02594243698599033,0.03243639091065222,-0.00649395392466189,0.022622099458358885,0.027400162386944277
exploration,open_drawer,56,3,0.03129452067396058,0.05378962661408906,0.0387816460860167,0.015007980528072352,1.4308355570321976,0.026310585688367628,0.055351975722664766,0.0322277206807731,0.023124255041891677,-0.008116274513819322,0.04719587506838252
exploration,open_drawer,56,4,0.027432803510841108,0.029104331162005222,0.036514276959721786,-0.007409945797716567,0.8782095421459886,0.047358109725700814,0.04443333722324148,0.02726190776985529,-0.0029247725024593323,-0.004485173295257234,0.0301186033174569
exploration,open_drawer,56,5,0.05699507929383468,0.12188165113995564,0.03682195087196977,0.06488657184612096,2.2244486499201734,0.06441806975266454,0.08527434389034134,0.03580244471480224,0.020856274137676805,0.044030297708444154,0.060552295954342604
exploration,open_drawer,56,6,0.040893107999603044,0.08445195473634197,0.04962059435255445,0.03343886287059664,1.6578748940383525,0.04671608656627448,0.07811230906079027,0.040115534604865645,0.026943136531863292,0.0064957263387333585,0.04547712948995771
exploration,open_drawer,56,7,0.054401181965799295,0.09902958395312626,0.07178218494166798,0.02606071752028508,1.4448176267213597,0.04107658517603192,0.07856066428128271,0.05718503288203028,0.021375631399252432,0.0046850861210326515,0.09061226172881713
exploration,open_drawer,56,8,0.0628927387263865,0.09715426786468835,0.06382395333509906,0.030767635901230172,1.444543660336552,0.043160988762893544,0.04842773512651843,0.05201366778818973,-0.003585932661671306,0.034353568562901476,0.1920735475711505
exploration,open_drawer,56,9,0.06553977114335709,0.09107441144290203,0.07711725963252036,0.013957151810381674,1.1976297589954625,0.04747467254931062,0.07428422011726199,0.07615862080902841,-0.0018744006917664202,0.015831552502148096,0.109007487836152
exploration,open_drawer,56,10,0.0774506541816624,0.13990850809017644,0.08060479233431286,0.05216138196910878,1.8826545652282813,0.06555112731654777,0.07503704913332003,0.05352800986991276,0.007960252028909735,0.044201129940199056,0.17479413911390415
exploration,open_drawer,56,11,0.07125177963455213,0.18357567393837135,0.0531102799279857,0.11232389430381921,2.641079372863012,0.07464197901465215,0.11825971223432812,0.05854219231644658,0.03665766718140921,0.07566622712241,0.21543812843136342
exploration,open_drawer,56,12,0.05596984365249135,0.14676226357334615,0.046600659694989305,0.08563672061775096,2.425863128458064,0.07420851740516639,0.0677786756907109,0.03730000511911283,-0.0064298417144555,0.09206656233220646,0.19936211532588763
exploration,open_drawer,56,13,0.04247414178311118,0.08834185375836169,0.04314614644516143,0.04081063527680887,1.8122096095697124,0.05996221426063635,0.06294302405825816,0.045417700517513544,0.0029808097976218076,0.03782982547918706,0.1885882384723724
exploration,open_drawer,56,14,0.051863577176007335,0.11193060036405282,0.051361387555530734,0.05662786956230601,2.0645744898252048,0.07339457625146302,0.08402955062106181,0.051026543660603635,0.010634974369598793,0.045992895192707224,0.358868529527399
exploration,open_drawer,56,15,0.049736038289660695,0.06410203575087287,0.048688707404396715,0.009874461115316077,1.1812675313659569,0.05490997503464887,0.049079030376117466,0.04995136310923972,-0.005830944658531398,0.015705405773847474,0.2641949482596904
exploration,open_drawer,56,16,0.052388520666328216,0.11133136016485008,0.04062522292403777,0.057632879751321274,2.088379165905456,0.06094534617797312,0.05741695427428827,0.04169815333133367,-0.00352839190368485,0.06116127165500612,0.16948934380585948
exploration,open_drawer,56,17,0.0468603350893595,0.07446263487161946,0.043276553028468646,0.022942672162500056,1.4666300392782192,0.056068491814654876,0.054680997019178834,0.04724056917100905,-0.002798383176607515,0.025741055339107578,0.17062255548252855
exploration,open_drawer,56,18,0.06442461789461155,0.0737466667357367,0.06451351425143693,-0.001839528512900981,1.0108573638950455,0.07918189905103781,0.06962250682592146,0.04757813454371216,-0.009559392225116363,0.007719863712215382,0.10690952164014789
exploration,open_drawer,56,19,0.06038266123136029,0.09012583684569181,0.04932375992295221,0.029494887955937566,1.7216505221215936,0.06603198092909986,0.06969031823939235,0.05073912555872795,0.0017846048783510145,0.02771028307758655,0.07915085989678043
exploration,open_drawer,56,20,0.06842979330222129,0.07993390159878198,0.05354167421248803,0.011504108296560678,1.186015228708547,0.08273149250115228,0.07122046336942195,0.057548898276973896,-0.013566943430230509,0.025071051726791183,0.14843373708697527
exploration,open_drawer,56,21,0.053756770123579954,0.06857960798931283,0.04800090915665086,0.012668731962437701,1.228233984850034,0.07591728356595917,0.059286648451287616,0.052490380289710155,-0.016630635114671565,0.029299367077109267,0.12536281205230657
exploration,open_drawer,56,22,0.05801204047054157,0.08326537147421438,0.03964845809212603,0.025253331003672812,1.4980405795910245,0.09037073692274676,0.06294621033131888,0.046839852238170804,-0.02742452659142787,0.05267785759510068,0.10779485382207099
exploration,open_drawer,56,23,0.06509302895362822,0.07327029031704581,0.12145016377281474,-0.04817987345576893,0.7215307304711928,0.07189244474356782,0.05000910073404136,0.1277743711572922,-0.07776527042325086,0.029585396967481938,0.08890408460852466
exploration,open_drawer,56,24,0.07460912913079981,0.10016930165393721,0.053864061561232725,0.025560172523137397,1.382869838388993,0.0539010723270831,0.062145320951756594,0.05254297930232906,0.005405889727891855,0.020154282795245542,0.17402894431411178
exploration,open_drawer,56,25,0.04306844548438846,0.060334144836917715,0.03928291313735348,0.014133896845383668,1.3728529919080659,0.04221127119474983,0.05861866860828863,0.038724126422184486,0.012810998145587027,0.0013228986997966402,0.16848329872844658
exploration,open_drawer,56,26,0.052647184026242605,0.06469889537116173,0.03752241909836695,0.007981798488473352,1.1764791618739145,0.06260055119749096,0.05548071222640232,0.04004396319826211,-0.007119838971088639,0.015101637459561992,0.17371708280652834
exploration,open_drawer,56,27,0.048072915905424785,0.05817365399880095,0.03570907422051304,0.010100738093376164,1.2414461749412522,0.044889870654375365,0.057984830373991464,0.04300528000759782,0.009944023674998713,0.00015671441837745068,0.09701242525815168
exploration,open_drawer,56,28,0.04583361079708659,0.05297591708270852,0.044339493961110955,0.005416459368513346,1.1346486929375268,0.04509686767730276,0.037237933559410206,0.03997512382763763,-0.011896720997828217,0.017313180366341562,0.13992074883861486
exploration,open_drawer,56,29,0.048984186423019556,0.04799298373441777,0.04529644031434904,-0.003966231128468989,0.9184663530217548,0.041712246291751805,0.04633070462404221,0.04067582048950679,0.0017651123769327041,-0.005731343505401693,0.16582454463875962
exploration,open_drawer,56,30,0.04368277804969029,0.042788531740850864,0.04556694111198183,-0.004806782433572532,0.9083935339286061,0.03925675348601782,0.03260215560235014,0.051847676475406085,-0.01924552087305594,0.014438738439483408,0.17827307923749913
exploration,open_drawer,56,31,0.04714919190856894,0.059473973327167994,0.04474438078423337,0.011747137350788054,1.4597106444368277,0.0471538964811031,0.04807874789779907,0.044719068144667584,-0.00429146956747085,0.0160386069182589,0.28601175238054566
exploration,open_drawer,93,0,0.004201423260132798,0.004683367902603641,0.00403283547433069,0.00046454078930627685,1.1112992393736292,0.0040944173371078,0.004173942329353169,0.004173346169167008,-0.00013012341212851065,0.0005946642014347875,0.8287988963226477
exploration,open_drawer,93,1,0.007376263558088458,0.00463102103493654,0.012761445876110574,-0.008130424841174036,0.3647896008370813,0.007649689006682202,0.00479359818087191,0.010754058953556522,-0.005960460772684614,-0.002169964068489421,0.35307607109037537
exploration,open_drawer,93,2,0.028902208207757976,0.04256989217107962,0.035208132709661444,0.007361759461418184,1.1929919929726427,0.028169558146649103,0.024387056439900797,0.02984983151160558,-0.006101346637709171,0.013463106099127355,0.03230789867150937
exploration,open_drawer,93,3,0.02898546005711437,0.04840803898833288,0.033462835044062715,0.01408133164401492,1.496463125345812,0.028700469866603313,0.03686908363146712,0.0300975666624982,0.0047678567215208925,0.00931347492249403,0.045602119951202745
exploration,open_drawer,93,4,0.027892301781172756,0.04151929775614583,0.04025452307798293,0.0012647746781628982,1.1311724672976455,0.03298630517154819,0.028209554014860944,0.03096858459999603,-0.008001785115579361,0.00926655979374226,0.031766255721853064
exploration,open_drawer,93,5,0.05331250619721048,0.15697589650080498,0.03622547411642039,0.10195433258126407,2.9299312820979857,0.05833392604044568,0.08324197938922012,0.03525202909442148,0.02490805334877444,0.07704627923248965,0.05480785286060078
exploration,open_drawer,93,6,0.050590678963309176,0.07404335115821771,0.046045301406847254,0.020610725601190226,1.3932428370995602,0.0599516628835051,0.05632067781921779,0.03977646702306983,-0.0036309850642873127,0.024241710665477537,0.04149724878133535
exploration,open_drawer,93,7,0.05355193311702356,0.10605504683413737,0.06065229343016326,0.03951056620927867,1.5919324441090286,0.03486902965886224,0.06317394733204626,0.06719557843809273,-0.004021631106046468,0.04353219731532513,0.09665870945415615
exploration,open_drawer,93,8,0.06359686926148152,0.09297732801893539,0.05543043283991378,0.02938045875745388,1.459592818361936,0.04655089143394584,0.043158253412342744,0.04788278383630059,-0.005027338227143667,0.03440779698459755,0.18103982024952833
exploration,open_drawer,93,9,0.06971845583559039,0.09270853495756091,0.07866573160768492,0.013324355915938146,1.178574501607085,0.06113174081481846,0.05664781402297616,0.07037673043542188,-0.013728916412445712,0.027053272328383855,0.09522867590771966
exploration,open_drawer,93,10,0.07166662580838734,0.130780407213456,0.07623523896716444,0.04831602150149239,1.7578499380337433,0.053591329834718926,0.06392363522788659,0.05929276354369852,0.004298815754075126,0.044017205747417264,0.18016695095911928
exploration,open_drawer,93,11,0.07235490904577506,0.18374006678049637,0.05426794002682298,0.10950249047584226,2.529133931894737,0.07191825043044252,0.1297359381116904,0.054226178253904266,0.05781768768124788,0.05168480279459437,0.23477842052579945
exploration,open_drawer,93,12,0.061718821739804273,0.13500077578007158,0.04388905437451269,0.06815759637284712,2.190751548161086,0.059299624870264245,0.07593910081775242,0.04484491278962718,0.014207410971402303,0.05395018540144481,0.21133905813606665
exploration,open_drawer,93,13,0.044076474133092076,0.07383580943197394,0.037774589897138555,0.029759335298881872,1.6903072955371687,0.05571399546827551,0.049349795431584215,0.04021488713167565,-0.006364200036691292,0.036123535335573165,0.1998594680521061
exploration,open_drawer,93,14,0.07660469364208762,0.1225994161436292,0.048203194714744574,0.04599472250154158,1.6494709524419413,0.06909364610018487,0.07745797909309084,0.06559478013855279,0.0006718833727195686,0.04532283912882202,0.37965470508387017
exploration,open_drawer,93,15,0.05722691635554819,0.06907386426212314,0.04991523639632022,0.00912499847508557,1.1695575926843198,0.04457582747333099,0.0462859658730892,0.0441804969631717,-0.0006012279655707511,0.009726226440656321,0.25019231465220554
exploration,open_drawer,93,16,0.07463907051623005,0.10202242457601761,0.04374104766044876,0.02738335405978755,1.4202911353177212,0.05965961385572164,0.0663035774812009,0.06623581302532867,-0.0034233960195619423,0.03080675007934949,0.19528482089754107
exploration,open_drawer,93,17,0.06408423824170656,0.08629996068955455,0.0453902948958265,0.022215722447847988,1.3461607944810192,0.06361456481473257,0.05980887459844945,0.060411056430919846,-0.004616660317891788,0.026832382765739776,0.1588391095550795
exploration,open_drawer,93,18,0.07064001438796196,0.08000505924388633,0.05855766379576835,0.006290046513081145,1.1025099535932092,0.08846249852086034,0.06152237518567205,0.060182466643318916,-0.026940123335188287,0.03323016984826943,0.11567758051762667
exploration,open_drawer,93,19,0.077288475366714,0.0858790699389254,0.0546967642487897,0.006539273908846424,1.2394024418584653,0.07247933907260659,0.05444339827846258,0.05575223580753485,-0.018807220189452484,0.025346494098298908,0.0814993529897426
exploration,open_drawer,93,20,0.09279717892677952,0.07308608899628603,0.06008917102399184,-0.019711089930493468,0.7975307835499511,0.07567101155084897,0.06508740206824414,0.050905862688807126,-0.010583609482604837,-0.009127480447888631,0.13213442601125772
exploration,open_drawer,93,21,0.0656178890580761,0.10111105651090081,0.050719463648545675,0.035493167452824714,1.5795690824611004,0.06823969328567585,0.07953886290448701,0.070823897791213,0.0040221145880113595,0.03147105286481335,0.1026977557712172
exploration,open_drawer,93,22,0.06417383924540805,0.08289393026610638,0.04830256279484074,0.01872009102069832,1.3565647014940778,0.07291358400993397,0.05438359224561954,0.05248961789472811,-0.018529991764314437,0.03725008278501276,0.1000184384472765
exploration,open_drawer,93,23,0.06637160463200194,0.06506234630209588,0.0782971882087015,-0.01404976414159174,0.8427822285128747,0.057204434476955,0.05385050152418976,0.1316492282091473,-0.07779872668495753,0.0637489625433658,0.0743152011577924
exploration,open_drawer,93,24,0.10158647084452695,0.10673645452825133,0.06178586005674389,0.005149983683724384,1.0675019133897272,0.06893414862672832,0.06825496640471364,0.06001053674435297,-0.0015785350989368924,0.006728518782661276,0.1344897804346369
exploration,open_drawer,93,25,0.06392556839122435,0.06519566336622333,0.04092910270203099,0.001270094974998993,1.0113886060032253,0.05334087057222362,0.04485898460961337,0.04343532456901053,-0.008481885962610252,0.009751980937609246,0.11845520947787828
exploration,open_drawer,93,26,0.06981218827635567,0.05782825372110364,0.040957199607806534,-0.011983934555252032,0.834924439766176,0.07221993329824426,0.06021316307272603,0.04648560592060285,-0.012006770225518238,2.2835670266207104e-05,0.1715278980051996
exploration,open_drawer,93,27,0.06638319013323629,0.07170741956756273,0.03645023170914577,0.005324229434326436,1.080601156933912,0.05387753873169227,0.05468930938108022,0.052726434888748196,-0.005204932739495583,0.01052916217382202,0.07241263264865576
exploration,open_drawer,93,28,0.05868352613803953,0.06590496984049214,0.05146579614120464,0.005446870950485833,1.103881189354009,0.0474517036365703,0.04879882484728767,0.04249810917178489,0.0013471212107173728,0.004099749739768461,0.14145190357744042
exploration,open_drawer,93,29,0.05320580045141187,0.04214135897917801,0.048995252399765904,-0.012636128018109679,0.7638202512400648,0.05807508311162459,0.05850558979784787,0.05360769260514877,-0.00018932749122007228,-0.012446800526889608,0.157626949613757
exploration,open_drawer,93,30,0.05432194627107936,0.055047958910369725,0.056948083920697466,-0.01446697303240245,0.7952162939616566,0.03423596992296115,0.03810426753666364,0.04584105893611468,-0.009976828110523916,-0.004490144921878533,0.163478044055798
exploration,open_drawer,93,31,0.03878169578036015,0.04252506281327726,0.04506644632714638,-0.006493486763154807,0.9257205541970629,0.04426495557497968,0.03914159096734703,0.04524848011780939,-0.008893277834077095,0.0023997910709222872,0.2632563378544243
exploration,open_drawer,95,0,0.0035230805920353093,0.0035969835345705907,0.0032744530831990957,7.390294253528142e-05,1.024913588427736,0.0037323742936997053,0.003430378535815723,0.0040041709053576895,-0.0005959015392826569,0.0006698044818179383,0.8099338946243128
exploration,open_drawer,95,1,0.009642370402160554,0.003682314743176923,0.016364981844775407,-0.012682667101598483,0.23180927630434267,0.0066626010156269596,0.0033643784246678078,0.010367520010063877,-0.0070031415853960685,-0.0056795255162024145,0.33281772599245113
exploration,open_drawer,95,2,0.027588018977811646,0.03141681036476284,0.03317780265104674,-0.0017609922862838988,0.9946620228246031,0.026268322435890445,0.029576313352203565,0.033137111024035625,-0.003560797671832062,0.0017998053855481633,0.03499583489103012
exploration,open_drawer,95,3,0.025226907185221966,0.033497357033428946,0.032383488526943775,-0.0007759220411166582,1.032380270873437,0.024753688264832947,0.03458001981622543,0.03247465833584868,0.0021053614803767558,-0.002881283521493414,0.03644561572017816
exploration,open_drawer,95,4,0.022646531069266767,0.05104903289426038,0.04582387602365987,0.005225156870600507,1.1672529377163405,0.04344844910389961,0.045176207959985705,0.03138957340644899,0.001406632373292566,0.0038185244973079416,0.027288890700371365
exploration,open_drawer,95,5,0.04340716351297106,0.09423317870210275,0.028841572164545554,0.05082601518913169,2.2632691968386056,0.07682443273269138,0.16059023222188804,0.03617246966905496,0.08376579948919667,-0.03293978430006498,0.06751221335169551
exploration,open_drawer,95,6,0.039094625594636515,0.09439878332055189,0.04647523251744248,0.04771945971977517,2.0632934711545325,0.04438283432826862,0.13735001775480166,0.04236173617423373,0.09083247712661936,-0.0431130174068442,0.04308292452431791
exploration,open_drawer,95,7,0.048761069887391234,0.11420591208438619,0.055144232216396645,0.05576368000957599,1.996253678059877,0.039518134700919506,0.11055449390817997,0.060045857877381335,0.050508636030798644,0.005255043978777347,0.08816216373558443
exploration,open_drawer,95,8,0.06879016781193142,0.12014272830218674,0.058463610866695076,0.05135256049025531,1.7824375032061799,0.04946145144269127,0.09876517863850788,0.05421663894571007,0.04454853969279782,0.0068040207974574924,0.18460775820070316
exploration,open_drawer,95,9,0.05059575988293863,0.1336337100771756,0.07984265221948368,0.053791057857691886,1.7297821849312964,0.05413458900307927,0.11304633601602436,0.06550405294856283,0.04754228306746152,0.0062487747902303615,0.11980391949039888
exploration,open_drawer,95,10,0.06801238592853433,0.12915429363195938,0.04368307163576457,0.06114190770342507,1.8333831697713965,0.055110595481732194,0.1465957604401322,0.0565772705155261,0.08353876198688114,-0.02239685428345607,0.18562845070558373
exploration,open_drawer,95,11,0.06411091085348697,0.22749088978549914,0.05108175835203741,0.15986581360680835,3.273923165491419,0.08286874241484267,0.2631141160151058,0.05913236574234119,0.1802453736002632,-0.020379559993454838,0.2601865085688739
exploration,open_drawer,95,12,0.045959830529042324,0.1742207307808251,0.042101454969586144,0.12599530111062626,3.38315260757178,0.07212471883778074,0.17400358193720353,0.04565691776592377,0.1018788630994228,0.024116438011203473,0.2245020497969866
exploration,open_drawer,95,13,0.040205532351734415,0.11170686170271586,0.03802749786238508,0.06868118748872386,2.6113906354568073,0.06426687294114052,0.11443872348620515,0.045091486699462495,0.05017185054506464,0.01850933694365921,0.21430407315362268
exploration,open_drawer,95,14,0.05761008473480275,0.18808003933534292,0.05040608378615288,0.1300680178752874,3.0143347788748884,0.0857006797903202,0.16865015362808933,0.06843401256726785,0.08294947383776913,0.04711854403751827,0.34247859741177916
exploration,open_drawer,95,15,0.04637601591372357,0.1070399602181054,0.05169440216692276,0.053774762910284435,1.878348637983467,0.05599739747891419,0.10607138553799043,0.04752326841768175,0.049275986815332684,0.0044987760949517465,0.24900404380287
exploration,open_drawer,95,16,0.04630981004192818,0.12606267561594722,0.05034246938934431,0.07349345349551605,2.417856950650599,0.054963951724951575,0.08952358293185518,0.0481887299893441,0.03196622625993047,0.04152722723558557,0.17408123342240364
exploration,open_drawer,95,17,0.08060691239905245,0.09355513541571747,0.06214980964424969,0.012948223016665032,1.2917739108119488,0.055636594821989495,0.08717811580858886,0.047283240104746466,0.03154152098659937,-0.018593297969934332,0.1808766565843598
exploration,open_drawer,95,18,0.04919569706207202,0.11280374943975065,0.05287010924817209,0.0586437613195988,1.9460228017335652,0.07486161773064158,0.08911314856407294,0.05431112394033002,0.014251530833431359,0.044392230486167444,0.0966205359558406
exploration,open_drawer,95,19,0.06953600918093203,0.1055287986385877,0.06747366988983833,0.03123519587296047,1.6591345929671475,0.06006206469439023,0.08965608615098042,0.05929680028532475,0.0274321887670065,0.0038030071059539697,0.09584141198726097
exploration,open_drawer,95,20,0.08892541030551072,0.10511345989812564,0.05741435424806174,0.016188049592614908,1.1996386961926182,0.07848380999270167,0.07735400047167412,0.06329641066051464,-0.00112980952102755,0.017317859113642458,0.12461271479548941
exploration,open_drawer,95,21,0.08869231621436406,0.14656625329653558,0.06935761438803119,0.04940493421728653,1.46922937641538,0.06544178201133347,0.07573104592947624,0.07147515541103276,-0.0019238897262408572,0.05132882394352737,0.08786147576558771
exploration,open_drawer,95,22,0.07511351882658679,0.10074091481329767,0.05381324472479463,0.025293188016380558,1.5182443543996984,0.06938260340204087,0.0747720705004446,0.04973873139767604,0.005389467098403725,0.01990372091797683,0.08955652313069133
exploration,open_drawer,95,23,0.05944748268870586,0.08019055875646396,0.11568368639273419,-0.035493127636270244,0.820457543544607,0.05813657013150881,0.06609040364267753,0.12321215369976708,-0.057121750057089554,0.0216286224208193,0.05418673766195544
exploration,open_drawer,95,24,0.07271651141975934,0.10497198431653453,0.061655473325937994,0.02757990673359445,1.4297490148753196,0.08291388961855295,0.0622537761837656,0.05149715209352856,-0.020660113434787363,0.048240020168381824,0.09898440327877249
exploration,open_drawer,95,25,0.05316655821599775,0.07632260970853363,0.04555545506591726,0.022464836221001584,1.4155494585717443,0.05407974022255848,0.06437785408471586,0.044945879803192056,0.010298113862157385,0.0121667223588442,0.1023838040054225
exploration,open_drawer,95,26,0.06498964626978332,0.083478427700033,0.05991422670341381,0.009018339834286225,1.1328513175958703,0.05976243713439911,0.089306472062729,0.05885683045084835,0.021547376690033492,-0.012529036855747265,0.12235403801098717
exploration,open_drawer,95,27,0.054518073712261694,0.06901246151219813,0.04236383260988367,0.014494387799936422,1.273558882926813,0.041134891996362326,0.06462872022934342,0.05453234101967271,0.007761114366015544,0.006733273433920879,0.085463140586216
exploration,open_drawer,95,28,0.04486464410949912,0.0919897798580524,0.03974759934437367,0.04370726186288388,1.9066362469902254,0.04990976520709021,0.05310362589929529,0.042161484817613455,0.0005009481851045253,0.04320631367777935,0.12451934068388937
exploration,open_drawer,95,29,0.05740223647856313,0.08648843929932014,0.05299155882925407,0.027093932980104745,1.3931476428352652,0.05141289183345879,0.05848903625254203,0.04951693525771928,0.005815235350426458,0.021278697629678284,0.1568596023267427
exploration,open_drawer,95,30,0.05194079178603047,0.05514370154917947,0.04273645167179546,0.003202909763148999,1.103775344574431,0.03581617464033579,0.045998121767326795,0.05859634028751897,-0.012598218520192175,0.015801128283341175,0.1551649581342834
exploration,open_drawer,95,31,0.05069751095945648,0.0637273254700756,0.03919797804536185,0.013029814510619124,1.347999417696277,0.04231268984441854,0.04414132616889513,0.05275414740993121,-0.00861282124103608,0.021642635751655204,0.2475495447194286
exploration,open_drawer,97,0,0.003694715405234196,0.0037817427360809994,0.003653353911885856,4.8974777638874974e-05,1.0144235664073111,0.0034324390324096104,0.0032276806391219395,0.003334506145043143,-0.000204758393287671,0.000253733170926546,0.8081404616435369
exploration,open_drawer,97,1,0.010104852450311478,0.003778092521064569,0.01686970700024745,-0.01309161447918288,0.23126404269025283,0.007476052546779692,0.003237870029659459,0.011330418463781052,-0.008092548434121593,-0.004999066045061288,0.3392586673920353
exploration,open_drawer,97,2,0.026631875990817188,0.024613884327919,0.03451520790360977,-0.009901323575690768,0.7496145727528093,0.02470738422749273,0.024114940301285397,0.037711620633796746,-0.013596680332511352,0.0036953567568205844,0.03127541815422319
exploration,open_drawer,97,3,0.025643787456364673,0.03281289889721559,0.026170661295480416,0.004301945943872305,1.16953202186479,0.025817516535745478,0.028255434090106297,0.03081542136005649,-0.002559987269950188,0.0068619332138224924,0.02931301411875135
exploration,open_drawer,97,4,0.029732061943831975,0.05125055385217967,0.04193799641574975,0.009312557436429917,1.221057961213477,0.0344954575342905,0.0492644148065027,0.0327085620534536,0.014374702898966201,-0.005062145462536283,0.02690403188989876
exploration,open_drawer,97,5,0.03856309572187291,0.10746546234885206,0.03074854221084775,0.06890236662697916,2.780296129727333,0.0715710530896279,0.15603269628173186,0.036061159772078445,0.08446164319210396,-0.01555927656512481,0.0716245227630073
exploration,open_drawer,97,6,0.040671727544889374,0.10902724996015396,0.043674706552654645,0.0643645608572283,2.48601784345484,0.0385480475664856,0.11359866087163766,0.042259411726756936,0.0713392491448807,-0.006974688287652397,0.06195421827692371
exploration,open_drawer,97,7,0.04719718890032241,0.16479249521597925,0.06149035518513674,0.10057807930835018,2.6229816902086585,0.03504216900434622,0.07902373953454978,0.058309722477843266,0.020714017056706516,0.07986406225164366,0.09270512951604815
exploration,open_drawer,97,8,0.06288654011938595,0.15670942191006634,0.05086703165721198,0.09382288179068042,2.5001394591626496,0.06220695482407462,0.09118741412876256,0.06009787973659347,0.027181927061079136,0.06664095472960128,0.22603716713759545
exploration,open_drawer,97,9,0.05535604745585452,0.11886047859661203,0.06642972848101984,0.052430750115592194,1.8035605670951718,0.05498985561071135,0.10407126355143094,0.06477271864666322,0.039298544904767745,0.013132205210824454,0.1221964761068648
exploration,open_drawer,97,10,0.07221998516529778,0.14681907175127307,0.054027467664672195,0.07459908658597529,2.0294183199174993,0.0647370278010413,0.15464281179857328,0.06370327285238667,0.08785540844211319,-0.013256321856137884,0.1970132649948937
exploration,open_drawer,97,11,0.06672203205973574,0.256060734335451,0.049001768871864256,0.18599836902656156,3.528004870035924,0.09540125617033256,0.2608916061921201,0.061599332819577336,0.16549035002178755,0.020508019004774017,0.25917633375009547
exploration,open_drawer,97,12,0.0568268204553578,0.17083898349554186,0.045831858332117816,0.11398540931726923,2.91454407625055,0.08178422232002486,0.19907370762360732,0.04976581138481769,0.11728948530358248,-0.003304075986313243,0.22271484428074473
exploration,open_drawer,97,13,0.05485078168712878,0.13247957380379968,0.03975712613274988,0.0776287921166709,2.414232971844226,0.06324947727022832,0.11629360737489423,0.04885213434693855,0.05249078816446987,0.025138003952201022,0.19361946823679924
exploration,open_drawer,97,14,0.04941790264740747,0.1871780221025571,0.04522873997454679,0.13495956394535416,3.2119529684185246,0.07078375716684966,0.16185191317955147,0.07623371025104314,0.0776201658259308,0.05733939811942335,0.35983074727209896
exploration,open_drawer,97,15,0.04703020632646377,0.11597095307962028,0.05254180275119787,0.06317534283596048,2.0629500384427697,0.05344102529628054,0.12341222764323977,0.056898469514914674,0.06001861396680088,0.003156728869159605,0.23083264014720348
exploration,open_drawer,97,16,0.05003604986714142,0.1163618937138643,0.04127225929424302,0.06628333748470609,2.694915898963117,0.0468365777494354,0.07847132684540015,0.04236065218911352,0.027995661703556635,0.03828767578114945,0.20345274964843915
exploration,open_drawer,97,17,0.0721380178505661,0.10937743509095665,0.037874245292474386,0.03723941724039056,1.4863203687492197,0.08003054707688095,0.07212236696926058,0.06167289907907819,-0.00790818010762037,0.045147597348010916,0.16671202858886622
exploration,open_drawer,97,18,0.08231480923113138,0.0895992690375973,0.06632049792815908,0.007284459806465922,1.0641773925683282,0.08334957854357146,0.08813660002121622,0.0621641621613731,0.004787021477644773,0.0024974383288211485,0.08540512244242866
exploration,open_drawer,97,19,0.06116473048629236,0.11244430086421425,0.0564741302436288,0.04776595817555677,1.7366366067965615,0.07187090269747402,0.08887653606976259,0.06627005686979785,0.014843800682704878,0.0329221574928519,0.10276872384781655
exploration,open_drawer,97,20,0.09181695395099372,0.11329923257466819,0.06269313420140961,0.021482278623674453,1.2494095189956085,0.0790018211445269,0.07243724808388226,0.058331610415815825,-0.006564573060644642,0.028046851684319096,0.10898162962918434
exploration,open_drawer,97,21,0.08633377710559463,0.15191148617395187,0.0696798900061757,0.054716228320103505,1.5666624371479347,0.06708718025849414,0.09387710435729502,0.0812854033060999,0.008512479881418575,0.04620374843868493,0.09061089435167939
exploration,open_drawer,97,22,0.07495274145468421,0.1099901394315901,0.0673669059060197,0.02866434089042924,1.3178735941060853,0.08125893262463706,0.06946523469470672,0.05182724311348932,-0.011793697929930338,0.04045803882035958,0.07835311540755659
exploration,open_drawer,97,23,0.058234918428406494,0.08009252572723889,0.13592293073928993,-0.05583040501205103,0.6329818696538282,0.05725884217856894,0.05282872957311263,0.10642084671767327,-0.053592117144560636,-0.0022382878674903975,0.056916841401753494
exploration,open_drawer,97,24,0.11577370663577806,0.12714981349418228,0.06179291447557924,0.011376106858404214,1.138439975773283,0.07567145955046532,0.06537916900876714,0.06050503227911872,-0.011611770496670967,0.02298787735507518,0.10144969714798435
exploration,open_drawer,97,25,0.07649111938626581,0.10320985503567937,0.05543625845748829,0.026718735649413558,1.404779226801476,0.058424790914802856,0.05247005520468046,0.05043886190958138,-0.00595473571012239,0.032673471359535945,0.0778967418594334
exploration,open_drawer,97,26,0.06987093758261509,0.10540998860784877,0.05469682948753662,0.03396624237151574,1.476434293282799,0.06976564407455733,0.09907612667366937,0.05117598982106087,0.029310482599112023,0.004655759772403717,0.1415575540883509
exploration,open_drawer,97,27,0.049300365078833695,0.07601131105941955,0.04310151216594824,0.025318945297329306,1.5199547256232557,0.04817587199547715,0.05300172328497998,0.04518722215035189,-0.0004807962423216729,0.025799741539650978,0.07330584600852792
exploration,open_drawer,97,28,0.06546079958710381,0.0874189222041004,0.061140876442761616,0.01329750810427588,1.185478983344259,0.059912723415710877,0.05628469547891526,0.04344824012745577,-0.0036280279367956214,0.016925536041071502,0.10544554459548768
exploration,open_drawer,97,29,0.06355724286369706,0.0754580346245983,0.05460378529935981,0.010691068253434917,1.2265698393822189,0.054643556055775255,0.06663840580400983,0.042479364209209086,0.011994849748234582,-0.0013037814947996658,0.14139326670162214
exploration,open_drawer,97,30,0.06193233807089608,0.0644571326002356,0.0525792947065337,0.0015694855540473011,1.1046390229091774,0.04434868955953011,0.04939973775224213,0.047715042733923296,-0.006092888785367343,0.007662374339414644,0.16756354696696008
exploration,open_drawer,97,31,0.047757389050803865,0.061222025878616214,0.045114485738192454,0.010378044527625419,1.2671304947372437,0.04208373439096071,0.04518922005336142,0.05607454208646947,-0.010885322033108045,0.021263366560733465,0.22164288574428306
exploration,open_drawer,99,0,0.004063157607514409,0.004493964845095817,0.003923802733878154,0.000390754518401215,1.0965303650872855,0.004137697609474717,0.004150344674652539,0.003987672403490247,1.2647065177822086e-05,0.00037810745322339293,0.8191030472517014
exploration,open_drawer,99,1,0.0067797582270750015,0.0036107316574000934,0.012713109703496,-0.009102378046095908,0.2855610630024166,0.007727522591376826,0.005052362283441667,0.011378110623313849,-0.006325748339872182,-0.0027766297062237263,0.33079008098381263
exploration,open_drawer,99,2,0.03213852506612432,0.04408873294785152,0.033313562886506894,0.010564756583764406,1.3736566487369946,0.026247316173087874,0.025578585327274066,0.029838039598491017,-0.004259454271216952,0.01482421085498136,0.02524154240770334
exploration,open_drawer,99,3,0.026762631678818264,0.035481612795952126,0.030524720799158005,0.004904935430161363,1.1932526716866054,0.023352384400725717,0.05301319377135464,0.03042607019534292,0.022587123576011735,-0.017682188145850368,0.0425606161795713
exploration,open_drawer,99,4,0.026663133092500093,0.028630985332272638,0.041027019028711455,-0.012396033696438815,0.7875544321943643,0.03914230850514449,0.03860014170105272,0.028979883057049984,-0.0011664900926631344,-0.011229543603775682,0.02850035381804143
exploration,open_drawer,99,5,0.05189576122993722,0.1526834103556409,0.03598541700887414,0.1007876491257037,2.9751239466964106,0.06101131619129316,0.09693508932616819,0.036444562622340256,0.03592377313487503,0.06486387599082866,0.06255304545478187
exploration,open_drawer,99,6,0.05497153558875606,0.09983183278910791,0.04711969853592166,0.044316759704916144,1.793839350208503,0.0656124968937925,0.06179905896975585,0.04623400250798868,-0.0038134379240366534,0.0481301976289528,0.05035419168890106
exploration,open_drawer,99,7,0.03677098132757981,0.09387279837117822,0.06987820950668532,0.0239945888644929,1.4688476396002992,0.039439585171219815,0.07945877786297753,0.06651688823946025,0.01294188962351727,0.011052699240975633,0.09077755175000372
exploration,open_drawer,99,8,0.06122115904418468,0.08399229624447933,0.06195950866501306,0.018267492711559804,1.2786665530067545,0.04442478866883324,0.04772755494884229,0.05129299292877249,-0.003565437979930209,0.021832930691490015,0.20546807847040327
exploration,open_drawer,99,9,0.05889061519637758,0.07390729848839614,0.07971071818181648,-0.005803419693420339,0.9347208766476434,0.04980939708710686,0.06993527606940442,0.07115713096420569,-0.0012218548948012854,-0.0045815647986190535,0.1244812294495053
exploration,open_drawer,99,10,0.0668166910510561,0.11885492119074935,0.06533773930883978,0.04764445908013767,1.7787779134906099,0.06428420430338301,0.0738605411976364,0.054907235041390855,0.00874420174716345,0.03890025733297422,0.1821369623666366
exploration,open_drawer,99,11,0.06801858325412513,0.15676348740500615,0.03847549468212838,0.088744904150881,2.276646962992259,0.09003684252639149,0.1061474519974203,0.05042662342123288,0.016110609471028825,0.07263429467985218,0.235652402046829
exploration,open_drawer,99,12,0.058097216349143166,0.1163921564194814,0.03789100100707046,0.05829494007033823,2.2834862122878974,0.06833687115832615,0.06795046317571617,0.045364590252711647,-0.0017382303540058781,0.06003317042434412,0.2086590465884607
exploration,open_drawer,99,13,0.04279621794200505,0.08958142218778124,0.03323457758307718,0.04565405315929341,2.176881658277829,0.05801191102955671,0.04832986622114773,0.043967167028951516,-0.009682044808408986,0.0553360979677024,0.16252536988895372
exploration,open_drawer,99,14,0.05653313250524699,0.13000701838073814,0.054684307259068164,0.07347388587549115,2.247918718077491,0.07995229628175755,0.0820685877536587,0.0485951971735257,0.002116291471901154,0.07135759440359,0.3311376074045711
exploration,open_drawer,99,15,0.05614987801552047,0.06858760599197483,0.054439193858824265,0.009360560990246555,1.1959797915033337,0.06324576511070909,0.050709749022746574,0.050164659602347096,-0.012536016087962523,0.02189657707820908,0.20320133874868893
exploration,open_drawer,99,16,0.06386475175020263,0.10532096253207142,0.04007979453957348,0.04145621078186879,1.7508115954091117,0.06436529814293868,0.05477469354438266,0.05152605759505316,-0.016216814601029177,0.05767302538289796,0.16634379600340785
exploration,open_drawer,99,17,0.05876952371637145,0.07168691821884032,0.04457543802983623,0.012917394502468878,1.1846814740641132,0.06395658842205401,0.0485034732111649,0.05169462092594571,-0.016945815410523514,0.029863209912992395,0.17127317363285025
exploration,open_drawer,99,18,0.06174961409668242,0.07794274605596017,0.04088628080394296,0.016193131959277757,1.3739497617376493,0.08374243807646542,0.05905647144330269,0.05352078180125062,-0.024685966633162724,0.04087909859244048,0.10032481593278438
exploration,open_drawer,99,19,0.0482503246473453,0.08278481496811495,0.047979957168094695,0.027996161252348634,1.5381199423562792,0.06865017784846356,0.06239370006645952,0.05926396919814197,-0.008547683169028639,0.036543844421377265,0.09164285522996352
exploration,open_drawer,99,20,0.10012743545881737,0.1103089542327806,0.05633233882938363,0.010181518773963219,1.1324769025998778,0.08941674280600163,0.050471879710412136,0.04950952072934903,-0.0389448630955895,0.049126381869552725,0.11410761950061499
exploration,open_drawer,99,21,0.07622150230926407,0.08893773700028562,0.05873256389545942,0.012716234691021538,1.150907568965494,0.0786789869908028,0.061383218286333474,0.058828953129290075,-0.021226193525238076,0.03394242821625961,0.11219835399366218
exploration,open_drawer,99,22,0.06000746883952107,0.09529064095481132,0.05015076570525917,0.03528317211529025,1.6041603114949776,0.09862226729150626,0.05970148230828728,0.04082183331224609,-0.038920784983219,0.07420395709850926,0.09620065023378761
exploration,open_drawer,99,23,0.07791929484565814,0.0658111241119302,0.09565879681751821,-0.031518871077757776,0.7299832435106529,0.06450460187478628,0.0451089164012368,0.12080158406744905,-0.07569266766621226,0.04417379658845449,0.05965199314648354
exploration,open_drawer,99,24,0.07798360224288749,0.0888101300588114,0.04852092032914999,0.01082652781592392,1.1344208692091933,0.06303169047592186,0.06023759751467991,0.05668973100649413,-0.0056324518580236,0.016458979673947518,0.12723567879669417
exploration,open_drawer,99,25,0.06379577857647377,0.06715375827093745,0.04673494943111071,0.00258099612924245,1.130116521278506,0.047620843933350365,0.04781299508238123,0.046689360618988984,-0.0034042481189209017,0.005985244248163352,0.08109184247661479
exploration,open_drawer,99,26,0.05809753909788632,0.059806638046161875,0.041022074182913267,0.001709098948275543,1.0277183647652193,0.06213826755870522,0.055814281739073844,0.04427931730684329,-0.006323985819631374,0.008033084767906916,0.13935935251917897
exploration,open_drawer,99,27,0.04725821070158511,0.062205605547990615,0.03607205107882681,0.014947394846405511,1.3685694923339302,0.04768032694358045,0.05595335490900116,0.0415946266703936,0.007968546664772464,0.006978848181633047,0.05529799387827694
exploration,open_drawer,99,28,0.04421765247742093,0.06922947041133044,0.048691555499093736,0.017648830841849438,1.3636977049514127,0.05687776441180654,0.036208193409545876,0.05791630879358622,-0.02593511105698602,0.04358394189883546,0.09808923407054237
exploration,open_drawer,99,29,0.05199994368339078,0.058159722877161,0.04305149587351185,0.005836044621191944,1.1671211726642767,0.057465007428938814,0.050891607778715355,0.04231589707145491,-0.006573399650223463,0.012409444271415408,0.14152170122470883
exploration,open_drawer,99,30,0.05919395677390418,0.04114367465889621,0.049486861602545056,-0.018050282115007976,0.7024262103277139,0.040784595101577996,0.03369224138184361,0.04173107879957211,-0.010295780719066559,-0.007754501395941416,0.15492038966128044
exploration,open_drawer,99,31,0.0559030247056573,0.06523315593877721,0.04199793811884859,0.00933013123311991,1.2539198880079112,0.04939609574846859,0.04226649951526704,0.04065041211424052,-0.007129596233201543,0.016459727466321454,0.23983735286674346
exploration,pick_coke_can,0,0,0.004816242830332397,0.00255320229455138,0.0033811713150152384,-0.0022630405357810172,0.5303045348835297,0.004373177048877643,0.0024577027910943753,0.0031437458150331845,-0.0019154742577832682,-0.0003475662779977489,0.8276928079624971
exploration,pick_coke_can,0,1,0.01241487229123981,0.005122547559584238,0.007393355322346014,-0.007292324731655572,0.4115448194117706,0.011576716319784885,0.0035877113583742716,0.007707519926221227,-0.007989004961410612,0.000696680229755039,0.47634710049411905
exploration,pick_coke_can,0,2,0.02310744597123343,0.017252077065027318,0.033792782652321884,-0.016540705587294563,0.510510198473171,0.034280859349121014,0.02274189099496646,0.03565146940955729,-0.013587137351364291,-0.002953568235930272,0.0481574430578083
exploration,pick_coke_can,0,3,0.03346126358595347,0.0743509938540073,0.03833481622624047,0.03601617762776682,1.9321664015711797,0.03165912872122013,0.03580419828580259,0.027727472186039156,0.0025063082457645824,0.03350986938200224,0.03835385195784132
exploration,pick_coke_can,0,4,0.035371124681928406,0.05914236114358179,0.032450838735211485,0.023771236461653383,1.6750817614736138,0.030526005654103378,0.04712486860122561,0.04264207983748225,0.004482788763743368,0.019288447697910018,0.0434904300738026
exploration,pick_coke_can,0,5,0.04143383308008854,0.035665532436001034,0.03521700811558951,-0.005768300644087505,0.8921917848975144,0.0506116153217461,0.030912008551445602,0.04082970555600749,-0.0196996067703005,0.013931306126212994,0.0732352457749433
exploration,pick_coke_can,0,6,0.03664848724989811,0.13791239898579608,0.0376208749636228,0.09961146162391525,3.6078627857208456,0.05521671802938319,0.07087744138040385,0.039020151948041364,0.01504349589599381,0.08456796572792143,0.09990417478638847
exploration,pick_coke_can,0,7,0.049211700191973295,0.16767183107996017,0.05354310061154891,0.11412873046841127,3.1457595769107685,0.06597759243173656,0.06806763206833648,0.05476045576958041,0.0009251025561307103,0.11320362791228056,0.10801431567324471
exploration,pick_coke_can,0,8,0.0675929897374017,0.1263606444141665,0.050439534146218525,0.05876765467676482,1.9132520026332773,0.05811408741607647,0.09323989007860678,0.04667287206347101,0.03512580266253032,0.023641852014234504,0.17493540414776967
exploration,pick_coke_can,0,9,0.05427741690606907,0.1600340883717725,0.07158643032661002,0.08844765804516248,2.2297585028805726,0.0815457586875117,0.07858511448525657,0.06696177728245191,-0.0056658162044572495,0.09411347424961973,0.13678025172187822
exploration,pick_coke_can,0,10,0.05590268005766901,0.16018490386996695,0.067932478161282,0.09225242570868497,2.3536928044918706,0.061904090103040765,0.06503863322704705,0.05440613603914999,9.748902150774157e-05,0.09215493668717722,0.21076858926744535
exploration,pick_coke_can,0,11,0.05755281211838389,0.2711280583203875,0.03837923969521067,0.21357524620200366,4.710901566354022,0.07503798355703119,0.13406122651047625,0.04583109736954546,0.059023242953445056,0.15455200324855858,0.20428512801830342
exploration,pick_coke_can,0,12,0.051944746114320095,0.17217862840156353,0.031530665830170765,0.12023388228724347,3.434436539175602,0.07173557420629771,0.12224664436421954,0.04151134965868447,0.05051107015792184,0.06972281212932163,0.21519625205564807
exploration,pick_coke_can,0,13,0.045466149722518216,0.17191371573758532,0.04128662852479747,0.12468232088556219,3.7911837977325242,0.07423644216212082,0.06833001536501436,0.04375334625682117,-0.005906426797106457,0.13058874768266862,0.19351905206059428
exploration,pick_coke_can,0,14,0.05676350004982288,0.22632235213031135,0.048014157575204025,0.16953904636069886,4.032916423369165,0.06435256768700415,0.1299236598738602,0.05122352390267617,0.06557109218685606,0.10396795417384282,0.382641839675595
exploration,pick_coke_can,0,15,0.04919869414284589,0.11426475813725774,0.06423277183869662,0.050031986298561114,1.7795989971544397,0.05454574232774285,0.10245045054721992,0.046243444477395944,0.04616099352238535,0.003870992776175764,0.23314728437283824
exploration,pick_coke_can,0,16,0.06430278556915947,0.1416561597163599,0.035676151804158285,0.07735337414720041,2.268262653448956,0.062104862235278675,0.10318572345522838,0.053282518212271486,0.0410808612199497,0.0362725129272507,0.24949764946290998
exploration,pick_coke_can,0,17,0.05434181312695422,0.16114652375128316,0.04842635484073523,0.10680471062432893,2.967535697777699,0.0775177969102455,0.11848456985541227,0.05022540673727969,0.04096677294516674,0.06583793767916218,0.1962697054709679
exploration,pick_coke_can,0,18,0.08150859048738009,0.11906666706919757,0.05732263117520417,0.037558076581817486,1.460640682730536,0.09472680581746233,0.09187157368076317,0.0559418018264051,-0.0028552321366991603,0.04041330871851665,0.11578397090948063
exploration,pick_coke_can,0,19,0.0921439758201259,0.10358298968675117,0.07970903155722205,0.011439013866625283,1.1398719727864741,0.08404696326937726,0.08010838376691377,0.06173349552213625,-0.003938579502463469,0.015377593369088753,0.11327101087748777
exploration,pick_coke_can,0,20,0.12841744425079166,0.16677455081646486,0.07967530653043946,0.0383571065656732,1.343151033764399,0.10364320131902001,0.10064356901139558,0.049803417064786415,-0.0029996323076244328,0.04135673887329763,0.09367883213419799
exploration,pick_coke_can,0,21,0.09727485401417002,0.24879891770948567,0.08855222182671783,0.15152406369531563,2.561081501636139,0.0783894622370153,0.11024321331639693,0.05131940508796632,0.03185375107938165,0.11967031261593399,0.1125972280220869
exploration,pick_coke_can,0,22,0.10107282569836046,0.10914620616240327,0.06222616841312162,0.008073380464042795,1.0893907548225183,0.08308744433171421,0.1078078273167898,0.05702887619188859,0.024720382985075593,-0.016647002521032805,0.1430187310316929
exploration,pick_coke_can,0,23,0.10640974399322693,0.10436848133682519,0.049736260931629216,-0.002041262656401722,1.018313242635799,0.09507607263911831,0.05029360701370816,0.1509552418871746,-0.10532370470297688,0.10328244204657515,0.12312769353871052
exploration,pick_coke_can,0,24,0.10432641569330814,0.1679830870920385,0.07998216515364266,0.06365667139873037,1.7026744709889357,0.1285257973774205,0.10329000714771296,0.06366288489776091,-0.025235790229707535,0.08889246162843789,0.15123408338187025
exploration,pick_coke_can,0,25,0.07223161453301653,0.10796362755714121,0.054576076918749966,0.03573201302412468,1.535173707733727,0.08138552175924346,0.05160581546957819,0.05517573614347868,-0.02977970628966527,0.06551171931378995,0.125894425595123
exploration,pick_coke_can,0,26,0.07532352349288086,0.09887866733639779,0.05646230975355382,0.023555143843516948,1.3375877911702367,0.09687615446534004,0.06937508073200688,0.051424710870773604,-0.027501073733333162,0.05105621757685011,0.12589306958263316
exploration,pick_coke_can,0,27,0.05447680213673906,0.05350402182307514,0.04184911431107568,-0.0014814918662944775,0.9937907194186627,0.06169880437897385,0.04679588623238253,0.03595652674213649,-0.014902918146591318,0.013421426280296841,0.12623515088912166
exploration,pick_coke_can,0,28,0.051986422364886396,0.08478093925492368,0.046842986738547955,0.031341666830639436,1.6359755780515177,0.062016725039932885,0.05482729892223279,0.044670798138942897,-0.007189426117700087,0.03853109294833952,0.12797785513760238
exploration,pick_coke_can,0,29,0.05692814953656274,0.060149769763265304,0.03839354189123005,0.00322162022670257,1.0592180885777875,0.07341848549268952,0.043154441556907064,0.05109234722368409,-0.030264043935782452,0.033485664162485024,0.2735077024713064
exploration,pick_coke_can,0,30,0.048957141417138285,0.06341316315134009,0.05243104835172938,0.009630297932524052,1.1832575167970953,0.05001598244326017,0.051552631209369294,0.043833127389075945,-0.0006731721359295959,0.010303470068453648,0.1703537600808905
exploration,pick_coke_can,0,31,0.05872341613078751,0.04755191172924159,0.04588914701813565,-0.011171504401545908,0.8100524991731142,0.05210124148853205,0.05133762475076248,0.04418349810061533,-0.00419415554196919,-0.006977348859576719,0.26609558724006394
exploration,pick_coke_can,1,0,0.004821061483591947,0.0028920353552724554,0.003585866571958336,-0.0019290261283194919,0.6005118752908216,0.004901177044776457,0.003260476438307587,0.003344970113741156,-0.001640700606468871,-0.00028832552185062074,0.8060366784532865
exploration,pick_coke_can,1,1,0.013322999003666168,0.004470805267116659,0.008372879498684949,-0.00885219373654951,0.33629639818796114,0.015680620458244383,0.004525826850774365,0.009112221045038662,-0.011154793607470017,0.002302599870920507,0.40601603748897713
exploration,pick_coke_can,1,2,0.033837699472503174,0.020888561323976342,0.03401984288737011,-0.01713885065811944,0.5502340975896631,0.03414570667365701,0.021328848066047873,0.03370858483270903,-0.013911688827349283,-0.0032271618307701568,0.032206488231963704
exploration,pick_coke_can,1,3,0.04093977684764205,0.035091223049061517,0.03758166377434346,-0.0058485537985805275,0.8599697495456198,0.034557492875020676,0.04018181723740059,0.030179628971407888,0.005624324362379913,-0.01147287816096044,0.026949722105608014
exploration,pick_coke_can,1,4,0.030218732256134903,0.06589849002753992,0.03012172044169932,0.03333808494934191,2.037515923266625,0.031402635938789926,0.05464969958116924,0.029200667195954405,0.021794284228927808,0.011543800720414105,0.059684742357148934
exploration,pick_coke_can,1,5,0.04544768282697113,0.032566858064816746,0.03386882908417853,-0.012880824762154379,0.734469268900244,0.045137655541091254,0.04428406377794677,0.038631555559031305,-0.0008535917631444812,-0.012027232999009896,0.08422965358264871
exploration,pick_coke_can,1,6,0.040451928913913054,0.08288578065740915,0.04378304772378195,0.03798408063002983,1.8620916653427342,0.0435302355323233,0.09690989969939268,0.03732809555592719,0.05311266083644268,-0.015128580206412855,0.11626331239032577
exploration,pick_coke_can,1,7,0.0544692971665148,0.17661138207100954,0.05210903502092898,0.12171238050381879,3.215875849125851,0.05358761206587909,0.07822458677218179,0.05598580866981612,0.020731678441768996,0.10098070206204979,0.07626883181425607
exploration,pick_coke_can,1,8,0.0647304499137291,0.12847194897905337,0.05234655381491073,0.0637414990653243,1.9955547749512492,0.07053909264627296,0.09665613621845148,0.0429899382692207,0.026117043572178523,0.037624455493145775,0.16585258732417665
exploration,pick_coke_can,1,9,0.060884388298054,0.07856718574176554,0.06303992977736263,0.014135550038552118,1.2353259186779268,0.05049206654474475,0.06116586944246218,0.05919778977230306,0.0019680796701591224,0.012167470368392996,0.14324275021961816
exploration,pick_coke_can,1,10,0.06645658619386773,0.09324165229520669,0.04412687091899455,0.026785066101338947,1.4531120716874637,0.06723999885187083,0.06198862790807943,0.05062210281293924,-0.005251370943791411,0.03203643704513036,0.17486474534174098
exploration,pick_coke_can,1,11,0.06863295476533447,0.22846553269793568,0.03655776993467244,0.15983257793260122,3.518612543343829,0.06400113651788493,0.10415118434174764,0.041807719196074435,0.0401500478238627,0.11968253010873853,0.1943780722123923
exploration,pick_coke_can,1,12,0.07037942797618015,0.14646703189146434,0.0610398586708208,0.07381761479648213,2.076475375755838,0.050007507829808916,0.06825457942301072,0.03911385171126818,0.016497193838942936,0.0573204209575392,0.15890251922057055
exploration,pick_coke_can,1,13,0.042021101479481134,0.11056214306920827,0.038895762934964696,0.06854104158972711,2.604452801442927,0.054122642096903116,0.06555789088293644,0.04146925784134058,0.011435248786033317,0.0571057928036938,0.17359953905814032
exploration,pick_coke_can,1,14,0.05124599313611006,0.21463878482983945,0.04849095534585179,0.16099841401434228,3.9564389735795493,0.06764048601555438,0.09798092088466348,0.052256636382800446,0.030340434869109117,0.13065797914523317,0.33179157019480954
exploration,pick_coke_can,1,15,0.05373441412569343,0.12829759415047562,0.05813378052003717,0.07016381363043846,2.185995621749847,0.05816499321071276,0.06761762631339918,0.051364029410530664,0.006003984715395897,0.06415982891504256,0.2258596189395424
exploration,pick_coke_can,1,16,0.05155758405426564,0.14459926586269947,0.04617133900501685,0.09304168180843381,2.8617317801340776,0.08102910867119488,0.058001935497329425,0.04030360060670641,-0.02302717317386546,0.11606885498229928,0.199588193339063
exploration,pick_coke_can,1,17,0.06067763339958732,0.20115468699593683,0.06210242695200537,0.13785065755796513,3.1098736155488744,0.06929117330922895,0.07584462332667379,0.04234820794119246,0.006553450017444851,0.1312972075405203,0.14923616264181305
exploration,pick_coke_can,1,18,0.08808042917094061,0.11552328246321668,0.050564544449099476,0.027442853292276057,1.3080519197641791,0.09869355504074429,0.05929238818125209,0.04790398121435968,-0.03940116685949218,0.06684402015176823,0.08408401234827541
exploration,pick_coke_can,1,19,0.07911163970056777,0.09378419040739594,0.11135397346131086,-0.017569783053914892,0.8646890379645287,0.11351162528739032,0.0704634094741183,0.08442871706137149,-0.04304821581327201,0.025478432759357125,0.13106971915428764
exploration,pick_coke_can,1,20,0.10170350485229525,0.09792510344915258,0.08433263796504968,-0.003778401403142668,0.9798046978837484,0.11140698269370408,0.07131962999883944,0.08268526705404605,-0.04008735269486464,0.03630895129172198,0.17756237107438247
exploration,pick_coke_can,1,21,0.08926768387146837,0.18950487188919699,0.11897685354862135,0.07052801834057565,1.5897584087866499,0.11227597614834162,0.08463964530417596,0.09016077720088454,-0.027636330844165658,0.0981643491847413,0.1116965047205613
exploration,pick_coke_can,1,22,0.11133543004384013,0.1148951294922186,0.09986580094160308,0.003559699448378482,1.0098036492374192,0.09807430539078345,0.08765899462790681,0.0685195909930884,-0.01041531076287664,0.01397501021125512,0.1565396582309925
exploration,pick_coke_can,1,23,0.07412630710734626,0.06811405724929848,0.1168586082863578,-0.048744551037059325,0.5850489798415553,0.08089340481535533,0.07241347220050319,0.09067830923683041,-0.02502926609434293,-0.023715284942716398,0.10013886349260304
exploration,pick_coke_can,1,24,0.10532406042606907,0.13418704716275343,0.06283383315536044,0.028862986736684373,1.2789481250522348,0.11879851034487077,0.08334872055458165,0.08115374202284494,-0.03544978979028913,0.0643127765269735,0.1329328109633039
exploration,pick_coke_can,1,25,0.09984591750880029,0.07237555669997171,0.05704308615008475,-0.02845131812038376,0.8023642570981466,0.06797265298483145,0.04767155151595707,0.058011780201028505,-0.02603456523906852,-0.0024167528813152394,0.0981035753634627
exploration,pick_coke_can,1,26,0.11896547483137447,0.06792853329772194,0.07595256839340392,-0.05188726900377608,0.5749993823759041,0.09438664432798079,0.0615422498345308,0.05579442517013785,-0.032844394493449995,-0.019042874510326095,0.12792180753192284
exploration,pick_coke_can,1,27,0.04857288300173604,0.06364817138695339,0.055994473822597195,0.004112624106047964,1.07053762045424,0.0652501938869078,0.04954021124097133,0.04521945660403118,-0.015709982645936475,0.01982260675198444,0.07612146581933625
exploration,pick_coke_can,1,28,0.07549618589755631,0.056718016124013754,0.05429595334016588,-0.018778169773542564,0.7820037661385145,0.06948904234027145,0.04400000117471831,0.04334180566882798,-0.025489041165553134,0.006710871392010573,0.1104868313296971
exploration,pick_coke_can,1,29,0.06851749509120998,0.04582060969742941,0.0502101826990386,-0.025379118045677704,0.6427765721101888,0.06257563155963744,0.04903867434231656,0.04356575947856454,-0.013536957217320877,-0.011842160828356827,0.19059648531227444
exploration,pick_coke_can,1,30,0.052009860528095274,0.06369566811019112,0.04183151440000754,0.011380165211026165,1.241524090336169,0.05368306444563766,0.042092407268048804,0.038354253004171744,-0.011590657177588856,0.02297082238861502,0.1211740717236059
exploration,pick_coke_can,1,31,0.05800797530283441,0.050963480694696604,0.053273485974244576,-0.008487234342586336,0.8666329011477724,0.05144112010141205,0.043368055055011456,0.04212154015554901,-0.008073065046400598,-0.00041416929618573695,0.24274914549535728
exploration,pick_coke_can,30,0,0.004352575850336443,0.0025596585685119266,0.003328290610009587,-0.001792917281824516,0.5859300450731618,0.004580231813223351,0.0027173684516511205,0.003063588839801921,-0.0018628633615722305,6.994607974771421e-05,0.818819290647904
exploration,pick_coke_can,30,1,0.01256630055099455,0.004032427825100943,0.009578858853241149,-0.008533872725893605,0.3187121271362889,0.0135951107079393,0.0038801819248542296,0.007577250973681335,-0.00971492878308507,0.0011810560571914655,0.44755768607137725
exploration,pick_coke_can,30,2,0.03561943743278099,0.02193375204547021,0.03573580796751344,-0.014389003727720501,0.6084421836961432,0.03264231068577346,0.020985477865811165,0.03330364631167305,-0.013891873044069006,-0.0004971306836514937,0.034029644995807
exploration,pick_coke_can,30,3,0.03290070744741394,0.04215528398715875,0.03384045876768051,0.006615031820631614,1.2089400153973524,0.030871361019383398,0.03146149845062853,0.03113920807317716,-0.000862362997349714,0.007477394817981328,0.021890918840777356
exploration,pick_coke_can,30,4,0.031459875048268554,0.06586119236509907,0.03775377225752774,0.02809729044735601,1.7475892339734782,0.031072648662349645,0.05624020613532099,0.03089459536456207,0.02203553502950224,0.006061755417853772,0.06125285518885448
exploration,pick_coke_can,30,5,0.045025092046323684,0.029951038338150205,0.04141627433644319,-0.018707518275233502,0.619344056919759,0.04544211528075407,0.027198777666206486,0.03398906859264028,-0.01824333761454759,-0.0004641806606859126,0.07447443483052514
exploration,pick_coke_can,30,6,0.046283221746138005,0.08504900219128443,0.03870858942623296,0.03876578044514644,1.9139513276679125,0.04948096198807961,0.06164707555682386,0.03539401817452464,0.010576519236416858,0.028189261208729582,0.10259417971701623
exploration,pick_coke_can,30,7,0.05387212199494664,0.14641871171233736,0.05834675492057153,0.08686525370955349,2.4708400443937393,0.060115890457349684,0.08243425420137884,0.05083751078342733,0.022318363744029162,0.06454688996552431,0.08653142594880592
exploration,pick_coke_can,30,8,0.054394707409902265,0.11443585156521326,0.0449045375038693,0.060041144155311005,2.0595728107308258,0.0652831147772583,0.08591275520647179,0.04790405688943597,0.02059946605946427,0.039441678095846734,0.14481615583872554
exploration,pick_coke_can,30,9,0.052216453945303366,0.09182369809362079,0.05816526740304018,0.03332699033448683,1.5691831826625748,0.05793036784822276,0.06133360298310366,0.05416061262394184,-0.0009989926663927298,0.03432598300087956,0.12848358153610207
exploration,pick_coke_can,30,10,0.05397484256771762,0.09084132214019609,0.04941165848410273,0.03686647957247848,1.6302614416343477,0.05402972374574849,0.05968169287583618,0.04148073353597701,0.005651969130087686,0.031214510442390802,0.15238186648033056
exploration,pick_coke_can,30,11,0.06713038219964888,0.1497945565166233,0.036950856851240464,0.0826641743169744,2.3432998616930036,0.0848311691494338,0.11431483631353632,0.061292355774569894,0.029483667164102514,0.05318050715287188,0.19336956112806547
exploration,pick_coke_can,30,12,0.05890805471965723,0.11257983207544296,0.03696107809659383,0.05367177735578574,1.9849218918123581,0.07608940414167158,0.07982370051371605,0.04756385755497944,0.003734296372044458,0.04993748098374129,0.20394833173380297
exploration,pick_coke_can,30,13,0.05626105287162498,0.0798760419917837,0.05521857541861782,0.02154062890656051,1.4567295546631762,0.05330737098600189,0.07113605491646607,0.03909742911388614,0.017828683930464186,0.0037119449760963214,0.14100920994529056
exploration,pick_coke_can,30,14,0.059183527238585616,0.13060260886773215,0.06956258822009838,0.06104002064763376,2.176159392749795,0.07250477079661033,0.07034013663131217,0.05225918391616443,-0.0021646341652981627,0.06320465481293192,0.38423002671849343
exploration,pick_coke_can,30,15,0.059531898692804786,0.0711609987737458,0.055976810393118255,0.009151740067428927,1.0740296841890034,0.06270430103388987,0.05552281296930337,0.04854716711745824,-0.007181488064586505,0.016333228132015435,0.2330973504171728
exploration,pick_coke_can,30,16,0.060373810400927735,0.10978484312261477,0.04864565881215701,0.04902362894900402,1.8192114125033678,0.06934297757798337,0.05898120043701425,0.046920092598961904,-0.010361777140969123,0.05938540608997314,0.2253757780509602
exploration,pick_coke_can,30,17,0.06512516106599724,0.12227482604351965,0.05824867623607271,0.057149664977522406,2.0870036404843177,0.08775337579539237,0.05656151830989198,0.06788831652581027,-0.03385097296254718,0.09100063794006959,0.19488305768980277
exploration,pick_coke_can,30,18,0.08109846852494856,0.1195012884925435,0.061862988375117334,0.03840281996759496,1.4386150992629336,0.08625736626262413,0.06001384212419499,0.05068567874279326,-0.026243524138429144,0.0646463441060241,0.10126684967962281
exploration,pick_coke_can,30,19,0.10476883796036623,0.0841778760828067,0.11477276037839741,-0.041248639883484026,0.6825315425298794,0.09004971292566132,0.05682167857235926,0.051463948903126853,-0.03322803435330205,-0.00802060553018197,0.12189914312841665
exploration,pick_coke_can,30,20,0.1045097549810251,0.12943874737153926,0.08772753942938204,0.018426934064365835,1.1575056812553812,0.11675392198163274,0.0594826381449289,0.06479914034919666,-0.057271283836703844,0.07569821790106968,0.12533904155826173
exploration,pick_coke_can,30,21,0.10958686413979617,0.1516400686828594,0.10549709191017331,0.04204013669786608,1.234865413253935,0.1101979800502791,0.0572244797347346,0.08173008231159919,-0.05297350031554451,0.09501363701341059,0.07953526503830233
exploration,pick_coke_can,30,22,0.10547248427092186,0.0992254928762535,0.08574393212636562,-0.00624699139466834,0.9017604557311522,0.09902573856145513,0.0708933228745663,0.08226927806770735,-0.028496691443593944,0.022249700048925607,0.14079868750524346
exploration,pick_coke_can,30,23,0.09762366576500629,0.08343528004488733,0.08652521060323061,-0.014188385720118943,0.8802338027377631,0.11972095720416424,0.0408090738762549,0.10489431380601694,-0.09364160064875277,0.07945321492863383,0.06656903651447028
exploration,pick_coke_can,30,24,0.13882760340749675,0.14876763524723405,0.09197974409006125,0.00994003183973729,1.0331933849536041,0.12585635780536952,0.06715529404274372,0.08004983026277233,-0.058701063762625794,0.06864109560236309,0.09331563315163294
exploration,pick_coke_can,30,25,0.09399992331513135,0.06901243013311213,0.049423398328677426,-0.024987493182019215,0.7825949985314994,0.08357942449857375,0.04681993994024771,0.05149905489098484,-0.036759484558326026,0.011771991376306816,0.10614848760672284
exploration,pick_coke_can,30,26,0.08941328269191899,0.06422410066233238,0.061594716232497265,-0.025189182029586605,0.733051060677664,0.10893947922220243,0.051305404436911846,0.0666884367821084,-0.05763407478529059,0.032444892755703975,0.12614472091678883
exploration,pick_coke_can,30,27,0.0506070495617334,0.053672429344627764,0.04469698171174452,0.00033242074033915564,1.0657184466260377,0.05475545774282244,0.04278620050902468,0.036097792642073634,-0.011969257233797758,0.012301677974136912,0.09425766614314313
exploration,pick_coke_can,30,28,0.059851318582561985,0.06000599980046609,0.0491627376111236,0.00015468121790409664,0.9959685347341759,0.0618707841689558,0.045851349578944704,0.04685713646278821,-0.016082599880974845,0.016237281098878942,0.1394016828201122
exploration,pick_coke_can,30,29,0.06384857771155424,0.05276853628879624,0.04091574675909501,-0.011080041422757992,0.9055281502585991,0.07203042204565001,0.0498723013010765,0.06084574599003717,-0.02974625720824128,0.018666215785483286,0.18645342721007788
exploration,pick_coke_can,30,30,0.05758494025665214,0.044008108365461984,0.041124709576830454,-0.013576831891190156,0.7699799499518227,0.045250393236789414,0.050367960030676666,0.03379629168486183,0.005117566793887247,-0.018694398685077402,0.1317137102221674
exploration,pick_coke_can,30,31,0.051089043948698586,0.0407334146489022,0.04610373224381616,-0.0153758212983571,0.7423253278670697,0.061762516822253345,0.04621607869240626,0.04491115184142319,-0.015546438129847094,0.00017061683148999335,0.24240825379524722
exploration,pick_coke_can,59,0,0.004464863438833753,0.0024803867081074505,0.003204382492245087,-0.0019844767307263017,0.5522068908261252,0.005074818526755796,0.0024272518309686377,0.0032872997777813272,-0.0026475666957871576,0.0006630899650608562,0.8205592352896929
exploration,pick_coke_can,59,1,0.011771032957876662,0.004227398542332325,0.00848264867418536,-0.007543634415544339,0.35851551351114175,0.013397247308793025,0.0036310277513572895,0.01007827867972987,-0.009766219557435734,0.002222585141891396,0.45465561483676237
exploration,pick_coke_can,59,2,0.033785205212650125,0.019508669249128464,0.030497208007832077,-0.01427653596352166,0.5898405707195616,0.03767293915782762,0.023767836414515534,0.03374893419974004,-0.013983575796056654,-0.00029296016746500783,0.032655199666483746
exploration,pick_coke_can,59,3,0.03295641760517943,0.03466377058024405,0.031176284323880494,0.0015166744462593931,1.0522563100450422,0.032025470390716314,0.03891938586911268,0.027719032629546867,0.006527817307175081,-0.005011142860915688,0.024202395853023972
exploration,pick_coke_can,59,4,0.02871420833923524,0.06324681847837628,0.03665868172144658,0.0265881367569297,1.7507030502353453,0.024167691458599466,0.059837044008764134,0.033078890576270066,0.026758153432494065,-0.00017001667556436456,0.06115174399936526
exploration,pick_coke_can,59,5,0.03786555304727651,0.03125502354817589,0.041026237077514134,-0.012424609285687721,0.7187801619528175,0.03787924276118964,0.03313342150332422,0.035403637849821264,-0.006943597951745443,-0.005481011333942278,0.07212965829588332
exploration,pick_coke_can,59,6,0.04486037359513897,0.0799521309923913,0.03828683812397393,0.03509175739725234,1.7960868613788143,0.03985193560852402,0.06095835774718985,0.03894692994352164,0.018300526247912473,0.016791231149339867,0.11334509615475478
exploration,pick_coke_can,59,7,0.061372695184675946,0.14770447292433367,0.05165973302794392,0.08633177773965771,2.5020375080268633,0.05762726323496806,0.06520643004650863,0.05763290686565404,0.00476473588709041,0.0815670418525673,0.07465254517861315
exploration,pick_coke_can,59,8,0.06100331830033882,0.12838062115909865,0.04598613097339885,0.06737730285875983,2.2047451474099398,0.06642254776245536,0.06347899672506876,0.04983216384942709,-0.0047276716783313895,0.07210497453709123,0.16554126664383753
exploration,pick_coke_can,59,9,0.05817635145192013,0.08684831206646015,0.05577066498542014,0.0284821865883943,1.5001779932747163,0.07548478446598093,0.05345898313851794,0.06439564050590284,-0.022806757785386794,0.05128894437378109,0.13163108607651944
exploration,pick_coke_can,59,10,0.051337466566657636,0.09081663938232086,0.05047465625689821,0.035362903551498896,1.6694072902336228,0.06649318416590433,0.05494676029742524,0.04336905069282173,-0.011546423868479079,0.04690932741997797,0.13662969081800233
exploration,pick_coke_can,59,11,0.06667733139218608,0.17545726237176806,0.04892270118131938,0.108779930979582,2.567420184647938,0.07414630445214895,0.07784779158072119,0.0412415118400455,0.0037014871285722347,0.10507844385100977,0.2144221916580591
exploration,pick_coke_can,59,12,0.05479641863515874,0.11939394969367655,0.04261890368858614,0.0645975310585178,2.196359330662644,0.05128780851814905,0.05867389585052787,0.038351934676857546,0.007386087332378821,0.05721144372613898,0.2051574942674582
exploration,pick_coke_can,59,13,0.047576465059189194,0.0884039544015668,0.049641914452532986,0.03719337201266581,1.7587369804158852,0.05622286689501929,0.04446886205781488,0.041851145104799564,-0.011754004837204403,0.04894737684987021,0.1388232164951262
exploration,pick_coke_can,59,14,0.07287220302902299,0.12994423235893085,0.06006891760229624,0.05707202932990785,2.2352070925891763,0.06931826042651229,0.05163095843362597,0.05196534216483519,-0.017687301992886328,0.07475933132279418,0.40079908466047226
exploration,pick_coke_can,59,15,0.06500729908760831,0.07615780453995265,0.05591511374876645,0.00864420012124678,1.254469603615866,0.06445066082941801,0.05308471614824276,0.05735515072497577,-0.013728601004839915,0.022372801126086694,0.26266880263707054
exploration,pick_coke_can,59,16,0.07001994712768371,0.09645502245880853,0.04936962574921045,0.026357114670570992,1.285425682389669,0.07886158041482694,0.06818453218431109,0.04899739812773298,-0.010677048230515858,0.037034162901086846,0.1903864634692146
exploration,pick_coke_can,59,17,0.07813625292632466,0.11804903052486608,0.052851994278947094,0.0399127775985414,1.3999114062568723,0.07877261132152347,0.05392976927487383,0.05410128924796506,-0.024842842046649632,0.06475561964519104,0.17820721690702612
exploration,pick_coke_can,59,18,0.0794747876310936,0.10025177941769615,0.05327585619182093,0.020776991786602573,1.2270360469895025,0.09955607219512995,0.07299686130369004,0.04987792106478812,-0.02655921089143991,0.04733620267804248,0.11360745859114256
exploration,pick_coke_can,59,19,0.08649084668566794,0.06540930052820747,0.1014468924035753,-0.03899619032235252,0.6458253958285348,0.10062135161277574,0.06748117403970942,0.07750043357556502,-0.033224932614196484,-0.005771257708156036,0.11295805005876029
exploration,pick_coke_can,59,20,0.10104646051886511,0.07794884582883944,0.0812692979903195,-0.023097614690025654,0.7603863095387239,0.12681276903100056,0.07406038840375087,0.07011821055884372,-0.052752380627249684,0.029654765937224024,0.17063695943042725
exploration,pick_coke_can,59,21,0.08735436000914402,0.10576601621073868,0.0938027843002529,0.008665921795422735,1.026650148153273,0.12430796032552967,0.07039608878625246,0.07075748970058152,-0.05391187153927721,0.06257779333469994,0.09981191745856204
exploration,pick_coke_can,59,22,0.10188652255431763,0.08926427080595052,0.09852505295770454,-0.01651395321612306,0.8156442097020064,0.12320014883276703,0.06990292374955218,0.06751800757415762,-0.053297225083214855,0.0367832718670918,0.1594815050354915
exploration,pick_coke_can,59,23,0.10263145792628954,0.07142832578081396,0.0865059542089218,-0.03739362132879998,0.6772442985369653,0.11500537496125234,0.0644096488093544,0.13999357794921272,-0.07773463351415243,0.040341012185352444,0.09454830952011406
exploration,pick_coke_can,59,24,0.11394823717535513,0.12429312533105237,0.07849650540397185,0.010344888155697236,1.2396564518467985,0.17849343240179152,0.06576971500647062,0.09787452765999198,-0.1127237173953209,0.12306860555101816,0.1292400248506572
exploration,pick_coke_can,59,25,0.06396787444733724,0.06843119804595084,0.04697229271917047,0.004463323598613608,1.0682143706161034,0.11832716274405251,0.03923596661910061,0.0647430973119641,-0.0790911961249519,0.08355451972356549,0.1341623607405135
exploration,pick_coke_can,59,26,0.08647170885381583,0.05818085600816205,0.07456222414470952,-0.03893017646094097,0.6558741626613845,0.12034834773828511,0.05810736896217324,0.07854913898779285,-0.06224097877611185,0.023310802315170884,0.15721943265044422
exploration,pick_coke_can,59,27,0.043843730535038004,0.04860495653628158,0.03808351686988334,0.002905710305873742,1.0760263199631708,0.06210736665475286,0.05305985624787265,0.037791720734247296,-0.009047510406880217,0.011953220712753959,0.1333938175571253
exploration,pick_coke_can,59,28,0.06763863704179238,0.04759209092042793,0.05038137687835407,-0.02004654612136444,0.7049500487762073,0.06112672178767089,0.04183234929181375,0.05190176987973952,-0.01929437249585714,-0.0007521736255073028,0.12970927436234092
exploration,pick_coke_can,59,29,0.05050167878247545,0.05573170203480556,0.037741578998220206,0.005224657997697483,1.177584344084991,0.06616247352638538,0.04235856366981791,0.05183894965553274,-0.023803909856567464,0.029028567854264945,0.22536347379112462
exploration,pick_coke_can,59,30,0.04828471943812893,0.04909662753430318,0.041843951757524776,0.0008119080961742504,1.008429410966624,0.054184979431180856,0.05031201006496296,0.041825574325782544,-0.0038729693662178885,0.004684877462392139,0.15383068615599882
exploration,pick_coke_can,59,31,0.0493900974133161,0.04981227962570303,0.04095307338668943,-0.001401971810967376,0.9549523781198569,0.05129065761961699,0.0384545395494073,0.040881550766012235,-0.012836118070209693,0.011434146259242316,0.2761028095089462
exploration,pick_coke_can,96,0,0.004788445333716325,0.002770413059946438,0.0034606699824145312,-0.0020180322737698877,0.579218598073243,0.005055580893822247,0.003039038855023561,0.0031789343710660473,-0.0020165420387986857,-1.490234971202187e-06,0.8198873127500216
exploration,pick_coke_can,96,1,0.013093281733974982,0.004976172111371365,0.008084093363438837,-0.008117109622603615,0.38080195328243144,0.014467329593312227,0.004021507923585269,0.010100585284983402,-0.010445821669726957,0.0023287120471233414,0.4436871293776979
exploration,pick_coke_can,96,2,0.027155519954161433,0.018153279020217922,0.034615682726516196,-0.016462403706298274,0.5256272481033655,0.03475920176476707,0.02236387199530078,0.03186468454454241,-0.013277845991048124,-0.0031845577152501497,0.04186284997755744
exploration,pick_coke_can,96,3,0.029629163200123543,0.046748153420313125,0.03139179586906234,0.01535635755125078,1.474851896166075,0.02774543753439014,0.03320112577188941,0.02588918362100856,0.005455688237499275,0.009900669313751507,0.032007552808086835
exploration,pick_coke_can,96,4,0.029808754746115194,0.053379831838553604,0.026968870426582355,0.02357107709243841,1.7852260560950217,0.02849264013166933,0.05195492609848362,0.032439170507407085,0.017468600964299776,0.0061024761281386316,0.05104468793194883
exploration,pick_coke_can,96,5,0.049008259125639324,0.03143170031615679,0.035509422266974656,-0.017576558809482532,0.6417690402765681,0.04200138351862176,0.03659639841867224,0.0364930718350704,-0.007343631770747806,-0.010232927038734727,0.07139533469580783
exploration,pick_coke_can,96,6,0.0399941419831067,0.11799084504660373,0.04335095976370575,0.07356247505022592,2.630634885584645,0.03846073477340736,0.08711549847569043,0.035159955876651,0.04584841104537787,0.02771406400484806,0.09893257684385996
exploration,pick_coke_can,96,7,0.054036082841841665,0.14645501607864483,0.053753407111648804,0.09037510928186059,2.6083146115877835,0.058657548219183765,0.0913437256023852,0.04349415435742678,0.03268617738320142,0.057688931898659174,0.08940883714338572
exploration,pick_coke_can,96,8,0.06143852880853545,0.14769895485145745,0.05222945041985791,0.08626042604292201,2.4160953089723525,0.060621960846420575,0.07520291320670147,0.05054031616987372,0.011993533722360476,0.07426689232056154,0.17843502361188257
exploration,pick_coke_can,96,9,0.04865435700631552,0.1089213463411105,0.07084277180863087,0.03807857453247963,1.5517295170952874,0.07309819685474961,0.06545037758594968,0.055664364954042624,-0.011639769918973586,0.04971834445145321,0.16191588254476605
exploration,pick_coke_can,96,10,0.07134222385336972,0.14160943659278344,0.06609019657845154,0.06727099873563992,1.9064252752504416,0.056256818923024275,0.06334406244396555,0.0453087639157291,0.006812666527506286,0.060458332208133646,0.1748127585583461
exploration,pick_coke_can,96,11,0.07023963472472106,0.24250644214334974,0.0396958895728779,0.17226680741862868,4.08739145772406,0.07065348878246762,0.10702740793964684,0.04133791505728113,0.03637391915717924,0.13589288826144943,0.211973505714847
exploration,pick_coke_can,96,12,0.053153994422598196,0.18227225307365655,0.043616177244058474,0.12911825865105836,3.50638664659486,0.06013322746066998,0.06802129481606674,0.040756568107527175,0.007888067355396764,0.1212301912956616,0.1979707135587887
exploration,pick_coke_can,96,13,0.048026634887747645,0.135440305058149,0.040355663879287344,0.08741367017040136,2.932297901075151,0.049932225108138155,0.060644499323192075,0.03602381243947761,0.010174188586067806,0.07723948158433357,0.19417974461394275
exploration,pick_coke_can,96,14,0.05166141235809397,0.2228090476725039,0.04825439454501188,0.16831372651026422,4.091288297208088,0.06079099186636006,0.056931093959808325,0.047795694205963135,-0.0038598979065517444,0.17217362441681594,0.3405854135774007
exploration,pick_coke_can,96,15,0.049033893671199175,0.08517348201062892,0.06469136421464076,0.020482117795988172,1.34688543778262,0.060215018926647636,0.05348317963907762,0.05412366425160226,-0.007854507935879572,0.028336625731867748,0.22683316988093338
exploration,pick_coke_can,96,16,0.05565519980175659,0.11103752589516248,0.04316711461091699,0.05538232609340591,2.0372864133177506,0.07083459902150104,0.04876940047700861,0.03743209196183355,-0.022065198544492428,0.07744752463789834,0.22957613808490387
exploration,pick_coke_can,96,17,0.059773282683895396,0.14502632560712841,0.05109705139510808,0.08484229772669281,2.381395197960729,0.0765927365049686,0.0526281139907567,0.0510250363120971,-0.023964622514211897,0.1088069202409047,0.19021733545559036
exploration,pick_coke_can,96,18,0.09113684091159115,0.11129847387094273,0.058460539706535974,0.02016163295935158,1.2108851130473537,0.08922441756943972,0.07641748076456371,0.05735716080565064,-0.012806936804876002,0.03296856976422758,0.08807094334698225
exploration,pick_coke_can,96,19,0.09386002222875552,0.08713273665432603,0.09017457999797768,-0.009952617576511022,1.002443272346442,0.11642722186016151,0.058403352929775165,0.07044745267820622,-0.0636386035831793,0.05368598600666829,0.12952692109210298
exploration,pick_coke_can,96,20,0.08801499245046579,0.11718561140074142,0.09887447493183665,0.017623006139623382,1.2428386409672776,0.1150573404268948,0.06731060516465527,0.07560834300763522,-0.04774673526223953,0.06536974140186291,0.13390930291265826
exploration,pick_coke_can,96,21,0.10154346442643973,0.22230960412154668,0.0928644080820844,0.12060619419465936,2.1509005471714695,0.1293423829156162,0.07318264081562904,0.08595049745005351,-0.059476042278873674,0.18008223647353305,0.08407659926598991
exploration,pick_coke_can,96,22,0.11760738482980143,0.15438719614453655,0.08403602649085662,0.036779811314735116,1.3032971247096345,0.1044914857338957,0.07458883373747625,0.07537188737598917,-0.031023934832137404,0.06780374614687253,0.13672459014298965
exploration,pick_coke_can,96,23,0.09063853692851469,0.10015152733767617,0.08685592177431034,0.00032896348151239635,1.0942686414244311,0.08723511655728255,0.06435351002408064,0.10667308270295268,-0.048063844716428994,0.048392808197941395,0.09844712256447963
exploration,pick_coke_can,96,24,0.11930204612311042,0.14257928200041944,0.06869997868475099,0.023277235877308997,1.193209946316751,0.12294217500580278,0.07840691852916853,0.08253607596060876,-0.044535256476634234,0.06781249235394322,0.11595713135590675
exploration,pick_coke_can,96,25,0.07797445779192849,0.09038506274446262,0.048217608758059215,0.012410604952534127,1.1875054227279493,0.07979613674598736,0.043721148751969786,0.060273398008226155,-0.03740553170642298,0.0498161366589571,0.11236437990553642
exploration,pick_coke_can,96,26,0.08079051612253496,0.09094652613890782,0.06431043389022947,0.009918016837688275,1.1679574141571198,0.12150534665892215,0.04379854797008905,0.05635687114908186,-0.07770679868883311,0.08762481552652139,0.12426227486749042
exploration,pick_coke_can,96,27,0.05505946827563376,0.0724417228249122,0.04468222499721345,0.01738225454927844,1.3241378416874037,0.05016366238787376,0.046232550134210515,0.03559883678245818,-0.005853448319183096,0.023235702868461532,0.11971211212799442
exploration,pick_coke_can,96,28,0.05764786074174887,0.06495986928048783,0.04475347680873187,0.007312008538738961,1.1457713478662874,0.04991323906323933,0.048124172770079375,0.04700493443327075,-0.0020861696003292066,0.009398178139068167,0.10765814631864028
exploration,pick_coke_can,96,29,0.05762943103331656,0.06918523510811632,0.04922633874694562,0.01155580407479976,1.209040410178891,0.06935329895000923,0.05381165600230567,0.05659880629837392,-0.01554164294770357,0.02709744702250333,0.20368819307610408
exploration,pick_coke_can,96,30,0.061820928086837555,0.048057024623421575,0.05050737455978407,-0.014364835052818678,0.8254460378558939,0.05497781287507897,0.04299756203747734,0.04853630627592068,-0.01621811154566805,0.001853276492849371,0.14771726586434397
exploration,pick_coke_can,96,31,0.049996043800706026,0.04869724632571454,0.05477408925140279,-0.007296050507400807,0.8696705249296302,0.05492768567157807,0.049731492786656534,0.046574226310761475,-0.005196192884921527,-0.00209985762247928,0.2508822783107689
exploration,pick_coke_can,97,0,0.0050674703519805004,0.0026813464432252454,0.003610353461192434,-0.002386123908755255,0.5287073637000872,0.0054363172766463954,0.0026229436068355206,0.0031311968385592053,-0.0028133736698108744,0.0004272497610556192,0.8231921351204315
exploration,pick_coke_can,97,1,0.012645037554501888,0.004872225641793421,0.007801071734510517,-0.007772811912708466,0.38457386237196106,0.012912149571073575,0.004113710037247556,0.008574907837160818,-0.008798439533826018,0.0010256276211175518,0.442019322887063
exploration,pick_coke_can,97,2,0.025516630727685896,0.018614675183928852,0.03299938004160305,-0.014384704857674199,0.5649755488889551,0.033651386141949034,0.02046139116267932,0.034485401048107565,-0.015082444487062238,0.0006977396293880398,0.03607519241565645
exploration,pick_coke_can,97,3,0.03409680271606555,0.03050259793730009,0.03523125162502969,-0.0051268203849009104,0.856070989787464,0.030313704823714777,0.030565746357831703,0.03295192138393572,-0.004881286233207948,-0.0002455341516929624,0.031024289953412183
exploration,pick_coke_can,97,4,0.030301788063409166,0.05961191683054897,0.029305957528785943,0.02777015387227139,1.8865648726542326,0.02932168690121598,0.056504705179581116,0.03497246979398118,0.020326766522277728,0.007443387349993663,0.0674486036508976
exploration,pick_coke_can,97,5,0.038002505951767226,0.02276471246974467,0.03542573974846381,-0.019445297673214405,0.5391735315313714,0.05173394536364048,0.035441260387346636,0.036405253517417344,-0.016292684976293843,-0.003152612696920562,0.08307753736736838
exploration,pick_coke_can,97,6,0.03209155879326165,0.09493639105630185,0.04402708412288891,0.050909306933412925,2.146562912853449,0.04309800769359845,0.07067851925289394,0.0391866295097264,0.026379293288910078,0.024530013644502847,0.1286854259080125
exploration,pick_coke_can,97,7,0.04566250283251424,0.17934687562605892,0.05087972714028621,0.1284671484857727,3.524516078301082,0.06404813865635577,0.055657022098537075,0.046095983523635496,-0.008391116557818684,0.13685826504359136,0.06958965742065477
exploration,pick_coke_can,97,8,0.05513216271619003,0.15315292475863096,0.04484358821933524,0.09802076204244096,2.78265171381022,0.057509543931386554,0.06106228397418098,0.054516700340689915,-0.003249531808620106,0.10127029385106105,0.17704556161690257
exploration,pick_coke_can,97,9,0.046000043252959845,0.13591520873776455,0.0708681496800414,0.06504705905772314,1.9178254518761644,0.0632484457145389,0.05964706233118317,0.07266679367457797,-0.01798152267002785,0.083028581727751,0.12749572111507254
exploration,pick_coke_can,97,10,0.057798742832965676,0.15816011832109197,0.056795663493184795,0.0988292715209107,2.6627218263014023,0.05360712463571574,0.05645741712147769,0.04365033167761354,0.002850292485761942,0.09597897903514874,0.20438243595564623
exploration,pick_coke_can,97,11,0.05312457087678155,0.23883856269374923,0.04113875123614813,0.18571399181696768,4.4682838992729215,0.07636545230585799,0.09735972914453088,0.05513427938509111,0.018652571030380583,0.16706142078658712,0.22515261241005646
exploration,pick_coke_can,97,12,0.056091839977328216,0.15454581684824023,0.0556426997524045,0.09478746969707724,2.564805860309485,0.05932363414880104,0.068059736251542,0.038170675821412266,0.008736102102740962,0.08605136759433628,0.1823919178457345
exploration,pick_coke_can,97,13,0.03762725907743753,0.15477488544537346,0.037775220179811525,0.1123149383356455,3.790631792288934,0.04816167347340752,0.06322846407113254,0.03924754144071261,0.015066790597725026,0.09724814773792045,0.20708598968106648
exploration,pick_coke_can,97,14,0.061021744546229606,0.21831556731005156,0.04990415789555596,0.15729382276382195,3.614863133433309,0.06783578775317393,0.08197189692385769,0.053093347018981746,0.012497879298629043,0.1447959434651929,0.33531977426643306
exploration,pick_coke_can,97,15,0.045239433966062885,0.11016953367665462,0.0660202774594136,0.04414925621724102,1.6487601030660632,0.053157105418675334,0.07472400974930157,0.065224071594211,0.009499938155090584,0.034649318062150436,0.23504004819975913
exploration,pick_coke_can,97,16,0.06786926600138833,0.12053675724947745,0.0486173468668584,0.05266749124808911,1.9685425411399073,0.08281794171236301,0.06718230795637087,0.035275845124361015,-0.015635633755992136,0.06830312500408124,0.20954933972735526
exploration,pick_coke_can,97,17,0.06536966556400504,0.194113340040184,0.07032464770769692,0.1219689113901626,2.7765564711788113,0.09369511311289465,0.08018938462031162,0.052183250420772424,-0.014677546912475603,0.1366464583026382,0.17268783695177584
exploration,pick_coke_can,97,18,0.0963863627012778,0.08115096800949728,0.06682428211613395,-0.01523539469178053,0.8499367131558504,0.07564994522574083,0.08668476192512366,0.057468211774840405,0.005961448963838739,-0.02119684365561927,0.08859924083085957
exploration,pick_coke_can,97,19,0.1096601729148126,0.08807549044672747,0.1254232511899375,-0.03734776074321002,0.7004620228888488,0.09511483891625361,0.06950725517880706,0.05025100943440803,-0.025607583737446548,-0.011740177005763477,0.1413174953569296
exploration,pick_coke_can,97,20,0.13380380014973392,0.1589218850732125,0.12105996486895494,0.0219995661403693,1.1532951681274943,0.14413537903706183,0.07262129907556697,0.09293575530925353,-0.07468830194256718,0.09668786808293649,0.13894060577074305
exploration,pick_coke_can,97,21,0.10978477313737868,0.2382647777848024,0.11968720359212415,0.11857757419267824,1.9936901033821612,0.12611147812446602,0.08934574483657863,0.08566520005612573,-0.03851939340979754,0.1570969676024758,0.09188076494641233
exploration,pick_coke_can,97,22,0.1020273399757422,0.15263544950600264,0.1049000998559082,0.045838590657423885,1.4268358260862464,0.1065349016270614,0.09183401443241901,0.058944720737565064,-0.014700887194642395,0.060539477852066294,0.14196924407722142
exploration,pick_coke_can,97,23,0.07569547879103436,0.09940937926606547,0.09446907162885641,0.002450668589847757,1.0198794601153616,0.11915298221270258,0.05580662742468195,0.1140770929667702,-0.06804621253391853,0.0704968811237663,0.09656794827267372
exploration,pick_coke_can,97,24,0.10465486281745612,0.1539149735974534,0.07688443390461949,0.04926011077999728,1.5253327413624291,0.11527025307514305,0.10417931830057475,0.06912640011857478,-0.011090934774568281,0.06035104555456555,0.11994049916008247
exploration,pick_coke_can,97,25,0.07786015315316734,0.0845340712907502,0.04788213781040052,0.006673918137582872,1.0990300201985648,0.09735793126998137,0.06048814480812342,0.05497670157961105,-0.036869786461857935,0.04354370459944081,0.10926643115286794
exploration,pick_coke_can,97,26,0.1038382596698892,0.06856771866101564,0.083526110790767,-0.03527054100887355,0.6821553531332842,0.09800404097799971,0.06522288807703867,0.06266640384904797,-0.03278115290096104,-0.002489388107912512,0.08795122393119925
exploration,pick_coke_can,97,27,0.04495396561232862,0.05267450884729504,0.03623201418046538,0.007720543234966427,1.175342949535539,0.0707465704874669,0.04221385873964348,0.04076974479785823,-0.028532711747823413,0.03625325498278984,0.08419942856755114
exploration,pick_coke_can,97,28,0.0739232010871881,0.060644704605877786,0.05164092917583347,-0.013278496481310317,0.836072691767904,0.062155757059046295,0.046372894457810565,0.05516000500494639,-0.015863183799353992,0.002584687318043677,0.0922710200336283
exploration,pick_coke_can,97,29,0.06281320756252026,0.04982426334220055,0.044830048421130864,-0.012988944220319711,0.8082980888618181,0.08799441998971731,0.049760570281863516,0.05754570282007212,-0.0382338497078538,0.02524490548753409,0.1737694892990144
exploration,pick_coke_can,97,30,0.053522765261493854,0.03740957428021762,0.03116773492517344,-0.016113190981276237,0.7279044957292503,0.04947650807849658,0.040944603003790075,0.045758138135469466,-0.009088950911637904,-0.0070242400696383335,0.12791373687508192
exploration,pick_coke_can,97,31,0.04784028243443995,0.03772339799796596,0.04151222667174174,-0.010116884436473987,0.7901103349697868,0.05275910229405654,0.04113259008384428,0.03900851187258159,-0.011626512210212263,0.0015096277737382767,0.2425851334573963
validation,move_near,0,0,0.0030240944765687013,0.0004820946567309816,0.0019143954180696535,-0.0025419998198377204,0.15972090089480998,0.003394172804638211,0.0004568445194293492,0.002078994843971206,-0.0029373282852088616,0.000395328465371142,0.7722244639880955
validation,move_near,0,1,0.004821454874569599,0.00354236967823573,0.00601229868669333,-0.0024699290084576,0.5876986516369603,0.004265786707895575,0.003284368384342233,0.007221679144160918,-0.003937310759818686,0.0014673817513610858,0.4028930167163101
validation,move_near,0,2,0.020428773252704174,0.028071233979576976,0.021457774578038796,0.00661345940153818,1.3178673356035404,0.021138767868303498,0.028450978957699224,0.023760495416865385,0.004690483540833835,0.001922975860704345,0.048782851307654106
validation,move_near,0,3,0.016448444866502154,0.019852685445778593,0.014900163573710637,0.00340424057927644,1.2092998184764812,0.015292272695200039,0.01816806558367336,0.015246915504303815,0.0009966921310589824,0.0024075484482174573,0.030742367612295613
validation,move_near,0,4,0.02215565406749237,0.03432728970866394,0.01756082801364082,0.012171635641171566,1.5567783500495131,0.02279195463768069,0.030146478093321688,0.01687058607338871,0.005803090055154342,0.006368545586017223,0.03538816698558852
validation,move_near,0,5,0.0211213340858367,0.025224956268955684,0.02064328265005298,0.0028150096515743364,1.123799478843894,0.026787740195341515,0.025097972260970228,0.022909505177396382,-0.0016897679343712835,0.00450477758594562,0.037701421045085226
validation,move_near,0,6,0.02075806825014026,0.05879350873161396,0.02931564094573197,0.02947786778588199,1.9877060756966498,0.029572860342597432,0.04279404361246978,0.03574686117397841,0.002388846347982048,0.027089021437899943,0.04640999712612862
validation,move_near,0,7,0.02899727237028667,0.05316625255628299,0.029766757766371544,0.023025773467424255,1.7693032437138239,0.02708535057875608,0.04634301026897028,0.025488218286553715,0.018244542493481588,0.0047812309739426705,0.0887910331044471
validation,move_near,0,8,0.02874682144326748,0.05909988426145215,0.02556002905479181,0.030353062818184676,2.068478164934358,0.025992613346861513,0.051219632912156164,0.026611250150916563,0.02459583977211262,0.005757223046072055,0.15123184872300044
validation,move_near,0,9,0.030815635393832627,0.07401730052926415,0.030115111106383485,0.04216590258556937,2.3367671858729775,0.03423545391518299,0.07009592119736814,0.036926416298177965,0.026283963692259365,0.015881938893310004,0.12602042452408568
validation,move_near,0,10,0.03303067621408586,0.08745705793622573,0.03654388349815795,0.043390168373799796,1.991175198268173,0.0464972529477127,0.0693368363747937,0.034904119768207835,0.021058333574636778,0.02233183479916302,0.14028308114772395
validation,move_near,0,11,0.04902721411053873,0.109936693985016,0.0309779371118143,0.060909479874477264,2.271232278651856,0.06129954298633953,0.09524224528871267,0.03182054153701445,0.03394270230237314,0.026966777572104122,0.21457220853865996
validation,move_near,0,12,0.03717874673111804,0.0801198709699254,0.024924543147237185,0.04294112423880737,2.207876411068028,0.04130470375631076,0.061175736771999785,0.025858946035067026,0.019871033015689033,0.023070091223118334,0.21963163144778264
validation,move_near,0,13,0.033237822523081335,0.06467141034256582,0.025243118269745124,0.027937511901053858,1.7731322004887193,0.0375275228544017,0.060847071914582225,0.020866544301529927,0.023319549060180522,0.004617962840873339,0.16227101266004715
validation,move_near,0,14,0.049790615497007785,0.1173524294276524,0.03123843653026266,0.0675618139306446,2.371720506081813,0.07385030662433474,0.0603176197705653,0.029136092977235056,-0.013532686853769446,0.08109450078441405,0.35263878261757026
validation,move_near,0,15,0.04328788790844088,0.08254811294708296,0.03047294476413781,0.03926022503864207,1.9449998722835098,0.03496145968297731,0.03955463169458993,0.035878169572836564,0.0012658975727222258,0.03799432746591985,0.25264142986316074
validation,move_near,0,16,0.034742294539353284,0.09246129849911429,0.024162758041723503,0.05771900395976102,2.638367079451187,0.036731017947746074,0.049041923120098786,0.03349050932486584,0.009853773316224453,0.047865230643536566,0.14017429102241863
validation,move_near,0,17,0.03878224931295555,0.10406563758801667,0.025838927086523588,0.06528338827506112,2.762761974130006,0.03338589844737886,0.04731927812284689,0.02538448472923217,0.01393337967546803,0.05135000859959308,0.21547485099791666
validation,move_near,0,18,0.050899780372004516,0.08739902447391727,0.034510318941524475,0.036499244101912756,1.7033305072840375,0.043603205050543714,0.04946306568385969,0.039434459151330405,0.00585986063331598,0.03063938346859678,0.10983167781813563
validation,move_near,0,19,0.04370188672798875,0.09476695438880578,0.028826681497364157,0.05106506766081703,2.1477849261947806,0.04845362360969265,0.053716164122483756,0.04795600112196872,0.0033060779625892905,0.047758989698227734,0.1249089035224813
validation,move_near,0,20,0.03415356522194473,0.0915329261543667,0.02741100467992287,0.05737936093242196,2.6576592328746003,0.04742291637242078,0.05638203715384965,0.04146595321076919,0.007841577099198688,0.04953778383322327,0.17423800468161707
validation,move_near,0,21,0.051012099213539934,0.09758378607778183,0.03872199461215895,0.04657168686424188,1.9999802922224366,0.06027156680279757,0.0690638375012098,0.03771215664237464,0.008792270698412217,0.03777941616582967,0.12805651439495117
validation,move_near,0,22,0.044529391482229806,0.06921384410030101,0.028228367172533544,0.02468445261807122,1.5681941946233688,0.05935432231117332,0.06166766478112603,0.027495397445169417,0.0023133424699527164,0.022371110148118503,0.15215709363043572
validation,move_near,0,23,0.04397884032403986,0.07004384670557696,0.08714689086788413,-0.01710304416230718,0.840754000747471,0.05376245305168581,0.0477646672791275,0.04662790552451937,-0.017664971575485668,0.0005619274131784882,0.08302091933263019
validation,move_near,0,24,0.05734672334792278,0.10312242834583218,0.037807256512112745,0.045775704997909415,1.7726989534059336,0.054406337141012256,0.05787923353304567,0.03280295599985172,0.0034728963920334227,0.042302808605875986,0.12934936256971477
validation,move_near,0,25,0.04655378767265722,0.06404014087886538,0.028209908179638445,0.017486353206208147,1.5125383078400896,0.040570762782407656,0.05426536072449369,0.02715171172274682,0.013644000109057565,0.0038423530971505838,0.14755573194545826
validation,move_near,0,26,0.03869372666318631,0.06993442658063662,0.030558717502016376,0.029940104054981515,1.7581820556682388,0.0565582173486788,0.04543648946776329,0.036479885393098106,-0.011121727880915512,0.04106183193589703,0.12118854021749097
validation,move_near,0,27,0.023870653637498008,0.05252765514645826,0.024239103514433116,0.02403638553126254,1.9215916103243948,0.041126015913397686,0.041171851481360176,0.0358406867499246,-8.019635821582272e-05,0.024116581889478364,0.08518760001628915
validation,move_near,0,28,0.0362842600909221,0.05417499301148262,0.025482079088873195,0.017890732920560513,1.4922466752361558,0.035907287844525376,0.050933033437485696,0.03048683238533474,0.012174455946943686,0.005716276973616828,0.10526970738760373
validation,move_near,0,29,0.02711726286628753,0.05714220952846336,0.025198667825776604,0.02890578934033695,2.0396198813836204,0.030152805886468747,0.03508227723040719,0.028626344736051048,0.0006479083295877162,0.02825788101074923,0.1805598915047426
validation,move_near,0,30,0.02693601411417082,0.04605202154222193,0.023573214930448744,0.014481151579200956,1.4804776969264293,0.025080464564371827,0.03202814795871336,0.028356257801582824,0.003432475094928752,0.011048676484272204,0.14691685611666117
validation,move_near,0,31,0.02350634102469194,0.04242503596820135,0.02457109807081923,0.016231874911191733,1.6666429334144504,0.031157901211140464,0.0371333401646148,0.03317396823374726,0.0017064461502536987,0.014525428760938035,0.2621961488772134
validation,move_near,13,0,0.005091500289730547,0.0011895354816980213,0.002151391571314105,-0.003901964808032526,0.23398265185382328,0.006186421888981125,0.0013522664115417922,0.0020469067240235753,-0.004834155477439332,0.000932190669406806,0.7416800887052281
validation,move_near,13,1,0.004560638294420923,0.007550112143636336,0.005145447584069679,0.002371469953621704,1.470802998340962,0.004345598869342635,0.00797605505575268,0.006522439058165088,0.0014536159975875925,0.0009178539560341113,0.3951844251908672
validation,move_near,13,2,0.02190490507926804,0.026385290580782133,0.014746617480500622,0.0044803855015140915,1.2005119098899044,0.0215436733293827,0.023817544846347738,0.01604694021574189,0.002273871516965037,0.002206513984549055,0.04643949167490291
validation,move_near,13,3,0.014823390114815293,0.025302594711308402,0.014467551231438858,0.009896950065946795,1.6705707969651533,0.01665163848639811,0.025841828520764817,0.015414634329480962,0.007778400532585962,0.0021185495333608338,0.029624153747079163
validation,move_near,13,4,0.025840530148919502,0.03609681124165977,0.02380592188448585,0.010111176160907481,1.4091479010250325,0.021217312572057487,0.03124482414691593,0.025682269938650127,0.004970434256451141,0.0051407419044563404,0.03573670743738452
validation,move_near,13,5,0.03187135915449773,0.027336998147050318,0.02273349452982104,-0.004534361007447407,0.9045289993973947,0.02526947318424248,0.03141300120951413,0.020833798838306297,0.0061435280252716586,-0.010677889032719065,0.05920769451639293
validation,move_near,13,6,0.029523221191916398,0.04882060059159049,0.026002055661868823,0.0192973793996741,1.689435247879364,0.0605307225752485,0.04042893041474042,0.026013195663470504,-0.020101792160508083,0.03939917156018218,0.07908846372739238
validation,move_near,13,7,0.03528275472945612,0.06265564067757708,0.03682338861627852,0.024229444167758605,1.7170981208625813,0.03212640406316225,0.04742664757375927,0.026729595147253645,0.015031483218004432,0.009197960949754173,0.07882809728459961
validation,move_near,13,8,0.032736754200759166,0.04396848486920838,0.026343254513894854,0.011231730668449213,1.4661023231771917,0.03834083459282867,0.0488229929958332,0.03154827446196017,0.010333164515345201,0.0008985661531040132,0.15400235071213805
validation,move_near,13,9,0.04770757420950625,0.0807631557306988,0.03278587053964937,0.033055581521192555,1.7294135738914431,0.0475542564965161,0.07904196589524819,0.0295532724027753,0.031487709398732085,0.0015678721224604657,0.11184866127503786
validation,move_near,13,10,0.05538321233667542,0.09415122474938926,0.033918298013177334,0.038768012412713854,1.7047055222959127,0.04588417484287555,0.10268530408802805,0.03212573310478268,0.056275950128309965,-0.017507937715596115,0.14582937295980022
validation,move_near,13,11,0.06215566615300002,0.14301646535996637,0.030753940735845448,0.08086079920696637,2.3105105165612545,0.04637016775034369,0.149776813933161,0.03151596778745792,0.10340664618281731,-0.02254584697585094,0.1845036122278998
validation,move_near,13,12,0.045089117556475024,0.09502285079908866,0.025657046437571426,0.04993373324261361,2.2025289111764867,0.03914047689771808,0.11242065971923705,0.02600069486354391,0.07328018282151899,-0.023346449578905363,0.2704039846741277
validation,move_near,13,13,0.03932908748237831,0.0814945585974489,0.022653223876076784,0.04216547111507058,2.1088765957180153,0.045549569796906636,0.08095327244912434,0.02354986139107809,0.035403702652217706,0.006761768462852878,0.17293274564682784
validation,move_near,13,14,0.04361368560224815,0.11312418460450495,0.029410340228250214,0.06951049900225681,2.4330458576385894,0.04899945182229331,0.14380271640765743,0.029725820318022855,0.09480326458536413,-0.025292765583107325,0.3215840013212225
validation,move_near,13,15,0.034770296166911,0.07777142838456604,0.030860504615965425,0.04147542357385333,2.087744017773647,0.03628246337508328,0.0901759374090575,0.03538259106992511,0.052401623133682594,-0.010926199559829259,0.28616842503288353
validation,move_near,13,16,0.03660288228364945,0.08375841286741735,0.02539432549394395,0.04715553058376789,2.296577938622971,0.04029560833251549,0.08312350425486616,0.029594889826470377,0.042827895922350666,0.0043276346614172165,0.15992887048543972
validation,move_near,13,17,0.04046857822274962,0.09066246522107156,0.026622774259217025,0.05019388699832194,2.2769655951627588,0.05079031656890778,0.10329459879619363,0.02986556568557426,0.05250428222728586,-0.002310395228963924,0.21038281767759295
validation,move_near,13,18,0.05516895115497341,0.07538052999749893,0.03755958465007771,0.020211578842525512,1.4099319954720073,0.05374729662082776,0.07273398315392637,0.032716863469967356,0.018986686533098613,0.001224892309426899,0.10168856670433495
validation,move_near,13,19,0.05042959330337669,0.07108659623803551,0.035515916331056586,0.020657002934658823,1.4117224133933188,0.047573479099783426,0.0651452050452364,0.05286761301054101,0.00946836869618775,0.011188634238471074,0.10253796160643465
validation,move_near,13,20,0.043367023100565345,0.09895487481265787,0.035778407267206935,0.05379242352628214,2.156729581408302,0.05807385145537599,0.07808194542924687,0.035353715625258825,0.020008093973870888,0.03378432955241126,0.15872598868427681
validation,move_near,13,21,0.04488869618139419,0.08052885837627269,0.03437901642187232,0.035640162194878484,1.8724056406746394,0.06155788531365621,0.0854958724794496,0.03987115427994595,0.023937987165793387,0.0117021750290851,0.1318534120160232
validation,move_near,13,22,0.04335363476095283,0.08116190038698975,0.03863520696053505,0.03759365980902013,1.9988823428224938,0.06305063892350246,0.08098643823150876,0.042690616283930255,0.0177941697556594,0.01979949005336073,0.12950528057093416
validation,move_near,13,23,0.0478995077843942,0.056742435359878655,0.08042102178473826,-0.023678586424859604,0.7598093673247779,0.058356062956454076,0.05371986321771822,0.08243983143866916,-0.04097054350698457,0.01729195708212497,0.08205763046099908
validation,move_near,13,24,0.04525281339844783,0.11092500992754743,0.038854665038008475,0.061803226419022673,2.254461041955889,0.055749505377048536,0.09763138666770464,0.05201328226621377,0.036773293000927076,0.0250299334180956,0.08984986858195754
validation,move_near,13,25,0.0327759558490523,0.06395292453683432,0.024575693974388815,0.031176968687782015,2.030781316532552,0.036976470501585285,0.05514906147945776,0.03175501820854812,0.01539841640398632,0.015778552283795697,0.12613496171337837
validation,move_near,13,26,0.03395454165913305,0.059666680169175944,0.028813208062471323,0.02555893181307911,1.7345472810114568,0.05891923355595918,0.06099831646368551,0.051180732746011814,-0.00044681689487390447,0.026005748707953014,0.17102656002167768
validation,move_near,13,27,0.03051089433082461,0.053286184510900225,0.027124145540768474,0.020150371868719593,1.6621988413267657,0.0411532873932682,0.07964073549972572,0.03037059786084198,0.038487448106457524,-0.01833707623773793,0.08772944151402129
validation,move_near,13,28,0.035278503860919436,0.06338342341503396,0.0354093386306461,0.02286151771160778,1.5736030388774997,0.037079957213115085,0.06618881448196208,0.0406228351129292,0.02231335113382864,0.0005481665777791375,0.11102381582601477
validation,move_near,13,29,0.0353572620686631,0.06122921694395963,0.02068363900004006,0.025871954875296522,1.7265034632197305,0.04166884547016781,0.06575562634823273,0.03584133658514011,0.024086780878064918,0.0017851739972316084,0.18339824203382213
validation,move_near,13,30,0.035835029863656394,0.04864101121039937,0.030983128999714393,0.01070179396544548,1.2799191219860464,0.03775285156452503,0.06117152990645058,0.03768208767649031,0.02186639266136167,-0.011164598695916189,0.1518255401959626
validation,move_near,13,31,0.03265047587411816,0.06349393201126517,0.028588426991300875,0.03043162985267528,1.9519144678302336,0.03937010413459418,0.06738343438030585,0.03596064842186978,0.027326383416594408,0.003105246436080874,0.26388238719406826
validation,move_near,89,0,0.0037542142210186366,0.0008050022600857096,0.0019623649965733523,-0.002949211960932927,0.21509833158129663,0.0038405067000707948,0.0007806244308457126,0.0019132582726963216,-0.0030598822692250813,0.00011067030829215417,0.7310183613444678
validation,move_near,89,1,0.004044742070742728,0.0069920262644458395,0.004682278403435825,0.00211477413141767,1.464871777014461,0.0033538980614938253,0.006022864743436946,0.004923502832076809,0.001099361911360137,0.001015412220057533,0.3758062304502043
validation,move_near,89,2,0.01642814060009683,0.028333640632320176,0.01877812165048051,0.009461226040415778,1.4826726441084297,0.018824607170405006,0.0313913373805502,0.02187441576295814,0.009516921617592057,-5.569557717627812e-05,0.05719545424331803
validation,move_near,89,3,0.013512223541316107,0.027086693448859934,0.013863089909755275,0.012425872076876407,1.8614170017476823,0.012895664752419066,0.020192273046850364,0.016053643003344772,0.004138630043505591,0.008287242033370815,0.028464858502843526
validation,move_near,89,4,0.025028041918524594,0.036853302529321695,0.02260514749296505,0.011300650332348663,1.4439884879802705,0.023695942650965123,0.03588872367105183,0.02172312049482585,0.011754234699783107,-0.0004535843674344439,0.03522177539142982
validation,move_near,89,5,0.02113880276591941,0.030590259914027734,0.019680711561577913,0.008646836869680404,1.3978140132645145,0.02546307579458899,0.03392144770751049,0.02186967790231617,0.007853785445457997,0.0007930514242224067,0.052747752096782584
validation,move_near,89,6,0.024199557930239476,0.04359167225620721,0.02187019051553342,0.018190759702042345,1.778840343127709,0.029279100972099334,0.036092878758106406,0.020461291959246283,0.005637162717672999,0.012553596984369348,0.07342586453643207
validation,move_near,89,7,0.03297737803676179,0.059634741380050614,0.03432702025458103,0.025114561124579604,1.7502276560281806,0.035671674873130194,0.049924850711099894,0.028856526733245052,0.01356612860714957,0.011548432517430032,0.09092200092641178
validation,move_near,89,8,0.03408223362687526,0.060269177063378664,0.021714133065023386,0.026186943436503407,1.824946753014448,0.03254559409733107,0.03723842802627598,0.02360744123783387,0.004692833928944905,0.021494109507558506,0.15618078747502295
validation,move_near,89,9,0.03598376338661633,0.06891797914899257,0.03348520671138825,0.029428795739402176,1.747317120340379,0.042133634613056394,0.058344675714951784,0.026283549361103217,0.01621104110189539,0.013217754637506789,0.11749455970721101
validation,move_near,89,10,0.04398557572898606,0.08422998451592319,0.02911036959503992,0.04024440878693713,1.895906644329761,0.0363795467290322,0.06635859374801349,0.028615155577044648,0.029693952532610802,0.010550456254326329,0.1554397009792107
validation,move_near,89,11,0.06280158107725115,0.1430016663983408,0.026130793458855477,0.08020008532108966,2.2795407652339184,0.049786319018848425,0.10184098843103491,0.027723919377821888,0.052054669412186484,0.02814541590890317,0.20162198916818852
validation,move_near,89,12,0.03729626748907868,0.0899267627706107,0.025951616111909537,0.05263049528153204,2.449053896109927,0.03488392541521145,0.06709864422886617,0.019754766628700376,0.03221471881365472,0.020415776467877306,0.24565305200750723
validation,move_near,89,13,0.040551967918956,0.08222727294217537,0.018136441026149225,0.04167530502321937,2.0454057430775703,0.039855589146657704,0.073212387404888,0.024802041298580865,0.0333567982582303,0.008318506764989074,0.1796735482872691
validation,move_near,89,14,0.04894708653521899,0.14399786308743945,0.026047134143503764,0.09505077655222048,2.842674114774626,0.04780657257513751,0.08165130868713266,0.028441894809249326,0.033844736111995136,0.061206040440225346,0.3241665315975979
validation,move_near,89,15,0.04271768850296015,0.07969827046590212,0.03380932527376795,0.0339036965027098,1.821767037693309,0.039304888881861136,0.04734354829499715,0.02525064520201613,0.008038659413136022,0.025865037089573772,0.2800579066199968
validation,move_near,89,16,0.03544097162365491,0.09948374095470693,0.018731094503901227,0.06404276933105202,2.8385163180029913,0.03847709406226215,0.050407505389364726,0.024316015618834768,0.011930411327102578,0.05211235800394944,0.16750887482325538
validation,move_near,89,17,0.045895634912121674,0.12372031917349119,0.026346473975384224,0.07782468426136951,2.8537677895768208,0.047039578551083816,0.06827660631141101,0.02382982341193805,0.0212370277603272,0.056587656501042326,0.17664651559946756
validation,move_near,89,18,0.04206359755686425,0.07075712100519872,0.03291386300324168,0.02564166163233364,1.5666346396389923,0.053732080309972126,0.06135634875967818,0.033694101386825284,0.007624268449706051,0.01801739318262759,0.1078374369252894
validation,move_near,89,19,0.049217912325810874,0.09402282582584487,0.04313007983785933,0.043797618843591866,1.9110091488215357,0.048724868942871515,0.06893209545688467,0.029902326565366826,0.020207226514013157,0.02359039232957871,0.10431647200470213
validation,move_near,89,20,0.04993871800372233,0.08484292366473538,0.03890448295969609,0.034904205661013044,1.7703207678941733,0.047345558765737907,0.06275557716031716,0.03705941905098748,0.015410018394579244,0.019494187266433798,0.16811535977036365
validation,move_near,89,21,0.04692454227924019,0.10015173010976203,0.04099808501354527,0.05224361928852622,2.183885913992806,0.06355196963235349,0.06929330470021794,0.04097781320443927,0.00574133506786446,0.04650228422066177,0.12377686520976283
validation,move_near,89,22,0.05467084463834974,0.09974223661658127,0.03865032336594713,0.04507139197823153,2.2049503160385195,0.05369781836800668,0.05900824864125994,0.0279074817907167,0.0053104302732532626,0.03976096170497826,0.13351959637059232
validation,move_near,89,23,0.054026220372755736,0.05673592000208921,0.04797139876869736,-0.003806282202085768,0.9566777782853148,0.044633978081244606,0.04877460335647545,0.09331809800366536,-0.0445434946471899,0.040737212445104136,0.08364233676613253
validation,move_near,89,24,0.05107425779203309,0.09472778900974643,0.03455682298846903,0.04365353121771334,1.9481974025465518,0.04821007727180216,0.05754414786221925,0.03595366522163577,0.009334070590417092,0.034319460627296246,0.09020176016895338
validation,move_near,89,25,0.03371591149346915,0.054191894306776955,0.027865051206782326,0.0181562018626648,1.5122627946451441,0.03294487827684111,0.05027777040023391,0.03170406416240931,0.016375024967496526,0.0017811768951682763,0.11316167170765941
validation,move_near,89,26,0.04410315859067968,0.060981511883706034,0.029105491638248365,0.015082808428942227,1.3184186116622787,0.03972057935588275,0.053371834900616255,0.02647797958642469,0.01365125554473351,0.0014315528842087182,0.14872091492093395
validation,move_near,89,27,0.0434111357719526,0.050608855843527846,0.026170554479872588,0.00719772007157525,1.1438028785983418,0.03324070485621524,0.05349627800022647,0.02409399916919575,0.02025557314401124,-0.013057853072435989,0.07475536822634983
validation,move_near,89,28,0.03851883867752197,0.05162509092025824,0.03260850347936305,0.008773175147773893,1.2130206571308895,0.0377228380846704,0.0486197154050751,0.028918140855443423,0.01089687732040471,-0.0021237021726308175,0.11399833856191322
validation,move_near,89,29,0.03135303652053466,0.05347226024767853,0.022812472446004983,0.022119223727143877,1.7028379277649348,0.03150369232816693,0.040815730331700016,0.03053681523110538,0.008511831566183308,0.013607392160960565,0.18088684759453125
validation,move_near,89,30,0.03030179090839506,0.04556961506694279,0.02269380926273015,0.01526782415854773,1.5598481465892073,0.03429686326372677,0.05005075138478471,0.025310924440981902,0.01575388812105793,-0.00048606396251020187,0.1691340690236037
validation,move_near,89,31,0.029087237706935953,0.049422574351634586,0.023978786079318068,0.019469162608956172,1.7001177774555964,0.029244053028353627,0.04258731105527331,0.026988590543337892,0.011053163928631518,0.00841599868032465,0.25719997868304745
validation,open_drawer,0,0,0.004109592997634586,0.0013157821098565767,0.0038360968657293864,-0.0027938108877780094,0.31893223508686835,0.004182833866766615,0.0014655504049664724,0.004235048758453147,-0.002785090727023694,-8.72016075431463e-06,0.8319602857033411
validation,open_drawer,0,1,0.007341079496862686,0.004008291401728817,0.010302516711574736,-0.006294225309845919,0.3937067264743448,0.0072012317390568485,0.003986930198387148,0.009783362601863061,-0.005796432403475914,-0.0004977929063700046,0.3735825107432902
validation,open_drawer,0,2,0.030330932037742786,0.039427075425148804,0.0383449236398978,0.001082151785251002,1.0366949722737864,0.024995176029142765,0.028039747669101847,0.035865044149935923,-0.007825296480834075,0.008907448266085078,0.02325550269758499
validation,open_drawer,0,3,0.022362071973537966,0.04539507393546888,0.031834416523666,0.013560657411802889,1.5284822071118793,0.022810117337366962,0.03645238144787565,0.02793793202048872,0.00851444942738693,0.005046207984415959,0.03711716658089396
validation,open_drawer,0,4,0.024583854167731706,0.0339984781549914,0.03806419960809613,-0.0040657214531047295,0.9075583704848528,0.027599902438897872,0.041878710903155814,0.030480807408136825,0.01134675489886528,-0.015412476351970008,0.04737042209391499
validation,open_drawer,0,5,0.032366981709689276,0.10848211170438511,0.0316099394133867,0.07512165744560184,3.339661075165631,0.03628657547125712,0.1266406976213071,0.026866021109473254,0.09035412215005001,-0.015232464704448152,0.07775697865455793
validation,open_drawer,0,6,0.05440283135063439,0.043024905579621665,0.047761996456016385,-0.01431743538106424,0.7698736657902674,0.0489035598008963,0.065403597840881,0.04526144395721208,0.015966025389822166,-0.03028346077088641,0.05252741850548167
validation,open_drawer,0,7,0.04342671558117824,0.09140410165578776,0.05617585863134356,0.035228243024444196,1.7522790057094324,0.029292301343282954,0.10121697641733451,0.054393443157579435,0.04682353325975508,-0.011595290235310885,0.07393620768239846
validation,open_drawer,0,8,0.06564887620109087,0.0759991814209699,0.047477838399501926,0.010350305219879024,1.174613341308345,0.04704561550919314,0.06407219694274213,0.048148189964556894,0.014266859815914822,-0.003916554596035797,0.17431591663080326
validation,open_drawer,0,9,0.050834305156663095,0.06078058543479936,0.06424896077253378,-0.005547785082090566,0.9740781487433797,0.04314426713195341,0.07723463073958077,0.06533590592175391,0.011898724817826856,-0.01744650989991742,0.1215471944096862
validation,open_drawer,0,10,0.05595821780148161,0.09375670400048804,0.0643423670207519,0.029294289674158477,1.6283222508840736,0.05856588101232758,0.12093063361067428,0.06550269489188297,0.055427938718791314,-0.026133649044632837,0.1783571963560462
validation,open_drawer,0,11,0.05903385247862583,0.1459078938859921,0.04126025341904624,0.08417211356976734,2.223488237800207,0.06555956932875416,0.17292076114308738,0.05291644429264311,0.10736119181433319,-0.02318907824456587,0.25294670953523263
validation,open_drawer,0,12,0.0439443480727871,0.07791061603665923,0.03668798458586609,0.03396626796387212,1.9617373206903157,0.046917935693819114,0.16795909585030303,0.06064918133381437,0.10730991451648865,-0.07334364655261653,0.3139232812576059
validation,open_drawer,0,13,0.05199281219305222,0.060689322528370455,0.030550461336041484,0.008696510335318234,1.1977503939091183,0.05267734083575437,0.08563896004574245,0.04739422550797586,0.028807109956093594,-0.02011059962077536,0.18977350392500134
validation,open_drawer,0,14,0.05415780710005672,0.10425719710909782,0.041639692503885856,0.04636929538001888,1.7805534972586246,0.0811842478892235,0.10902604555484097,0.05234782174198598,0.02784179766561747,0.018527497714401413,0.3829399236894157
validation,open_drawer,0,15,0.04759048170035255,0.07139456776318148,0.044046916615111446,0.022831475955669908,1.440822130598205,0.06747830070796744,0.08253074889057788,0.0705082185963163,0.009301542663415097,0.013529933292254812,0.24167966647140324
validation,open_drawer,0,16,0.05738569090231702,0.08004173644580119,0.045281557907764614,0.02265604554348416,1.5775451201519417,0.059307993846808606,0.06532331920590555,0.0428393138920578,0.00601532535909693,0.016640720184387232,0.1721870753630886
validation,open_drawer,0,17,0.04614943276862346,0.05692413414452138,0.037861507436611735,0.009387423334857587,1.2210290297022115,0.051784420931539156,0.07432746133137372,0.0659086656098376,0.00841879572153611,0.0009686276133214766,0.16228156285107312
validation,open_drawer,0,18,0.07435291898547713,0.07321598225529034,0.06140766390852507,-0.0011369367301867956,1.0159300438460868,0.07529747075761328,0.06488166734400243,0.06428975914157047,-0.014106838326891627,0.012969901596704829,0.11185203835574005
validation,open_drawer,0,19,0.059364670662463204,0.08309308089449291,0.05179040135660006,0.02372841023202971,1.4548756654797064,0.08396031341886652,0.09251477869492641,0.07637869657651807,0.007492855285788395,0.016235554946241317,0.10840890590051326
validation,open_drawer,0,20,0.08054423689799943,0.08230451810278018,0.061194322010853786,0.001760281204780755,1.0070362314150485,0.08771306150401122,0.08132882451656394,0.0756320926300187,-0.010976259133338806,0.01273654033811956,0.11296182198520437
validation,open_drawer,0,21,0.06570332486195793,0.09300684411418865,0.051098119247333464,0.027303519252230735,1.3839796868783099,0.07645898037039121,0.06604200821819829,0.06298245845562445,-0.014767993781875701,0.04207151303410644,0.12339208917755211
validation,open_drawer,0,22,0.072909342743215,0.08243386560138467,0.06823831020905353,0.006650019029080992,1.017035435220938,0.08234543253919308,0.07470239309476573,0.06286854665136256,-0.007643039444427351,0.014293058473508343,0.10641620769376914
validation,open_drawer,0,23,0.06708694629482219,0.04960062293426921,0.11496260321899664,-0.06536198028472741,0.41752363907574175,0.06652251665721609,0.053484596389018126,0.11441643089126997,-0.06093183450225185,-0.004430145782475564,0.08886021272284476
validation,open_drawer,0,24,0.08620537981473107,0.09221023838276826,0.054531112629929206,0.006004858568037193,1.0383892890205908,0.08797492502250633,0.1028415572776683,0.07182558258401618,0.014866632255161974,-0.008861773687124782,0.10879329773179573
validation,open_drawer,0,25,0.07603448919278669,0.05311471607767106,0.04964922228917973,-0.022919773115115633,0.7489349265825865,0.05452682633857429,0.050895418029968914,0.04541075097167422,-0.008101930415655637,-0.014817842699459996,0.10857205747491132
validation,open_drawer,0,26,0.07428255205266615,0.0562869529508053,0.06546578490909279,-0.01799559910186085,0.8285377020286037,0.06390977798876678,0.08884022658421424,0.05650532633244773,0.024672980100020187,-0.042668579201881045,0.11358415724656368
validation,open_drawer,0,27,0.05465608785190681,0.052657744388014925,0.03970361177647116,-0.0019983434638918877,0.9647428853951873,0.05405837948150194,0.04915731559985148,0.04746336238420481,-0.004901063881650461,0.002902720417758573,0.07561168937159835
validation,open_drawer,0,28,0.06141328335082302,0.0571812195450864,0.042906618019801224,-0.004232063805736622,0.9129099251522425,0.055994082648201826,0.0388523731434122,0.058093474004394914,-0.021063304513702797,0.016831240707966173,0.13043613120830364
validation,open_drawer,0,29,0.06132888944795084,0.04758937149694706,0.03932604876657946,-0.013739517951003775,0.8039755316784127,0.04825586431253882,0.058303522142464155,0.04845443302965477,0.007879661755984771,-0.02161917970698855,0.17308087117940354
validation,open_drawer,0,30,0.05119088866483098,0.05656301440194198,0.04136007031342991,0.003669959949702826,1.11056872558846,0.04308195592172794,0.050112845385000014,0.04004731232720031,0.005259222136057712,-0.0015892621863548863,0.146395178641626
validation,open_drawer,0,31,0.04284441400849309,0.041185302804635476,0.0480938321512388,-0.007551526980730976,0.8725692239938506,0.045626742643157504,0.03912665177857636,0.044069654959102034,-0.007349274960171982,-0.0002022520205589943,0.22644010113534327
validation,open_drawer,1,0,0.0043844930536173716,0.004705261934089222,0.004303255045169541,0.0003168455788863089,1.0723151139753995,0.0036970727384388383,0.0038909845606977292,0.0038962393449959005,-1.968690226926446e-05,0.00033653248115557335,0.8465448046724001
validation,open_drawer,1,1,0.006364582121091397,0.0038732319119950307,0.010225845916682215,-0.006352614004687185,0.3828556024796752,0.006565383024307325,0.004242056419148444,0.009591410687629425,-0.005349354268480981,-0.0010032597362062054,0.39285671276350814
validation,open_drawer,1,2,0.03571737641897365,0.038524468077492276,0.03548031853573097,0.0017396146014978635,1.0614986248915128,0.02822966432271895,0.023985595433292973,0.027330406451763656,-0.005100456458414493,0.006840071059912356,0.03412300524130766
validation,open_drawer,1,3,0.025234544488482825,0.055296314866045075,0.02283681824154286,0.029057990283636915,2.106686057994786,0.024992120323600764,0.042032453706032986,0.03123908455274611,0.010793369153286879,0.01826462113035004,0.03425863088091319
validation,open_drawer,1,4,0.03406864323418678,0.0474014756385977,0.0414662494962934,0.004452871487209162,1.150393973631557,0.032365440770807795,0.035129296902899926,0.03094612984786098,-8.998689563414809e-05,0.0045428583828433095,0.032196500028817354
validation,open_drawer,1,5,0.05493169798774413,0.11957922900128772,0.04092040895287571,0.0646475310135436,2.1993154359057807,0.06742842554204145,0.08311014375282387,0.03719984249971848,0.015681718210782417,0.04896581280276119,0.0567354059766482
validation,open_drawer,1,6,0.04776623107379468,0.07326393898468414,0.050550995889862,0.020659271159149128,1.372539235146661,0.04457323780050437,0.05720479733581746,0.0418043126167345,0.012631559535313084,0.008027711623836043,0.025303775201355922
validation,open_drawer,1,7,0.04079858691710125,0.06738902662725645,0.04454741837124504,0.016866290139378484,1.3286972979442557,0.03638681421305162,0.04922686482719515,0.06536633081689755,-0.016139465989702406,0.03300575612908089,0.07295043557060883
validation,open_drawer,1,8,0.054890635383119196,0.08040633472958136,0.06310683355133136,0.017299501178250003,1.2790225556872907,0.04645262017336571,0.04643296157583302,0.047644582266577,-0.0030953508698415635,0.020394852048091567,0.12329678331389005
validation,open_drawer,1,9,0.051100966898419586,0.06561030212450154,0.08273670308202687,-0.017126400957525326,0.796515948085558,0.05568043873673578,0.06534188600765699,0.06420459264640534,0.0011372933612516511,-0.018263694318776977,0.10811060340968955
validation,open_drawer,1,10,0.046921764477626665,0.11011619976865326,0.049266681579169545,0.05386729541959648,1.9487205280364261,0.059274842226750946,0.07198137988449743,0.048287647202374905,0.012706537657746477,0.04116075776185,0.16072510879287924
validation,open_drawer,1,11,0.0667850270235001,0.14902642410177946,0.04533895033099112,0.08224139707827935,2.199055498936304,0.06827129978235066,0.10812187237851563,0.05943413664860586,0.03985057259616496,0.04239082448211439,0.2260375468387489
validation,open_drawer,1,12,0.0442068784097322,0.12447166194207919,0.03234739055127029,0.08026478353234699,2.8498382264545072,0.06822789297031923,0.06321698272143096,0.05917646921987823,-0.005567917220307392,0.08583270075265438,0.19915890908562991
validation,open_drawer,1,13,0.045782213150109136,0.08762827054075369,0.03940478866240343,0.040103847513203776,1.8471967359792316,0.04812310649934717,0.050654114060909326,0.040140367784118974,0.0007044121249732879,0.03939943538823049,0.17039046948427009
validation,open_drawer,1,14,0.06005912061583016,0.11546403733569681,0.041029254566345465,0.055404916719866644,1.9165304236255902,0.05916821742834009,0.0656054315539906,0.05232463289812198,0.0064372141256505006,0.04896770259421614,0.3383473489363193
validation,open_drawer,1,15,0.044185992022534086,0.07566811451847821,0.05302405486933013,0.022644059649148073,1.4380771842643452,0.05617973552047517,0.05559895447358381,0.049471062888621554,-0.006217987002660963,0.028862046651809036,0.23509931587265478
validation,open_drawer,1,16,0.05544256314018548,0.0904529024408286,0.06650161391670999,0.023951288524118597,1.3554545075522482,0.045149749411990035,0.06668373104215955,0.044730863790892535,0.019036876495124203,0.004914412028994397,0.1738174488985275
validation,open_drawer,1,17,0.05647869280760853,0.07387656695143936,0.057956463083147315,0.011995885551189764,1.1969807665461178,0.06672241234762794,0.06760418836425407,0.06652630924598894,-0.00598531598172924,0.017981201532919003,0.17406610733587513
validation,open_drawer,1,18,0.07344134504202508,0.08200357707336085,0.057415701553693965,0.00856223203133577,1.1420316561301465,0.0647789070923687,0.07780184361026317,0.06539560682162872,0.01120352433756812,-0.0026412923062323506,0.09891469665871
validation,open_drawer,1,19,0.06091732059393273,0.08116626092264119,0.048224608992989554,0.020248940328708456,1.3350575549427537,0.07578901525111671,0.07061751646387272,0.06368235832123477,-0.011933805906943894,0.03218274623565235,0.12193010462406544
validation,open_drawer,1,20,0.07544744348721301,0.09860578846218614,0.04663694136098293,0.023158344974973127,1.3017698748076123,0.0840803296248606,0.05615023863275842,0.08385498696856503,-0.030518700532740115,0.05367704550771324,0.12780846226109097
validation,open_drawer,1,21,0.0708748962004193,0.08398108567978273,0.05437167084750597,0.00954632867181951,1.124469564572746,0.07602430537319545,0.0643363223121798,0.07761353939209988,-0.025813824198007967,0.03536015286982748,0.14416197232141315
validation,open_drawer,1,22,0.055515177939118886,0.09495386190640963,0.06969016827900724,0.022859997572631147,1.4202626568044685,0.1030739032368911,0.06187983981655081,0.0612125381538468,-0.041194063420340286,0.06405406099297144,0.09460361261159751
validation,open_drawer,1,23,0.077743744352371,0.05954280719648305,0.1685398716729188,-0.10899706447643574,0.3725791204511483,0.0742379606222106,0.039487627618145026,0.09248201652708342,-0.05578700167094771,-0.05321006280548803,0.06057752394741556
validation,open_drawer,1,24,0.07727599204103162,0.07312850574311848,0.049728074449740985,-0.0041474862979131374,0.9298813276408264,0.07126628475819764,0.060408510067369435,0.052709321222764866,-0.010857774690828208,0.00671028839291507,0.10872731237475364
validation,open_drawer,1,25,0.0550374372484476,0.06931899857993869,0.05458093794794966,0.005693075104638262,1.1978147023106083,0.05411837185296218,0.04895510055760247,0.04876361606630945,-0.005163271295359709,0.01085634639999797,0.10081924434826799
validation,open_drawer,1,26,0.0644482033747926,0.05251691474080619,0.05000752808688738,-0.011931288633986405,0.8372454000162834,0.06537471961692451,0.05919907716872704,0.05238842452680825,-0.006175642448197465,-0.00575564618578894,0.1285804357747035
validation,open_drawer,1,27,0.06176054239098172,0.06731821766622242,0.04206456887431409,0.005557675275240701,1.1563286175911967,0.04313499798135361,0.04467709877024897,0.04314086822359638,-0.0022403670804991053,0.007798042355739806,0.06495916439313969
validation,open_drawer,1,28,0.05803172352815771,0.069393265457581,0.046373899739136366,0.011361541929423277,1.2042635608872028,0.0530298111886745,0.04930597611791147,0.06172791872872677,-0.013412908614163404,0.02477445054358668,0.07321584978828355
validation,open_drawer,1,29,0.055283898884640324,0.04635294903199846,0.046733148199044734,-0.008930949852641876,0.8456922992443799,0.05732036076689743,0.04603421674098008,0.04875959274811472,-0.011286144025917348,0.0023551941732754705,0.14190386056688453
validation,open_drawer,1,30,0.04527801907658139,0.04737916113326487,0.04045481266262826,-0.0005586102505695708,1.036996601351219,0.03729845908545828,0.04140524076443866,0.03948782696150413,-0.0014910656920059662,0.0009324554414363954,0.14560809135628006
validation,open_drawer,1,31,0.04838177991869965,0.04069342405149434,0.050968390123060585,-0.011877925969566381,0.7819388496906189,0.0428714292274057,0.039291238080485895,0.04301063988435543,-0.009158507253657145,-0.002719418715909236,0.23375547276161038
validation,open_drawer,2,0,0.00418520531355203,0.0014000619720744873,0.003965276166140693,-0.0027851433414775423,0.3348004467090991,0.004012734040128461,0.0013264767755551184,0.0043401585520351635,-0.003013681776480044,0.00022853843500250152,0.8373835931221644
validation,open_drawer,2,1,0.007288727749615718,0.0038155963615650774,0.010450403283246243,-0.006634806921681166,0.37251609679640324,0.007076886329942393,0.004200803165166598,0.010030828982130398,-0.005830025816963802,-0.0008047811047173642,0.39675046084448695
validation,open_drawer,2,2,0.03503996969103779,0.03444345550262096,0.043934554493226356,-0.009491098990605393,0.7863166170253727,0.0279631468729374,0.024918423274746804,0.036254327828430466,-0.011335904553683662,0.0018448055630782706,0.02426189484906634
validation,open_drawer,2,3,0.01742500614152574,0.04327586114836501,0.022087378345121172,0.02118848280324383,1.9361191829659177,0.0263062895188548,0.028982715106804433,0.02718955578222024,-0.00015067182694473413,0.021339154630188567,0.03294568502424985
validation,open_drawer,2,4,0.018872934758230722,0.03422784877558441,0.04117056987138385,-0.006942721095799451,0.830460223262078,0.032609642614072405,0.03592357038735718,0.03377529420439047,-5.4857775945789854e-05,-0.006887863319853661,0.04617514791652866
validation,open_drawer,2,5,0.03968514009366107,0.08463407802443156,0.035086409663050294,0.042747673030892365,2.028733643035901,0.0374594461992209,0.11968138217665626,0.034799160539867154,0.07865534356612935,-0.03590767053523699,0.06765900559253168
validation,open_drawer,2,6,0.04857041917254623,0.0492145464756942,0.05547437116551939,-0.006259824689825197,0.9078700357023776,0.06504214075400692,0.06269779265264867,0.046799533512846304,-0.002344348101358263,-0.003915476588466933,0.037743659722385324
validation,open_drawer,2,7,0.03492582548294384,0.08088284823541991,0.04739294382108675,0.033489904414333166,1.8979938243401404,0.03027721316267996,0.09962178700611457,0.04767511923493855,0.05194666777117602,-0.01845676335684286,0.07105926275138093
validation,open_drawer,2,8,0.0482071546366257,0.08207243489495725,0.046438478810397005,0.03243784890785112,1.6661024117806573,0.043441866853338416,0.058866784138804286,0.04419050661507016,0.014348984620710811,0.018088864287140308,0.13593614366982365
validation,open_drawer,2,9,0.040771627363984146,0.0632456435058572,0.06252287510040427,0.0007227684054529199,1.028555440302054,0.04890030467701215,0.07446120580424355,0.06195379643592952,0.012322811604226954,-0.011600043198774035,0.11908220244761954
validation,open_drawer,2,10,0.03840763604130706,0.09229995371881511,0.04569734319389071,0.04660261052492439,2.027479522534282,0.05022141603897426,0.11089888775388594,0.062002663878154375,0.04889622387573156,-0.002293613350807161,0.18462123687853213
validation,open_drawer,2,11,0.0678025944086651,0.16266514560235615,0.04205066941985238,0.09486255119369108,2.4185385300975994,0.062304389775829354,0.16642148329895476,0.04617245159941127,0.10411709352312541,-0.009254542329434318,0.22586869369661144
validation,open_drawer,2,12,0.03951600848968883,0.09700363588206369,0.03822588311936886,0.05440287394757295,2.3126492918767383,0.0559978233539511,0.12682928058441953,0.049001973776265854,0.06415575021578611,-0.009752876268213152,0.22954042521026471
validation,open_drawer,2,13,0.032609753641459335,0.1005864461180237,0.03596117683842248,0.06248156208471687,2.6465569019939426,0.04871163076056162,0.07882114730068744,0.04131482904774301,0.028149860058245203,0.03433170202647166,0.19596124465912604
validation,open_drawer,2,14,0.045044972710956865,0.1639482961187271,0.05114425205706042,0.1128040440616667,3.1962878417302854,0.07249826657240936,0.09524163646059335,0.056018019772090887,0.020075063233567017,0.0927289808280997,0.3117955242584382
validation,open_drawer,2,15,0.04420052499227051,0.0866172907373864,0.05259034865122025,0.03363841874885319,1.6956384368441642,0.05708987838484534,0.0676945691729206,0.05571751399470942,0.006285657882502825,0.02735276086635037,0.21549105427538962
validation,open_drawer,2,16,0.054531356205423126,0.08630188012797985,0.05953215423459033,0.025692425334096807,1.3970037229565586,0.057172203494131955,0.06380050530220711,0.052963243350402735,0.001450193012073162,0.024242232322023646,0.20636901260782756
validation,open_drawer,2,17,0.05586565555327532,0.07908926086139999,0.057959713960299676,0.01872042594981097,1.2975333594787317,0.06228554465816475,0.06615854377064721,0.06463161616862444,-0.0016316493213786147,0.020352075271189582,0.14022215335148758
validation,open_drawer,2,18,0.08926289349554822,0.07779082968107726,0.08333587114493085,-0.024237865986154575,0.7703781438749715,0.06554666444505174,0.057080793774585,0.06115946896055838,-0.013257127449214486,-0.010980738536940092,0.08597316892291929
validation,open_drawer,2,19,0.07276545467930227,0.09516586175427205,0.05434263997078631,0.02240040707496979,1.3257323812972777,0.07508307151467884,0.07940642924149552,0.0679646993908668,0.001946890775656171,0.02045351629931362,0.10889444779630253
validation,open_drawer,2,20,0.07714285596007386,0.10157163780045746,0.06052060563324041,0.018725777604884145,1.2328667528681867,0.07449241299563335,0.0677061462464914,0.05815245897875484,-0.006786266749141942,0.025512044354026087,0.1451446547051205
validation,open_drawer,2,21,0.07467142935056892,0.11914262368516125,0.06770872075740218,0.044214010394070524,1.6433544429771043,0.07111162821297913,0.06027776799298878,0.06297771490254139,-0.014663245497833119,0.058877255891903645,0.12349670034251876
validation,open_drawer,2,22,0.07051046165459346,0.07781817224676445,0.06750837383481924,-0.003372631545636567,0.9781174680756582,0.08490814553372346,0.06629234485151496,0.06792293014812198,-0.018751825468216732,0.015379193922580164,0.09180212393727534
validation,open_drawer,2,23,0.05420362556563957,0.048239060615716624,0.1342412958146261,-0.08600223519890948,0.3621601374223129,0.05676308521587229,0.04181669273578889,0.11432056500432758,-0.07250387226853869,-0.013498362930370785,0.07093484498930518
validation,open_drawer,2,24,0.07352151879102785,0.08187056002715042,0.059185566060383575,0.006977729546016526,1.0947203796181288,0.0715890274249988,0.0764771072879003,0.06280992445804667,0.0026351436024455374,0.004342585943570988,0.08171570075966865
validation,open_drawer,2,25,0.0557254145077646,0.047203117357964536,0.04427640661343224,-0.011096308817504237,0.7788343330376176,0.06003630788003134,0.046837878235187036,0.042750095611789,-0.013198429644844302,0.0021021208273400657,0.10615352941897527
validation,open_drawer,2,26,0.05738139889804337,0.055025177614623916,0.07077991403525456,-0.015754736420630643,0.8123264567671367,0.06733752362853622,0.06810155202913393,0.046604198271147645,0.000764028400597703,-0.016518764821228344,0.11691977121691366
validation,open_drawer,2,27,0.03994384637321219,0.042266150538949256,0.039763246805667035,-1.275402510098981e-05,1.0019927774349489,0.04713193418098851,0.04354034322021342,0.03916242763628086,-0.003591590960775089,0.0035788369356741004,0.06159071710559753
validation,open_drawer,2,28,0.05399944021655163,0.05389371328369145,0.05642195289373897,-0.003095190181931308,0.9532589927135255,0.05936483828280345,0.04846129850005815,0.049362473077362745,-0.01141895891448138,0.008323768732550071,0.09813438137616022
validation,open_drawer,2,29,0.054521740305832574,0.052465101423228695,0.05510685954651248,-0.007244410404265672,0.8702142519964137,0.051434737414269634,0.04655470351578846,0.04773363592563967,-0.0066851013260075575,-0.0005593090782581139,0.1589519629771606
validation,open_drawer,2,30,0.05094276924560548,0.051270109158764086,0.04635548044113747,-2.847402256397208e-05,1.003317457287969,0.04361671252390666,0.05268723543265577,0.04671194580181384,0.004277393406432827,-0.004305867428996799,0.12030971374434785
validation,open_drawer,2,31,0.04954347109757511,0.04222820166113229,0.054255784394187545,-0.01719077725390734,0.7250118484629823,0.0391841238887233,0.04119326093198145,0.03698614074436543,0.002009137043258155,-0.019199914297165496,0.21770212074928472
validation,pick_coke_can,3,0,0.004468664856796788,0.002598791465858947,0.003111641238015287,-0.0018698733909378415,0.585354659469638,0.004330131924771612,0.002765885087267241,0.003183228765480948,-0.0015642468375043708,-0.00030562655343347074,0.8210513020555178
validation,pick_coke_can,3,1,0.013125823037426695,0.004053770908519633,0.008245891232480273,-0.009072052128907063,0.30874213306268367,0.012502240547037686,0.0037730952617939426,0.007934855860254204,-0.008729145285243742,-0.00034290684366331935,0.4359530620276928
validation,pick_coke_can,3,2,0.028928216030395665,0.020679815044799807,0.03527940419938638,-0.014599589154586581,0.585910250728468,0.03239153304739443,0.020775971495750733,0.03364209999672377,-0.012866128500973037,-0.0017334606536135444,0.03395326644196454
validation,pick_coke_can,3,3,0.03218853745216064,0.04577418316333754,0.036631769264342674,0.009142413898994874,1.257175432432556,0.030782924872969738,0.03510837003763837,0.030975418431107,0.0020900508107639854,0.007052363088230888,0.027316051337209046
validation,pick_coke_can,3,4,0.030828117718769893,0.0704454817855734,0.0297148273272221,0.03881234454541651,2.2734471861616803,0.029074778991378166,0.05564260256136879,0.035328422708881944,0.017640994926168222,0.021171349619248287,0.06087344196456949
validation,pick_coke_can,3,5,0.04121678280345375,0.033529224886183796,0.035348244462457136,-0.007687557917269952,0.8042238321670228,0.04844786284920225,0.03468634992038361,0.03962433690061679,-0.013761512928818642,0.006073955011548689,0.08093073599021257
validation,pick_coke_can,3,6,0.03203548626720248,0.07789324283911293,0.04143273067814925,0.03646051216096369,1.9345209355281223,0.0434970454554639,0.08704682463966029,0.038314549080270224,0.042932551729169544,-0.006472039568205854,0.09204636176665797
validation,pick_coke_can,3,7,0.061160637128249096,0.10886283548974686,0.05441659868737809,0.04770219836149777,1.7797727360426456,0.05699675743595867,0.07035107527177539,0.04588348669546089,0.013354317835816731,0.03434788052568103,0.0772833267243982
validation,pick_coke_can,3,8,0.06684320923131569,0.1219645045805286,0.05182340344599199,0.0551212953492129,1.8183678847870148,0.05646145669671462,0.0912456324552185,0.039765235253615396,0.03478417575850388,0.020337119590709028,0.16118190136535304
validation,pick_coke_can,3,9,0.06130171881789643,0.11551464388859828,0.07717365985927244,0.03834098402932584,1.486807565784653,0.0735028335924865,0.06558096822116531,0.05838539086975878,-0.012568815187696493,0.05090979921702233,0.12223570378144662
validation,pick_coke_can,3,10,0.0584085390694026,0.11983062490628338,0.046839525980199866,0.0614220858368808,2.0826832054517905,0.05525365449420885,0.05956993360219295,0.0512110053150818,0.0012792250054855653,0.060142860831395244,0.1692951745606782
validation,pick_coke_can,3,11,0.08186955097571465,0.1483572818802634,0.05966213419666241,0.06648773090454875,1.9542865024758809,0.07839775410714216,0.10931537383478156,0.05014387813435058,0.030917619727639397,0.03557011117690936,0.1920366535652344
validation,pick_coke_can,3,12,0.06034525158662999,0.12538864880111097,0.046955583038356584,0.06504339721448099,2.795007959487179,0.08296643445240476,0.10378126534305548,0.03871824259530791,0.020814830890650716,0.04422856632383027,0.2030305180189771
validation,pick_coke_can,3,13,0.06509214717265427,0.10913795504503147,0.04756656105093824,0.04290163736161958,2.0952246610004344,0.059926780305224,0.07187134289993487,0.050221873873082086,0.01194456259471087,0.030957074766908715,0.15273531006103744
validation,pick_coke_can,3,14,0.07674298059178146,0.13252526311890164,0.04991068599626197,0.05578228252712017,1.763325671735019,0.0713996283552953,0.06942538421424932,0.04431510219434759,-0.0019742441410459666,0.05775652666816613,0.28172059967975355
validation,pick_coke_can,3,15,0.054556264548647655,0.07281098097516348,0.06070071086586501,0.01147766806444476,1.1248866486876183,0.06467891260464624,0.07482353800183657,0.05830408487218417,0.007203649963356119,0.004274018101088642,0.23329454227742494
validation,pick_coke_can,3,16,0.0718500580218926,0.08812567361417423,0.042235514686113196,0.016275615592281616,1.1146711174494577,0.08262777072549539,0.08889919298528039,0.0569579993334541,0.0062714222597849935,0.010004193332496624,0.18461870170502456
validation,pick_coke_can,3,17,0.06826327504984786,0.10705968189286034,0.05166168311737727,0.03879640684301249,1.5701992323034506,0.0845476294695387,0.10125046052993651,0.05870934684361593,0.016702831060397813,0.02209357578261467,0.17781526774560538
validation,pick_coke_can,3,18,0.09253082849237733,0.05891544063351387,0.0644492929224428,-0.03361538785886348,0.6323516955537344,0.08207164003671143,0.07715521276006804,0.0568579354923509,-0.004916427276643387,-0.028698960582220087,0.0773352642294185
validation,pick_coke_can,3,19,0.08284423818574486,0.08406838116045001,0.08444139669090432,-0.0048558571181073484,0.9072499195317695,0.09791382479271248,0.0633992480237434,0.06628138390023273,-0.03451457676896907,0.029658719650861715,0.15858833496450112
validation,pick_coke_can,3,20,0.10018505355901956,0.09969174088821252,0.0644117487415709,-0.000493312670807033,0.8774946703197792,0.11485372330831457,0.061688744242102356,0.07033988986976339,-0.05316497906621221,0.05267166639540518,0.11757905293375852
validation,pick_coke_can,3,21,0.09885719737212269,0.1317655184818981,0.0953083196293974,0.026969169847775632,1.1473286552342745,0.07774620233109611,0.0697871264364526,0.06701746142812146,-0.007959075894643506,0.03492824574241913,0.09621426342046273
validation,pick_coke_can,3,22,0.08701194434289317,0.09629950832381877,0.07470378874370341,0.009287563980925603,1.0599524341007875,0.09206734508869206,0.09000332450067965,0.06901594824446751,-0.0020640205880124184,0.011351584568938021,0.1528207092028282
validation,pick_coke_can,3,23,0.10836101784031575,0.0718311711693334,0.10252639081448876,-0.038889581510202435,0.8045983127116462,0.07626977831428033,0.04745551552563012,0.12873150007591294,-0.08978692430855394,0.05089734279835151,0.11397746722368633
validation,pick_coke_can,3,24,0.10157790259479572,0.09822370392397294,0.07357066037544668,-0.0053525026877910735,1.0516466295321443,0.11536730128283053,0.06593515344938179,0.08260478829055708,-0.049432147833448736,0.044079645145657674,0.132128528671713
validation,pick_coke_can,3,25,0.07893729117487062,0.05533636937234835,0.05401243318639023,-0.023600921802522285,0.7144277266677176,0.08624091207132806,0.0543607184137776,0.0578195599973976,-0.03188019365755046,0.008279271855028178,0.117717961707361
validation,pick_coke_can,3,26,0.09820618010769727,0.0805496740112435,0.06783291742059884,-0.017656506096453785,0.8520925966091073,0.09778812769558487,0.03757057083657921,0.05898743131633669,-0.06021755685900565,0.042561050762551865,0.1315075661271313
validation,pick_coke_can,3,27,0.05505477451171522,0.036299919499055096,0.05133012341598043,-0.024576588372583346,0.5977367018076195,0.0668126814640919,0.042514315728986084,0.03936630549428635,-0.024298365735105822,-0.00027822263747752374,0.08077329224842227
validation,pick_coke_can,3,28,0.06540582934019276,0.04260600878005357,0.0461885435200049,-0.028556841239627043,0.6157340630187181,0.060199141842647776,0.05030374038164658,0.04713806035340818,-0.0098954014610012,-0.018661439778625843,0.09793181805833011
validation,pick_coke_can,3,29,0.06219240922386537,0.047464976288000456,0.04779042103516523,-0.014727432935864905,0.7359774333521923,0.07402995847198811,0.04456471091951122,0.041767366064787155,-0.029465247552476887,0.014737814616611986,0.1970610562255691
validation,pick_coke_can,3,30,0.0429260351090937,0.054725643073536306,0.03692232684978832,0.011799607964442606,1.2796959282849432,0.05165300471844094,0.043213008546160774,0.03784360706341986,-0.008439996172280168,0.020239604136722773,0.14984822470106943
validation,pick_coke_can,3,31,0.050583178311296134,0.03648189320559994,0.0386518999828258,-0.015440650116075802,0.715385426253305,0.05972165743078972,0.04561712301241081,0.038750487254229714,-0.014104534418378905,-0.001336115697696898,0.2702056811183411
validation,pick_coke_can,5,0,0.004684513507551322,0.002634650668657945,0.0032253459240213964,-0.002049862838893376,0.5693912970764624,0.004635714858732684,0.0027447966664534747,0.003231686699793771,-0.0018909181922792098,-0.00015894464661416656,0.8270147989193598
validation,pick_coke_can,5,1,0.01395620533407047,0.004472551834953449,0.008172981137883244,-0.009483653499117018,0.3221612843871526,0.013326259565088398,0.00436240572675876,0.00783466439160428,-0.008963853838329637,-0.000519799660787381,0.43664135225117207
validation,pick_coke_can,5,2,0.025189676953034982,0.020531098116060534,0.03399402191046124,-0.013462923794400708,0.6094154136948794,0.029692383541903383,0.02031144108034287,0.03052456247523211,-0.011188423987609794,-0.002274499806790918,0.034611941264283054
validation,pick_coke_can,5,3,0.03267933678981433,0.028855858858146764,0.03501463478039523,-0.006158775922248461,0.8296357625574924,0.029371175810478625,0.03137283800309289,0.025843822389447445,0.0009201574053975386,-0.007078933327646,0.028481785154639283
validation,pick_coke_can,5,4,0.030748946718028514,0.07644229508528207,0.029356904759210364,0.045371902727997425,2.464507563904478,0.029503502400956772,0.04770731158844422,0.035698898621576027,0.011460071560984107,0.033911831167013316,0.06919470150584554
validation,pick_coke_can,5,5,0.042588252140673806,0.031895430974370656,0.037829237541028994,-0.014380049318770197,0.6833001109274055,0.05268537660222893,0.03685792770774868,0.044543682761327336,-0.01695599167133122,0.0025759423525610254,0.08604282810097175
validation,pick_coke_can,5,6,0.032535548423247095,0.05774822494396803,0.0415744014464239,0.01617382349754413,1.3926608874462418,0.04931206941024765,0.08292639326034677,0.04010596739151306,0.031494589091206865,-0.01532076559366273,0.12102351100353796
validation,pick_coke_can,5,7,0.048283775401426025,0.12734066909921582,0.05541845912359974,0.07192220997561609,2.3638463620764667,0.06899395324380314,0.06634521246260838,0.04541121360050682,-0.0026487407811947583,0.07457095075681085,0.07707838959002326
validation,pick_coke_can,5,8,0.06572189547810604,0.1329419757360171,0.050405300085193665,0.06722008025791103,2.1267885229600023,0.06356227205699673,0.07241919051777039,0.049695912451848824,0.006409135098070134,0.0608109451598409,0.162591243591199
validation,pick_coke_can,5,9,0.04804184508283802,0.1154428306550568,0.05654331286779241,0.05889951778726438,2.1613212904641,0.06147341658376696,0.058985970600460985,0.05851043704215834,-0.010014052713482165,0.06891357050074655,0.13134289450351844
validation,pick_coke_can,5,10,0.06452387081900944,0.11047217033948697,0.06630311461112624,0.04036613837090669,1.6021832872345048,0.05648535828671992,0.06608646885645414,0.05102594899250481,0.004714757215895193,0.0356513811550115,0.1705012535962093
validation,pick_coke_can,5,11,0.06506671556994835,0.12474511947880706,0.044370167712603735,0.0596784039088587,2.123443655280593,0.07961175562002688,0.09344242879199423,0.05147912593100188,0.013830673171967352,0.04584773073689136,0.20103970659166256
validation,pick_coke_can,5,12,0.058068481720693954,0.08797942935857091,0.04244168103558175,0.029910947637876956,1.7374516951775645,0.07227719137345673,0.07109690626960181,0.046270836830797656,-0.001180285103854914,0.031091232741731877,0.20628761897482187
validation,pick_coke_can,5,13,0.039977210637382264,0.07650501819772047,0.04090620272937284,0.035598815468347644,2.004788822170449,0.05709890018444699,0.05616962205754852,0.04016853017962083,-0.0009292781268984696,0.03652809359524611,0.20547303388135182
validation,pick_coke_can,5,14,0.06304633344345528,0.10469144755306498,0.04716149222955859,0.041645114109609686,1.6520141492098794,0.06182578783327499,0.07807174375619587,0.04655058494416977,0.014607726050866179,0.02703738805874351,0.2944633719455396
validation,pick_coke_can,5,15,0.05293206952451779,0.08386117321392399,0.052064950202026505,0.027101267711138455,1.508838224755744,0.052233030964550474,0.06470917717544908,0.04886233296957432,0.006477320193140956,0.0206239475179975,0.25320504034183006
validation,pick_coke_can,5,16,0.06235525442762432,0.07358997809980271,0.0459649903478316,0.0112347236721784,1.2067916599953696,0.07264140244110434,0.05385687017007471,0.045656079732675346,-0.01878453227102963,0.030019255943208024,0.2189574888051311
validation,pick_coke_can,5,17,0.06029881268480473,0.08138323743757646,0.05196602493356173,0.019578678084123204,1.362203015975796,0.07570867906530467,0.08241077971147252,0.05948079510268589,0.005530282226275299,0.0140483958578479,0.20846000539431012
validation,pick_coke_can,5,18,0.07982698829232172,0.06637691431765283,0.06142267878888678,-0.013450073974668896,0.8601442053443962,0.09392818952753794,0.06582598001795271,0.07067333802367103,-0.033175577245129324,0.01972550327046043,0.0783438371303049
validation,pick_coke_can,5,19,0.08529597573380528,0.05958981550701759,0.07613715203778436,-0.025706160226787695,0.7133915720724907,0.09907666520745617,0.06417719995629043,0.07035651290013509,-0.03618679696406406,0.010480636737276365,0.13812049673794982
validation,pick_coke_can,5,20,0.10662135016907504,0.08065983623087182,0.07353599940843507,-0.02596151393820323,0.7416383575181653,0.1078825537220156,0.07176533463090823,0.09978892562395962,-0.04147430756414756,0.015512793625944328,0.12359643234935784
validation,pick_coke_can,5,21,0.08656850173021713,0.11407266334499101,0.09667702769952218,0.01739563564546885,1.1368996536404752,0.09055606706276798,0.10338819358909886,0.06674428554614546,0.011078466404420758,0.006317169241048091,0.10567661666005712
validation,pick_coke_can,5,22,0.08509410099407778,0.07423936397986443,0.0687397948396617,-0.010854737014213365,0.8690201464415018,0.08842871405656905,0.09212072376181558,0.06123734969913306,0.003692009705246538,-0.014546746719459902,0.16329456122090372
validation,pick_coke_can,5,23,0.06887364543140774,0.06198546434120301,0.07627919342204324,-0.017788719726698668,0.8544472715677047,0.08469990791045451,0.05326197099835201,0.11486628837929176,-0.06606652380990284,0.04827780408320417,0.1389469285388524
validation,pick_coke_can,5,24,0.1095720315394394,0.08361454946136997,0.07305033399337275,-0.02595748207806943,0.810879711917921,0.0975886450262972,0.07814058181621018,0.05917138582264698,-0.019448063210087022,-0.006509418867982407,0.15318484784881056
validation,pick_coke_can,5,25,0.06312704375539933,0.04891702601832739,0.05214332694584551,-0.014210017737071942,0.786531059979538,0.09751629033304478,0.04970959149746632,0.041279095476342204,-0.047806698835578455,0.03359668109850652,0.13905587120615337
validation,pick_coke_can,5,26,0.08046865478786112,0.04890584214114271,0.07856299445241029,-0.03557264888989154,0.7033960035952038,0.10495554719863233,0.06573562430781639,0.06287678061197398,-0.03921992289081593,0.0036472740009243867,0.14245756395461248
validation,pick_coke_can,5,27,0.05184928035928966,0.047845754941227,0.04976131006510964,-0.004412527245385478,0.9544444860961563,0.06288054895444249,0.04102058169887355,0.03432153159745002,-0.021859967255568945,0.017447440010183467,0.08873980756110515
validation,pick_coke_can,5,28,0.05222636145979579,0.0576945588738391,0.04016330206944262,0.00546819741404331,1.1490607606632788,0.06950909564280361,0.043567169441070704,0.045922743610449464,-0.026022247399851168,0.03149044481389447,0.110096984811855
validation,pick_coke_can,5,29,0.06861637431305478,0.04458889575554436,0.05439635006116563,-0.024027478557510428,0.662952314802023,0.07831884366486302,0.04464641269829666,0.04730828775340356,-0.03367243096656637,0.009644952409055947,0.19321492727130854
validation,pick_coke_can,5,30,0.04521476708801836,0.04138671926779261,0.037036112982192386,-0.0038280478202257517,0.90928156328228,0.056020603774571215,0.04336830198887922,0.03431782982633619,-0.013209347622623395,0.009381299802397644,0.15746822644827793
validation,pick_coke_can,5,31,0.040199974460676906,0.03780985650387892,0.037539059215232096,-0.0060041849728120975,0.890298196770246,0.05828504379401606,0.04319350196207516,0.039266695223978465,-0.015091541831940917,0.00908735685912882,0.2567116377518535
validation,pick_coke_can,95,0,0.004595751887784226,0.002594323135145961,0.0034430955871680535,-0.002001428752638265,0.5636534607358193,0.005569664067662854,0.002758211678914338,0.003206863660019667,-0.002811452388748517,0.0008100236361102522,0.8260817117989063
validation,pick_coke_can,95,1,0.013757799911249799,0.004028846951096691,0.010141072500623446,-0.009728952960153107,0.29386278741621114,0.013585545739073364,0.0034722866473895597,0.01140845665911683,-0.010461230024975628,0.0007322770648225188,0.46485087112523615
validation,pick_coke_can,95,2,0.024811652294777043,0.018716192970331624,0.03346034542954226,-0.014744152459210638,0.5601167346743211,0.03965069963449482,0.02382345123792502,0.036652976492575456,-0.015827248396569803,0.001083095937359164,0.04740093370057252
validation,pick_coke_can,95,3,0.03838252327883087,0.0417482871695993,0.031415575943934286,0.003233029700454563,1.0785293159830085,0.03069058104921475,0.0369418155339127,0.03231562129190329,0.0017096557090879813,0.0015233739913665817,0.024972571315553676
validation,pick_coke_can,95,4,0.02906380891421698,0.0718157610281253,0.03931735697412118,0.032498404054004115,1.8573193789432285,0.025013456447093935,0.054208318397913534,0.0409998822298912,0.013208436168022334,0.019289967885981776,0.05489998950539151
validation,pick_coke_can,95,5,0.044226301807886885,0.04663337945272313,0.05010935474487077,-0.004289696050667718,0.976188666928493,0.04352973570828214,0.02730190469369743,0.03920146291052137,-0.018303631606656778,0.014013935555989059,0.07738684268698155
validation,pick_coke_can,95,6,0.032577807390093604,0.07703060263222207,0.04499100141096505,0.032039601221257014,1.715325134101463,0.03871824203604336,0.050241626368240776,0.0392701280816331,0.007338135974859723,0.024701465246397294,0.11372777545420831
validation,pick_coke_can,95,7,0.052068723390714444,0.09183187557459566,0.054032793037243815,0.03723599121143772,1.6640483470612646,0.05194630687854535,0.04905788210458097,0.04566433858022086,-0.007332630123412773,0.04456862133485049,0.10011331039288507
validation,pick_coke_can,95,8,0.07073680936189976,0.15446479226767032,0.05586188281356506,0.08372798290577055,2.193570585141195,0.0709729922650906,0.04982620226134582,0.04987853100721824,-0.023811549088168172,0.10753953199393873,0.15547884882774574
validation,pick_coke_can,95,9,0.055757431755251725,0.15802865331731472,0.07010142383599002,0.0879272294813247,2.2528825404171795,0.0843045510787888,0.04977168487039923,0.06632049994406819,-0.03453286620838957,0.12246009568971428,0.12938388285139504
validation,pick_coke_can,95,10,0.06639442029383104,0.12737170056531064,0.06956509282188872,0.05780660774342192,1.8900393033820688,0.05878559704527916,0.058698623673179295,0.05075992511874744,-0.003570950365192095,0.061377558108614005,0.16491573697525533
validation,pick_coke_can,95,11,0.08014936592928341,0.2352927919804353,0.05261230486754712,0.1551434260511519,2.9830642541150354,0.06737658891727413,0.09097427128402646,0.052886575356164985,0.016133600497601524,0.13900982555355035,0.1727563428111504
validation,pick_coke_can,95,12,0.0652141720915828,0.17872740086869765,0.04263274876971149,0.11351322877711485,2.910109376226728,0.056040360868035016,0.09797514226769809,0.03512850119005349,0.04068059424920754,0.07283263452790732,0.1953947157917355
validation,pick_coke_can,95,13,0.051901835752083514,0.13186153996640146,0.04604230747974569,0.079899436255779,2.664510411433905,0.05532716458208544,0.06563036333389803,0.03506190849114332,0.010303198751812584,0.06959623750396642,0.20125718215179708
validation,pick_coke_can,95,14,0.050483386160940565,0.18080689455468676,0.05742275719997093,0.12338413735471583,3.1201431115877987,0.07046742270577545,0.08999275655053128,0.04740380360623216,0.01952533384475582,0.10385880350996,0.3739463216988952
validation,pick_coke_can,95,15,0.04928301995193069,0.10650709775634425,0.06428612338705346,0.04102413300928109,1.6398054840564704,0.062200365861877216,0.050502037503309484,0.052423087626076746,-0.011698328358567727,0.05272246136784881,0.21904588677731832
validation,pick_coke_can,95,16,0.07224301267202853,0.09178778980351097,0.06020210714997113,0.019544777131482463,1.2749566783746908,0.09437793408153512,0.05190109588496403,0.051253281409424666,-0.04247683819657109,0.062021615328053566,0.2074641457800226
validation,pick_coke_can,95,17,0.05736387843050369,0.14013291391120902,0.08088678836956308,0.05924612554164597,1.7757993436301371,0.1370663653111945,0.05480737547089771,0.06058059087831618,-0.0822589898402968,0.14150511538194274,0.1912805647250669
validation,pick_coke_can,95,18,0.06602280679292215,0.10470035184344172,0.060651920916807676,0.029886328125244402,1.476932873644971,0.08963541810172604,0.04742464781878485,0.051033656312499225,-0.0422107702829412,0.0720970984081856,0.1177206574198048
validation,pick_coke_can,95,19,0.06902522490668861,0.09128993820514918,0.0855182717079744,0.004543729405059108,1.1413610435108978,0.10055616027350689,0.05807843461216607,0.0616268672331195,-0.042728551736794386,0.047272281141853494,0.13283733068755055
validation,pick_coke_can,95,20,0.0965184506518754,0.1337013719703443,0.08827311883234668,0.025047995433774357,1.259075372716131,0.15769387313558147,0.05261201342793334,0.08801078835274571,-0.10508185970764812,0.13012985514142247,0.13842780611540087
validation,pick_coke_can,95,21,0.08471278636025363,0.18011687307870217,0.10554574119061454,0.06930108800761338,1.6468545192181603,0.1364507880917654,0.06885796358978383,0.08778023249464822,-0.06759282450198158,0.13689391250959496,0.12167287687829169
validation,pick_coke_can,95,22,0.08253661508841394,0.14051094507745668,0.07964459954219914,0.050907150278355316,1.6295596582958367,0.11819705087099767,0.07128737470962311,0.07537284792900488,-0.046909676161374564,0.09781682643972989,0.19427061788562128
validation,pick_coke_can,95,23,0.09029241297365681,0.0804934012540149,0.09677186905199738,-0.01906175669789456,0.8909519404271006,0.0948037350897473,0.05569251648834358,0.08463404441284357,-0.047705530153091785,0.028643773455197225,0.08882095856532383
validation,pick_coke_can,95,24,0.10422380446470592,0.12639347633271666,0.07390752343977557,0.02216967186801076,1.2137510214437943,0.14248757381772112,0.07991038192523858,0.07727518542888125,-0.06257719189248255,0.0847468637604933,0.15190319833119995
validation,pick_coke_can,95,25,0.07179650716696347,0.07786765741326389,0.05849116228347508,0.0060711502463004175,1.1453132406100799,0.08071266790859512,0.04752314717165382,0.05118875956363828,-0.0331895207369413,0.039260670983241715,0.1431439074342009
validation,pick_coke_can,95,26,0.08399512249026171,0.07522960982060407,0.057751010147734184,-0.008765512669657652,0.9169400634428898,0.11360462689951419,0.052224273280720185,0.08033223228563467,-0.061380353618794015,0.05261484094913637,0.14672943662125704
validation,pick_coke_can,95,27,0.046975339488705546,0.04813192106394176,0.04598611064971669,-0.0018213724278339273,0.9685746807453871,0.07383198855364372,0.048963694307905335,0.04440338069800074,-0.024868294245738377,0.023046921817904454,0.09074476498478627
validation,pick_coke_can,95,28,0.05544546849686662,0.040070300480160415,0.03644633432621161,-0.015375168016706213,0.7239684968002894,0.0650012363474722,0.04727855850148984,0.05755534297895747,-0.017722677845982356,0.002347509829276143,0.12609471229392
validation,pick_coke_can,95,29,0.05297568353309795,0.0492355661950222,0.04102226307931737,-0.003740117338075749,0.9401909536473525,0.08330567590247219,0.05103725178076251,0.07973974383016934,-0.033085517322028725,0.029345399983952972,0.21564614052988418
validation,pick_coke_can,95,30,0.05035053056240554,0.04192131621659203,0.042344473648041975,-0.008429214345813509,0.8449380579673847,0.06291830447227996,0.04389025933013688,0.04300660558852509,-0.019028045142143086,0.010598830796329575,0.1420563013372013
validation,pick_coke_can,95,31,0.050988885278350014,0.048526953394329025,0.04211675272477224,-0.002461931884020982,0.964508485020981,0.059188402645129305,0.045347376493480786,0.042812545206640955,-0.013841026151648525,0.011379094267627543,0.2647590917141163
validation,pick_coke_can,99,0,0.003891809615268084,0.0028786309097036705,0.002817334400362312,-0.001013178705564413,0.7391304668906497,0.0047766413084534215,0.002760349266859358,0.0031170102782225907,-0.002016292041594063,0.0010031133360296502,0.8148104461530844
validation,pick_coke_can,99,1,0.012586401718917827,0.003893315034293354,0.007897446761945504,-0.008693086684624473,0.3093068743879624,0.012795216127051237,0.003991683459983492,0.007946131238596011,-0.008803532667067746,0.00011044598244327325,0.4335151409031823
validation,pick_coke_can,99,2,0.02907962392295374,0.019794475735299185,0.0345456376641333,-0.014751161928834121,0.5763406440972911,0.035698112106983024,0.02455772597221462,0.03573652460367127,-0.012085393800592032,-0.002665768128242088,0.033314184875867646
validation,pick_coke_can,99,3,0.03406709934905088,0.03719472163517381,0.034525726425337126,0.0025201826167781383,1.0768935032708333,0.03301924958466878,0.031965651454549,0.03322429729726654,-0.002862329043641704,0.0053825116604198425,0.029006431762259883
validation,pick_coke_can,99,4,0.030271687598802027,0.05991029554509039,0.03511189851962248,0.024798397025467916,1.7184551330147533,0.02729535363008942,0.05614636574046682,0.030986153040587675,0.021874348518813803,0.002924048506654111,0.06808792391374634
validation,pick_coke_can,99,5,0.03534221957479176,0.030873068757312747,0.03680466135218153,-0.005931592594868776,0.8372408946018663,0.04877131059045028,0.02650918881134839,0.030846788578070605,-0.02226212177910188,0.016330529184233104,0.07676574459765106
validation,pick_coke_can,99,6,0.03298309133135497,0.07428953901819992,0.041641533618259625,0.0326480053999403,1.786859910273242,0.04823083747279803,0.06467214253347807,0.03483883691918183,0.016441305060680037,0.01620670033926026,0.10133485197282728
validation,pick_coke_can,99,7,0.05387914083850328,0.14049671098576255,0.051779524327728844,0.08577788267418768,2.6200493926116697,0.0674732791550896,0.06261061002367814,0.04538229466251626,-0.004862669131411461,0.09064055180559914,0.07926389091763515
validation,pick_coke_can,99,8,0.04955085656810764,0.12699801636387997,0.048945584244716435,0.07633187931187378,2.511140660158623,0.0621368829076108,0.06641109126796521,0.04959142387800711,0.004274208360354401,0.07205767095151938,0.15682502113759256
validation,pick_coke_can,99,9,0.05469237741466091,0.07637656703541633,0.07780339865656653,-0.0014268316211502134,0.9815406928611488,0.06300189597556045,0.05110497570024212,0.057973255941571204,-0.014625112642394446,0.013198281021244233,0.14437240349904337
validation,pick_coke_can,99,10,0.05481406852362361,0.09979802966709089,0.04646622307755105,0.04498396114346728,1.8329584344734953,0.0623388875474562,0.0593839418227709,0.05262108084970687,-0.0029549457246853053,0.04793890686815259,0.17364462180800425
validation,pick_coke_can,99,11,0.07109354422940435,0.14971040185646725,0.04225937739248708,0.07861685762706289,2.1143869888199416,0.08117163469653983,0.08207804771953577,0.06292514578258378,-0.0017431667024517122,0.08036002432951461,0.17957757359814272
validation,pick_coke_can,99,12,0.04995207835700324,0.11819156995589468,0.04826037025857515,0.06715224153971644,2.2953024356822294,0.07035991972097798,0.07395209338821886,0.041489991944138584,0.0035921736672408777,0.06356006787247556,0.2163745551520909
validation,pick_coke_can,99,13,0.045904494825927185,0.08031157190559701,0.05000228452465883,0.02775797921280455,1.5142161783440191,0.045343047463190435,0.06428417359363797,0.03936885698050438,0.01641045187147246,0.011347527341332089,0.1701904244225716
validation,pick_coke_can,99,14,0.053111190808640185,0.1534510198997316,0.050562219490407845,0.09994468613659331,2.9748105651113956,0.07380977872916455,0.06053589574387047,0.04721447364153556,-0.013273882985294092,0.11321856912188742,0.365571162666735
validation,pick_coke_can,99,15,0.05053243885046077,0.05764123005398353,0.06059660607116087,-0.003404248618974597,1.0253480270094042,0.062113467072121654,0.051098138976062545,0.05149558891882803,-0.01244014295673783,0.009035894337763235,0.23650435167898345
validation,pick_coke_can,99,16,0.06566080837573295,0.09539951523465888,0.04318078836894668,0.029738706858925924,1.4741152549816021,0.08025153898790208,0.058897794010886295,0.049361693799680785,-0.021353744977015785,0.05109245183594171,0.21528414249905836
validation,pick_coke_can,99,17,0.05797757872869989,0.14442460864312204,0.05685767855844381,0.0863894085743423,2.533239980197973,0.09211136386060291,0.04705712328136416,0.05742238440532243,-0.04505424057923874,0.13144364915358106,0.17964620318457492
validation,pick_coke_can,99,18,0.07972543975978143,0.06568754983024616,0.053512000685047745,-0.014037889929535278,0.821335397581215,0.10469480844451406,0.05792531426499136,0.05057329520713838,-0.046769494179522704,0.03273160424998744,0.07627809621281283
validation,pick_coke_can,99,19,0.07635349844434854,0.06683239097579938,0.10451717882502377,-0.03807806434542391,0.6642616851517799,0.1029026601747412,0.06443453775190561,0.07640826724667223,-0.04107210176354254,0.0029940374181186232,0.1464738780520444
validation,pick_coke_can,99,20,0.10190675175491798,0.11298883921676856,0.0989320737977996,0.003083588633377326,1.0300319671885119,0.12021781779222011,0.05104278002996504,0.05914407707522109,-0.06917503776225507,0.0722586263956324,0.1211950035214547
validation,pick_coke_can,99,21,0.07420856885977341,0.16945217261377868,0.1009787472948716,0.06847342531890709,1.6913353835558178,0.13200117816285392,0.05702166288113982,0.06702260621617027,-0.0749795152817141,0.14345294060062116,0.10279853028295587
validation,pick_coke_can,99,22,0.06859212849828099,0.09831999855000023,0.06305820151601522,0.028837482039887008,1.4693674638795005,0.111534181413875,0.06417641488466531,0.0672040160990582,-0.047722042285914805,0.0765595243258018,0.1340621196224845
validation,pick_coke_can,99,23,0.06509085988910879,0.06686079874665292,0.09686754132564031,-0.030006742578987385,0.7113015563316804,0.11613956727781499,0.04784375748443071,0.12853507158577693,-0.10058290934434728,0.0705761667653599,0.08042483611128166
validation,pick_coke_can,99,24,0.08753162558195028,0.09184328556144838,0.06806746914052046,0.004311659979498103,1.0583007056135816,0.12403285882856857,0.06013268897878049,0.06010607286159072,-0.06390016984978807,0.06821182982928616,0.11525706596580913
validation,pick_coke_can,99,25,0.044721728459154585,0.04790015823151806,0.04407258948288556,-7.926369555240805e-05,0.9964986790069958,0.09697868486230825,0.04502490442997951,0.05705825486080381,-0.05195378043232873,0.05187451673677632,0.12561810838809606
validation,pick_coke_can,99,26,0.062121029289933107,0.0565679191113351,0.05562283794173548,-0.009495400658083979,0.862770160909666,0.11652024452535292,0.05083488742639302,0.0549133420859664,-0.06568535709895991,0.056189956440875925,0.15095081556761633
validation,pick_coke_can,99,27,0.03482643329588946,0.06570516816120324,0.03435710246611849,0.02782163307532075,1.7407231918769093,0.06284558323794963,0.06841148874495666,0.04514968822646912,0.005350051291904715,0.02247158178341604,0.10776451609423059
validation,pick_coke_can,99,28,0.04866934449703109,0.04413564927363687,0.04214538252530923,-0.004791018044872054,0.918731341474332,0.06708404142384741,0.05246980718324781,0.057384484904197015,-0.014677399531563341,0.009886381486691286,0.11411331789290102
validation,pick_coke_can,99,29,0.050751548955208496,0.031467928981358764,0.03985978051597144,-0.019283619973849732,0.6408758934652034,0.07824470810138157,0.04820572333905936,0.04607711905569186,-0.0300389847623222,0.01075536478847247,0.1555136574170509
validation,pick_coke_can,99,30,0.0486173472139508,0.051347206945860376,0.037659991712932904,0.0027298597319095827,1.0828157078422478,0.0522974577454969,0.048719937783473194,0.03019636156712537,-0.003577519962023696,0.006307379693933278,0.13901554228443538
validation,pick_coke_can,99,31,0.046947361756732024,0.041481932525502134,0.04393367953618865,-0.011837019194640426,0.7883656569645773,0.0599245730160824,0.032938449432342504,0.05368129246728546,-0.029368414729833325,0.017531395535192895,0.24443653841217383
