state_id,task,seed,split,layer,real_paraphrase_distance,real_semantic_distance,real_irrelevant_distance,real_semantic_margin,real_semantic_ratio,mismatch_paraphrase_distance,mismatch_semantic_distance,mismatch_irrelevant_distance,mismatch_semantic_margin,grounded_semantic_margin,real_visual_attention_mass
google_robot_move_near__seed000__step008,move_near,0,validation,0,0.0033817508612891574,0.0005266201880830113,0.002078387875612557,-0.002855130673206146,0.15572412329696528,0.0034214352998440155,0.0004221869957855719,0.002074426235834723,-0.0029992483040584437,0.00014411763085229751,0.7706392605905421
google_robot_move_near__seed000__step008,move_near,0,validation,1,0.004950720381679438,0.004043867663470855,0.00619762613199665,-0.002153758468525795,0.65248654522632,0.003843373100221857,0.0036265949507228294,0.006783992276375388,-0.0031573973256525585,0.0010036388571267635,0.3924409413302783
google_robot_move_near__seed000__step008,move_near,0,validation,2,0.019378127535573178,0.03146329890292523,0.019853816017625783,0.011609482885299446,1.5847481851847927,0.020974204062313952,0.02823867888414794,0.023868103339133525,0.004370575545014414,0.007238907340285032,0.04253477930080862
google_robot_move_near__seed000__step008,move_near,0,validation,3,0.016060395498505634,0.02207035471247249,0.01574422259315262,0.006009959213966857,1.374209913730086,0.012051613565310777,0.018510562599336866,0.017688915837553793,0.0008216467617830729,0.005188312452183784,0.03716607296530583
google_robot_move_near__seed000__step008,move_near,0,validation,4,0.022896615084518318,0.03547925578136466,0.01578269898831624,0.012582640696846344,1.549541521766428,0.024155356614077923,0.03955926618975278,0.014014210509601924,0.015403909575674855,-0.0028212688788285117,0.05471131580156907
google_robot_move_near__seed000__step008,move_near,0,validation,5,0.01892899981969662,0.026886933007101394,0.022794837414330558,0.004092095592770836,1.179518525111227,0.027223785578142434,0.028447233842869034,0.02518109546703608,0.0012234482647266003,0.002868647328044236,0.04970571921012379
google_robot_move_near__seed000__step008,move_near,0,validation,6,0.019517055470321447,0.07734259083872223,0.031595912865565665,0.04574667797315657,2.447866949367774,0.019485645176399054,0.0388452369414307,0.03315916479871151,0.005686072142719191,0.04006060583043738,0.04421328016252346
google_robot_move_near__seed000__step008,move_near,0,validation,7,0.025849600129214403,0.05031288376453268,0.028024274369108478,0.022288609395424205,1.795332257380167,0.032732514201454996,0.06303603929467833,0.024901765734650045,0.03030352509322333,-0.008014915697799125,0.083460884023566
google_robot_move_near__seed000__step008,move_near,0,validation,8,0.032735014913121176,0.06755611282881527,0.02584693964104107,0.03482109791569409,2.0637263495406795,0.021884288732763553,0.04785989195930243,0.022665093075131613,0.025194798884170817,0.009626299031523275,0.16823135208187523
google_robot_move_near__seed000__step008,move_near,0,validation,9,0.02849674266056412,0.0813368607737979,0.027430285989348165,0.052840118113233775,2.854251159251187,0.042157924739737965,0.08005661432347799,0.021501301118945527,0.03789868958374003,0.014941428529493747,0.13842571485702138
google_robot_move_near__seed000__step008,move_near,0,validation,10,0.0447977606786539,0.0915976503601993,0.022228742485849943,0.0467998896815454,2.044692613482475,0.04214208610256142,0.07228837437750667,0.028581525432526844,0.030146288274945247,0.016653601406600153,0.18424117556196506
google_robot_move_near__seed000__step008,move_near,0,validation,11,0.04158007853067802,0.10972803641029977,0.02498117915081036,0.06814795787962175,2.6389569305248375,0.06368446018775072,0.1225551689658066,0.030551776463474047,0.05887070877805588,0.009277249101565868,0.21730328353851291
google_robot_move_near__seed000__step008,move_near,0,validation,12,0.031937356903836985,0.0943503054087526,0.015200494865422713,0.06241294850491561,2.9542302355464254,0.03822385073123504,0.06110927924742695,0.019036064587786825,0.022885428516191908,0.039527519988723704,0.2233748565404312
google_robot_move_near__seed000__step008,move_near,0,validation,13,0.03401138656492634,0.07009617437421542,0.016747721153378282,0.03608478780928908,2.0609619734380633,0.0450314732826647,0.07602853165329211,0.016576781756271423,0.03099705837062741,0.005087729438661669,0.200932274721481
google_robot_move_near__seed000__step008,move_near,0,validation,14,0.04915304528056988,0.18521608528302855,0.027097835921935043,0.13606304000245867,3.768150767176254,0.046365569954978106,0.07257905994474118,0.02739826754715556,0.02621348998976307,0.1098495500126956,0.3746428719298365
google_robot_move_near__seed000__step008,move_near,0,validation,15,0.0396115085289608,0.10504161076460095,0.025029489125379303,0.06543010223564014,2.6517952652018497,0.026021712959874734,0.03629810295610471,0.028000341995567037,0.008297760960537671,0.057132341275102465,0.23087262760736849
google_robot_move_near__seed000__step008,move_near,0,validation,16,0.036639371713000815,0.12105579929867505,0.017417763859518206,0.08441642758567423,3.303981308601987,0.028998157783253188,0.05034558212809641,0.020449058153082365,0.02134742434484322,0.063069003240831,0.1851912020375721
google_robot_move_near__seed000__step008,move_near,0,validation,17,0.03743537746616818,0.17150271135919468,0.024014768456901522,0.1340673338930265,4.581300442721284,0.03473962181232101,0.06183888197143468,0.023615294997709844,0.027099260159113674,0.10696807373391282,0.23546071421833403
google_robot_move_near__seed000__step008,move_near,0,validation,18,0.05390463352851905,0.11304522080581166,0.025731560442163973,0.05914058727729261,2.097133648928406,0.03701722060443834,0.05111981104593106,0.032519161719412874,0.014102590441492716,0.04503799683579989,0.0966021076193897
google_robot_move_near__seed000__step008,move_near,0,validation,19,0.04653329883806502,0.1329604722916198,0.020712555295788113,0.08642717345355479,2.8573188579283766,0.04396086140939165,0.06888362933950896,0.039037781856940804,0.024922767930117315,0.06150440552343747,0.11617343043414508
google_robot_move_near__seed000__step008,move_near,0,validation,20,0.035491458467864126,0.11671823202844932,0.027591313794441373,0.08122677356058519,3.2886287875188978,0.04120606899687593,0.0573322301312318,0.0319499988012346,0.016126161134355874,0.06510061242622932,0.16589850639064707
google_robot_move_near__seed000__step008,move_near,0,validation,21,0.06665215492318484,0.11689197006755334,0.046537654084695394,0.050239815144368496,1.753761303025668,0.04974853760197747,0.07566625271981303,0.04040495655833555,0.02591771511783556,0.024322100026532935,0.10196046768017197
google_robot_move_near__seed000__step008,move_near,0,validation,22,0.04019675225698529,0.07441336032215971,0.020767808394350756,0.034216608065174424,1.8512281750132773,0.05517274164833751,0.06707337114541946,0.02715027639777366,0.011900629497081948,0.022315978568092476,0.13616213119424003
google_robot_move_near__seed000__step008,move_near,0,validation,23,0.04914391826987786,0.06745420368019067,0.061570515458076625,0.005883688222114047,1.0955601585976693,0.03897200461872116,0.05440226758297185,0.07397356202750323,-0.01957129444453138,0.025454982666645427,0.08969673458250327
google_robot_move_near__seed000__step008,move_near,0,validation,24,0.06353492786747529,0.1421080291295495,0.029392672789968596,0.07857310126207422,2.236691437282598,0.0503389491525433,0.048867921534115094,0.03214449327056135,-0.0014710276184282042,0.08004412888050241,0.13769037958531882
google_robot_move_near__seed000__step008,move_near,0,validation,25,0.029094176252367734,0.06539065656501875,0.021262779458028853,0.03629648031265101,2.2475513999024854,0.03161275999560589,0.06853504858468834,0.031764553494691296,0.036770495089997045,-0.00047401477734603653,0.1638546203795883
google_robot_move_near__seed000__step008,move_near,0,validation,26,0.03873078420047723,0.08535393318022694,0.019883158524300205,0.04662314897974971,2.203774980088713,0.049712814100291124,0.04850569564870713,0.03167245496922715,-0.0012071184515839925,0.0478302674313337,0.12354298136689223
google_robot_move_near__seed000__step008,move_near,0,validation,27,0.028922055908721832,0.06574867675835734,0.01651543535897423,0.036826620849635505,2.273305776251195,0.0342758858404584,0.04115208680827841,0.034653981618993336,0.006498105189285071,0.030328515660350434,0.07876785683198051
google_robot_move_near__seed000__step008,move_near,0,validation,28,0.03346997485143986,0.04903062668356095,0.022435059212461268,0.015560651832121089,1.4649137593078196,0.034334935277601786,0.055476242834651766,0.02641429481954168,0.02114130755704998,-0.0055806557249288916,0.1117280534384264
google_robot_move_near__seed000__step008,move_near,0,validation,29,0.027320344431234853,0.055591619764004264,0.021261742769290576,0.02827127533276941,2.034806695205767,0.028645962096196534,0.042121487303285986,0.019326979127432056,0.013475525207089452,0.01479575012567996,0.2110178613893936
google_robot_move_near__seed000__step008,move_near,0,validation,30,0.027734156038541527,0.04699008793424913,0.021878959532502795,0.019255931895707602,1.6943038709722433,0.02320992860430303,0.030368194001147136,0.0291410488811664,0.001227145119980736,0.018028786775726866,0.14324452429161738
google_robot_move_near__seed000__step008,move_near,0,validation,31,0.02176798696523443,0.0453292358040673,0.017812044162822276,0.02356124883883287,2.08238069401927,0.026725989641810773,0.030308125310649976,0.028058888692578228,0.0022492366180717482,0.021312012220761123,0.28858020396455686
google_robot_move_near__seed000__step040,move_near,0,validation,0,0.002804211276454726,0.00047416045425295605,0.0018020612089581058,-0.00233005082220177,0.1690887053462041,0.0035331054017161134,0.0005238140811598856,0.001999570960501544,-0.0030092913205562277,0.0006792404983544578,0.769234370731283
google_robot_move_near__seed000__step040,move_near,0,validation,1,0.005160645164271891,0.0035346122553995057,0.0061109195725276835,-0.002576307317128178,0.5784092252317878,0.004775785002775821,0.002613317192087689,0.008997656484457939,-0.00638433929237025,0.003808031975242072,0.41807983777835034
google_robot_move_near__seed000__step040,move_near,0,validation,2,0.0199718662788926,0.025265569626653245,0.02196063929343981,0.0033049303332134336,1.1504933571856761,0.023402598080861557,0.03304479840692534,0.024845239215097494,0.008199559191827847,-0.004894628858614414,0.06013552576609982
google_robot_move_near__seed000__step040,move_near,0,validation,3,0.01646501726981757,0.019446948846497888,0.014403992018290112,0.0029819315766803182,1.1811071028845241,0.01847278763765551,0.022190526787532194,0.013190300567878658,0.003717739149876685,-0.0007358075731963669,0.02476885916678384
google_robot_move_near__seed000__step040,move_near,0,validation,4,0.023108633243497306,0.03182950287620496,0.01794953427056046,0.008720869632707653,1.3773857822232596,0.017306014959206573,0.01927637346668605,0.02196031516066656,-0.0026839416939805107,0.011404811326688163,0.020854321072420134
google_robot_move_near__seed000__step040,move_near,0,validation,5,0.021578381488132372,0.02213197162158995,0.020494319742169823,0.000553590133457578,1.0256548496819393,0.023714395552456427,0.0205079795359296,0.02179394529453094,-0.0032064160165268286,0.0037600061499844066,0.02774297675807702
google_robot_move_near__seed000__step040,move_near,0,validation,6,0.01813539886494325,0.050354827281550794,0.028737304565395593,0.0216175227161552,1.7522460106500812,0.044319832040323415,0.0322154627443963,0.030344823768795468,-0.012104369295927113,0.03372189201208231,0.035982589982381796
google_robot_move_near__seed000__step040,move_near,0,validation,7,0.036457193047372355,0.06263737709623371,0.03533602907991078,0.026180184048861355,1.718107508025725,0.018353206554643064,0.031659377847015904,0.020803602699153108,0.010855775147862796,0.015324408900998558,0.07948024505674312
google_robot_move_near__seed000__step040,move_near,0,validation,8,0.03006778444208589,0.05746594733896749,0.02764160268406544,0.0273981628968816,1.9112132272217697,0.02932508124242705,0.038616334127039506,0.029287452275046137,0.009291252884612456,0.018106910012269144,0.1564551516744359
google_robot_move_near__seed000__step040,move_near,0,validation,9,0.03499565958290361,0.08487642138895922,0.0381029472324901,0.04677347415646912,2.2275552825631744,0.027333527713697178,0.04642763083924816,0.04382121206999112,0.0026064187692570392,0.04416705538721208,0.12639677692277473
google_robot_move_near__seed000__step040,move_near,0,validation,10,0.02575753801508819,0.09018548710068552,0.048350637860538795,0.04183484924014673,1.865238828096001,0.027941305938750844,0.05799531976848278,0.033285055496083474,0.024710264272399307,0.017124584967747422,0.13581767061441496
google_robot_move_near__seed000__step040,move_near,0,validation,11,0.05125655662745331,0.10937115130335194,0.04443744535384725,0.05811459467589863,2.133798259182555,0.04668076668361091,0.06586090315113718,0.02787692051648419,0.019180136467526275,0.03893445820837235,0.22244211608995101
google_robot_move_near__seed000__step040,move_near,0,validation,12,0.034981471152486274,0.06429202448692437,0.02911472348254294,0.02931055333443809,1.8378879552169685,0.03208422842828054,0.055677328773970206,0.02808848301772977,0.023593100345689663,0.005717452988748428,0.20796815855896966
google_robot_move_near__seed000__step040,move_near,0,validation,13,0.026058616178706362,0.06205087165495402,0.036546843933998256,0.025504027720955766,1.6978448745674113,0.028123483869782525,0.039902620111031885,0.02552924340586787,0.01177913624124936,0.013724891479706406,0.13242440407566392
google_robot_move_near__seed000__step040,move_near,0,validation,14,0.05262651590572294,0.07891851634974582,0.037919609787799714,0.026292000444022884,1.4995960684747462,0.0630454535259786,0.04173402810764533,0.029671491977846916,-0.021311425418333266,0.04760342586235615,0.3469944376147396
google_robot_move_near__seed000__step040,move_near,0,validation,15,0.04194672981831247,0.0736415882977872,0.038925224085511294,0.03169485847947474,1.7555978408032626,0.03404568512585673,0.03743518818407402,0.042048879406835604,-0.004613691222761583,0.03630854970223632,0.2629591772413278
google_robot_move_near__seed000__step040,move_near,0,validation,16,0.03139273341318917,0.06910238187478528,0.02810892638627553,0.03770964846159611,2.2012222053194317,0.04351836420325426,0.03983143242359062,0.05088975977163905,-0.01105832734804843,0.04876797580964454,0.10501362215038057
google_robot_move_near__seed000__step040,move_near,0,validation,17,0.04479964605163724,0.059699211605691575,0.031082380883122814,0.014899565554054334,1.3325822158702036,0.031586403862190145,0.02648132363767642,0.02781471523573166,-0.005105080224513725,0.02000464577856806,0.21326892874145642
google_robot_move_near__seed000__step040,move_near,0,validation,18,0.05745013504216559,0.08770259143786835,0.04532692606730971,0.03025245639570276,1.5265863408936975,0.05312997388005238,0.040388664366984545,0.04944866991669759,-0.012741309513067837,0.0429937659087706,0.11099867049438217
google_robot_move_near__seed000__step040,move_near,0,validation,19,0.04358317268198869,0.07311547288742712,0.037357115504789394,0.029532300205438428,1.677607856154149,0.0628340772097137,0.03627171085901255,0.06870346486031916,-0.03243175400130661,0.061964054206745035,0.1430599502829466
google_robot_move_near__seed000__step040,move_near,0,validation,20,0.03600799568900467,0.09166388769977778,0.03379181665919183,0.05565589201077311,2.5456537067895755,0.05958515922579445,0.0559702899576205,0.06293779027248503,-0.006967500314864525,0.06262339232563763,0.1547506974295061
google_robot_move_near__seed000__step040,move_near,0,validation,21,0.05091828400373081,0.08325227740013719,0.04207076854050513,0.03233399339640638,1.6350173425726062,0.06275029947749051,0.055864775355389716,0.03597637183351031,-0.006885524122100799,0.03921951751850718,0.15592624541103817
google_robot_move_near__seed000__step040,move_near,0,validation,22,0.04645968886518461,0.06738935841636416,0.031558917172376286,0.02092966955117955,1.450490953822628,0.05518700273494028,0.04465066852820129,0.03118080285947399,-0.010536334206738988,0.03146600375791854,0.15756536712594027
google_robot_move_near__seed000__step040,move_near,0,validation,23,0.03469761765862587,0.06684850927965491,0.09508017362089523,-0.028231664341240317,0.7030751704997307,0.05824030894829669,0.02558572489729858,0.038767719979680884,-0.03265458405099811,0.004422919709757792,0.09551273240748515
google_robot_move_near__seed000__step040,move_near,0,validation,24,0.0546694861688843,0.08979880199068115,0.04348747606945292,0.03512931582179685,1.6425762940825126,0.06702296442177277,0.0519833441944048,0.03389408973323469,-0.015039620227367975,0.05016893604916482,0.12907556969848244
google_robot_move_near__seed000__step040,move_near,0,validation,25,0.05606555831147777,0.06874342838045372,0.03484079263245845,0.01267787006897595,1.2261258150421475,0.05780095283729201,0.04759491739597529,0.03149863575363329,-0.010206035441316721,0.022883905510292672,0.1491095194315264
google_robot_move_near__seed000__step040,move_near,0,validation,26,0.03856497016648403,0.06169501083703391,0.04246675775389041,0.0192282530831435,1.4527836383125337,0.0839095374659189,0.0360730798094991,0.05802146706194697,-0.04783645765641979,0.0670647107395633,0.12848061364113406
google_robot_move_near__seed000__step040,move_near,0,validation,27,0.020096474359210702,0.03869470362167128,0.03395832229230383,0.004736381329367448,1.139476305354487,0.05213005435328504,0.0439397171446268,0.05071988406793251,-0.008190337208658242,0.01292671853802569,0.09959957229897043
google_robot_move_near__seed000__step040,move_near,0,validation,28,0.037863849499874695,0.05420871628586196,0.02794947832497693,0.016344866785987268,1.431674724093792,0.03322960834790183,0.042626388606559415,0.041783477285951755,0.0008429113206076602,0.015501955465379608,0.11755837526263235
google_robot_move_near__seed000__step040,move_near,0,validation,29,0.02724897757533472,0.05165659494875198,0.03060644954085138,0.0210501454079006,1.6877682881774418,0.033042519900393905,0.029199257683851836,0.04588720894344609,-0.016687951259594255,0.03773809666749486,0.18000657223623762
google_robot_move_near__seed000__step040,move_near,0,validation,30,0.016887466397526977,0.04705121562011589,0.030792033944077445,0.016259181676038445,1.5280320782176113,0.0260475672154884,0.03539238795419252,0.030662071836863352,0.004730316117329169,0.011528865558709276,0.16904884307467682
google_robot_move_near__seed000__step040,move_near,0,validation,31,0.026723213420061002,0.04820752773735943,0.03478367351701405,0.01342385422034538,1.3859239943066752,0.04086947246003658,0.044199929631263776,0.03411069511819507,0.003330457171227194,0.010093397049118186,0.2469311471174933
google_robot_move_near__seed000__step071,move_near,0,validation,0,0.002886321291962221,0.00044550332785697733,0.0018627371696382977,-0.002440817964105244,0.15434987404126058,0.0032279777123545047,0.00042453248134258995,0.00216298733557735,-0.002803445231011915,0.0003626272669066707,0.7767997606424615
google_robot_move_near__seed000__step071,move_near,0,validation,1,0.004352999077757469,0.003048629115836828,0.005728350355555656,-0.002679721239718828,0.5322001844527731,0.0041782020206890475,0.003613193010216182,0.005883388671649431,-0.0022701956614332493,-0.0004095255782855787,0.39815827104030177
google_robot_move_near__seed000__step071,move_near,0,validation,2,0.021936325943646744,0.02748483340915245,0.02255886842305079,0.00492596498610166,1.2183604644401524,0.01903950146173499,0.024069459582024392,0.02256814369636515,0.0015013158856592435,0.0034246491004424166,0.04367824885605387
google_robot_move_near__seed000__step071,move_near,0,validation,3,0.016819921831183263,0.018040752778365407,0.014552276109689186,0.0012208309471821444,1.0725824388148337,0.015352416882633833,0.013803107364151022,0.014861530107478997,-0.001549309518482811,0.0027701404656649553,0.030292170704797172
google_robot_move_near__seed000__step071,move_near,0,validation,4,0.02046171387446148,0.03567311046842218,0.018950250782045763,0.015211396593960699,1.743407746158851,0.02691449233975756,0.03160379462352624,0.01463723254989765,0.0046893022837686815,0.010522094310192017,0.030598864082776345
google_robot_move_near__seed000__step071,move_near,0,validation,5,0.022856620949681113,0.026655964178175708,0.018640690793658564,0.003799343228494595,1.1662250617385157,0.029425039455425676,0.026338703404112054,0.021753474770622127,-0.003086336051313622,0.006885679279808217,0.03565556716705487
google_robot_move_near__seed000__step071,move_near,0,validation,6,0.024621750415156084,0.04868310807456885,0.02761370540623465,0.021069402668334198,1.7630052670720942,0.024913103811069825,0.05732143115158232,0.043736594954428255,0.013584836197154067,0.007484566471180131,0.05903412123348062
google_robot_move_near__seed000__step071,move_near,0,validation,7,0.02468502393427326,0.04654849680808258,0.02593996985009537,0.020608526957987212,1.7944699657355787,0.030170330980170176,0.04433361366521662,0.030759286425857985,0.013574327239358634,0.007034199718628578,0.10343197023303219
google_robot_move_near__seed000__step071,move_near,0,validation,8,0.02343766497459537,0.052277592616573706,0.023191544839268934,0.028839927641978336,2.230494918040624,0.026768470065393946,0.06718267265012653,0.027881205102571947,0.03930146754755459,-0.010461539905576255,0.12900904241269018
google_robot_move_near__seed000__step071,move_near,0,validation,9,0.028954503938030143,0.055838619425035346,0.02481210009731219,0.026884115487005204,1.928495115804571,0.033214909292113834,0.08380351842937826,0.045456735705597245,0.03834678272378102,-0.011462667236775814,0.11323878179246094
google_robot_move_near__seed000__step071,move_near,0,validation,10,0.028536729948515496,0.08058803634779237,0.039052270148085114,0.04153576619970725,2.0635941532260427,0.06940836680182584,0.07772681497839161,0.04284577837601317,0.008318448176565768,0.033217318023141484,0.10079039726679184
google_robot_move_near__seed000__step071,move_near,0,validation,11,0.054245007173484856,0.11071089424139627,0.0235151868307853,0.05646588706791141,2.0409416462481755,0.07353340208765696,0.09731066374919424,0.037032927631085115,0.023777261661537277,0.032688625406374135,0.20397122598751594
google_robot_move_near__seed000__step071,move_near,0,validation,12,0.04461741213703086,0.08171728301409927,0.0304584110937459,0.037099870877068404,1.8315110424406895,0.05360603210941669,0.06674060229460221,0.030452290499684485,0.013134570185185525,0.02396530069188288,0.22755187924394704
google_robot_move_near__seed000__step071,move_near,0,validation,13,0.03964346482561131,0.06186718499852804,0.022434789721858837,0.022223720172916725,1.5605897534606836,0.039427611410757894,0.06661006397942268,0.020493607742450494,0.027182452568664785,-0.00495873239574806,0.1534563591829965
google_robot_move_near__seed000__step071,move_near,0,validation,14,0.04759228530473056,0.08792268665018281,0.028697863881053238,0.04033040134545225,1.8474146825944395,0.11213989639204755,0.06663977125930941,0.030338519406702694,-0.04550012513273814,0.0858305264781904,0.33627903830813466
google_robot_move_near__seed000__step071,move_near,0,validation,15,0.048305425378049376,0.06896113977886073,0.02746412108152284,0.020655714400811355,1.427606510845417,0.04481698096320045,0.04493060394359104,0.037585287316107066,0.00011362298039058888,0.020542091420420766,0.26409248474078595
google_robot_move_near__seed000__step071,move_near,0,validation,16,0.036194778491869854,0.08722571432388257,0.026961583879376767,0.051030935832012715,2.4098977244321413,0.03767653185673077,0.056948754808609336,0.029132710049876113,0.019272222951878568,0.03175871288013415,0.1303180488793032
google_robot_move_near__seed000__step071,move_near,0,validation,17,0.03411172442106122,0.08099498979916374,0.02241963191954642,0.04688326537810252,2.374403263798529,0.033831669667625436,0.053637628759429574,0.024723443954255013,0.01980595909180414,0.027077306286298383,0.19769491003395956
google_robot_move_near__seed000__step071,move_near,0,validation,18,0.04134457254532891,0.06144926117807182,0.03247247031509974,0.02010468863274291,1.4862715320300084,0.04066242066714041,0.05688072163866347,0.03633554581788075,0.01621830097152306,0.003886387661219848,0.12189425534063503
google_robot_move_near__seed000__step071,move_near,0,validation,19,0.04098918866391252,0.07822491798737038,0.028410373691514963,0.03723572932345787,1.908428064501817,0.038565932209972585,0.05599315216892975,0.0361267566486462,0.017427219958957164,0.019808509364500702,0.11549332985035221
google_robot_move_near__seed000__step071,move_near,0,validation,20,0.030961241508965415,0.066216658734873,0.020849883586135414,0.03525541722590758,2.1386952043153276,0.041477520894591946,0.05584359137269666,0.029510070558587932,0.014366070478104717,0.020889346747802864,0.20206481022469802
google_robot_move_near__seed000__step071,move_near,0,validation,21,0.03546585871370415,0.09260711076565493,0.027557561211276334,0.05714125205195079,2.611162231069036,0.06831586332892474,0.07566048442842663,0.03675514153527808,0.0073446210995018885,0.0497966309524489,0.12628283009364338
google_robot_move_near__seed000__step071,move_near,0,validation,22,0.0469317333245195,0.06583881356237918,0.03235837595087358,0.018907080237859683,1.4028634550342012,0.06770322255024215,0.07327895466975734,0.0241551130782606,0.005575732119515189,0.013331348118344494,0.16274378257112687
google_robot_move_near__seed000__step071,move_near,0,validation,23,0.04809498504361585,0.0758288271568853,0.10478998352468057,-0.028961156367795268,0.7236266731450127,0.06407504558803957,0.06330600935711206,0.027142434566374,-0.0007690362309275139,-0.028192120136867754,0.06385329100790216
google_robot_move_near__seed000__step071,move_near,0,validation,24,0.053835756007408746,0.07746045391726591,0.04054162067691672,0.02362469790985717,1.4388291288526902,0.0458570978487207,0.07278643487061714,0.03237028499575913,0.026929337021896448,-0.0033046391120392787,0.12128213842534308
google_robot_move_near__seed000__step071,move_near,0,validation,25,0.05450162845412617,0.05798633769112366,0.028526152448428033,0.0034847092369974866,1.0639377085756356,0.03229857551432507,0.04666611619281744,0.018191945919915884,0.014367540678492371,-0.010882831441494885,0.1297030560252601
google_robot_move_near__seed000__step071,move_near,0,validation,26,0.038785425622597666,0.062754335724649,0.029326236227858515,0.023968910102051336,1.6179875486034698,0.03605230047982639,0.05173069294508364,0.019745734148120187,0.01567839246525725,0.008290517636794087,0.1115420256444466
google_robot_move_near__seed000__step071,move_near,0,validation,27,0.022593430644561485,0.053139585059346156,0.022243552892021273,0.03054615441478467,2.351992749367503,0.03697210754644961,0.038423750491175315,0.022148194562847945,0.0014516429447257034,0.029094511470058967,0.0771953709179165
google_robot_move_near__seed000__step071,move_near,0,validation,28,0.037518955921451755,0.05928563606502494,0.026061699729181386,0.021766680143573185,1.580151542306856,0.040157319908072496,0.054696468871245914,0.023262725050510785,0.014539148963173418,0.007227531180399767,0.08652269346175245
google_robot_move_near__seed000__step071,move_near,0,validation,29,0.02678246659229302,0.06417841387263386,0.023727811167187862,0.03739594728034083,2.3962846607676522,0.028769935662815792,0.033926086704083744,0.020664846137274998,0.005156151041267952,0.03223979623907288,0.1506552408885966
google_robot_move_near__seed000__step071,move_near,0,validation,30,0.03618641990644395,0.04411476107230077,0.018048651314765993,0.00792834116585682,1.2190971415894327,0.02598389787332406,0.030323861920800412,0.02526565268671872,0.004339964047476351,0.003588377118380469,0.1284572009836893
google_robot_move_near__seed000__step071,move_near,0,validation,31,0.02202782268878039,0.03373834436317734,0.021117576532621363,0.01171052167439695,1.5316241119174054,0.025878241531574028,0.03689196555193063,0.03735232089046848,-0.00046035533853784616,0.012170877012934796,0.25107709554959
google_robot_move_near__seed001__step008,move_near,1,exploration,0,0.004627021736658062,0.0007632574954119084,0.0021476795048045493,-0.0038637642412461537,0.16495653983315473,0.0043201482571662495,0.0009357425202111102,0.0019863912082374703,-0.0033844057369551393,-0.00047935850429101437,0.7370294759748504
google_robot_move_near__seed001__step008,move_near,1,exploration,1,0.004066317463116171,0.0074890985852495385,0.006970522458285665,0.0005185761269638732,1.0743955894364068,0.0036684896374239166,0.006781766259043715,0.007377404901515837,-0.0005956386424721223,0.0011142147694359955,0.3554589307459537
google_robot_move_near__seed001__step008,move_near,1,exploration,2,0.029735903456206417,0.04442895926436865,0.01729527224133812,0.014693055808162232,1.4941183586300462,0.018118826898421325,0.022800494440133594,0.01992549776744135,0.0028749966726922434,0.011818059135469988,0.02581436284992833
google_robot_move_near__seed001__step008,move_near,1,exploration,3,0.01750516392318995,0.027959387024136334,0.015114158274068179,0.010454223100946385,1.5972079522829925,0.0146928647440273,0.030649106468105425,0.014695227068863954,0.01595387939924147,-0.005499656298295085,0.03247272250126798
google_robot_move_near__seed001__step008,move_near,1,exploration,4,0.028361888463691448,0.03631597308459378,0.022892646263565315,0.00795408462090233,1.2804497532343466,0.02029160275539037,0.051428072635760914,0.02118559003727261,0.030242482598488305,-0.022288397977585975,0.05524150333599209
google_robot_move_near__seed001__step008,move_near,1,exploration,5,0.027579213427679185,0.03435618529669066,0.02314143085487147,0.006776971869011477,1.245727525434425,0.02404384148937774,0.03649779947033776,0.019530916755206105,0.01245395798096002,-0.005676986111948543,0.06745788307011935
google_robot_move_near__seed001__step008,move_near,1,exploration,6,0.03424788256208407,0.03681028884731189,0.016748560215096266,0.0025624062852278237,1.0748194076110467,0.024892303955305273,0.03421096328889447,0.0266982485262585,0.0075127147626359685,-0.004950308477408145,0.06891683717446995
google_robot_move_near__seed001__step008,move_near,1,exploration,7,0.047270682723152886,0.05727892189586951,0.026650977465671594,0.010008239172716621,1.2117219087215478,0.03426579979296736,0.04906174022771636,0.031434832315361434,0.014795940434749001,-0.00478770126203238,0.06259012416489895
google_robot_move_near__seed001__step008,move_near,1,exploration,8,0.03757790660447983,0.08004425313073783,0.04308035465820549,0.03696389847253234,1.858022148745051,0.028080021315752778,0.03884524911380145,0.03181777340882532,0.007027475704976131,0.02993642276755621,0.13692303827110663
google_robot_move_near__seed001__step008,move_near,1,exploration,9,0.04415244371178891,0.09074267254060948,0.031851999986485684,0.04659022882882057,2.0552129148942386,0.048803421881027265,0.06330968765262511,0.04762674976408603,0.014506265771597845,0.03208396305722273,0.10742036322790227
google_robot_move_near__seed001__step008,move_near,1,exploration,10,0.0497604604904681,0.11883875428203979,0.02752044094629554,0.06907829379157168,2.388216529965675,0.05309374785728334,0.06531035848960366,0.032470517397563736,0.012216610632320324,0.05686168315925136,0.16749535788630965
google_robot_move_near__seed001__step008,move_near,1,exploration,11,0.0557021111821233,0.11795923572168303,0.0227356638239325,0.06225712453955973,2.1176798009684803,0.07615497149074349,0.11507834197995119,0.018791135010100893,0.0389233704892077,0.023333754050352026,0.217014787322114
google_robot_move_near__seed001__step008,move_near,1,exploration,12,0.034564567411523764,0.07556018225933783,0.01831825561749589,0.04099561484781407,2.186058959156717,0.05816752109304786,0.10093255600349568,0.021004386060011107,0.04276503491044782,-0.001769420062633753,0.24749404667090857
google_robot_move_near__seed001__step008,move_near,1,exploration,13,0.03762354530388312,0.06303776116697953,0.020619361865904583,0.025414215863096404,1.6754870030941345,0.053878545992085636,0.0650218186997209,0.018144012791132414,0.011143272707635266,0.014270943155461138,0.17712691179872309
google_robot_move_near__seed001__step008,move_near,1,exploration,14,0.03130920827716573,0.1577423946664571,0.03421816269169734,0.12352423197475976,4.609902527137482,0.051135575259683166,0.05386552128318971,0.028894665548948793,0.002729946023506541,0.12079428595125322,0.3377811333416503
google_robot_move_near__seed001__step008,move_near,1,exploration,15,0.03875379236419454,0.06271165837342844,0.033397076283773655,0.023957866009233907,1.618207007564222,0.05145134248316329,0.04799429694648263,0.04241389985756755,-0.003457045536680664,0.02741491154591457,0.18510027814750174
google_robot_move_near__seed001__step008,move_near,1,exploration,16,0.04208996867143002,0.08301652792162222,0.023012318022249092,0.040926559250192195,1.972358985811564,0.04339613420284856,0.06400630711258266,0.03665162108616759,0.020610172909734104,0.02031638634045809,0.17268852933540302
google_robot_move_near__seed001__step008,move_near,1,exploration,17,0.05623349801919343,0.1280401854718242,0.02530767587002968,0.07180668745263076,2.276937945921876,0.06518763396503764,0.05776353115653472,0.026560902936710856,-0.007424102808502919,0.07923079026113368,0.16630280977028633
google_robot_move_near__seed001__step008,move_near,1,exploration,18,0.05671032656378238,0.09005786077475147,0.03637514571719865,0.033347534210969094,1.5880328369025165,0.06553927618620269,0.09750996168004712,0.04132629395653937,0.031970685493844436,0.0013768487171246582,0.09088155470502102
google_robot_move_near__seed001__step008,move_near,1,exploration,19,0.054708634894502554,0.0940274446552721,0.04007972687886894,0.03931880976076955,1.7186947697852453,0.04010771314464316,0.05097476125180553,0.021335019393784422,0.010867048107162366,0.02845176165360718,0.08443628938923098
google_robot_move_near__seed001__step008,move_near,1,exploration,20,0.04597121438737686,0.09514334349046205,0.03809413933998764,0.04917212910308519,2.0696286743425087,0.07060238584098848,0.05746575155691316,0.027412469503029183,-0.01313663428407532,0.06230876338716051,0.15856062288574435
google_robot_move_near__seed001__step008,move_near,1,exploration,21,0.08001449951526636,0.11887538209185369,0.06579004297707418,0.03886088257658733,1.4856730069176134,0.06216958698275064,0.043407252805822714,0.03330725209786526,-0.018762334176927922,0.057623216753515255,0.0894043181137647
google_robot_move_near__seed001__step008,move_near,1,exploration,22,0.06461302809551404,0.08162094432855527,0.04014535882431553,0.017007916233041223,1.2632273511140713,0.053581983230651435,0.07689394391100995,0.02995380334464616,0.02331196068035852,-0.006304044447317296,0.11193395233989634
google_robot_move_near__seed001__step008,move_near,1,exploration,23,0.03929632440162329,0.07735050291864197,0.08439342890086084,-0.007042925982218867,0.9165465122824624,0.061178668631892884,0.07562914507047974,0.07458715089261023,0.0010419941778695152,-0.008084920160088382,0.06133437724619739
google_robot_move_near__seed001__step008,move_near,1,exploration,24,0.061555883038422535,0.10745616574217436,0.036258827980933515,0.04590028270375182,1.7456684956513637,0.04958051353144121,0.0665068069676181,0.034406771938720875,0.016926293436176888,0.028973989267574933,0.08509081263366625
google_robot_move_near__seed001__step008,move_near,1,exploration,25,0.04072357070462504,0.08970082374566618,0.023341228297141088,0.04897725304104114,2.202675801596119,0.02658866834526407,0.046020268135849314,0.04116032718240601,0.004859940953443304,0.04411731208759784,0.10352851396700657
google_robot_move_near__seed001__step008,move_near,1,exploration,26,0.03924232785588546,0.05368837579095718,0.03437830033423395,0.014446047935071718,1.3681241334133836,0.027564034397787058,0.05509995872101226,0.03145537412366205,0.023644584597350214,-0.009198536662278496,0.10588727458525682
google_robot_move_near__seed001__step008,move_near,1,exploration,27,0.04687204863998464,0.0650828684868313,0.03214019482412997,0.01821081984684666,1.388521952320039,0.03193873681002604,0.03552984209817839,0.026779431740841998,0.0035911052881523464,0.014619714558694312,0.06444367125649109
google_robot_move_near__seed001__step008,move_near,1,exploration,28,0.05117954387986369,0.08130026836299598,0.047071420265465014,0.030120724483132286,1.5885305377835366,0.03542486200438928,0.047258495351728914,0.02854568783524961,0.011833633347339632,0.018287091135792653,0.0759858624572658
google_robot_move_near__seed001__step008,move_near,1,exploration,29,0.034663153783587995,0.06835515280787005,0.03628703081812545,0.032068121989744604,1.8837350774295512,0.043157981917518316,0.05705350091192934,0.025421413365970032,0.013895518994411021,0.018172602995333582,0.14092235654209162
google_robot_move_near__seed001__step008,move_near,1,exploration,30,0.04053521926914479,0.0646339745392419,0.02726977647717415,0.02409875527009711,1.5945139980639247,0.03582001200240309,0.043190625837850015,0.02912717059037676,0.007370613835446925,0.016728141434650186,0.11683215786069923
google_robot_move_near__seed001__step008,move_near,1,exploration,31,0.028249958603906302,0.043905935250613835,0.03407410753358917,0.009831827717024663,1.2885424866178157,0.026830196871006,0.032179883351547034,0.024243376392572343,0.005349686480541033,0.00448214123648363,0.20021362030456658
google_robot_move_near__seed001__step040,move_near,1,exploration,0,0.0039915201189409544,0.0008265586391180849,0.0018858872046591758,-0.00316496147982287,0.20707866038199768,0.004436163700702246,0.0008778390752745694,0.001989405598079785,-0.0035583246254276765,0.00039336314560480673,0.7515762305120006
google_robot_move_near__seed001__step040,move_near,1,exploration,1,0.003542958920204786,0.008257921381247153,0.0052180021958341425,0.0030399191854130108,1.582582964001044,0.003368849428597796,0.005787844030735595,0.006276458372957217,-0.0004886143422216218,0.0035285335276346325,0.4097281481954269
google_robot_move_near__seed001__step040,move_near,1,exploration,2,0.021356069808570192,0.030109480796445588,0.016642864268677917,0.008753410987875396,1.4098793020597193,0.025755963869618113,0.03034368323450984,0.017970382442292737,0.004587719364891725,0.004165691622983671,0.04495829890947789
google_robot_move_near__seed001__step040,move_near,1,exploration,3,0.01126448740408224,0.02157034672627791,0.012970638830186475,0.008599707896091435,1.663013442027034,0.018896209207493905,0.03261922507977021,0.020228491863349962,0.01239073321642025,-0.0037910253203288155,0.0340965594575664
google_robot_move_near__seed001__step040,move_near,1,exploration,4,0.021256787801180923,0.03913040782639412,0.0276584516717329,0.01147195615466122,1.4147721749148245,0.025578145572756984,0.039052635921638705,0.02169748148534636,0.01347449034888172,-0.002002534194220501,0.06297149555302894
google_robot_move_near__seed001__step040,move_near,1,exploration,5,0.01940135071569419,0.026584543159289074,0.02295811978797407,0.003626423371315003,1.1579582041040921,0.03240972090188791,0.03327346894774071,0.024823173600863953,0.0008637480458528052,0.002762675325462198,0.06455578504312598
google_robot_move_near__seed001__step040,move_near,1,exploration,6,0.039477851326341656,0.0471432780839502,0.0300126265949515,0.007665426757608541,1.1941703132281105,0.02781717380367735,0.052390816153276794,0.02290446992959398,0.024573642349599443,-0.0169082155919909,0.05535400507289978
google_robot_move_near__seed001__step040,move_near,1,exploration,7,0.060793244701314565,0.10122687434574859,0.038908475314678656,0.040433629644434026,1.6651007006303071,0.03563260089222373,0.054112214206774416,0.02940519403702472,0.018479613314550683,0.021954016329883343,0.08768709821151788
google_robot_move_near__seed001__step040,move_near,1,exploration,8,0.03584931773877423,0.05856521373731032,0.0366083293395939,0.021956884397716425,1.599778378139995,0.027499153496213288,0.06244849526375599,0.0213445977180962,0.034949341767542705,-0.01299245736982628,0.1416251881601056
google_robot_move_near__seed001__step040,move_near,1,exploration,9,0.04261866432674417,0.06903883447682227,0.03829788971782558,0.026420170150078102,1.6199201820949338,0.03675596963523399,0.07419566339939763,0.02621452593719614,0.037439693764163645,-0.011019523614085543,0.0981457056752788
google_robot_move_near__seed001__step040,move_near,1,exploration,10,0.04557352785270549,0.09222651497746412,0.031988156153506545,0.04665298712475863,2.02368610293989,0.03670060475579967,0.057757939398410826,0.024206978546886377,0.021057334642611156,0.02559565248214747,0.15774446625414384
google_robot_move_near__seed001__step040,move_near,1,exploration,11,0.049882931035447386,0.1028256854421486,0.02774043746945795,0.05294275440670121,2.061340087836448,0.043506626152658934,0.10133966120381288,0.018391773281805607,0.05783303505115395,-0.004890280644452738,0.22070991454211253
google_robot_move_near__seed001__step040,move_near,1,exploration,12,0.03366403921786113,0.06949882736489595,0.02236257348870543,0.035834788147034814,2.064482723392918,0.04018481085096806,0.05636043327224161,0.01535189940107063,0.01617562242127355,0.019659165725761263,0.24040720902303292
google_robot_move_near__seed001__step040,move_near,1,exploration,13,0.04503242272788115,0.06255712254022237,0.0244410061861623,0.017524699812341227,1.3891573837418938,0.05411068016139559,0.06022776608515704,0.020302915558974184,0.0061170859237614505,0.011407613888579776,0.15817261110032632
google_robot_move_near__seed001__step040,move_near,1,exploration,14,0.04538039660536958,0.16049508537036525,0.034374066630752445,0.11511468876499567,3.53666114393048,0.06593277473183047,0.09964969249704471,0.025367237809669832,0.03371691776521424,0.08139777099978143,0.34024147601257937
google_robot_move_near__seed001__step040,move_near,1,exploration,15,0.03278444049035786,0.0655020324052932,0.036578950008380996,0.028923082396912207,1.7907029149356481,0.06923499469127338,0.04920374103937513,0.038574406903404405,-0.02003125365189825,0.04895433604881046,0.17081330715484455
google_robot_move_near__seed001__step040,move_near,1,exploration,16,0.034191728880917385,0.12012336794995164,0.023557099790864313,0.08593163906903425,3.5132288387146526,0.054124839712788676,0.053061578908333566,0.02609289033851585,-0.00106326080445511,0.08699489987348936,0.14540848729416211
google_robot_move_near__seed001__step040,move_near,1,exploration,17,0.03569910657161013,0.14016074576371348,0.03327273998255996,0.10446163919210336,3.926169566248387,0.05573216046979318,0.0460476905000796,0.027692240432606072,-0.009684469969713581,0.11414610916181694,0.19201118745081658
google_robot_move_near__seed001__step040,move_near,1,exploration,18,0.050454588126044426,0.0734962342785194,0.02790219930583753,0.02304164615247497,1.4566808888601546,0.05931772094551026,0.07938788949468897,0.030020177322037798,0.020070168549178716,0.0029714776032962534,0.1220193852813054
google_robot_move_near__seed001__step040,move_near,1,exploration,19,0.04834744950580507,0.12808024908914825,0.02462528920218615,0.07973279958334317,2.6491624769941517,0.05271799281389912,0.0679914591635642,0.03560317003405185,0.015273466349665074,0.0644593332336781,0.13690677722854616
google_robot_move_near__seed001__step040,move_near,1,exploration,20,0.0551832419054516,0.11207137591108081,0.05237315738097923,0.05688813400562921,2.0308951058565694,0.05096689557715288,0.07486094032119858,0.03452992986264095,0.023894044744045703,0.03299408926158351,0.17165398287960443
google_robot_move_near__seed001__step040,move_near,1,exploration,21,0.039434541879515485,0.1016025970448167,0.038261624084303225,0.06216805516530121,2.5764873180280254,0.04971952953241486,0.07057737068772281,0.044719659746971306,0.02085784115530795,0.04131021400999326,0.11341143450860613
google_robot_move_near__seed001__step040,move_near,1,exploration,22,0.04604194242968069,0.09409846482645333,0.0315129139987541,0.04805652239677264,2.04375532092654,0.05969702342718624,0.044473529272647326,0.029718320813916357,-0.015223494154538914,0.06328001655131155,0.14133204458741488
google_robot_move_near__seed001__step040,move_near,1,exploration,23,0.0842696585823375,0.06361778640442031,0.018908083992885103,-0.020651872177917183,0.7549311042035513,0.03921818696117974,0.05018982044767302,0.05660033128899282,-0.0064105108413198,-0.014241361336597383,0.09274431135031591
google_robot_move_near__seed001__step040,move_near,1,exploration,24,0.0813748113793571,0.10000177081970421,0.07872179736266298,0.018626959440347104,1.2289032579567039,0.0646377390954509,0.08414022831152598,0.04200303346679428,0.019502489216075086,-0.0008755297757279817,0.10148358859129303
google_robot_move_near__seed001__step040,move_near,1,exploration,25,0.02717671543749107,0.050274073995994,0.022961121337825786,0.02309735855850293,1.8498951468814901,0.03472059537254317,0.051058368766986856,0.035696286953049675,0.015362081813937181,0.007735276744565749,0.1258999184686047
google_robot_move_near__seed001__step040,move_near,1,exploration,26,0.026725976543791732,0.05079622819594431,0.018669192832265792,0.024070251652152576,1.9006313244611426,0.03591579616425826,0.045699754789850514,0.028081425049892944,0.009783958625592254,0.014286293026560322,0.15819209875716922
google_robot_move_near__seed001__step040,move_near,1,exploration,27,0.03577152566590289,0.052618325026057115,0.03354955979469678,0.01684679936015423,1.4709555728066823,0.038523812786228885,0.04630401219411336,0.02515201588742261,0.007780199407884478,0.00906659995226975,0.07314834953304938
google_robot_move_near__seed001__step040,move_near,1,exploration,28,0.0332787688565827,0.06028779593764032,0.03128908984625245,0.027009027081057617,1.8115993472431329,0.03680812246197292,0.06008655711112028,0.03215986524465255,0.02327843464914736,0.0037305924319102554,0.09637795269501481
google_robot_move_near__seed001__step040,move_near,1,exploration,29,0.035485319830128786,0.037909903196286815,0.01869213818703655,0.0024245833661580285,1.0683263777180172,0.03112247815060927,0.045607759549272195,0.021488179215770252,0.014485281398662925,-0.012060698032504896,0.16764152544305944
google_robot_move_near__seed001__step040,move_near,1,exploration,30,0.030349919106879338,0.05142289117084401,0.022113953259576116,0.021072972063964673,1.6943337143586692,0.02626668418498526,0.035223744476133696,0.021254974235820817,0.008957060291148435,0.012115911772816238,0.14641098710563938
google_robot_move_near__seed001__step040,move_near,1,exploration,31,0.027626499040081718,0.037508862637821445,0.020085991937069874,0.009882363597739727,1.3577132080109742,0.031851618656633704,0.03169197335242729,0.03440094064173525,-0.002708967289307966,0.012591330887047694,0.22818899121648428
google_robot_move_near__seed001__step071,move_near,1,exploration,0,0.004053734354392862,0.0008077677779350143,0.0018948013320639974,-0.003245966576457848,0.1992650991201903,0.004495650296374993,0.0008928227655100213,0.0020232356078187545,-0.003602827530864971,0.0003568609544071233,0.7521948210778646
google_robot_move_near__seed001__step071,move_near,1,exploration,1,0.0034308082355930234,0.007570157158667742,0.0053788237637643,0.0021913333949034426,1.4074001103486362,0.003448218390323009,0.005372371010281073,0.005275683977563419,9.668703271765392e-05,0.0020946463621857887,0.412290534528438
google_robot_move_near__seed001__step071,move_near,1,exploration,2,0.023471500558968367,0.03197378577817879,0.015972829705833257,0.008502285219210422,1.3622386731453235,0.02131152913456849,0.027343776391299306,0.020838842932677397,0.006032247256730815,0.0024700379624796077,0.04345431455715243
google_robot_move_near__seed001__step071,move_near,1,exploration,3,0.011293956979934247,0.021610102035768665,0.012578895644748301,0.009031206391020364,1.717964966566115,0.016327031996811625,0.02940240389987024,0.01998640372741227,0.009416000172457972,-0.00038479378143760866,0.033918327853939445
google_robot_move_near__seed001__step071,move_near,1,exploration,4,0.019890613557022627,0.037534013849821836,0.027079077803215414,0.010454936046606422,1.3860890729951294,0.022574980951143908,0.033713689827905395,0.01886771842155356,0.011138708876761487,-0.0006837728301550654,0.05809290715319548
google_robot_move_near__seed001__step071,move_near,1,exploration,5,0.020000529294662554,0.02871586921966536,0.023484657521043156,0.005231211698622205,1.2227501803649825,0.030456777651498602,0.03280853708905446,0.021046452087557635,0.0023517594375558545,0.00287945226106635,0.059766100266870126
google_robot_move_near__seed001__step071,move_near,1,exploration,6,0.04626949126760171,0.04086564397775685,0.03145646713458034,-0.00540384728984486,0.8832092780404378,0.024233662301980777,0.07191467151455211,0.027964150945339862,0.04395052056921225,-0.049354367859057106,0.051785782575677786
google_robot_move_near__seed001__step071,move_near,1,exploration,7,0.0616866392335779,0.10605400337543801,0.03847421128710863,0.044367364141860106,1.7192378235076489,0.03276183143701818,0.043923790467259964,0.03127518991852822,0.011161959030241787,0.03320540511161832,0.08273270462552773
google_robot_move_near__seed001__step071,move_near,1,exploration,8,0.03528810431446537,0.05839942160858764,0.034987381405182316,0.023111317294122267,1.6549322425531492,0.026060390103976896,0.044217692261637465,0.025993134715299696,0.01815730215766057,0.004954015136461699,0.14379864401917075
google_robot_move_near__seed001__step071,move_near,1,exploration,9,0.042708938092499815,0.07315643192479016,0.040704428413317936,0.03044749383229034,1.7129068338422881,0.03687961357118023,0.06094271030508432,0.04056422428837518,0.020378486016709142,0.010069007815581198,0.09856543036448784
google_robot_move_near__seed001__step071,move_near,1,exploration,10,0.04271325159408101,0.09501587068491227,0.037374396884785284,0.05230261909083126,2.2245056777199115,0.044538827417200055,0.09715485352028691,0.032619752274416866,0.052616026103086855,-0.00031340701225559403,0.15444135728239416
google_robot_move_near__seed001__step071,move_near,1,exploration,11,0.05116500647226241,0.11437316027041325,0.02808116691885926,0.06320815379815084,2.235378594790509,0.04729992955278017,0.13704194462610647,0.025686243782941848,0.0897420150733263,-0.026533861275175458,0.21130454211879623
google_robot_move_near__seed001__step071,move_near,1,exploration,12,0.02877625378651651,0.07329284089266798,0.02220197332654966,0.04451658710615147,2.546990356576932,0.0332608160128418,0.08296650245513404,0.03109072521220754,0.049705686442292236,-0.005189099336140764,0.23228306883811456
google_robot_move_near__seed001__step071,move_near,1,exploration,13,0.0459539479649564,0.06748878927538052,0.025748385290732225,0.021534841310424116,1.468617872110709,0.06008852025084008,0.0796925482359651,0.02786163153081552,0.01960402798512502,0.0019308133252990967,0.15674852797269523
google_robot_move_near__seed001__step071,move_near,1,exploration,14,0.04303323945654222,0.1461870895286569,0.03791518625444853,0.10315385007211467,3.3970737823789947,0.04500670629400286,0.08372384518003875,0.025082958775415106,0.038717138886035896,0.06443671118607877,0.3288725160791728
google_robot_move_near__seed001__step071,move_near,1,exploration,15,0.03641349643257005,0.06375053500973055,0.04286692966003013,0.020883605349700414,1.487172874645432,0.0370634536985281,0.08142168183485271,0.030959823868779983,0.04435822813632461,-0.023474622786624197,0.17320952024078906
google_robot_move_near__seed001__step071,move_near,1,exploration,16,0.03457210315212177,0.11579199033901184,0.02486877309007645,0.08121988718689008,3.349289738883167,0.03309510758388085,0.07552624634025458,0.025451499140347823,0.04243113875637373,0.03878874843051635,0.14294697215024144
google_robot_move_near__seed001__step071,move_near,1,exploration,17,0.03570724102776996,0.13823198222182234,0.02960777259631051,0.10252474119405239,3.871259112803412,0.03944134422381195,0.06274143326346547,0.02972458844921146,0.02330008903965352,0.07922465215439886,0.19746151987868643
google_robot_move_near__seed001__step071,move_near,1,exploration,18,0.04802347574378714,0.08501159361672464,0.03219614477092933,0.0369881178729375,1.770209096698352,0.052064038014350646,0.06117547539747442,0.03463180278189146,0.009111437383123776,0.027876680489813725,0.12105140047458463
google_robot_move_near__seed001__step071,move_near,1,exploration,19,0.0480612596364834,0.13774969479685534,0.03770305074585833,0.08968843516037193,2.8661274348350467,0.04025740418692903,0.06760168989934486,0.044892362851688926,0.02270932704765593,0.06697910811271601,0.1208218097527265
google_robot_move_near__seed001__step071,move_near,1,exploration,20,0.051432083824015255,0.11756752338447055,0.06103686765186732,0.05653065573260323,1.9261722940147268,0.05642854974350455,0.06871626155449996,0.03995527408113457,0.01228771181099541,0.04424294392160782,0.16484001555556915
google_robot_move_near__seed001__step071,move_near,1,exploration,21,0.04623084619501867,0.10262830901803408,0.04518284217301974,0.05639746282301541,2.2199098105431645,0.06528052254243219,0.049597334061344006,0.04959466334949493,-0.015683188481088184,0.0720806513041036,0.10873823656970671
google_robot_move_near__seed001__step071,move_near,1,exploration,22,0.04307848827618837,0.09022102317318138,0.0387120688313954,0.047142534896993014,2.094340511550658,0.05138911670296564,0.06342488939423388,0.02984092322367889,0.012035772691268237,0.03510676220572478,0.13582109998958458
google_robot_move_near__seed001__step071,move_near,1,exploration,23,0.09733408791142903,0.07125734523629425,0.025371988462610736,-0.02607674267513478,0.7320903371605659,0.07574535318096383,0.05086681612176118,0.06253442471353156,-0.02487853705920265,-0.0011982056159321325,0.08975250035638282
google_robot_move_near__seed001__step071,move_near,1,exploration,24,0.07258932737053064,0.12089731735294369,0.06353917738245585,0.04830798998241305,1.6654971430693382,0.04574845473880424,0.06330557615522571,0.039234413188980424,0.01755712141642147,0.03075086856599158,0.09544455606947366
google_robot_move_near__seed001__step071,move_near,1,exploration,25,0.025622064964422764,0.052442563949681165,0.018287293277360846,0.0268204989852584,2.0467735142542067,0.029265302604972357,0.052338482432995395,0.02232818970373179,0.023073179828023038,0.0037473191572353626,0.12712193510657244
google_robot_move_near__seed001__step071,move_near,1,exploration,26,0.03720271486908592,0.05782640160327282,0.025793201176182133,0.0206236867341869,1.5543597236588886,0.04551878184722554,0.05628739001111186,0.027501784634497203,0.01076860816388632,0.00985507857030058,0.14102285957555694
google_robot_move_near__seed001__step071,move_near,1,exploration,27,0.03452129207632468,0.04356549281623176,0.020712325834154142,0.009044200739907082,1.2619890564904364,0.03604622138600126,0.02497492112991916,0.02579113606259104,-0.011071300256082103,0.020115500995989185,0.06799367558451763
google_robot_move_near__seed001__step071,move_near,1,exploration,28,0.03704767951663577,0.06730155057792962,0.02446111316005507,0.030253871061293854,1.8166198654279753,0.048497847942801764,0.05576515658499149,0.035185555215320526,0.007267308642189725,0.02298656241910413,0.08676231667183032
google_robot_move_near__seed001__step071,move_near,1,exploration,29,0.02886619174379985,0.04027409140504908,0.024106181343343223,0.011407899661249232,1.3951993308469424,0.027092352930730715,0.027840238685172346,0.023885449617161384,0.0007478857544416309,0.0106600139068076,0.15787918090055086
google_robot_move_near__seed001__step071,move_near,1,exploration,30,0.026481542656448833,0.05767665699746106,0.024519625115785912,0.031195114341012225,2.177994603475849,0.0418690598364734,0.060741786684989196,0.025337137428162654,0.0188727268485158,0.012322387492496426,0.14328123127262415
google_robot_move_near__seed001__step071,move_near,1,exploration,31,0.024133463222535952,0.030734461183193958,0.023655557640773078,0.006600997960658005,1.273520542816,0.04181033154026837,0.03922451260990895,0.0362829353683174,-0.002585818930359418,0.009186816891017423,0.23050875019634987
google_robot_move_near__seed002__step008,move_near,2,exploration,0,0.00384918767130909,0.0008167849075497728,0.0019594013048527454,-0.003032402763759317,0.2121966963673632,0.003758884871837447,0.0008323879385405434,0.0018002221974149633,-0.0029264969332969035,-0.00010590583046241357,0.7384835234843194
google_robot_move_near__seed002__step008,move_near,2,exploration,1,0.003415261095688914,0.006711960829470284,0.004830795217774339,0.0018811656116959445,1.389411168739759,0.004609155001945375,0.007852620571785917,0.005663708951804933,0.002188911619980983,-0.0003077460082850387,0.37587605757289566
google_robot_move_near__seed002__step008,move_near,2,exploration,2,0.01935611452349547,0.04045688847614455,0.02105382606428326,0.01940306241186129,1.9215931751605755,0.02143671421811375,0.033297192613483274,0.019616930096578798,0.011860478395369526,0.007542584016491764,0.033756476784333245
google_robot_move_near__seed002__step008,move_near,2,exploration,3,0.01568013095163587,0.021813357961425046,0.012971195123809688,0.0061332270097891745,1.3911464150845825,0.01810315601612711,0.024825408376396015,0.013076619971673403,0.0067222523602689065,-0.000589025350479732,0.035832511941748635
google_robot_move_near__seed002__step008,move_near,2,exploration,4,0.021422764537601693,0.03738954146459016,0.02302461560706082,0.014364925857529343,1.6238942748353262,0.016235423284618376,0.047972567462341194,0.015681009135210148,0.03173714417772282,-0.017372218320193474,0.050611841665840984
google_robot_move_near__seed002__step008,move_near,2,exploration,5,0.021191378756027945,0.02678134950250313,0.020053586505473054,0.005589970746475183,1.263785136910221,0.01838227587685573,0.04533206615207829,0.020905162551716303,0.02442690360036199,-0.018836932853886806,0.0756853802772639
google_robot_move_near__seed002__step008,move_near,2,exploration,6,0.018476079643948116,0.05145209904536037,0.018185471871823216,0.03297601940141225,2.7847952615972633,0.11606320407816469,0.03337414875704309,0.01775828184960973,-0.0826890553211216,0.11566507472253384,0.07584993928412587
google_robot_move_near__seed002__step008,move_near,2,exploration,7,0.03629155802181189,0.0710012792104445,0.02709701862006903,0.03470972118863261,1.9564130911043123,0.05034351330545119,0.03939143648003003,0.04065318833107587,-0.01095207682542116,0.04566179801405377,0.08247138925867148
google_robot_move_near__seed002__step008,move_near,2,exploration,8,0.03310359763757228,0.08660377305849803,0.029999248105461774,0.05350017542092576,2.6161438405173083,0.03367765164879059,0.03231404350239591,0.02368349224697471,-0.0013636081463946764,0.05486378356732043,0.14746025613203528
google_robot_move_near__seed002__step008,move_near,2,exploration,9,0.0607502169954347,0.10574075490118506,0.037063733940896154,0.04499053790575036,1.7405823407862286,0.03723280492747356,0.0517492845883991,0.04025215661729547,0.011497127971103631,0.03349340993464673,0.10136203994807147
google_robot_move_near__seed002__step008,move_near,2,exploration,10,0.0565241087625667,0.09629939749077186,0.028198877364197794,0.03977528872820516,1.7036871451663913,0.06875738553452572,0.06862833731661468,0.024576906701602813,-0.00012904821791104304,0.039904336946116205,0.17205324787664722
google_robot_move_near__seed002__step008,move_near,2,exploration,11,0.04729607682195856,0.113391419929519,0.0275502438941713,0.06609534310756043,2.3974804581862013,0.053247012204339444,0.09546519262839033,0.022923313751859797,0.042218180424050886,0.023877162683509548,0.19632047918776152
google_robot_move_near__seed002__step008,move_near,2,exploration,12,0.03274694747172954,0.08122365887823753,0.01820209675141285,0.048476711406507986,2.480342906720022,0.04382714152411804,0.08493625993864633,0.02279571019681692,0.04110911841452829,0.007367592991979699,0.2749200668768026
google_robot_move_near__seed002__step008,move_near,2,exploration,13,0.047708371543741045,0.07023550329965984,0.02552792678480451,0.0225271317559188,1.472184042904608,0.05362929264124339,0.048679807455380274,0.04049571208864927,-0.004949485185863113,0.02747661694178191,0.16074132448966338
google_robot_move_near__seed002__step008,move_near,2,exploration,14,0.043919557373253267,0.16503809243908554,0.03153722499991787,0.12111853506583228,3.757735785825399,0.03838992205976005,0.049634308807788845,0.0186442723134078,0.011244386748028794,0.10987414831780348,0.38341853445490415
google_robot_move_near__seed002__step008,move_near,2,exploration,15,0.04084954195558163,0.05647039172211722,0.039886844249046434,0.015620849766535591,1.3823996309070286,0.03091251911222143,0.04776428083799703,0.042727035441760694,0.005037245396236338,0.010583604370299253,0.2374806013556281
google_robot_move_near__seed002__step008,move_near,2,exploration,16,0.032015628639553796,0.07610483381242353,0.02496458472638903,0.04408920517286973,2.3771150855491747,0.04686030531608696,0.037714458456999105,0.02912466279279545,-0.009145846859087856,0.05323505203195759,0.19129188574459022
google_robot_move_near__seed002__step008,move_near,2,exploration,17,0.04888856940623013,0.10336713971405437,0.019221261943162163,0.054478570307824235,2.11434167474088,0.04750276364875925,0.04310224293078795,0.025994157310188892,-0.0044005207179712985,0.058879091025795534,0.2229657640465348
google_robot_move_near__seed002__step008,move_near,2,exploration,18,0.05261256153350523,0.08347184692287166,0.04753873372450337,0.030859285389366428,1.5865383568088456,0.07040578713343584,0.053394486069989415,0.03258283851044738,-0.017011301063446428,0.047870586452812856,0.102812695201834
google_robot_move_near__seed002__step008,move_near,2,exploration,19,0.04627630056899615,0.11569453767738024,0.03310745858420721,0.06941823710838409,2.5000818184436375,0.06297590252690578,0.0416308406489133,0.031233270492854036,-0.021345061877992483,0.09076329898637657,0.08734310867049544
google_robot_move_near__seed002__step008,move_near,2,exploration,20,0.04315281918020078,0.09809206964191669,0.043914181297800885,0.054177888344115806,2.233721926334282,0.04401077200333889,0.03865632220455883,0.03792890416406398,-0.00535444979878006,0.059532338142895866,0.16201113581843174
google_robot_move_near__seed002__step008,move_near,2,exploration,21,0.04962204237317688,0.14361454389702408,0.036206065827129014,0.0939925015238472,2.8941683378726606,0.06788686424068285,0.0343354095637787,0.019717422890504353,-0.03355145467690415,0.12754395620075135,0.1184050683375375
google_robot_move_near__seed002__step008,move_near,2,exploration,22,0.06729423345543474,0.10492234306775364,0.037138303717471045,0.0376281096123189,1.5591580092406865,0.062076590315237386,0.06562343770578409,0.048416434836069555,0.003546847390546705,0.03408126222177219,0.10829247417700572
google_robot_move_near__seed002__step008,move_near,2,exploration,23,0.05976544067113495,0.04132729812732138,0.04452390889038516,-0.018438142543813568,0.6914915654136776,0.08959951506508841,0.034281336693812815,0.06896740631592227,-0.055318178371275596,0.03688003582746203,0.09528419665969068
google_robot_move_near__seed002__step008,move_near,2,exploration,24,0.06872951644893181,0.09903235365153251,0.03986468925756065,0.0303028372026007,1.4408999039752688,0.07638563679270413,0.05964525028246077,0.04335115986929313,-0.016740386510243364,0.047043223712844064,0.09205485176083172
google_robot_move_near__seed002__step008,move_near,2,exploration,25,0.022558373189366175,0.07769442652112488,0.025667895656995482,0.052026530864129394,3.026910641969599,0.042128061059037054,0.05081239132915781,0.022767628718006177,0.008684330270120756,0.04334220059400864,0.10305497815233622
google_robot_move_near__seed002__step008,move_near,2,exploration,26,0.04014007270555328,0.09074077481339962,0.02507724122195746,0.05060070210784634,2.2606031503487003,0.04615829113702645,0.049528702419210306,0.03027544259877087,0.0033704112821838564,0.047230290825662484,0.12205094281064532
google_robot_move_near__seed002__step008,move_near,2,exploration,27,0.02293104198341163,0.05701851454554366,0.02360759976840009,0.03341091477714357,2.415260979723389,0.03161521310835969,0.03078117196037218,0.02385429512604131,-0.0008340411479875118,0.03424495592513108,0.07935775163631575
google_robot_move_near__seed002__step008,move_near,2,exploration,28,0.04826726854555264,0.06646208404187542,0.050649666846034586,0.01581241719584084,1.3121919289994068,0.05045624318921655,0.053541292154112616,0.03151372916889403,0.0030850489648960658,0.012727368230944773,0.09199347376510048
google_robot_move_near__seed002__step008,move_near,2,exploration,29,0.028556411872713044,0.07267376399822896,0.03289029457490375,0.03978346942332521,2.2095808182174554,0.0389937484619742,0.03287389204112251,0.03126582708159312,-0.006119856420851687,0.0459033258441769,0.1601621517785503
google_robot_move_near__seed002__step008,move_near,2,exploration,30,0.023208117305451564,0.04400957924055727,0.024723023350804247,0.01928655588975302,1.780105071135065,0.033341628002203076,0.04270440695373661,0.026042318539357352,0.009362778951533535,0.009923776938219487,0.1322140826175655
google_robot_move_near__seed002__step008,move_near,2,exploration,31,0.025369108618792994,0.043154485318640294,0.03262576482112285,0.010528720497517442,1.3227118369559523,0.02958049935810114,0.038170036046205745,0.025174708026096483,0.008589536688104606,0.001939183809412836,0.23787912753005003
google_robot_move_near__seed002__step040,move_near,2,exploration,0,0.003637866423057694,0.0007481774070314185,0.0017861478865507825,-0.0028896890160262753,0.20566379301045407,0.004325003981211345,0.0009055008880592105,0.0021218231884888713,-0.0034195030931521344,0.0005298140771258591,0.7526296189171262
google_robot_move_near__seed002__step040,move_near,2,exploration,1,0.004500252233040136,0.006438986753947691,0.004617181727493378,0.0018218050264543128,1.3945707866784254,0.0027358244249844547,0.005882068363541334,0.004910471812017189,0.0009715965515241448,0.000850208474930168,0.45447147835511714
google_robot_move_near__seed002__step040,move_near,2,exploration,2,0.014581998354574037,0.024455331306483065,0.019595464137199512,0.004859867169283553,1.2480098014140788,0.018615365085779358,0.028313112933994154,0.01834591792988729,0.009697747848214797,-0.004837880678931244,0.07743169513867088
google_robot_move_near__seed002__step040,move_near,2,exploration,3,0.012708456515695342,0.024148496559757315,0.012965213922869085,0.01118328263688823,1.8625605950984163,0.011990973290173729,0.022929736855219852,0.015884702034345506,0.007045034820874346,0.004138247816013884,0.029914017191543962
google_robot_move_near__seed002__step040,move_near,2,exploration,4,0.02446600717747628,0.031129568949791377,0.02182698927724071,0.006663561772315096,1.272360002348469,0.02544799997684097,0.03317364009821491,0.018497886705246762,0.007725640121373941,-0.0010620783490588454,0.021570702814983633
google_robot_move_near__seed002__step040,move_near,2,exploration,5,0.0198861884101499,0.030679783523939567,0.01677610646554957,0.010793595113789668,1.5427684225439915,0.025034280243822322,0.02828429263093962,0.01961005263147268,0.0032500123871172966,0.007543582726672372,0.04799924906637898
google_robot_move_near__seed002__step040,move_near,2,exploration,6,0.02254482255035636,0.04751873687423662,0.019775011085663152,0.02497391432388026,2.107744994137712,0.02147075206846096,0.033833205758492524,0.01827924890989135,0.012362453690031566,0.012611460633848694,0.07178425586374715
google_robot_move_near__seed002__step040,move_near,2,exploration,7,0.04268594630185173,0.06430220866350458,0.032799753862920444,0.021616262361652858,1.506402322881504,0.028980217908507275,0.04909568170062604,0.025298840198708164,0.020115463792118763,0.0015007985695340946,0.09743445873402834
google_robot_move_near__seed002__step040,move_near,2,exploration,8,0.02948945026373324,0.05027722501483176,0.02853258094510365,0.020787774751098522,1.7049224236188552,0.024170725628323335,0.0480753057646286,0.023098312088558212,0.023904580136305267,-0.0031168053852067452,0.12076935299046454
google_robot_move_near__seed002__step040,move_near,2,exploration,9,0.04376166545586517,0.08471034208523949,0.039724976772076204,0.04094867662937432,1.935720252024507,0.038236246399798425,0.06414950982876436,0.02312356862564944,0.02591326342896593,0.015035413200408389,0.12290920042960352
google_robot_move_near__seed002__step040,move_near,2,exploration,10,0.042699224960780914,0.11112133034029884,0.03096511651671752,0.06842210537951793,2.602420311899417,0.041967260077727025,0.06873790134700038,0.024427888119523646,0.02677064126927335,0.041651464110244577,0.1628776679940529
google_robot_move_near__seed002__step040,move_near,2,exploration,11,0.0508173901809422,0.08150006892516101,0.03433149011385198,0.03068267874421881,1.6037830481842728,0.06437756974362711,0.10359124961835653,0.0218999599036355,0.039213679874729415,-0.008531001130510606,0.19561385038014123
google_robot_move_near__seed002__step040,move_near,2,exploration,12,0.047915357321415906,0.05804707451787191,0.02558988777223115,0.010131717196456003,1.211450310773903,0.030845395059070795,0.07715796948210389,0.02409325142029955,0.0463125744230331,-0.036180857226577094,0.26975748076392847
google_robot_move_near__seed002__step040,move_near,2,exploration,13,0.05280258881478589,0.06970861618243114,0.02512688958923085,0.01690602736764525,1.3201742139376165,0.0383666067731617,0.0599408968008295,0.015879522351767504,0.0215742900276678,-0.00466826266002255,0.17246442595751432
google_robot_move_near__seed002__step040,move_near,2,exploration,14,0.033654499799836084,0.07518571339385446,0.028066753957980334,0.04153121359401838,2.2340463783752527,0.032826672067352174,0.10140016423628105,0.024670931982384858,0.06857349216892888,-0.027042278574910504,0.3596010348587697
google_robot_move_near__seed002__step040,move_near,2,exploration,15,0.0305786651785006,0.07066231371922306,0.030511659461475885,0.04008364854072246,2.310837092029271,0.04301691952137288,0.06087235337221688,0.025511260239064037,0.017855433850843996,0.022228214689878463,0.25175171033424704
google_robot_move_near__seed002__step040,move_near,2,exploration,16,0.036969672196831935,0.0931730014431206,0.029863014727623278,0.056203329246288666,2.520255006510578,0.03187718963512755,0.08613092178432143,0.021251153672249286,0.05425373214919388,0.001949597097094788,0.15664343370735878
google_robot_move_near__seed002__step040,move_near,2,exploration,17,0.04445413428957193,0.0893104706069674,0.029407892286733402,0.04485633631739547,2.0090475730604407,0.05162511761422992,0.09683895409294314,0.027104239989339078,0.04521383647871322,-0.00035750016131775447,0.1841318854731071
google_robot_move_near__seed002__step040,move_near,2,exploration,18,0.0372073082969056,0.07797044347937253,0.03398600017368436,0.04076313518246693,2.0955679689911095,0.04635217702608402,0.05956617358324931,0.02940325489966529,0.013213996557165292,0.027549138625301638,0.1165109260264785
google_robot_move_near__seed002__step040,move_near,2,exploration,19,0.04041165895834137,0.07167978917365475,0.05345950169472613,0.01822028747892862,1.3408241173472457,0.03529046173174568,0.08465215048813067,0.040805708380834235,0.043846442107296435,-0.025626154628367814,0.12155649677441716
google_robot_move_near__seed002__step040,move_near,2,exploration,20,0.049003902719378586,0.09131910294824624,0.03948554349959255,0.04231520022886766,1.8635067388649866,0.04001835573019881,0.09007521369635874,0.028780232039979703,0.050056857966159926,-0.007741657737292268,0.15104683072573266
google_robot_move_near__seed002__step040,move_near,2,exploration,21,0.026848910643315495,0.06039783812135579,0.03685087461979037,0.02354696350156542,1.6389797730586229,0.05831377102658817,0.08475937292886855,0.031182041681006203,0.02644560190228038,-0.002898638400714963,0.1301548856787349
google_robot_move_near__seed002__step040,move_near,2,exploration,22,0.05622912378181947,0.06683134983639773,0.02874131516444803,0.010602226054578258,1.1885539973149337,0.07864657322259391,0.05409282408472659,0.028041547311741917,-0.02455374913786732,0.03515597519244558,0.1329088084438581
google_robot_move_near__seed002__step040,move_near,2,exploration,23,0.05292320080700988,0.03891865103679436,0.02483737010103167,-0.014004549770215521,0.7353797662147342,0.04500452042260725,0.06038573848074321,0.09374560323427324,-0.033359864753530026,0.019355314983314505,0.10618971384890585
google_robot_move_near__seed002__step040,move_near,2,exploration,24,0.06493921158606676,0.052962233269026195,0.027359715007554457,-0.011976978317040567,0.8155663115625148,0.04940456000049549,0.05905928597994767,0.03355650150348577,0.009654725979452175,-0.02163170429649274,0.1332381795684725
google_robot_move_near__seed002__step040,move_near,2,exploration,25,0.04214970080177049,0.05989114795004244,0.03162597397378124,0.01774144714827195,1.4209151384421388,0.03268258853268444,0.07473254699918193,0.016919797394194712,0.04204995846649749,-0.02430851131822554,0.13169952718727274
google_robot_move_near__seed002__step040,move_near,2,exploration,26,0.05442851548802835,0.05880266684936033,0.03107589760228784,0.004374151361331978,1.0803650682388,0.05543651200409067,0.05149190791902768,0.03338095536295294,-0.003944604085062996,0.008318755446394974,0.15871016797540705
google_robot_move_near__seed002__step040,move_near,2,exploration,27,0.034302936288932606,0.038131720301817044,0.028123586592580345,0.0038287840128844383,1.1116168009827119,0.037153974468624285,0.05431575977837574,0.019120099952295667,0.017161785309751452,-0.013333001296867014,0.09047758083675106
google_robot_move_near__seed002__step040,move_near,2,exploration,28,0.027486619039890976,0.058599915259614804,0.02495754680617531,0.031113296219723828,2.1319433712298155,0.042239383315329344,0.08335567162363343,0.031131427029628782,0.041116288308304084,-0.010002992088580256,0.10866363073182939
google_robot_move_near__seed002__step040,move_near,2,exploration,29,0.03549302045815475,0.041532932166656156,0.03010220791654298,0.006039911708501405,1.1701718149240719,0.033445550996482165,0.07143987584447344,0.02581713527408241,0.03799432484799127,-0.031954413139489865,0.2117223903723584
google_robot_move_near__seed002__step040,move_near,2,exploration,30,0.0304378674223469,0.04578190290476906,0.02453708724984189,0.015344035482422157,1.5041100701804377,0.026451784127249127,0.062344869511244,0.02797483872937317,0.03437003078187083,-0.01902599529944867,0.19901515769356593
google_robot_move_near__seed002__step040,move_near,2,exploration,31,0.03349821412593064,0.050032035992875104,0.02249190909911429,0.016533821866944465,1.4935732336293652,0.021254895709996006,0.03146833998707117,0.02623013243678037,0.005238207550290804,0.01129561431665366,0.2330485934508033
google_robot_move_near__seed002__step071,move_near,2,exploration,0,0.0036154809191867436,0.0007519215694373672,0.0016706244407772221,-0.0028635593497493765,0.20797276662339637,0.0043651232544840435,0.0011543368391034334,0.0016963973301108858,-0.0032107864153806103,0.0003472270656312338,0.7481318687205203
google_robot_move_near__seed002__step071,move_near,2,exploration,1,0.004101873078003519,0.006791988039577487,0.004826562822736273,0.001965425216841214,1.4072101180539438,0.004251459457945802,0.01028501657657689,0.006006023402068623,0.004278993174508266,-0.0023135679576670523,0.43453321006381884
google_robot_move_near__seed002__step071,move_near,2,exploration,2,0.014707945371298855,0.0246996379358855,0.019844054433803115,0.004855583502082386,1.2446870682742737,0.022099340093171584,0.02739206638392097,0.027857371831782936,-0.00046530544786196545,0.005320888949944352,0.07125288305167032
google_robot_move_near__seed002__step071,move_near,2,exploration,3,0.011582883200822836,0.026888083240218724,0.01243719659465425,0.014450886645564473,2.161908677376359,0.017472905323664738,0.03282366695279375,0.014349899443703169,0.01535076162912901,-0.0008998749835645373,0.03264148997220673
google_robot_move_near__seed002__step071,move_near,2,exploration,4,0.021269004204443866,0.027916525926983158,0.018938661750466226,0.006647521722539292,1.3125450377761636,0.014674665691952991,0.02886976407031114,0.02373843887781619,0.005131325192494953,0.0015161965300443392,0.02004086918708481
google_robot_move_near__seed002__step071,move_near,2,exploration,5,0.021610732266580005,0.031888069452271836,0.01659932883257951,0.010277337185691831,1.4755663555919971,0.023530923197068898,0.028872440109840976,0.02255441901817209,0.005341516912772078,0.004935820272919753,0.04490787847157662
google_robot_move_near__seed002__step071,move_near,2,exploration,6,0.022849192191104636,0.05622941766797997,0.01918450307393148,0.03338022547687533,2.460893024037432,0.08931086789331048,0.028457858183046206,0.01940199508761339,-0.06085300971026428,0.09423323518713961,0.0662886756097123
google_robot_move_near__seed002__step071,move_near,2,exploration,7,0.03552478570946174,0.04789850398678197,0.02892427580158181,0.012373718277320228,1.348312256645776,0.03175426239264921,0.026809452424165058,0.020360984910674347,-0.004944809968484152,0.01731852824580438,0.09592762525585385
google_robot_move_near__seed002__step071,move_near,2,exploration,8,0.028858374396554407,0.03696774754630418,0.020984122650210133,0.008109373149749771,1.2810058889082125,0.031127256015784054,0.03313996088625376,0.022702400704401177,0.0020127048704697073,0.006096668279280064,0.12169894993780872
google_robot_move_near__seed002__step071,move_near,2,exploration,9,0.048079035193826995,0.07056128910504854,0.03763353274106377,0.022482253911221543,1.4676103382812495,0.02532639826217572,0.04059389414819825,0.03811898803139382,0.002474906116804433,0.02000734779441711,0.1147909187429832
google_robot_move_near__seed002__step071,move_near,2,exploration,10,0.03492748308823592,0.08996197034949725,0.032694479990140975,0.05503448726126133,2.575678588755734,0.04566919299735552,0.053073154612413735,0.029359478308711388,0.007403961615058213,0.04763052564620312,0.1636192994897101
google_robot_move_near__seed002__step071,move_near,2,exploration,11,0.052771422985140995,0.10622088550757638,0.028427366524325124,0.05344946252243539,2.012848611974805,0.04158781015273201,0.0995848855549086,0.029218874229967943,0.05799707540217659,-0.004547612879741203,0.19525876937041176
google_robot_move_near__seed002__step071,move_near,2,exploration,12,0.04620044863811884,0.06510780059386796,0.024652367209406754,0.01890735195574912,1.4092460682329637,0.04213577436316864,0.09388382031647097,0.02558210766574404,0.051748045953302325,-0.032840693997553204,0.24693243867523051
google_robot_move_near__seed002__step071,move_near,2,exploration,13,0.06153923370021168,0.07266697467145784,0.02705394748308844,0.011127740971246164,1.1808235218763845,0.03955411368839683,0.06876654891732904,0.02471675146403582,0.029212435228932215,-0.01808469425768605,0.16462484079670503
google_robot_move_near__seed002__step071,move_near,2,exploration,14,0.031458043790974784,0.08992131030986995,0.025868485963292664,0.05846326651889517,2.858452067374517,0.05967261091488699,0.04438756027568108,0.03429290371558799,-0.015285050639205905,0.07374831715810107,0.323448353502954
google_robot_move_near__seed002__step071,move_near,2,exploration,15,0.03347936195554452,0.06263580285869974,0.03264562183545995,0.029156440903155223,1.8708780335142148,0.03592479745017118,0.04906309800306853,0.03918915163286695,0.00987394637020158,0.019282494532953644,0.25175778213929334
google_robot_move_near__seed002__step071,move_near,2,exploration,16,0.030318895850117548,0.06470037770896521,0.03256791721353933,0.03213246049542588,1.9866292733656172,0.041665055639881564,0.043367667880483345,0.044131036176155894,-0.0007633682956725493,0.03289582879109843,0.14633957508107187
google_robot_move_near__seed002__step071,move_near,2,exploration,17,0.041774344267535735,0.06464497028484607,0.03352108373201145,0.02287062601731034,1.5474801919292813,0.07069987276566884,0.05121268417881566,0.02775644879337576,-0.019487188586853187,0.042357814604163525,0.17339104286861584
google_robot_move_near__seed002__step071,move_near,2,exploration,18,0.04167854340410206,0.06291300950040037,0.03593777407217356,0.021234466096298303,1.5094819627071798,0.07159311544595587,0.06640825350769701,0.04529254796128917,-0.0051848619382588584,0.02641932803455716,0.11345881596469098
google_robot_move_near__seed002__step071,move_near,2,exploration,19,0.0320319102659156,0.060523762856337,0.025094219864558988,0.028491852590421404,1.889483404326932,0.06903679121776776,0.03553822990857983,0.06422207980951745,-0.033498561309187935,0.06199041389960934,0.11872440304591692
google_robot_move_near__seed002__step071,move_near,2,exploration,20,0.04845189912410598,0.08289205712805864,0.02775720594549957,0.034440158003952656,1.710811312385026,0.05618112254864135,0.05676937476168087,0.05943243947204344,-0.002663064710362574,0.03710322271431523,0.15332345388475233
google_robot_move_near__seed002__step071,move_near,2,exploration,21,0.03759228369982253,0.0634592505581184,0.029907920402432717,0.025866966858295863,1.688092457080972,0.042061759771459144,0.039925673397034005,0.0419876790312586,-0.002136086374425139,0.028003053232721002,0.1266011421580231
google_robot_move_near__seed002__step071,move_near,2,exploration,22,0.056768675026438155,0.08691422001403744,0.037048119206324254,0.030145544987599283,1.5310242836134538,0.040190958839748166,0.04808426740578472,0.05706696735863298,-0.008982699952848262,0.039128244940447546,0.13653321044237998
google_robot_move_near__seed002__step071,move_near,2,exploration,23,0.055931997100632846,0.051203800753682735,0.037894799746401836,-0.0047281963469501115,0.915465268682555,0.047283262705489465,0.03804791041914655,0.03598963011318902,-0.009235352286342917,0.004507155939392805,0.1087972308577605
google_robot_move_near__seed002__step071,move_near,2,exploration,24,0.0676628834988724,0.06714592534044087,0.031494264699701936,-0.0005169581584315297,0.9923597971044178,0.07496311240690318,0.05154596306842645,0.04112795575999179,-0.023417149338476724,0.022900191180045194,0.10952265215168211
google_robot_move_near__seed002__step071,move_near,2,exploration,25,0.03089079516918983,0.058010072415613546,0.029913217491444495,0.027119277246423715,1.87790803370035,0.06326753491493076,0.05539326684043419,0.039769643343494775,-0.007874268074496565,0.03499354532092028,0.12712998498425776
google_robot_move_near__seed002__step071,move_near,2,exploration,26,0.0518011128059333,0.06364421946464682,0.03494782700670984,0.01184310665871352,1.228626491154395,0.06408595911792758,0.043724048164136206,0.04707467421920855,-0.020361910953791376,0.032205017612504896,0.15562395638950477
google_robot_move_near__seed002__step071,move_near,2,exploration,27,0.0398549485932361,0.04293975940024187,0.030578579307753442,0.003084810807005768,1.0774009480852598,0.0632316037235238,0.05786992699289578,0.034346344804639245,-0.005361676730628012,0.00844648753763378,0.08491428366698628
google_robot_move_near__seed002__step071,move_near,2,exploration,28,0.03642426096317793,0.05594467856569388,0.02514232416453176,0.019520417602515945,1.5359180141568158,0.047001342551259304,0.06664838641019763,0.03703783371162711,0.019647043858938326,-0.00012662625642238107,0.11398056130148149
google_robot_move_near__seed002__step071,move_near,2,exploration,29,0.041378134328128695,0.03798011663454973,0.024554919227218742,-0.0033980176935789613,0.9178789051571858,0.039765640215589655,0.05875262762294889,0.040908470799436165,0.017844156823512723,-0.021242174517091685,0.20805650759524497
google_robot_move_near__seed002__step071,move_near,2,exploration,30,0.02951845644309989,0.046872258249657975,0.024502092037360885,0.017353801806558086,1.5878966550981237,0.03569800618831069,0.03937612517716047,0.03346299451372015,0.003678118988849781,0.013675682817708305,0.19079482568983508
google_robot_move_near__seed002__step071,move_near,2,exploration,31,0.03057633191026464,0.05104373836046494,0.040607323330951586,0.010436415029513355,1.257008198852608,0.025196444982300212,0.04704313897783218,0.0288450224035324,0.01819811657429978,-0.007761701544786427,0.20912673357838685
google_robot_move_near__seed013__step008,move_near,13,validation,0,0.005192207441370452,0.0012299627950880664,0.002011350667011512,-0.003962244646282385,0.236886297201451,0.006285990971040023,0.001203969237527506,0.0018461705400988821,-0.005082021733512517,0.0011197770872301317,0.7387364258756861
google_robot_move_near__seed013__step008,move_near,13,validation,1,0.004602736914569838,0.007631341695928228,0.005879203694677927,0.0017521380012503014,1.2980230133608743,0.004800589754677014,0.006425666556575751,0.006049469804951415,0.0003761967516243362,0.0013759412496259652,0.3721200328145642
google_robot_move_near__seed013__step008,move_near,13,validation,2,0.025641121896148727,0.032155479245633826,0.014973366875906433,0.006514357349485099,1.2540589829052506,0.018835578726395585,0.021595275709152654,0.018398424859624164,0.002759696982757069,0.00375466036672803,0.03210883334350001
google_robot_move_near__seed013__step008,move_near,13,validation,3,0.01748550217739343,0.0199611764087475,0.01467122193562518,0.0024756742313540685,1.141584394101921,0.01354858725426439,0.030551181712997227,0.015031805411599096,0.015519376301398132,-0.013043702070044063,0.030104962185760087
google_robot_move_near__seed013__step008,move_near,13,validation,4,0.028062703562876094,0.035682508533229504,0.028330651134723894,0.00735185739850561,1.2595018859095226,0.023070243980503086,0.02808124197449583,0.029109235906888783,-0.0010279939323929524,0.008379851330898563,0.0415200996560543
google_robot_move_near__seed013__step008,move_near,13,validation,5,0.02515289025544913,0.03288883248734883,0.02341842243390955,0.0077359422318996965,1.3075567918173452,0.027298360227993267,0.02734904824318835,0.0189436967431198,5.0688015195081426e-05,0.007685254216704615,0.073615809866169
google_robot_move_near__seed013__step008,move_near,13,validation,6,0.02534199208536198,0.05485402919511069,0.02153193014561832,0.02951203710974871,2.1645507981511614,0.033569448369345334,0.03700939018397235,0.0294202362777643,0.0034399418146270136,0.026072095295121698,0.07416146319030759
google_robot_move_near__seed013__step008,move_near,13,validation,7,0.0318349749289008,0.08800837927350189,0.029730389842165143,0.05617340434460109,2.764518567080921,0.03997105127395543,0.040356454496980464,0.026877911918423616,0.0003854032230250354,0.05578800112157605,0.07929663362335759
google_robot_move_near__seed013__step008,move_near,13,validation,8,0.024160364265141426,0.056929731988900105,0.02269716087288338,0.03276936772375868,2.3563275521900273,0.033474147925703225,0.04621977186238574,0.03392112958868121,0.01229864227370453,0.02047072545005415,0.15109654068328382
google_robot_move_near__seed013__step008,move_near,13,validation,9,0.06368464687730387,0.09528536633340576,0.03811419576163437,0.03160071945610189,1.4962062444498512,0.037827703703734436,0.09015727384448942,0.03525004652524617,0.05232957014075498,-0.02072885068465309,0.09766070013506578
google_robot_move_near__seed013__step008,move_near,13,validation,10,0.05870188307217641,0.1262385782096358,0.035409540748933044,0.06753669513745938,2.1505030435637,0.03244105263673985,0.09989071300340266,0.03401658998726744,0.06587412301613521,0.001662572121324174,0.16025637066195486
google_robot_move_near__seed013__step008,move_near,13,validation,11,0.06881936364486026,0.1679821050592349,0.0314280502056523,0.09916274141437463,2.440913373249137,0.044273410882276085,0.1458623623432279,0.0327415315271485,0.10158895146095183,-0.0024262100465771985,0.17617521623401444
google_robot_move_near__seed013__step008,move_near,13,validation,12,0.04200520750395784,0.12923708527871058,0.025075797694368407,0.08723187777475275,3.0766919855480666,0.046305749205907784,0.09051294250579954,0.027271089245836037,0.044207193299891756,0.04302468447486099,0.2759432440748242
google_robot_move_near__seed013__step008,move_near,13,validation,13,0.037327260945334804,0.1260146284528454,0.028157112375825785,0.08868736750751058,3.37594094132414,0.04611870816871222,0.08169149868349002,0.020782626653654705,0.0355727905147778,0.05311457699273278,0.15911000864707603
google_robot_move_near__seed013__step008,move_near,13,validation,14,0.05372452209075024,0.20523085926628173,0.03581289026571147,0.1515063371755315,3.820059281674213,0.0607265522395397,0.10434300460534232,0.03221715241957275,0.043616452365802624,0.10788988480972887,0.3778094958156544
google_robot_move_near__seed013__step008,move_near,13,validation,15,0.04587874086340376,0.1196125871305323,0.03715402463612539,0.07373384626712853,2.607146248556792,0.039225715406983844,0.0741609128030056,0.03205054579063449,0.03493519739602176,0.038798648871106775,0.2901018521795322
google_robot_move_near__seed013__step008,move_near,13,validation,16,0.04379071243889755,0.10281620567226196,0.020826006285168657,0.05902549323336441,2.3478998158736144,0.044481849594298684,0.0641292826470833,0.03629019737096297,0.019647433052784616,0.039378060180579794,0.16300827171926358
google_robot_move_near__seed013__step008,move_near,13,validation,17,0.048758217589983575,0.11842236943601306,0.023028797600003162,0.06966415184602948,2.428767401463433,0.056940356677807204,0.09294874057408305,0.028403741579576362,0.03600838389627584,0.03365576794975363,0.23424388294824894
google_robot_move_near__seed013__step008,move_near,13,validation,18,0.05042628128635091,0.09198976060435891,0.04233280206273179,0.041563479318008,1.8242424041143435,0.04590934245863055,0.0743158670679782,0.0295993377361197,0.02840652460934765,0.013156954708660351,0.1069362266203484
google_robot_move_near__seed013__step008,move_near,13,validation,19,0.05004979574395484,0.09211532910864118,0.03345088047417554,0.04206553336468633,1.8404736271030062,0.044341156258910955,0.07204082699300354,0.03670114247481204,0.027699670734092588,0.014365862630593744,0.0914727926550114
google_robot_move_near__seed013__step008,move_near,13,validation,20,0.05245893167696968,0.13476115508391193,0.03398673455515824,0.08230222340694224,2.5688886673053286,0.04585897945974971,0.07693264226305199,0.033558801725486254,0.03107366280330228,0.05122856060363996,0.16237529690272368
google_robot_move_near__seed013__step008,move_near,13,validation,21,0.04131285170189797,0.13600246271304717,0.026986685706032874,0.0946896110111492,3.2920134319074137,0.06798703363726272,0.08323341541328991,0.038721378366225856,0.01524638177602719,0.07944322923512201,0.13318735436658358
google_robot_move_near__seed013__step008,move_near,13,validation,22,0.03428430202378681,0.11594329617985569,0.030626900046339663,0.08165899415606888,3.3818187723178093,0.04146512315768737,0.08063321799009263,0.041890011814728026,0.0387432061753646,0.04291578798070428,0.10076105873604035
google_robot_move_near__seed013__step008,move_near,13,validation,23,0.05407117276335955,0.05727635809279833,0.101096274294441,-0.04381991620164267,0.5665526102968148,0.03274421294488605,0.040516534654454456,0.09038711864927214,-0.04987058399481768,0.006050667793175014,0.07943762005132271
google_robot_move_near__seed013__step008,move_near,13,validation,24,0.0496518015864122,0.1466908949098079,0.027785660660627723,0.09703909332339572,2.9543921916813507,0.05278165097167555,0.10178710650632815,0.035770720574821405,0.049005455534652596,0.04803363778874312,0.09446127547240124
google_robot_move_near__seed013__step008,move_near,13,validation,25,0.02800659725796639,0.08748924512357989,0.023239401311032828,0.0594826478656135,3.1238798600816757,0.027338584970954406,0.042538724519351596,0.03297519041114124,0.009563534108210356,0.04991911375740314,0.10529911526179347
google_robot_move_near__seed013__step008,move_near,13,validation,26,0.04284186614915092,0.0807977207274078,0.028855404031915787,0.037955854578256884,1.8859524103389023,0.04314461404752358,0.07005089512848259,0.04848761462303232,0.02156328050545027,0.016392574072806615,0.1180367222180223
google_robot_move_near__seed013__step008,move_near,13,validation,27,0.04066185861693747,0.05382282684647959,0.026557275803756636,0.013160968229542123,1.3236686338794164,0.040737163970664826,0.09296313197996879,0.03461507479364161,0.052225968009303965,-0.03906499977976184,0.08247353386493472
google_robot_move_near__seed013__step008,move_near,13,validation,28,0.03188756878223842,0.07031993261018786,0.04761777430975869,0.022702158300429168,1.4767580725791427,0.041218623084167655,0.060254927662228,0.03146073837855492,0.019036304578060347,0.003665853722368821,0.10182053474066421
google_robot_move_near__seed013__step008,move_near,13,validation,29,0.03508058211321797,0.07171479815825543,0.018532025355727188,0.036634216045037464,2.0442875755825645,0.04071557306984935,0.057439052401461785,0.040272567046547386,0.01672347933161243,0.019910736713425033,0.16392293137488423
google_robot_move_near__seed013__step008,move_near,13,validation,30,0.033342934380772626,0.04153433771595944,0.030706434655903746,0.008191403335186816,1.245671338990201,0.050751651424856985,0.07169225462564575,0.0458825027190612,0.02094060320078877,-0.012749199865601954,0.15616582463763962
google_robot_move_near__seed013__step008,move_near,13,validation,31,0.036179962718104336,0.059625096339353756,0.031131912805624877,0.02344513362124942,1.6480143112341448,0.035350343201157014,0.07810159312598486,0.032694469960776865,0.042751249924827844,-0.019306116303578424,0.2587639133907942
google_robot_move_near__seed013__step040,move_near,13,validation,0,0.005264615627496475,0.001155860764596258,0.001975371834547314,-0.0041087548629002175,0.219552735922321,0.006158907196289233,0.0014304538770644934,0.0022019452408435923,-0.004728453319224739,0.0006196984563245217,0.7406807607039809
google_robot_move_near__seed013__step040,move_near,13,validation,1,0.0046866503496408515,0.007602056045629614,0.0045870665318059915,0.0029154056959887625,1.6220659700402391,0.003225456068161324,0.005863688507136322,0.005910360350832097,-4.667184369577457e-05,0.002962077539684537,0.41128920766641386
google_robot_move_near__seed013__step040,move_near,13,validation,2,0.019617193566042492,0.023855805865462563,0.013740076280024542,0.004238612299420071,1.2160661913820916,0.023641417135081257,0.0243911916880227,0.015197827387591472,0.0007497745529414443,0.003488837746478627,0.06105899705585216
google_robot_move_near__seed013__step040,move_near,13,validation,3,0.013883522939817386,0.03238106758250844,0.01550306876084558,0.016877998821662858,2.088687606436333,0.016315968429611038,0.026897216468381568,0.019068118777618576,0.007829097690762992,0.009048901130899865,0.03147912716497103
google_robot_move_near__seed013__step040,move_near,13,validation,4,0.026197689437557434,0.029075460856995985,0.01965854984875812,0.002877771419438551,1.1098482912509426,0.02799064910166818,0.04583125551085322,0.0262142892462242,0.017840606409185042,-0.014962834989746491,0.0353516189632046
google_robot_move_near__seed013__step040,move_near,13,validation,5,0.03882840607707875,0.025067730699651035,0.022065028005875453,-0.013760675377427714,0.6456028776944583,0.029196992896089083,0.029834356036189513,0.025411005718915716,0.0006373631401004297,-0.014398038517528144,0.04668106674898809
google_robot_move_near__seed013__step040,move_near,13,validation,6,0.03454935542022161,0.04903710247123399,0.03032745043342928,0.014487747051012377,1.4193348001662789,0.024874410095345814,0.04145406990170378,0.023981005670271584,0.016579659806357963,-0.002091912755345586,0.08996772746672832
google_robot_move_near__seed013__step040,move_near,13,validation,7,0.030079987440657947,0.043774985952683386,0.039510312781745015,0.004264673170938371,1.1079382285454542,0.03392672489811482,0.052579874810813824,0.030023156628143047,0.018653149912699007,-0.014388476741760636,0.07388531346873606
google_robot_move_near__seed013__step040,move_near,13,validation,8,0.03480134165433777,0.04044978925221638,0.026394243597964818,0.005648447597878609,1.162305455174156,0.028940630074538374,0.051402577794481485,0.025335321906755442,0.02246194771994311,-0.016813500122064503,0.151349509461852
google_robot_move_near__seed013__step040,move_near,13,validation,9,0.03437284175909736,0.06229542591847681,0.029605416851587442,0.027922584159379447,1.8123443605587035,0.059681346135611275,0.08189515231127259,0.0287760899332264,0.022213806175661314,0.005708777983718133,0.12411627017445426
google_robot_move_near__seed013__step040,move_near,13,validation,10,0.04727641918764773,0.08105964649847552,0.03379865880529129,0.03378322731082779,1.7145893849687879,0.05195351261759779,0.11268787242265656,0.03206375110611566,0.060734359805058764,-0.02695113249423097,0.15443751185921428
google_robot_move_near__seed013__step040,move_near,13,validation,11,0.06457084545438121,0.12763379310935682,0.03339770765827319,0.06306294765497561,1.9766473895642125,0.04806398006186206,0.1728227114131445,0.027392911659838596,0.12475873135128245,-0.061695783696306836,0.18736736234404816
google_robot_move_near__seed013__step040,move_near,13,validation,12,0.040815633557083716,0.10300219745496622,0.02700997547280858,0.062186563897882505,2.5235966828962715,0.030176063710452228,0.1437416017928805,0.027165306612589438,0.11356553808242828,-0.051378974184545775,0.28958046905154333
google_robot_move_near__seed013__step040,move_near,13,validation,13,0.04161151549989397,0.05275031347594772,0.018742172651030908,0.01113879797605375,1.2676854674058227,0.04664330410195918,0.09135355102441886,0.020468775217367684,0.04471024692245968,-0.03357144894640593,0.198617378198378
google_robot_move_near__seed013__step040,move_near,13,validation,14,0.039654513906796245,0.0688804457918354,0.02258500531361299,0.029225931885039157,1.7370139993074087,0.032857583932590445,0.2539833937550908,0.025437634671858392,0.22112580982250038,-0.19189987793746122,0.31734819760208666
google_robot_move_near__seed013__step040,move_near,13,validation,15,0.024018506101916002,0.059557891725349026,0.02859563203332112,0.030962259692027906,2.082761858732448,0.036530195470569966,0.13017053773396725,0.03805908427331929,0.09211145346064796,-0.061149193768620054,0.2792034358915316
google_robot_move_near__seed013__step040,move_near,13,validation,16,0.030522322680428444,0.07828765178206125,0.02184585898890445,0.04776532910163281,2.5649310048170397,0.036328927548224844,0.11371391919051287,0.023560794173733322,0.07738499164228801,-0.029619662540655206,0.15875272693483566
google_robot_move_near__seed013__step040,move_near,13,validation,17,0.029956973592724038,0.08084531892606228,0.027751503115204905,0.05088834533333825,2.698714497171304,0.05102372525495044,0.15670637820351163,0.03025175566166592,0.10568265294856119,-0.05479430761522294,0.1822579014975645
google_robot_move_near__seed013__step040,move_near,13,validation,18,0.065266138519427,0.06048823472658849,0.03379499237582647,-0.00477790379283851,0.9267935272221395,0.05337341417480624,0.07356840750843449,0.030664252413407023,0.02019499333362825,-0.02497289712646676,0.09865491904736245
google_robot_move_near__seed013__step040,move_near,13,validation,19,0.05033439867768693,0.06677505369666248,0.04520867851749094,0.01644065501897555,1.3266286168282693,0.04856405051689366,0.07067840443418828,0.047776394285469696,0.022114353917294625,-0.005673698898319077,0.11466969008461092
google_robot_move_near__seed013__step040,move_near,13,validation,20,0.042589311787373,0.08593054321368986,0.03290937685167804,0.04334123142631686,2.017655125368022,0.05215356438476678,0.08288257314745387,0.031080358972851406,0.03072900876268709,0.012612222663629769,0.17051129663417441
google_robot_move_near__seed013__step040,move_near,13,validation,21,0.035741557347187765,0.04637186353270419,0.030452973762754208,0.010630306185516428,1.2974214604656238,0.06768195026353423,0.1089358458872049,0.0442063095828361,0.04125389562367067,-0.03062358943815424,0.13175883253887832
google_robot_move_near__seed013__step040,move_near,13,validation,22,0.04338350482763913,0.04976782397702348,0.044027322278689524,0.005740501698333955,1.1303849837152717,0.09145471618672535,0.08746118184777103,0.03440261353292124,-0.003993534338954316,0.009734036037288271,0.14741127589738312
google_robot_move_near__seed013__step040,move_near,13,validation,23,0.053480330838782744,0.06132974907054652,0.05564736679841712,0.005682382272129402,1.1021141268501322,0.038256905850611755,0.06461571518649252,0.0896170314509718,-0.02500131626447928,0.030683698536608683,0.09217498498011878
google_robot_move_near__seed013__step040,move_near,13,validation,24,0.04887098312130162,0.07437017301362306,0.03993576863553724,0.025499189892321437,1.5217654375609846,0.05776075813351806,0.10710875301811387,0.04823725432868079,0.04934799488459581,-0.023848804992274375,0.08224224602201602
google_robot_move_near__seed013__step040,move_near,13,validation,25,0.035286309945891686,0.051874092514600456,0.026078491285530477,0.01658778256870877,1.4700911655014257,0.04253982585761408,0.051584728215894854,0.018552945256844117,0.009044902358280774,0.007542880210427996,0.11462412701946789
google_robot_move_near__seed013__step040,move_near,13,validation,26,0.02704029180297626,0.04849016049416172,0.027499911893867614,0.02099024860029411,1.7632842127386912,0.06765336011143745,0.0720295812514405,0.03686015827379468,0.00437622114000305,0.01661402746029106,0.16631610176270328
google_robot_move_near__seed013__step040,move_near,13,validation,27,0.030761790713270946,0.039123552725031346,0.02683137222221533,0.0083617620117604,1.271822992676205,0.04616489109362676,0.07031962085288929,0.021908944183939898,0.024154729759262528,-0.015792967747502128,0.08970651456326095
google_robot_move_near__seed013__step040,move_near,13,validation,28,0.04167840066402129,0.06709351427448804,0.028447812128243086,0.02541511361046675,1.6097909997877209,0.03696537479658048,0.05506195859226726,0.042058294271233074,0.013003664321034183,0.012411449289432566,0.11841124050066298
google_robot_move_near__seed013__step040,move_near,13,validation,29,0.032275026836300263,0.047156163103625644,0.021867722179869254,0.01488113626732538,1.4610727775007863,0.039602045372022006,0.07441625485320506,0.026828915504025386,0.03481420948118306,-0.019933073213857677,0.17236413756046431
google_robot_move_near__seed013__step040,move_near,13,validation,30,0.04102300213396419,0.05345730240402762,0.022791237123114573,0.012434300270063432,1.3031055657374402,0.024628735638532514,0.06076611172865572,0.02754453025462199,0.03322158147403373,-0.020787281203970297,0.13858529266914843
google_robot_move_near__seed013__step040,move_near,13,validation,31,0.03384888715595228,0.0589364014577259,0.02547531156656466,0.025087514301773618,1.7411621595176139,0.029660579781217288,0.0394184379491133,0.031721420268569084,0.007697017680544219,0.0173904966212294,0.26318940012561143
google_robot_move_near__seed013__step071,move_near,13,validation,0,0.004817677800324716,0.0011827828854097395,0.0024674522123834895,-0.003634894914914976,0.24550892243769787,0.006114367499614117,0.0014223761200333766,0.002092604391128251,-0.0046919913795807405,0.0010570964646657646,0.745623079536017
google_robot_move_near__seed013__step071,move_near,13,validation,1,0.004392527619052078,0.007416938689351165,0.004970072525725118,0.0024468661636260474,1.4923200116217736,0.0050107507851895675,0.011638810103545966,0.0076074870187117505,0.004031323084834216,-0.0015844569212081685,0.40214403509162366
google_robot_move_near__seed013__step071,move_near,13,validation,2,0.020456399775612897,0.023144586631250002,0.015526409285570893,0.002688186855637105,1.1314105553823712,0.022154024126671272,0.02546616714186787,0.014544568400010026,0.0033121430151965975,-0.0006239561595594925,0.04615064462535656
google_robot_move_near__seed013__step071,move_near,13,validation,3,0.013101145227235062,0.02356554014266928,0.01322836299784582,0.010337177144823458,1.781440390357206,0.02009035977531889,0.02007708738091565,0.01214397879922521,-1.3272394403240906e-05,0.0103504495392267,0.02728837189050637
google_robot_move_near__seed013__step071,move_near,13,validation,4,0.023261197446324974,0.043532464334753815,0.023428564669975532,0.020103899664778282,1.858093525914632,0.012591044634001198,0.01982197495539874,0.021723284662837405,-0.001901309707438667,0.02200520937221695,0.030338403692894644
google_robot_move_near__seed013__step071,move_near,13,validation,5,0.031632781130965286,0.024054431254151083,0.02271703314967812,-0.007578349876814203,0.7604273286803807,0.019313066428645075,0.03705559934916454,0.018146694052883373,0.017742532920519465,-0.025320882797333667,0.057326206934021684
google_robot_move_near__seed013__step071,move_near,13,validation,6,0.02867831607016561,0.042570670108426814,0.026146786406558875,0.013892354038261206,1.4844201453206518,0.12314830926105436,0.04282333115854513,0.02463834504237562,-0.08032497810250923,0.09421733214077044,0.07313620052514125
google_robot_move_near__seed013__step071,move_near,13,validation,7,0.04393330181880961,0.05618355680654597,0.04122946322492541,0.01225025498773636,1.278837566961369,0.02248143601741651,0.04934361341348353,0.02328771689519427,0.026055896518289257,-0.013805641530552897,0.08330234476170517
google_robot_move_near__seed013__step071,move_near,13,validation,8,0.0392485566827983,0.03452593336650865,0.029938359070836362,-0.004722623316289649,0.8796739621673919,0.05260772577824442,0.04884662933063238,0.03538837189044386,-0.003761096447612043,-0.0009615268686776063,0.15956100199127832
google_robot_move_near__seed013__step071,move_near,13,validation,9,0.04506523399211751,0.08470867494021382,0.030637999005726297,0.03964344094809631,1.8796901166657753,0.04515371965020258,0.06507347152998254,0.024633680749853327,0.019919751879779957,0.019723689068316355,0.11376901351559354
google_robot_move_near__seed013__step071,move_near,13,validation,10,0.06017133475020212,0.07515544954005651,0.03254669448530768,0.01498411478985439,1.2490241383552498,0.053257959274288995,0.09547732683802493,0.03029685822096494,0.042219367563735934,-0.027235252773881544,0.1227942363582315
google_robot_move_near__seed013__step071,move_near,13,validation,11,0.05307678935975857,0.13343349791130743,0.027436064343610837,0.08035670855154886,2.5139707868704133,0.04677311230689291,0.13064536804311055,0.03441346017538664,0.08387225573621765,-0.003515547184668788,0.18996825810563678
google_robot_move_near__seed013__step071,move_near,13,validation,12,0.05244651160838354,0.052829269663589154,0.0248853661455373,0.0003827580552056148,1.0072980650851224,0.040939617776794224,0.10300743485903115,0.02356568873220626,0.06206781708223692,-0.06168505902703131,0.2456882408960155
google_robot_move_near__seed013__step071,move_near,13,validation,13,0.03904848600190615,0.06571873386355358,0.021060386601373663,0.026670247861647428,1.6830033784240834,0.0438866971200485,0.06981476763946415,0.02939818230221188,0.025928070519415647,0.0007421773422317812,0.16107085009502953
google_robot_move_near__seed013__step071,move_near,13,validation,14,0.03746202080919796,0.06526124875539771,0.029833125105426184,0.027799227946199753,1.7420642919341467,0.053414219294749786,0.07308175086253917,0.031522673862637414,0.01966753156778938,0.008131696378410373,0.2695943105459264
google_robot_move_near__seed013__step071,move_near,13,validation,15,0.034413641535413236,0.0541438062978168,0.02683185717844976,0.019730164762403565,1.573323946031701,0.03309147924769601,0.06619636169019961,0.03603814314582155,0.030158218544378064,-0.010428053781974499,0.28919998702758676
google_robot_move_near__seed013__step071,move_near,13,validation,16,0.03549561173162236,0.0701713811479288,0.033511111207758744,0.034675769416306436,1.976902995178259,0.040076047855022945,0.07152731092700232,0.02893367793471484,0.031451263071979374,0.003224506344327062,0.15802561280221994
google_robot_move_near__seed013__step071,move_near,13,validation,17,0.042690543485541244,0.07271970730113933,0.029088022062443004,0.030029163815598087,1.7034148868535393,0.04440686777396569,0.06022867761098624,0.0309411998154805,0.01582180983702055,0.014207353978577537,0.21464666858696546
google_robot_move_near__seed013__step071,move_near,13,validation,18,0.049814433659142315,0.07366359466154936,0.03655095951167486,0.02384916100240704,1.4787600550795394,0.0619591332290465,0.07031767488536643,0.03788700026037535,0.008358541656319933,0.015490619346087107,0.09947455444529396
google_robot_move_near__seed013__step071,move_near,13,validation,19,0.05090458548848828,0.05436940590880287,0.02788819000150328,0.003464820420314589,1.0680649962486806,0.049815230523545674,0.052716383708517334,0.0741253022713413,-0.021408918562823967,0.024873738983138556,0.10147140207968164
google_robot_move_near__seed013__step071,move_near,13,validation,20,0.035052825837353356,0.07617292614037187,0.040439110394784525,0.035733815745587344,1.8836449515515548,0.07620901052161147,0.07443062087723476,0.041421986177438815,-0.00177838964437671,0.037512205389964054,0.14329137251593238
google_robot_move_near__seed013__step071,move_near,13,validation,21,0.05761167949509686,0.05921224888306669,0.045697389796829885,0.001600569387969833,1.027782029650881,0.04900467204017167,0.06431835613785397,0.03668577489077588,0.0153136840976823,-0.013713114709712468,0.13061404914260777
google_robot_move_near__seed013__step071,move_near,13,validation,22,0.05239309743143254,0.0777745810040901,0.041251398556575974,0.025381483572657557,1.4844432724344003,0.056232077426094686,0.0748649148566626,0.051779223504141485,0.01863283743056792,0.006748646142089636,0.14034350707937904
google_robot_move_near__seed013__step071,move_near,13,validation,23,0.0361470197510403,0.051621198916291106,0.08451942426135664,-0.032898225345065535,0.6107613648273865,0.10406707007386443,0.05602733981220768,0.0673153442157635,-0.04803973026165675,0.015141504916591213,0.07456028635155576
google_robot_move_near__seed013__step071,move_near,13,validation,24,0.03723565548762968,0.11171396185921133,0.048842565817860464,0.06287139604135086,2.2872254966253314,0.056706107025951996,0.08399830047867192,0.0720318718951391,0.01196642858353282,0.05090496745781804,0.09284608425145535
google_robot_move_near__seed013__step071,move_near,13,validation,25,0.03503496034329884,0.05249543597232262,0.02440918932660315,0.01746047562902378,1.4983729240145538,0.04105100067618735,0.07132373170312684,0.04373691895765901,0.02758681274546783,-0.010126337116444048,0.15848164285887378
google_robot_move_near__seed013__step071,move_near,13,validation,26,0.031981467025271965,0.049712159285958304,0.030084308261630572,0.01773069226068634,1.5544052199567777,0.0659597265089165,0.04091447301113342,0.06819442534120845,-0.027279952330075033,0.04501064459076137,0.22872685608430743
google_robot_move_near__seed013__step071,move_near,13,validation,27,0.02010903366226541,0.06691217396118972,0.027983788596333457,0.03892838536485626,2.3911048974246754,0.036557807115513014,0.07563945366631909,0.03458777460494442,0.03908164655080608,-0.0001532611859498198,0.09100827611386819
google_robot_move_near__seed013__step071,move_near,13,validation,28,0.03226954213649861,0.052736823360426024,0.030162429453936535,0.020467281223927415,1.634260044265636,0.033055873758597115,0.083249557191391,0.04834947268899961,0.03490008450239139,-0.014432803278463975,0.11283967223671709
google_robot_move_near__seed013__step071,move_near,13,validation,29,0.03871617725647109,0.06481668956999782,0.02165116946452374,0.02610051231352673,1.674150036575841,0.044688917968632086,0.06541157179003135,0.040422527204847576,0.02072265382139926,0.00537785849212747,0.21390765716611781
google_robot_move_near__seed013__step071,move_near,13,validation,30,0.03313915307623236,0.050931393511211044,0.039451715220124854,0.01147967829108619,1.290980461230498,0.03787816763018559,0.051056223365050245,0.03961923005578774,0.011436993309262504,4.268498182368602e-05,0.1607255032810997
google_robot_move_near__seed013__step071,move_near,13,validation,31,0.027922577748297872,0.07192029823671588,0.029158056601713077,0.0427622416350028,2.466566932738942,0.05309938942140823,0.08463027206581938,0.0434660550362634,0.03153088264441115,0.011231358990591647,0.2696938480657991
google_robot_move_near__seed031__step008,move_near,31,exploration,0,0.005240195664865152,0.0013118140759481797,0.0020953387142130238,-0.003928381588916972,0.25033684996606653,0.005071380917318143,0.001525675381451006,0.0019899221751742808,-0.003545705535867137,-0.00038267605304983555,0.7423220722703263
google_robot_move_near__seed031__step008,move_near,31,exploration,1,0.004782852716945118,0.008351826556546807,0.005520067519601622,0.0028317590369451844,1.512993550692936,0.0040674767720049,0.008402472782556377,0.004839348150219206,0.0035631246323371705,-0.000731365595391986,0.3882163499656599
google_robot_move_near__seed031__step008,move_near,31,exploration,2,0.0211759076168817,0.027843987045255692,0.016955151152501964,0.006668079428373993,1.3148898998340037,0.032129516375769544,0.03177128604004219,0.018734130635236396,-0.0003582303357273567,0.00702630976410135,0.04185816182700819
google_robot_move_near__seed031__step008,move_near,31,exploration,3,0.017452206430790415,0.024475328421479595,0.017631055761434238,0.006844272660045357,1.388194147455217,0.020096601725304235,0.020677598730719848,0.015814792659766458,0.0005809970054156122,0.006263275654629745,0.02864264298273156
google_robot_move_near__seed031__step008,move_near,31,exploration,4,0.030079824443030763,0.03172241791364149,0.025113162609858682,0.0016425934706107287,1.054607814408016,0.02565952744961414,0.035245587981283126,0.02045378289461479,0.009586060531668987,-0.007943467061058258,0.03413158729574661
google_robot_move_near__seed031__step008,move_near,31,exploration,5,0.030709214384343382,0.029576080798139774,0.025552141903227615,-0.001133133586203608,0.9631011861123573,0.03319246865747037,0.029306049131617516,0.020501874382592242,-0.0038864195258528564,0.0027532859396492484,0.056903607661070055
google_robot_move_near__seed031__step008,move_near,31,exploration,6,0.024322509400126674,0.05871017653709689,0.02376354014973881,0.03438766713697022,2.4138206947014735,0.04331257485281788,0.06497655755363149,0.016825035096193507,0.021663982700813614,0.012723684436156603,0.05230233855752431
google_robot_move_near__seed031__step008,move_near,31,exploration,7,0.04293736198197016,0.07732360882333546,0.031490104413541345,0.0343862468413653,1.800846751037114,0.025447060466445726,0.046233394466128515,0.030163924111466695,0.01606947035466182,0.01831677648670348,0.07147825306594768
google_robot_move_near__seed031__step008,move_near,31,exploration,8,0.029202115189021556,0.06511211325334493,0.027246992861734716,0.03590999806432337,2.2297053768839192,0.046180775871479014,0.029324482043766708,0.029630389811864624,-0.016856293827712306,0.052766291892035674,0.12813490671851469
google_robot_move_near__seed031__step008,move_near,31,exploration,9,0.04944782277179971,0.08706386818341931,0.041092167210047166,0.0376160454116196,1.7607219752670724,0.034036559164407114,0.07645560293716502,0.03077275949363951,0.04241904377275791,-0.0048029983611383095,0.09859003680139722
google_robot_move_near__seed031__step008,move_near,31,exploration,10,0.058575895638124306,0.12213726437828681,0.04107775855635373,0.06356136874016251,2.085111342263342,0.04200073331167854,0.0808824554043302,0.025640292921029338,0.03888172209265166,0.02467964664751085,0.16381936705010958
google_robot_move_near__seed031__step008,move_near,31,exploration,11,0.0787585639333902,0.15271829185587507,0.028899780063460168,0.07395972792248487,1.9390690260050458,0.08215372394143912,0.13296515321843924,0.04890130279464511,0.05081142927700012,0.023148298645484747,0.1920656463071282
google_robot_move_near__seed031__step008,move_near,31,exploration,12,0.045375068217632646,0.12727331267844666,0.029082551388512706,0.08189824446081401,2.8049172745703674,0.04730328453134491,0.08736105093972664,0.03832010756016702,0.04005776640838173,0.041840478052432274,0.26843688809049127
google_robot_move_near__seed031__step008,move_near,31,exploration,13,0.04085314209784524,0.11634067991810676,0.025207964459963154,0.07548753782026152,2.8477780152005256,0.05058116039975028,0.05962368279348604,0.030540370837404286,0.009042522393735757,0.06644501542652576,0.1716363464377082
google_robot_move_near__seed031__step008,move_near,31,exploration,14,0.06163461332065318,0.21237070380889356,0.05396088199377761,0.15073609048824038,3.4456402395848262,0.05067545854451422,0.09982262326636013,0.028374677642570595,0.04914716472184591,0.10158892576639447,0.39261880195499543
google_robot_move_near__seed031__step008,move_near,31,exploration,15,0.04196233751306222,0.10428234449509007,0.02775528964617893,0.062320006982027845,2.485141454825499,0.04331545869435747,0.06160060846187409,0.040618982390600425,0.01828514976751662,0.044034857214511225,0.27797929779239894
google_robot_move_near__seed031__step008,move_near,31,exploration,16,0.03882432619047144,0.09909900525006726,0.029710469195711624,0.06027467905959582,2.5524977500933135,0.03752898766994697,0.051251936251111886,0.030237859790793162,0.013722948581164914,0.046551730478430906,0.15338268363336738
google_robot_move_near__seed031__step008,move_near,31,exploration,17,0.04355242566376062,0.1100610020911072,0.027987024660605864,0.06650857642734657,2.5270923585477227,0.0637034350967402,0.05595625582212335,0.04332616833057518,-0.00774717927461685,0.07425575570196342,0.22692229033441436
google_robot_move_near__seed031__step008,move_near,31,exploration,18,0.07180872518855405,0.07996689848878111,0.044494721226050894,0.008158173300227056,1.1136097776252882,0.059892086355702534,0.051171566456841365,0.03741590935256584,-0.008720519898861169,0.016878693199088225,0.1059336121393244
google_robot_move_near__seed031__step008,move_near,31,exploration,19,0.048680320530849676,0.07559735435775687,0.043242228382533804,0.026917033826907195,1.5529346054705893,0.04579400912282184,0.0598500622000879,0.04453878919365356,0.01405605307726606,0.012860980749641135,0.09785018013766944
google_robot_move_near__seed031__step008,move_near,31,exploration,20,0.06340905177466451,0.10923531095109364,0.04036590781511198,0.04582625917642913,1.7227084760592384,0.02872642047912408,0.057169089557537946,0.028779645589114538,0.028389443968423408,0.01743681520800572,0.155767533827202
google_robot_move_near__seed031__step008,move_near,31,exploration,21,0.05446256919303082,0.12509652905991317,0.031148509582335743,0.07063395986688234,2.296926695039588,0.05865449888444176,0.1126047712026857,0.039660616901061374,0.05395027231824393,0.016683687548638408,0.1549009866729989
google_robot_move_near__seed031__step008,move_near,31,exploration,22,0.03627534515962806,0.07893551055151948,0.034218922346095464,0.04266016539189142,2.176009909875902,0.0454412092267687,0.06844146340726523,0.044077627262255066,0.023000254180496532,0.01965991121139489,0.09401905208356709
google_robot_move_near__seed031__step008,move_near,31,exploration,23,0.04340561210298745,0.06364081357184957,0.0840941679213257,-0.02045335434947612,0.7567803469009734,0.04674945207162647,0.09278268700246245,0.08097808706668626,0.011804599935776192,-0.03225795428525231,0.07763278051967859
google_robot_move_near__seed031__step008,move_near,31,exploration,24,0.03644733270914147,0.08908588116611088,0.037140864974375395,0.051945016191735485,2.398594680753233,0.07905570164712085,0.07909436936229675,0.0486535101076187,3.8667715175896844e-05,0.05190634847655959,0.09254032646704857
google_robot_move_near__seed031__step008,move_near,31,exploration,25,0.03436195380855093,0.06321108804116835,0.027343938194709635,0.028849134232617417,1.839566178144339,0.05047774711485827,0.04552579053611722,0.024771128487718206,-0.0049519565787410555,0.03380109081135847,0.11465645386457624
google_robot_move_near__seed031__step008,move_near,31,exploration,26,0.03224967005833039,0.07279567877686337,0.03248384427518597,0.0403118345016774,2.2409810292210746,0.0474777110601553,0.04606476556485384,0.033534076198584215,-0.0014129454953014653,0.041724779996978864,0.13783627691599065
google_robot_move_near__seed031__step008,move_near,31,exploration,27,0.04607602274754634,0.043982136093524665,0.03921496244351975,-0.0020938866540216733,0.9545558290589832,0.053770756560902425,0.05170624219367919,0.03144311394435419,-0.0020645143672232344,-2.9372286798438896e-05,0.06869330349698899
google_robot_move_near__seed031__step008,move_near,31,exploration,28,0.03527505983432552,0.04501961089498807,0.05015612705284711,-0.005136516157859039,0.8975894579649872,0.053728546627529766,0.06871780568647907,0.026944415563392183,0.014989259058949309,-0.020125775216808348,0.1169438994064933
google_robot_move_near__seed031__step008,move_near,31,exploration,29,0.05683570724990775,0.07935719750258424,0.032353353048366444,0.02252149025267649,1.396256004234258,0.0548319313579953,0.051430974776601315,0.02415438013416186,-0.003400956581393985,0.025922446834070474,0.15457157908026886
google_robot_move_near__seed031__step008,move_near,31,exploration,30,0.026977954450264453,0.04779641869027097,0.025708464467350915,0.02081846424000652,1.7716843127742194,0.04517704679479064,0.05234201058793948,0.021805207706672134,0.007164963793148842,0.013653500446857678,0.1267785414491982
google_robot_move_near__seed031__step008,move_near,31,exploration,31,0.03299784274548667,0.04661587020854124,0.029002784491798727,0.013618027463054565,1.4126944772750998,0.03667385015966266,0.04858024488840144,0.033511347282572344,0.011906394728738778,0.0017116327343157864,0.26326488608992804
google_robot_move_near__seed031__step040,move_near,31,exploration,0,0.00471086205583991,0.0013488097299216614,0.0020756867058312487,-0.003362052325918248,0.2863190885094128,0.006189637286133991,0.0014555208838232688,0.0021098563296630566,-0.004734116402310722,0.001372064076392474,0.7525486396625638
google_robot_move_near__seed031__step040,move_near,31,exploration,1,0.005748422313099106,0.008554821189028648,0.006038989245913532,0.002515831943115115,1.4165981823560176,0.004559817170959733,0.01398852952207367,0.007993294174360741,0.005995235347712929,-0.0034794034045978143,0.43563392185023986
google_robot_move_near__seed031__step040,move_near,31,exploration,2,0.02534990424696267,0.030528320971615973,0.01858309135283297,0.005178416724653304,1.2042775654773434,0.022569966827339364,0.02505053758825178,0.015340139814766349,0.0024805707609124143,0.00269784596374089,0.049242079856639975
google_robot_move_near__seed031__step040,move_near,31,exploration,3,0.025154844039563532,0.027713982066365606,0.016831862636929415,0.0025591380268020734,1.1017353962830008,0.021489902450598272,0.018392740583888893,0.011536388571135427,-0.003097161866709379,0.005656299893511452,0.021881275675013967
google_robot_move_near__seed031__step040,move_near,31,exploration,4,0.024089627054136267,0.02985501509393937,0.020135194721118688,0.0057653880398031015,1.239330730477754,0.014907961843120132,0.01791895227588324,0.023917881005100176,-0.005998928729216937,0.011764316769020039,0.03921480016720125
google_robot_move_near__seed031__step040,move_near,31,exploration,5,0.025693507281383806,0.038483567114571564,0.028328723044149528,0.010154844070422036,1.3584645892649658,0.023198299831786135,0.03411483083275089,0.01815813030455193,0.010916531000964753,-0.0007616869305427168,0.047873671274487606
google_robot_move_near__seed031__step040,move_near,31,exploration,6,0.025286090345582917,0.0482944758652795,0.026771815175346197,0.0215226606899333,1.8039298250405236,0.11819156077917355,0.037277511473972166,0.025461194543793746,-0.08091404930520138,0.10243670999513468,0.054912356492081926
google_robot_move_near__seed031__step040,move_near,31,exploration,7,0.04267753169471255,0.09566322595283994,0.04586165789563738,0.04980156805720256,2.085908585566855,0.023947588133152044,0.04701147333062788,0.026582681997344582,0.020428791333283295,0.029372776723919265,0.06972963981309022
google_robot_move_near__seed031__step040,move_near,31,exploration,8,0.038286648055546636,0.05553574657204675,0.025490026989199208,0.01724909851650011,1.4505251671934025,0.049265574151749696,0.04555292912512292,0.03953801152735044,-0.0037126450266267777,0.02096174354312689,0.1327858898212071
google_robot_move_near__seed031__step040,move_near,31,exploration,9,0.042431255753679474,0.09969505075583464,0.05264250452963359,0.04705254622620105,1.8938128352102657,0.03995602512103832,0.06513715921878467,0.025936507633731832,0.025181134097746354,0.021871412128454698,0.09681792549338297
google_robot_move_near__seed031__step040,move_near,31,exploration,10,0.0651449295519618,0.10036206906164861,0.05053428567155575,0.035217139509686815,1.5405967855348808,0.05661383594518062,0.09115448992054065,0.03276562803116678,0.034540653975360026,0.0006764855343267887,0.13147508848032885
google_robot_move_near__seed031__step040,move_near,31,exploration,11,0.06948028376706891,0.19232892856179357,0.03846584255031263,0.12284864479472465,2.7681079888299243,0.06726493244165087,0.1357831655350507,0.030376418086571426,0.06851823309339984,0.05433041170132481,0.20085252438821044
google_robot_move_near__seed031__step040,move_near,31,exploration,12,0.028210028144245537,0.07837461878591101,0.02590859394274669,0.05016459064166547,2.7782538317636654,0.04202514920538831,0.09756959084167646,0.024127585158836288,0.055544441636288154,-0.005379850994622681,0.23951264022298346
google_robot_move_near__seed031__step040,move_near,31,exploration,13,0.03499284634656183,0.0988650833223319,0.04069602672237585,0.058169056599956054,2.429354688524741,0.044802444368648484,0.07869887752651727,0.030951160171776976,0.03389643315786879,0.024272623442087263,0.16080993956461498
google_robot_move_near__seed031__step040,move_near,31,exploration,14,0.044482106124813556,0.0886452293785651,0.05049324471011182,0.03815198466845328,1.7555859182250755,0.061530046694554474,0.08537047207482283,0.03440132520171433,0.023840425380268357,0.014311559288184922,0.33615406350600097
google_robot_move_near__seed031__step040,move_near,31,exploration,15,0.03229844110313432,0.073420217706149,0.03390574933759923,0.039514468368549764,2.165420884083834,0.036167046653161304,0.07341777949152942,0.03634325915933518,0.03707452033219424,0.002439948036355527,0.2721347989217975
google_robot_move_near__seed031__step040,move_near,31,exploration,16,0.03707747081226008,0.0970625638490147,0.03215201291382537,0.059985093036754616,2.617831306252957,0.03968298462514496,0.0736659652246195,0.03763784927863931,0.03398298059947454,0.026002112437280074,0.10578281384800903
google_robot_move_near__seed031__step040,move_near,31,exploration,17,0.038519155101947616,0.08961222923597827,0.027067026431765194,0.05109307413403065,2.3264328877101272,0.04191904162631652,0.07282328231977066,0.03734862915648603,0.03090424069345414,0.02018883344057651,0.2053060322800775
google_robot_move_near__seed031__step040,move_near,31,exploration,18,0.057877962077519426,0.09329825654620898,0.03183705753492129,0.03542029446868955,1.6119824056909438,0.05413886807511992,0.0643631934869312,0.04030731802925688,0.010224325411811286,0.025195969056878265,0.08473470360502233
google_robot_move_near__seed031__step040,move_near,31,exploration,19,0.04202107240297249,0.05245025541202697,0.047597405388293684,0.004852850023733285,1.1019561882448075,0.0667574964217363,0.047329315810409625,0.08642395708957454,-0.03909464127916491,0.0439474913028982,0.07137056672000597
google_robot_move_near__seed031__step040,move_near,31,exploration,20,0.06510173656005276,0.08545472999810164,0.047400713357661266,0.020352993438048875,1.3126336487088077,0.06484296737971164,0.06971620416154949,0.05203299817950562,0.0048732367818378475,0.015479756656211027,0.13779746361268508
google_robot_move_near__seed031__step040,move_near,31,exploration,21,0.061411858658338564,0.09624656957030818,0.0381283173064422,0.034834710911969616,1.5672310148723976,0.029991956521592224,0.06483836346957961,0.043762075711851686,0.02107628775772792,0.013758423154241695,0.12516516166607516
google_robot_move_near__seed031__step040,move_near,31,exploration,22,0.05678973243411461,0.08361100545689604,0.053433545673884586,0.02682127302278143,1.4722908855733472,0.03547390657714983,0.05641740911784556,0.049498664619753524,0.006918744498092037,0.019902528524689392,0.08355908395737544
google_robot_move_near__seed031__step040,move_near,31,exploration,23,0.03493668081768311,0.06522689125542036,0.12245887519992306,-0.0572319839445027,0.5326432334849777,0.0863348308639604,0.06116817953341387,0.06091486851240172,-0.025166651330546533,-0.032065332613956166,0.08007178847674368
google_robot_move_near__seed031__step040,move_near,31,exploration,24,0.06056956663764594,0.13183085200758987,0.06112868240573396,0.07070216960185591,2.1566120325083915,0.055879075292774034,0.07128110408434452,0.06737241229627362,0.003908691788070892,0.06679347781378502,0.08725156981093107
google_robot_move_near__seed031__step040,move_near,31,exploration,25,0.04158813410518647,0.06360784976928037,0.03757179683154983,0.0220197156640939,1.5294711132843974,0.03948059709013565,0.06864832801988595,0.04279440740017405,0.025853920619711895,-0.0038342049556179952,0.13736233884863225
google_robot_move_near__seed031__step040,move_near,31,exploration,26,0.05807926003956144,0.08432637068635747,0.044750558480737196,0.02624711064679603,1.4519188197115025,0.04788834392156399,0.0532746787546179,0.04770486535838099,0.00538633483305391,0.02086077581374212,0.149225954036865
google_robot_move_near__seed031__step040,move_near,31,exploration,27,0.03933247504413097,0.05365397789887354,0.029180136478331974,0.014321502854742568,1.364113950080026,0.03526215809518915,0.07840603006323169,0.04194297068999734,0.036463059373234345,-0.022141556518491777,0.09497808142886299
google_robot_move_near__seed031__step040,move_near,31,exploration,28,0.04244991706876096,0.06278391978950272,0.03917349912837361,0.020334002720741762,1.479011600607004,0.036217569556261583,0.0662591387772901,0.04098380544966966,0.02527533332762044,-0.00494133060687868,0.10828869498743643
google_robot_move_near__seed031__step040,move_near,31,exploration,29,0.041020647785837895,0.06918824028518858,0.04448318284610345,0.024705057439085132,1.5553797156232312,0.03915188190954321,0.06076190965992236,0.039715100181277996,0.021046809478644367,0.003658247960440765,0.17323174820603526
google_robot_move_near__seed031__step040,move_near,31,exploration,30,0.03301269485971904,0.05539873334604253,0.03601602483288848,0.019382708513154046,1.5381690123518152,0.03450919271884899,0.06235686683960158,0.03184086735482211,0.02784767412075259,-0.008464965607598546,0.15271824926730915
google_robot_move_near__seed031__step040,move_near,31,exploration,31,0.0362415385144753,0.042036754873150006,0.027688857644680903,0.005795216358674707,1.1599053626368547,0.042192328504868565,0.07831342183663233,0.03839154388850723,0.03612109333176376,-0.030325876973089055,0.2659943578819366
google_robot_move_near__seed031__step071,move_near,31,exploration,0,0.004495812455637457,0.0015500815685226032,0.002107667470509531,-0.0029457308871148535,0.34478341430343734,0.0058739537752342695,0.0012287035861539973,0.0018645058020620175,-0.004645250189080272,0.0016995193019654188,0.7458885948872194
google_robot_move_near__seed031__step071,move_near,31,exploration,1,0.0054571129765866614,0.008545444560706156,0.006905392385913575,0.001640052174792581,1.2375031110669614,0.005086976425580241,0.005634966439298194,0.005618177377040231,1.6789062257963235e-05,0.0016232631125346177,0.42755431710975245
google_robot_move_near__seed031__step071,move_near,31,exploration,2,0.023358504997560363,0.030356982568060537,0.018978816772104598,0.006998477570500174,1.2996115364074505,0.020717624770759127,0.03129821218978307,0.020722800693632703,0.010575411496150367,-0.003576933925650193,0.057968687559082355
google_robot_move_near__seed031__step071,move_near,31,exploration,3,0.02963084971506081,0.029819194162840894,0.020663223977644415,0.00018834444778008386,1.0063563633709887,0.015585291397141125,0.01984298995255581,0.015035463846321932,0.0042576985554146855,-0.004069354107634602,0.022850905254614418
google_robot_move_near__seed031__step071,move_near,31,exploration,4,0.020995892047215966,0.03364013504884524,0.02397243249278864,0.0096677025560566,1.4032841706391217,0.028955260712446054,0.034331727454798004,0.029391860661031527,0.004939866793766477,0.004727835762290123,0.036899144943333795
google_robot_move_near__seed031__step071,move_near,31,exploration,5,0.023733745325828275,0.03967159875544374,0.027522532776703388,0.01214906597874035,1.4414225273999492,0.02748658808063862,0.026437389042140002,0.02348641120606606,-0.0010491990384986181,0.013198265017238968,0.04171478804414619
google_robot_move_near__seed031__step071,move_near,31,exploration,6,0.027576109478003926,0.052510429448148405,0.028356586777321096,0.02415384267082731,1.8517894928787748,0.02683112751670616,0.03056348546369938,0.03247765433943474,-0.00191416887573536,0.02606801154656267,0.04434821254017152
google_robot_move_near__seed031__step071,move_near,31,exploration,7,0.0512570061617232,0.08652919346268956,0.05245498316585544,0.03407421029683412,1.6495895764392137,0.03746992071754699,0.03816927538772611,0.02443661814240434,0.0006993546701791198,0.033374855626655,0.06854062020772744
google_robot_move_near__seed031__step071,move_near,31,exploration,8,0.04127195370304938,0.04559208075794671,0.030794304117489648,0.00432012705489733,1.1046746438508952,0.041638392566460895,0.04258870704537731,0.02959253535681693,0.0009503144789164142,0.0033698125759809155,0.13092432408939203
google_robot_move_near__seed031__step071,move_near,31,exploration,9,0.04284590493701613,0.09780928984428462,0.05634801926027221,0.04146127058401241,1.7358070634657499,0.03864855622936613,0.09114561093926549,0.03365288474966865,0.052497054709899356,-0.011035784125886947,0.11259060628913176
google_robot_move_near__seed031__step071,move_near,31,exploration,10,0.05751338647334509,0.11290925574112554,0.058477016976529336,0.0544322387645962,1.930831317651573,0.03110141467884772,0.09490260350532584,0.03685037653674902,0.05805222696857682,-0.0036199882039806217,0.13349681784256973
google_robot_move_near__seed031__step071,move_near,31,exploration,11,0.06319473497342779,0.21371090090321887,0.0350558789154763,0.15051616592979108,3.381783324086735,0.06189957005624202,0.10586038516039634,0.04032540157307451,0.04396081510415432,0.10655535082563677,0.21361017049639486
google_robot_move_near__seed031__step071,move_near,31,exploration,12,0.03176392845599824,0.07373468981346418,0.02911555664173336,0.041970761357465934,2.321334085473935,0.04103809556911032,0.07693465340149841,0.019926451663941858,0.03589655783238809,0.0060742035250778426,0.252207338469816
google_robot_move_near__seed031__step071,move_near,31,exploration,13,0.04401692232125094,0.10513951450935244,0.04439560374411039,0.06074391076524205,2.3682415744441916,0.05044678136969012,0.04883199318910161,0.025494238224351675,-0.0016147881805885084,0.06235869894583056,0.13279624999381667
google_robot_move_near__seed031__step071,move_near,31,exploration,14,0.042515905848127325,0.07119560522515787,0.04480084810363854,0.026394757121519334,1.5891575324748297,0.06112574124706843,0.11902324796676968,0.03796482300178058,0.057897506719701244,-0.03150274959818191,0.3344233696388983
google_robot_move_near__seed031__step071,move_near,31,exploration,15,0.038986611583559934,0.06644655696644415,0.03669961072063336,0.027459945382884217,1.7043429594805737,0.04660365226317295,0.07941215316130386,0.02544016903906776,0.03280850089813091,-0.00534855551524669,0.28011737111910406
google_robot_move_near__seed031__step071,move_near,31,exploration,16,0.03329707955834368,0.076985885072279,0.0336170587469621,0.043368826325316905,2.2900839020973556,0.035444560492628376,0.05586318861786637,0.032166433131437494,0.020418628125237995,0.02295019820007891,0.12469688731283668
google_robot_move_near__seed031__step071,move_near,31,exploration,17,0.030094318997087782,0.07802134670678788,0.030135869492990266,0.047885477213797614,2.58898608267918,0.05714427223197798,0.0774350267228381,0.03245580160300991,0.020290754490860118,0.027594722722937497,0.21168642072473176
google_robot_move_near__seed031__step071,move_near,31,exploration,18,0.05451747431150074,0.07158445618954197,0.053187401268151385,0.017066981878041232,1.313055256017993,0.05545321951268374,0.0606006579683768,0.036649916799141896,0.005147438455693057,0.011919543422348175,0.09333009026028094
google_robot_move_near__seed031__step071,move_near,31,exploration,19,0.04660396329391816,0.05041886458233727,0.03847126302736389,0.0038149012884191105,1.0818578725667514,0.05108161684340715,0.06347125447163193,0.04107447234746163,0.01238963762822478,-0.00857473633980567,0.0906263559905085
google_robot_move_near__seed031__step071,move_near,31,exploration,20,0.0662050015939983,0.07480948594686027,0.040245858436853243,0.008604484352861971,1.1299672856384615,0.05914480979024527,0.05611215108967148,0.05011791209131353,-0.003032658700573794,0.011637143053435765,0.1477290254935042
google_robot_move_near__seed031__step071,move_near,31,exploration,21,0.05061456984967422,0.08458431935022682,0.04147230199967207,0.03396974950055261,1.6711456721146323,0.07063952065820099,0.060946853305202976,0.031890500931794685,-0.009692667352998015,0.04366241685355062,0.15305157945715564
google_robot_move_near__seed031__step071,move_near,31,exploration,22,0.06629456450525577,0.0705359233723797,0.054683568961950285,0.004241358867123929,1.063977475359804,0.0415863081715415,0.04647861830238316,0.03392398707232587,0.004892310130841661,-0.000650951263717732,0.09870287103395015
google_robot_move_near__seed031__step071,move_near,31,exploration,23,0.08595695693581612,0.05046878583859969,0.05671015419253661,-0.03548817109721643,0.5871402110743011,0.06003220863570268,0.05765202021361922,0.07632892353275088,-0.01867690331913166,-0.016811267778084768,0.08804984126777526
google_robot_move_near__seed031__step071,move_near,31,exploration,24,0.04730189372859023,0.10710683265833183,0.06117553554144795,0.04593129711688388,1.7508115247436498,0.04808189447478288,0.05120379988398137,0.05086570574496628,0.0003380941390150882,0.04559320297786879,0.0893233149229502
google_robot_move_near__seed031__step071,move_near,31,exploration,25,0.034755804686897915,0.0531148211733665,0.04019447783550295,0.01292034333786355,1.3214457316933044,0.027507082464662005,0.05486521992992517,0.02835120672930342,0.02651401320062175,-0.013593669862758201,0.13783772849027542
google_robot_move_near__seed031__step071,move_near,31,exploration,26,0.04613173235515894,0.059415237301660304,0.04480758179230798,0.013283504946501365,1.287947238665011,0.046656748844963195,0.05187276608686002,0.0338944783120027,0.005216017241896825,0.00806748770460454,0.15077520910382702
google_robot_move_near__seed031__step071,move_near,31,exploration,27,0.0320075655631429,0.06293757084142794,0.03129741384225698,0.030930005278285037,1.9663342004960638,0.028792012417398052,0.06589136473901633,0.023676904466220897,0.037099352321618276,-0.006169347043333238,0.09184684332274884
google_robot_move_near__seed031__step071,move_near,31,exploration,28,0.03520191011549498,0.051941969703230485,0.04439020704846232,0.007551762654768167,1.1701222669793734,0.04474774491090947,0.07827787086163555,0.0340453712971405,0.03353012595072608,-0.025978363295957915,0.10710041308848162
google_robot_move_near__seed031__step071,move_near,31,exploration,29,0.03509946688217633,0.05825117700149404,0.042742880237615605,0.015508296763878437,1.3628276025776676,0.03614200094284456,0.057489262016609914,0.03422386231413114,0.021347261073765354,-0.005838964309886917,0.17934619694511866
google_robot_move_near__seed031__step071,move_near,31,exploration,30,0.030235111435821846,0.05574957794666347,0.04303551291756814,0.012714065029095334,1.2954319390464415,0.047475055321775116,0.08470463711305629,0.032501534724146214,0.03722958179128117,-0.024515516762185836,0.14535140651605616
google_robot_move_near__seed031__step071,move_near,31,exploration,31,0.037544705329591074,0.04987171991736366,0.039388476325823096,0.010483243591540563,1.2661500156752128,0.03622823969114231,0.049107652738955815,0.02395611559864529,0.012879413047813502,-0.0023961694562729396,0.24586490366755243
google_robot_move_near__seed073__step008,move_near,73,exploration,0,0.00496175335082066,0.000916147086784748,0.0022201341658209172,-0.004045606264035912,0.18464180341274317,0.0036944397504544493,0.0008833351091372838,0.0019920663253206712,-0.0028111046413171656,-0.0012345016227187466,0.7261422882438637
google_robot_move_near__seed073__step008,move_near,73,exploration,1,0.0033395640874002925,0.007286303154197506,0.006826004201249925,0.00046029895294758157,1.0674331482045227,0.0035025359317607343,0.008006136304195706,0.007845010070037822,0.00016112623415788334,0.00029917271878969823,0.33446410883334465
google_robot_move_near__seed073__step008,move_near,73,exploration,2,0.02531563484636991,0.032443225953400864,0.01675478208568555,0.007127591107030953,1.2815489775502509,0.034311698506335295,0.035384132351315795,0.022181390302076023,0.0010724338449804999,0.006055157262050453,0.031363570759367576
google_robot_move_near__seed073__step008,move_near,73,exploration,3,0.013418662287871372,0.027547202394771052,0.015843631266662783,0.01170357112810827,1.7386924708816105,0.01937492563638018,0.02562481790134686,0.012422273482577979,0.0062498922649666805,0.0054536788631415895,0.034682170584915184
google_robot_move_near__seed073__step008,move_near,73,exploration,4,0.02325754853122361,0.04298550551529536,0.026785743206957625,0.016199762308337737,1.604790473169691,0.020699970350234097,0.04589567903967351,0.02039352682744119,0.025195708689439412,-0.008995946381101676,0.04662709612898652
google_robot_move_near__seed073__step008,move_near,73,exploration,5,0.01835648182942706,0.02592567718185267,0.02150210898615888,0.00442356819569379,1.205727177670864,0.02490900619812336,0.02696133632935616,0.025627726333913723,0.0013336099954424363,0.003089958200251354,0.08236393595734626
google_robot_move_near__seed073__step008,move_near,73,exploration,6,0.029778508986525582,0.04426643997116003,0.01817609465366882,0.01448793098463445,1.4865230489273342,0.05093254367449496,0.04461025050372318,0.018513957791356346,-0.006322293170771778,0.020810224155406228,0.09163004075071512
google_robot_move_near__seed073__step008,move_near,73,exploration,7,0.036122291404860576,0.07950269504454409,0.0346505239661128,0.04338040363968351,2.2009316671933576,0.025717866021083557,0.03466486994227952,0.028077855076750566,0.006587014865528953,0.036793388774154556,0.09722842004407539
google_robot_move_near__seed073__step008,move_near,73,exploration,8,0.031640604300800866,0.060312206998659156,0.030142341488003033,0.02867160269785829,1.906164826224023,0.03832860861928839,0.039159490264036693,0.02743403423493284,0.000830881644748302,0.027840721053109987,0.15582948224391657
google_robot_move_near__seed073__step008,move_near,73,exploration,9,0.05582335410434299,0.07400079620606287,0.018080351107829865,0.018177442101719878,1.3256243268317998,0.04046231980028336,0.07620311368573245,0.022723709797490745,0.03574079388544909,-0.01756335178372921,0.10291738710702703
google_robot_move_near__seed073__step008,move_near,73,exploration,10,0.053130628215813325,0.12424583235247251,0.03992115400983104,0.07111520413665919,2.338497332419892,0.04601585285035908,0.043315386451870566,0.021533000496713885,-0.0027004663984885116,0.0738156705351477,0.16622727361072975
google_robot_move_near__seed073__step008,move_near,73,exploration,11,0.050558955407452325,0.2029008834867103,0.022826917084670748,0.15234192807925795,4.013154185080394,0.0804294501824374,0.08809280230275443,0.04096811378272716,0.007663352120317032,0.1446785759589409,0.25081837303878274
google_robot_move_near__seed073__step008,move_near,73,exploration,12,0.04016192450513204,0.10297017477997748,0.022928174650302807,0.06280825027484543,2.563875512659249,0.03325619692979138,0.05704019141334906,0.024862984810125145,0.023783994483557683,0.03902425579128775,0.20867896047343493
google_robot_move_near__seed073__step008,move_near,73,exploration,13,0.03354398700629066,0.06511734456893661,0.019286340450679073,0.031573357562645954,1.9412523787564326,0.03621072670587404,0.0475541537642482,0.02876264594056443,0.011343427058374163,0.02022993050427179,0.19154996115219092
google_robot_move_near__seed073__step008,move_near,73,exploration,14,0.037585907883780745,0.25388891170620137,0.025384642566505477,0.21630300382242063,6.754896342832808,0.03784316633992359,0.06837286323729183,0.02742682606636773,0.030529696897368244,0.1857733069250524,0.3716286501989998
google_robot_move_near__seed073__step008,move_near,73,exploration,15,0.030008763368355465,0.10943466281830053,0.030884727565822397,0.07854993525247814,3.5433261499577844,0.039576296922811824,0.053565357953238704,0.032775043752551976,0.01398906103042688,0.06456087422205126,0.21470621330797712
google_robot_move_near__seed073__step008,move_near,73,exploration,16,0.032136047028296394,0.10024450225818114,0.01914782378584025,0.06810845522988475,3.1193787515282754,0.04124849819114754,0.05622352495943249,0.029548050652542825,0.014975026768284952,0.053133428461599796,0.19841786395932104
google_robot_move_near__seed073__step008,move_near,73,exploration,17,0.035850156988448435,0.1732665059047148,0.020519421454137304,0.13741634891626636,4.833075234804254,0.05986681919622921,0.06835046921916481,0.05139381097271772,0.0084836500229356,0.12893269889333075,0.20178146944329
google_robot_move_near__seed073__step008,move_near,73,exploration,18,0.049517493820968594,0.10102929756056742,0.030271139180714796,0.05151180373959882,2.0402748557073727,0.054529730417747155,0.06473723258247752,0.027257355205148652,0.010207502164730362,0.04130430157486846,0.0786432368255845
google_robot_move_near__seed073__step008,move_near,73,exploration,19,0.06846845827026327,0.13353554620738428,0.04144952734848367,0.06506708793712102,1.9503220837876014,0.06531491603273598,0.07080622406784377,0.03916753475501442,0.005491308035107792,0.05957577990201322,0.11112635312007058
google_robot_move_near__seed073__step008,move_near,73,exploration,20,0.06770697606030406,0.1215501736035883,0.04233747489417836,0.053843197543284246,1.7952385511254871,0.04398272808930873,0.04649479053934815,0.03290248036970283,0.002512062450039418,0.05133113509324483,0.16091511119446977
google_robot_move_near__seed073__step008,move_near,73,exploration,21,0.06819953434710421,0.12410495814086489,0.04694103287882137,0.05590542379376068,1.8197332185470332,0.06124849327651586,0.07164401977916576,0.049956798774525434,0.010395526502649903,0.045509897291110775,0.10097699638994584
google_robot_move_near__seed073__step008,move_near,73,exploration,22,0.0573455882238271,0.09002572551638094,0.041544438886521484,0.03268013729255384,1.5698805837512577,0.046072032613300236,0.0546296498085039,0.031234751032622167,0.008557617195203662,0.024122520097350178,0.14628382560861297
google_robot_move_near__seed073__step008,move_near,73,exploration,23,0.04874751482645665,0.056660741121157564,0.09484939444610485,-0.03818865332494729,0.5973758868155266,0.06678225327962395,0.05080997425382764,0.07432890910520613,-0.023518934851378494,-0.014669718473568794,0.07902356973477254
google_robot_move_near__seed073__step008,move_near,73,exploration,24,0.063069216071622,0.08048209695050142,0.03331911587337951,0.01741288087887942,1.2760916016318513,0.05396209331098637,0.07087129747115731,0.07070445985412654,0.00016683761703076283,0.017246043261848656,0.11147851967787403
google_robot_move_near__seed073__step008,move_near,73,exploration,25,0.03297696140983789,0.047891478359537804,0.022688747973958236,0.014914516949699912,1.4522708070140908,0.031846509214107636,0.037792342031599126,0.02677073022403178,0.005945832817491489,0.008968684132208422,0.09955296875385145
google_robot_move_near__seed073__step008,move_near,73,exploration,26,0.03940399281201314,0.07029660777383762,0.028346784628256193,0.030892614961824473,1.783997071291877,0.05459734762121243,0.03179881118664881,0.030985152624317395,-0.022798536434563622,0.053691151396388095,0.13415865437549712
google_robot_move_near__seed073__step008,move_near,73,exploration,27,0.032100631365333476,0.04422497338611045,0.024940739829069677,0.012124342020776974,1.3776979300746852,0.037370693666530175,0.03592084650119848,0.02799823792387478,-0.0014498471653316969,0.01357418918610867,0.07780364018354646
google_robot_move_near__seed073__step008,move_near,73,exploration,28,0.02567847779739283,0.04579154739129216,0.024044059024640962,0.02011306959389933,1.7832656496461576,0.03908596463427216,0.03439532139842645,0.025259544545442422,-0.004690643235845712,0.024803712829745042,0.07332546767765358
google_robot_move_near__seed073__step008,move_near,73,exploration,29,0.03590595528762616,0.04705536717741259,0.023225911301505944,0.01114941188978643,1.3105170660541852,0.03710867501027939,0.061747491252105734,0.023833035893414234,0.024638816241826345,-0.013489404352039915,0.15986065145062867
google_robot_move_near__seed073__step008,move_near,73,exploration,30,0.02864307792040488,0.05734101436802308,0.028041146829006745,0.0286979364476182,2.001915245539106,0.03789068659755186,0.04366415646749223,0.0310014606391306,0.005773469869940366,0.022924466577677834,0.11861094873259503
google_robot_move_near__seed073__step008,move_near,73,exploration,31,0.027823061613792433,0.03731417886954314,0.023274415028116866,0.009491117255750709,1.3411241145024018,0.038942633356678566,0.058926693178010386,0.031443376143605775,0.01998405982133182,-0.010492942565581111,0.23792300474224248
google_robot_move_near__seed073__step040,move_near,73,exploration,0,0.004254612215793722,0.0007462214597736747,0.001914124842761091,-0.003508390756020047,0.17539118065886125,0.003880594407163048,0.0007938087936662069,0.0020574949904851483,-0.003086785613496841,-0.00042160514252320615,0.7434689851943403
google_robot_move_near__seed073__step040,move_near,73,exploration,1,0.004111726957679701,0.007218547375002907,0.006498644462332529,0.0007199029126703782,1.1107773962467222,0.003250967485858676,0.007337597469233027,0.008341369746829941,-0.0010037722775969142,0.0017236751902672924,0.35872977873077616
google_robot_move_near__seed073__step040,move_near,73,exploration,2,0.02390096258555915,0.03535381503445646,0.017004882574926293,0.011452852448897311,1.4791795480160732,0.02646222727173066,0.03534646565406094,0.023318351587538592,0.008884238382330278,0.0025686140665670334,0.03333712217556695
google_robot_move_near__seed073__step040,move_near,73,exploration,3,0.011208950392398286,0.020610017514446088,0.015303961949762697,0.005306055564683391,1.346711236090447,0.012560821808964116,0.02416474276229442,0.0172420237890586,0.006922718973235823,-0.0016166634085524323,0.04144828025437164
google_robot_move_near__seed073__step040,move_near,73,exploration,4,0.022095010196414685,0.041823640700228974,0.021324801687099496,0.01972863050381429,1.8928998144121978,0.02515348133089069,0.03736368102583962,0.02644322885748393,0.010920452168355688,0.008808178335458602,0.03776003760719959
google_robot_move_near__seed073__step040,move_near,73,exploration,5,0.017703885319767135,0.030942391491988103,0.019077661599427108,0.011864729892560995,1.6219174100937657,0.0190959251094091,0.04333442674053985,0.022131234624835752,0.021203192115704095,-0.0093384622231431,0.05379638525573682
google_robot_move_near__seed073__step040,move_near,73,exploration,6,0.029933138407611283,0.04131054847735066,0.0207988974755072,0.011377410069739378,1.3800941256078372,0.02404053804680459,0.021273839595438472,0.021755451914484636,-0.0027666984513661196,0.014144108521105498,0.05813814022928909
google_robot_move_near__seed073__step040,move_near,73,exploration,7,0.047430926132410914,0.0734006564957866,0.03425880235485338,0.025969730363375687,1.547527372560196,0.046098138865747706,0.0529323205878249,0.027733145016036773,0.006834181722077191,0.019135548641298496,0.07904284973812992
google_robot_move_near__seed073__step040,move_near,73,exploration,8,0.02549839741678894,0.05269231206494065,0.024340198712572467,0.02719391464815171,2.066495050792737,0.022949623205253483,0.03675604483755959,0.02094669959912586,0.01380642163230611,0.0133874930158456,0.14091782212381077
google_robot_move_near__seed073__step040,move_near,73,exploration,9,0.05113643236448118,0.08637762239692218,0.03697418794916138,0.035241190032441,1.6891601232806994,0.033764136117850604,0.06278070012517435,0.030357792736449504,0.029016564007323747,0.0062246260251172525,0.12953022422971117
google_robot_move_near__seed073__step040,move_near,73,exploration,10,0.06267447351464589,0.08272715724847368,0.041587743680815026,0.020052683733827792,1.319949775551634,0.05503854807611271,0.08116778065747125,0.028604316395841826,0.02612923258135854,-0.006076548847530748,0.12659944291090142
google_robot_move_near__seed073__step040,move_near,73,exploration,11,0.05497974628379352,0.16084982785562005,0.03252734520461242,0.10587008157182654,2.925619682298062,0.06880848461732317,0.0946463415327746,0.020689541028128602,0.02583785691545143,0.0800322246563751,0.20385839908021808
google_robot_move_near__seed073__step040,move_near,73,exploration,12,0.04368075933777571,0.07808270536027086,0.02668056986801325,0.03440194602249515,1.787576648026443,0.0738103881603538,0.0802572210717464,0.017193791806348637,0.0064468329113926,0.027955113111102547,0.20440136547199472
google_robot_move_near__seed073__step040,move_near,73,exploration,13,0.043930365340336376,0.11593780100287605,0.02657879160759129,0.07200743566253967,2.639126720314872,0.04538465568568089,0.07013359276080576,0.0352830619919758,0.02474893707512487,0.0472584985874148,0.14849454708473786
google_robot_move_near__seed073__step040,move_near,73,exploration,14,0.03907227607756184,0.07156687610608105,0.02530079225721998,0.032494600028519206,1.8316536247853752,0.05658950170436186,0.1572302256782965,0.04995514002353454,0.10064072397393464,-0.06814612394541544,0.3069969657835827
google_robot_move_near__seed073__step040,move_near,73,exploration,15,0.03534943638299759,0.05728281294846825,0.03460205951024696,0.02193337656547066,1.6204731619432609,0.047819238463977974,0.09499834542849346,0.03367025037646878,0.04717910696451549,-0.025245730399044826,0.23306554097666776
google_robot_move_near__seed073__step040,move_near,73,exploration,16,0.02605934695864498,0.10134123958722809,0.02265262281266508,0.0752818926285831,3.888863360545915,0.05094154255549312,0.1201769128813015,0.03896920522636427,0.06923537032580837,0.0060465223027747345,0.11814510244846588
google_robot_move_near__seed073__step040,move_near,73,exploration,17,0.03495188276188753,0.12580306236584435,0.03034968778942181,0.09085117960395682,3.599321479271594,0.05488932234171578,0.133922811500121,0.03807576435648233,0.07903348915840522,0.011817690445551601,0.19079360751698005
google_robot_move_near__seed073__step040,move_near,73,exploration,18,0.05087864039613227,0.0716520079146523,0.034438273105124755,0.020773367518520033,1.4082925046106225,0.06368799580152586,0.07879067451400737,0.041871225658455115,0.015102678712481513,0.005670688806038521,0.06836367418600275
google_robot_move_near__seed073__step040,move_near,73,exploration,19,0.04471016612630086,0.05690264210824935,0.025763342613861113,0.012192475981948489,1.2727003059551647,0.05747726906001762,0.10379904354370653,0.04384987335037699,0.04632177448368891,-0.03412929850174042,0.09284008572745961
google_robot_move_near__seed073__step040,move_near,73,exploration,20,0.0537944442193942,0.057729249597660036,0.03411451564003348,0.003934805378265835,1.0731451999432915,0.06060449875475614,0.10423021208863335,0.0607055461807389,0.04352466590789445,-0.039589860529628616,0.09442276122342719
google_robot_move_near__seed073__step040,move_near,73,exploration,21,0.03252668657511286,0.08369988534962411,0.04762149660363018,0.03607838874599393,1.7576072009304236,0.08982731480515928,0.11271499906203426,0.035958266810220824,0.022887684256874985,0.013190704489118944,0.08653875700858293
google_robot_move_near__seed073__step040,move_near,73,exploration,22,0.0320153216697244,0.050999869257658106,0.03737351478526107,0.013626354472397038,1.3645992235595363,0.049333117838681155,0.08039512349955873,0.0328912939701285,0.03106200566087757,-0.017435651188480533,0.09716061131578613
google_robot_move_near__seed073__step040,move_near,73,exploration,23,0.03757575518200256,0.03913342636512302,0.1153001339846726,-0.07616670761954958,0.3394048646146865,0.07596020044345528,0.04655093909366382,0.06295806901886103,-0.02940926134979146,-0.04675744626975812,0.07508031017832195
google_robot_move_near__seed073__step040,move_near,73,exploration,24,0.056314481241779825,0.0692726695969834,0.04531269889226481,0.012958188355203577,1.2301040171100763,0.06496148079485324,0.07583783059458961,0.041144931522181856,0.010876349799736368,0.0020818385554672095,0.0662569401384836
google_robot_move_near__seed073__step040,move_near,73,exploration,25,0.03650432089464496,0.04699315458315041,0.045075589446530125,0.0019175651366202875,1.042541099521171,0.039134746032631326,0.06424538736552048,0.017647812132361745,0.02511064133288915,-0.023193076196268862,0.08751409834172108
google_robot_move_near__seed073__step040,move_near,73,exploration,26,0.0458694196546963,0.05539145061177033,0.02742913230386796,0.009522030957074032,1.2075899592529318,0.027136722555003875,0.04484423409440026,0.029000731557493012,0.01584350253690725,-0.006321471579833218,0.12212636739860727
google_robot_move_near__seed073__step040,move_near,73,exploration,27,0.04862092263478911,0.03911330958079241,0.029444280311475862,-0.009507613053996694,0.8044542855467364,0.03701358772588058,0.05065079806875389,0.02263038635263217,0.01363721034287331,-0.023144823396870004,0.09264593073717364
google_robot_move_near__seed073__step040,move_near,73,exploration,28,0.03080880121866718,0.044920824200722964,0.036180936281050145,0.008739887919672819,1.2415605790790538,0.0335803735205561,0.04658431061571944,0.030642570928305593,0.013003937095163336,-0.004264049175490517,0.1021147128569524
google_robot_move_near__seed073__step040,move_near,73,exploration,29,0.029513321372239,0.03838414798900165,0.018146218121084048,0.008870826616762653,1.3005702579143392,0.0357298438620175,0.06580401372357177,0.025437136834894188,0.030074169861554263,-0.02120334324479161,0.15678230601595544
google_robot_move_near__seed073__step040,move_near,73,exploration,30,0.027402007926575687,0.033810635331877135,0.019062695526060942,0.006408627405301449,1.2338743723625478,0.032296476092465026,0.05513135670499889,0.030172171657484367,0.022834880612533866,-0.016426253207232417,0.14330337437698404
google_robot_move_near__seed073__step040,move_near,73,exploration,31,0.031046734355058597,0.037336648826362784,0.04590283377045224,-0.008566184944089457,0.813384398293869,0.028286328812419267,0.03349802124861308,0.04597279155707003,-0.01247477030845695,0.003908585364367494,0.23304177922409508
google_robot_move_near__seed073__step071,move_near,73,exploration,0,0.003759810640681018,0.0007882339011343766,0.0016858261474662624,-0.0029715767395466415,0.20964723398718907,0.004551619984346347,0.0010959843660171267,0.001867818917360109,-0.0034556356183292206,0.00048405887878257914,0.7421428131638095
google_robot_move_near__seed073__step071,move_near,73,exploration,1,0.005073132476313687,0.007415498044046046,0.0069053652586927305,0.0005101327853533153,1.073874844594374,0.003977788452640451,0.013571627466871477,0.012404484177683722,0.0011671432891877543,-0.000657010503834439,0.40046620287466794
google_robot_move_near__seed073__step071,move_near,73,exploration,2,0.01871841651227143,0.026995428502470848,0.01599072368034972,0.00827701199019942,1.4421854799936293,0.025887163574419215,0.028755891696166797,0.023692353735092292,0.0028687281217475817,0.005408283868451838,0.055024748007781454
google_robot_move_near__seed073__step071,move_near,73,exploration,3,0.012362248904374373,0.017440832769915062,0.013943465609599807,0.0034973671603152554,1.250824813445761,0.014608650077183715,0.03333472727551492,0.013929907223310178,0.018726077198331203,-0.015228710038015947,0.03739502059795541
google_robot_move_near__seed073__step071,move_near,73,exploration,4,0.017523254134869715,0.029459151388057093,0.016174104599284013,0.011935897253187378,1.681146159344685,0.016413755157714927,0.026982083477075824,0.019888009166655587,0.007094074310420237,0.004841822942767141,0.04094732027306236
google_robot_move_near__seed073__step071,move_near,73,exploration,5,0.023512326690979173,0.03342954251987192,0.01582890482217532,0.00991721582889275,1.4217879395448187,0.02114594353314941,0.038546733688776855,0.015292060895420652,0.017400790155627444,-0.007483574326734695,0.04850022683751831
google_robot_move_near__seed073__step071,move_near,73,exploration,6,0.033575417239173865,0.05720690804894043,0.02953666522368057,0.023631490809766564,1.7038331241404412,0.06212282911596223,0.03615625715004431,0.022032877807294175,-0.025966571965917923,0.04959806277568449,0.05926951463663954
google_robot_move_near__seed073__step071,move_near,73,exploration,7,0.054039457615866995,0.064628716724477,0.0340209326722802,0.01058925910861,1.1959542078287033,0.03349074219935994,0.041059365172630695,0.029548941981390204,0.007568622973270753,0.003020636135339247,0.08541395433553589
google_robot_move_near__seed073__step071,move_near,73,exploration,8,0.024938181421117804,0.04698127676924039,0.020386316031403794,0.022043095348122585,1.8839094950787534,0.04236502458676656,0.03103470912550927,0.03366565070605294,-0.01133031546125729,0.033373410809379875,0.14238106528318895
google_robot_move_near__seed073__step071,move_near,73,exploration,9,0.037165125482219084,0.08583673463992111,0.03705797358975999,0.04867160915770203,2.309604327341448,0.033890453789789804,0.06806782480798959,0.03058088742029556,0.03417737101819979,0.014494238139502243,0.12766382331392379
google_robot_move_near__seed073__step071,move_near,73,exploration,10,0.047213546357736697,0.09591328747984029,0.029380292128105764,0.048699741122103596,2.0314781430123046,0.048275397818567656,0.05018637138095079,0.02790042680178304,0.0019109735623831364,0.04678876755972046,0.1486473916502291
google_robot_move_near__seed073__step071,move_near,73,exploration,11,0.06912570287657287,0.14808277622006286,0.02819422200725273,0.07895707334348999,2.142224528038022,0.07049337473718215,0.09636103974090336,0.021005897695111537,0.025867665003721216,0.05308940833976877,0.21697516343056122
google_robot_move_near__seed073__step071,move_near,73,exploration,12,0.04700594297634583,0.0774437948977054,0.029020862941104505,0.030437851921359574,1.647531992639237,0.05956852150232893,0.060626493815391834,0.025363698844021502,0.0010579723130629062,0.029379879608296668,0.2500343693548075
google_robot_move_near__seed073__step071,move_near,73,exploration,13,0.041633241757135855,0.09914067073248299,0.027562630350522248,0.057507428975347136,2.3812863603274534,0.05288448838568641,0.05936282008989527,0.024620830713865203,0.006478331704208862,0.051029097271138274,0.17724048933598624
google_robot_move_near__seed073__step071,move_near,73,exploration,14,0.027644617958916064,0.11845010551051666,0.028505815273372422,0.08994429023714423,4.155296186920924,0.07076134081367352,0.06571179896129048,0.02727223557862586,-0.005049541852383044,0.09499383208952727,0.3542762470751768
google_robot_move_near__seed073__step071,move_near,73,exploration,15,0.04309540988250973,0.0490065586024276,0.03340828137731661,0.005911148719917866,1.137164230158927,0.06919474875064878,0.05943704696799318,0.03900753504043443,-0.0097577017826556,0.015668850502573467,0.22066774598761185
google_robot_move_near__seed073__step071,move_near,73,exploration,16,0.025768539283380104,0.04843535810527907,0.028709412361130147,0.01972594574414892,1.6870898469122273,0.04900718922904659,0.053157978233805234,0.03421150140454324,0.004150789004758647,0.015575156739390274,0.1459350055428672
google_robot_move_near__seed073__step071,move_near,73,exploration,17,0.05182142474077736,0.060380699047028946,0.03309733300280465,0.008559274306251585,1.1651686411376576,0.0394716603513358,0.04384908878575559,0.026989984662499685,0.0043774284344197875,0.004181845871831798,0.17699962196400065
google_robot_move_near__seed073__step071,move_near,73,exploration,18,0.056866777101052784,0.09082942942026388,0.0403076871136452,0.0339626523192111,1.5972318821384788,0.05228270999763334,0.05777079296351284,0.03023929940294677,0.0054880829658795,0.0284745693533316,0.13148204050054346
google_robot_move_near__seed073__step071,move_near,73,exploration,19,0.0544676559002038,0.06306138684108406,0.025606010259553665,0.008593730940880263,1.1577767722669356,0.06380360823151618,0.04255706425188992,0.08238485913929963,-0.039827794887409715,0.04842152582828998,0.09403504325501899
google_robot_move_near__seed073__step071,move_near,73,exploration,20,0.04574897445699222,0.11870256774322172,0.04976919632278373,0.06893337142043798,2.3850609717175826,0.0566692220457027,0.05863236309342592,0.057159315511901225,0.0014730475815246946,0.06746032383891329,0.1343866975854553
google_robot_move_near__seed073__step071,move_near,73,exploration,21,0.04640273910680784,0.10953902760181117,0.04375310405116229,0.06313628849500333,2.360615552234512,0.03531825109147481,0.057929609690720585,0.0423947517217735,0.015534857968947081,0.04760143052605625,0.08900887748828268
google_robot_move_near__seed073__step071,move_near,73,exploration,22,0.04982676961502187,0.08254216915659246,0.04810446688792468,0.03271539954157059,1.6565827926301586,0.040010612996535765,0.04690454048992382,0.04830160253987281,-0.0013970620499489939,0.03411246159151959,0.1151985809380136
google_robot_move_near__seed073__step071,move_near,73,exploration,23,0.04064311364585288,0.06032028793348793,0.06762598301171172,-0.0073056950782237826,0.8919691107934274,0.08081766192818102,0.05232578408646656,0.04789993323477515,-0.028491877841714454,0.02118618276349067,0.08176619938821261
google_robot_move_near__seed073__step071,move_near,73,exploration,24,0.044348699786737264,0.07075479796260263,0.0295263621881928,0.026406098175865367,1.5954198951231093,0.05766036594613592,0.0652913053220516,0.051268800398426524,0.007630939375915684,0.018775158799949683,0.07918648662897354
google_robot_move_near__seed073__step071,move_near,73,exploration,25,0.0571088592683081,0.07275251792927902,0.030728772626911635,0.015643658660970915,1.273927002944921,0.056757620448450834,0.0471508762831583,0.040050758408546404,-0.009606744165292537,0.02525040282626345,0.08392742063911385
google_robot_move_near__seed073__step071,move_near,73,exploration,26,0.049995766736353774,0.08338002639768774,0.02615211177252897,0.033384259661333966,1.6677417277623034,0.04158423527391256,0.03481932918141817,0.05217425868486446,-0.01735492950344629,0.050739189164780256,0.13904457539021564
google_robot_move_near__seed073__step071,move_near,73,exploration,27,0.026017074166837406,0.0651449011529869,0.025210321384404124,0.0391278269861495,2.5039287944231514,0.043920558587189365,0.04631573822383709,0.027691995445953566,0.002395179636647725,0.036732647349501775,0.11389854260639254
google_robot_move_near__seed073__step071,move_near,73,exploration,28,0.06236744898985125,0.0682049434095471,0.027862018749853463,0.005837494419695846,1.0935984157480252,0.041029572156576426,0.03791538604982451,0.04018969366575302,-0.0031141861067519178,0.008951680526447764,0.10928210033220864
google_robot_move_near__seed073__step071,move_near,73,exploration,29,0.04424726954067331,0.06712991303239574,0.027656625180564474,0.022882643491722428,1.5171537979465166,0.034929206855531914,0.060815165423380925,0.03366285452889089,0.02588595856784901,-0.0030033150761265837,0.17273255853220348
google_robot_move_near__seed073__step071,move_near,73,exploration,30,0.04269022633066715,0.06483609564002063,0.02439015214186189,0.02214586930935348,1.5187573646908652,0.04041577199159588,0.032163543404971615,0.030714147310741544,-0.008252228586624263,0.030398097895977742,0.1521494204218925
google_robot_move_near__seed073__step071,move_near,73,exploration,31,0.03213149682708963,0.05320589723585196,0.024269448800961553,0.02107440040876233,1.655879821664417,0.04526831558658814,0.03383241198244674,0.03645079400173969,-0.0114359036041414,0.03251030401290373,0.22820759149544756
google_robot_move_near__seed089__step008,move_near,89,validation,0,0.00401453256168236,0.0008299531897195501,0.0020712814537079648,-0.00318457937196281,0.20673719218053715,0.0041149590823860455,0.000832256713458461,0.0020228352884082987,-0.0032827023689275844,9.812299696477459e-05,0.722141633159481
google_robot_move_near__seed089__step008,move_near,89,validation,1,0.0034340224123901404,0.006979112754379595,0.005931552599246465,0.0010475601551331306,1.1766080866021842,0.004133134996216973,0.00601267688912385,0.005022188422143078,0.000990488466980772,5.7071688152358566e-05,0.3332946963782888
google_robot_move_near__seed089__step008,move_near,89,validation,2,0.021451296815529437,0.03799021678194648,0.021168417991257776,0.016538919966417043,1.7709986071538513,0.01808421977680745,0.02958850028570529,0.023624814695790274,0.005963685589915016,0.010575234376502027,0.028882647233444914
google_robot_move_near__seed089__step008,move_near,89,validation,3,0.016220098205811575,0.02630708036653681,0.013826903819126816,0.010086982160725236,1.6218816947181691,0.014411067875433836,0.02460125507831172,0.0162702623840517,0.00833099269426002,0.0017559894664652166,0.03410386019709222
google_robot_move_near__seed089__step008,move_near,89,validation,4,0.026264942346527976,0.03819445319792429,0.02783877318187327,0.01035568001605102,1.3719876572288732,0.026077220856409,0.03917321931438477,0.027392859817319808,0.011780359497064963,-0.001424679481013942,0.05502542690283008
google_robot_move_near__seed089__step008,move_near,89,validation,5,0.017711103241510946,0.028389486344980685,0.0201249640767947,0.008264522268185984,1.4106602246170206,0.0261548802309642,0.03276965380081635,0.016262945832144833,0.0066147735698521455,0.0016497486983338382,0.08478004327935196
google_robot_move_near__seed089__step008,move_near,89,validation,6,0.021432479250478646,0.05436375837181696,0.017094011301791674,0.03293127912133831,2.5365128194678115,0.02322967527882162,0.04450178737900006,0.026759520483823837,0.017742266895176224,0.015189012226162084,0.0911335567268452
google_robot_move_near__seed089__step008,move_near,89,validation,7,0.031100594933026467,0.08562872362958268,0.032584732803169966,0.053043990826412715,2.6278786493916684,0.04169902068941506,0.043672337213942036,0.019192434577299248,0.001973316524526973,0.05107067430188574,0.07998418534566554
google_robot_move_near__seed089__step008,move_near,89,validation,8,0.02792911761780946,0.06832370109073263,0.021186478931404785,0.04039458347292317,2.44632508716154,0.0369653736936359,0.03970640873642755,0.026804637765043084,0.002741035042791648,0.03765354843013152,0.17188763262311113
google_robot_move_near__seed089__step008,move_near,89,validation,9,0.026641034945290912,0.06464648177083435,0.0371572950142131,0.027489186756621244,1.739805918221612,0.04570418694731002,0.053980730166268295,0.029509361050258635,0.008276543218958272,0.01921264353766297,0.09857505724403381
google_robot_move_near__seed089__step008,move_near,89,validation,10,0.04869367216949646,0.1080703804336237,0.02926309987562399,0.05937670826412724,2.2193926976270038,0.029203899343043998,0.06178090857081221,0.030059182802155457,0.031721725768656756,0.027654982495470486,0.17329713140838976
google_robot_move_near__seed089__step008,move_near,89,validation,11,0.08721033699431939,0.19935905592780606,0.025411083358176666,0.11214871893348667,2.2859567202542936,0.0531549437679306,0.07427347893160698,0.036050000671516584,0.02111853516367638,0.09103018376981029,0.18248909703038407
google_robot_move_near__seed089__step008,move_near,89,validation,12,0.03148381099320382,0.09794275530180262,0.023751060798855233,0.0664589443085988,3.1108926210662617,0.03397515662276815,0.0423532621002159,0.018290175061481236,0.008378105477447752,0.05808083883115105,0.26060504735687573
google_robot_move_near__seed089__step008,move_near,89,validation,13,0.03806519349043711,0.106698917856791,0.016400834889687126,0.0686337243663539,2.803057283384001,0.04088097952126697,0.04055872099189011,0.022596851521809264,-0.00032225852937686067,0.06895598289573077,0.1683095329739217
google_robot_move_near__seed089__step008,move_near,89,validation,14,0.06378577074161369,0.2515151771045011,0.022078605956920284,0.18772940636288743,3.9431235866593233,0.0567561364491653,0.06337652713950974,0.034009258931558116,0.006620390690344438,0.181109015672543,0.3769477572081996
google_robot_move_near__seed089__step008,move_near,89,validation,15,0.05030541327150641,0.11655725974533278,0.026796164994357826,0.06625184647382637,2.316992390386587,0.03721951555780317,0.04121233512731059,0.023065794892602794,0.003992819569507415,0.062259026904318955,0.3019685710085014
google_robot_move_near__seed089__step008,move_near,89,validation,16,0.029259428797795875,0.10600372040827413,0.016245410675099194,0.07674429161047826,3.622890971004172,0.03531535889314311,0.04593645983673491,0.028980494150470087,0.010621100943591796,0.06612319066688646,0.20819239176034898
google_robot_move_near__seed089__step008,move_near,89,validation,17,0.03792431687408469,0.17782727711270527,0.02254828779191138,0.1399029602386206,4.689004094737491,0.051604954509911566,0.05378281992009721,0.026931395387783545,0.0021778654101856434,0.13772509482843495,0.1967237019815684
google_robot_move_near__seed089__step008,move_near,89,validation,18,0.04436905156394497,0.062128143942336025,0.028032586251278056,0.01775909237839106,1.4002585530320957,0.0485647252399774,0.04834192612854172,0.033442578728785415,-0.00022279911143568282,0.01798189148982674,0.09993046862231836
google_robot_move_near__seed089__step008,move_near,89,validation,19,0.04742854805213224,0.1464871800748528,0.030578393928214744,0.09905863202272058,3.088586644352635,0.04988757151598172,0.0692917239154591,0.03475510804178693,0.019404152399477376,0.07965447962324321,0.11064820269672282
google_robot_move_near__seed089__step008,move_near,89,validation,20,0.04593559273180126,0.12517162362250375,0.03243894001890941,0.0792360308907025,2.724937595849227,0.05688264747864779,0.07261069522647941,0.043870535660512064,0.015728047747831618,0.06350798314287087,0.19250669152168598
google_robot_move_near__seed089__step008,move_near,89,validation,21,0.03968475871095087,0.16596198007582377,0.0426354643369377,0.12332651573888607,3.892580570115682,0.06441512631812217,0.06608042197389499,0.025197757774313337,0.0016652956557728221,0.12166122008311325,0.096709709940896
google_robot_move_near__seed089__step008,move_near,89,validation,22,0.033822509377165105,0.13525182743690026,0.03122014699909216,0.10142931805973515,3.9988702768521973,0.04836666861803211,0.05128848189119574,0.029385484516427723,0.002921813273163626,0.09850750478657153,0.12566652312764148
google_robot_move_near__seed089__step008,move_near,89,validation,23,0.055398126811636604,0.06637698453382304,0.07494607230589433,-0.008569087772071285,0.8856632841665627,0.05870423396485961,0.06842498581393593,0.07214194654888988,-0.00371696073495395,-0.004852127037117335,0.07951592168181776
google_robot_move_near__seed089__step008,move_near,89,validation,24,0.046882409262912136,0.1399934347866147,0.032870642299942986,0.09311102552370255,2.9860546202210876,0.05127424345778028,0.07341445685878259,0.042717525658423953,0.022140213401002307,0.07097081212270025,0.09049310032067481
google_robot_move_near__seed089__step008,move_near,89,validation,25,0.04585919275567223,0.07088635240608558,0.02673744005780895,0.02502715965041335,1.5457392105384975,0.02738845624444846,0.04034736920804804,0.02804945347017634,0.012297915737871697,0.012729243912541651,0.11153260550429067
google_robot_move_near__seed089__step008,move_near,89,validation,26,0.04365256866605823,0.05914685069354561,0.02532887177142558,0.015494282027487379,1.3549454820406674,0.04374093253546106,0.04771915054033435,0.029012881940907644,0.003978218004873288,0.01151606402261409,0.1470041323410456
google_robot_move_near__seed089__step008,move_near,89,validation,27,0.05090530870981286,0.06949486365380611,0.026349001401922697,0.018589554943993253,1.3651791024382847,0.027063774589250064,0.07353247698952745,0.02146829801709147,0.04646870240027738,-0.02787914745628413,0.07756910481327672
google_robot_move_near__seed089__step008,move_near,89,validation,28,0.039313734547973905,0.06107583508605741,0.026308793384368825,0.021762100538083508,1.5535495619610387,0.03744045972468922,0.05855554364205955,0.029350989427178124,0.021115083917370332,0.0006470166207131756,0.10156777963904773
google_robot_move_near__seed089__step008,move_near,89,validation,29,0.031871848855788636,0.059039399055972885,0.01703475099360713,0.02716755020018425,1.8523995681301688,0.03539961341646669,0.04246563187761988,0.03270506625341761,0.007066018461153192,0.020101531739031057,0.1846263143277298
google_robot_move_near__seed089__step008,move_near,89,validation,30,0.02463623444049144,0.04979716248324302,0.022166087571495626,0.025160928042751583,2.02129763797822,0.04518630565043297,0.054130859241056886,0.02929042352998627,0.008944553590623919,0.016216374452127664,0.14287145073450347
google_robot_move_near__seed089__step008,move_near,89,validation,31,0.02382848561559372,0.03880738554621809,0.02642700772282114,0.012380377823396953,1.4684744467950426,0.033304961988074915,0.04984057376396096,0.020040928099313283,0.01653561177588605,-0.004155233952489096,0.2796399477988416
google_robot_move_near__seed089__step040,move_near,89,validation,0,0.0038178276721279073,0.0007947687419450175,0.002042876557571989,-0.00302305893018289,0.20817302670501223,0.003718229598103231,0.0007471372919646658,0.0019142198296447387,-0.0029710923061385653,-5.196662404432454e-05,0.7418792599928565
google_robot_move_near__seed089__step040,move_near,89,validation,1,0.004366851353085531,0.006805532789905447,0.004057659341700485,0.002438681436819916,1.5584530453725638,0.0032133718137626554,0.005880732855560646,0.004889569607639085,0.0009911632479215615,0.0014475181888983545,0.409037973935483
google_robot_move_near__seed089__step040,move_near,89,validation,2,0.014910376117003424,0.02313067959484144,0.018082373661024175,0.005048305933817266,1.2791838078591797,0.01913466676794514,0.03360136429732536,0.021711057009666274,0.011890307287659087,-0.006842001353841821,0.07050091516202883
google_robot_move_near__seed089__step040,move_near,89,validation,3,0.012773574287215326,0.029397217338971438,0.01372722087152378,0.015669996467447656,2.141527233670002,0.011531407013241216,0.015992668874275046,0.015116154587627552,0.000876514286647494,0.014793482180800161,0.025875560454494462
google_robot_move_near__seed089__step040,move_near,89,validation,4,0.026030720384921435,0.03943726144997198,0.019661548558303,0.013406541065050542,1.515027662193184,0.019482972186758558,0.03883153469166818,0.017531728229063886,0.019348562504909624,-0.005942021439859082,0.030778484797224337
google_robot_move_near__seed089__step040,move_near,89,validation,5,0.024608823381844183,0.03275056759639269,0.018963767135272053,0.00814174421454851,1.3308465459000896,0.026834028641355086,0.032898384306675764,0.024132009960965487,0.0060643556653206775,0.002077388549227833,0.0356008247738373
google_robot_move_near__seed089__step040,move_near,89,validation,6,0.029512627300768528,0.039463612557757995,0.02325892913356115,0.009950985256989467,1.3371772074230184,0.03634963806864927,0.030759330904202273,0.01758480538841535,-0.005590307164446997,0.015541292421436464,0.07646555874293881
google_robot_move_near__seed089__step040,move_near,89,validation,7,0.03075754745211597,0.04234633861639439,0.03390181623810015,0.008444522378294239,1.2490876099081667,0.03396383606366619,0.06423899267044347,0.03557544599231886,0.02866354667812461,-0.02021902429983037,0.09673010707183494
google_robot_move_near__seed089__step040,move_near,89,validation,8,0.03665220627215172,0.0573868722418186,0.020881468911101313,0.02073466596966688,1.5657139931961215,0.03254801127737311,0.03534444914324465,0.024113769135624047,0.00279643786587154,0.01793822810379534,0.15689480651599297
google_robot_move_near__seed089__step040,move_near,89,validation,9,0.04186186597390398,0.06857293111304953,0.031786786772936546,0.02671106513914555,1.6380763140323653,0.039917488300461504,0.05840475610827051,0.026891164718119993,0.01848726780780901,0.00822379733133654,0.13018349832873355
google_robot_move_near__seed089__step040,move_near,89,validation,10,0.042546152821644485,0.07908063078718308,0.030686576048133806,0.036534477965538596,1.858702269008737,0.04036059041635301,0.060848733374072775,0.02918866140254276,0.020488142957719765,0.01604633500781883,0.1577287465538575
google_robot_move_near__seed089__step040,move_near,89,validation,11,0.04913115247351217,0.1236721749527919,0.025698129617288713,0.07454102247927973,2.517184489402455,0.05264178420871049,0.09753377504270663,0.02529269208342225,0.04489199083399614,0.029649031645283583,0.20031197008620438
google_robot_move_near__seed089__step040,move_near,89,validation,12,0.04202692881224224,0.10662876687809666,0.02590809764319331,0.06460183806585443,2.5371534368943998,0.040957294847505335,0.07470126722643458,0.022736974906908198,0.033743972378929246,0.03085786568692518,0.26022057960176426
google_robot_move_near__seed089__step040,move_near,89,validation,13,0.043482981852214934,0.08112899175022965,0.016396295097229993,0.03764600989801472,1.8657642207234486,0.0432828496634247,0.09453273308602196,0.024443536628696087,0.05124988342259726,-0.01360387352458254,0.2114904906341053
google_robot_move_near__seed089__step040,move_near,89,validation,14,0.03524039823338784,0.10859335119330384,0.023791207287293555,0.07335295295991599,3.0815018171508384,0.04883640663200528,0.06468889745554918,0.024494489393748584,0.015852490823543897,0.057500462136372096,0.319485297012875
google_robot_move_near__seed089__step040,move_near,89,validation,15,0.021228132603723877,0.0648723533234574,0.030458788984420365,0.03441356433903703,2.129840203319952,0.03611855865285592,0.04464753892017463,0.026288573020209472,0.008528980267318714,0.025884584071718314,0.26891296350811444
google_robot_move_near__seed089__step040,move_near,89,validation,16,0.03404029866972747,0.06840066037296035,0.02007430516551904,0.034360361703232874,2.0094024743029073,0.0436362813054558,0.04563867191435084,0.021451106463937435,0.0020023906088950383,0.032357971094337835,0.1638726885867925
google_robot_move_near__seed089__step040,move_near,89,validation,17,0.04939887897225269,0.08651053273571979,0.03305785249979095,0.0371116537634671,1.7512651002528354,0.041439442128365214,0.06395410219886036,0.019534431535836397,0.022514660070495143,0.01459699369297196,0.15359543663782915
google_robot_move_near__seed089__step040,move_near,89,validation,18,0.04515865448348039,0.07130429251178445,0.02489033068727709,0.026145638028304066,1.5789729195290456,0.058365496104675674,0.06241414565555573,0.03455566126093504,0.004048649550880058,0.022096988477424008,0.11404612446594342
google_robot_move_near__seed089__step040,move_near,89,validation,19,0.05252137712957477,0.06682232344119113,0.05554326109890115,0.01127906234228998,1.2030680611677862,0.04843529208121329,0.06625987107662108,0.026139440479823542,0.01782457899540779,-0.006545516653117811,0.10188305945271736
google_robot_move_near__seed089__step040,move_near,89,validation,20,0.06364070183509543,0.06879441833970204,0.052252279897814155,0.005153716504606609,1.0809814530009556,0.04256540805852156,0.05952886835049154,0.02895551536837549,0.016963460291969976,-0.011809743787363366,0.1403113294940681
google_robot_move_near__seed089__step040,move_near,89,validation,21,0.04954014163640738,0.06360482219792192,0.03781801351155248,0.01406468056151454,1.2839047305262106,0.054741817307336155,0.06521522138026978,0.04692108068812172,0.010473404072933623,0.003591276488580916,0.12605440392141531
google_robot_move_near__seed089__step040,move_near,89,validation,22,0.07369010415251909,0.06932618335354708,0.04454826371849696,-0.004363920798972007,0.9407800972849781,0.05593746213600386,0.05604878051866476,0.0290500029204519,0.0001113183826609021,-0.004475239181632909,0.14215185725936408
google_robot_move_near__seed089__step040,move_near,89,validation,23,0.05009789921073271,0.06528142652857888,0.029318559002300848,0.015183527317846168,1.3030771261281417,0.03162373572423441,0.03625510006863011,0.10228158599537451,-0.0660264859267444,0.08121001324459057,0.0882578086772412
google_robot_move_near__seed089__step040,move_near,89,validation,24,0.06288814303526762,0.06464900218235041,0.036365212800782865,0.001760859147082794,1.0279998591482549,0.04357438102034618,0.05042839754699339,0.026821711655278153,0.0068540165266472095,-0.0050931573795644156,0.08198070316176143
google_robot_move_near__seed089__step040,move_near,89,validation,25,0.028534444442804834,0.05040902086230023,0.023144273428678634,0.021874576419495396,1.7666024990723528,0.029781647438313134,0.043798980117734775,0.0319942516802741,0.011804728437460672,0.010069847982034724,0.11865915525453374
google_robot_move_near__seed089__step040,move_near,89,validation,26,0.054146146319206244,0.07619914020215152,0.022090207764292574,0.022052993882945272,1.4072864900289834,0.03728454913963544,0.03899371504186559,0.02382245819486829,0.0017091659022301503,0.020343827980715122,0.1283088110721522
google_robot_move_near__seed089__step040,move_near,89,validation,27,0.04517924181412546,0.04821815622837082,0.02711322741754317,0.003038914414245357,1.0672635106792614,0.034383486842389316,0.04872852450762295,0.028576972806209962,0.014345037665233637,-0.01130612325098828,0.05916624035008233
google_robot_move_near__seed089__step040,move_near,89,validation,28,0.03869880072353057,0.03792984049173101,0.02097350500777176,-0.0007689602317995578,0.9801296108038822,0.04503667576731605,0.04402361520533028,0.02809494256257418,-0.0010130605619857666,0.0002441003301862088,0.12706375371632816
google_robot_move_near__seed089__step040,move_near,89,validation,29,0.0341737288745037,0.056374433445323426,0.02869008128629797,0.022200704570819726,1.6496424388555153,0.028662663018434287,0.04729405910525201,0.0310632823304836,0.016230776774768408,0.0059699277960513185,0.18251599673729402
google_robot_move_near__seed089__step040,move_near,89,validation,30,0.03463482043225682,0.032549644198922006,0.025172872733714383,-0.002085176233334811,0.9397953791210419,0.030714686278985305,0.03885629458100804,0.0212536709292081,0.008141608302022735,-0.010226784535357546,0.18826153648728905
google_robot_move_near__seed089__step040,move_near,89,validation,31,0.02646209079705859,0.062483281074976506,0.022853363044685878,0.03602119027791792,2.361237498358288,0.027403494702025005,0.040929465467987244,0.027030858840874927,0.01352597076596224,0.02249521951195568,0.23289222978996804
google_robot_move_near__seed089__step071,move_near,89,validation,0,0.0034302824292456436,0.0007902848485925614,0.0017729369784401034,-0.0026399975806530823,0.2303847758583405,0.0036883314197231057,0.000762479287114011,0.0018027197000359272,-0.0029258521326090948,0.00028585455195601246,0.729034190881066
google_robot_move_near__seed089__step071,move_near,89,validation,1,0.004333352446752513,0.007191433249052476,0.004057623269360525,0.0028580808022999633,1.6595541990686349,0.0027151873745018492,0.0061751844856263415,0.004858750466448264,0.0013164340191780775,0.0015416467831218857,0.385086021036841
google_robot_move_near__seed089__step071,move_near,89,validation,2,0.012922748867757636,0.023880025520172606,0.01708357329915958,0.006796452221013025,1.3978355173122576,0.019254934966462425,0.030984147558619946,0.02028737558341788,0.010696771975202066,-0.0039003197541890404,0.07220280033448034
google_robot_move_near__seed089__step071,move_near,89,validation,3,0.011542998130921415,0.025555782641071556,0.014035145038615224,0.011520637602456332,1.820842076854876,0.012744519368582148,0.019982895187964325,0.016774512038355064,0.003208383149609261,0.00831225445284707,0.0254151548569439
google_robot_move_near__seed089__step071,move_near,89,validation,4,0.022788463024124378,0.0329281929400688,0.020315120738718887,0.010139729915944425,1.444950144518754,0.0255276349097278,0.029661417007102533,0.020244773438093853,0.004133782097374732,0.006005947818569692,0.019861414474235062
google_robot_move_near__seed089__step071,move_near,89,validation,5,0.021096481674403107,0.030630725800709822,0.019953403472666987,0.009534244126306716,1.4519352692764336,0.023400318511447683,0.03609630501503936,0.025214077913838194,0.010882227101201167,-0.001347982974894451,0.037862388237158484
google_robot_move_near__seed089__step071,move_near,89,validation,6,0.021653567239471247,0.036947645839046694,0.025257631111247427,0.011690014727799267,1.4628310024922966,0.028257989568827108,0.03301751799111688,0.01703955000549966,0.004759528422289772,0.006930486305509496,0.05267847813951221
google_robot_move_near__seed089__step071,move_near,89,validation,7,0.037073991725142925,0.050929161894174776,0.03649451172247297,0.013855170169031851,1.3737167087847064,0.03135216786630934,0.04186322224891417,0.031801699630117045,0.010061522618797128,0.003793647550234723,0.09605171036173488
google_robot_move_near__seed089__step071,move_near,89,validation,8,0.03766537699066459,0.05509695785758477,0.023074451352564054,0.017431580866920177,1.462801178685683,0.028123397320984213,0.03666442619915574,0.019903916812834488,0.008541028878171528,0.008890551988748649,0.13975992328596476
google_robot_move_near__seed089__step071,move_near,89,validation,9,0.039448389240654094,0.07353452456309384,0.0315115383470151,0.034086135322439745,1.864069128767159,0.040779228591397654,0.06264854087031654,0.022450122314931018,0.02186931227891889,0.012216823043520855,0.12372512354886567
google_robot_move_near__seed089__step071,move_near,89,validation,10,0.04071690219581723,0.06553894232696278,0.027381432861361972,0.02482204013114555,1.6096249663535422,0.03957415042769959,0.07644613929915547,0.02659762252643573,0.03687198887145588,-0.012049948740310332,0.13529322497538487
google_robot_move_near__seed089__step071,move_near,89,validation,11,0.05206325376392187,0.10597376831442445,0.027283167401101052,0.05391051455050259,2.0354810860450065,0.0435622290799042,0.13371571131879115,0.021829065378526833,0.09015348223888695,-0.03624296768838436,0.2220649003879771
google_robot_move_near__seed089__step071,move_near,89,validation,12,0.038378062661789974,0.06520876613193284,0.028195689893680074,0.026830703470142866,1.6991156303691195,0.029719324775360875,0.08424140335994805,0.018237149917711692,0.05452207858458717,-0.027691375114444305,0.21613352906388172
google_robot_move_near__seed089__step071,move_near,89,validation,13,0.04010772841421596,0.05885390921950545,0.02161219309153056,0.01874618080528949,1.4673957251252607,0.035402938255281444,0.08454570813675194,0.027365735745237246,0.0491427698814705,-0.030396589076181008,0.15922062125378034
google_robot_move_near__seed089__step071,move_near,89,validation,14,0.04781509063065542,0.07188506096451341,0.03227158918629745,0.024069970333857993,1.5033969405137162,0.03782717464424196,0.11688850146633904,0.02682193610244128,0.07906132682209707,-0.05499135648823908,0.2760665405717191
google_robot_move_near__seed089__step071,move_near,89,validation,15,0.056619519633650174,0.05766519832891617,0.04417302184252565,0.0010456786952659988,1.0184685193733882,0.04457659243492432,0.056170770837506254,0.02639756769323614,0.011594178402581937,-0.010548499707315938,0.2692921853433745
google_robot_move_near__seed089__step071,move_near,89,validation,16,0.04302318740344137,0.12404684208288629,0.019873567671085453,0.08102365467944492,2.8832555087018945,0.03647964198818754,0.05964738441700844,0.02251644624209679,0.0231677424288209,0.05785591225062402,0.13046154412262467
google_robot_move_near__seed089__step071,move_near,89,validation,17,0.050363708890027656,0.10682314767204852,0.02343328163445034,0.056459438782020865,2.1210341737401355,0.048074339014974675,0.08709289681527549,0.025023643312194196,0.039018557800300814,0.01744088098172005,0.17962040817900515
google_robot_move_near__seed089__step071,move_near,89,validation,18,0.036663086623167404,0.0788389265614757,0.0458186720711699,0.0330202544903058,1.7206724463558354,0.054266019585263316,0.0733129744949371,0.03308406417075539,0.01904695490967378,0.013973299580632023,0.1095357176876064
google_robot_move_near__seed089__step071,move_near,89,validation,19,0.04770381179572561,0.06875897396149064,0.04326858448646212,0.02105516216576503,1.4413727409441865,0.047851743231419525,0.07124469137857382,0.02881243117449001,0.0233929481471543,-0.0023377859813892704,0.10041815386466624
google_robot_move_near__seed089__step071,move_near,89,validation,20,0.04023985944427029,0.060562729032000315,0.03202222896236471,0.020322869587730025,1.5050432548323371,0.04258862076004439,0.05612716790398053,0.038352206124074896,0.013538547143936139,0.006784322443793886,0.1715280582953369
google_robot_move_near__seed089__step071,move_near,89,validation,21,0.05154872649036232,0.07088838805554037,0.04254077719214564,0.01933966156517805,1.3751724413365254,0.07149896527160213,0.07658427074648906,0.05081460115088277,0.005085305474886934,0.014254356090291118,0.14856648176697718
google_robot_move_near__seed089__step071,move_near,89,validation,22,0.05649992038536503,0.09464869905929646,0.040182559380252274,0.03814877867393143,1.6752005739783835,0.05678932434998407,0.06968748351391933,0.02528695793527047,0.01289815916393526,0.025250619509996172,0.13274040872477144
google_robot_move_near__seed089__step071,move_near,89,validation,23,0.0565826350958979,0.03854934894386571,0.0396495649978969,-0.018033286152032188,0.6812929245612396,0.043573964554639785,0.04164372418686033,0.10553076146673168,-0.06388703727987136,0.04585375112783917,0.08315327993933863
google_robot_move_near__seed089__step071,move_near,89,validation,24,0.043452221077919524,0.0795409300602742,0.03443461386468123,0.036088708982354674,1.8305377282703126,0.04978160733728002,0.04878958918088178,0.03832175835120521,-0.0009920181563982389,0.03708072713875291,0.09813147702442393
google_robot_move_near__seed089__step071,move_near,89,validation,25,0.02675409728193038,0.041280309651945055,0.0337134401338594,0.007566869518085655,1.2244466743245825,0.04166453114776172,0.06668696187491892,0.03506848733677749,0.0250224307271572,-0.017455561209071546,0.10929325436415382
google_robot_move_near__seed089__step071,move_near,89,validation,26,0.03451076078677458,0.04759854475542097,0.03989739537902694,0.007701149376394031,1.1930238629171852,0.03813625639255175,0.07340263911964884,0.026598598623498136,0.03526638272709709,-0.02756523335070306,0.17084980134960404
google_robot_move_near__seed089__step071,move_near,89,validation,27,0.034148856791919466,0.03411354764840661,0.02504943462015189,-3.5309143512858576e-05,0.9989660226774791,0.03827485313700633,0.03822783250352903,0.022236726684285817,-4.702063347730018e-05,1.1711489964441602e-05,0.08753075951569045
google_robot_move_near__seed089__step071,move_near,89,validation,28,0.03754398076106143,0.0558695971829863,0.05054321204594857,0.005326385137037731,1.1053827986277474,0.030691378762005908,0.043279987367835476,0.029308490576577972,0.012588608605829568,-0.007262223468791837,0.11336348233036375
google_robot_move_near__seed089__step071,move_near,89,validation,29,0.02801353183131164,0.04500294824173928,0.022712585058109858,0.016989416410427644,1.6064717763091199,0.03044880054959981,0.032687500012228136,0.02784209710941493,0.0022386994626283248,0.014750716947799319,0.17551823171856995
google_robot_move_near__seed089__step071,move_near,89,validation,30,0.03163431785243693,0.05436203851866334,0.020742467482980434,0.022727720666226414,1.71845142266836,0.026989597861762055,0.05716510033228919,0.025388678863751336,0.030175502470527138,-0.007447781804300724,0.17626921984901855
google_robot_move_near__seed089__step071,move_near,89,validation,31,0.03697113670815554,0.04697705643370918,0.02265598747044718,0.01000591972555364,1.2706413872134588,0.027023702394960956,0.03699189393387173,0.033893984689825456,0.003097909244046272,0.006908010481507368,0.2590677584603327
google_robot_move_near__seed095__step008,move_near,95,exploration,0,0.00496175335082066,0.000916147086784748,0.0022201341658209172,-0.004045606264035912,0.18464180341274317,0.00428022729469099,0.0008250795162976503,0.002038522217565598,-0.0034551477783933394,-0.0005904584856425729,0.7261422882438637
google_robot_move_near__seed095__step008,move_near,95,exploration,1,0.0033395640874002925,0.007286303154197506,0.006826004201249925,0.00046029895294758157,1.0674331482045227,0.0031012424804097135,0.005846910162763218,0.006582151742514226,-0.0007352415797510078,0.0011955405326985894,0.33446410883334465
google_robot_move_near__seed095__step008,move_near,95,exploration,2,0.02531563484636991,0.032443225953400864,0.01675478208568555,0.007127591107030953,1.2815489775502509,0.02377302690520205,0.03391972346287285,0.019342331091408052,0.010146696557670799,-0.003019105450639846,0.031363570759367576
google_robot_move_near__seed095__step008,move_near,95,exploration,3,0.013418662287871372,0.027547202394771052,0.015843631266662783,0.01170357112810827,1.7386924708816105,0.011063500340509631,0.016846590614231723,0.015876077445994456,0.0009705131682372671,0.010733057959871003,0.034682170584915184
google_robot_move_near__seed095__step008,move_near,95,exploration,4,0.02325754853122361,0.04298550551529536,0.026785743206957625,0.016199762308337737,1.604790473169691,0.021734420424708092,0.035893899338234975,0.021277044236790152,0.014159478913526882,0.0020402833948108545,0.04662709612898652
google_robot_move_near__seed095__step008,move_near,95,exploration,5,0.01835648182942706,0.02592567718185267,0.02150210898615888,0.00442356819569379,1.205727177670864,0.022847343483473767,0.03201219994566197,0.02604948556599414,0.005962714379667829,-0.001539146183974039,0.08236393595734626
google_robot_move_near__seed095__step008,move_near,95,exploration,6,0.029778508986525582,0.04426643997116003,0.01817609465366882,0.01448793098463445,1.4865230489273342,0.027272020961188095,0.03286374233188262,0.019252910962840847,0.005591721370694525,0.008896209613939925,0.09163004075071512
google_robot_move_near__seed095__step008,move_near,95,exploration,7,0.036122291404860576,0.07950269504454409,0.0346505239661128,0.04338040363968351,2.2009316671933576,0.02822416828404107,0.0681007826271269,0.035655470444382005,0.0324453121827449,0.010935091456938613,0.09722842004407539
google_robot_move_near__seed095__step008,move_near,95,exploration,8,0.031640604300800866,0.060312206998659156,0.030142341488003033,0.02867160269785829,1.906164826224023,0.02475207610791167,0.028350637428288798,0.02751180817634882,0.0008388292519399786,0.02783277344591831,0.15582948224391657
google_robot_move_near__seed095__step008,move_near,95,exploration,9,0.05582335410434299,0.07400079620606287,0.018080351107829865,0.018177442101719878,1.3256243268317998,0.03991696839260278,0.05335700267820262,0.02930374559111771,0.013440034285599839,0.004737407816120039,0.10291738710702703
google_robot_move_near__seed095__step008,move_near,95,exploration,10,0.053130628215813325,0.12424583235247251,0.03992115400983104,0.07111520413665919,2.338497332419892,0.03970909236094512,0.0698945913960709,0.028495585193425557,0.030185499035125782,0.0409297051015334,0.16622727361072975
google_robot_move_near__seed095__step008,move_near,95,exploration,11,0.050558955407452325,0.2029008834867103,0.022826917084670748,0.15234192807925795,4.013154185080394,0.056028490576608095,0.09188097783217686,0.0232706845576554,0.03585248725556876,0.11648944082368919,0.25081837303878274
google_robot_move_near__seed095__step008,move_near,95,exploration,12,0.04016192450513204,0.10297017477997748,0.022928174650302807,0.06280825027484543,2.563875512659249,0.0563045522191438,0.05836464723737775,0.02004341661737874,0.002060095018233947,0.06074815525661149,0.20867896047343493
google_robot_move_near__seed095__step008,move_near,95,exploration,13,0.03354398700629066,0.06511734456893661,0.019286340450679073,0.031573357562645954,1.9412523787564326,0.05479159607056799,0.08514478111348903,0.027164442247398474,0.03035318504292104,0.0012201725197249144,0.19154996115219092
google_robot_move_near__seed095__step008,move_near,95,exploration,14,0.037585907883780745,0.25388891170620137,0.025384642566505477,0.21630300382242063,6.754896342832808,0.04960769959958105,0.06319163037012698,0.024233589767068353,0.013583930770545934,0.2027190730518747,0.3716286501989998
google_robot_move_near__seed095__step008,move_near,95,exploration,15,0.030008763368355465,0.10943466281830053,0.030884727565822397,0.07854993525247814,3.5433261499577844,0.03744765193907819,0.050227560156569075,0.024458877009123914,0.012779908217490886,0.06577002703498724,0.21470621330797712
google_robot_move_near__seed095__step008,move_near,95,exploration,16,0.032136047028296394,0.10024450225818114,0.01914782378584025,0.06810845522988475,3.1193787515282754,0.03780601799238495,0.05410754278212473,0.028485898327317134,0.01630152478973978,0.05180693044014497,0.19841786395932104
google_robot_move_near__seed095__step008,move_near,95,exploration,17,0.035850156988448435,0.1732665059047148,0.020519421454137304,0.13741634891626636,4.833075234804254,0.039431303809633736,0.047023814425562846,0.027581798848442595,0.00759251061592911,0.12982383830033725,0.20178146944329
google_robot_move_near__seed095__step008,move_near,95,exploration,18,0.049517493820968594,0.10102929756056742,0.030271139180714796,0.05151180373959882,2.0402748557073727,0.04923781025977647,0.0507276657220964,0.03977307121576281,0.0014898554623199306,0.05002194827727889,0.0786432368255845
google_robot_move_near__seed095__step008,move_near,95,exploration,19,0.06846845827026327,0.13353554620738428,0.04144952734848367,0.06506708793712102,1.9503220837876014,0.04258052605250921,0.07199566859843774,0.027992316873989523,0.02941514254592853,0.035651945391192486,0.11112635312007058
google_robot_move_near__seed095__step008,move_near,95,exploration,20,0.06770697606030406,0.1215501736035883,0.04233747489417836,0.053843197543284246,1.7952385511254871,0.06364816227832562,0.05483563910382501,0.03342874881684112,-0.008812523174500611,0.06265572071778486,0.16091511119446977
google_robot_move_near__seed095__step008,move_near,95,exploration,21,0.06819953434710421,0.12410495814086489,0.04694103287882137,0.05590542379376068,1.8197332185470332,0.050546203651726795,0.059867028616695225,0.05431392880236971,0.005553099814325516,0.05035232397943516,0.10097699638994584
google_robot_move_near__seed095__step008,move_near,95,exploration,22,0.0573455882238271,0.09002572551638094,0.041544438886521484,0.03268013729255384,1.5698805837512577,0.046395660766783496,0.04393005988579125,0.030586520717857002,-0.0024656008809922428,0.03514573817354608,0.14628382560861297
google_robot_move_near__seed095__step008,move_near,95,exploration,23,0.04874751482645665,0.056660741121157564,0.09484939444610485,-0.03818865332494729,0.5973758868155266,0.04154530831162114,0.032221580950650745,0.1065698243494669,-0.07434824339881616,0.03615959007386887,0.07902356973477254
google_robot_move_near__seed095__step008,move_near,95,exploration,24,0.063069216071622,0.08048209695050142,0.03331911587337951,0.01741288087887942,1.2760916016318513,0.06442877700655113,0.048225242050336244,0.03594563994279405,-0.016203534956214884,0.0336164158350943,0.11147851967787403
google_robot_move_near__seed095__step008,move_near,95,exploration,25,0.03297696140983789,0.047891478359537804,0.022688747973958236,0.014914516949699912,1.4522708070140908,0.04047287901171422,0.051569965518919764,0.03151589646587971,0.01109708650720554,0.003817430442494371,0.09955296875385145
google_robot_move_near__seed095__step008,move_near,95,exploration,26,0.03940399281201314,0.07029660777383762,0.028346784628256193,0.030892614961824473,1.783997071291877,0.041496680998751666,0.04484897656713509,0.028357408353610128,0.003352295568383422,0.02754031939344105,0.13415865437549712
google_robot_move_near__seed095__step008,move_near,95,exploration,27,0.032100631365333476,0.04422497338611045,0.024940739829069677,0.012124342020776974,1.3776979300746852,0.03387535875162698,0.05281699003412463,0.024886585174243157,0.01894163128249765,-0.006817289261720677,0.07780364018354646
google_robot_move_near__seed095__step008,move_near,95,exploration,28,0.02567847779739283,0.04579154739129216,0.024044059024640962,0.02011306959389933,1.7832656496461576,0.023104753328896277,0.0425311194437322,0.026710668208958708,0.015820451234773495,0.004292618359125835,0.07332546767765358
google_robot_move_near__seed095__step008,move_near,95,exploration,29,0.03590595528762616,0.04705536717741259,0.023225911301505944,0.01114941188978643,1.3105170660541852,0.02941965502642155,0.045870647424822865,0.01918016226619927,0.016450992398401316,-0.0053015805086148865,0.15986065145062867
google_robot_move_near__seed095__step008,move_near,95,exploration,30,0.02864307792040488,0.05734101436802308,0.028041146829006745,0.0286979364476182,2.001915245539106,0.033823852670970996,0.041371522468066135,0.018788299852794805,0.00754766979709514,0.02115026665052306,0.11861094873259503
google_robot_move_near__seed095__step008,move_near,95,exploration,31,0.027823061613792433,0.03731417886954314,0.023274415028116866,0.009491117255750709,1.3411241145024018,0.029612869614406102,0.038540721839637464,0.02603352441358829,0.008927852225231361,0.0005632650305193478,0.23792300474224248
google_robot_move_near__seed095__step040,move_near,95,exploration,0,0.004254612215793722,0.0007462214597736747,0.001914124842761091,-0.003508390756020047,0.17539118065886125,0.004397556696838207,0.0010897713763482633,0.0017616422488267575,-0.003307785320489944,-0.00020060543553010284,0.7434689851943403
google_robot_move_near__seed095__step040,move_near,95,exploration,1,0.004111726957679701,0.007218547375002907,0.006498644462332529,0.0007199029126703782,1.1107773962467222,0.004029695976573429,0.00891379676666882,0.008481827306741177,0.00043196945992764364,0.00028793345274273456,0.35872977873077616
google_robot_move_near__seed095__step040,move_near,95,exploration,2,0.02390096258555915,0.03535381503445646,0.017004882574926293,0.011452852448897311,1.4791795480160732,0.02421923694278596,0.026522183107392065,0.024401944463775346,0.002120238643616719,0.009332613805280592,0.03333712217556695
google_robot_move_near__seed095__step040,move_near,95,exploration,3,0.011208950392398286,0.020610017514446088,0.015303961949762697,0.005306055564683391,1.346711236090447,0.013782134052525282,0.027214541440917603,0.01680140668903975,0.010413134751877853,-0.005107079187194462,0.04144828025437164
google_robot_move_near__seed095__step040,move_near,95,exploration,4,0.022095010196414685,0.041823640700228974,0.021324801687099496,0.01972863050381429,1.8928998144121978,0.015506367398672312,0.027478043674938855,0.024135137231667162,0.0033429064432716933,0.016385724060542596,0.03776003760719959
google_robot_move_near__seed095__step040,move_near,95,exploration,5,0.017703885319767135,0.030942391491988103,0.019077661599427108,0.011864729892560995,1.6219174100937657,0.016263599525185284,0.030933559463253643,0.015880346502104424,0.014669959938068359,-0.002805230045507364,0.05379638525573682
google_robot_move_near__seed095__step040,move_near,95,exploration,6,0.029933138407611283,0.04131054847735066,0.0207988974755072,0.011377410069739378,1.3800941256078372,0.039318138244982,0.051651395073613764,0.022353895352837008,0.012333256828631761,-0.0009558467588923827,0.05813814022928909
google_robot_move_near__seed095__step040,move_near,95,exploration,7,0.047430926132410914,0.0734006564957866,0.03425880235485338,0.025969730363375687,1.547527372560196,0.0315303642686629,0.038292871252733396,0.024154144914754278,0.006762506984070493,0.019207223379305194,0.07904284973812992
google_robot_move_near__seed095__step040,move_near,95,exploration,8,0.02549839741678894,0.05269231206494065,0.024340198712572467,0.02719391464815171,2.066495050792737,0.03189156717922719,0.045091551044359315,0.04201053976119002,0.003081011283169295,0.024112903364982414,0.14091782212381077
google_robot_move_near__seed095__step040,move_near,95,exploration,9,0.05113643236448118,0.08637762239692218,0.03697418794916138,0.035241190032441,1.6891601232806994,0.0498053643665951,0.04653002193938709,0.036411181946190384,-0.0032753424272080126,0.03851653245964901,0.12953022422971117
google_robot_move_near__seed095__step040,move_near,95,exploration,10,0.06267447351464589,0.08272715724847368,0.041587743680815026,0.020052683733827792,1.319949775551634,0.04745223260063401,0.04273106824535617,0.04216152735008327,-0.004721164355277842,0.024773848089105634,0.12659944291090142
google_robot_move_near__seed095__step040,move_near,95,exploration,11,0.05497974628379352,0.16084982785562005,0.03252734520461242,0.10587008157182654,2.925619682298062,0.07357448655431643,0.07444472937604553,0.02604067255320379,0.0008702428217290947,0.10499983875009744,0.20385839908021808
google_robot_move_near__seed095__step040,move_near,95,exploration,12,0.04368075933777571,0.07808270536027086,0.02668056986801325,0.03440194602249515,1.787576648026443,0.06156664498570768,0.07505959650595154,0.025347110910981716,0.013492951520243858,0.02090899450225129,0.20440136547199472
google_robot_move_near__seed095__step040,move_near,95,exploration,13,0.043930365340336376,0.11593780100287605,0.02657879160759129,0.07200743566253967,2.639126720314872,0.04201343433953494,0.04644021185927992,0.022822368091835132,0.004426777519744983,0.06758065814279468,0.14849454708473786
google_robot_move_near__seed095__step040,move_near,95,exploration,14,0.03907227607756184,0.07156687610608105,0.02530079225721998,0.032494600028519206,1.8316536247853752,0.043070021248188955,0.06513972439087312,0.038469130344297275,0.022069703142684166,0.01042489688583504,0.3069969657835827
google_robot_move_near__seed095__step040,move_near,95,exploration,15,0.03534943638299759,0.05728281294846825,0.03460205951024696,0.02193337656547066,1.6204731619432609,0.035408286555604025,0.040146120052985235,0.032646666975386644,0.0047378334973812095,0.01719554306808945,0.23306554097666776
google_robot_move_near__seed095__step040,move_near,95,exploration,16,0.02605934695864498,0.10134123958722809,0.02265262281266508,0.0752818926285831,3.888863360545915,0.03333806150710208,0.043394874179932826,0.03749742060860539,0.005897453571327434,0.06938443905725566,0.11814510244846588
google_robot_move_near__seed095__step040,move_near,95,exploration,17,0.03495188276188753,0.12580306236584435,0.03034968778942181,0.09085117960395682,3.599321479271594,0.04032377677570893,0.041485830917742265,0.034385378118963555,0.0011620541420333322,0.08968912546192348,0.19079360751698005
google_robot_move_near__seed095__step040,move_near,95,exploration,18,0.05087864039613227,0.0716520079146523,0.034438273105124755,0.020773367518520033,1.4082925046106225,0.03303041675516621,0.058207028481503276,0.057750201887785714,0.0004568265937175617,0.02031654092480247,0.06836367418600275
google_robot_move_near__seed095__step040,move_near,95,exploration,19,0.04471016612630086,0.05690264210824935,0.025763342613861113,0.012192475981948489,1.2727003059551647,0.042452313784235446,0.06293598256138623,0.054965736684366176,0.007970245877020055,0.004222230104928434,0.09284008572745961
google_robot_move_near__seed095__step040,move_near,95,exploration,20,0.0537944442193942,0.057729249597660036,0.03411451564003348,0.003934805378265835,1.0731451999432915,0.056752622879690295,0.05034252888170859,0.05116521493384778,-0.006410093997981703,0.010344899376247538,0.09442276122342719
google_robot_move_near__seed095__step040,move_near,95,exploration,21,0.03252668657511286,0.08369988534962411,0.04762149660363018,0.03607838874599393,1.7576072009304236,0.03622404916345259,0.06367501134770008,0.06972916314765651,-0.006054151799956428,0.04213254054595036,0.08653875700858293
google_robot_move_near__seed095__step040,move_near,95,exploration,22,0.0320153216697244,0.050999869257658106,0.03737351478526107,0.013626354472397038,1.3645992235595363,0.060751740897502515,0.05757141688183274,0.05189606081444487,-0.0031803240156697762,0.016806678488066815,0.09716061131578613
google_robot_move_near__seed095__step040,move_near,95,exploration,23,0.03757575518200256,0.03913342636512302,0.1153001339846726,-0.07616670761954958,0.3394048646146865,0.04785293745031951,0.04962765132728649,0.03249893819885076,0.0017747138769669824,-0.07794142149651656,0.07508031017832195
google_robot_move_near__seed095__step040,move_near,95,exploration,24,0.056314481241779825,0.0692726695969834,0.04531269889226481,0.012958188355203577,1.2301040171100763,0.05128560942340473,0.0590314258312925,0.03261784151392166,0.007745816407887768,0.0052123719473158095,0.0662569401384836
google_robot_move_near__seed095__step040,move_near,95,exploration,25,0.03650432089464496,0.04699315458315041,0.045075589446530125,0.0019175651366202875,1.042541099521171,0.039158472174510864,0.04538898329689653,0.027269553253676516,0.006230511122385665,-0.004312945985765378,0.08751409834172108
google_robot_move_near__seed095__step040,move_near,95,exploration,26,0.0458694196546963,0.05539145061177033,0.02742913230386796,0.009522030957074032,1.2075899592529318,0.029497462672647908,0.04647249480483122,0.058545905428475674,-0.012073410623644455,0.021595441580718487,0.12212636739860727
google_robot_move_near__seed095__step040,move_near,95,exploration,27,0.04862092263478911,0.03911330958079241,0.029444280311475862,-0.009507613053996694,0.8044542855467364,0.03446622865452094,0.029964312076214417,0.03163091851707531,-0.004501916578306522,-0.005005696475690172,0.09264593073717364
google_robot_move_near__seed095__step040,move_near,95,exploration,28,0.03080880121866718,0.044920824200722964,0.036180936281050145,0.008739887919672819,1.2415605790790538,0.03990746116771654,0.04314126049180458,0.029434722042356934,0.0032337993240880367,0.005506088595584782,0.1021147128569524
google_robot_move_near__seed095__step040,move_near,95,exploration,29,0.029513321372239,0.03838414798900165,0.018146218121084048,0.008870826616762653,1.3005702579143392,0.041982008140772915,0.04511531422406807,0.03344352779592412,0.003133306083295158,0.005737520533467495,0.15678230601595544
google_robot_move_near__seed095__step040,move_near,95,exploration,30,0.027402007926575687,0.033810635331877135,0.019062695526060942,0.006408627405301449,1.2338743723625478,0.030334951575396712,0.03504045785264603,0.016288267757466633,0.0047055062772493154,0.0017031211280521333,0.14330337437698404
google_robot_move_near__seed095__step040,move_near,95,exploration,31,0.031046734355058597,0.037336648826362784,0.04590283377045224,-0.008566184944089457,0.813384398293869,0.03867644362682388,0.03969112271244527,0.030670231840007844,0.0010146790856213894,-0.009580864029710846,0.23304177922409508
google_robot_move_near__seed095__step071,move_near,95,exploration,0,0.003759810640681018,0.0007882339011343766,0.0016858261474662624,-0.0029715767395466415,0.20964723398718907,0.004749886040644714,0.0008327169551121475,0.0017804824590786522,-0.003917169085532567,0.0009455923459859255,0.7421428131638095
google_robot_move_near__seed095__step071,move_near,95,exploration,1,0.005073132476313687,0.007415498044046046,0.0069053652586927305,0.0005101327853533153,1.073874844594374,0.0037156476985152026,0.006279222071509214,0.00727721763428321,-0.0009979955627739965,0.0015081283481273118,0.40046620287466794
google_robot_move_near__seed095__step071,move_near,95,exploration,2,0.01871841651227143,0.026995428502470848,0.01599072368034972,0.00827701199019942,1.4421854799936293,0.02193871329027223,0.030367541081736876,0.018252643674824827,0.008428827791464647,-0.00015181580126522737,0.055024748007781454
google_robot_move_near__seed095__step071,move_near,95,exploration,3,0.012362248904374373,0.017440832769915062,0.013943465609599807,0.0034973671603152554,1.250824813445761,0.014176745559285019,0.02326128546888263,0.012385327952722323,0.009084539909597612,-0.005587172749282356,0.03739502059795541
google_robot_move_near__seed095__step071,move_near,95,exploration,4,0.017523254134869715,0.029459151388057093,0.016174104599284013,0.011935897253187378,1.681146159344685,0.023947917999521666,0.03777088591424135,0.023443388489341414,0.013822967914719687,-0.0018870706615323092,0.04094732027306236
google_robot_move_near__seed095__step071,move_near,95,exploration,5,0.023512326690979173,0.03342954251987192,0.01582890482217532,0.00991721582889275,1.4217879395448187,0.016789126961396617,0.021664809354489552,0.023742712108607775,-0.0020779027541182223,0.011995118583010972,0.04850022683751831
google_robot_move_near__seed095__step071,move_near,95,exploration,6,0.033575417239173865,0.05720690804894043,0.02953666522368057,0.023631490809766564,1.7038331241404412,0.035434001447796785,0.05039765460166758,0.01855456085587995,0.014963653153870791,0.008667837655895773,0.05926951463663954
google_robot_move_near__seed095__step071,move_near,95,exploration,7,0.054039457615866995,0.064628716724477,0.0340209326722802,0.01058925910861,1.1959542078287033,0.030181947779319644,0.03624769297464257,0.02119923036926558,0.006065745195322929,0.004523513913287071,0.08541395433553589
google_robot_move_near__seed095__step071,move_near,95,exploration,8,0.024938181421117804,0.04698127676924039,0.020386316031403794,0.022043095348122585,1.8839094950787534,0.04133904767280885,0.04801499271137926,0.028169943915030898,0.006675945038570413,0.015367150309552172,0.14238106528318895
google_robot_move_near__seed095__step071,move_near,95,exploration,9,0.037165125482219084,0.08583673463992111,0.03705797358975999,0.04867160915770203,2.309604327341448,0.056788586443083384,0.07542155112903765,0.033744018960496024,0.01863296468595426,0.03003864447174777,0.12766382331392379
google_robot_move_near__seed095__step071,move_near,95,exploration,10,0.047213546357736697,0.09591328747984029,0.029380292128105764,0.048699741122103596,2.0314781430123046,0.03267807101975296,0.06516068382126405,0.02423145069054133,0.032482612801511095,0.0162171283205925,0.1486473916502291
google_robot_move_near__seed095__step071,move_near,95,exploration,11,0.06912570287657287,0.14808277622006286,0.02819422200725273,0.07895707334348999,2.142224528038022,0.06291499024044929,0.10387377560009006,0.035962770175582165,0.04095878535964077,0.037998287983849216,0.21697516343056122
google_robot_move_near__seed095__step071,move_near,95,exploration,12,0.04700594297634583,0.0774437948977054,0.029020862941104505,0.030437851921359574,1.647531992639237,0.04614173119041638,0.07196137267611095,0.025286597033133306,0.025819641485694572,0.004618210435665002,0.2500343693548075
google_robot_move_near__seed095__step071,move_near,95,exploration,13,0.041633241757135855,0.09914067073248299,0.027562630350522248,0.057507428975347136,2.3812863603274534,0.043304926063585776,0.06330468641005943,0.027959128753359912,0.019999760346473654,0.03750766862887348,0.17724048933598624
google_robot_move_near__seed095__step071,move_near,95,exploration,14,0.027644617958916064,0.11845010551051666,0.028505815273372422,0.08994429023714423,4.155296186920924,0.05453111102139896,0.05741751240159155,0.029264274092107086,0.0028864013801925895,0.08705788885695165,0.3542762470751768
google_robot_move_near__seed095__step071,move_near,95,exploration,15,0.04309540988250973,0.0490065586024276,0.03340828137731661,0.005911148719917866,1.137164230158927,0.037825195928884246,0.041077433445953875,0.03950665987733008,0.0015707735686237914,0.004340375151294075,0.22066774598761185
google_robot_move_near__seed095__step071,move_near,95,exploration,16,0.025768539283380104,0.04843535810527907,0.028709412361130147,0.01972594574414892,1.6870898469122273,0.02699683821194015,0.043502886999445434,0.0309114433616761,0.012591443637769335,0.007134502106379587,0.1459350055428672
google_robot_move_near__seed095__step071,move_near,95,exploration,17,0.05182142474077736,0.060380699047028946,0.03309733300280465,0.008559274306251585,1.1651686411376576,0.03757099424508725,0.05042496485130556,0.026199094518139867,0.012853970606218311,-0.004294696299966726,0.17699962196400065
google_robot_move_near__seed095__step071,move_near,95,exploration,18,0.056866777101052784,0.09082942942026388,0.0403076871136452,0.0339626523192111,1.5972318821384788,0.046042127856020465,0.056775643509484955,0.03928379592271596,0.01073351565346449,0.023229136665746608,0.13148204050054346
google_robot_move_near__seed095__step071,move_near,95,exploration,19,0.0544676559002038,0.06306138684108406,0.025606010259553665,0.008593730940880263,1.1577767722669356,0.048311245978751256,0.060799878408099625,0.045663192782522864,0.012488632429348369,-0.0038949014884681055,0.09403504325501899
google_robot_move_near__seed095__step071,move_near,95,exploration,20,0.04574897445699222,0.11870256774322172,0.04976919632278373,0.06893337142043798,2.3850609717175826,0.05185643725063757,0.0301825113889168,0.04561593016727664,-0.02167392586172077,0.09060729728215876,0.1343866975854553
google_robot_move_near__seed095__step071,move_near,95,exploration,21,0.04640273910680784,0.10953902760181117,0.04375310405116229,0.06313628849500333,2.360615552234512,0.038326883357104075,0.053097844288504704,0.03617970785278152,0.01477096093140063,0.0483653275636027,0.08900887748828268
google_robot_move_near__seed095__step071,move_near,95,exploration,22,0.04982676961502187,0.08254216915659246,0.04810446688792468,0.03271539954157059,1.6565827926301586,0.04482520394555448,0.038051300572230926,0.029584953564986784,-0.006773903373323557,0.03948930291489415,0.1151985809380136
google_robot_move_near__seed095__step071,move_near,95,exploration,23,0.04064311364585288,0.06032028793348793,0.06762598301171172,-0.0073056950782237826,0.8919691107934274,0.04457109518041694,0.030995380978645033,0.03420812762551258,-0.01357571420177191,0.006270019123548128,0.08176619938821261
google_robot_move_near__seed095__step071,move_near,95,exploration,24,0.044348699786737264,0.07075479796260263,0.0295263621881928,0.026406098175865367,1.5954198951231093,0.04003643120172824,0.055694703203507376,0.04632098407720496,0.009373719126302416,0.01703237904956295,0.07918648662897354
google_robot_move_near__seed095__step071,move_near,95,exploration,25,0.0571088592683081,0.07275251792927902,0.030728772626911635,0.015643658660970915,1.273927002944921,0.04744970723272766,0.02653408087691508,0.024355724798252067,-0.020915626355812577,0.03655928501678349,0.08392742063911385
google_robot_move_near__seed095__step071,move_near,95,exploration,26,0.049995766736353774,0.08338002639768774,0.02615211177252897,0.033384259661333966,1.6677417277623034,0.040075306175334016,0.02812492281800454,0.03863885789236872,-0.011950383357329477,0.04533464301866344,0.13904457539021564
google_robot_move_near__seed095__step071,move_near,95,exploration,27,0.026017074166837406,0.0651449011529869,0.025210321384404124,0.0391278269861495,2.5039287944231514,0.031376152000239625,0.025213781456998235,0.025390742096644894,-0.00616237054324139,0.04529019752939089,0.11389854260639254
google_robot_move_near__seed095__step071,move_near,95,exploration,28,0.06236744898985125,0.0682049434095471,0.027862018749853463,0.005837494419695846,1.0935984157480252,0.04225986818359167,0.043266552261695575,0.039808822481746074,0.001006684078103906,0.00483081034159194,0.10928210033220864
google_robot_move_near__seed095__step071,move_near,95,exploration,29,0.04424726954067331,0.06712991303239574,0.027656625180564474,0.022882643491722428,1.5171537979465166,0.025653940802468415,0.037005735901984464,0.03228480979749988,0.004720926104484581,0.018161717387237847,0.17273255853220348
google_robot_move_near__seed095__step071,move_near,95,exploration,30,0.04269022633066715,0.06483609564002063,0.02439015214186189,0.02214586930935348,1.5187573646908652,0.03283080704838722,0.03973704877667207,0.023239841869457024,0.0069062417282848496,0.01523962758106863,0.1521494204218925
google_robot_move_near__seed095__step071,move_near,95,exploration,31,0.03213149682708963,0.05320589723585196,0.024269448800961553,0.02107440040876233,1.655879821664417,0.027732221150973776,0.0202540554214509,0.02822649773064013,-0.007972442309189233,0.029046842717951563,0.22820759149544756
google_robot_move_near__seed098__step008,move_near,98,exploration,0,0.004675431834514732,0.000723173210426646,0.0024020760324949234,-0.003952258624088086,0.1546751692727234,0.004565817068900893,0.0006385324307986241,0.0018402087950968808,-0.003927284638102269,-2.497398598581748e-05,0.7251227724482305
google_robot_move_near__seed098__step008,move_near,98,exploration,1,0.005203189002201958,0.0029780892566517417,0.00605247622692814,-0.003074386970276398,0.4920447672973735,0.003892379521428307,0.0026253174954225917,0.006954210351609648,-0.004328892856187056,0.0012545058859106581,0.3537697540887166
google_robot_move_near__seed098__step008,move_near,98,exploration,2,0.02652609167790598,0.022363180182093528,0.016686490400352274,-0.004162911495812452,0.8430635185024332,0.02297732030899613,0.018536993059550165,0.023251466413938493,-0.004714473354388328,0.0005515618585758761,0.028196879504946537
google_robot_move_near__seed098__step008,move_near,98,exploration,3,0.014252755100178389,0.042650994979053634,0.018528482830464897,0.024122512148588737,2.3019151308452535,0.014862986511371119,0.02210822814274917,0.018054190264158828,0.004054037878590343,0.020068474269998395,0.0383732683000062
google_robot_move_near__seed098__step008,move_near,98,exploration,4,0.025457303828638613,0.026357849794213406,0.014662914503054368,0.0009005459655747929,1.035374758129795,0.025811448342127796,0.022494943643379537,0.020254478403838653,-0.0033165046987482585,0.004217050664323051,0.0477380772615561
google_robot_move_near__seed098__step008,move_near,98,exploration,5,0.020349479776394317,0.029669171664167097,0.024337247192218057,0.005331924471949041,1.2190849453858508,0.019444521366062503,0.036523671068463257,0.02591319500136079,0.010610476067102467,-0.005278551595153426,0.06189769348088703
google_robot_move_near__seed098__step008,move_near,98,exploration,6,0.03856414385789123,0.02621688717839769,0.02399798270062796,-0.012347256679493542,0.6798254688346472,0.02962094372055089,0.02839611818493946,0.022386520762200417,-0.001224825535611429,-0.011122431143882113,0.05428690223288868
google_robot_move_near__seed098__step008,move_near,98,exploration,7,0.03507591858289951,0.06008673295147299,0.026791459642715232,0.025010814368573477,1.7130480220913429,0.04898350347973509,0.07471432905412634,0.028970073668224353,0.02573082557439125,-0.0007200112058177721,0.08061248897831774
google_robot_move_near__seed098__step008,move_near,98,exploration,8,0.038966533836881395,0.05651772890304674,0.02587404794140183,0.017551195066165343,1.4504171487163,0.04424242003550699,0.04835764446043558,0.022704022908313297,0.004115224424928586,0.013435970641236757,0.13639167706833177
google_robot_move_near__seed098__step008,move_near,98,exploration,9,0.050759445882080124,0.05824063372489626,0.03551648491677907,0.007481187842816137,1.1473851361615683,0.057128158289942325,0.0505365690373429,0.027336810933253627,-0.006591589252599422,0.014072777095415559,0.09303146022102737
google_robot_move_near__seed098__step008,move_near,98,exploration,10,0.05685669094911121,0.08016037980832803,0.031207554492473758,0.023303688859216826,1.4098671320860805,0.03616720325848635,0.07148363135715755,0.03834392444852479,0.03313970690863276,-0.009836018049415932,0.18159985998909178
google_robot_move_near__seed098__step008,move_near,98,exploration,11,0.04252717438330426,0.1058224115654288,0.020333412163709833,0.06329523718212454,2.4883480527446853,0.04803539597512057,0.08681034449039589,0.028954822690324032,0.03877494851527532,0.024520288666849223,0.23087346818510923
google_robot_move_near__seed098__step008,move_near,98,exploration,12,0.03607599604180962,0.07680280099823526,0.019059919868925128,0.040726804956425645,2.1289169925960203,0.04079923257014182,0.07051712632984736,0.01767225047105164,0.029717893759705537,0.011008911196720109,0.25517727206670315
google_robot_move_near__seed098__step008,move_near,98,exploration,13,0.03810122066966888,0.10870253787588177,0.020839179605254443,0.07060131720621289,2.85299357777312,0.04387123777926762,0.029072901058991952,0.01872284437651637,-0.014798336720275671,0.08539965392648856,0.2001251050155588
google_robot_move_near__seed098__step008,move_near,98,exploration,14,0.03129347847021671,0.2063312974706523,0.037595649263508744,0.16873564820714354,5.488169549206921,0.056123644417021334,0.06047032149600972,0.03815350080835171,0.0043466770789883855,0.16438897112815515,0.36406846797262915
google_robot_move_near__seed098__step008,move_near,98,exploration,15,0.03635809927070831,0.1081857556930815,0.04383230050050796,0.06435345519257354,2.4681742563757925,0.027982252055461797,0.03674784255140471,0.026251962185596237,0.008765590495942912,0.05558786469663063,0.23022145624690893
google_robot_move_near__seed098__step008,move_near,98,exploration,16,0.03347919553094428,0.10860923403350912,0.01796289829522007,0.07513003850256485,3.2440813559311295,0.03892300947508134,0.0455949240757469,0.031033835187618083,0.00667191460066556,0.06845812390189929,0.1913917319027405
google_robot_move_near__seed098__step008,move_near,98,exploration,17,0.04559621353654163,0.08663811202286506,0.026620632835376357,0.04104189848632343,1.9001163759668709,0.08632893369017386,0.046311878165545245,0.028676605559902903,-0.040017055524628614,0.08105895401095205,0.1996569533669117
google_robot_move_near__seed098__step008,move_near,98,exploration,18,0.06214560719923003,0.07364382001300188,0.03801663511888104,0.01149821281377185,1.1850205240880536,0.03651946864286034,0.05349804881044117,0.03137109160470747,0.01697858016758083,-0.005480367353808982,0.08741042306897384
google_robot_move_near__seed098__step008,move_near,98,exploration,19,0.04605202195031107,0.09286439079150839,0.049166520531626776,0.043697870259881616,1.8887728842184917,0.03047202894925709,0.05392934154554743,0.03855604467593683,0.0153732968696106,0.028324573390271016,0.09728725843825714
google_robot_move_near__seed098__step008,move_near,98,exploration,20,0.038189892385563716,0.10661472283094191,0.04842238865262564,0.05819233417831627,2.201765047069004,0.06214650857635158,0.06038155362553052,0.03563372028363323,-0.00176495495082106,0.05995728912913733,0.14181792454971287
google_robot_move_near__seed098__step008,move_near,98,exploration,21,0.03583224373923717,0.11536605968565773,0.041394798838913345,0.07397126084674438,2.7869699315269387,0.05458644125777894,0.06707321599025073,0.036144431261211,0.01248677473247179,0.06148448611427259,0.10467609905751374
google_robot_move_near__seed098__step008,move_near,98,exploration,22,0.05069006542955772,0.11618744174231738,0.042143309839241035,0.06549737631275965,2.292114653191347,0.05544084607817473,0.06476637304050169,0.038059887724343856,0.009325526962326955,0.05617184935043269,0.13660546837024867
google_robot_move_near__seed098__step008,move_near,98,exploration,23,0.058773158340024646,0.05732590337409368,0.061856892505563726,-0.004530989131470049,0.9267504566114033,0.054992595310382295,0.044667876313848526,0.10618903208717809,-0.06152115577332956,0.05699016664185951,0.07510849477557713
google_robot_move_near__seed098__step008,move_near,98,exploration,24,0.044741447307591234,0.0986385373088937,0.03567258241065594,0.05389709000130247,2.204634477529693,0.08164796847882849,0.0831608613032597,0.038041098189104165,0.0015128928244312057,0.05238419717687126,0.09817205698009701
google_robot_move_near__seed098__step008,move_near,98,exploration,25,0.03030854964209468,0.05202946511393904,0.019721099580242065,0.021720915471844363,1.716659679474626,0.04525116756826758,0.04199681064423755,0.037153561383619714,-0.003254356924030033,0.024975272395874396,0.12392048638584185
google_robot_move_near__seed098__step008,move_near,98,exploration,26,0.04041773269841009,0.06386620405363533,0.024043402097218135,0.023448471355225237,1.5801530612860832,0.03804365133193113,0.04935433252215407,0.03460503419617962,0.011310681190222938,0.012137790165002299,0.10146557998177741
google_robot_move_near__seed098__step008,move_near,98,exploration,27,0.024825846792355888,0.049563231830341996,0.024600784331098823,0.024737385037986108,1.9964367074722698,0.03799586152264496,0.04302673541405174,0.028174610909754504,0.00503087389140678,0.019706511146579328,0.11517426121007901
google_robot_move_near__seed098__step008,move_near,98,exploration,28,0.028356498310366674,0.05333512193384901,0.025599521763045488,0.024978623623482337,1.8808782858196056,0.035846434313288725,0.05062062825290263,0.03599730755309663,0.014623320699806,0.010355302923676337,0.10234074510537283
google_robot_move_near__seed098__step008,move_near,98,exploration,29,0.0290851827156275,0.05931522474273328,0.023363852686138303,0.030230042027105778,2.039362287068018,0.03534063693992257,0.032228763554820225,0.027363258582448927,-0.003111873385102347,0.03334191541220813,0.17331265057225664
google_robot_move_near__seed098__step008,move_near,98,exploration,30,0.02552764296609756,0.04263497904637712,0.03147629245194296,0.011158686594434163,1.3545108310157845,0.03143423261748873,0.0434021361736202,0.027079642003411356,0.01196790355613147,-0.0008092169616973066,0.13477764976238404
google_robot_move_near__seed098__step008,move_near,98,exploration,31,0.030233036365085956,0.03741897732876693,0.037347202925526964,7.177440323996587e-05,1.0019218146907303,0.036173631655700485,0.03007392503843289,0.02838629421862465,-0.0060997066172675946,0.00617148102050756,0.2416051311006413
google_robot_move_near__seed098__step040,move_near,98,exploration,0,0.003946658293134594,0.000654785010890255,0.0019454095985740232,-0.0032918732822443393,0.1659087162497158,0.004202024085308548,0.000603442441724757,0.0018642732341573518,-0.003598581643583791,0.00030670836133945157,0.7409025497036055
google_robot_move_near__seed098__step040,move_near,98,exploration,1,0.004823434713453268,0.0028272660285035664,0.006399248674525076,-0.0035719826460215097,0.4418121833206292,0.004064059029693108,0.0029750157676935065,0.006909308251352914,-0.003934292483659407,0.0003623098376378969,0.41815703886095434
google_robot_move_near__seed098__step040,move_near,98,exploration,2,0.02227661197525879,0.016019717693287843,0.017703215665040236,-0.0062568942819709455,0.7191272044007375,0.029363534410036373,0.017642303617305698,0.019440381842049295,-0.011721230792730675,0.00546433651075973,0.05600337631142338
google_robot_move_near__seed098__step040,move_near,98,exploration,3,0.013489435582296127,0.01995278218619494,0.011281263856759385,0.006463346603898813,1.4791413669213462,0.013409135987070026,0.029464576301699335,0.019922446775983135,0.0095421295257162,-0.0030787829218173867,0.032724371892015824
google_robot_move_near__seed098__step040,move_near,98,exploration,4,0.01949677131875171,0.01803136468741132,0.022217702965953653,-0.004186338278542333,0.8115764584233813,0.020767512235677153,0.01910588359234199,0.017137482801625418,-0.0016616286433351647,-0.002524709635207168,0.02340428984598475
google_robot_move_near__seed098__step040,move_near,98,exploration,5,0.020995649513024867,0.034161796920246845,0.034388060479891035,-0.00022626355964418948,0.9934202872599779,0.02907640412156519,0.030205977452823107,0.03292798482466938,-0.0027220073718462745,0.002495743812202085,0.03215360740466622
google_robot_move_near__seed098__step040,move_near,98,exploration,6,0.04774610687654229,0.03191162087064834,0.030892469982424,-0.015834486005893947,0.6683606886141026,0.036306457892387255,0.03697007201961925,0.023608517046372453,0.0006636141272319956,-0.016498100133125942,0.03460827196295213
google_robot_move_near__seed098__step040,move_near,98,exploration,7,0.037377497953267995,0.07155790286224147,0.028536972245343958,0.03418040490897347,1.914464765718354,0.0397245401907651,0.06948889933379278,0.0370615975777233,0.029764359143027677,0.004416045765945793,0.08801440125193949
google_robot_move_near__seed098__step040,move_near,98,exploration,8,0.036224847377408886,0.06156145446257168,0.024948148417075516,0.02533660708516279,1.699426192778485,0.02912494636294597,0.05672318343642467,0.029391273373681887,0.027331910062742784,-0.0019953029775799935,0.10434645551777066
google_robot_move_near__seed098__step040,move_near,98,exploration,9,0.034043065363943484,0.04908196479817518,0.04158835482882244,0.007493609969352735,1.180185294662326,0.03450144102659703,0.060495410319746985,0.02451607432616855,0.025993969293149954,-0.01850035932379722,0.11488759877647681
google_robot_move_near__seed098__step040,move_near,98,exploration,10,0.05406526147511423,0.05513111110906579,0.029899876931084174,0.0010658496339515586,1.0197141307536663,0.07000859760799323,0.07801441220837814,0.03367729284092317,0.008005814600384908,-0.00693996496643335,0.13718096909269661
google_robot_move_near__seed098__step040,move_near,98,exploration,11,0.05691844597434476,0.11437154207745649,0.02769848326811342,0.05745309610311173,2.0093932664466623,0.06898317102844234,0.10208032390350216,0.019957660105904045,0.03309715287505982,0.02435594322805191,0.221964383190425
google_robot_move_near__seed098__step040,move_near,98,exploration,12,0.04583071944587885,0.09433190403975769,0.023527076419716103,0.048501184593878845,2.058268017179035,0.05494560695106503,0.06739150059948187,0.023912213557022038,0.01244589364841684,0.036055290945462004,0.2005942571572632
google_robot_move_near__seed098__step040,move_near,98,exploration,13,0.04268310891098496,0.08968797002832868,0.028840661348693425,0.04700486111734372,2.101252048330681,0.04650007032783768,0.06041118114566549,0.028913844034529457,0.01391111081782781,0.03309375029951591,0.18774853974764483
google_robot_move_near__seed098__step040,move_near,98,exploration,14,0.05582841866452095,0.2226690627988441,0.03224850158654355,0.16684064413432315,3.988453696617967,0.04610338915281951,0.050078857386749116,0.029685165514486748,0.003975468233929608,0.16286517590039354,0.3115431109877136
google_robot_move_near__seed098__step040,move_near,98,exploration,15,0.0440257722130057,0.11597482488109005,0.039987662971368944,0.07194905266808435,2.634248510621917,0.05117868074811768,0.07096223459454717,0.03181368863417393,0.01978355384642949,0.05216549882165486,0.24249841470305
google_robot_move_near__seed098__step040,move_near,98,exploration,16,0.03189565620077714,0.13973383548462542,0.02466203867106062,0.10783817928384828,4.380967571415596,0.0481690118356232,0.05749178847839595,0.027300589703848292,0.00932277664277275,0.09851540264107553,0.1377637233345581
google_robot_move_near__seed098__step040,move_near,98,exploration,17,0.058473347619673655,0.17873479255282712,0.03264714240548104,0.12026144493315347,3.056688214866133,0.06376206530219378,0.062468117667001416,0.02972930902845664,-0.0012939476351923607,0.12155539256834583,0.21653989223659664
google_robot_move_near__seed098__step040,move_near,98,exploration,18,0.09159353535541402,0.11861268454987353,0.03805873888824893,0.02701914919445951,1.2949896964847578,0.05353011351799736,0.0541221064324862,0.037701230249571796,0.0005919929144888453,0.026427156279970665,0.10452136294304637
google_robot_move_near__seed098__step040,move_near,98,exploration,19,0.06750771596438133,0.11268192312001082,0.04036200421401553,0.04517420715562949,1.6691710200870145,0.05300787257649731,0.08406629575747374,0.04015482232023184,0.031058423180976423,0.014115783974653066,0.08877398660553126
google_robot_move_near__seed098__step040,move_near,98,exploration,20,0.06518747431412009,0.10501283528058432,0.0305523794411903,0.03982536096646423,1.6109357876722916,0.03031098807663496,0.053428209618184036,0.03919680241436437,0.014231407203819664,0.025593953762644568,0.1272328141404273
google_robot_move_near__seed098__step040,move_near,98,exploration,21,0.07314052336311237,0.1070017349243211,0.04148656963350455,0.033861211561208734,1.4629610235778852,0.058310922122681595,0.0814451107261202,0.06031536807980878,0.021129742646311428,0.012731468914897306,0.1367721135181057
google_robot_move_near__seed098__step040,move_near,98,exploration,22,0.046624835995510996,0.08453046733572182,0.0442019370040608,0.03790563134021083,1.8129922718411353,0.028996391106160473,0.04034092685439862,0.02571673440570991,0.011344535748238148,0.02656109559197268,0.12062216419897709
google_robot_move_near__seed098__step040,move_near,98,exploration,23,0.058054966937689696,0.05817505235526732,0.09771456870993055,-0.039539516354663226,0.5953569986883144,0.05190658806484494,0.05071049794105086,0.08806978535523032,-0.03735928741417945,-0.0021802289404837735,0.06544370824781964
google_robot_move_near__seed098__step040,move_near,98,exploration,24,0.08638693356146172,0.07096660950879743,0.0427849244615355,-0.015420324052664289,0.8214970318202904,0.05052229386386627,0.0801664466577219,0.038758638646074026,0.02964415279385562,-0.04506447684651991,0.0818287846415231
google_robot_move_near__seed098__step040,move_near,98,exploration,25,0.04966441705994867,0.047015696170848276,0.037875390771259954,-0.0026487208891003977,0.9466676335714724,0.04869505937592535,0.03955930451124759,0.03484760857665368,-0.009135754864677763,0.006487033975577365,0.0827783193235323
google_robot_move_near__seed098__step040,move_near,98,exploration,26,0.047185370798264216,0.0644034227034446,0.03878188101937743,0.01721805190518038,1.3649023333692605,0.038654682002884806,0.05854796193626832,0.0247821324084477,0.019893279933383516,-0.002675228028203136,0.11103714156490341
google_robot_move_near__seed098__step040,move_near,98,exploration,27,0.03772003017618733,0.04210000791261755,0.02229982252712167,0.0043799777364302225,1.1161180867558083,0.027182918601396617,0.04636228869906824,0.033084418715852416,0.013277869983215826,-0.008897892246785603,0.08513592762572841
google_robot_move_near__seed098__step040,move_near,98,exploration,28,0.03605397007126366,0.04386586606683305,0.02984120588318994,0.00781189599556939,1.2166722826953185,0.04549339590609661,0.0336558844542975,0.030153210502756978,-0.011837511451799114,0.019649407447368504,0.08051175275804212
google_robot_move_near__seed098__step040,move_near,98,exploration,29,0.034978228131394506,0.0524337213893513,0.02353831322632099,0.01745549325795679,1.4990388075801275,0.03415186474060856,0.03222661501722754,0.026502160535177996,-0.0019252497233810187,0.01938074298133781,0.16909349679957586
google_robot_move_near__seed098__step040,move_near,98,exploration,30,0.03146976285650446,0.04125736083950763,0.025993604573135924,0.009787597983003167,1.3110159433877073,0.029361376229534695,0.03316124051511831,0.0254676977197773,0.003799864285583616,0.005987733697419551,0.13823832162631788
google_robot_move_near__seed098__step040,move_near,98,exploration,31,0.028766226811044696,0.03668210074088784,0.033696463052558044,0.0029856376883297953,1.0886038894845713,0.024689642086865363,0.03528500734186809,0.04948589530270079,-0.0142008879608327,0.017186525649162496,0.21560149364313475
google_robot_move_near__seed098__step071,move_near,98,exploration,0,0.0038445524831498303,0.000673812496818008,0.0018680790318291013,-0.0031707399863318223,0.1752642211990186,0.004001872570818472,0.0005925025397972872,0.0017951762198007367,-0.0034093700310211853,0.00023863004468936298,0.7379464830737561
google_robot_move_near__seed098__step071,move_near,98,exploration,1,0.004557961146392442,0.0026810668179592283,0.005947430449894286,-0.0032663636319350577,0.45079414388223465,0.003507561224296135,0.0025737232067787777,0.005725064763816662,-0.0031513415570378843,-0.00011502207489717331,0.401379121147329
google_robot_move_near__seed098__step071,move_near,98,exploration,2,0.023258634333616853,0.016261153965297197,0.017167624865552383,-0.006997480368319656,0.6991448307777103,0.025499594531690612,0.016721771117407358,0.016908675107908736,-0.008777823414283254,0.0017803430459635977,0.05335396169323303
google_robot_move_near__seed098__step071,move_near,98,exploration,3,0.011402890903236988,0.01923929613167465,0.010940168302289964,0.007836405228437662,1.6872296942008898,0.01395106228240812,0.03611232529746302,0.016200486764380205,0.019911838533082815,-0.012075433304645153,0.037349868265010855
google_robot_move_near__seed098__step071,move_near,98,exploration,4,0.01966438987900013,0.019966693195519903,0.024950720237608432,-0.004984027042088529,0.8002451634812504,0.020880936294172037,0.022064832211506014,0.014432488559831874,0.001183895917333977,-0.006167922959422506,0.02563311735281104
google_robot_move_near__seed098__step071,move_near,98,exploration,5,0.02275119078847041,0.03566665523478913,0.0282494542197869,0.00741720101500223,1.2625608607265397,0.028140766325313957,0.03631526454057964,0.03702682782605626,-0.0007115632854766199,0.00812876430047885,0.035845565395504764
google_robot_move_near__seed098__step071,move_near,98,exploration,6,0.0445584154169346,0.03448920053686827,0.029139177464670974,-0.010069214880066332,0.7740221507913074,0.037431333738707724,0.037520516079320644,0.02588682422736472,8.918234061291996e-05,-0.010158397220679252,0.04007212278531824
google_robot_move_near__seed098__step071,move_near,98,exploration,7,0.03434726485922543,0.05663620437459985,0.027461163265583198,0.022288939515374417,1.6489290954236715,0.03757114974573585,0.06054622423543884,0.033980345198676286,0.022975074489702985,-0.0006861349743285672,0.09162665199897901
google_robot_move_near__seed098__step071,move_near,98,exploration,8,0.034827453584475185,0.06347806996046376,0.030105338937884918,0.028650616375988577,1.8226445929070159,0.025284188321871095,0.07192321670892383,0.033794456874509174,0.03812875983441466,-0.009478143458426083,0.11657917595266554
google_robot_move_near__seed098__step071,move_near,98,exploration,9,0.0399200094634122,0.06080665713353408,0.04337095073836216,0.017435706395171918,1.4020134698073339,0.04338175246334984,0.08366552959526155,0.02832213220702952,0.04028377713191171,-0.022848070736739792,0.10895245901019734
google_robot_move_near__seed098__step071,move_near,98,exploration,10,0.05006642256227611,0.06490945430919537,0.035364189316048227,0.014843031746919262,1.2964667932576261,0.03921878606781601,0.10416981202850328,0.043836324103338375,0.06033348792516491,-0.045490456178245646,0.14713182069294817
google_robot_move_near__seed098__step071,move_near,98,exploration,11,0.057923897922190014,0.09623246429370488,0.025043182223166423,0.03830856637151487,1.661360297661171,0.05921329434374549,0.121723131920046,0.027851246529598483,0.0625098375763005,-0.024201271204785636,0.23714610949036796
google_robot_move_near__seed098__step071,move_near,98,exploration,12,0.04606301251013789,0.10414931218709768,0.024487982187116567,0.05808629967695979,2.2610182554642018,0.036884648589312376,0.11457152497288581,0.018881147534936683,0.07768687638357344,-0.01960057670661365,0.2065795547016478
google_robot_move_near__seed098__step071,move_near,98,exploration,13,0.04152876719221786,0.0943321093555912,0.02944467419915107,0.052803342163373346,2.271488313606098,0.03753677526001082,0.10810238864350218,0.030440817161147993,0.07056561338349135,-0.017762271220118003,0.17559607396242427
google_robot_move_near__seed098__step071,move_near,98,exploration,14,0.035063050057204614,0.08201119164599982,0.025615612987906763,0.046948141588795206,2.3389634248076057,0.04727640682414066,0.17433413106452397,0.028927837444970003,0.1270577242403833,-0.0801095826515881,0.29793825926481077
google_robot_move_near__seed098__step071,move_near,98,exploration,15,0.040940542402871996,0.06419365253686975,0.04707499900623708,0.017118653530632667,1.3636463917580661,0.036350439320665395,0.06492065635191725,0.026851532606419943,0.028570217031251857,-0.01145156350061919,0.23379482525365347
google_robot_move_near__seed098__step071,move_near,98,exploration,16,0.04704792827356282,0.07635138754414884,0.034202815951494,0.029303459270586023,1.622842712652498,0.02663054084338271,0.09048675238551943,0.022329622897210705,0.06385621154213672,-0.0345527522715507,0.1431969888066078
google_robot_move_near__seed098__step071,move_near,98,exploration,17,0.04634846823232505,0.09744180532328502,0.035235993770303384,0.051093337090959964,2.102373800895661,0.04973196959858901,0.08047166157510757,0.019984054111812522,0.03073969197651856,0.020353645114441404,0.22371711779419456
google_robot_move_near__seed098__step071,move_near,98,exploration,18,0.062014566011381236,0.07159482592725684,0.04459482172786151,0.009580259915875605,1.1544840274157104,0.05934778723006107,0.06723623486160338,0.027851558588690737,0.007888447631542304,0.0016918122843333008,0.09322134234497526
google_robot_move_near__seed098__step071,move_near,98,exploration,19,0.04967791028203475,0.0660481502362817,0.03861818398851798,0.016370239954246954,1.3295275477834863,0.04243914627150442,0.05804027261619733,0.03638697700391707,0.015601126344692913,0.000769113609554041,0.10680938564171072
google_robot_move_near__seed098__step071,move_near,98,exploration,20,0.04005469382672648,0.06424598800787838,0.03419601144470608,0.0241912941811519,1.6039565371739346,0.05230023612252956,0.07264553843069109,0.03439052327765335,0.020345302308161527,0.0038459918729903744,0.12339257098324197
google_robot_move_near__seed098__step071,move_near,98,exploration,21,0.05019941084180277,0.06848153963340552,0.03333221493081517,0.018282128791602743,1.3641901067169215,0.051698336751326075,0.10169737404178854,0.04111907020155692,0.04999903729046246,-0.03171690849885972,0.15130611838634422
google_robot_move_near__seed098__step071,move_near,98,exploration,22,0.026067208744449927,0.06647573626646397,0.045336002989933386,0.021139733276530584,1.466290186217443,0.05951031707450105,0.088820350823433,0.024832249726524615,0.029310033748931943,-0.00817030047240136,0.14063135638512847
google_robot_move_near__seed098__step071,move_near,98,exploration,23,0.05831871021875244,0.040530007641606046,0.07132449968852914,-0.03079449204692309,0.5682480468646643,0.04342323745098786,0.08131025432456263,0.09863066986610462,-0.017320415541541997,-0.013474076505381093,0.06472526803779743
google_robot_move_near__seed098__step071,move_near,98,exploration,24,0.05349508994684128,0.05191089855317226,0.0399485468647099,-0.0015841913936690197,0.9703862280586265,0.047137406517895435,0.06800823706916263,0.02663859226657118,0.0208708305512672,-0.022455021944936218,0.08271305385009242
google_robot_move_near__seed098__step071,move_near,98,exploration,25,0.043474575560988736,0.05642044022378906,0.04278704974111662,0.012945864662800323,1.2977801277125545,0.03558000057312664,0.04303618468291683,0.028471485499975885,0.007456184109790195,0.0054896805530101275,0.07623011694735382
google_robot_move_near__seed098__step071,move_near,98,exploration,26,0.036719686187092045,0.052571174677747,0.034043919153114575,0.015851488490654958,1.4316891056718013,0.04459359462448923,0.06521594560308903,0.029377704021249267,0.020622350978599803,-0.004770862487944845,0.133283832461089
google_robot_move_near__seed098__step071,move_near,98,exploration,27,0.031277151633069766,0.048398838119747906,0.025550232897717955,0.01712168648667814,1.5474183419111331,0.02666489432519032,0.04258806174137317,0.022507586056871105,0.015923167416182847,0.0011985190704952922,0.08732207333121167
google_robot_move_near__seed098__step071,move_near,98,exploration,28,0.04044145165985434,0.031792397229294354,0.029868593529914316,-0.008649054430559987,0.7861339275527099,0.028338250795900754,0.033722217923383625,0.02415287819897729,0.005383967127482871,-0.014033021558042858,0.10104531124768812
google_robot_move_near__seed098__step071,move_near,98,exploration,29,0.039126696055438046,0.03727011770555372,0.02210945920301054,-0.0018565783498843275,0.9525495751735907,0.028597595540054473,0.06798477078425325,0.020635805122043268,0.03938717524419877,-0.041243753594083096,0.19380394196056727
google_robot_move_near__seed098__step071,move_near,98,exploration,30,0.018115779764351542,0.029808629611989258,0.021791242859763707,0.00801738675222555,1.3679178284515934,0.027062499022791585,0.042846273999926666,0.01737498624807858,0.01578377497713508,-0.007766388224909531,0.12704474216269546
google_robot_move_near__seed098__step071,move_near,98,exploration,31,0.032530171108874274,0.03649945409646829,0.049446081849267465,-0.012946627752799172,0.7381667612761318,0.026208849520825417,0.039558854148980485,0.037749038633308064,0.0018098155156724208,-0.014756443268471593,0.21565521314460057
google_robot_move_near__seed099__step008,move_near,99,exploration,0,0.0037736471922800744,0.0007760024348404453,0.0023677264234574736,-0.002997644757439629,0.20563725099366723,0.003799292855832735,0.0008794580131597944,0.002110202754244235,-0.0029198348426729406,-7.780991476668848e-05,0.7811798695474863
google_robot_move_near__seed099__step008,move_near,99,exploration,1,0.00455292140939117,0.0030079429079997054,0.006522422195135536,-0.0035144792871358308,0.4611696112286396,0.005554672089107535,0.002549793458757111,0.008710580209687799,-0.006160786750930688,0.002646307463794857,0.372043642681092
google_robot_move_near__seed099__step008,move_near,99,exploration,2,0.025969316214308938,0.03713273056342849,0.020617238491686615,0.01116341434911955,1.4298693988318636,0.019559505347731463,0.030695536506905978,0.02497406550652436,0.005721471000381617,0.005441943348737932,0.02579952914143746
google_robot_move_near__seed099__step008,move_near,99,exploration,3,0.01848139045176488,0.03824222529891691,0.01673735171312061,0.01976083484715203,2.0692287952427826,0.01580533374522563,0.03510757398622881,0.016491083826093066,0.018616490160135744,0.0011443446870162861,0.038931709955136284
google_robot_move_near__seed099__step008,move_near,99,exploration,4,0.028233719927446665,0.03147738801880059,0.01785790449925132,0.0032436680913539226,1.1148863167761567,0.01651646382050911,0.025542543190656995,0.025772466052369835,-0.00022992286171284043,0.003473590953066763,0.04899293670132465
google_robot_move_near__seed099__step008,move_near,99,exploration,5,0.019160183757542307,0.03747856538571604,0.030471636303741115,0.007006929081974925,1.2299492226846596,0.03097331314307789,0.02454581708256786,0.029727952288663224,-0.006427496060510029,0.013434425142484954,0.062393806647492056
google_robot_move_near__seed099__step008,move_near,99,exploration,6,0.032787655335555166,0.06427812621013966,0.04503279266336948,0.01924533354677018,1.4273626486066164,0.03582788798202913,0.03943387167524536,0.0330349673832218,0.0036059836932162345,0.015639349853553947,0.07719127946404569
google_robot_move_near__seed099__step008,move_near,99,exploration,7,0.0345975671076259,0.07559371504341571,0.028817515301742962,0.04099614793578981,2.1849430859765153,0.025284297152398875,0.04068511442476965,0.03290550233343074,0.007779612091338914,0.033216535844450897,0.08739798820715805
google_robot_move_near__seed099__step008,move_near,99,exploration,8,0.026309214052064506,0.07074472269404959,0.03169227188624376,0.03905245080780583,2.2322389176762303,0.040814064673471616,0.056296694715144924,0.04306717771547446,0.013229516999670461,0.02582293380813537,0.18670629021426066
google_robot_move_near__seed099__step008,move_near,99,exploration,9,0.03460050750450709,0.0914913825455931,0.03116825081607449,0.056890875041086,2.6442208263469937,0.03430115130242793,0.062407748977882004,0.04197448452899497,0.02043326444888703,0.03645761059219897,0.1348580102280721
google_robot_move_near__seed099__step008,move_near,99,exploration,10,0.04643669276846854,0.08752972387603672,0.03591883424130712,0.04109303110756818,1.8849258777419047,0.04183933210222733,0.08403368651272446,0.08230173685951334,0.0017319496532111206,0.03936108145435706,0.19680166783405184
google_robot_move_near__seed099__step008,move_near,99,exploration,11,0.040678830125765786,0.13261086777370445,0.026008254590432538,0.09193203764793867,3.259947922880637,0.07896386426669014,0.12723138800726327,0.060271704114934224,0.04826752374057314,0.04366451390736553,0.22675372434287056
google_robot_move_near__seed099__step008,move_near,99,exploration,12,0.024615524763725093,0.10758117846551418,0.021362149673458706,0.08296565370178909,4.370460491829621,0.06290164622073906,0.079813227621411,0.04291592732168882,0.01691158140067195,0.06605407230111714,0.32317038143673926
google_robot_move_near__seed099__step008,move_near,99,exploration,13,0.03599515266083923,0.13973485659569368,0.01919087252454807,0.10373970393485445,3.8820465053261906,0.03759906870904158,0.08713414659769234,0.03065976711594181,0.049535077888650754,0.05420462604620369,0.2019310438682851
google_robot_move_near__seed099__step008,move_near,99,exploration,14,0.03728002354113453,0.21653976551183587,0.02969054114569844,0.17925974197070135,5.808466437069369,0.06204946906138631,0.07616092672817325,0.03827541469210179,0.014111457666786939,0.16514828430391443,0.3416818578548373
google_robot_move_near__seed099__step008,move_near,99,exploration,15,0.03478867896890034,0.13113010295960292,0.0387298069620137,0.09240029599758923,3.3857670162987303,0.03346089107549824,0.05669750266726464,0.04289526624576253,0.013802236421502113,0.07859805957608712,0.2108822039175493
google_robot_move_near__seed099__step008,move_near,99,exploration,16,0.03055826558160555,0.14359794441410131,0.02747602808000772,0.11303967883249577,4.699152313819134,0.05019024598395174,0.08145800139486285,0.055282558327322616,0.026175443067540237,0.08686423576495553,0.18228715640520932
google_robot_move_near__seed099__step008,move_near,99,exploration,17,0.036234762311548714,0.16400374862305517,0.02260924944281568,0.12776898631150646,4.526143906035339,0.03573012186530175,0.08839859467819451,0.03190090026186111,0.05266847281289276,0.0751005134986137,0.20307319595258377
google_robot_move_near__seed099__step008,move_near,99,exploration,18,0.055229279875381475,0.11756170136304851,0.032950093836612085,0.06233242148766704,2.1286118817466564,0.04124495957465973,0.06531650810966926,0.05342541888225786,0.011891089227411396,0.05044133226025564,0.11473459248213658
google_robot_move_near__seed099__step008,move_near,99,exploration,19,0.04581044056811621,0.09274345360302666,0.04581561871053151,0.04692783489249515,2.0242759175422416,0.05982793876075628,0.04308176056689986,0.04431063774711892,-0.016746178193856424,0.06367401308635157,0.10385691782408912
google_robot_move_near__seed099__step008,move_near,99,exploration,20,0.04177323401339964,0.14030482935010455,0.024004091128932484,0.09853159533670491,3.3587255730571117,0.046051163412541514,0.04995175800468416,0.037670194283569595,0.0039005945921426477,0.09463100074456227,0.16666245937776125
google_robot_move_near__seed099__step008,move_near,99,exploration,21,0.05697156112794251,0.16571841236506415,0.03676483481560944,0.10874685123712165,2.9087918442836074,0.04412579417766425,0.073030276835105,0.05563562606135325,0.017394650773751755,0.09135220046336989,0.11046683848645955
google_robot_move_near__seed099__step008,move_near,99,exploration,22,0.037773868008519854,0.14955583169330458,0.031553003097444646,0.11178196368478473,3.9592405961595576,0.034471014983277246,0.04680444974860772,0.04428863143198631,0.0025158183166214126,0.10926614536816331,0.147002619226285
google_robot_move_near__seed099__step008,move_near,99,exploration,23,0.054555065786290366,0.0752791221830855,0.10340785858710656,-0.028128736404021068,0.7279826041429281,0.09301067703480853,0.041895844946681284,0.06988616897450457,-0.05111483208812725,0.02298609568410618,0.08448985403825304
google_robot_move_near__seed099__step008,move_near,99,exploration,24,0.05171203996317909,0.1164087413019831,0.04163280254740125,0.06469670133880401,2.2510955163414645,0.06084503205671844,0.04510548204669552,0.05306108311942338,-0.015739550010022925,0.08043625134882693,0.10411882511826676
google_robot_move_near__seed099__step008,move_near,99,exploration,25,0.0570501034111802,0.07328805606394687,0.025181748126939994,0.016237952652766667,1.2846261738692044,0.04791447496750321,0.03256213506147244,0.0336226292033375,-0.01535233990603077,0.03159029255879744,0.1254977983815877
google_robot_move_near__seed099__step008,move_near,99,exploration,26,0.0452522296518936,0.07815400764981525,0.023867201436575357,0.032901777997921655,1.727075290013801,0.04863468044945911,0.07190950486472464,0.053746613086663245,0.018162891778061394,0.014738886219860262,0.1299828085364183
google_robot_move_near__seed099__step008,move_near,99,exploration,27,0.028051628419522533,0.0467517844092573,0.03353863228243503,0.013213152126822267,1.3939681265339583,0.03555215134537842,0.027761798522213586,0.0260952276928687,-0.007790352823164832,0.0210035049499871,0.09499871041649044
google_robot_move_near__seed099__step008,move_near,99,exploration,28,0.02621450059381145,0.06648502787615512,0.02369314386668053,0.04027052728234368,2.536192808183822,0.05087112897781121,0.04544952669850931,0.03818715790233216,-0.005421602279301899,0.045692129561645575,0.1095817785699893
google_robot_move_near__seed099__step008,move_near,99,exploration,29,0.030055287636302174,0.046002544009817625,0.02984611828755552,0.01594725637351545,1.530597363315652,0.04922787863905213,0.043155630135768834,0.040466119760098285,-0.006072248503283299,0.02201950487679875,0.17321795352620484
google_robot_move_near__seed099__step008,move_near,99,exploration,30,0.0217757817150221,0.057985679640997746,0.02596218062858372,0.032023499012414025,2.2334672295268194,0.03674406915436222,0.04016371450316892,0.03155601624013261,0.0034196453488066977,0.028603853663607327,0.12617005691282657
google_robot_move_near__seed099__step008,move_near,99,exploration,31,0.02801725059231662,0.05215675547444016,0.04485083626812346,0.007305919206316701,1.1628937120066407,0.03404730757707923,0.06079115077108242,0.030170087909120014,0.026743843194003192,-0.01943792398768649,0.23937925706559326
google_robot_move_near__seed099__step040,move_near,99,exploration,0,0.003459064891707261,0.000762113655453618,0.0024623347650187723,-0.002696951236253643,0.22032360748152027,0.004423911248207995,0.0008549900544130235,0.0026637947912274383,-0.0035689211937949715,0.0008719699575413286,0.7852774728089571
google_robot_move_near__seed099__step040,move_near,99,exploration,1,0.00674002246061345,0.0038937395986280193,0.007308291537239838,-0.003414551938611819,0.5327838358373137,0.003456665568734301,0.003819263910289953,0.006579136802609921,-0.0027598728923199684,-0.0006546790462918506,0.4051120330695994
google_robot_move_near__seed099__step040,move_near,99,exploration,2,0.019802549775443577,0.02653453026058149,0.018796067918039516,0.0067319804851379145,1.3399552361426708,0.02120584787568595,0.024923359646711496,0.020996352287291103,0.0037175117710255452,0.0030144687141123692,0.05569578901628347
google_robot_move_near__seed099__step040,move_near,99,exploration,3,0.015162621135036825,0.03710754805200868,0.015122946724209467,0.021944926916971856,2.4473043098243026,0.019235036347198614,0.088864950356965,0.030420106328631246,0.05844484402833375,-0.03649991711136189,0.04802751878105482
google_robot_move_near__seed099__step040,move_near,99,exploration,4,0.02099877196108939,0.03307231772780749,0.020181280407375306,0.0120735457667181,1.5749643735876704,0.026884308499577743,0.028363565568486963,0.018440089100001722,0.0014792570689092198,0.01059428869780888,0.029565739456188567
google_robot_move_near__seed099__step040,move_near,99,exploration,5,0.032760742774713233,0.02683083479528587,0.02486996922500402,-0.005929907979427364,0.8189934819181074,0.029300640978187794,0.03274851706408767,0.027382398668648222,0.0034478760858998765,-0.00937778406532724,0.03829693100476561
google_robot_move_near__seed099__step040,move_near,99,exploration,6,0.01950253133813913,0.05739610490231914,0.0334543196439155,0.02394178525840364,1.7156560203058275,0.021827361690067625,0.06801538096610125,0.047705365822869154,0.0203100151432321,0.0036317701151715384,0.05878392583747427
google_robot_move_near__seed099__step040,move_near,99,exploration,7,0.025912038238024116,0.05077215043703477,0.02540089958516087,0.024860112199010655,1.9594039639278615,0.036317479027744015,0.07858592730133263,0.031622731204158726,0.04226844827358861,-0.017408336074577955,0.11543799708135793
google_robot_move_near__seed099__step040,move_near,99,exploration,8,0.026384247553162453,0.05665316036017262,0.025802849326623176,0.03026891280701017,2.147234263399795,0.02464293786209197,0.057749456233927375,0.02735314671389481,0.030396309520032565,-0.00012739671302239644,0.14633441231399047
google_robot_move_near__seed099__step040,move_near,99,exploration,9,0.022386274128548808,0.08861625262413164,0.03467979809206936,0.053936454532062285,2.555270142832711,0.054611353180325256,0.0615746489505099,0.027170050762137514,0.0069632957701846465,0.04697315876187764,0.15125451763879028
google_robot_move_near__seed099__step040,move_near,99,exploration,10,0.03485505494933539,0.06316742291016542,0.023590750995776195,0.028312367960830025,1.8122887197275779,0.06940021610461819,0.10003234668398304,0.03488514140996827,0.030632130579364855,-0.0023197626185348305,0.18010965456028316
google_robot_move_near__seed099__step040,move_near,99,exploration,11,0.04487657581452226,0.20297587047866367,0.021868195204960625,0.1580992946641414,4.5229803476445225,0.05903750972597094,0.14435530574160177,0.024235656479026254,0.08531779601563083,0.07278149864851058,0.2116604194395677
google_robot_move_near__seed099__step040,move_near,99,exploration,12,0.030796014004761254,0.1335709873697416,0.018194702277710154,0.10277497336498034,4.337281680320404,0.032506634827728906,0.09143580606366719,0.02496649926979794,0.058929171235938285,0.04384580212904206,0.2897159078436289
google_robot_move_near__seed099__step040,move_near,99,exploration,13,0.03091978695577443,0.1356659315878184,0.02386487105259367,0.10474614463204396,4.387673556155667,0.043225592186429844,0.09577222132403772,0.025371569401340267,0.052546629137607874,0.052199515494436084,0.1963387875598528
google_robot_move_near__seed099__step040,move_near,99,exploration,14,0.04244007261304922,0.22358809451614944,0.04090312407189597,0.18114802190310023,5.26832497565996,0.030160211864603922,0.24825378223771274,0.029860013860203857,0.21809357037310884,-0.03694554847000861,0.40635437670925967
google_robot_move_near__seed099__step040,move_near,99,exploration,15,0.03169802637746967,0.14566529413409998,0.03386178954225293,0.11180350459184704,4.301760069482979,0.03827457950876422,0.1168868304127226,0.04663893112774633,0.07024789928497627,0.041555605306870774,0.2761395487260643
google_robot_move_near__seed099__step040,move_near,99,exploration,16,0.031583997945445315,0.17789837179646628,0.03121594014393419,0.14631437385102097,5.632547599064189,0.04281422740916686,0.16162288857609383,0.04049433073350273,0.11880866116692697,0.027505712684094005,0.16112355024409908
google_robot_move_near__seed099__step040,move_near,99,exploration,17,0.04341736721646123,0.24725320036412776,0.03530237176768341,0.20383583314766654,5.694799482691441,0.04072040271376382,0.16185228009407326,0.036284561457178705,0.12113187738030945,0.08270395576735709,0.20847835962959493
google_robot_move_near__seed099__step040,move_near,99,exploration,18,0.04605934344875941,0.17862724911513997,0.03842111090066176,0.13256790566638055,3.8781979016670336,0.05526725725537064,0.12597717083611046,0.02973485712173017,0.07070991358073982,0.06185799208564073,0.11318133252402163
google_robot_move_near__seed099__step040,move_near,99,exploration,19,0.03911152222836054,0.13969243539283369,0.027049138015583906,0.10058091316447315,3.5716440433387153,0.05162060786906757,0.0964803984533647,0.06236046624858251,0.03411993220478219,0.06646098095969097,0.10136151579314401
google_robot_move_near__seed099__step040,move_near,99,exploration,20,0.034752771773531886,0.12611301044931772,0.03721160207354931,0.0889014083757684,3.3890776914160643,0.05708619331640732,0.08886000796550611,0.04224666385605827,0.03177381464909879,0.05712759372666961,0.20454511043892865
google_robot_move_near__seed099__step040,move_near,99,exploration,21,0.03941534688131962,0.17198579418359064,0.04308756946476993,0.1288982247188207,3.9915408624803703,0.05465830249696135,0.1076393545764644,0.04336583803829643,0.052981052079503044,0.07591717263931766,0.1606953929560362
google_robot_move_near__seed099__step040,move_near,99,exploration,22,0.04796691309190202,0.16600753351713893,0.04676114879470387,0.11804062042523691,3.4608758999995985,0.06111551994190841,0.11218898034827376,0.035050595989031784,0.05107346040636535,0.06696716001887157,0.18314652896303585
google_robot_move_near__seed099__step040,move_near,99,exploration,23,0.03025580331590072,0.06610350207479976,0.06901016513292288,-0.002906663058123121,0.9578806534874319,0.0315903386716502,0.07450295654585799,0.09194960419666309,-0.0174466476508051,0.014539984592681979,0.12918703166565138
google_robot_move_near__seed099__step040,move_near,99,exploration,24,0.051927573906499644,0.11187584558628579,0.04407773676351066,0.05994827167978614,2.154459320355087,0.05296822011113295,0.10368779738778763,0.042475377002199145,0.05071957727665468,0.009228694403131461,0.12931451176738662
google_robot_move_near__seed099__step040,move_near,99,exploration,25,0.04292443151600411,0.06555969769578499,0.024250242923467228,0.022635266179780872,1.5273282692478163,0.038172485017593696,0.05449832014158743,0.02378937067167661,0.016325835123993736,0.006309431055787136,0.1302171587340908
google_robot_move_near__seed099__step040,move_near,99,exploration,26,0.05088010943712914,0.0547269227447204,0.03246202042930131,0.0038468133075912625,1.0756054448417538,0.07548271829480716,0.07198028859825246,0.03717168670313372,-0.0035024296965546903,0.007349243004145953,0.1599803063420211
google_robot_move_near__seed099__step040,move_near,99,exploration,27,0.03427325641851267,0.05836320963824697,0.022326739354165594,0.024089953219734297,1.7028790298059373,0.03641764945968515,0.036083677019001316,0.0236257531853962,-0.00033397244068383153,0.02442392566041813,0.11159708390979972
google_robot_move_near__seed099__step040,move_near,99,exploration,28,0.030866108650378185,0.04254631529767035,0.027870002763967713,0.011680206647292163,1.3784152637961071,0.03714566928046831,0.04132703264139376,0.03238112775824473,0.00418136336092545,0.007498843286366713,0.1329026481450697
google_robot_move_near__seed099__step040,move_near,99,exploration,29,0.025794582363197767,0.05528054067430288,0.019043544150101403,0.029485958311105114,2.1431066375074943,0.03418493361545799,0.06510993307926026,0.022547713579183983,0.03092499946380227,-0.0014390411526971555,0.23350526287325124
google_robot_move_near__seed099__step040,move_near,99,exploration,30,0.03034705633846866,0.04452439392770569,0.02854676769266738,0.014177337589237032,1.467173403282133,0.021897021025152695,0.04165672885526204,0.02224383246880276,0.01941289638645928,-0.005235558797222248,0.17967676307898728
google_robot_move_near__seed099__step040,move_near,99,exploration,31,0.02834168187175641,0.050132444100349824,0.021269621325199987,0.021790762228593413,1.7688591780542409,0.022842491043334755,0.059676410682963574,0.033925135394054076,0.025751275288909498,-0.003960513060316084,0.2534738776892027
google_robot_move_near__seed099__step071,move_near,99,exploration,0,0.0035100780198710725,0.0008066223237802434,0.0025338782690952975,-0.002703455696090829,0.229801821843798,0.0041348861527913,0.0007664673009381001,0.0020764726879473182,-0.0033684188518532,0.0006649631557623711,0.7701425049453974
google_robot_move_near__seed099__step071,move_near,99,exploration,1,0.006430827798377976,0.003846284532694576,0.008147868131509629,-0.0043015835988150525,0.4720602335008508,0.0046654393486555154,0.002932154664448829,0.008832574209928331,-0.005900419545479502,0.0015988359466644498,0.3933792469324544
google_robot_move_near__seed099__step071,move_near,99,exploration,2,0.02152334193279701,0.029258597497515453,0.023949159668802546,0.0053094378287129075,1.2216962057182017,0.01874342769227635,0.02580171519092323,0.026080285634684317,-0.0002785704437610857,0.005588008272473993,0.04947832132950225
google_robot_move_near__seed099__step071,move_near,99,exploration,3,0.022954150929444136,0.029884213539723866,0.01865697848873244,0.00693006261027973,1.3019089066540155,0.015964518738469113,0.027156911735392104,0.014365250170352015,0.011192392996922991,-0.004262330386643261,0.03722920821348907
google_robot_move_near__seed099__step071,move_near,99,exploration,4,0.021184518518879387,0.030329957558717334,0.017006571404563305,0.009145439039837947,1.4317038894080902,0.01507079007457654,0.03417984936285252,0.016645183317469076,0.01753466604538344,-0.008389227005545494,0.026117201234853837
google_robot_move_near__seed099__step071,move_near,99,exploration,5,0.026752641796710545,0.03674372642145005,0.03469997167330939,0.0020437547481406623,1.0588978794386936,0.02937910724434367,0.03670753480507273,0.028795731679525836,0.007328427560729062,-0.0052846728125884,0.03785161870189313
google_robot_move_near__seed099__step071,move_near,99,exploration,6,0.02350217046032225,0.06597959063034388,0.043887572019016115,0.022092018611327764,1.5033775530292603,0.02087463423695217,0.05023885647601776,0.051801484921738784,-0.001562628445721026,0.02365464705704879,0.036416626250570516
google_robot_move_near__seed099__step071,move_near,99,exploration,7,0.03134650236183227,0.06956788052492628,0.031153550582308762,0.03822137816309401,2.2193187527560534,0.03309732475993981,0.045411766954902975,0.032378841926229716,0.012314442194963165,0.025906935968130845,0.08840441856546022
google_robot_move_near__seed099__step071,move_near,99,exploration,8,0.024415048135077472,0.05006892025290285,0.02449896150667841,0.025569958746224437,2.0437160260549847,0.029767476978313005,0.0858061000552181,0.03278012254161498,0.05302597751360313,-0.02745601876737869,0.1582934047632989
google_robot_move_near__seed099__step071,move_near,99,exploration,9,0.0283807461151016,0.08550685387386128,0.036331629865808235,0.04917522400805305,2.3535099908724972,0.040935398195892383,0.10243411662174938,0.030477695576755143,0.061498718425856996,-0.012323494417803948,0.10709101868906146
google_robot_move_near__seed099__step071,move_near,99,exploration,10,0.03630946984179471,0.07778411782201397,0.048974922758870505,0.028809195063143465,1.5882438080604313,0.03017015343095336,0.07282640776322419,0.02986670201120417,0.042656254332270827,-0.013847059269127361,0.13888046498959739
google_robot_move_near__seed099__step071,move_near,99,exploration,11,0.05035176137969622,0.13473328761458947,0.03144113064587764,0.08438152623489326,2.675840604633131,0.04536336037910824,0.15036830542639917,0.025085628395654376,0.10500494504729094,-0.02062341881239768,0.1760333026149965
google_robot_move_near__seed099__step071,move_near,99,exploration,12,0.03351499530673317,0.09135889712241199,0.023319151881913903,0.05784390181567882,2.725911082077877,0.05375102612089523,0.08342539432311974,0.024488267168691746,0.029674368202224508,0.02816953361345431,0.17732552120128275
google_robot_move_near__seed099__step071,move_near,99,exploration,13,0.031362095999126774,0.09362212963210013,0.030795957533678232,0.06226003363297336,2.9852000209012464,0.03594272777452564,0.10063601173441998,0.02374454365511418,0.06469328395989435,-0.002433250326920988,0.1674904637873169
google_robot_move_near__seed099__step071,move_near,99,exploration,14,0.05552012862540605,0.11829033333712084,0.0293442833355161,0.0627702047117148,2.1305846413869998,0.0525366358875186,0.07287203128723233,0.038157932912933276,0.020335395399713727,0.04243480931200107,0.3351148786186968
google_robot_move_near__seed099__step071,move_near,99,exploration,15,0.03252748136631917,0.07748033449568928,0.030517596810051804,0.044952853129370106,2.381996122697556,0.039304154723187046,0.07189203602533963,0.04717130703629617,0.024720728989043456,0.02023212414032665,0.281318671138024
google_robot_move_near__seed099__step071,move_near,99,exploration,16,0.025525825559305805,0.11235872402991759,0.021399411954645613,0.08683289847061179,4.401766507761611,0.031809303171259025,0.07089175840079454,0.03331881825889177,0.037572940141902766,0.049259958328709025,0.12925188244597052
google_robot_move_near__seed099__step071,move_near,99,exploration,17,0.04593876779488212,0.17703344169914031,0.027592613165440042,0.1310946739042582,3.853682852130462,0.06115306697536469,0.09195783088052066,0.03526663809288154,0.03080476390515597,0.10028990999910223,0.20549971537468537
google_robot_move_near__seed099__step071,move_near,99,exploration,18,0.046404401142037095,0.14969932054380716,0.04911970403559456,0.1005796165082126,3.047642966971618,0.028771272833997052,0.07100529915415019,0.053806814396752424,0.017198484757397763,0.08338113175081482,0.11333661066220202
google_robot_move_near__seed099__step071,move_near,99,exploration,19,0.03949944436577249,0.1400958181884514,0.04693968356592821,0.0931561346225232,2.984592301132209,0.039375362959859425,0.11493050151425703,0.027525125174492824,0.0755551385543976,0.017600996068125596,0.10656757150603369
google_robot_move_near__seed099__step071,move_near,99,exploration,20,0.04060276970310729,0.10282150716557427,0.041968338989224516,0.06085316817634975,2.449977998699781,0.0649209871923626,0.07830695111166724,0.03760813370501669,0.013385963919304647,0.047467204257045106,0.16387900405730704
google_robot_move_near__seed099__step071,move_near,99,exploration,21,0.051583609854643074,0.11337893396415014,0.04218712466443973,0.06179532410950706,2.1979643201326833,0.04554550803152832,0.08967093347612937,0.03179450262516033,0.044125425444601046,0.017669898664906016,0.1357212742757099
google_robot_move_near__seed099__step071,move_near,99,exploration,22,0.034545000838986685,0.0645225214918122,0.026172810765755884,0.029977520652825516,1.8677817317923924,0.03502003617999806,0.04779490972066165,0.02957096537540869,0.01277487354066359,0.017202647112161927,0.16313902727353025
google_robot_move_near__seed099__step071,move_near,99,exploration,23,0.02629331142067373,0.05116820277412162,0.0737543435557785,-0.02258614078165689,0.6937652795380712,0.0681038394295705,0.05883849431623861,0.04629615642357533,-0.009265345113331894,-0.013320795668324996,0.0797599731742622
google_robot_move_near__seed099__step071,move_near,99,exploration,24,0.05377987459676101,0.06757828421721268,0.04609026770867949,0.013798409620451674,1.2565719932207262,0.04241393344875679,0.066613551056943,0.05027014672859407,0.01634340432834893,-0.0025449947078972565,0.12041209480190673
google_robot_move_near__seed099__step071,move_near,99,exploration,25,0.04678495809646509,0.04572205764312341,0.029295997827654022,-0.0010629004533416753,0.9772811498270427,0.05411300425430925,0.050478428663803754,0.03399407265083963,-0.0036345755905054927,0.0025716751371638175,0.10768011684794487
google_robot_move_near__seed099__step071,move_near,99,exploration,26,0.049705025278047384,0.07360848360441931,0.04123362642263022,0.023903458326371925,1.4809062703953413,0.03674561498055077,0.056843291224883845,0.04536936892832566,0.011473922296558185,0.01242953602981374,0.10338889886130787
google_robot_move_near__seed099__step071,move_near,99,exploration,27,0.03912296147581599,0.03530137765225465,0.04071651846663045,-0.005415140814375802,0.8670038348486543,0.027625067533127764,0.03246616853863175,0.033052149640905734,-0.0005859811022739872,-0.0048291597121018145,0.047456479060400625
google_robot_move_near__seed099__step071,move_near,99,exploration,28,0.031149513168379862,0.04238054752790783,0.02701742330455403,0.01123103435952797,1.3605524843620571,0.03229178872859508,0.025297745436627352,0.03459591155945421,-0.00929816612282686,0.02052920048235483,0.09709791563479087
google_robot_move_near__seed099__step071,move_near,99,exploration,29,0.02898631804345065,0.03777892719856852,0.02146655910121839,0.00879260915511787,1.3033365307707485,0.03324203209775388,0.0490804074999378,0.02994959580112373,0.01583837540218392,-0.00704576624706605,0.1275795137208604
google_robot_move_near__seed099__step071,move_near,99,exploration,30,0.021959078679462757,0.028440906917761938,0.015479838097377989,0.006481828238299181,1.2951776043482788,0.035729383177303314,0.05304992892744388,0.029821991279899138,0.017320545750140567,-0.010838717511841386,0.1320348952216932
google_robot_move_near__seed099__step071,move_near,99,exploration,31,0.0323333534577213,0.040559459121644194,0.02422358003411623,0.008226105663922893,1.254415480741249,0.030730711352733937,0.05272890402402123,0.055136211510685276,-0.0024073074866640468,0.01063341315058694,0.2268002633281867
google_robot_open_drawer__seed000__step011,open_drawer,0,validation,0,0.0046724544520397255,0.0015558216547267923,0.004617577811778206,-0.003116632797312933,0.3329773828073615,0.004532592452658204,0.0015448849918404794,0.004485815332047144,-0.0029877074608177243,-0.00012892533649520865,0.8374652415513992
google_robot_open_drawer__seed000__step011,open_drawer,0,validation,1,0.006464032843695034,0.0033091014434183763,0.01023426646589938,-0.006925165022481004,0.32333547836030224,0.007284326958454137,0.004261370665328213,0.009641123815951197,-0.005379753150622984,-0.0015454118718580198,0.3371080826036632
google_robot_open_drawer__seed000__step011,open_drawer,0,validation,2,0.03716500150809514,0.04538254704448598,0.044343575702688175,0.001038971341797805,1.02343003073915,0.024477003744344323,0.03033084033012724,0.040385020616564946,-0.010054180286437706,0.011093151628235511,0.015422030151285071
google_robot_open_drawer__seed000__step011,open_drawer,0,validation,3,0.019793379766382173,0.052372713725703186,0.027005373911130327,0.02536733981457286,1.939344143060269,0.02396506109405902,0.0373831587925171,0.024978868142086257,0.012404290650430843,0.012963049164142017,0.02988029048151475
google_robot_open_drawer__seed000__step011,open_drawer,0,validation,4,0.023634691244171672,0.03779087848145441,0.03480499248518101,0.0029858859962733977,1.085789014249743,0.02737258596162161,0.0430934438428257,0.03087905248810585,0.012214391354719849,-0.009228505358446451,0.049225528875922464
google_robot_open_drawer__seed000__step011,open_drawer,0,validation,5,0.034258588132620525,0.1291684191889115,0.02900704359643087,0.09490983105629097,3.770395285669091,0.03795651406437025,0.13528853297086665,0.026165353502495346,0.0973320189064964,-0.002422187850205426,0.11060505102886964
google_robot_open_drawer__seed000__step011,open_drawer,0,validation,6,0.039309047674640295,0.04814644483334899,0.048127576504794836,1.886832855415438e-05,1.0003920481753799,0.051668522847066745,0.06337626944839453,0.042951798692270934,0.011707746601327784,-0.01168887827277363,0.04312330532695796
google_robot_open_drawer__seed000__step011,open_drawer,0,validation,7,0.0358804648808634,0.09883854422051638,0.03976180960993795,0.059076734610578434,2.4857657433129745,0.029379790235780294,0.09108122115873189,0.053104741292030584,0.03797647986670131,0.021100254743877125,0.05097745221019068
google_robot_open_drawer__seed000__step011,open_drawer,0,validation,8,0.0609520174107281,0.09958902518343024,0.04929842696505456,0.03863700777270214,1.633892189529098,0.05393224949073033,0.06804509335660212,0.04896080800391906,0.01411284386587179,0.02452416390683035,0.17659228107640956
google_robot_open_drawer__seed000__step011,open_drawer,0,validation,9,0.0322685536467526,0.09152650589043958,0.055252691663481686,0.03627381422695789,1.6565076403496275,0.04235696045938332,0.07251128416580561,0.06995820926166033,0.002553074904145289,0.0337207393228126,0.13300707226062514
google_robot_open_drawer__seed000__step011,open_drawer,0,validation,10,0.04612876509683697,0.1329375598610171,0.045768623180103926,0.08680879476418013,2.881879876514027,0.06754226551565949,0.13914296335775708,0.07412282317690817,0.06502014018084891,0.02178865458333122,0.195901460557252
google_robot_open_drawer__seed000__step011,open_drawer,0,validation,11,0.07474395065677476,0.2631767101662917,0.03236378209618328,0.18843275950951693,3.5210436142826156,0.06812397888988543,0.17990380058314015,0.047545123709083655,0.11177982169325472,0.07665293781626221,0.25125391548863263
google_robot_open_drawer__seed000__step011,open_drawer,0,validation,12,0.0351568986050132,0.13527972886968911,0.03385259295237109,0.10012283026467592,3.847885741844103,0.04828635766838872,0.19808954709702972,0.062133839904228584,0.13595570719280115,-0.03583287692812523,0.27897296081937384
google_robot_open_drawer__seed000__step011,open_drawer,0,validation,13,0.04852955309337695,0.10176829985416384,0.03270811204501423,0.053238746760786895,2.0970376475206534,0.05557750166548964,0.09476099244641067,0.041535453129162625,0.03918349078092104,0.014055255979865858,0.16906213663969538
google_robot_open_drawer__seed000__step011,open_drawer,0,validation,14,0.04885651188055448,0.19040842473962163,0.060046795767621175,0.13036162897200046,3.1710005888822947,0.08865702465297093,0.11122736556490369,0.05301680938111286,0.02257034091193276,0.1077912880600677,0.4061399378206261
google_robot_open_drawer__seed000__step011,open_drawer,0,validation,15,0.04860983279136859,0.13410324996481857,0.0512321273031342,0.08287112266168437,2.6175616165876954,0.06859176715931525,0.08277493249741248,0.07288738500018399,0.009887547497228491,0.07298357516445587,0.2558657545068854
google_robot_open_drawer__seed000__step011,open_drawer,0,validation,16,0.03991378037229137,0.10245161789509241,0.0376985802009687,0.06253783752280104,2.5668232109182916,0.05773962184987948,0.05496431617494076,0.04302042185621603,-0.0027753056749387148,0.06531314319773976,0.2492847148744204
google_robot_open_drawer__seed000__step011,open_drawer,0,validation,17,0.043368638749296605,0.07173686055705561,0.04753047287241762,0.024206387684637988,1.509281440342774,0.05095850560369718,0.07616828221849828,0.05147970590381491,0.024688576314683366,-0.00048218863004537843,0.15667470068024159
google_robot_open_drawer__seed000__step011,open_drawer,0,validation,18,0.07286787113585139,0.08182542440961484,0.05958708364974946,0.00895755327376345,1.1229287082788986,0.07850930531976912,0.06811401862247413,0.053619244881603835,-0.01039528669729499,0.01935283997105844,0.07612672590869352
google_robot_open_drawer__seed000__step011,open_drawer,0,validation,19,0.05761772174707324,0.10711200632776306,0.05666841339006847,0.04949428458068982,1.8590114825774753,0.06666288430374927,0.08507179329970285,0.06984771427456377,0.015224079025139087,0.034270205555550735,0.1177041174767055
google_robot_open_drawer__seed000__step011,open_drawer,0,validation,20,0.08536267778793608,0.13315590551003456,0.06110808324512998,0.047793227722098486,1.5598843541533427,0.0946741602882651,0.07637776938876353,0.056699243143607345,-0.018296390899501566,0.06608961862160005,0.15881186421538018
google_robot_open_drawer__seed000__step011,open_drawer,0,validation,21,0.0846410543017045,0.13266174992270288,0.054538643075438493,0.04802069562099838,1.5673451969280507,0.0762119007288053,0.062368243199797946,0.04875839160725005,-0.013843657529007361,0.06186435315000574,0.15286769314414528
google_robot_open_drawer__seed000__step011,open_drawer,0,validation,22,0.08408768479430023,0.14908510982502546,0.09271119628156625,0.056373913543459206,1.6080593909310608,0.0797838318449726,0.07993088168071015,0.05751960793578529,0.00014704983573754493,0.05622686370772166,0.10315478869188155
google_robot_open_drawer__seed000__step011,open_drawer,0,validation,23,0.07653566054994511,0.07941089456830273,0.13946284669650388,-0.06005195212820115,0.5694053753335112,0.0748710590959342,0.05946736042465314,0.11921869064833271,-0.059751330223679566,-0.00030062190452158355,0.1008263303775152
google_robot_open_drawer__seed000__step011,open_drawer,0,validation,24,0.11199111608793888,0.14021392469614935,0.06678946923816109,0.02822280860821047,1.2520093521172613,0.09013701949685805,0.10177539287314746,0.07457619665462444,0.01163837337628941,0.01658443523192106,0.08865452647281558
google_robot_open_drawer__seed000__step011,open_drawer,0,validation,25,0.06023497566162991,0.07693508846686212,0.048389822644256786,0.01670011280523221,1.2772494322741181,0.05462832292803328,0.05191606640887793,0.03985291789682873,-0.002712256519155354,0.019412369324387564,0.10921961602782915
google_robot_open_drawer__seed000__step011,open_drawer,0,validation,26,0.05919257225683086,0.08028830840753189,0.05290677107703345,0.021095736150701025,1.3563916104062628,0.06872565331548651,0.09946812241408116,0.05219645041526564,0.030742469098594655,-0.00964673294789363,0.12030687954616326
google_robot_open_drawer__seed000__step011,open_drawer,0,validation,27,0.065360750639577,0.06130390507383306,0.04165254500287899,-0.004056845565743941,0.9379314722360692,0.05021995309013117,0.054969894482906005,0.04268848352951545,0.004749941392774834,-0.008806786958518775,0.10186457831325413
google_robot_open_drawer__seed000__step011,open_drawer,0,validation,28,0.07792781885816676,0.08330342782064215,0.04682545037493171,0.005375608962475395,1.0689818994197609,0.05002799141644691,0.03473316903379375,0.04484003641160826,-0.015294822382653166,0.02067043134512856,0.1607040587811639
google_robot_open_drawer__seed000__step011,open_drawer,0,validation,29,0.06023145320415201,0.06819199676522089,0.04300666942460207,0.00796054356106888,1.1321658890428385,0.04827255050374514,0.053466681659293844,0.04374300281823044,0.0051941311555487035,0.002766412405520176,0.18164017260585297
google_robot_open_drawer__seed000__step011,open_drawer,0,validation,30,0.06716826376296611,0.06455174058701178,0.047364331965267986,-0.00261652317595433,0.9610452462313464,0.04614018562804434,0.048797358656983245,0.03494436118376787,0.0026571730289389056,-0.005273696204893236,0.12718755987674513
google_robot_open_drawer__seed000__step011,open_drawer,0,validation,31,0.04492838186384541,0.04352753201751981,0.04299938896146246,-0.0014008498463255956,0.9688203806099485,0.03857971278684952,0.03898427938552151,0.034832211792745184,0.000404566598671989,-0.0018054164449975846,0.28476644352804215
google_robot_open_drawer__seed000__step056,open_drawer,0,validation,0,0.004158433238362293,0.0013187313750258503,0.0037049730642420677,-0.0028397018633364427,0.3171221706435772,0.003477559546104393,0.0012617063882421986,0.003661171289148363,-0.0023994649009061644,-0.00044023696243027837,0.8301740027964115
google_robot_open_drawer__seed000__step056,open_drawer,0,validation,1,0.009621840919799807,0.004829524626117978,0.012342497710831896,-0.007512973084713918,0.39129232504370165,0.006772935050930932,0.0032682744764927583,0.009521823312349813,-0.006253548835857055,-0.0012594242488568634,0.3874515234492719
google_robot_open_drawer__seed000__step056,open_drawer,0,validation,2,0.024893822571224116,0.03752749195889802,0.032020903428604496,0.005506588530293524,1.1719685561830355,0.02642037810806169,0.022588726543025146,0.029052907368582122,-0.006464180825556977,0.011970769355850501,0.030630181857134176
google_robot_open_drawer__seed000__step056,open_drawer,0,validation,3,0.020164928182401138,0.04681789641459708,0.02653244181335183,0.020285454601245246,1.7645528724399977,0.021387132322278363,0.03528135493837154,0.03350720761902899,0.0017741473193425492,0.018511307281902697,0.039613579925458
google_robot_open_drawer__seed000__step056,open_drawer,0,validation,4,0.024307611170830662,0.03482736447065202,0.04598849851504072,-0.011161134044388704,0.7573059698668263,0.026197063860626583,0.034535222621745305,0.02604361807216545,0.008338158761118722,-0.019499292805507426,0.042881955653456316
google_robot_open_drawer__seed000__step056,open_drawer,0,validation,5,0.036049651614417054,0.08198209454971296,0.037812162148560126,0.044169932401152835,2.1681408809052938,0.03335201775626242,0.11357863944357563,0.028835289729793594,0.0802266216873132,-0.03605668928616037,0.049817894704347054
google_robot_open_drawer__seed000__step056,open_drawer,0,validation,6,0.06462723706161051,0.040156533176788835,0.053347089665883675,-0.024470703884821678,0.6213561804987386,0.04271857891595793,0.05817545002250593,0.04432061686644554,0.01385483315606039,-0.03832553704088207,0.04373799204233819
google_robot_open_drawer__seed000__step056,open_drawer,0,validation,7,0.043641352584798516,0.06844596505589441,0.06833643561155435,0.00010952944434006184,1.0016027971514736,0.02749872347385418,0.11776197838340005,0.056089342724818636,0.061672635658581415,-0.06156310621424135,0.07838926459783124
google_robot_open_drawer__seed000__step056,open_drawer,0,validation,8,0.06899942762460785,0.06166217434349223,0.04713154520375439,-0.007337253281115626,0.8936621138216677,0.03477547721679688,0.0522741021347253,0.042399408284213,0.009874693850512303,-0.01721194713162793,0.1414904061721245
google_robot_open_drawer__seed000__step056,open_drawer,0,validation,9,0.04916347622432284,0.03923609114080555,0.07266153428827428,-0.03342544314746873,0.5399843469467897,0.04412557111120468,0.07869465675041624,0.06083944128381143,0.017855215466604818,-0.05128065861407355,0.12859019951974915
google_robot_open_drawer__seed000__step056,open_drawer,0,validation,10,0.05787608913076561,0.06147555074743955,0.07029589043154687,-0.008820339684107316,0.8745255287334835,0.04372519154389573,0.07852344572898455,0.05032983405652285,0.028193611672461698,-0.037013951356569014,0.1639054984516406
google_robot_open_drawer__seed000__step056,open_drawer,0,validation,11,0.053910618851234215,0.07266944129427778,0.03486420672029014,0.01875882244304357,1.3479615490003618,0.057667160876720434,0.15540815876535047,0.05619929246925215,0.09774099788863003,-0.07898217544558646,0.2856583982857046
google_robot_open_drawer__seed000__step056,open_drawer,0,validation,12,0.04839167572088753,0.036518696923972555,0.03877085183887883,-0.011872978796914978,0.7546483228769408,0.05125480323063646,0.10200753717141343,0.058573936870735366,0.04343360030067807,-0.055306579097593046,0.38476048730353796
google_robot_open_drawer__seed000__step056,open_drawer,0,validation,13,0.047017247709328074,0.035466829819429745,0.02668128505900706,-0.011550417889898329,0.7543365796036002,0.0464500841033964,0.062786537189834,0.05891361186507983,0.0038729253247541673,-0.015423343214652496,0.21417863860187936
google_robot_open_drawer__seed000__step056,open_drawer,0,validation,14,0.04983965828890923,0.057484831491330414,0.0330741178907209,0.007645173202421182,1.1533953775947627,0.06767516696263923,0.0982299809618833,0.0506133880091,0.030554813999244076,-0.022909640796822894,0.31370965015958063
google_robot_open_drawer__seed000__step056,open_drawer,0,validation,15,0.049678650200865426,0.038598400101795945,0.04997418601057688,-0.011375785908780939,0.7723667593830685,0.067106970691592,0.0723207084330457,0.05894400779905256,0.0052137377414537,-0.01658952365023464,0.20566487933774624
google_robot_open_drawer__seed000__step056,open_drawer,0,validation,16,0.05743293196892671,0.08048276888512625,0.04154473347893196,0.023049836916199537,1.4013348461588262,0.05728994573409959,0.07353322500832002,0.04791908756661848,0.01624327927422043,0.0068065576419791066,0.15699656271840468
google_robot_open_drawer__seed000__step056,open_drawer,0,validation,17,0.04214690692204768,0.05850211813920712,0.033888278663571164,0.016355211217159438,1.388052467228711,0.05234136281883823,0.06117576869590771,0.08817128471832292,-0.026995516022415206,0.04335072723957464,0.17994423297932371
google_robot_open_drawer__seed000__step056,open_drawer,0,validation,18,0.06189963596760912,0.07534898891517451,0.05006168500134708,0.013449352947565392,1.2172767696825095,0.07420927447838908,0.04972021089681007,0.08528237921823141,-0.03556216832142134,0.04901152126898673,0.1276916904276959
google_robot_open_drawer__seed000__step056,open_drawer,0,validation,19,0.04484850213394786,0.06896006620196997,0.04196660116163008,0.02411156406802211,1.5376225051175338,0.1081561249635614,0.08932767474489528,0.08487528251266452,-0.018828450218666123,0.042940014286688234,0.1480048351786536
google_robot_open_drawer__seed000__step056,open_drawer,0,validation,20,0.07616399769469803,0.06366723384634076,0.06600503649382887,-0.012496763848357267,0.8359229527518984,0.08823235720668976,0.08467796556116812,0.10200842364436433,-0.017330458083196207,0.0048336942348389395,0.09009573455303155
google_robot_open_drawer__seed000__step056,open_drawer,0,validation,21,0.05930410824634631,0.08644840400781034,0.04911467879085816,0.02714429576146403,1.4577135811351885,0.07692288771520853,0.06733880950027171,0.08997595260425689,-0.02263714310398518,0.04978143886544921,0.12391144935455145
google_robot_open_drawer__seed000__step056,open_drawer,0,validation,22,0.0754621573466475,0.059407730512378354,0.06833100607333832,-0.01605442683426915,0.7872519498677918,0.08000316687076213,0.06848117839453333,0.06932927060648171,-0.011521988476228803,-0.004532438358040347,0.1321133004588546
google_robot_open_drawer__seed000__step056,open_drawer,0,validation,23,0.057334484928079764,0.034756105463315444,0.09198100898220078,-0.05722490351888534,0.37786175481115986,0.057046930968545816,0.059194612370140134,0.1070802054873097,-0.04788559311716957,-0.009339310401715768,0.08396490495704256
google_robot_open_drawer__seed000__step056,open_drawer,0,validation,24,0.06967399678286501,0.06659234634144334,0.04133684218480154,-0.0030816504414216683,0.9557704368385029,0.08552670157163228,0.1082950363639605,0.07000306130523243,0.022768334792328218,-0.025849985233749886,0.1558066936615603
google_robot_open_drawer__seed000__step056,open_drawer,0,validation,25,0.07428113538575794,0.032046260805200476,0.04653865160009272,-0.04223487458055746,0.43141856460294176,0.045247047767104163,0.05070774170385206,0.05865861408825495,-0.00795087238440289,-0.03428400219615457,0.11955374653244633
google_robot_open_drawer__seed000__step056,open_drawer,0,validation,26,0.09604292793323377,0.04129244124433556,0.08679603832239555,-0.05475048668889821,0.42993734294565505,0.06528837439472264,0.06287818736101332,0.06606077988100449,-0.003182592519991173,-0.05156789416890704,0.12960035553425087
google_robot_open_drawer__seed000__step056,open_drawer,0,validation,27,0.04891987055803317,0.03405444605647577,0.03073315842564096,-0.014865424501557402,0.696127067958557,0.06345584568244561,0.03784049596232015,0.05785037149827312,-0.025615349720125462,0.01074992521856806,0.07575244747022225
google_robot_open_drawer__seed000__step056,open_drawer,0,validation,28,0.04489964144368214,0.038891074096780144,0.03960751323915785,-0.006008567346901993,0.8661778323009869,0.06531215092541989,0.03576412822145695,0.07707693595215939,-0.04131280773070244,0.03530424038380045,0.1164777335318945
google_robot_open_drawer__seed000__step056,open_drawer,0,validation,29,0.07207147664731291,0.029812055855514365,0.028476984416710215,-0.04225942079179854,0.4136456923368153,0.04646001323437893,0.062357288544829276,0.05296400145620063,0.009393287088628646,-0.05165270788042719,0.19009156633296698
google_robot_open_drawer__seed000__step056,open_drawer,0,validation,30,0.050253782252025904,0.04094780879636102,0.03545876163329629,-0.009305973455664883,0.8148204366191815,0.04303632557894402,0.04049706722929325,0.048351327560587104,-0.007854260331293855,-0.0014517131243710277,0.17869878897647595
google_robot_open_drawer__seed000__step056,open_drawer,0,validation,31,0.04746960036175269,0.04226294676110465,0.062422345249787306,-0.02015939848868266,0.6770483645237384,0.047742035763761875,0.030791319475268523,0.05028958805053439,-0.01949826857526587,-0.00066112991341679,0.21823721731857404
google_robot_open_drawer__seed000__step101,open_drawer,0,validation,0,0.003497891302501739,0.0010727932998170879,0.0031857397211678853,-0.0024250980026846508,0.3066971518096665,0.0045383496015372485,0.00159005983481674,0.004558159654163934,-0.002968099819347194,0.0005430018166625431,0.8282416127622128
google_robot_open_drawer__seed000__step101,open_drawer,0,validation,1,0.005937364727093216,0.003886248135650097,0.008330785957992932,-0.004444537822342835,0.46649237601903043,0.007546433207785474,0.004431145453340474,0.010187140677288178,-0.005755995223947704,0.0013114574016048694,0.39618792617693543
google_robot_open_drawer__seed000__step101,open_drawer,0,validation,2,0.028933972033909097,0.0353711872720624,0.03867029178840072,-0.0032991045163383234,0.9146863298991734,0.02408814623502228,0.031199676134153156,0.0381572044646607,-0.0069575283305075425,0.003658423814169219,0.02371429608433573
google_robot_open_drawer__seed000__step101,open_drawer,0,validation,3,0.02712790797183058,0.03699461166610638,0.04196543384651582,-0.004970822180409437,0.8815496058353716,0.02307815859576351,0.0366926306127383,0.025327720300350905,0.011364910312387396,-0.016335732492796833,0.041857629335709134
google_robot_open_drawer__seed000__step101,open_drawer,0,validation,4,0.02580926008819278,0.029377191512867783,0.033399107824066666,-0.004021916311198883,0.879580127337989,0.02923005749444542,0.048007466244896435,0.03451975166413917,0.013487714580757267,-0.01750963089195615,0.050003781752366194
google_robot_open_drawer__seed000__step101,open_drawer,0,validation,5,0.026792705382030258,0.11429582137453086,0.02801061249516912,0.08628520887936174,4.080447058922506,0.03755119459313869,0.13105492044947908,0.025597420096130828,0.0935037258563404,-0.007218516976978659,0.07284799023045707
google_robot_open_drawer__seed000__step101,open_drawer,0,validation,6,0.059272209315652365,0.040771738728727164,0.041811323197370624,-0.0185004705869252,0.6878727686966838,0.05232357763966422,0.07465907405174255,0.048511916312919755,0.022335496412078326,-0.04083596699900353,0.07072095814714885
google_robot_open_drawer__seed000__step101,open_drawer,0,validation,7,0.05075832927787281,0.10692779569095247,0.06042933067253838,0.046498465018414085,1.7694684766638484,0.03099839032021439,0.0948077297098716,0.053986245455889086,0.040821484253982514,0.005676980764431572,0.09244190623917348
google_robot_open_drawer__seed000__step101,open_drawer,0,validation,8,0.06699518356793667,0.06674634473598723,0.046003543029696836,-0.0002488388319494411,0.9962857205742692,0.0524291198200522,0.07189739533689898,0.05308435360553861,0.01881304173136037,-0.019061880563309812,0.20486506264387572
google_robot_open_drawer__seed000__step101,open_drawer,0,validation,9,0.07107088559891382,0.051579159273152965,0.06483265636584537,-0.019491726325760857,0.7257424589337219,0.042950269825272225,0.08049795130252044,0.06521006721978997,0.015287884082730463,-0.03477961040849132,0.10304431144868431
google_robot_open_drawer__seed000__step101,open_drawer,0,validation,10,0.06386979917684224,0.0868570013930075,0.0769625874506049,0.009894413942402605,1.1285613474047103,0.06443018597742751,0.1451254917452812,0.07205542744221786,0.07307006430306333,-0.06317565036066072,0.17526463005924597
google_robot_open_drawer__seed000__step101,open_drawer,0,validation,11,0.048446987927868536,0.1018775301974068,0.05655277144066529,0.0453247587567415,1.8014595501176431,0.07088756821965662,0.1834503240807715,0.055004916699593544,0.11256275586111487,-0.06723799710437336,0.2219278148313606
google_robot_open_drawer__seed000__step101,open_drawer,0,validation,12,0.04828446989246056,0.06193342231631601,0.037440508966348346,0.01364895242385545,1.2826778973499031,0.04121264618243216,0.20378020328246593,0.06123976722647916,0.14254043605598676,-0.12889148363213132,0.2780363956499059
google_robot_open_drawer__seed000__step101,open_drawer,0,validation,13,0.06043163577645165,0.044832837911517785,0.03226198690410316,-0.015598797864933865,0.7418769546031015,0.05600443673837706,0.09936935050098264,0.04173361152968512,0.04336491376260558,-0.058963711627539446,0.18607973653342924
google_robot_open_drawer__seed000__step101,open_drawer,0,validation,14,0.06377725113070645,0.06487833509634146,0.0317981638533155,0.0011010839656350052,1.0172645252988157,0.08722055205206034,0.11762079013773591,0.05341326783574508,0.030400238085675574,-0.02929915412004057,0.42897018308804036
google_robot_open_drawer__seed000__step101,open_drawer,0,validation,15,0.04448296210882364,0.041482053222929936,0.03093443653162326,-0.003000908885893702,0.9325380158238509,0.06673616427299506,0.09249660574127545,0.07969326298971235,0.012803342751563099,-0.0158042516374568,0.263508365569578
google_robot_open_drawer__seed000__step101,open_drawer,0,validation,16,0.07481036036573298,0.05719082255718489,0.05660136004339317,-0.017619537808548087,0.7644773033787076,0.06289441395644675,0.06747241643445583,0.037578432253338866,0.0045780024780090744,-0.02219754028655716,0.11027994849644074
google_robot_open_drawer__seed000__step101,open_drawer,0,validation,17,0.05293275263452609,0.04053342373730143,0.03216577077384641,-0.012399328897224664,0.7657531815351496,0.052053394372082055,0.08563833307971516,0.05807500620737499,0.02756332687234017,-0.039962655769564835,0.15022575489365408
google_robot_open_drawer__seed000__step101,open_drawer,0,validation,18,0.0882912498529709,0.062473533441081676,0.07457422307447868,-0.02581771641188923,0.7075846535768517,0.07317383247468166,0.07681077251272311,0.05396765332487616,0.00363694003804145,-0.02945465644993068,0.13173769873083074
google_robot_open_drawer__seed000__step101,open_drawer,0,validation,19,0.07562778810636851,0.07320717015374571,0.05673618951810164,-0.0024206179526228,0.9679930087441105,0.07706193098928889,0.10314486804018111,0.0744130929423259,0.02608293705089222,-0.02850355500351502,0.05951776504618067
google_robot_open_drawer__seed000__step101,open_drawer,0,validation,20,0.08010603521136417,0.050090414951965215,0.05646984629360252,-0.030015620259398954,0.625301387339904,0.08023266701707885,0.0829307385997602,0.06818861110208443,0.002698071582681358,-0.03271369184208031,0.08997786718720135
google_robot_open_drawer__seed000__step101,open_drawer,0,validation,21,0.05316481203782297,0.05991037841205277,0.049641035875703746,0.0067455663742297944,1.1268802825716906,0.07624215266715981,0.06841897195452525,0.0502130311553664,-0.007823180712634561,0.014568747086864356,0.09339712503395958
google_robot_open_drawer__seed000__step101,open_drawer,0,validation,22,0.05917818608869727,0.038808756466750194,0.04367272827225603,-0.02036942962194708,0.6557949648639614,0.08724929890184449,0.0756951192090537,0.06175676141182068,-0.011554179692790795,-0.008815249929156284,0.08398053393057126
google_robot_open_drawer__seed000__step101,open_drawer,0,validation,23,0.06739069340644172,0.03463486877118946,0.1134439539782852,-0.07880908520709574,0.3053037870825542,0.06764955990716827,0.04179181637226111,0.11695039653816752,-0.0751585801659064,-0.003650505041189342,0.08178940283397651
google_robot_open_drawer__seed000__step101,open_drawer,0,validation,24,0.07695102657338933,0.0698244441107121,0.05546702646682498,-0.007126582462677222,0.9073880781060082,0.08826105399902867,0.09845424259589697,0.0708974897921917,0.010193188596868297,-0.01731977105954552,0.0819186730610113
google_robot_open_drawer__seed000__step101,open_drawer,0,validation,25,0.09358735653097222,0.05036279896095057,0.05401919262318969,-0.04322455757002165,0.5381367828706999,0.06370510832058543,0.05006244597717676,0.03772072092993898,-0.01364266234340867,-0.029581895226612982,0.09694280986445847
google_robot_open_drawer__seed000__step101,open_drawer,0,validation,26,0.06761215596793382,0.04728010920054846,0.056694545327849385,-0.020332046767385363,0.6992841527338934,0.05771530625609116,0.10417436997754825,0.051258748701073054,0.04645906372145709,-0.06679111048884245,0.0908452366592769
google_robot_open_drawer__seed000__step101,open_drawer,0,validation,27,0.04968764235811025,0.06261488203373593,0.04672513190089351,0.01292723967562568,1.2601701159909358,0.04849933967192905,0.054661556354328296,0.04185123212482584,0.006162216682399246,0.006765022993226434,0.04921804233131866
google_robot_open_drawer__seed000__step101,open_drawer,0,validation,28,0.061412389750620175,0.049349156717836906,0.042286890445314126,-0.012063233032783269,0.8035700437359801,0.05264210560273869,0.04605982217498591,0.05236344964941709,-0.006582283427752779,-0.00548094960503049,0.11412660131185248
google_robot_open_drawer__seed000__step101,open_drawer,0,validation,29,0.051683738492387596,0.04476406187010593,0.04649449245842609,-0.006919676622281663,0.8661150136555843,0.05003502919949238,0.059086596223269346,0.04865629481453323,0.009051567023776963,-0.015971243646058626,0.14751087459939072
google_robot_open_drawer__seed000__step101,open_drawer,0,validation,30,0.03615061997950091,0.06418949382245315,0.041257117341725456,0.02293237648072769,1.5558404939148522,0.04006935655819545,0.061044110268723535,0.03684624823724596,0.020974753710528087,0.0019576227701996046,0.1332991870716569
google_robot_open_drawer__seed000__step101,open_drawer,0,validation,31,0.03613525979988117,0.03776542963528197,0.03885976224246664,-0.001094332607184674,0.9718389268478651,0.05055847937886112,0.047604356474939054,0.04708716503402652,-0.0029541229039220657,0.0018597902967373917,0.1763166425594136
google_robot_open_drawer__seed001__step011,open_drawer,1,validation,0,0.004661647156445697,0.004986502955709593,0.004567631994808514,0.00032485579926389615,1.0696869128790056,0.0036397821710514736,0.0038634788311135656,0.00385379965669487,9.679174418695483e-06,0.00031517662484520067,0.8438944071531296
google_robot_open_drawer__seed001__step011,open_drawer,1,validation,1,0.005351037122943398,0.003926571495550091,0.009911601088976835,-0.005985029593426745,0.39615915332962887,0.006671369356657238,0.00407810446460724,0.009743412825546938,-0.005665308360939698,-0.00031972123248704635,0.35659539327025414
google_robot_open_drawer__seed001__step011,open_drawer,1,validation,2,0.03772679451777417,0.033181705831170964,0.04092922568883648,-0.007747519857665516,0.8107093469941048,0.02713248234321487,0.023692435264403792,0.024280977799751573,-0.0034400470788110774,-0.004307472778854439,0.02086119403838893
google_robot_open_drawer__seed001__step011,open_drawer,1,validation,3,0.022868270394481277,0.055893998546155434,0.02587961067625727,0.030014387869898164,2.159769682989639,0.025256061951877608,0.04255271481082832,0.03457718887696689,0.00797552593386143,0.022038861936036734,0.03564521269117904
google_robot_open_drawer__seed001__step011,open_drawer,1,validation,4,0.0375917360263545,0.05815585405080771,0.033144672061069066,0.02056411802445321,1.547038264208822,0.031749074207724715,0.03031436827696097,0.025385541354353988,-0.0014347059307637453,0.021998823955216955,0.04580741442532599
google_robot_open_drawer__seed001__step011,open_drawer,1,validation,5,0.07291210302864772,0.15011230708862464,0.036348135353515054,0.07720020405997692,2.058811923579332,0.06578762708253347,0.07765194071277072,0.029726181533817665,0.011864313630237253,0.06533589042973967,0.07905144877167913
google_robot_open_drawer__seed001__step011,open_drawer,1,validation,6,0.03376387597874321,0.0472005315046496,0.045961090222300396,0.0012394412823492004,1.026967186295068,0.046072582345290436,0.07275007788715179,0.044478842917595754,0.026677495541861357,-0.025438054259512156,0.03303149136900174
google_robot_open_drawer__seed001__step011,open_drawer,1,validation,7,0.05295333467445492,0.08180073715133061,0.03502738032455613,0.028847402476875693,1.5447702709229356,0.029659647055342155,0.052991122423543646,0.07049254726938249,-0.017501424845838845,0.04634882732271454,0.07915770450836135
google_robot_open_drawer__seed001__step011,open_drawer,1,validation,8,0.06274627926291511,0.09723569586749771,0.07615774125683633,0.02107795461066138,1.276767066128938,0.0420947430267835,0.04769634809460013,0.047230100460194296,0.0004662476344058364,0.020611706976255542,0.12973846736440464
google_robot_open_drawer__seed001__step011,open_drawer,1,validation,9,0.06231345929102463,0.11072387454903473,0.08716034405222768,0.023563530496807053,1.2703469192674075,0.05651952588457257,0.0644368202652011,0.06798085565185326,-0.0035440353866521557,0.02710756588345921,0.09395414019127202
google_robot_open_drawer__seed001__step011,open_drawer,1,validation,10,0.06000637226434748,0.154895536108999,0.039059703954685776,0.09488916384465153,2.5813181211261043,0.06280224378555206,0.06925103983346755,0.04625068039770386,0.006448796047915484,0.08844036779673604,0.17561740665223624
google_robot_open_drawer__seed001__step011,open_drawer,1,validation,11,0.07815797975871233,0.20133152578198665,0.06893336633768646,0.12317354602327432,2.575956113547626,0.07419627087785126,0.10914479846884989,0.05906955492431096,0.03494852759099863,0.08822501843227569,0.22637545562020023
google_robot_open_drawer__seed001__step011,open_drawer,1,validation,12,0.04951672840378187,0.1210637410361907,0.03684377157253695,0.07154701263240884,2.444905892186213,0.060421361044675756,0.05861675675385923,0.05136405022430698,-0.001804604290816525,0.07335161692322537,0.2505291855050018
google_robot_open_drawer__seed001__step011,open_drawer,1,validation,13,0.05708493576370398,0.11811832745474553,0.05132582378810229,0.06103339169104155,2.0691680891729773,0.044011053211532196,0.047810935037196835,0.0494908395212988,-0.0016799044841019628,0.06271329617514351,0.18479262820255826
google_robot_open_drawer__seed001__step011,open_drawer,1,validation,14,0.07166988922397662,0.17421564724099153,0.05336023241292459,0.10254575801701492,2.4308067045638606,0.060747706043053885,0.05590576602616545,0.05083940808325924,-0.004841940016888438,0.10738769803390336,0.3531940087964358
google_robot_open_drawer__seed001__step011,open_drawer,1,validation,15,0.05458997460876738,0.07346808294509706,0.05853510294677424,0.01493297999832282,1.2551115355840636,0.06299934245595745,0.056650166190648096,0.05002845200816716,-0.006349176265309356,0.021282156263632175,0.2652885993866221
google_robot_open_drawer__seed001__step011,open_drawer,1,validation,16,0.060372213800883756,0.09991192466751377,0.06668890500875585,0.033223019658757916,1.498179114717747,0.04367811549502704,0.07385907397060532,0.03642188071600358,0.03018095847557828,0.003042061183179637,0.24952077372131498
google_robot_open_drawer__seed001__step011,open_drawer,1,validation,17,0.055944999587603156,0.0702031591500099,0.050853213223299366,0.014258159562406739,1.254860303289129,0.061165289641112994,0.059512513793585846,0.0817665656361791,-0.02225405184259325,0.03651221140499999,0.21028576920957676
google_robot_open_drawer__seed001__step011,open_drawer,1,validation,18,0.06743340309422081,0.0911046561402995,0.044376414296259,0.023671253046078686,1.3510315653653755,0.06845172291868547,0.07149498089873782,0.06950104252973877,0.001993938368999054,0.02167731467707963,0.0863607848550032
google_robot_open_drawer__seed001__step011,open_drawer,1,validation,19,0.0598875198419406,0.08400663796256265,0.03887552761123574,0.02411911812062205,1.4027403068999842,0.0830730952023178,0.06678755310246698,0.05018307973599644,-0.016285542099850822,0.04040466022047287,0.10586631802237889
google_robot_open_drawer__seed001__step011,open_drawer,1,validation,20,0.07542163453674551,0.11018934213825601,0.04838877098652031,0.0347677076015105,1.4609779119089714,0.09432473143955403,0.06112152862471576,0.09750085030785448,-0.03637932168313872,0.07114702928464922,0.1345411187642469
google_robot_open_drawer__seed001__step011,open_drawer,1,validation,21,0.05362514945046812,0.06632809150319133,0.06430473187309987,0.0020233596300914536,1.0314651748192403,0.07691008076039989,0.059879638352876026,0.0864794489352645,-0.02659981058238848,0.028623170212479933,0.10611751553948068
google_robot_open_drawer__seed001__step011,open_drawer,1,validation,22,0.05718298959991006,0.14060172904690094,0.049971901435596364,0.08341873944699088,2.458803396440855,0.10828565220736884,0.08166706906781675,0.0629860641142607,-0.026618583139552093,0.11003732258654297,0.10672640988389048
google_robot_open_drawer__seed001__step011,open_drawer,1,validation,23,0.07542012832758901,0.061758156206699374,0.12101806832261044,-0.05925991211591107,0.5103217813894058,0.06493468061464035,0.03915846356954212,0.11645297674652266,-0.07729451317698055,0.01803460106106948,0.09400263702218581
google_robot_open_drawer__seed001__step011,open_drawer,1,validation,24,0.08890567254306667,0.10962811580370108,0.04843779039736952,0.02072244326063441,1.2330834767668652,0.07474554613708104,0.0549960907885862,0.06023083250153656,-0.019749455348494836,0.040471898609129246,0.11756974751298799
google_robot_open_drawer__seed001__step011,open_drawer,1,validation,25,0.05299827218615396,0.09773467323427905,0.03323928484389432,0.04473640104812509,1.844110556868544,0.05503894594735788,0.05281297993304648,0.047888025177081815,-0.002225966014311395,0.046962367062436484,0.10352471711436806
google_robot_open_drawer__seed001__step011,open_drawer,1,validation,26,0.05672755514073166,0.07035384406439699,0.04561730731456355,0.013626288923665325,1.2402058204317243,0.06662589525590416,0.0707396445454579,0.05922823505039572,0.004113749289553742,0.009512539634111583,0.11081885622758136
google_robot_open_drawer__seed001__step011,open_drawer,1,validation,27,0.059239903851548016,0.07460771375966672,0.04121153522565935,0.015367809908118708,1.2594165234742718,0.04689415654611204,0.053486782949608215,0.056362147133793485,-0.0028753641841852695,0.018243174092303978,0.07141283206932769
google_robot_open_drawer__seed001__step011,open_drawer,1,validation,28,0.07222973329532993,0.0830977676461653,0.05038460508528447,0.010868034350835373,1.1504648273640803,0.04655782449337626,0.06050428693314385,0.0752362490998726,-0.01473196216672875,0.025599996517564123,0.09385464909661323
google_robot_open_drawer__seed001__step011,open_drawer,1,validation,29,0.06267715675062738,0.048275282138015865,0.04815114252488421,-0.014401874612611512,0.7702213157193454,0.05959197690889409,0.045802105389848205,0.05618329598332948,-0.013789871519045885,-0.0006120030935656273,0.16782961031037757
google_robot_open_drawer__seed001__step011,open_drawer,1,validation,30,0.04888319598964472,0.04731747046593641,0.036708714826587385,-0.0015657255237083098,0.9679700663590002,0.033168842371364436,0.034704731901477624,0.049962384484323476,-0.015257652582845851,0.013691927059137542,0.12739391933268962
google_robot_open_drawer__seed001__step011,open_drawer,1,validation,31,0.04265158034675509,0.04060056428793575,0.053245844713819934,-0.012645280425884184,0.7625114129778824,0.03894103248876205,0.04166141160194199,0.055675980808974054,-0.014014569207032063,0.0013692887811478788,0.22052880015053233
google_robot_open_drawer__seed001__step056,open_drawer,1,validation,0,0.004273254364917889,0.004544807255686546,0.004111785596454953,0.0002715528907686572,1.0635470925854598,0.003893333468618899,0.004152329746375928,0.004320112156559969,-0.00016778241018404125,0.0004393353009526984,0.849949061870575
google_robot_open_drawer__seed001__step056,open_drawer,1,validation,1,0.006443891780811617,0.004071783424861946,0.009365811485215248,-0.005294028060353302,0.4347496670512333,0.0060402590404129135,0.0045167634214579675,0.008609136942069799,-0.004092373520611831,-0.001201654539741471,0.4157973909750581
google_robot_open_drawer__seed001__step056,open_drawer,1,validation,2,0.032112731678843855,0.03816850695280865,0.0316006019658904,0.006055775273964795,1.1885786402268104,0.0293218693286667,0.023844973762212174,0.02690643755229856,-0.005476895566454525,0.01153267084041932,0.04325712007835136
google_robot_open_drawer__seed001__step056,open_drawer,1,validation,3,0.026131565725360628,0.050258001728972296,0.021312877987487353,0.024126436003611668,1.9232679073721561,0.02748149257589883,0.0348178454662952,0.030686194262799928,0.004131651203495269,0.0199947848001164,0.031972067533047266
google_robot_open_drawer__seed001__step056,open_drawer,1,validation,4,0.032976361645220886,0.03363187728165672,0.05056210786779057,-0.016930230586133847,0.6651597154453511,0.038408276423568206,0.038403530002295835,0.03195234742491966,-4.746421272371071e-06,-0.016925484164861476,0.02499450395043823
google_robot_open_drawer__seed001__step056,open_drawer,1,validation,5,0.045226253194442435,0.09977460640875462,0.0440360593793267,0.05454835321431218,2.20612143083777,0.0694721546718484,0.0784655801850311,0.04693804677421576,0.00899342551318269,0.04555492770112949,0.043612747604811375
google_robot_open_drawer__seed001__step056,open_drawer,1,validation,6,0.055766457461548014,0.08628959213656462,0.05808455347321183,0.02820503866335279,1.4855858739855985,0.04794255955021079,0.04735425678648577,0.04317564769543964,-0.0005883027637250196,0.02879334142707781,0.019649475226117374
google_robot_open_drawer__seed001__step056,open_drawer,1,validation,7,0.03706685211448362,0.056126127136294446,0.04593014665464667,0.010195980481647778,1.221988850989577,0.03744617985271125,0.048701727786559845,0.0721592480986415,-0.02345752031208166,0.03365350079372944,0.07287548174303993
google_robot_open_drawer__seed001__step056,open_drawer,1,validation,8,0.047253860250833266,0.06732664029444549,0.04998309327358339,0.017343547020862098,1.3469882691319617,0.03939132554696577,0.04345731102250031,0.043483044930481586,-2.5733907981273507e-05,0.01736928092884337,0.11589790822199575
google_robot_open_drawer__seed001__step056,open_drawer,1,validation,9,0.04797874495754232,0.04212179444704552,0.06267258970053667,-0.02055079525349115,0.6720927705127977,0.04640293995665531,0.05201339154295747,0.058811750283438,-0.0067983587404805285,-0.01375243651301062,0.12217471084841236
google_robot_open_drawer__seed001__step056,open_drawer,1,validation,10,0.03629285868837941,0.07384659167577674,0.05735278823592375,0.016493803439852996,1.2875850319953908,0.05131782228137413,0.07743834040352696,0.048389531710167806,0.026120518122152825,-0.00962671468229983,0.1467849366581504
google_robot_open_drawer__seed001__step056,open_drawer,1,validation,11,0.060372835063259224,0.1189892003793199,0.03650481042403276,0.058616365316060674,1.9709062901326713,0.06932253990454089,0.10027430541982191,0.05963322746976748,0.03095176551528102,0.027664599800779656,0.22867114401378785
google_robot_open_drawer__seed001__step056,open_drawer,1,validation,12,0.043412545907213995,0.11725837727847457,0.032273631162793096,0.07384583137126058,2.7010251259875866,0.07371801872236804,0.05944063410262752,0.07538903963662541,-0.015948405533997893,0.08979423690525848,0.17743957383072484
google_robot_open_drawer__seed001__step056,open_drawer,1,validation,13,0.04891463699618234,0.07042208501738156,0.030314845876344598,0.02150744802119922,1.4396935016174774,0.057067570174326517,0.04662776834630417,0.03962084482647928,-0.010439801828022344,0.031947249849221565,0.16530955302368966
google_robot_open_drawer__seed001__step056,open_drawer,1,validation,14,0.06243895731498389,0.07355540492297435,0.031488398717348494,0.011116447607990465,1.1780370474784143,0.05547947955806976,0.04371599045741045,0.04937105262183612,-0.01176348910065931,0.022879936708649774,0.314827588715616
google_robot_open_drawer__seed001__step056,open_drawer,1,validation,15,0.034455353753455244,0.07478084350210755,0.04752471329678694,0.02725613020532061,1.5735148791978792,0.057474357821227125,0.04704844987699793,0.03340761250614775,-0.010425907944229193,0.037682038149549804,0.2105029385566013
google_robot_open_drawer__seed001__step056,open_drawer,1,validation,16,0.06254079973132931,0.09913668170237859,0.0736396510232711,0.025497030679107496,1.3462405147880196,0.031736548380542226,0.050658942796526975,0.03922786378567818,0.011431079010848798,0.014065951668258699,0.12198788145246908
google_robot_open_drawer__seed001__step056,open_drawer,1,validation,17,0.04919032232453392,0.07251000975046286,0.06539628810245711,0.00711372164800575,1.1087786761973493,0.07239467073088421,0.06082147927970597,0.05557681734463419,-0.011573191451178237,0.018686913099183987,0.1384198505011227
google_robot_open_drawer__seed001__step056,open_drawer,1,validation,18,0.06646107959157556,0.08134608273924947,0.06171703097012203,0.014885003147673909,1.2239657140562112,0.06484708832534315,0.07173952904173951,0.06925600525526891,0.0024835237864705983,0.01240147936120331,0.1204554923476735
google_robot_open_drawer__seed001__step056,open_drawer,1,validation,19,0.06899280982745797,0.08803593615267513,0.06421572965494249,0.019043126325217166,1.2760161004145438,0.054437272305903985,0.06048497149540307,0.07472419366500373,-0.014239222169600656,0.03328234849481782,0.13222652171691607
google_robot_open_drawer__seed001__step056,open_drawer,1,validation,20,0.07798370975968658,0.11351036963291318,0.04010835060399374,0.035526659873226604,1.4555651428061709,0.07413358526899388,0.04954133956548645,0.07872329502260726,-0.02918195545712081,0.06470861533034741,0.1339373192391804
google_robot_open_drawer__seed001__step056,open_drawer,1,validation,21,0.07629156760733165,0.09609840407124749,0.05741663886216077,0.019806836463915845,1.2596202579800235,0.04825272938413014,0.05938973445238831,0.08106088462024247,-0.02167115016785416,0.041477986631770006,0.14811389779487172
google_robot_open_drawer__seed001__step056,open_drawer,1,validation,22,0.04266007614027132,0.053618672498100664,0.07735205597913462,-0.02373338348103396,0.6931770826177401,0.09321455544565908,0.05932421646381739,0.06107575046767612,-0.03389033898184169,0.01015695550080773,0.089095304685614
google_robot_open_drawer__seed001__step056,open_drawer,1,validation,23,0.06399164538744494,0.039841959161790806,0.19196915522667254,-0.15212719606488173,0.20754354580946288,0.05366140563589016,0.033843392447187905,0.06525311550465425,-0.031409723057466345,-0.1207174730074154,0.04052270643903455
google_robot_open_drawer__seed001__step056,open_drawer,1,validation,24,0.05906758972673364,0.04948892804590972,0.04441415653689571,-0.00957866168082392,0.8378355757338669,0.07177407536681993,0.08599254553039248,0.04799372315258911,0.014218470163572555,-0.023797131844396475,0.10858783743310596
google_robot_open_drawer__seed001__step056,open_drawer,1,validation,25,0.056932299783677115,0.041147648219677375,0.08269775846423562,-0.04155011024455824,0.497566669082966,0.038251967902049204,0.0474362190805523,0.029594189279215304,0.009184251178503099,-0.05073436142306134,0.10628709244141987
google_robot_open_drawer__seed001__step056,open_drawer,1,validation,26,0.0605625469306543,0.037172320243838944,0.0354866501637143,-0.023390226686815355,0.613783965961706,0.062372573077552215,0.03961690926559101,0.049331495582238837,-0.022755663811961202,-0.0006345628748541526,0.14325549351974587
google_robot_open_drawer__seed001__step056,open_drawer,1,validation,27,0.08170007589009816,0.06423215923975834,0.049248847243070805,-0.017467916650339824,0.7861946092456826,0.03515923558948711,0.04271364472802996,0.037038648609989025,0.005674996118040933,-0.023142912768380756,0.0690271646651297
google_robot_open_drawer__seed001__step056,open_drawer,1,validation,28,0.0422184586076687,0.052779417415803005,0.038056226445524775,0.010560958808134305,1.2501502697262372,0.05738032130270911,0.05024783103641192,0.054407423292664826,-0.007132490266297191,0.017693449074431496,0.064144025473027
google_robot_open_drawer__seed001__step056,open_drawer,1,validation,29,0.04893429179569794,0.046584060306938326,0.04883413902982125,-0.0023502314887596173,0.9519716868781528,0.05661091871303445,0.04484359345087136,0.04102462536443269,-0.011767325262163085,0.009417093773403468,0.1439021815494641
google_robot_open_drawer__seed001__step056,open_drawer,1,validation,30,0.04715209090364712,0.03426868359800155,0.05513134782540625,-0.020862664227404695,0.6215825469481715,0.03514893570738657,0.04721611816530015,0.029491978593390446,0.012067182457913578,-0.03292984668531827,0.18197953339131345
google_robot_open_drawer__seed001__step056,open_drawer,1,validation,31,0.0595767140252547,0.04220320027126463,0.054767834331254275,-0.017373513753990065,0.7083841558192452,0.050657758893030085,0.033462248763356066,0.04273930809916849,-0.01719551012967402,-0.00017800362431604627,0.2267852817858511
google_robot_open_drawer__seed001__step101,open_drawer,1,validation,0,0.004218577639488529,0.004584475590871529,0.004230347544245156,0.00035412804662637333,1.0837113364617332,0.0035581025756461424,0.0036571451046036947,0.0035148062217328618,9.904252895755238e-05,0.00025508551766882095,0.8457909449934959
google_robot_open_drawer__seed001__step101,open_drawer,1,validation,1,0.007298817459519177,0.0036213408155730546,0.011400125175854564,-0.00777878436028151,0.3176579870581636,0.006984520675851826,0.004131301371380127,0.010421682295271538,-0.006290380923891411,-0.0014884034363900987,0.40617735404521227
google_robot_open_drawer__seed001__step101,open_drawer,1,validation,2,0.03731260306030291,0.04422319144849722,0.03391112795246603,0.006910588388194312,1.1852078874536236,0.028234641296275287,0.024419377273262963,0.03080380400324084,-0.006384426729977875,0.013295015118172188,0.03825070160718269
google_robot_open_drawer__seed001__step101,open_drawer,1,validation,3,0.026703797345606576,0.0597369443230075,0.02131796606088395,0.03303314697740092,2.2370205836225643,0.02223880644302586,0.048726800840975436,0.0284538705184715,0.020272930322503935,0.012760216654896989,0.03515861241851326
google_robot_open_drawer__seed001__step101,open_drawer,1,validation,4,0.03163783203098494,0.05041669558332869,0.04069196856002057,0.009724727023308122,1.2389839412404975,0.026938971681130477,0.03666999242944296,0.03550050076430929,0.001169491665133672,0.00855523535817445,0.025787581710687846
google_robot_open_drawer__seed001__step101,open_drawer,1,validation,5,0.046656737740142215,0.10885077350648394,0.04237703212578536,0.06219403576634172,2.3330129533002397,0.0670254948717425,0.09321291036066981,0.03493529919112201,0.026187415488927307,0.036006620277414414,0.047542021553454106
google_robot_open_drawer__seed001__step101,open_drawer,1,validation,6,0.05376835978109281,0.0863016933128382,0.04760734397407376,0.03253333353174539,1.6050646451593165,0.039704571506011886,0.0515100573338148,0.0377584472371681,0.011805485827802914,0.020727847703942474,0.023230359008948653
google_robot_open_drawer__seed001__step101,open_drawer,1,validation,7,0.032375573962365206,0.06424021559414429,0.05268472813453231,0.011555487459611984,1.2193327719202545,0.04205461573110147,0.045987744271481945,0.05344719708266865,-0.0074594528111867064,0.01901494027079869,0.06681812046042523
google_robot_open_drawer__seed001__step101,open_drawer,1,validation,8,0.054671766635609215,0.07665666802680088,0.06317966612357434,0.013477001903226538,1.2133123318009722,0.05787179194634788,0.04814522561039863,0.052220601409055135,-0.009726566335949254,0.02320356823917579,0.12425397435526975
google_robot_open_drawer__seed001__step101,open_drawer,1,validation,9,0.043010696446691796,0.04398523737742435,0.09837717549331623,-0.05439193811589188,0.4471081544764692,0.06411885036897946,0.07957544621481238,0.06582117200392475,0.013754274210887638,-0.06814621232677952,0.10820295918938427
google_robot_open_drawer__seed001__step101,open_drawer,1,validation,10,0.04446606248015312,0.10160647152118402,0.05138755254689911,0.050218918974284904,1.9772584309877834,0.06370446061332664,0.06925475941649777,0.050222729499253056,0.005550298803171122,0.04466862017111378,0.15977298306825105
google_robot_open_drawer__seed001__step101,open_drawer,1,validation,11,0.06182426624852877,0.12675854614403181,0.030578674231254162,0.06493427989550304,2.0503040931286147,0.06129508856465984,0.11494651324687508,0.05959962755173916,0.05365142468221524,0.011282855213287805,0.22306604088225868
google_robot_open_drawer__seed001__step101,open_drawer,1,validation,12,0.039691360918200705,0.13509286751157226,0.027924768918480822,0.09540150659337156,3.4035836611897237,0.07054429914391387,0.07159355730780612,0.05077631779870229,0.0010492581638922444,0.09435224842947931,0.16950796792116307
google_robot_open_drawer__seed001__step101,open_drawer,1,validation,13,0.03134706669044109,0.07434439915013397,0.0365736963227634,0.037770702827370564,2.0327286171472405,0.043290696112182794,0.057523638799226964,0.031309419004578835,0.01423294268704417,0.023537760140326394,0.16106922722656236
google_robot_open_drawer__seed001__step101,open_drawer,1,validation,14,0.04606851530852999,0.09862105984312455,0.038239132568763316,0.05255254453459456,2.1407475188344955,0.06127746668389663,0.09719453817839588,0.056763437989270596,0.03591707149449925,0.016635473040095314,0.347020449296906
google_robot_open_drawer__seed001__step101,open_drawer,1,validation,15,0.04351264770537963,0.07875541710823002,0.05301234836442923,0.025743068743800786,1.4856051380110928,0.048065506284240944,0.0630982473531054,0.06497712415154974,-0.00187887679844434,0.027621945542245126,0.229506409674741
google_robot_open_drawer__seed001__step101,open_drawer,1,validation,16,0.04341467588834339,0.07231010095259341,0.059176285718103024,0.013133815234490386,1.2219438931509776,0.060034584360400836,0.07553317635934637,0.05854284687099586,0.01549859199894553,-0.002364776764455144,0.14994369152179843
google_robot_open_drawer__seed001__step101,open_drawer,1,validation,17,0.06430075651068852,0.07891653195384532,0.05761988792368547,0.0146157754431568,1.227303320151875,0.06660727667088663,0.0824785720194704,0.06223554475715356,0.015871295348583767,-0.0012555199054269661,0.17349270229692593
google_robot_open_drawer__seed001__step101,open_drawer,1,validation,18,0.08642955244027885,0.07355999234053356,0.06615365939470084,-0.012869560099745284,0.8510976889688524,0.06103791003307749,0.0901710208903122,0.05742977267987844,0.02913311085723471,-0.042002670956979994,0.0899278127734533
google_robot_open_drawer__seed001__step101,open_drawer,1,validation,19,0.05387163211239966,0.07145620865268582,0.04158256971279042,0.017584576540286154,1.3264162575137333,0.08985667824512833,0.08458002479374813,0.06613980156270415,-0.005276653451380203,0.022861229991666357,0.12769747413290133
google_robot_open_drawer__seed001__step101,open_drawer,1,validation,20,0.07293698616520691,0.07211765361538919,0.05141370249243476,-0.0008193325498177251,0.9887665697076942,0.08378267216603386,0.057787847708073034,0.07534081557523335,-0.025994824457960822,0.025175491908143097,0.11494694877984557
google_robot_open_drawer__seed001__step101,open_drawer,1,validation,21,0.08270797154345813,0.08951676146490936,0.04139364180725727,0.00680878992145123,1.0823232609189746,0.10291010597505634,0.07373959413127508,0.06530028462079265,-0.029170511843781263,0.035979301765232494,0.17825450362988704
google_robot_open_drawer__seed001__step101,open_drawer,1,validation,22,0.06670246807717528,0.09064118417422727,0.08174654742229075,0.008894636751936524,1.1088074913548107,0.10772150205764537,0.04464823391801829,0.059575799879603576,-0.06307326813962708,0.0719679048915636,0.08798912326528807
google_robot_open_drawer__seed001__step101,open_drawer,1,validation,23,0.09381945934207905,0.07702830622095898,0.19263239146947336,-0.11560408524851438,0.3998720341545764,0.10411779561610127,0.045461026837705046,0.09573995733007336,-0.05865676877839622,-0.056947316470118164,0.04720722838102631
google_robot_open_drawer__seed001__step101,open_drawer,1,validation,24,0.08385471385329454,0.06026847337974464,0.05633227641495772,-0.023586240473549902,0.7187249304217472,0.06727923277069195,0.04023689388312961,0.04990340801416893,-0.027042338887562342,0.00345609841401244,0.10002435217816696
google_robot_open_drawer__seed001__step101,open_drawer,1,validation,25,0.05518173977551172,0.06907467428585966,0.04780577053571903,0.01389293451034794,1.2517668809803144,0.06906420170947947,0.04661610265920864,0.06880863374263121,-0.02244809905027083,0.03634103356061877,0.09264592348901601
google_robot_open_drawer__seed001__step101,open_drawer,1,validation,26,0.07605450805299183,0.05002457991418264,0.06891862678238429,-0.026029928138809187,0.6577464136554201,0.06712569051731715,0.06724067769513221,0.04860554294779022,0.00011498717781506518,-0.026144915316624252,0.13166695757678326
google_robot_open_drawer__seed001__step101,open_drawer,1,validation,27,0.04434164743129898,0.0631147799992422,0.0357333241542121,0.018773132567943218,1.4233747200536357,0.04735160180846169,0.03783086863310871,0.03602180892700664,-0.009520733175352979,0.028293865743296197,0.05443749644496165
google_robot_open_drawer__seed001__step101,open_drawer,1,validation,28,0.059646978681474505,0.07230261131077466,0.05068086768659985,0.012655632629300154,1.2121755855712908,0.055151287769938134,0.037165810384178634,0.055540083793642905,-0.01837427340946427,0.031029906038764425,0.06164887479521042
google_robot_open_drawer__seed001__step101,open_drawer,1,validation,29,0.05424024810759566,0.04419950465104116,0.043214163042428755,-0.0100407434565545,0.8148838951356415,0.05575818667876375,0.047456951382220676,0.04907085689658197,-0.008301235296543072,-0.0017395081600114284,0.11397978984081192
google_robot_open_drawer__seed001__step101,open_drawer,1,validation,30,0.03979877033645234,0.060551329335856635,0.029524375335891157,0.020752558999404293,1.521437190746486,0.043577599177623834,0.04229487222653821,0.039009117806798464,-0.0012827269510856248,0.022035285950489918,0.1274508213448371
google_robot_open_drawer__seed001__step101,open_drawer,1,validation,31,0.04291704538408915,0.039276507595282645,0.04489149132410754,-0.005614983728824893,0.8749209802747286,0.03901549630042499,0.042750053876159634,0.03061663074492375,0.003734557575734647,-0.00934954130455954,0.2539523363484477
google_robot_open_drawer__seed002__step011,open_drawer,2,validation,0,0.004475561493477607,0.001465265226590577,0.004357157689746634,-0.0030102962668870302,0.3273924911379185,0.003669728316580822,0.0011876816031288935,0.004020315686078166,-0.002832634082949272,-0.00017766218393775813,0.8427663818001747
google_robot_open_drawer__seed002__step011,open_drawer,2,validation,1,0.005735654268198735,0.003782270880888938,0.008434066774361279,-0.004651795893472341,0.448451616767686,0.0071306585006442914,0.005190741660430379,0.010571173783787252,-0.0053804321233568726,0.0007286362298845319,0.37797508854418993
google_robot_open_drawer__seed002__step011,open_drawer,2,validation,2,0.037915166132217126,0.03702257553502793,0.04910032947190196,-0.012077753936874033,0.7540188820161458,0.027579240971414825,0.021245883246705215,0.03421228745872752,-0.012966404212022307,0.0008886502751482735,0.018673672356499083
google_robot_open_drawer__seed002__step011,open_drawer,2,validation,3,0.019802928476205454,0.05581412060098902,0.0239515515316825,0.03186256906930651,2.3302924876144044,0.032760787359977145,0.02602669872106434,0.026929293905390374,-0.006734088638912804,0.038596657708219316,0.031299253432734986
google_robot_open_drawer__seed002__step011,open_drawer,2,validation,4,0.020293112625484357,0.037857261469870195,0.04301321595041298,-0.0051559544805427834,0.8801309233309424,0.03237251223531682,0.030554496015124173,0.03718917471331479,-0.0066346786981906145,0.001478724217647831,0.045763788694785035
google_robot_open_drawer__seed002__step011,open_drawer,2,validation,5,0.05628591889055063,0.10933242111106475,0.03843755421719722,0.05304650222051412,1.9424471211647867,0.03822860765535975,0.10873250583739857,0.048928384889277816,0.05980412094812076,-0.006757618727606635,0.08674872663323185
google_robot_open_drawer__seed002__step011,open_drawer,2,validation,6,0.040349649057762706,0.07242604403168883,0.05096392316266512,0.02146212086902371,1.4211237977210183,0.061627530958832596,0.06659021638408788,0.05027985764079163,0.004962685425255284,0.016499435443768425,0.032972392028796094
google_robot_open_drawer__seed002__step011,open_drawer,2,validation,7,0.034172915693496536,0.12431554925525537,0.03605908571409125,0.08825646354116412,3.447551339513721,0.02416862962808256,0.10323901035492239,0.04088588619400179,0.0623531241609206,0.02590333938024352,0.058900932759570424
google_robot_open_drawer__seed002__step011,open_drawer,2,validation,8,0.046869442180596625,0.11734405794482634,0.05115173623203791,0.06619232171278844,2.294038611172892,0.033626811080710604,0.05056613340260395,0.03264493237164064,0.016939322321893345,0.04925299939089509,0.14140441852850927
google_robot_open_drawer__seed002__step011,open_drawer,2,validation,9,0.04061212653762623,0.09786299956437272,0.05913142283958977,0.03873157672478295,1.6550083672069418,0.043306590928925436,0.059724823102599855,0.060761062103421,-0.001036239000821143,0.039767815725604096,0.13281588556583301
google_robot_open_drawer__seed002__step011,open_drawer,2,validation,10,0.041279255932470185,0.12648699082017095,0.047298351897993564,0.0791886389221774,2.674236749156933,0.04275221738118759,0.0909150207412457,0.05607317866141357,0.03484184207983213,0.044346796842345264,0.19248635328222008
google_robot_open_drawer__seed002__step011,open_drawer,2,validation,11,0.06543322134634863,0.20932987871831785,0.045167133037251284,0.14389665737196922,3.1991376003070506,0.06970097130406709,0.1544975258625118,0.05183164422551297,0.08479655455844472,0.0591001028135245,0.20786312874042778
google_robot_open_drawer__seed002__step011,open_drawer,2,validation,12,0.038313064757467805,0.10127046579606998,0.03553393538631264,0.06295740103860217,2.643235837099949,0.07655441308854584,0.08305556673001781,0.04190573171128949,0.006501153641471968,0.056456247397130205,0.26233735835558036
google_robot_open_drawer__seed002__step011,open_drawer,2,validation,13,0.03886832695010187,0.11467524401337657,0.03243720536544884,0.0758069170632747,2.950351944929187,0.04672160498849651,0.07681676480023344,0.05260057443413833,0.024216190366095118,0.05159072669717959,0.19331366019150664
google_robot_open_drawer__seed002__step011,open_drawer,2,validation,14,0.05354057984512863,0.1736287490379136,0.05517063971789228,0.11845810932002131,3.147122272385114,0.06515991272216357,0.0732982408392944,0.07316483268601447,0.00013340815327993194,0.11832470116674138,0.3483378515261393
google_robot_open_drawer__seed002__step011,open_drawer,2,validation,15,0.04928057629013524,0.10221388831492945,0.04961094711754036,0.052602941197389085,2.0603091505743674,0.057540572399583226,0.05917097074942372,0.04605700709577972,0.001630398349840495,0.05097254284754859,0.25669686059882224
google_robot_open_drawer__seed002__step011,open_drawer,2,validation,16,0.06051956157440977,0.12787758493324297,0.06655020212979641,0.06132738280344656,1.9215206091160548,0.04180706784096074,0.050642667263286825,0.057341394228966745,-0.00669872696567992,0.06802610976912649,0.21962956168761139
google_robot_open_drawer__seed002__step011,open_drawer,2,validation,17,0.064026161250116,0.10389657415985423,0.056798798396247976,0.03987041290973824,1.6227206524843156,0.054255397015170445,0.05412189681307135,0.06474773048146072,-0.010625833668389373,0.05049624657812761,0.14222161246811993
google_robot_open_drawer__seed002__step011,open_drawer,2,validation,18,0.11018902688126354,0.08730669040428399,0.09224135362371413,-0.022882336476979556,0.7923356152184111,0.05299433059515222,0.04657948913068498,0.06736810093139549,-0.02078861180071051,-0.002093724676269046,0.07405933520817598
google_robot_open_drawer__seed002__step011,open_drawer,2,validation,19,0.06542091558725158,0.09687367139382294,0.06463170405094437,0.031452755806571364,1.4807752310440072,0.08220137965650627,0.06597043785846635,0.056365700478551606,-0.016230941798039925,0.04768369760461129,0.09619399045990917
google_robot_open_drawer__seed002__step011,open_drawer,2,validation,20,0.09568284108342336,0.1268586772268277,0.0605379409418147,0.031175836143404342,1.325824732944781,0.07243967271420679,0.05935363859583261,0.05061375077792947,-0.013086034118374175,0.04426187026177852,0.12983371266574295
google_robot_open_drawer__seed002__step011,open_drawer,2,validation,21,0.06319966472812204,0.16302194412954418,0.06397121654968745,0.09905072757985674,2.5483639818374018,0.07417096947317708,0.053147277064655114,0.06431019522012899,-0.02102369240852197,0.1200744199883787,0.10017003171101635
google_robot_open_drawer__seed002__step011,open_drawer,2,validation,22,0.07462606294570312,0.1164937533744705,0.060223842460376015,0.04186769042876738,1.5610330865133504,0.0906283833415278,0.0694277304308517,0.06475720031672248,-0.021200652910676104,0.06306834333944349,0.08556461818812977
google_robot_open_drawer__seed002__step011,open_drawer,2,validation,23,0.06892267047512125,0.06498736171255305,0.13350602900272276,-0.06851866729016971,0.48677473368058666,0.04852751844561815,0.048058265097098256,0.0972701869050139,-0.04921192180791565,-0.019306745482254063,0.0766479191296412
google_robot_open_drawer__seed002__step011,open_drawer,2,validation,24,0.0938515857888203,0.10144907898945972,0.06656845162050957,0.007597493200639419,1.080952209137253,0.06678019391921883,0.05571260307685961,0.05104764044383152,-0.01106759084235922,0.018665084042998638,0.0623500181134915
google_robot_open_drawer__seed002__step011,open_drawer,2,validation,25,0.07599076867157999,0.07459603492543211,0.051986997983415155,-0.0013947337461478748,0.9816460108177654,0.05542500523835159,0.03356643987029204,0.048040542944934185,-0.021858565368059545,0.02046383162191167,0.08964573786551
google_robot_open_drawer__seed002__step011,open_drawer,2,validation,26,0.06998935270335925,0.05461837268351092,0.07614124716961003,-0.02152287448609911,0.7173296303098978,0.07023149514611134,0.05027407697407877,0.04393695150862031,-0.019957418172032566,-0.0015654563140665434,0.0994077212026383
google_robot_open_drawer__seed002__step011,open_drawer,2,validation,27,0.04464515480697048,0.0431187278328551,0.04010618925013941,-0.001526426974115383,0.9658097954701893,0.05664828549059942,0.02647395845350484,0.04207264176998441,-0.03017432703709458,0.0286479000629792,0.07718085067799052
google_robot_open_drawer__seed002__step011,open_drawer,2,validation,28,0.05877413877626625,0.05047706210899832,0.061576180748238285,-0.011099118639239965,0.8197498041552778,0.05177234677850573,0.046521552739583215,0.053318604173713965,-0.006797051434130751,-0.004302067205109214,0.13165418828174325
google_robot_open_drawer__seed002__step011,open_drawer,2,validation,29,0.06525955668701333,0.06927895439787128,0.07167184643883492,-0.002392892040963643,0.9666132217898733,0.04176977231145804,0.042042900335357236,0.0471849745940372,-0.005142074258679963,0.00274918221771632,0.1746618542545093
google_robot_open_drawer__seed002__step011,open_drawer,2,validation,30,0.0644288167578829,0.06277275809841397,0.06156107045518362,-0.0016560586594689258,0.9742963049330514,0.03289826928114823,0.04378930369124965,0.04727765778809708,-0.003488354096847432,0.001832295437378506,0.10987928261977231
google_robot_open_drawer__seed002__step011,open_drawer,2,validation,31,0.05628527915127078,0.06796183090343014,0.04665983492675882,0.011676551752159356,1.2074530308498208,0.03573909789097859,0.03577919445084828,0.03324399547049361,4.0096559869695625e-05,0.01163645519228966,0.19419252662464714
google_robot_open_drawer__seed002__step056,open_drawer,2,validation,0,0.003999258126457038,0.0013642378006359585,0.003808815941148123,-0.0026350203258210794,0.3411227176387695,0.0045383496015372485,0.00159005983481674,0.004558159654163934,-0.002968099819347194,0.0003330794935261145,0.8326141908764839
google_robot_open_drawer__seed002__step056,open_drawer,2,validation,1,0.007736389845237543,0.0038321968142414854,0.011256850027522356,-0.007424653213280871,0.34043243046429356,0.007546433207785474,0.004431145453340474,0.010187140677288178,-0.005755995223947704,-0.001668657989333167,0.3942599412985146
google_robot_open_drawer__seed002__step056,open_drawer,2,validation,2,0.035985113387725635,0.03278831057973788,0.04237542855632696,-0.009587117976589087,0.7737576160711734,0.02408814623502228,0.031199676134153156,0.0381572044646607,-0.0069575283305075425,-0.002629589646081544,0.020687373025992883
google_robot_open_drawer__seed002__step056,open_drawer,2,validation,3,0.01748490190585176,0.03094735055003671,0.02004198374306477,0.01090536680697194,1.5441261177923857,0.02307815859576351,0.0366926306127383,0.025327720300350905,0.011364910312387396,-0.00045954350541545577,0.02746121679274438
google_robot_open_drawer__seed002__step056,open_drawer,2,validation,4,0.01621683348891338,0.033418240160915436,0.04188360194178748,-0.008465361780872045,0.7978836253711477,0.02923005749444542,0.048007466244896435,0.03451975166413917,0.013487714580757267,-0.021953076361629312,0.04869881626996175
google_robot_open_drawer__seed002__step056,open_drawer,2,validation,5,0.029875157151604628,0.08409648302515652,0.03647895185123896,0.04761753117391756,2.3053426361618525,0.03755119459313869,0.13105492044947908,0.025597420096130828,0.0935037258563404,-0.04588619468242284,0.05374183121330134
google_robot_open_drawer__seed002__step056,open_drawer,2,validation,6,0.05050079540933594,0.0391046356076711,0.05930793168455624,-0.02020329607688514,0.6593491712990209,0.05232357763966422,0.07465907405174255,0.048511916312919755,0.022335496412078326,-0.042538792488963466,0.043855283945958945
google_robot_open_drawer__seed002__step056,open_drawer,2,validation,7,0.035353996756335875,0.05994515492419213,0.05793279420202815,0.002012360722163986,1.0347361239843933,0.03099839032021439,0.0948077297098716,0.053986245455889086,0.040821484253982514,-0.03880912353181853,0.06503007411720318
google_robot_open_drawer__seed002__step056,open_drawer,2,validation,8,0.054555554503297514,0.05791420122724489,0.04867064866173257,0.003358646723947374,1.0615637904247561,0.0524291198200522,0.07189739533689898,0.05308435360553861,0.01881304173136037,-0.015454395007412997,0.14382632036995346
google_robot_open_drawer__seed002__step056,open_drawer,2,validation,9,0.03839445335463953,0.04368903135843895,0.06423171163548111,-0.02054268027704216,0.6801785324728208,0.042950269825272225,0.08049795130252044,0.06521006721978997,0.015287884082730463,-0.035830564359772624,0.11508977829862488
google_robot_open_drawer__seed002__step056,open_drawer,2,validation,10,0.031063022491147816,0.07405537023110297,0.03869181048715116,0.035363559743951806,1.9139804857592642,0.06443018597742751,0.1451254917452812,0.07205542744221786,0.07307006430306333,-0.03770650455911152,0.20699242761111236
google_robot_open_drawer__seed002__step056,open_drawer,2,validation,11,0.06687968007844344,0.15436749713442005,0.0333122137929749,0.08748781705597661,2.308137493381574,0.07088756821965662,0.1834503240807715,0.055004916699593544,0.11256275586111487,-0.025074938805138267,0.24326642444248137
google_robot_open_drawer__seed002__step056,open_drawer,2,validation,12,0.041524763558095076,0.09883851261432694,0.050779023892500795,0.048059488721826145,1.9464437288823844,0.04121264618243216,0.20378020328246593,0.06123976722647916,0.14254043605598676,-0.09448094733416063,0.18168776150560006
google_robot_open_drawer__seed002__step056,open_drawer,2,validation,13,0.019173531267616766,0.08861781675916924,0.03365260554644081,0.05496521121272843,2.6333122003547715,0.05600443673837706,0.09936935050098264,0.04173361152968512,0.04336491376260558,0.011600297450122851,0.19967879224168428
google_robot_open_drawer__seed002__step056,open_drawer,2,validation,14,0.04178634469706573,0.18525082616083866,0.051372380976539594,0.13387844518429906,3.6060393277360028,0.08722055205206034,0.11762079013773591,0.05341326783574508,0.030400238085675574,0.10347820709862349,0.29273762079628796
google_robot_open_drawer__seed002__step056,open_drawer,2,validation,15,0.044946141773667805,0.08606852285619956,0.043780571761728955,0.04112238108253176,1.9149257190886129,0.06673616427299506,0.09249660574127545,0.07969326298971235,0.012803342751563099,0.02831903833096866,0.21354311133427473
google_robot_open_drawer__seed002__step056,open_drawer,2,validation,16,0.05494200711306007,0.06013793836198939,0.051710105435181924,0.0051959312489293225,1.0945711946459673,0.06289441395644675,0.06747241643445583,0.037578432253338866,0.0045780024780090744,0.000617928770920248,0.20054835686278238
google_robot_open_drawer__seed002__step056,open_drawer,2,validation,17,0.04442754240449766,0.055597150587298444,0.050312532836458444,0.00528461775084,1.1050358122104034,0.052053394372082055,0.08563833307971516,0.05807500620737499,0.02756332687234017,-0.022278709121500172,0.15387373440307783
google_robot_open_drawer__seed002__step056,open_drawer,2,validation,18,0.11184155983002197,0.07407144568194556,0.07371075952066843,-0.03777011414807642,0.6622890971345549,0.07317383247468166,0.07681077251272311,0.05396765332487616,0.00363694003804145,-0.04140705418611787,0.07097905277805694
google_robot_open_drawer__seed002__step056,open_drawer,2,validation,19,0.07373705122298731,0.12203055337482638,0.044372754774015866,0.04829350215183907,1.6549421403602822,0.07706193098928889,0.10314486804018111,0.0744130929423259,0.02608293705089222,0.02221056510094685,0.10022356006891187
google_robot_open_drawer__seed002__step056,open_drawer,2,validation,20,0.05271296914316327,0.10127482232206846,0.06982198184966162,0.03145284047240683,1.4504718949417683,0.08023266701707885,0.0829307385997602,0.06818861110208443,0.002698071582681358,0.028754768889725474,0.14466451882321962
google_robot_open_drawer__seed002__step056,open_drawer,2,validation,21,0.08582808788036958,0.12516554282998807,0.0725431489060405,0.03933745494961849,1.458328455417165,0.07624215266715981,0.06841897195452525,0.0502130311553664,-0.007823180712634561,0.04716063566225305,0.151478211725248
google_robot_open_drawer__seed002__step056,open_drawer,2,validation,22,0.06074843971647908,0.06902645548043145,0.09278946612990172,-0.02376301064947027,0.7439040050494206,0.08724929890184449,0.0756951192090537,0.06175676141182068,-0.011554179692790795,-0.012208830956679476,0.09651386751004054
google_robot_open_drawer__seed002__step056,open_drawer,2,validation,23,0.05306672562127634,0.04987669587446605,0.17371433228477545,-0.1238376364103094,0.28711906046244695,0.06764955990716827,0.04179181637226111,0.11695039653816752,-0.0751585801659064,-0.048679056244402996,0.0480682786673583
google_robot_open_drawer__seed002__step056,open_drawer,2,validation,24,0.0610803006897274,0.065409723753248,0.06519423576004553,0.00021548799320246503,1.0033053227895115,0.08826105399902867,0.09845424259589697,0.0708974897921917,0.010193188596868297,-0.009977700603665832,0.091165754781656
google_robot_open_drawer__seed002__step056,open_drawer,2,validation,25,0.04394395943033619,0.03512323209077731,0.05166599443344872,-0.016542762342671415,0.6798133371074422,0.06370510832058543,0.05006244597717676,0.03772072092993898,-0.01364266234340867,-0.002900099999262745,0.10136206795669978
google_robot_open_drawer__seed002__step056,open_drawer,2,validation,26,0.0571469249108721,0.03394887991616913,0.07613213345965908,-0.04218325354348995,0.4459205117922772,0.05771530625609116,0.10417436997754825,0.051258748701073054,0.04645906372145709,-0.08864231726494703,0.1335150158672178
google_robot_open_drawer__seed002__step056,open_drawer,2,validation,27,0.033772573717000307,0.05202048761477933,0.04077774828951449,0.011242739325264837,1.2757077032660917,0.04849933967192905,0.054661556354328296,0.04185123212482584,0.006162216682399246,0.005080522642865591,0.056995799635132016
google_robot_open_drawer__seed002__step056,open_drawer,2,validation,28,0.05245700054451496,0.05790996478559015,0.050756148828863604,0.005452964241075192,1.1039511253878844,0.05264210560273869,0.04605982217498591,0.05236344964941709,-0.006582283427752779,0.012035247668827971,0.07375305179634495
google_robot_open_drawer__seed002__step056,open_drawer,2,validation,29,0.04390829604962798,0.052126758242642714,0.053059320862791755,-0.0009325626201490411,0.9824241508375015,0.05003502919949238,0.059086596223269346,0.04865629481453323,0.009051567023776963,-0.009984129643926004,0.14935566032136194
google_robot_open_drawer__seed002__step056,open_drawer,2,validation,30,0.044100909287270486,0.04470737664223573,0.04516835109443821,-0.00046097445220247973,0.9897943041746494,0.04006935655819545,0.061044110268723535,0.03684624823724596,0.020974753710528087,-0.021435728162730566,0.13166048983322298
google_robot_open_drawer__seed002__step056,open_drawer,2,validation,31,0.05735092783967351,0.030002484975218784,0.05148678850162922,-0.027348442864454724,0.5231386152825943,0.05055847937886112,0.047604356474939054,0.04708716503402652,-0.0029541229039220657,-0.024394319960532658,0.22168662084186508
google_robot_open_drawer__seed002__step101,open_drawer,2,validation,0,0.0040807963207214444,0.0013706828889969264,0.0037298548675273216,-0.0027101134317245182,0.33588613135060935,0.0038301242022673117,0.0012016888887197217,0.004442000315863388,-0.0032403114271436664,0.0005301979954191482,0.8367702066898346
google_robot_open_drawer__seed002__step101,open_drawer,2,validation,1,0.008394139135410875,0.003832321389564809,0.011660293047855095,-0.007827971658290286,0.3286642431572303,0.006553567281397411,0.0029805223817289416,0.00933417248531577,-0.006353650103586829,-0.0014743215547034574,0.4180163526907563
google_robot_open_drawer__seed002__step101,open_drawer,2,validation,2,0.031219629553170584,0.03351948039309708,0.04032790545145014,-0.006808425058353058,0.831173352988799,0.03222205341237511,0.02230971044338203,0.03639349156190317,-0.014083781118521141,0.0072753560601680825,0.03342463916470706
google_robot_open_drawer__seed002__step101,open_drawer,2,validation,3,0.014987188042520009,0.043066112294069286,0.022268599760616244,0.020797512533453043,1.9339389434909628,0.02307992260082374,0.02422881598661065,0.029311653140919446,-0.005082837154308795,0.025880349687761837,0.04007658484727017
google_robot_open_drawer__seed002__step101,open_drawer,2,validation,4,0.020108858160294427,0.03140804469596758,0.0386148917219511,-0.007206847025983523,0.8133661210841437,0.03622635811245497,0.029208748902050947,0.02961695623571745,-0.007017609210404022,-0.0001892378155795016,0.04406283878483919
google_robot_open_drawer__seed002__step101,open_drawer,2,validation,5,0.03289434423882796,0.060473329937073377,0.03034272292071471,0.027578985698245413,1.838411171781063,0.03659853634916425,0.11925672024309115,0.029871676634192816,0.0826581838939269,-0.05507919819568149,0.06248645893106186
google_robot_open_drawer__seed002__step101,open_drawer,2,validation,6,0.05486081305054006,0.03611295978772265,0.05615125864933681,-0.020038298861614158,0.6431371380870938,0.08117531366352397,0.04684408752211557,0.04160682658482755,-0.0343312261414084,0.01429292727979424,0.036403303192400926
google_robot_open_drawer__seed002__step101,open_drawer,2,validation,7,0.035250563998999104,0.058387840526812236,0.048186951547140845,0.01020088897967139,1.2116940095223072,0.035664619539742926,0.10081862095354972,0.04815322605492476,0.05266539489862496,-0.04246450591895357,0.08924678137736919
google_robot_open_drawer__seed002__step101,open_drawer,2,validation,8,0.043196467225982964,0.07095904551280051,0.03949305153742053,0.027762578286817545,1.6427048337443246,0.044269669659252435,0.054136823676909945,0.04684223386803123,0.007294589808878718,0.020467988477938827,0.12257769211100822
google_robot_open_drawer__seed002__step101,open_drawer,2,validation,9,0.043308302199686684,0.04818489959475992,0.06420549082614195,-0.016020591231382032,0.7504794212263995,0.0604440532768388,0.08316084300761034,0.0598902599845776,0.02271678973077154,-0.038737380962153574,0.10934094347840073
google_robot_open_drawer__seed002__step101,open_drawer,2,validation,10,0.04288062970030317,0.07635750010517138,0.05110186719652741,0.025255632908643973,1.4942213326866498,0.04348184475830768,0.09665615077513087,0.057879385530831676,0.0387767652442992,-0.013521132335655224,0.15438492974226392
google_robot_open_drawer__seed002__step101,open_drawer,2,validation,11,0.0710948818012032,0.12429806095433062,0.047672661429330944,0.05320317915312742,1.7483404966041736,0.04632462980376433,0.16131659995358094,0.031680793873127285,0.1149919701498166,-0.061788790996689186,0.22647652790692518
google_robot_open_drawer__seed002__step101,open_drawer,2,validation,12,0.038710197153503614,0.09090192923579415,0.028364690079293133,0.05219173208229054,2.348268309647881,0.0502264107908753,0.09365207174077488,0.04386042239102891,0.043425660949899574,0.008766071132390967,0.2445961557696137
google_robot_open_drawer__seed002__step101,open_drawer,2,validation,13,0.03978740270665937,0.09846627758152528,0.0417937196033778,0.05667255797814748,2.35600656069787,0.04340885055481131,0.06027732660084623,0.029610301179405572,0.016868476046034926,0.03980408193211255,0.19489128154418722
google_robot_open_drawer__seed002__step101,open_drawer,2,validation,14,0.039807993590676244,0.13296531315742913,0.046889735476749385,0.08607557768067975,2.83570192506974,0.06511433494300418,0.09480587840474973,0.04147595879451311,0.029691543461745545,0.056384034218934204,0.29431110045288733
google_robot_open_drawer__seed002__step101,open_drawer,2,validation,15,0.03837485691300847,0.07156946104103018,0.06437952707439144,0.007189933966638737,1.1116804408695122,0.04699289848195774,0.051416131028062625,0.04140227189863617,0.004423232546104883,0.002766701420533854,0.17623319089307188
google_robot_open_drawer__seed002__step101,open_drawer,2,validation,16,0.04813249992879954,0.0708901170887072,0.06033615513879266,0.010553961949914537,1.1749193651076542,0.06681512868498836,0.07328643220887869,0.0639699035689026,0.006471303523890332,0.004082658426024205,0.19892911927308887
google_robot_open_drawer__seed002__step101,open_drawer,2,validation,17,0.0591432630052123,0.07777405783704727,0.06676781064819261,0.011006247188854665,1.164843613741476,0.08054784258724176,0.05871540141915512,0.07107211181703761,-0.021832441168086643,0.03283868835694131,0.12457111318326497
google_robot_open_drawer__seed002__step101,open_drawer,2,validation,18,0.04575809377535918,0.07199435295700224,0.08405550029040999,-0.012061147333407754,0.8565097192719484,0.0704718302653213,0.04785211968034691,0.06214265262540348,-0.022619710584974397,0.010558563251566642,0.11288111878252494
google_robot_open_drawer__seed002__step101,open_drawer,2,validation,19,0.0791383972276679,0.06659336049416684,0.0540234610873987,-0.012545036733501061,0.8414797724875437,0.06598590389824134,0.0691039818258391,0.07311530475172288,-0.004011322925883784,-0.008533713807617277,0.13026579286008655
google_robot_open_drawer__seed002__step101,open_drawer,2,validation,20,0.08303275765363495,0.07658141385247622,0.051201894108244904,-0.006451343801158735,0.9223036307180108,0.07080489925561441,0.0608340615438814,0.05565501505625062,-0.009970837711733009,0.0035194939105742742,0.16093573262639893
google_robot_open_drawer__seed002__step101,open_drawer,2,validation,21,0.07498653544321514,0.0692403840959515,0.06661179681647864,-0.005746151347263639,0.9233708916767462,0.06292176249860051,0.05926705495978595,0.07440991833212877,-0.015142863372342823,0.009396712025079183,0.11884185759129196
google_robot_open_drawer__seed002__step101,open_drawer,2,validation,22,0.07615688230159819,0.047934307885391374,0.049511812914180005,-0.028222574416206812,0.6294153126642036,0.07684675435779809,0.053754184914639465,0.07725482871582276,-0.023500643801183295,-0.004721930615023517,0.09332788611365572
google_robot_open_drawer__seed002__step101,open_drawer,2,validation,23,0.04062148060052112,0.02985312426013078,0.09550352615638011,-0.06565040189624932,0.3125866181239052,0.05411217729483046,0.035599996738007296,0.1287411115698013,-0.09314111483179402,0.027490712935544698,0.08808833717091602
google_robot_open_drawer__seed002__step101,open_drawer,2,validation,24,0.06563266989453585,0.07875287733874355,0.045794010800595614,0.013120207444207693,1.1999036069276223,0.0597258343567489,0.07526447619094434,0.0664846431381168,0.008779833052827535,0.0043403743913801585,0.09163132938385843
google_robot_open_drawer__seed002__step101,open_drawer,2,validation,25,0.04724151542137762,0.031890085057684196,0.02917622742343285,-0.015351430363693422,0.6750436511876452,0.06097881008115699,0.0568847488580923,0.042489022960493845,-0.004094061223064695,-0.011257369140628727,0.12745278243471603
google_robot_open_drawer__seed002__step101,open_drawer,2,validation,26,0.045007919079898775,0.0765082802441917,0.06006636147649458,0.016441918767697128,1.2737292281992352,0.07406576948340617,0.04985620913577475,0.044616894603749555,-0.024209560347631415,0.04065147911532854,0.11783657658088487
google_robot_open_drawer__seed002__step101,open_drawer,2,validation,27,0.041413810595665776,0.03165923616921335,0.038405802877347205,-0.009754574426452424,0.7644608335685655,0.036248177380437056,0.049485514852807125,0.03356340901403233,0.013237337472370068,-0.022991911898822492,0.05059550100367005
google_robot_open_drawer__seed002__step101,open_drawer,2,validation,28,0.05076718132887367,0.05329411295648588,0.05693352910411503,-0.0036394161476291514,0.9360760485974142,0.07368006246716594,0.05280252058560533,0.042405365408957174,-0.02087754188156061,0.017238125733931457,0.08899590405039248
google_robot_open_drawer__seed002__step101,open_drawer,2,validation,29,0.054397368180856415,0.035989591629172084,0.040589411337910775,-0.01840777655168433,0.661605383361866,0.06249941073185849,0.038534613988738815,0.04735963836834858,-0.023964796743119673,0.005557020191435343,0.15283837435561054
google_robot_open_drawer__seed002__step101,open_drawer,2,validation,30,0.04429858169166307,0.04633019273564256,0.032337019773790575,0.0020316110439794893,1.0458617627562066,0.057882511732376296,0.05322829233799412,0.05601193138009849,-0.004654219394382174,0.006685830438361663,0.11938936878004824
google_robot_open_drawer__seed002__step101,open_drawer,2,validation,31,0.034994206301781045,0.02872028910474794,0.0646207297541746,-0.03590044064942666,0.44444389925653177,0.03125479439633018,0.040196231870157015,0.03062726172857616,0.008941437473826835,-0.04484187812325349,0.2372272147813419
google_robot_open_drawer__seed011__step011,open_drawer,11,exploration,0,0.0051434565358565495,0.005470124924281053,0.004838196162589367,0.00032666838842450394,1.0635114511315888,0.0035581025756461424,0.0036571451046036947,0.0035148062217328618,9.904252895755238e-05,0.00022762585946695156,0.8219678997993469
google_robot_open_drawer__seed011__step011,open_drawer,11,exploration,1,0.006407461960332648,0.0042991061928771565,0.010042692653116175,-0.005743586460239018,0.42808301930291326,0.006984520675851826,0.004131301371380127,0.010421682295271538,-0.006290380923891411,0.0005467944636523931,0.3448122632689774
google_robot_open_drawer__seed011__step011,open_drawer,11,exploration,2,0.03371347950778029,0.040612857873220616,0.040310809009295026,0.00030204886392559,1.0074929993058672,0.028234641296275287,0.024419377273262963,0.03080380400324084,-0.006384426729977875,0.006686475593903465,0.021564302343904274
google_robot_open_drawer__seed011__step011,open_drawer,11,exploration,3,0.02013742549802858,0.038144572933788125,0.029242085614835198,0.008902487318952927,1.3044409156109058,0.02223880644302586,0.048726800840975436,0.0284538705184715,0.020272930322503935,-0.011370443003551008,0.041005588052257735
google_robot_open_drawer__seed011__step011,open_drawer,11,exploration,4,0.026721353180347997,0.02617805185010249,0.04324219723324715,-0.017064145383144658,0.6053820926096526,0.026938971681130477,0.03666999242944296,0.03550050076430929,0.001169491665133672,-0.01823363704827833,0.04505906089070777
google_robot_open_drawer__seed011__step011,open_drawer,11,exploration,5,0.0634027169763444,0.12330095485255425,0.041779261816708414,0.05989823787620985,1.9447266731259785,0.0670254948717425,0.09321291036066981,0.03493529919112201,0.026187415488927307,0.03371082238728254,0.07626033466976878
google_robot_open_drawer__seed011__step011,open_drawer,11,exploration,6,0.050730317500578215,0.12411001775056761,0.04560599849228382,0.0733797002499894,2.446466410330529,0.039704571506011886,0.0515100573338148,0.0377584472371681,0.011805485827802914,0.06157421442218648,0.052641066900378064
google_robot_open_drawer__seed011__step011,open_drawer,11,exploration,7,0.05546286564198324,0.11236466829570188,0.04277239818197887,0.05690180265371864,2.0259441519128103,0.04205461573110147,0.045987744271481945,0.05344719708266865,-0.0074594528111867064,0.06436125546490534,0.08654657027591384
google_robot_open_drawer__seed011__step011,open_drawer,11,exploration,8,0.07456200113722808,0.10684001198997185,0.05636867781996022,0.032278010852743774,1.4329016169152637,0.05787179194634788,0.04814522561039863,0.052220601409055135,-0.009726566335949254,0.04200457718869303,0.2630149401084054
google_robot_open_drawer__seed011__step011,open_drawer,11,exploration,9,0.05168704200100941,0.10905995484570224,0.0906038635603171,0.01845609128538514,1.2037009301827233,0.06411885036897946,0.07957544621481238,0.06582117200392475,0.013754274210887638,0.004701817074497502,0.08909791780138221
google_robot_open_drawer__seed011__step011,open_drawer,11,exploration,10,0.06740114345009729,0.15216349090606032,0.040402055334052715,0.08476234745596303,2.257580259283282,0.06370446061332664,0.06925475941649777,0.050222729499253056,0.005550298803171122,0.07921204865279191,0.2280012998080565
google_robot_open_drawer__seed011__step011,open_drawer,11,exploration,11,0.08081341263479344,0.23120437478322928,0.05846984348395449,0.15039096214843584,2.8609653675692748,0.06129508856465984,0.11494651324687508,0.05959962755173916,0.05365142468221524,0.0967395374662206,0.30002742223905443
google_robot_open_drawer__seed011__step011,open_drawer,11,exploration,12,0.046484493214805606,0.21048860873564293,0.053323176521166915,0.15716543221447601,3.947413160055991,0.07054429914391387,0.07159355730780612,0.05077631779870229,0.0010492581638922444,0.15611617405058376,0.22564757703003124
google_robot_open_drawer__seed011__step011,open_drawer,11,exploration,13,0.05126570084496242,0.13269314767345694,0.043598563859033525,0.08142744682849452,2.5883416297135424,0.043290696112182794,0.057523638799226964,0.031309419004578835,0.01423294268704417,0.06719450414145035,0.19499586933670798
google_robot_open_drawer__seed011__step011,open_drawer,11,exploration,14,0.06486804244808658,0.18588507348129202,0.04909884198803529,0.12101703103320544,2.8655878374941635,0.06127746668389663,0.09719453817839588,0.056763437989270596,0.03591707149449925,0.0850999595387062,0.39938272306540057
google_robot_open_drawer__seed011__step011,open_drawer,11,exploration,15,0.04439317558286571,0.09885020937577295,0.07854018788198273,0.020310021493790215,1.2585940018924933,0.048065506284240944,0.0630982473531054,0.06497712415154974,-0.00187887679844434,0.022188898292234555,0.26556414914148263
google_robot_open_drawer__seed011__step011,open_drawer,11,exploration,16,0.04253245547803345,0.1010268347914114,0.04570062680608179,0.05532620798532961,2.21062251990747,0.060034584360400836,0.07553317635934637,0.05854284687099586,0.01549859199894553,0.03982761598638408,0.24916025577158507
google_robot_open_drawer__seed011__step011,open_drawer,11,exploration,17,0.06818293354933815,0.060312589244752,0.05012036057401543,-0.007870344304586142,0.8845701718173941,0.06660727667088663,0.0824785720194704,0.06223554475715356,0.015871295348583767,-0.02374163965316991,0.2089330225840058
google_robot_open_drawer__seed011__step011,open_drawer,11,exploration,18,0.06164909138734817,0.07972043030674072,0.05232168586944154,0.018071338919392554,1.293132283261862,0.06103791003307749,0.0901710208903122,0.05742977267987844,0.02913311085723471,-0.011061771937842156,0.10215650292400369
google_robot_open_drawer__seed011__step011,open_drawer,11,exploration,19,0.05926161871525498,0.08621599701524803,0.04412837673650536,0.026954378299993045,1.4548370241033344,0.08985667824512833,0.08458002479374813,0.06613980156270415,-0.005276653451380203,0.03223103175137325,0.093733407907024
google_robot_open_drawer__seed011__step011,open_drawer,11,exploration,20,0.09730150530201831,0.0929076553065888,0.044669369115084304,-0.004393849995429508,0.9548429391529838,0.08378267216603386,0.057787847708073034,0.07534081557523335,-0.025994824457960822,0.021600974462531314,0.15297679628326932
google_robot_open_drawer__seed011__step011,open_drawer,11,exploration,21,0.04674682141317851,0.07699432172557119,0.053470096970000734,0.023524224755570457,1.4399510397141915,0.10291010597505634,0.07373959413127508,0.06530028462079265,-0.029170511843781263,0.05269473659935172,0.07979169376017126
google_robot_open_drawer__seed011__step011,open_drawer,11,exploration,22,0.06370345726657371,0.08676597882265014,0.03316698496525332,0.023062521556076424,1.3620293551662184,0.10772150205764537,0.04464823391801829,0.059575799879603576,-0.06307326813962708,0.0861357896957035,0.09088243384167072
google_robot_open_drawer__seed011__step011,open_drawer,11,exploration,23,0.05384727361640938,0.05164672859886755,0.08137205588793386,-0.029725327289066315,0.6346985833809553,0.10411779561610127,0.045461026837705046,0.09573995733007336,-0.05865676877839622,0.028931441489329905,0.0784758826819143
google_robot_open_drawer__seed011__step011,open_drawer,11,exploration,24,0.06712185036283956,0.11381654268357785,0.07094022901487823,0.04287631366869962,1.6044005533123837,0.06727923277069195,0.04023689388312961,0.04990340801416893,-0.027042338887562342,0.06991865255626196,0.13489248201892678
google_robot_open_drawer__seed011__step011,open_drawer,11,exploration,25,0.056808531150122875,0.05757774105468268,0.04707790708638246,0.0007692099045598019,1.0135403941800059,0.06906420170947947,0.04661610265920864,0.06880863374263121,-0.02244809905027083,0.02321730895483063,0.07610628730499869
google_robot_open_drawer__seed011__step011,open_drawer,11,exploration,26,0.041660568454528195,0.09667025335982342,0.05751017550358327,0.03916007785624015,1.680924332317508,0.06712569051731715,0.06724067769513221,0.04860554294779022,0.00011498717781506518,0.039045090678425085,0.11851572190741422
google_robot_open_drawer__seed011__step011,open_drawer,11,exploration,27,0.04270952039285766,0.06563335897738273,0.04541868043306106,0.02021467854432167,1.4450741050065172,0.04735160180846169,0.03783086863310871,0.03602180892700664,-0.009520733175352979,0.02973541171967465,0.082791312061687
google_robot_open_drawer__seed011__step011,open_drawer,11,exploration,28,0.04381757929998802,0.08442712572003112,0.04749325618875785,0.036933869531273276,1.777665557073678,0.055151287769938134,0.037165810384178634,0.055540083793642905,-0.01837427340946427,0.05530814294073755,0.10350389444505481
google_robot_open_drawer__seed011__step011,open_drawer,11,exploration,29,0.06566392966282111,0.08792102015183055,0.048668912448763424,0.022257090489009437,1.3389545920157044,0.05575818667876375,0.047456951382220676,0.04907085689658197,-0.008301235296543072,0.03055832578555251,0.17621977323261717
google_robot_open_drawer__seed011__step011,open_drawer,11,exploration,30,0.04817923451122712,0.07041998882848903,0.04883769073222997,0.021582298096259063,1.4419188903626032,0.043577599177623834,0.04229487222653821,0.039009117806798464,-0.0012827269510856248,0.022865025047344688,0.15992963062785748
google_robot_open_drawer__seed011__step011,open_drawer,11,exploration,31,0.04174844076239949,0.0651128360099699,0.04381402039596082,0.02129881561400907,1.486118722306812,0.03901549630042499,0.042750053876159634,0.03061663074492375,0.003734557575734647,0.017564258038274425,0.25326168236460944
google_robot_open_drawer__seed011__step056,open_drawer,11,exploration,0,0.004762994944387175,0.005117643004184042,0.003949299828284544,0.00035464805979686705,1.0744590460283383,0.0038562204408547824,0.004144318105963174,0.003582201235638935,0.0002880976651083917,6.655039468847533e-05,0.8174187354743481
google_robot_open_drawer__seed011__step056,open_drawer,11,exploration,1,0.009920444930235642,0.005445711271655751,0.018293935230845812,-0.012848223959190061,0.2976785039926027,0.007501407047549932,0.005091547787486103,0.011161942771528967,-0.0060703949840428635,-0.006777828975147198,0.3069720158819109
google_robot_open_drawer__seed011__step056,open_drawer,11,exploration,2,0.036048337209464446,0.07396751203755784,0.035152970579335266,0.0379191748280934,2.0518980281325643,0.027601446968587334,0.02921204685358854,0.032216166949303765,-0.0030041200957152264,0.040923294923808626,0.025184306196138095
google_robot_open_drawer__seed011__step056,open_drawer,11,exploration,3,0.03479009651407176,0.07227327577318905,0.032061265839247004,0.037483179259117295,2.0774094646146284,0.02152766948228729,0.04223775409243647,0.02767793574923226,0.01455981834320421,0.022923360915913085,0.04868219021886944
google_robot_open_drawer__seed011__step056,open_drawer,11,exploration,4,0.029307463983212795,0.04920194027696806,0.04220681007132009,0.006995130205647966,1.1657346336723329,0.027017437295471864,0.03225129778954797,0.032666480361261914,-0.00041518257171394707,0.007410312777361913,0.03759830304670686
google_robot_open_drawer__seed011__step056,open_drawer,11,exploration,5,0.04457946273121221,0.1139581479457791,0.0413822165345768,0.06937868521456689,2.5562925384022535,0.0554735611914884,0.0865547459727707,0.03849699371092383,0.0310811847812823,0.03829750043328459,0.05296694571916305
google_robot_open_drawer__seed011__step056,open_drawer,11,exploration,6,0.08578120793076291,0.0910304237719517,0.06016072891708989,0.005249215841188787,1.0611930744251774,0.04202580616127074,0.04885620624022333,0.046522445731465835,0.0023337605087574917,0.002915455332431295,0.04671974942584711
google_robot_open_drawer__seed011__step056,open_drawer,11,exploration,7,0.05105895030596631,0.1340584643049737,0.05657210426086305,0.07748636004411065,2.36969202500951,0.03509772355760896,0.07816900462927276,0.06135662161776798,0.016812383011504776,0.06067397703260587,0.09793408010705207
google_robot_open_drawer__seed011__step056,open_drawer,11,exploration,8,0.05782483192268867,0.11781292877111431,0.06673943438736278,0.05107349438375153,1.7652671146014742,0.04676496026875682,0.045370123009059064,0.05974570992034564,-0.014375586911286577,0.0654490812950381,0.16741133019104382
google_robot_open_drawer__seed011__step056,open_drawer,11,exploration,9,0.062243845855481574,0.12111334873733048,0.09683051900289318,0.02428282973443731,1.2507766144856847,0.03750841217116034,0.06134187714507204,0.06899491390103417,-0.007653036755962128,0.03193586649039944,0.08649193033875235
google_robot_open_drawer__seed011__step056,open_drawer,11,exploration,10,0.044798019533194615,0.09486090358229246,0.05198293029038366,0.0428779732919088,1.8248471768018206,0.06251784292506539,0.06494198344870962,0.06852722752063632,-0.003585244071926702,0.046463217363835504,0.15861455595813823
google_robot_open_drawer__seed011__step056,open_drawer,11,exploration,11,0.06103361119654652,0.18255775483195025,0.030094888641106255,0.12152414363540373,2.9911019723879613,0.06743031503258465,0.10598091729006744,0.05287027659507296,0.03855060225748279,0.08297354137792094,0.23828986443731992
google_robot_open_drawer__seed011__step056,open_drawer,11,exploration,12,0.04431446110083024,0.10791549299481092,0.028267186438853287,0.06360103189398067,2.4352207002871373,0.06925779820228098,0.08135586719167838,0.049137892803678744,0.0120980689893974,0.05150296290458327,0.3337541555565622
google_robot_open_drawer__seed011__step056,open_drawer,11,exploration,13,0.04702685648379105,0.0834138437637606,0.025239750417475962,0.03638698727996955,1.7737490872372303,0.0383600040641381,0.044516927066701545,0.0538564394335751,-0.009339512366873554,0.045726499646843104,0.18156007110110295
google_robot_open_drawer__seed011__step056,open_drawer,11,exploration,14,0.040371821306370556,0.10729731790827818,0.035004768232716484,0.06692549660190762,2.6577279507413993,0.0531271933981053,0.08298226950262945,0.04890974696493155,0.029855076104524148,0.037070420497383474,0.3553084897221197
google_robot_open_drawer__seed011__step056,open_drawer,11,exploration,15,0.05671907237935387,0.07615184098512784,0.04575256705126714,0.01943276860577397,1.3426143586376358,0.042667744130345193,0.054708383516169266,0.05122286621983823,0.0034855172963310366,0.015947251309442932,0.2219629382796029
google_robot_open_drawer__seed011__step056,open_drawer,11,exploration,16,0.04834679957349636,0.06922419727705151,0.053553422941669475,0.015670774335382033,1.292619471820703,0.06282916697913776,0.05392883312576602,0.05863229931613691,-0.008900333853371745,0.024571108188753778,0.1935678785739583
google_robot_open_drawer__seed011__step056,open_drawer,11,exploration,17,0.03965694712445117,0.056652977082494595,0.04552362633289813,0.011129350749596464,1.2444741697028148,0.062144676480949235,0.05671039192058548,0.05817515712907393,-0.005434284560363753,0.016563635309960217,0.15451108053343887
google_robot_open_drawer__seed011__step056,open_drawer,11,exploration,18,0.08105754932269142,0.059906287293040095,0.05510000602286022,-0.021151262029651327,0.7390587032745364,0.04985870745915455,0.05655637480169637,0.047965275654821594,0.006697667342541819,-0.027848929372193146,0.09201214949121095
google_robot_open_drawer__seed011__step056,open_drawer,11,exploration,19,0.07318333118370114,0.07529444965472018,0.05814223859638914,0.0021111184710190384,1.0288469851928415,0.04779232784585019,0.04900177741767521,0.05585744404484737,-0.006855666627172158,0.008966785098191196,0.10588315713670227
google_robot_open_drawer__seed011__step056,open_drawer,11,exploration,20,0.13858771649368642,0.07436886985556845,0.07042504808622328,-0.06421884663811797,0.5366194907970537,0.06145818554307391,0.05120408615743587,0.053315891062917516,-0.010254099385638038,-0.05396474725247993,0.10767566282703456
google_robot_open_drawer__seed011__step056,open_drawer,11,exploration,21,0.1165818024957676,0.11725308050598499,0.09023028980658708,0.0006712780102173799,1.005757999926633,0.06655128792497217,0.03810150349747542,0.07739920935835595,-0.039297705860880536,0.039968983871097916,0.046962461306790715
google_robot_open_drawer__seed011__step056,open_drawer,11,exploration,22,0.06244505204938238,0.07623281458617616,0.04536452379430591,0.013787762536793778,1.2207983192309653,0.05990109229685049,0.04736088758154204,0.06396355708645286,-0.016602669504910822,0.0303904320417046,0.07959995718685775
google_robot_open_drawer__seed011__step056,open_drawer,11,exploration,23,0.06427451102837153,0.06493692513831918,0.08986336261658329,-0.024926437478264105,0.722618464828466,0.0716029299398812,0.04084083414880893,0.15504858024479212,-0.11420774609598319,0.08928130861771909,0.0575393822476542
google_robot_open_drawer__seed011__step056,open_drawer,11,exploration,24,0.09783248273414019,0.059403565975785326,0.07353323975040352,-0.038428916758354865,0.6071967542438286,0.08107235733741369,0.05986696688742546,0.09568334260912079,-0.035816375721695326,-0.0026125410366595395,0.07947064395895609
google_robot_open_drawer__seed011__step056,open_drawer,11,exploration,25,0.051466513656437604,0.0447596538595912,0.059554660950713954,-0.014795007091122754,0.7515726417556678,0.043219428553145645,0.045768421147869984,0.04472223354149106,0.0010461876063789233,-0.015841194697501677,0.08509014458797992
google_robot_open_drawer__seed011__step056,open_drawer,11,exploration,26,0.05174635201925096,0.07964358117618327,0.09934757570875895,-0.01970399453257568,0.8016660759761399,0.05047173671739724,0.06456054718354098,0.05167547443414643,0.01288507274939455,-0.03258906728197023,0.09814721905459578
google_robot_open_drawer__seed011__step056,open_drawer,11,exploration,27,0.054579125195442606,0.06806128444671843,0.07176035167270042,-0.0036990672259819973,0.9484524930583748,0.05633501211582011,0.03962518271108599,0.04885210860192812,-0.016709829404734117,0.01301076217875212,0.06540634954133395
google_robot_open_drawer__seed011__step056,open_drawer,11,exploration,28,0.03278256514926293,0.054960924070977954,0.0589031668237054,-0.003942242752727448,0.9330724820869749,0.07917880593074536,0.04103215288122724,0.06261582858905082,-0.03814665304951812,0.03420441029679067,0.0746716593080734
google_robot_open_drawer__seed011__step056,open_drawer,11,exploration,29,0.03979993801516255,0.05522735862334008,0.04322033384408157,0.01200702477925851,1.2778096259638843,0.05652841516724365,0.04327826743809507,0.0604136046124074,-0.01713533717431233,0.02914236195357084,0.1414168607024635
google_robot_open_drawer__seed011__step056,open_drawer,11,exploration,30,0.05004233973668687,0.08281333523466332,0.06001290709045147,0.02280042814421185,1.379925406877008,0.03767888714000685,0.034787876547734645,0.035730300439634245,-0.002891010592272203,0.02569143873648405,0.18098188693943484
google_robot_open_drawer__seed011__step056,open_drawer,11,exploration,31,0.05565075505668269,0.05298365479426376,0.07694522623196337,-0.023961571437699614,0.6885892392406031,0.03743728573373973,0.03873734673000557,0.054532951983293755,-0.015795605253288186,-0.008165966184411427,0.21778430483254851
google_robot_open_drawer__seed011__step101,open_drawer,11,exploration,0,0.004205730432170615,0.004648192977976994,0.0038288714902196684,0.0004424625458063795,1.1052046851176862,0.004735392251626205,0.004698392074883275,0.004536646931523256,-3.7000176742929894e-05,0.0004794627225493094,0.807544894516468
google_robot_open_drawer__seed011__step101,open_drawer,11,exploration,1,0.011265393165348006,0.0065602691254931025,0.017842507722495977,-0.011282238597002874,0.36767640667583196,0.007435177707144982,0.0047618406439274945,0.010343291195154529,-0.0055814505512270345,-0.00570078804577584,0.3091286023845896
google_robot_open_drawer__seed011__step101,open_drawer,11,exploration,2,0.03696134985989796,0.05550120749656232,0.0329166125044607,0.01853985763666436,1.5016012052303207,0.023030688453686107,0.027220048585265843,0.03434274971424488,-0.007122701128979034,0.025662558765643394,0.019230505414896015
google_robot_open_drawer__seed011__step101,open_drawer,11,exploration,3,0.027307043713531664,0.04997646588968767,0.0372383457756574,0.01273812011403027,1.342069977833364,0.02780660489613811,0.06375456910172443,0.029545925724294188,0.034208643377430244,-0.021470523263399974,0.04849224330700963
google_robot_open_drawer__seed011__step101,open_drawer,11,exploration,4,0.05112723855370694,0.03875602678333262,0.0460359507232987,-0.01237121177037432,0.7580309025026083,0.03894671827820248,0.03848608088670828,0.02400382421146559,-0.000460637391494198,-0.011910574378880122,0.057276909844404145
google_robot_open_drawer__seed011__step101,open_drawer,11,exploration,5,0.04470530262800033,0.12544882387835232,0.05103369393072187,0.07441512994763044,2.458156841412437,0.06896422916847933,0.09989366142681262,0.035155222040051164,0.030929432258333292,0.04348569768929715,0.08614619667832812
google_robot_open_drawer__seed011__step101,open_drawer,11,exploration,6,0.05189913426156005,0.06575064743387152,0.05856189615121597,0.007188751282655545,1.1227547561659046,0.03622584355119025,0.035483909856411366,0.04593906716161197,-0.0104551573052006,0.017643908587856146,0.10169257655115871
google_robot_open_drawer__seed011__step101,open_drawer,11,exploration,7,0.03783356765224607,0.08022198097469961,0.05520368745001984,0.02501829352467977,1.4531996806794973,0.030707396971758876,0.08276236836235265,0.043918680454771486,0.038843687907581165,-0.013825394382901396,0.1260040215670415
google_robot_open_drawer__seed011__step101,open_drawer,11,exploration,8,0.06037495112609774,0.060329691993640355,0.04659234256302381,-4.525913245738422e-05,0.9992503657292764,0.0552461050989599,0.0411185215872798,0.042770145967120275,-0.0141275835116801,0.014082324379222716,0.20684328791821827
google_robot_open_drawer__seed011__step101,open_drawer,11,exploration,9,0.06311413175317937,0.04778424307168444,0.11057886683557785,-0.06279462376389341,0.4321281673354085,0.04974481415860579,0.056225867725932396,0.06316689611282653,-0.00694102838689413,-0.055853595376999285,0.10854048991154741
google_robot_open_drawer__seed011__step101,open_drawer,11,exploration,10,0.0737956112761551,0.16275062094600076,0.09143260871216038,0.07131801223384038,1.7800063154531345,0.06340776263667976,0.0862360919788104,0.06306252554069679,0.022828329342130638,0.04848968289170974,0.1500665865667088
google_robot_open_drawer__seed011__step101,open_drawer,11,exploration,11,0.07369406023107596,0.11540749705894199,0.04039893079969448,0.04171343682786603,1.5660352638607358,0.08776839136278697,0.09439562206880106,0.06224173829648024,0.006627230706014092,0.03508620612185194,0.21557382635637623
google_robot_open_drawer__seed011__step101,open_drawer,11,exploration,12,0.06169099093837057,0.09012658154342,0.04321149500189525,0.02843559060504943,1.460935870416746,0.08576204698604305,0.06998099961513161,0.04664550601458782,-0.015781047370911433,0.044216637975960864,0.21102372947689219
google_robot_open_drawer__seed011__step101,open_drawer,11,exploration,13,0.05333501036651426,0.07460438269728986,0.04164561088492733,0.021269372330775603,1.3987881915577411,0.08149530271017302,0.032960288158412655,0.05465678035647146,-0.04853501455176037,0.06980438688253597,0.23037771705412524
google_robot_open_drawer__seed011__step101,open_drawer,11,exploration,14,0.05863182600020537,0.0720729512215723,0.041978898132919135,0.01344112522136693,1.229246232606159,0.09971123668401095,0.05685545211617649,0.05225963721739108,-0.04285578456783446,0.05629690978920139,0.23835117214116508
google_robot_open_drawer__seed011__step101,open_drawer,11,exploration,15,0.0504388077406653,0.05595856591376194,0.04348716664225686,0.005519758173096641,1.1094347471787371,0.07026964388714543,0.06499170186458249,0.051198904101517693,-0.005277942022562945,0.010797700195659586,0.24035374838740609
google_robot_open_drawer__seed011__step101,open_drawer,11,exploration,16,0.06378890255515145,0.07535733226072229,0.04118313734403875,0.011568429705570843,1.181354894694557,0.04888177384294479,0.039042428626196016,0.032303471310416554,-0.009839345216748771,0.021407774922319614,0.12458038069632948
google_robot_open_drawer__seed011__step101,open_drawer,11,exploration,17,0.06312251239942981,0.06543027006600724,0.05273378834263072,0.0023077576665774258,1.0365599780308852,0.057751629886623954,0.044339945461607896,0.03613467186073881,-0.013411684425016057,0.015719442091593483,0.1442701760224736
google_robot_open_drawer__seed011__step101,open_drawer,11,exploration,18,0.06387338892207631,0.06744683042665278,0.04319852744926582,0.0035734415045764745,1.0559457007821516,0.07812770105587577,0.06027308614702124,0.04874927656165838,-0.01785461490885453,0.021428056413431006,0.07814531002759395
google_robot_open_drawer__seed011__step101,open_drawer,11,exploration,19,0.057807016036276034,0.04012420898142807,0.05728834973283715,-0.01768280705484796,0.6941062129248923,0.08552929721779598,0.03838530474022579,0.055778587075441685,-0.04714399247757019,0.029461185422722226,0.07577230349698993
google_robot_open_drawer__seed011__step101,open_drawer,11,exploration,20,0.05783939584408829,0.11699974388216362,0.039935827572875324,0.059160348038075336,2.022838277867698,0.06439992088056877,0.05523333417788397,0.062456167616825875,-0.009166586702684797,0.06832693474076013,0.09301747636979485
google_robot_open_drawer__seed011__step101,open_drawer,11,exploration,21,0.07031909620218502,0.11001490894915485,0.05597793106471009,0.03969581274696983,1.564509712025229,0.06747339416558537,0.0633900369877592,0.0553525880526546,-0.004083357177826166,0.043779169924795996,0.0883448230683257
google_robot_open_drawer__seed011__step101,open_drawer,11,exploration,22,0.08453337003881185,0.06471539877197972,0.03902560083889759,-0.01981797126683213,0.7655603786086714,0.08333331154127464,0.04635373094917143,0.04370202849549283,-0.03697958059210321,0.017161609325271082,0.08395609545814864
google_robot_open_drawer__seed011__step101,open_drawer,11,exploration,23,0.11995121621803219,0.07681572499687714,0.11956226083499287,-0.04313549122115505,0.6403913809198166,0.05229716734346352,0.03583480898419747,0.08952042659083186,-0.05368561760663439,0.010550126385479336,0.0539838966270878
google_robot_open_drawer__seed011__step101,open_drawer,11,exploration,24,0.11280910377366218,0.10690395493262478,0.0512544141508473,-0.005905148841037405,0.9476536144380211,0.06520911497588848,0.04317489046686187,0.05675560379989557,-0.02203422450902661,0.016129075667989205,0.06324487680852542
google_robot_open_drawer__seed011__step101,open_drawer,11,exploration,25,0.11101073137546213,0.0451024307764058,0.05085739627839399,-0.06590830059905634,0.4062889255621575,0.06858109231458995,0.08003984083507987,0.06044549107104976,0.01145874852048992,-0.07736704911954626,0.08604976587058388
google_robot_open_drawer__seed011__step101,open_drawer,11,exploration,26,0.0656740923851229,0.0606048477329268,0.05492672676232378,-0.005069244652196096,0.9228121094925945,0.05835669581365323,0.04835756045639455,0.041576101037542716,-0.00999913535725868,0.004929890705062584,0.07617701100903673
google_robot_open_drawer__seed011__step101,open_drawer,11,exploration,27,0.06017629180286328,0.07558217800386026,0.0493524229249187,0.015405886200996977,1.2560125547693508,0.0526626980794736,0.03888788762554525,0.04290272542421259,-0.013774810453928352,0.02918069665492533,0.058057270969314345
google_robot_open_drawer__seed011__step101,open_drawer,11,exploration,28,0.050174930187728374,0.05764755243109264,0.05769025279438896,-4.270036329632326e-05,0.9992598340061274,0.054815427199714675,0.051977273613108936,0.03929018445143212,-0.002838153586605739,0.002795453223309416,0.0851853663190667
google_robot_open_drawer__seed011__step101,open_drawer,11,exploration,29,0.046742045463227855,0.05027055749251953,0.061445262945351416,-0.011174705452831883,0.8181356069259478,0.05138081544382728,0.04468139440296444,0.0379974305319603,-0.006699421040862838,-0.004475284411969045,0.14565785842040668
google_robot_open_drawer__seed011__step101,open_drawer,11,exploration,30,0.06706125700445997,0.03983749211412714,0.05407436966661595,-0.027223764890332833,0.594046307713524,0.04252685165002885,0.04303237867006907,0.035019776177395066,0.0005055270200402251,-0.027729291910373058,0.176745965230225
google_robot_open_drawer__seed011__step101,open_drawer,11,exploration,31,0.04065560710119923,0.051947581093309596,0.04682164541642964,0.005125935676879953,1.1094779055987911,0.03151137080108964,0.02668987375762168,0.03908483340190663,-0.012394959644284952,0.017520895321164905,0.21781959139570972
google_robot_open_drawer__seed032__step011,open_drawer,32,exploration,0,0.0043427334415976435,0.004594357104592723,0.00417786559807056,0.0002516236629950793,1.0579413096334345,0.004986356156283356,0.0047062934707603745,0.00521130836894901,-0.0005050148981886353,0.0007566385611837145,0.8394220881164074
google_robot_open_drawer__seed032__step011,open_drawer,32,exploration,1,0.008318845050804517,0.0043868511036372565,0.012586629363494587,-0.008199778259857331,0.3485326354616101,0.006913186695865828,0.005178348676832112,0.010723938346827777,-0.005545589669995665,-0.0026541885898616665,0.3907904827501625
google_robot_open_drawer__seed032__step011,open_drawer,32,exploration,2,0.04264927492621541,0.03001457760622089,0.042711344927494406,-0.012696767321273516,0.7027308003803862,0.028686146037193314,0.028307377732191028,0.029904745158513255,-0.0015973674263222264,-0.01109939989495129,0.02705039223934591
google_robot_open_drawer__seed032__step011,open_drawer,32,exploration,3,0.030020306157502816,0.043286463157714304,0.026656666588041854,0.013266157000211488,1.4419061194982499,0.02682937149355261,0.05615691807437387,0.03240745367026205,0.02374946440411182,-0.01048330740390033,0.0353032533894293
google_robot_open_drawer__seed032__step011,open_drawer,32,exploration,4,0.028300905675040674,0.044725061873355385,0.027034641342197782,0.01642415619831471,1.5803403038369763,0.047755602313069224,0.040202218240926145,0.0259940878053548,-0.0075533840721430795,0.02397754027045779,0.04377942382097899
google_robot_open_drawer__seed032__step011,open_drawer,32,exploration,5,0.0561492244473608,0.09900375010278148,0.029858741165842355,0.04285452565542068,1.7632256024408006,0.07024959014617138,0.07109140135898755,0.03271208806043298,0.0008418112128161653,0.042012714442604515,0.08076887443689884
google_robot_open_drawer__seed032__step011,open_drawer,32,exploration,6,0.03377935439355026,0.08716531412891576,0.046964707105761776,0.040200607023153985,1.8559748266421543,0.04603701200845338,0.11624246791665122,0.044526218020361434,0.07020545590819784,-0.03000484888504385,0.03905609416824518
google_robot_open_drawer__seed032__step011,open_drawer,32,exploration,7,0.0490331406067777,0.08490607506879372,0.05554027078742859,0.029365804281365128,1.5287299443273872,0.04093618070287312,0.08070931325673751,0.051063296208599514,0.029646017048137997,-0.0002802127667728693,0.09215240874459596
google_robot_open_drawer__seed032__step011,open_drawer,32,exploration,8,0.0697962699745747,0.11821422223581386,0.06495141677739748,0.048417952261239156,1.6937040085218993,0.043351561681863146,0.05545118755440858,0.051394076151931055,0.004057111402477526,0.04436084085876163,0.17049246683745878
google_robot_open_drawer__seed032__step011,open_drawer,32,exploration,9,0.052983131968197233,0.12814359422186575,0.06754422676925137,0.06059936745261438,1.8971805637754589,0.04895240749804368,0.07419773223303468,0.06971637902206645,0.0044813532109682225,0.056118014241646155,0.1187077687980036
google_robot_open_drawer__seed032__step011,open_drawer,32,exploration,10,0.04752250716960786,0.15542097214131614,0.03994649473686646,0.10789846497170828,3.2704708021110624,0.05825962874851464,0.0775521240090495,0.04536462024275536,0.019292495260534857,0.08860596971117343,0.22784787345699442
google_robot_open_drawer__seed032__step011,open_drawer,32,exploration,11,0.05058202875375083,0.2500027635412692,0.046336565727896656,0.19942073478751837,4.94252147849508,0.06877643540008732,0.1273298045173012,0.04598663709698228,0.05855336911721387,0.1408673656703045,0.2777452738218926
google_robot_open_drawer__seed032__step011,open_drawer,32,exploration,12,0.041160078686695675,0.16983310115590086,0.039330529670576465,0.1286730224692052,4.126160750290223,0.07045690951717858,0.060704196999204575,0.032645668546455855,-0.009752712517974,0.1384257349871792,0.26096861069027
google_robot_open_drawer__seed032__step011,open_drawer,32,exploration,13,0.03337910963488523,0.1294779939090605,0.03956155322080374,0.08991644068825677,3.272823824343012,0.06278551134854013,0.07026794676897992,0.039110871775035604,0.00748243542043979,0.08243400526781698,0.21005496161865267
google_robot_open_drawer__seed032__step011,open_drawer,32,exploration,14,0.056243367390469895,0.15591856612093893,0.06963562190034603,0.0862829442205929,2.239063310787552,0.07283462192363345,0.0947922882056043,0.059880112959126916,0.02195766628197085,0.06432527793862206,0.39503372762032996
google_robot_open_drawer__seed032__step011,open_drawer,32,exploration,15,0.04539004481875694,0.07264284000451357,0.05124765089404541,0.021395189110468157,1.4174862405830608,0.049594518374787025,0.04929890323110364,0.04538027478449893,-0.0002956151436833837,0.02169080425415154,0.26056106312921656
google_robot_open_drawer__seed032__step011,open_drawer,32,exploration,16,0.053726392478865584,0.08931895403916319,0.05290728837516199,0.03559256156029761,1.6624781586498423,0.06089050592889507,0.05653851531069623,0.03866864159123503,-0.004351990618198839,0.03994455217849645,0.1938042271308973
google_robot_open_drawer__seed032__step011,open_drawer,32,exploration,17,0.06593176739168895,0.09143700501651203,0.04325222264492612,0.025505237624823082,1.386842923128406,0.05011736050403329,0.0487260893625222,0.05435002564742767,-0.00562393628490547,0.031129173909728552,0.21051395949371
google_robot_open_drawer__seed032__step011,open_drawer,32,exploration,18,0.07514564447458065,0.0974674966898285,0.04787907953067236,0.02232185221524785,1.2970478511605368,0.0756575741584524,0.07257661416089858,0.05217349900566852,-0.0030809599975538116,0.025402812212801662,0.10834161919422058
google_robot_open_drawer__seed032__step011,open_drawer,32,exploration,19,0.04011448014371919,0.09161758381889988,0.047517803594440626,0.044099780224459255,1.9280685740621804,0.08032290959229994,0.07023665319584485,0.05852179120696094,-0.010086256396455093,0.05418603662091435,0.11256770520020609
google_robot_open_drawer__seed032__step011,open_drawer,32,exploration,20,0.06453875677245674,0.08682289848787463,0.02980864954416521,0.022284141715417885,1.3452830954582025,0.09183772734598655,0.07305559452206607,0.07173181059643605,-0.01878213282392048,0.041066274539338365,0.19617028066039666
google_robot_open_drawer__seed032__step011,open_drawer,32,exploration,21,0.07474158945625604,0.10074694129354456,0.05566155531918604,0.026005351837288512,1.3479368317756828,0.07597938903870563,0.05342405523311702,0.05855182080533174,-0.022555333805588614,0.048560685642877126,0.11719036496522506
google_robot_open_drawer__seed032__step011,open_drawer,32,exploration,22,0.05792107119243003,0.0821733707180614,0.038713580475882504,0.02425229952563137,1.4187128971606626,0.07628195005636755,0.05544563116100615,0.03152701569412791,-0.020836318895361403,0.04508861842099277,0.10041812588980292
google_robot_open_drawer__seed032__step011,open_drawer,32,exploration,23,0.053124076047032766,0.04846863838205912,0.07514767647907666,-0.026679038097017542,0.6449785363031714,0.08197454969134989,0.06829130945792096,0.13034056270572705,-0.062049253247806094,0.03537021515078855,0.11762872012337766
google_robot_open_drawer__seed032__step011,open_drawer,32,exploration,24,0.05918649655089888,0.06252206235719723,0.03600219156644893,0.003335565806298353,1.056356871933277,0.05191878061452569,0.06314396632508898,0.04456310444898028,0.011225185710563287,-0.007889619904264934,0.1350895637924694
google_robot_open_drawer__seed032__step011,open_drawer,32,exploration,25,0.05026790813507865,0.08064193899057637,0.031065537811678402,0.030374030855497718,1.604242984885653,0.042620082599535765,0.060302308621503625,0.029440766338233858,0.01768222602196786,0.012691804833529857,0.11557092046983541
google_robot_open_drawer__seed032__step011,open_drawer,32,exploration,26,0.04801023223257309,0.08009024194092619,0.039684575509054985,0.0320800097083531,1.6681910962844302,0.06464643253234648,0.06249605670114543,0.038319198487445964,-0.0021503758312010485,0.034230385539554146,0.19828870791238273
google_robot_open_drawer__seed032__step011,open_drawer,32,exploration,27,0.05537787048802438,0.047601589148383305,0.03307550841507498,-0.007776281339641075,0.8595778192423864,0.042182098469344446,0.05348532524574913,0.0516349066031966,0.0018504186425525315,-0.009626699982193607,0.1162511734091396
google_robot_open_drawer__seed032__step011,open_drawer,32,exploration,28,0.07273700947266562,0.049002268029712914,0.03532560572809595,-0.023734741442952706,0.6736909914907602,0.05354579013818461,0.03761217301312936,0.035284291414360125,-0.015933617125055255,-0.007801124317897451,0.12071023491446908
google_robot_open_drawer__seed032__step011,open_drawer,32,exploration,29,0.04322217443165697,0.041025584774926585,0.04603721021265375,-0.005011625437727166,0.8911396799550274,0.03889113854256723,0.033116663987107525,0.043566756447642165,-0.01045009246053464,0.005438467022807474,0.23338213663072338
google_robot_open_drawer__seed032__step011,open_drawer,32,exploration,30,0.04276059584645206,0.047191656144203696,0.040470635887119286,0.004431060297751636,1.1036248492341645,0.040190151665282725,0.03695738672342,0.05690236423627608,-0.01994497751285608,0.024376037810607716,0.15343002658312344
google_robot_open_drawer__seed032__step011,open_drawer,32,exploration,31,0.03687498461383684,0.044673324024122406,0.029949557995975536,0.007798339410285564,1.2114804790280331,0.03413827562369474,0.03785290548125265,0.04978723857619519,-0.011934333094942545,0.01973267250522811,0.31219812221138454
google_robot_open_drawer__seed032__step056,open_drawer,32,exploration,0,0.003782639979428582,0.003919429536303179,0.003773688767693699,0.00013678955687459722,1.036162457336281,0.003550243698612861,0.003698159576867626,0.0033510533455576126,0.00014791587825476512,-1.1126321380167895e-05,0.8155885748565197
google_robot_open_drawer__seed032__step056,open_drawer,32,exploration,1,0.009498274647573227,0.004644698198836359,0.01248433926597846,-0.007839641067142102,0.3720419719362962,0.008713337099973507,0.00499307203455373,0.01239332768087493,-0.0074002556463212,-0.00043938542082090203,0.35381477628834546
google_robot_open_drawer__seed032__step056,open_drawer,32,exploration,2,0.034639949449266697,0.06017148117575707,0.036008963266499106,0.024162517909257962,1.671013984224798,0.030148491187352116,0.023562226344616476,0.0271754927516136,-0.00658626484273564,0.0307487827519936,0.017819271884036425
google_robot_open_drawer__seed032__step056,open_drawer,32,exploration,3,0.024369364882673553,0.06702122374238165,0.03674688123095103,0.030274342511430616,1.8238615495328419,0.02257218205720947,0.0377661800155437,0.026007522085826164,0.011758657929717538,0.018515684581713078,0.04004264753029929
google_robot_open_drawer__seed032__step056,open_drawer,32,exploration,4,0.0619701191615856,0.06695836442397515,0.033883142327945606,0.00498824526238955,1.0804943629264747,0.02851436841464106,0.041116283224126284,0.03037779106449854,0.010738492159627744,-0.005750246897238194,0.061837672664296406
google_robot_open_drawer__seed032__step056,open_drawer,32,exploration,5,0.04856204760359383,0.18517526959164465,0.043734441106137764,0.13661322198805081,3.8131684871117497,0.04631540990540979,0.1143685670778047,0.035983744744886394,0.0680531571723949,0.06856006481565591,0.07934008425263528
google_robot_open_drawer__seed032__step056,open_drawer,32,exploration,6,0.0622161033201244,0.0594128550176479,0.05572210390221651,-0.0028032483024765034,0.9549433642918334,0.04457317633436831,0.07367029395730412,0.042413411305354504,0.029097117622935813,-0.031900365925412316,0.09523211220994199
google_robot_open_drawer__seed032__step056,open_drawer,32,exploration,7,0.038862930298800995,0.10761725829108218,0.05815733998507125,0.04945991830601093,1.8504501464253196,0.032640862768862224,0.03618060414400412,0.06738521272635051,-0.031204608582346388,0.08066452688835732,0.09726847340198219
google_robot_open_drawer__seed032__step056,open_drawer,32,exploration,8,0.05742607586022234,0.07297292657377064,0.04232992173092887,0.015546850713548298,1.2707280704917054,0.049361627739923725,0.051444548374278615,0.034235374544900055,0.00208292063435489,0.013463930079193408,0.21007750642093015
google_robot_open_drawer__seed032__step056,open_drawer,32,exploration,9,0.05744285982606218,0.08248345783516926,0.04710364300498638,0.02504059800910708,1.4359218549516926,0.05740923835501155,0.06440382679578485,0.06426433287451669,0.0001394939212681634,0.024901104087838917,0.11841871524484304
google_robot_open_drawer__seed032__step056,open_drawer,32,exploration,10,0.05939029811524419,0.1192746176327464,0.04472146520775202,0.059884319517502206,2.008318217249885,0.05705453096127331,0.08561273215661856,0.0657129972011537,0.019899734955464862,0.039984584562037344,0.17125139280778967
google_robot_open_drawer__seed032__step056,open_drawer,32,exploration,11,0.05924742188487178,0.14135428839483463,0.07448745903046346,0.06686682936437117,1.8976924469530416,0.07004687447550363,0.09405726949691806,0.04387716146510402,0.02401039502141443,0.042856434342956745,0.21260461142992426
google_robot_open_drawer__seed032__step056,open_drawer,32,exploration,12,0.047436103015822545,0.0833044929925274,0.03021400986798517,0.035868389976704856,1.7561411603465988,0.09460778661451474,0.06015897628784333,0.04738072204764362,-0.034448810326671415,0.07031720030337626,0.21729664432041318
google_robot_open_drawer__seed032__step056,open_drawer,32,exploration,13,0.05459395445322077,0.07127250881521692,0.028434554644857665,0.016678554361996153,1.305501855087037,0.046976134841416724,0.04089711182488817,0.05125226019127582,-0.010355148366387651,0.027033702728383804,0.22144317808624692
google_robot_open_drawer__seed032__step056,open_drawer,32,exploration,14,0.06107908834045673,0.08078868964814927,0.038045377375994865,0.01970960130769254,1.3226898410439694,0.04370056565727738,0.05087985002661047,0.06957838195922508,-0.018698531932614615,0.03840813324030715,0.3351952958869333
google_robot_open_drawer__seed032__step056,open_drawer,32,exploration,15,0.03798529666829045,0.0737133806173819,0.04275803309976951,0.03095534751761239,1.7239656568248285,0.0634893137100421,0.025912946366548794,0.07117315528086939,-0.04526020891432059,0.07621555643193298,0.21315526665671314
google_robot_open_drawer__seed032__step056,open_drawer,32,exploration,16,0.08269997495827851,0.09263354767207695,0.04298945318470755,0.009933572713798439,1.120115788654227,0.05818457451018168,0.06612896209216862,0.07136750770898251,-0.005238545616813889,0.015172118330612328,0.11167001838964552
google_robot_open_drawer__seed032__step056,open_drawer,32,exploration,17,0.10906154420280684,0.08660917635085087,0.06694862206354081,-0.022452367851955965,0.7941312126462801,0.07923267526368395,0.0709395145455192,0.0521465709367346,-0.008293160718164758,-0.014159207133791207,0.1427093131884476
google_robot_open_drawer__seed032__step056,open_drawer,32,exploration,18,0.05274182719783831,0.06330165569497954,0.02548340713389201,0.010559828497141231,1.2002173428222456,0.15319824193079548,0.07567154988303591,0.06579038759379424,-0.07752669204775957,0.08808652054490079,0.169751436530305
google_robot_open_drawer__seed032__step056,open_drawer,32,exploration,19,0.07767828406737803,0.08140586558020342,0.12168017886974934,-0.04027431328954592,0.6690150058650314,0.0929720501961997,0.0668482437980044,0.09647822452897613,-0.029629980730971728,-0.010644332558574193,0.061177366378004194
google_robot_open_drawer__seed032__step056,open_drawer,32,exploration,20,0.10766275125562386,0.08779787060067007,0.06054685454453832,-0.019864880654953787,0.8154897545968469,0.0716892612851141,0.045503107787494286,0.06721639877040043,-0.026186153497619817,0.00632127284266603,0.1219192226357535
google_robot_open_drawer__seed032__step056,open_drawer,32,exploration,21,0.05728173178021346,0.09219665040225583,0.0772568561996124,0.014939794202643436,1.1933782312348142,0.07598985301514545,0.04928645262861326,0.08742980268844343,-0.03814335005983017,0.053083144262473604,0.08634157801301967
google_robot_open_drawer__seed032__step056,open_drawer,32,exploration,22,0.10674798113231544,0.10353739343157525,0.05213778335508356,-0.003210587700740189,0.9699236681885288,0.09125900747374327,0.05536618909023729,0.11746830657199007,-0.06210211748175278,0.05889152978101259,0.09949205773051517
google_robot_open_drawer__seed032__step056,open_drawer,32,exploration,23,0.05456165480636714,0.06712956568016964,0.1440493472326984,-0.07691978155252877,0.4660178402039409,0.09216319262285558,0.04506211142451548,0.12431455725546774,-0.07925244583095226,0.0023326642784234908,0.06901032270209839
google_robot_open_drawer__seed032__step056,open_drawer,32,exploration,24,0.07972109074759137,0.09462305977886885,0.05495721214897242,0.014901969031277482,1.1869263063454474,0.08172892147323114,0.09697273973899449,0.12845535229862223,-0.03148261255962774,0.04638458159090522,0.09651387162111291
google_robot_open_drawer__seed032__step056,open_drawer,32,exploration,25,0.05904593284072984,0.06349134781052386,0.04208564900739984,0.004445414969794018,1.075287403482727,0.05871317090090614,0.06304116388515366,0.05883221468106455,0.004208949204089103,0.00023646576570491434,0.07968884049188318
google_robot_open_drawer__seed032__step056,open_drawer,32,exploration,26,0.06188816072513997,0.05766584864959971,0.044215714113130994,-0.0042223120755402604,0.9317751242553071,0.05750817295412552,0.04011655308752875,0.0604958007927476,-0.02037924770521885,0.01615693562967859,0.11262294104265891
google_robot_open_drawer__seed032__step056,open_drawer,32,exploration,27,0.049945739758379466,0.06167706989866401,0.03746861575743415,0.011731330140284546,1.23488149734165,0.07229303150503254,0.04236392640722666,0.05930756289844367,-0.02992910509780588,0.041660435238090425,0.10984374678018582
google_robot_open_drawer__seed032__step056,open_drawer,32,exploration,28,0.06680774802434418,0.045552040768097414,0.03452749201808158,-0.021255707256246766,0.681837692710412,0.07360014470232143,0.04850255511259778,0.03616069399499543,-0.02509758958972365,0.003841882333476883,0.1001178881774436
google_robot_open_drawer__seed032__step056,open_drawer,32,exploration,29,0.07472592918890998,0.06451678794304962,0.04053271103962695,-0.010209141245860365,0.8633788651854529,0.04159351134984068,0.041758529784879525,0.0473372351161976,-0.0055787053313180734,-0.004630435914542291,0.14193893139066915
google_robot_open_drawer__seed032__step056,open_drawer,32,exploration,30,0.038269769923667346,0.05197510100292698,0.0360423313231885,0.013705331079259635,1.3581242089146657,0.0501515265432288,0.03968361353422085,0.05093225638063399,-0.011248642846413144,0.02495397392567278,0.16427024867687123
google_robot_open_drawer__seed032__step056,open_drawer,32,exploration,31,0.03406766396984709,0.047987358760681637,0.03895807657350535,0.009029282187176288,1.2317691986189312,0.04953262470496852,0.05511164361346201,0.03223628654259196,0.005579018908493494,0.003450263278682794,0.22993704646319202
google_robot_open_drawer__seed032__step101,open_drawer,32,exploration,0,0.0038253464892104324,0.004098462880302916,0.00373059721913517,0.0002731163910924838,1.0713965105808902,0.00402078965066044,0.0038762963487255215,0.004019452658622277,-0.00014449330193491835,0.00041760969302740217,0.8234387934207916
google_robot_open_drawer__seed032__step101,open_drawer,32,exploration,1,0.007869090209367656,0.0045256986453575026,0.010778700678354207,-0.006253002032996704,0.4198742297804051,0.008369307136485643,0.004996034026017644,0.012745905310698446,-0.0077498712846808026,0.0014968692516840985,0.37421310553327203
google_robot_open_drawer__seed032__step101,open_drawer,32,exploration,2,0.02785778766752911,0.0476307623806705,0.029644054348038924,0.01798670803263158,1.6067560064981958,0.02906268310840588,0.02339874956131287,0.03368430668001207,-0.0102855571186992,0.02827226515133078,0.02113670043786442
google_robot_open_drawer__seed032__step101,open_drawer,32,exploration,3,0.023132229924449847,0.06965408158661261,0.03485597728038412,0.03479810430622849,1.9983396542380638,0.021436137775777773,0.05246072228364122,0.029119992981099727,0.023340729302541496,0.011457375003686994,0.0427040298193333
google_robot_open_drawer__seed032__step101,open_drawer,32,exploration,4,0.05463623910261,0.05461747063570346,0.03447059480701237,-1.8768466906536607e-05,0.9996564831837842,0.031799641030743224,0.03262003955869336,0.03367261089645731,-0.001052571337763951,0.0010338028708574143,0.05982552447449052
google_robot_open_drawer__seed032__step101,open_drawer,32,exploration,5,0.04286294300359659,0.17896656296820046,0.04051241843264027,0.13610361996460388,4.175321394827778,0.06960735258658257,0.11780417958291985,0.0318613615904944,0.048196826996337275,0.0879067929682666,0.08150577835021977
google_robot_open_drawer__seed032__step101,open_drawer,32,exploration,6,0.06343598056642882,0.06664669975122663,0.05525033959462695,0.003210719184797803,1.0506135344031706,0.08775270269663724,0.06562900890788546,0.06265694809033115,-0.022123693788751772,0.025334412973549575,0.088973540689949
google_robot_open_drawer__seed032__step101,open_drawer,32,exploration,7,0.03381875765785414,0.1007104929546378,0.05048862635140957,0.05022186660322823,1.994716438781189,0.03769519273918365,0.0655161176083535,0.08538862061523335,-0.019872503006879844,0.07009436961010806,0.10810264894917054
google_robot_open_drawer__seed032__step101,open_drawer,32,exploration,8,0.052530178740497875,0.09047725459345309,0.037597874222039314,0.03794707585295521,1.722386193285501,0.0412868443325716,0.043285710369475254,0.046203235598737166,-0.002917525229261912,0.04086460108221712,0.2261050105034883
google_robot_open_drawer__seed032__step101,open_drawer,32,exploration,9,0.07052958095783741,0.09765285556635013,0.065073009384268,0.027123274608512715,1.3845659401369053,0.05573078502895221,0.04808221192361676,0.07962613641109464,-0.031543924487477885,0.0586671990959906,0.11114217238355195
google_robot_open_drawer__seed032__step101,open_drawer,32,exploration,10,0.058852651438831526,0.12256838586666018,0.042375656714355024,0.06371573442782866,2.082631502066675,0.05483288566450283,0.07458607934100227,0.05732929110577263,0.017256788235229636,0.04645894619259902,0.16845806431911114
google_robot_open_drawer__seed032__step101,open_drawer,32,exploration,11,0.05902473687733941,0.13897088961168721,0.06881633515726786,0.07015455445441936,2.0194462447628636,0.08835871546151776,0.12645036352333422,0.05490085784147722,0.03809164806181646,0.0320629063926029,0.22712325785960275
google_robot_open_drawer__seed032__step101,open_drawer,32,exploration,12,0.05198374342207048,0.07009882092207002,0.0384301853838198,0.018115077499999542,1.3484758177747644,0.05084297538456794,0.0661547697048511,0.05489844249875562,0.011256327206095477,0.0068587502939040645,0.24375348239709638
google_robot_open_drawer__seed032__step101,open_drawer,32,exploration,13,0.05696911466371073,0.06920347697722712,0.029158835970770708,0.012234362313516385,1.2147542995136216,0.05674325518218182,0.04464273724573869,0.04287192076109139,-0.01210051793644313,0.024334880249959515,0.23233888452296014
google_robot_open_drawer__seed032__step101,open_drawer,32,exploration,14,0.07463594547686626,0.07825445733770539,0.04083908516268124,0.003618511860839127,1.0484821601403937,0.10281446981306773,0.07250021846873363,0.0708169214233176,-0.030314251344334103,0.03393276320517323,0.3535797931012894
google_robot_open_drawer__seed032__step101,open_drawer,32,exploration,15,0.048385270754177534,0.06711436803625677,0.03274828198164674,0.018729097282079235,1.387082618122214,0.0514091926968993,0.05033697276606498,0.03693378565727088,-0.0010722199308343186,0.019801317212913554,0.24249954087053993
google_robot_open_drawer__seed032__step101,open_drawer,32,exploration,16,0.09297155205033711,0.09517534571716342,0.05366590590695222,0.002203793666826312,1.0237039569440889,0.04112421854031401,0.054537610396348996,0.0610028485477335,-0.006465238151384507,0.00866903181821082,0.1290937594251318
google_robot_open_drawer__seed032__step101,open_drawer,32,exploration,17,0.11142015878550186,0.08289992353814993,0.053420676362721464,-0.028520235247351935,0.7440298456022033,0.07424305644049076,0.04714713759414095,0.049738848369681926,-0.027095918846349806,-0.0014243164010021292,0.1388233314644367
google_robot_open_drawer__seed032__step101,open_drawer,32,exploration,18,0.06452405063837327,0.0742162565269495,0.034441092885889237,0.009692205888576236,1.1502107476620842,0.07755656406635462,0.04628996835903419,0.06562925146924725,-0.03126659570732043,0.04095880159589667,0.1477468616224087
google_robot_open_drawer__seed032__step101,open_drawer,32,exploration,19,0.07126147984386923,0.07068888826874675,0.07066767957097876,-0.0005725915751224747,0.9919649216325988,0.0561386339247854,0.05813872998821772,0.06301225008585919,-0.004873520097641464,0.004300928522518989,0.08145899793802869
google_robot_open_drawer__seed032__step101,open_drawer,32,exploration,20,0.12153435821534271,0.0924638911579383,0.055824483097241535,-0.029070467057404417,0.7608045372165835,0.08958776867733713,0.04290284175715045,0.0479253032195854,-0.04668492692018668,0.01761445986278226,0.14646272402623595
google_robot_open_drawer__seed032__step101,open_drawer,32,exploration,21,0.07224594519600469,0.11206373522297484,0.07657025775848153,0.035493477464493314,1.4635413083817361,0.06649721690347882,0.05415505096381018,0.04574145148270223,-0.012342165939668637,0.04783564340416195,0.08764736138748219
google_robot_open_drawer__seed032__step101,open_drawer,32,exploration,22,0.08302123123941259,0.06267292234369949,0.05042233052131308,-0.020348308895713096,0.7549023473642106,0.07975654034596269,0.06928132271739702,0.046636506243139544,-0.010475217628565667,-0.00987309126714743,0.12013795014286188
google_robot_open_drawer__seed032__step101,open_drawer,32,exploration,23,0.0480243549858928,0.08119366434350893,0.12969789360260697,-0.048504229259098045,0.6260214571586297,0.06016597865548915,0.05533296879354164,0.1465306905622145,-0.09119772176867286,0.04269349250957481,0.07473242943996183
google_robot_open_drawer__seed032__step101,open_drawer,32,exploration,24,0.0740925960889012,0.10720493629552243,0.05286705632555601,0.033112340206621224,1.4469048454840325,0.0707296349845315,0.058659609075613954,0.053670133324662715,-0.012070025908917544,0.04518236611553877,0.10308253001934276
google_robot_open_drawer__seed032__step101,open_drawer,32,exploration,25,0.06960363747087274,0.06400419682549718,0.0440443661999196,-0.005599440645375556,0.9195524709794258,0.06312039223652165,0.04030764747592725,0.05397735123591671,-0.022812744760594396,0.01721330411521884,0.08645793793557033
google_robot_open_drawer__seed032__step101,open_drawer,32,exploration,26,0.06219236736792801,0.07095306755157414,0.0625835314621233,0.008369536089450846,1.1337338416978953,0.04871525845480958,0.05049712001589041,0.045352967575809214,0.0017818615610808233,0.006587674528370023,0.12069298061284428
google_robot_open_drawer__seed032__step101,open_drawer,32,exploration,27,0.0454702013950855,0.06209683293676897,0.03015861004525466,0.016626631541683472,1.3656599494076687,0.050771583301905135,0.06785275279201193,0.04581889675702574,0.017081169490106796,-0.0004545379484233239,0.10592909007931439
google_robot_open_drawer__seed032__step101,open_drawer,32,exploration,28,0.10932942271614686,0.06041465285717255,0.04122407577151359,-0.04891476985897431,0.5525928094766196,0.06597202129242878,0.043001412709315824,0.06250812773856965,-0.022970608583112957,-0.025944161275861355,0.13513186362765595
google_robot_open_drawer__seed032__step101,open_drawer,32,exploration,29,0.07794492257673695,0.06188585764252973,0.04926508888785906,-0.016059064934207216,0.7939690693977272,0.06307478602513633,0.056836263270684265,0.04359709344093935,-0.006238522754452067,-0.00982054217975515,0.16433978641893532
google_robot_open_drawer__seed032__step101,open_drawer,32,exploration,30,0.05901324055059804,0.059590246545431935,0.03671411622086868,0.0005770059948338943,1.0097775683804242,0.042965534331909805,0.04508344786717097,0.04586032423559114,-0.0007768763684201652,0.0013538823632540595,0.16840408134515883
google_robot_open_drawer__seed032__step101,open_drawer,32,exploration,31,0.0429721920414452,0.04541043016384542,0.031099938338908475,0.0024382381224002173,1.0567399056591904,0.05096278900090216,0.03834464555373171,0.04998348202136627,-0.012618143447170452,0.015056381569570669,0.23994185442165872
google_robot_open_drawer__seed056__step011,open_drawer,56,exploration,0,0.004319075246969959,0.004853731740466765,0.003762873596065479,0.0005346564934968065,1.1237895759912713,0.004269375476186803,0.00438213908719278,0.00428004173307815,0.00010209735411462976,0.0004325591393821767,0.8292588889598846
google_robot_open_drawer__seed056__step011,open_drawer,56,exploration,1,0.0055570200191620445,0.0038587244519377004,0.011209093166576443,-0.0073503687146387435,0.3442494762594839,0.00847975107171506,0.005471457954024119,0.011491127907141099,-0.0060196699531169795,-0.001330698761521764,0.33905565179884434
google_robot_open_drawer__seed056__step011,open_drawer,56,exploration,2,0.02811913425993128,0.040691980335740896,0.03127191515026004,0.009420065185480858,1.3012308373253734,0.031209225863354857,0.0247605976609844,0.04047727132558844,-0.01571667366460404,0.025136738850084897,0.023075510368073537
google_robot_open_drawer__seed056__step011,open_drawer,56,exploration,3,0.02515893996283915,0.0479916158878872,0.028246054635620355,0.019745561252266848,1.6990555497745954,0.025910004180372554,0.04592112613318126,0.0283321608254445,0.017588965307736758,0.0021565959445300903,0.040144529397139195
google_robot_open_drawer__seed056__step011,open_drawer,56,exploration,4,0.02407950595369938,0.02799190570089883,0.025282359328993805,0.0027095463719050243,1.1071714208569814,0.036399912490554874,0.039811545237665814,0.029071295222335893,0.0034116327471109403,-0.000702086375205916,0.035680057987747205
google_robot_open_drawer__seed056__step011,open_drawer,56,exploration,5,0.0677295694181646,0.10812067688914606,0.03468526917456037,0.04039110747098146,1.5963585449894924,0.07003194007472509,0.10686720302515894,0.029946783080162975,0.03683526295043385,0.0035558445205476075,0.07500220512588385
google_robot_open_drawer__seed056__step011,open_drawer,56,exploration,6,0.02562774413660657,0.10159642851847085,0.05042639065474611,0.05117003786372474,2.014747182959616,0.02447331271809845,0.05682761210548547,0.037832570606055944,0.018995041499429523,0.032174996364295216,0.03356309261585011
google_robot_open_drawer__seed056__step011,open_drawer,56,exploration,7,0.05271361424081549,0.10827023036189021,0.049153569767295846,0.055556616121074716,2.053932971988438,0.034573091822157884,0.07789180219350413,0.06551337455427961,0.012378427639224518,0.0431781884818502,0.08484667231277854
google_robot_open_drawer__seed056__step011,open_drawer,56,exploration,8,0.06385385602870124,0.1311858402043347,0.07433553573991629,0.056850304464418425,1.764779642717921,0.035659542283786955,0.03380942357864239,0.053014266151719586,-0.019204842573077197,0.07605514703749562,0.2198181733574529
google_robot_open_drawer__seed056__step011,open_drawer,56,exploration,9,0.06010662284674658,0.12389003815957966,0.07223923831946483,0.051650799840114836,1.7149964623339273,0.03939262632804203,0.07121404915364568,0.08846323440497786,-0.017249185251332178,0.06889998509144701,0.10201103697727376
google_robot_open_drawer__seed056__step011,open_drawer,56,exploration,10,0.05865048142605907,0.18247275925628356,0.037223480065794706,0.1238222778302245,3.111189453514168,0.06660550901339202,0.06746892098427493,0.07118251837697961,-0.0037135973927046873,0.1275358752229292,0.23007023782702163
google_robot_open_drawer__seed056__step011,open_drawer,56,exploration,11,0.06752764862674318,0.2843487691718793,0.06465390510422198,0.2168211205451361,4.210849555026084,0.05851965943808706,0.13343793763598732,0.07939985755288731,0.054038080083100015,0.1627830404620361,0.2551334690851945
google_robot_open_drawer__seed056__step011,open_drawer,56,exploration,12,0.04468942753534926,0.2109496190305123,0.060156525444660755,0.15079309358585152,3.506678909249326,0.08512956250049683,0.05503788915851542,0.048632878233089115,-0.030091673341981408,0.18088476692783292,0.21776303037995604
google_robot_open_drawer__seed056__step011,open_drawer,56,exploration,13,0.039536625376781015,0.13098418221725744,0.05470785547210599,0.07627632674515145,2.3942481584576574,0.056368814794154766,0.060223152730022864,0.049638074259814896,0.0038543379358680976,0.07242198880928336,0.18343143708398202
google_robot_open_drawer__seed056__step011,open_drawer,56,exploration,14,0.06776781435972908,0.15841733194778082,0.05789554469020921,0.09064951758805175,2.3376485348466556,0.075831480081837,0.08107970528138589,0.0516736682397517,0.0052482251995488866,0.08540129238850286,0.4137562110961426
google_robot_open_drawer__seed056__step011,open_drawer,56,exploration,15,0.04548298905457902,0.079297351683851,0.05541385305315482,0.023883498630696186,1.4310023092562492,0.042507288501634856,0.04658754554584393,0.04016677817264662,0.004080257044209071,0.019803241586487115,0.29698306107138706
google_robot_open_drawer__seed056__step011,open_drawer,56,exploration,16,0.035993428225579896,0.10228048761951311,0.03992330746718168,0.06235718015233143,2.5619242018861077,0.05658637308085648,0.057493117244944214,0.05213786018212422,0.0009067441640877374,0.06145043598824369,0.20344521989875375
google_robot_open_drawer__seed056__step011,open_drawer,56,exploration,17,0.04922948961067244,0.07013704846088169,0.037406784336428474,0.02090755885020925,1.4246958279591164,0.0496945666358015,0.07024038311107624,0.0357379285778889,0.020545816475274738,0.0003617423749345122,0.23146881570937694
google_robot_open_drawer__seed056__step011,open_drawer,56,exploration,18,0.04843576034289979,0.0841923084856698,0.061982120341354426,0.022210188144315378,1.3583321774408024,0.06059265630427968,0.06173721242106688,0.04253796426057537,0.0011445561167872029,0.021065632027528175,0.09039697889522813
google_robot_open_drawer__seed056__step011,open_drawer,56,exploration,19,0.04007343890716806,0.09727314076819589,0.04081830188234988,0.05645483888584601,2.383076617164652,0.03410023469269831,0.05903199790565345,0.039721431988522765,0.019310565917130686,0.03714427296871532,0.0971157182070499
google_robot_open_drawer__seed056__step011,open_drawer,56,exploration,20,0.06593109231780762,0.08738235235784525,0.05311027960486782,0.021451260040037626,1.3253587842384913,0.049836292276284146,0.08703465781146764,0.0560040351717847,0.031030622639682946,-0.00957936259964532,0.15168515323676957
google_robot_open_drawer__seed056__step011,open_drawer,56,exploration,21,0.05592294929891923,0.09248619898333922,0.04757359154095222,0.03656324968441999,1.6538147601798001,0.045004731827646395,0.05748122917214141,0.04273720085834106,0.012476497344495012,0.02408675233992498,0.13027661728753515
google_robot_open_drawer__seed056__step011,open_drawer,56,exploration,22,0.048457056818417416,0.10980897833731083,0.032863249456057786,0.06135192151889342,2.2661091190246405,0.0742347512920956,0.08312709971141692,0.07058614193006402,0.008892348419321322,0.052459573099572096,0.11159800782654372
google_robot_open_drawer__seed056__step011,open_drawer,56,exploration,23,0.06006346836557361,0.10364233170466187,0.07815485044904681,0.025487481255615063,1.3261151561185787,0.054209463846617165,0.05130584494562101,0.15883973338527244,-0.10753388843965142,0.13302136969526648,0.10088352491942487
google_robot_open_drawer__seed056__step011,open_drawer,56,exploration,24,0.09380186513806262,0.14156606975421443,0.05515207234300281,0.047764204616151815,1.509203143731203,0.06735796943006829,0.06505942005827979,0.06212428983100664,-0.0022985493717884997,0.050062753987940314,0.17862089792077995
google_robot_open_drawer__seed056__step011,open_drawer,56,exploration,25,0.035943797151565836,0.07164772264089547,0.026152556294705167,0.03570392548932964,1.9933264796363968,0.051083123137413734,0.05975875350523842,0.04301180727716431,0.008675630367824684,0.027028295121504953,0.15191050731932876
google_robot_open_drawer__seed056__step011,open_drawer,56,exploration,26,0.049937586342155824,0.0751357252674953,0.03499160288970655,0.02519813892533948,1.5045926479644043,0.055521980813633416,0.049301764154486415,0.03939655597610925,-0.0062202166591470015,0.03141835558448648,0.15233633840892935
google_robot_open_drawer__seed056__step011,open_drawer,56,exploration,27,0.04811200763600862,0.07259142794882852,0.03610511229559034,0.024479420312819897,1.5088006407468786,0.04083091110347004,0.059934761263558706,0.03994218920591114,0.019103850160088663,0.0053755701527312336,0.08555608486176247
google_robot_open_drawer__seed056__step011,open_drawer,56,exploration,28,0.05055787954010354,0.06603199779708734,0.05573542029142928,0.010296577505658058,1.184740286371204,0.03663896406299722,0.035120138981132316,0.04875232470280421,-0.013632185721671894,0.023928763227329952,0.16329253370478725
google_robot_open_drawer__seed056__step011,open_drawer,56,exploration,29,0.05859211597757297,0.05853893104066936,0.05605395668573245,-5.318493690360804e-05,0.999092285096446,0.042628591701386255,0.05423473166800375,0.04651301166238439,0.0077217200056193605,-0.0077749049425229685,0.1721963443991399
google_robot_open_drawer__seed056__step011,open_drawer,56,exploration,30,0.052092458567886975,0.053867664905326,0.04681208740071939,0.0017752063374390226,1.0340779910613274,0.039951590724643354,0.03188071646145885,0.054296656027499605,-0.02241593956604076,0.02419114590347978,0.1779647363119352
google_robot_open_drawer__seed056__step011,open_drawer,56,exploration,31,0.032536324760210907,0.05955987173587991,0.032582566237873506,0.026977305498006407,1.8279674873076257,0.052082496508794755,0.05102466881437532,0.05103333273579603,-0.001057827694419436,0.028035133192425843,0.312464401537909
google_robot_open_drawer__seed056__step056,open_drawer,56,exploration,0,0.004520871781233468,0.004615945803823061,0.004392624820395111,9.507402258959307e-05,1.0210300196931603,0.004986356156283356,0.0047062934707603745,0.00521130836894901,-0.0005050148981886353,0.0006000889207782283,0.8225816190242767
google_robot_open_drawer__seed056__step056,open_drawer,56,exploration,1,0.00899615824081257,0.0047845259888579265,0.014467077643950124,-0.009682551655092197,0.33071820768576093,0.006913186695865828,0.005178348676832112,0.010723938346827777,-0.005545589669995665,-0.004136961985096532,0.3258422096259892
google_robot_open_drawer__seed056__step056,open_drawer,56,exploration,2,0.030882336038373263,0.0710932659226847,0.0341166604854387,0.03697660543724599,2.083828396774882,0.028686146037193314,0.028307377732191028,0.029904745158513255,-0.0015973674263222264,0.038573972863568215,0.023163860431736794
google_robot_open_drawer__seed056__step056,open_drawer,56,exploration,3,0.034120710998349374,0.06702326610925116,0.04250856912960963,0.02451469697964153,1.5767001214483518,0.02682937149355261,0.05615691807437387,0.03240745367026205,0.02374946440411182,0.0007652325755297118,0.04800212418876981
google_robot_open_drawer__seed056__step056,open_drawer,56,exploration,4,0.02593295171073256,0.03059006991385721,0.03094317533189405,-0.00035310541803684065,0.9885885849060589,0.047755602313069224,0.040202218240926145,0.0259940878053548,-0.0075533840721430795,0.007200278654106239,0.03188049533605408
google_robot_open_drawer__seed056__step056,open_drawer,56,exploration,5,0.05754973709218721,0.12378857355823437,0.041535983238344586,0.06623883646604717,2.150984171481811,0.07024959014617138,0.07109140135898755,0.03271208806043298,0.0008418112128161653,0.065397025253231,0.05023292593750739
google_robot_open_drawer__seed056__step056,open_drawer,56,exploration,6,0.0515478170524664,0.07091831428415793,0.04737032451289379,0.019370497231691527,1.3757772557463654,0.04603701200845338,0.11624246791665122,0.044526218020361434,0.07020545590819784,-0.05083495867650631,0.04283138773007522
google_robot_open_drawer__seed056__step056,open_drawer,56,exploration,7,0.05615525261788702,0.11734608239449441,0.081924522898968,0.03542155949552642,1.4323682121311765,0.04093618070287312,0.08070931325673751,0.051063296208599514,0.029646017048137997,0.0057755424473884195,0.07352288771767235
google_robot_open_drawer__seed056__step056,open_drawer,56,exploration,8,0.06176900851851788,0.0817698145758238,0.05878734515491943,0.02000080605730592,1.323800017792253,0.043351561681863146,0.05545118755440858,0.051394076151931055,0.004057111402477526,0.015943694654828394,0.1630695268904674
google_robot_open_drawer__seed056__step056,open_drawer,56,exploration,9,0.06761780824843709,0.07356541839533358,0.08072929108801022,-0.00716387269267664,0.9112605524447543,0.04895240749804368,0.07419773223303468,0.06971637902206645,0.0044813532109682225,-0.011645225903644862,0.10022489522407341
google_robot_open_drawer__seed056__step056,open_drawer,56,exploration,10,0.07234291860132888,0.1210802350350924,0.0732948747755186,0.04778536025957379,1.651960459799226,0.05825962874851464,0.0775521240090495,0.04536462024275536,0.019292495260534857,0.028492864999038935,0.15293249389469565
google_robot_open_drawer__seed056__step056,open_drawer,56,exploration,11,0.06822891319498228,0.1619046156502831,0.050173304867438054,0.09367570245530082,2.372961960973899,0.06877643540008732,0.1273298045173012,0.04598663709698228,0.05855336911721387,0.03512233333808695,0.22939251209118083
google_robot_open_drawer__seed056__step056,open_drawer,56,exploration,12,0.05580763981498581,0.11959604220406544,0.032055544701580584,0.06378840238907964,2.143004839490646,0.07045690951717858,0.060704196999204575,0.032645668546455855,-0.009752712517974,0.07354111490705365,0.22191426015069737
google_robot_open_drawer__seed056__step056,open_drawer,56,exploration,13,0.04640028072130658,0.07389130989320149,0.03707568122918208,0.027491029171894908,1.5924754924870805,0.06278551134854013,0.07026794676897992,0.039110871775035604,0.00748243542043979,0.02000859375145512,0.17429218788174694
google_robot_open_drawer__seed056__step056,open_drawer,56,exploration,14,0.038622486922339716,0.09635745901164589,0.03667072685321138,0.05773497208930617,2.494853819366861,0.07283462192363345,0.0947922882056043,0.059880112959126916,0.02195766628197085,0.03577730580733532,0.3775910610563642
google_robot_open_drawer__seed056__step056,open_drawer,56,exploration,15,0.05259901650920262,0.06344197883035109,0.0359824148157224,0.010842962321148467,1.2061438224657945,0.049594518374787025,0.04929890323110364,0.04538027478449893,-0.0002956151436833837,0.01113857746483185,0.25999009095608017
google_robot_open_drawer__seed056__step056,open_drawer,56,exploration,16,0.06857149627293584,0.1585269400717398,0.03212424138915224,0.08995544379880398,2.3118489268595424,0.06089050592889507,0.05653851531069623,0.03866864159123503,-0.004351990618198839,0.09430743441700282,0.17805026234336196
google_robot_open_drawer__seed056__step056,open_drawer,56,exploration,17,0.05035878441881936,0.11245037457420891,0.037451260651111096,0.06209159015538955,2.232984292055024,0.05011736050403329,0.0487260893625222,0.05435002564742767,-0.00562393628490547,0.06771552644029502,0.14509651560859993
google_robot_open_drawer__seed056__step056,open_drawer,56,exploration,18,0.08669521930669066,0.06361714727814195,0.05347717631508848,-0.02307807202854871,0.733802253306398,0.0756575741584524,0.07257661416089858,0.05217349900566852,-0.0030809599975538116,-0.0199971120309949,0.12007646669854921
google_robot_open_drawer__seed056__step056,open_drawer,56,exploration,19,0.052325195742460535,0.1059963180124808,0.04337246788092901,0.053671122270020265,2.025722340995803,0.08032290959229994,0.07023665319584485,0.05852179120696094,-0.010086256396455093,0.06375737866647535,0.08090628637359032
google_robot_open_drawer__seed056__step056,open_drawer,56,exploration,20,0.08073201043949449,0.07861196814886032,0.05435308149445622,-0.002120042290634172,0.9737397560262288,0.09183772734598655,0.07305559452206607,0.07173181059643605,-0.01878213282392048,0.01666209053328631,0.17138804574005917
google_robot_open_drawer__seed056__step056,open_drawer,56,exploration,21,0.048087408003646775,0.06110426332356129,0.0545497257135323,0.006554537610028985,1.1201571139779898,0.07597938903870563,0.05342405523311702,0.05855182080533174,-0.022555333805588614,0.0291098714156176,0.14810203602073102
google_robot_open_drawer__seed056__step056,open_drawer,56,exploration,22,0.062409857225230944,0.06202397947888932,0.033583707990282624,-0.00038587774634162714,0.9938170384695957,0.07628195005636755,0.05544563116100615,0.03152701569412791,-0.020836318895361403,0.020450441149019775,0.11379211576694104
google_robot_open_drawer__seed056__step056,open_drawer,56,exploration,23,0.07340000435213043,0.06975917715488877,0.12795153554277594,-0.058192358387887166,0.5451999998199891,0.08197454969134989,0.06829130945792096,0.13034056270572705,-0.062049253247806094,0.0038568948599189273,0.1043026320077729
google_robot_open_drawer__seed056__step056,open_drawer,56,exploration,24,0.053343912728393096,0.09932019882473117,0.04542347899569637,0.045976286096338075,1.8618843977649677,0.05191878061452569,0.06314396632508898,0.04456310444898028,0.011225185710563287,0.03475110038577479,0.2123120463608359
google_robot_open_drawer__seed056__step056,open_drawer,56,exploration,25,0.053292271159983716,0.060289684848257946,0.042331507454302676,0.00699741368827423,1.1313025985938552,0.042620082599535765,0.060302308621503625,0.029440766338233858,0.01768222602196786,-0.01068481233369363,0.20305051725244994
google_robot_open_drawer__seed056__step056,open_drawer,56,exploration,26,0.07731417310481435,0.07210538039595048,0.034676123204299296,-0.005208792708863874,0.9326282297321818,0.06464643253234648,0.06249605670114543,0.038319198487445964,-0.0021503758312010485,-0.0030584168776628257,0.18950263115701205
google_robot_open_drawer__seed056__step056,open_drawer,56,exploration,27,0.04019473770977614,0.05612291165296833,0.0323142727157612,0.015928173943192188,1.396275105915622,0.042182098469344446,0.05348532524574913,0.0516349066031966,0.0018504186425525315,0.014077755300639656,0.1097150953305146
google_robot_open_drawer__seed056__step056,open_drawer,56,exploration,28,0.03802839786180465,0.05468978389080454,0.036340986189383896,0.016661386028999893,1.4381301071254025,0.05354579013818461,0.03761217301312936,0.035284291414360125,-0.015933617125055255,0.03259500315405515,0.15044062950002157
google_robot_open_drawer__seed056__step056,open_drawer,56,exploration,29,0.04901022214308568,0.043598920957176074,0.03156005778931304,-0.0054113011859096075,0.8895883154719993,0.03889113854256723,0.033116663987107525,0.043566756447642165,-0.01045009246053464,0.005038791274625032,0.18700408359126897
google_robot_open_drawer__seed056__step056,open_drawer,56,exploration,30,0.03871936923473421,0.039130919166749774,0.03791462121457711,0.00041154993201556606,1.0106290453628148,0.040190151665282725,0.03695738672342,0.05690236423627608,-0.01994497751285608,0.020356527444871646,0.18385322045980956
google_robot_open_drawer__seed056__step056,open_drawer,56,exploration,31,0.03042120361542605,0.056334326853118045,0.03210789434119643,0.024226432511921615,1.7545319619679198,0.03413827562369474,0.03785290548125265,0.04978723857619519,-0.011934333094942545,0.03616076560686416,0.30792332944383816
google_robot_open_drawer__seed056__step101,open_drawer,56,exploration,0,0.0037537489234259493,0.004405620135550286,0.0035239187467678576,0.0006518712121243368,1.1736587143738402,0.004573933850622191,0.00445151033994193,0.004238573800385069,-0.00012242351068026108,0.0007742947228045979,0.8255795836448669
google_robot_open_drawer__seed056__step101,open_drawer,56,exploration,1,0.006487174989459507,0.004019002127796503,0.014065563631923619,-0.010046561504127116,0.28573345746876844,0.0073105257287645,0.0047076990488167355,0.010691011424346992,-0.005983312375530256,-0.004063249128596859,0.3437801841646433
google_robot_open_drawer__seed056__step101,open_drawer,56,exploration,2,0.02509032880429315,0.03748888325137981,0.03550111727301567,0.001987765978364142,1.055991645645334,0.02652585034075876,0.02475933556479556,0.026927156247854966,-0.002167820683059405,0.004155586661423547,0.035961116361022505
google_robot_open_drawer__seed056__step101,open_drawer,56,exploration,3,0.03460391106069322,0.046353997845128794,0.04559031449282012,0.0007636833523086764,1.0167509998736453,0.026192381391177723,0.06397788296043919,0.03594354754661274,0.028034335413826446,-0.02727065206151777,0.05344097161923855
google_robot_open_drawer__seed056__step101,open_drawer,56,exploration,4,0.03228595286809138,0.028731017871259625,0.05331729621827751,-0.024586278347017883,0.5388686206749256,0.05791881437347833,0.05328624819113247,0.026720340281875175,-0.004632566182345858,-0.019953712164672024,0.022795256628569405
google_robot_open_drawer__seed056__step101,open_drawer,56,exploration,5,0.04570593137115223,0.13373570297248646,0.03424460020300436,0.08802977160133424,2.9260032332892165,0.052972679037097146,0.07786442728687754,0.04474846300381077,0.02489174824978039,0.06313802335155386,0.05642175679963657
google_robot_open_drawer__seed056__step101,open_drawer,56,exploration,6,0.04550376280973616,0.08084112140639711,0.05106506789002344,0.02977605351637367,1.5831002434090762,0.06963793497227162,0.061266847160234124,0.037987815188179556,-0.008371087812037499,0.03814714132841117,0.060036908123947796
google_robot_open_drawer__seed056__step101,open_drawer,56,exploration,7,0.054334679038695384,0.07147243910299418,0.08426846215874007,-0.012796023055745884,0.8481516960444647,0.04772048300306475,0.0770808773936065,0.05497842788321172,0.022102449510394778,-0.03489847256614066,0.1134672251560005
google_robot_open_drawer__seed056__step101,open_drawer,56,exploration,8,0.06305535163194038,0.07850714881390655,0.05834897911046151,0.015451797181966168,1.2450513204994822,0.05047186232303053,0.05602259424650429,0.05163266106091854,0.004389933185585754,0.011061863996380414,0.19333294246553123
google_robot_open_drawer__seed056__step101,open_drawer,56,exploration,9,0.0688948823348876,0.07576777777379287,0.07838324949008604,-0.0026154717162931718,0.9666322622077058,0.05407898382184614,0.0774408789651056,0.0702962490000409,0.007144629965064694,-0.009760101681357866,0.12478653130710882
google_robot_open_drawer__seed056__step101,open_drawer,56,exploration,10,0.10135856251759924,0.11617252997915332,0.13129602216162528,-0.015123492182471956,0.8848137823714495,0.07178824418773666,0.0800901024066357,0.044036890990003304,0.008301858218899033,-0.02342535040137099,0.14137968561999514
google_robot_open_drawer__seed056__step101,open_drawer,56,exploration,11,0.07799877708193095,0.10447363699295165,0.044503629812297066,0.026474859911020693,1.3394266025890527,0.09662984220578207,0.09401139454969581,0.05024008229947014,-0.0026184476560862507,0.029093307567106944,0.1617884041177149
google_robot_open_drawer__seed056__step101,open_drawer,56,exploration,12,0.06741246360713898,0.1097411294854607,0.04758990893872658,0.04232866587832172,1.627905636634219,0.0670390801978238,0.08759394091441271,0.030621468577793517,0.020554860716588907,0.021773805161732815,0.15840905544700945
google_robot_open_drawer__seed056__step101,open_drawer,56,exploration,13,0.041485519251245946,0.060150069164626195,0.03765490263419622,0.01866454991338025,1.4499051777644,0.06073231663921416,0.0583379726757717,0.047504155517690126,-0.002394343963442465,0.021058893876822714,0.2080410904513883
google_robot_open_drawer__seed056__step101,open_drawer,56,exploration,14,0.0492004302459532,0.08101701013273176,0.05951789112317161,0.02149911900956015,1.3612211152620977,0.07151762674891862,0.07621665837619526,0.041525849782932285,0.00469903162727664,0.01680008738228351,0.28525831642969024
google_robot_open_drawer__seed056__step101,open_drawer,56,exploration,15,0.05112610930520044,0.049566776738416495,0.054669854344312915,-0.005103077605896421,0.9066564623758272,0.07262811822752471,0.05135064235140483,0.0643070363705736,-0.021277475876119882,0.01617439827022346,0.2356116927516041
google_robot_open_drawer__seed056__step101,open_drawer,56,exploration,16,0.05260063750046893,0.07318665280329734,0.049828119915779394,0.020586015302828407,1.391364368970716,0.06535915952416782,0.05821923026722437,0.03428795822064177,-0.007139929256943449,0.027725944559771856,0.12697254917546275
google_robot_open_drawer__seed056__step101,open_drawer,56,exploration,17,0.04099273123858672,0.04080048157976776,0.05497161409786638,-0.014171132518098616,0.742209997820518,0.06839354830412987,0.04507651858393806,0.051633753287710596,-0.023317029720191812,0.009145897202093196,0.13530233512960876
google_robot_open_drawer__seed056__step101,open_drawer,56,exploration,18,0.05814287403424419,0.07343054444339829,0.0780812460978679,-0.004650701654469611,0.9404376609379368,0.10129546669038136,0.07455369389579888,0.0480229403648926,-0.02674177279458248,0.02209107114011287,0.11025511932666632
google_robot_open_drawer__seed056__step101,open_drawer,56,exploration,19,0.08874934904445228,0.06710805175639871,0.06378051000557775,-0.02164129728805357,0.7561526082043262,0.08367279850230133,0.07980230361667878,0.05397415348070015,-0.0038704948856225496,-0.01777080240243102,0.05943057510970107
google_robot_open_drawer__seed056__step101,open_drawer,56,exploration,20,0.05862627714936178,0.07380738428964036,0.05316166153814006,0.01518110714027858,1.2589471458609212,0.10652045788118614,0.053571137774732144,0.04491084906270093,-0.05294932010645399,0.06813042724673257,0.12222801228409708
google_robot_open_drawer__seed056__step101,open_drawer,56,exploration,21,0.05725995306817385,0.05214836166103798,0.041879410215468045,-0.005111591407135872,0.910730080392312,0.10676772983152549,0.0669546609486044,0.056182119205457674,-0.03981306888292109,0.03470147747578522,0.0977097828486535
google_robot_open_drawer__seed056__step101,open_drawer,56,exploration,22,0.06316920736797638,0.07796315660644301,0.05249841683003767,0.014793949238466636,1.2341955812788372,0.1205955094197771,0.050265900121533584,0.038406399090320474,-0.07032960929824353,0.08512355853671016,0.09799443787272821
google_robot_open_drawer__seed056__step101,open_drawer,56,exploration,23,0.061815614143180604,0.04640936209158679,0.15824410532662145,-0.11183474323503466,0.29327703547501005,0.0794933206927364,0.03043014779858213,0.09414281738087718,-0.06371266958229505,-0.048122073652739614,0.06152609689837618
google_robot_open_drawer__seed056__step101,open_drawer,56,exploration,24,0.07668160952594373,0.05962163638286603,0.061016633344999016,-0.0170599731430777,0.7775219736708083,0.0424264669366553,0.05823257647190103,0.050941543627000256,0.007291032844900777,-0.02435100598797848,0.13115388866071953
google_robot_open_drawer__seed056__step101,open_drawer,56,exploration,25,0.03996926814161582,0.04906502702159973,0.049364675663052596,-0.00029964864145286263,0.9939298974939456,0.032930607847299995,0.05579494369812382,0.04371980565115528,0.01207513804696854,-0.012374786688421402,0.15048887161356106
google_robot_open_drawer__seed056__step101,open_drawer,56,exploration,26,0.030689792631757647,0.04685558045003944,0.042899531201094986,0.0039560492489444515,1.0922166079251578,0.06763324024649299,0.054644315823575124,0.0424161351312311,-0.012988924422917866,0.016944973671862318,0.17931227885364365
google_robot_open_drawer__seed056__step101,open_drawer,56,exploration,27,0.05591200237048961,0.04580662239460601,0.03870783765018759,-0.010105379975883594,0.8192627781612554,0.05165660239031161,0.060534404612666556,0.03743874421368571,0.008877802222354944,-0.018983182198238538,0.09576609558217797
google_robot_open_drawer__seed056__step101,open_drawer,56,exploration,28,0.04891455498935158,0.038205969560233664,0.04094207540251972,-0.010708585429117914,0.7810756853159737,0.04510584883072646,0.03898148868396895,0.03588875536574856,-0.006124360146757504,-0.00458422528236041,0.10602908331103578
google_robot_open_drawer__seed056__step101,open_drawer,56,exploration,29,0.039350221148400026,0.041841099205407885,0.048275306468001634,-0.00643420726259375,0.8667184584968188,0.04361700863130195,0.05164071821701534,0.03194769335849382,0.008023709585713391,-0.014457916848307141,0.13827320592587
google_robot_open_drawer__seed056__step101,open_drawer,56,exploration,30,0.04023650634644971,0.03536701115047682,0.05197411472064901,-0.016607103570172185,0.6804735653616765,0.03762851806812738,0.02896836362217159,0.04434400916244257,-0.015375645540270981,-0.0012314580299012043,0.17300128094075262
google_robot_open_drawer__seed056__step101,open_drawer,56,exploration,31,0.07849004735006988,0.06252772139250602,0.0695426817736302,-0.01596232595756386,0.7966324840349374,0.05524091731081982,0.055358669397769254,0.03333663312201153,0.00011775208694943251,-0.016080078044513293,0.23764752615988982
google_robot_open_drawer__seed093__step011,open_drawer,93,exploration,0,0.004497080738739423,0.004817042285023877,0.004253315820517427,0.000319961546284454,1.0711487217759275,0.004120083921235161,0.004177039797578836,0.004180624843285072,-3.5850457062360647e-06,0.00032354659199069005,0.8273863568902016
google_robot_open_drawer__seed093__step011,open_drawer,93,exploration,1,0.0054678496467631624,0.003668688846371516,0.009645846316779033,-0.005977157470407517,0.38033872051121115,0.008636204479802827,0.004393667867349213,0.011960532136501868,-0.007566864269152655,0.0015897067987451384,0.34030666248872876
google_robot_open_drawer__seed093__step011,open_drawer,93,exploration,2,0.030688285616984185,0.031770135108934304,0.03301609580438619,-0.0012459606954518879,0.9622620220502764,0.027302062007030965,0.027136172627331867,0.02989203391361293,-0.002755861286281063,0.0015099005908291753,0.021174035852368434
google_robot_open_drawer__seed093__step011,open_drawer,93,exploration,3,0.020279080385108905,0.048964839851589524,0.025482139872466912,0.023482699979122612,1.9215356362004485,0.03474025180245714,0.0384827201039498,0.028729271060113068,0.003742468301492656,0.019740231677629956,0.03884013674360176
google_robot_open_drawer__seed093__step011,open_drawer,93,exploration,4,0.024282411082004924,0.04537057524551087,0.031228906988158445,0.014141668257352427,1.4528390398906612,0.026244542775170264,0.025235075580856955,0.035919644651846605,-0.01068456907098965,0.024826237328342077,0.04842786895460449
google_robot_open_drawer__seed093__step011,open_drawer,93,exploration,5,0.06146998226605461,0.14869524144942875,0.032455599531508846,0.08722525918337415,2.4189894964642327,0.06025869750695452,0.0890148857273426,0.035282677561707915,0.028756188220388085,0.058469070962986064,0.06778326725179795
google_robot_open_drawer__seed093__step011,open_drawer,93,exploration,6,0.036462304497556525,0.07082254472043466,0.04498814427871144,0.02583440044172322,1.574249079528007,0.05184294036360724,0.06190168146815545,0.03788626337052165,0.010058741104548213,0.015775659337175008,0.0362455542947373
google_robot_open_drawer__seed093__step011,open_drawer,93,exploration,7,0.06276279317607093,0.11188335699939944,0.04508623159198461,0.04912056382332851,1.7826382692294884,0.03569951769285581,0.05388926056093143,0.07843971800897347,-0.02455045744804204,0.07367102127137054,0.08898016747934889
google_robot_open_drawer__seed093__step011,open_drawer,93,exploration,8,0.06662301970619416,0.10457241953773772,0.06304899715495592,0.03794939983154355,1.5696139262209885,0.03633226453466784,0.05350479152584572,0.0355171298122257,0.017172526991177876,0.020776872840365675,0.18875024708722776
google_robot_open_drawer__seed093__step011,open_drawer,93,exploration,9,0.06357406935787514,0.10789235458942377,0.07899115166809235,0.028901202921331415,1.3658789916466778,0.05789210199799712,0.06042292012984176,0.06725415981553073,-0.006831239685688974,0.03573244260702039,0.09632597917016028
google_robot_open_drawer__seed093__step011,open_drawer,93,exploration,10,0.0575312545921128,0.16607765757260207,0.03884381435771527,0.10854640298048926,2.8867379783400438,0.05342827049413607,0.062014238453480926,0.057404578930370605,0.004609659523110321,0.10393674345737894,0.23927854516114166
google_robot_open_drawer__seed093__step011,open_drawer,93,exploration,11,0.05763674509936085,0.2187021306410319,0.06328474687599793,0.15541738376503395,3.4558427020268176,0.07243227899529867,0.14502804636023153,0.05545247082179349,0.07259576736493287,0.08282161640010108,0.2641089923781692
google_robot_open_drawer__seed093__step011,open_drawer,93,exploration,12,0.03450028247895697,0.17190138723825518,0.04987335548121754,0.12202803175703764,3.4467580049430158,0.049088862339510535,0.0728511874649788,0.056385057267768164,0.01646613019721064,0.105561901559827,0.24545753465599773
google_robot_open_drawer__seed093__step011,open_drawer,93,exploration,13,0.04413004784317712,0.08387629734914032,0.04314771475973523,0.0397462495059632,1.9006618267718083,0.06396853479925724,0.04246084866652133,0.04703528967717628,-0.02150768613273591,0.06125393563869911,0.18216806702071153
google_robot_open_drawer__seed093__step011,open_drawer,93,exploration,14,0.06696669650136629,0.14029605803441733,0.052063924949983346,0.07332936153305104,2.095012377257626,0.05240744259211209,0.056497757693336224,0.07548479145267126,-0.018987033759335033,0.09231639529238608,0.3950069484242249
google_robot_open_drawer__seed093__step011,open_drawer,93,exploration,15,0.05525314151079422,0.09060052603210919,0.06341898980526235,0.02718153622684684,1.4286024786946603,0.044043335302910804,0.05110924775177095,0.04020976791862695,0.007065912448860144,0.020115623777986695,0.2632258141936745
google_robot_open_drawer__seed093__step011,open_drawer,93,exploration,16,0.048181170339930066,0.08502131511704632,0.038139382949261565,0.03684014477711625,1.7646170592619466,0.037832668939025364,0.06515613048360268,0.048797526919887056,0.016358603563715622,0.02048154121340063,0.2246161921428893
google_robot_open_drawer__seed093__step011,open_drawer,93,exploration,17,0.04824288525579418,0.06538477297665726,0.04256220005352295,0.017141887720863086,1.355324679068698,0.05717043109405357,0.08256385961812758,0.05960334139887957,0.022960518219248008,-0.005818630498384922,0.20305596059461095
google_robot_open_drawer__seed093__step011,open_drawer,93,exploration,18,0.05071430345648738,0.06445076235047065,0.05603699621485593,0.008413766135614717,1.1501466299755758,0.08723429023450809,0.06280154294394065,0.05745985231461187,-0.024432747290567436,0.03284651342618215,0.10501655038041235
google_robot_open_drawer__seed093__step011,open_drawer,93,exploration,19,0.046344659020518625,0.07768845108494718,0.0524986210106135,0.02518983007433368,1.4798188902760154,0.08290439827900575,0.04428718510880916,0.06014287306898438,-0.03861721317019659,0.06380704324453026,0.09783152669623973
google_robot_open_drawer__seed093__step011,open_drawer,93,exploration,20,0.11579050190384721,0.08107361261232936,0.04751084149350826,-0.03471688929151785,0.7001749822248213,0.06960479728017727,0.07797300171909603,0.05292772042721418,0.008368204438918767,-0.04308509373043662,0.1403305014707712
google_robot_open_drawer__seed093__step011,open_drawer,93,exploration,21,0.055294833432951385,0.08246299261538104,0.045694384070885115,0.027168159182429652,1.4913326887108327,0.04975416494897322,0.1021903709090104,0.07158533004137266,0.03060504086763774,-0.0034368816852080875,0.09734494726723142
google_robot_open_drawer__seed093__step011,open_drawer,93,exploration,22,0.043535772555622486,0.07574156232596904,0.039529685856685856,0.032205789770346556,1.7397546403753272,0.0643227322087096,0.049957233083533545,0.04436860621267013,-0.014365499125176054,0.04657128889552261,0.0965384737353645
google_robot_open_drawer__seed093__step011,open_drawer,93,exploration,23,0.07033978008544294,0.06224029714868238,0.06789501338048459,-0.008099482936760556,0.8848520292937798,0.058117825650405984,0.054951184673797344,0.1494862864661818,-0.09453510179238447,0.08643561885562392,0.0873370045589752
google_robot_open_drawer__seed093__step011,open_drawer,93,exploration,24,0.09558444451628427,0.13549506998276592,0.051131230307609944,0.03991062546648165,1.4175431020021492,0.07287833376714097,0.07891611140431898,0.05375913975614342,0.006037777637178013,0.03387284782930364,0.13394256316058772
google_robot_open_drawer__seed093__step011,open_drawer,93,exploration,25,0.06478313179747064,0.07109661928463193,0.03912744691342729,0.00631348748716129,1.0974557313298612,0.04771875863854147,0.043570307066803336,0.03990115372535517,-0.0041484515717381334,0.010461939058899423,0.13619811044816288
google_robot_open_drawer__seed093__step011,open_drawer,93,exploration,26,0.059328306105263226,0.05510964456541899,0.03279233261523518,-0.004218661539844237,0.9288929380124341,0.06895771675994736,0.06895015005443654,0.05369924057955658,-7.566705510816951e-06,-0.00421109483433342,0.2002783187920727
google_robot_open_drawer__seed093__step011,open_drawer,93,exploration,27,0.0654188440170154,0.08044923937224062,0.03179007453499286,0.015030395355225212,1.2297563581422475,0.0533282090557999,0.06525142522390408,0.04948756730774249,0.011923216168104177,0.0031071791871210355,0.08913235735132474
google_robot_open_drawer__seed093__step011,open_drawer,93,exploration,28,0.056866806094894716,0.06298811737726634,0.043709430731971324,0.006121311282371623,1.1076429590956256,0.044268528390990824,0.052611240468133876,0.04230720558747126,0.008342712077143051,-0.0022214007947714276,0.17014324557539595
google_robot_open_drawer__seed093__step011,open_drawer,93,exploration,29,0.05080568469022539,0.04089478327694271,0.04617167982975366,-0.009910901413282679,0.8049253449941309,0.057485282660352494,0.06401352072026636,0.054149913146039196,0.006528238059913871,-0.01643913947319655,0.19320904487821622
google_robot_open_drawer__seed093__step011,open_drawer,93,exploration,30,0.0686550058099833,0.060582685820957424,0.030954461743759158,-0.00807231998902587,0.8824219750069258,0.02719490814226954,0.03848056868433489,0.04887746573319277,-0.010396897048857885,0.0023245770598320156,0.18108479818707224
google_robot_open_drawer__seed093__step011,open_drawer,93,exploration,31,0.04265798716398287,0.034458031414345794,0.030801677416125807,-0.008199955749637076,0.8077744334697421,0.060701907375047506,0.0341276542458524,0.052342741324203294,-0.026574253129195105,0.01837429737955803,0.29088558149715027
google_robot_open_drawer__seed093__step056,open_drawer,93,exploration,0,0.003960248467489938,0.004488166500504271,0.004012460026983633,0.00047570647352063785,1.1185573115548892,0.004177185338212205,0.004431686662807574,0.0037850266212681913,0.00025450132459536954,0.0002212051489252683,0.8264232017099857
google_robot_open_drawer__seed093__step056,open_drawer,93,exploration,1,0.008467953805099364,0.005117311637967731,0.014329459012122868,-0.009212147374155138,0.3571182717811212,0.007658209524689488,0.005602784907675765,0.010758920883253222,-0.005156135975577457,-0.00405601139857768,0.34933147043921053
google_robot_open_drawer__seed093__step056,open_drawer,93,exploration,2,0.03264405116753305,0.057950265398512384,0.0389021946321498,0.019048070766362585,1.4896400047986176,0.025020377944862535,0.023468719506636856,0.02938694083116316,-0.005918221324526303,0.024966292090888888,0.03105792162079979
google_robot_open_drawer__seed093__step056,open_drawer,93,exploration,3,0.03455456262436954,0.05772157569638071,0.03196294572360379,0.023167013072011168,1.670447295885397,0.0245609061914903,0.042312736015773005,0.03089554624736435,0.011417189768408654,0.011749823303602514,0.047945777177801574
google_robot_open_drawer__seed093__step056,open_drawer,93,exploration,4,0.024281352988927505,0.03809416096898748,0.030651966463328812,0.00744219450565867,1.2427966412713622,0.029593561033407132,0.032118079166670886,0.027209003329942465,0.002524518133263754,0.004917676372394916,0.022833280692111657
google_robot_open_drawer__seed093__step056,open_drawer,93,exploration,5,0.061707865344879494,0.17241061120287318,0.03433397867006376,0.1107027458579937,2.79398112767775,0.05522369774900972,0.08512477798841314,0.037182718264350864,0.029901080239403424,0.08080166561859027,0.04391916875874813
google_robot_open_drawer__seed093__step056,open_drawer,93,exploration,6,0.05998652787786413,0.09215439060329915,0.04154537137571559,0.032167862725435016,1.5362514528417206,0.04315142442808972,0.05122762686451403,0.039183234906610645,0.008076202436424311,0.024091660289010705,0.03229739620212513
google_robot_open_drawer__seed093__step056,open_drawer,93,exploration,7,0.051452801718376386,0.12116751135675628,0.07265323211393133,0.04851427924282495,1.6677511492778074,0.03164078407649632,0.08067004324691994,0.06254919533712022,0.018120847909799717,0.03039343133302523,0.07830477001357394
google_robot_open_drawer__seed093__step056,open_drawer,93,exploration,8,0.061088347710433824,0.08715454548603656,0.050023520920181905,0.026066197775602734,1.4266967229030267,0.0591187833453855,0.038369684239605364,0.05902549465827019,-0.020749099105780135,0.04681529688138287,0.15168567483942752
google_robot_open_drawer__seed093__step056,open_drawer,93,exploration,9,0.07014799995139868,0.06616374908184633,0.08372808725927859,-0.017564338177432262,0.7902216716949327,0.07062629994956873,0.051792583161082574,0.0709442228786845,-0.019151639717601927,0.0015873015401696652,0.1035284029549075
google_robot_open_drawer__seed093__step056,open_drawer,93,exploration,10,0.08213471367537091,0.10191220022549986,0.08433334591047566,0.017578854315024206,1.2084448817397224,0.054104774765954405,0.06646530411851138,0.0682289352469975,-0.0017636311284861123,0.01934248544351032,0.15799408482416766
google_robot_open_drawer__seed093__step056,open_drawer,93,exploration,11,0.08511472550304192,0.20084705032585773,0.043810379047962,0.11573232482281581,2.3597215304263615,0.08355010984045982,0.12593663894960075,0.060218630268723816,0.042386529109140925,0.07334579571367489,0.21742293563966086
google_robot_open_drawer__seed093__step056,open_drawer,93,exploration,12,0.07010975020736346,0.1252613543225172,0.04392176650758581,0.05515160411515374,1.786646706799439,0.06768703681703878,0.07888075060494136,0.04252425338400138,0.011193713787902584,0.043957890327251156,0.18907933823129497
google_robot_open_drawer__seed093__step056,open_drawer,93,exploration,13,0.04155145291275594,0.0826450880832041,0.030786551063193193,0.04109363517044816,1.9889819077260897,0.05411672699023847,0.061673485198599755,0.0476254585702267,0.007556758208361283,0.033536876962086876,0.2156320383237471
google_robot_open_drawer__seed093__step056,open_drawer,93,exploration,14,0.07221056128787254,0.121959750438792,0.03775375224660047,0.04974918915091946,1.6889461633263143,0.07886565019806516,0.0832832988378931,0.07837600214540044,0.004417648639827937,0.04533154051109152,0.3760892803443312
google_robot_open_drawer__seed093__step056,open_drawer,93,exploration,15,0.07092159337809946,0.061293830522998326,0.04727187596123787,-0.009627762855101134,0.8642477925760452,0.04848469561190665,0.041444295679718614,0.055418794707893564,-0.01397449902817495,0.004346736173073816,0.2120314948762143
google_robot_open_drawer__seed093__step056,open_drawer,93,exploration,16,0.0982337154745898,0.130686558534182,0.046374720372910884,0.032452843059592215,1.3303635915917975,0.060504860017060035,0.055449469761873885,0.07974208097132193,-0.024292611209448048,0.05674545426904026,0.17604874781920898
google_robot_open_drawer__seed093__step056,open_drawer,93,exploration,17,0.07251959014962232,0.11945257711739625,0.0406106225404723,0.046932986967773926,1.6471766714475613,0.05387007617353944,0.041090263965894755,0.05077099163240932,-0.012779812207644688,0.059712799175418614,0.12225560611062747
google_robot_open_drawer__seed093__step056,open_drawer,93,exploration,18,0.09787858034511873,0.09748125382188344,0.052406533540008224,-0.00039732652323529183,0.9959406182452348,0.09094935475460728,0.05876874898330131,0.06251144826506021,-0.032180605771305965,0.03178327924807067,0.11600666433781726
google_robot_open_drawer__seed093__step056,open_drawer,93,exploration,19,0.05942048917097176,0.09117406534974562,0.04048055950798162,0.03175357617877386,1.5343876602464288,0.07754160487051079,0.05463385307181656,0.047807982099391494,-0.022907751798694226,0.05466132797746809,0.08609006170104294
google_robot_open_drawer__seed093__step056,open_drawer,93,exploration,20,0.09127962933246894,0.07994112835754216,0.08318026287922861,-0.01133850097492678,0.875782789020446,0.08478019035479682,0.05416572823635645,0.043340241732267186,-0.03061446211844037,0.01927596114351359,0.1419420086762102
google_robot_open_drawer__seed093__step056,open_drawer,93,exploration,21,0.08333117129928808,0.1055042506804752,0.06442338538024735,0.022173079381187122,1.2660838559625114,0.07674385257054842,0.06999947568918026,0.06765989984201494,-0.006744376881368155,0.028917456262555277,0.1174107081161111
google_robot_open_drawer__seed093__step056,open_drawer,93,exploration,22,0.07295340765209117,0.09976564918352267,0.053136651905788194,0.026812241531431497,1.3675255535601145,0.06467089495361411,0.06850309543329175,0.04928219109986974,0.0038322004796776388,0.022980041051753858,0.12319182423152597
google_robot_open_drawer__seed093__step056,open_drawer,93,exploration,23,0.06737771792479304,0.07624989056044783,0.07354261564051073,0.0027072749199370943,1.0368123284215336,0.05286350172722636,0.053597425719086,0.11975548803564538,-0.06615806231655938,0.06886533723649647,0.0895518533064319
google_robot_open_drawer__seed093__step056,open_drawer,93,exploration,24,0.09615524280544743,0.0970516029234884,0.07012240238543045,0.0008963601180409647,1.0093220098237865,0.06214493756680835,0.041414772932897956,0.06484299619757496,-0.023428223264677,0.024324583382717965,0.18256780149653196
google_robot_open_drawer__seed093__step056,open_drawer,93,exploration,25,0.07106241668947091,0.07593105724460011,0.039303522507127944,0.0048686405551292,1.0685121725652003,0.05909305422274294,0.0413834150837105,0.047767938554201105,-0.017709639139032445,0.022578279694161645,0.12611498738119664
google_robot_open_drawer__seed093__step056,open_drawer,93,exploration,26,0.07758625079393529,0.06264677597489249,0.041768892609899064,-0.0149394748190428,0.8074468779433459,0.053410638370862545,0.05172561900579902,0.04256870655285669,-0.001685019365063524,-0.013254455453979276,0.18346452659896784
google_robot_open_drawer__seed093__step056,open_drawer,93,exploration,27,0.0688150932210401,0.07164302636870595,0.038541407606334954,0.0028279331476658565,1.0410946641979004,0.05288607059643372,0.052301992004767366,0.07093618076308432,-0.018634188758316954,0.02146212190598281,0.07398295837904101
google_robot_open_drawer__seed093__step056,open_drawer,93,exploration,28,0.050096663041495994,0.07113203268354881,0.05542038129739629,0.01571165138615252,1.2834995180174025,0.039396738617935745,0.06370271046693138,0.03886482092006913,0.024305971848995633,-0.008594320462843114,0.14858768348815232
google_robot_open_drawer__seed093__step056,open_drawer,93,exploration,29,0.05009897175718926,0.03292006316321795,0.037386272825095615,-0.01717890859397131,0.6571005752926233,0.0506396426543867,0.05294716808321556,0.05249914518671675,0.000448022896498812,-0.01762693149047012,0.14865043131571554
google_robot_open_drawer__seed093__step056,open_drawer,93,exploration,30,0.043564340099467025,0.05045439524694936,0.07407322325304909,-0.023618828006099726,0.6811421594897654,0.03735884727530581,0.04319971906765775,0.05721166685706181,-0.01401194778940406,-0.009606880216695667,0.16943845179525852
google_robot_open_drawer__seed093__step056,open_drawer,93,exploration,31,0.03503815806398491,0.05246489011073192,0.03889968462332306,0.01356520548740886,1.3487227626332883,0.036584156427555956,0.04186634200561374,0.04789249881394945,-0.006026156808335709,0.01959136229574457,0.25861988612496134
google_robot_open_drawer__seed093__step101,open_drawer,93,exploration,0,0.004146940574169035,0.004744894922282774,0.0038327305754910124,0.0005979543481137387,1.1441916847900713,0.003985982751876036,0.003913100527673097,0.0045543870429477626,-0.0006412865152746654,0.0012392408633884041,0.8325871303677559
google_robot_open_drawer__seed093__step101,open_drawer,93,exploration,1,0.008192987222402847,0.005107062620470372,0.01430903229942982,-0.009201969678959449,0.35691181021891155,0.006654653015554291,0.004384341767590753,0.00954272384091448,-0.005158382073323727,-0.004043587605635722,0.36959008034318686
google_robot_open_drawer__seed093__step101,open_drawer,93,exploration,2,0.0233742878387567,0.03798927600579218,0.03370610769244833,0.004283168313343855,1.1270739520690334,0.03218623448805381,0.02255627718573366,0.030270519790040657,-0.009629957302320146,0.013913125615664,0.04469173854135988
google_robot_open_drawer__seed093__step101,open_drawer,93,exploration,3,0.032122737161864666,0.03853770141702841,0.04294341953611743,-0.004405718119089019,0.8974064439515906,0.026800251605862493,0.029811794774678553,0.030667882680017185,-0.0008560879053386324,-0.003549630213750387,0.05002044593220489
google_robot_open_drawer__seed093__step101,open_drawer,93,exploration,4,0.03511314127258584,0.04109315705393915,0.05888269578246155,-0.017789538728522403,0.6978817207309131,0.043120811706067186,0.027275507297054996,0.029777105818199014,-0.01584530440901219,-0.001944234319510213,0.024037617518843035
google_robot_open_drawer__seed093__step101,open_drawer,93,exploration,5,0.036759670980697344,0.14982183685011297,0.04188684414768856,0.1079349927024244,3.5768232221519742,0.05951938286537282,0.07558627445190462,0.03329069145720567,0.016066891586531802,0.09186810111589261,0.052721122571256274
google_robot_open_drawer__seed093__step101,open_drawer,93,exploration,6,0.05532320451450688,0.05915311815091932,0.05160238856611473,0.003829913636412441,1.069227978928953,0.08486062385881835,0.055832725124983884,0.04225990279207716,-0.029027898733834462,0.0328578123702469,0.05594879584714363
google_robot_open_drawer__seed093__step101,open_drawer,93,exploration,7,0.046440204456623356,0.08511427214625639,0.06421741658457385,0.02089685556168254,1.3254079138197896,0.03726678720723458,0.054962538188287426,0.06059782196818451,-0.005635283779897082,0.026532139341579622,0.12269119086954561
google_robot_open_drawer__seed093__step101,open_drawer,93,exploration,8,0.06307924036781658,0.08720501903303193,0.0532187804446035,0.024125778665215356,1.3824678059617928,0.04420162642178418,0.03760028447157714,0.049105727038405884,-0.011505442566828741,0.0356312212320441,0.2026835388219297
google_robot_open_drawer__seed093__step101,open_drawer,93,exploration,9,0.07543329819749733,0.10406950120141262,0.07327795589568382,0.028636203003915284,1.3796228414796445,0.05487682049688952,0.05772793877800415,0.07293180861205038,-0.015203869834046237,0.04384007283796152,0.0858316455980912
google_robot_open_drawer__seed093__step101,open_drawer,93,exploration,10,0.07533390915767832,0.12435136384226611,0.1055285566333024,0.018822807208963704,1.1783669540214639,0.053240944244066314,0.06329136311166748,0.05224477645372746,0.01005041886760117,0.008772388341362534,0.1432282228920485
google_robot_open_drawer__seed093__step101,open_drawer,93,exploration,11,0.07431325653492243,0.13167101937459944,0.055708694156509045,0.057357762839677,1.7718375632310308,0.059772362455569036,0.11824312902523888,0.04700743367119547,0.058470766569669846,-0.0011130037299928452,0.22280333355956827
google_robot_open_drawer__seed093__step101,open_drawer,93,exploration,12,0.08054643253309236,0.10783958577944235,0.037872041134734725,0.027293153246349983,1.3388499327408032,0.06112297545424342,0.0760853643833371,0.03562542771711197,0.014962388929093684,0.012330764317256299,0.19948030152090723
google_robot_open_drawer__seed093__step101,open_drawer,93,exploration,13,0.04654792164334317,0.05498604286357743,0.03938950386848724,0.008438121220234261,1.1812781521136078,0.04905672461533081,0.04391505242963156,0.025983913147623966,-0.0051416721856992476,0.013579793405933509,0.2017782988118597
google_robot_open_drawer__seed093__step101,open_drawer,93,exploration,14,0.09063682313702402,0.10554243995767827,0.054791906947649904,0.01490561682065425,1.1644543167418837,0.07600784551037737,0.09259288074804317,0.042923546817586665,0.0165850352376658,-0.0016794184170115523,0.36786788648305446
google_robot_open_drawer__seed093__step101,open_drawer,93,exploration,15,0.04550601417775088,0.055327236231261887,0.039054843422460433,0.009821222053511006,1.2158225067822543,0.04119945150517552,0.04630435418777807,0.03691292826299458,0.005104902682602552,0.004716319370908453,0.2753196348867277
google_robot_open_drawer__seed093__step101,open_drawer,93,exploration,16,0.07750232573417029,0.09035940007682447,0.04670903965917386,0.012857074342654179,1.1658927550994198,0.08064131261107953,0.07830513219812613,0.07016783118477703,-0.002336180412953401,0.01519325475560758,0.1851895227305249
google_robot_open_drawer__seed093__step101,open_drawer,93,exploration,17,0.07149023931970318,0.07406253197461013,0.05299806209348427,0.002572292654906952,1.0359810329267987,0.0798031871766047,0.055772500211326015,0.07085883626147065,-0.024030686965278686,0.026602979620185638,0.15120576196000002
google_robot_open_drawer__seed093__step101,open_drawer,93,exploration,18,0.06332715936227971,0.0780831615593049,0.0672294616324409,0.01085369992686401,1.161442612558817,0.08720385057346566,0.06299683362977421,0.060576099350284664,-0.024207016943691456,0.03506071687055547,0.1260095268346504
google_robot_open_drawer__seed093__step101,open_drawer,93,exploration,19,0.12610027790865164,0.08877469338208337,0.07111111222777397,-0.03732558452656827,0.7040007750529518,0.056992014068303225,0.06440915665476202,0.05930585225422866,0.005103304400533359,-0.04242888892710163,0.06057647057194515
google_robot_open_drawer__seed093__step101,open_drawer,93,exploration,20,0.07132140554402239,0.058243526018986615,0.04957640869923867,-0.013077879525035772,0.8166345794045858,0.0726280470175728,0.0631234762492799,0.05644962590694001,-0.009504570768292905,-0.003573308756742867,0.11413076788679177
google_robot_open_drawer__seed093__step101,open_drawer,93,exploration,21,0.05822766244198883,0.1153659262368462,0.042040621494504556,0.057138263794857376,1.9812907027099569,0.0782210623375059,0.0664267421152704,0.07322646349025137,-0.011794320222235505,0.06893258401709287,0.0933376119303091
google_robot_open_drawer__seed093__step101,open_drawer,93,exploration,22,0.07603233752851049,0.0731745792888274,0.052241350622048176,-0.0028577582396830947,0.962413910546792,0.08974712486747823,0.044690448220033326,0.06381805637164446,-0.0450566766474449,0.042198918407761805,0.08032501737493902
google_robot_open_drawer__seed093__step101,open_drawer,93,exploration,23,0.06139731588576982,0.05669685119715744,0.0934539356051092,-0.03675708440795176,0.6066823278233109,0.06063197605323265,0.053002894179685914,0.12570591012561466,-0.07270301594592875,0.03594593153797699,0.04605674560797013
google_robot_open_drawer__seed093__step101,open_drawer,93,exploration,24,0.11301972521184915,0.08766269067849969,0.06410394747719127,-0.025357034533349462,0.7756406283432461,0.07177917454623568,0.084434014876924,0.06142947427934052,0.01265484033068831,-0.03801187486403777,0.08695897664679109
google_robot_open_drawer__seed093__step101,open_drawer,93,exploration,25,0.05593115668673148,0.04855931356943797,0.04435633868553773,-0.007371843117293511,0.868197914114615,0.053210798855386446,0.04962323167832627,0.04263688142747532,-0.003587567177060179,-0.0037842759402333323,0.09305253060427532
google_robot_open_drawer__seed093__step101,open_drawer,93,exploration,26,0.0725220079298685,0.055728340622999445,0.04831037359828536,-0.016793667306869056,0.7684335033427485,0.09429144476392289,0.05996372015794251,0.04318887062939527,-0.034327724605980374,0.017534057299111318,0.13084084862455825
google_robot_open_drawer__seed093__step101,open_drawer,93,exploration,27,0.06491563316165337,0.06302999296174161,0.039019212986109504,-0.0018856401999117617,0.9709524484615882,0.055418336542843206,0.046514510914569235,0.03775555659541778,-0.008903825628273972,0.00701818542836221,0.05412258221560151
google_robot_open_drawer__seed093__step101,open_drawer,93,exploration,28,0.06908710927772789,0.06359475946066125,0.05526757639424631,-0.005492349817066644,0.9205010909489992,0.05868984390078433,0.03008252360679776,0.04632230100781429,-0.028607320293986566,0.023114970476919922,0.10562478166877298
google_robot_open_drawer__seed093__step101,open_drawer,93,exploration,29,0.05871274490682096,0.052609230497373385,0.06342780454444844,-0.01081857404707505,0.8294348334334402,0.06610032402013458,0.05855608059006168,0.054174019482690336,-0.0075442434300729,-0.0032743306170021497,0.13102137264733926
google_robot_open_drawer__seed093__step101,open_drawer,93,exploration,30,0.05074649290378777,0.05410679566320238,0.06581656676528413,-0.011709771102081754,0.8220847473882786,0.03815415435130809,0.032632514857998285,0.03143404421808947,-0.0055216394933098045,-0.006188131608771949,0.1399108821850632
google_robot_open_drawer__seed093__step101,open_drawer,93,exploration,31,0.03864894211311267,0.040652266914754084,0.06549797694199029,-0.024845710027236206,0.6206644664881581,0.035508802922335575,0.041430776650574964,0.035510200215275435,0.005920576435299529,-0.030766286462535736,0.24026354594116128
google_robot_open_drawer__seed095__step011,open_drawer,95,exploration,0,0.0038252855702003343,0.0035734468670562845,0.003658892104760038,-0.0002518387031440498,0.9341647313586419,0.004225133969827277,0.0036519060075881505,0.004874483497907564,-0.0012225774903194134,0.0009707387871753636,0.8169498145580292
google_robot_open_drawer__seed095__step011,open_drawer,95,exploration,1,0.0062107990170513355,0.0034121203592253927,0.01204010228777087,-0.008627981928545476,0.28339629329321253,0.006516068537632119,0.0032564275506168365,0.010063041021982546,-0.00680661347136571,-0.0018213684571797666,0.338479412952438
google_robot_open_drawer__seed095__step011,open_drawer,95,exploration,2,0.034454560556444795,0.027919433579321872,0.04244961405254387,-0.014530180473221996,0.6577075952861049,0.029694207022213214,0.03210861503336026,0.03219458248914072,-8.596745578046128e-05,-0.014444213017441535,0.017115236723157068
google_robot_open_drawer__seed095__step011,open_drawer,95,exploration,3,0.022123436295405408,0.03390494590911781,0.026119450328847604,0.007785495580270203,1.2980727190752372,0.02559043269080922,0.0348275397887319,0.03133251401513806,0.0034950257735938337,0.00429046980667637,0.03086112451273948
google_robot_open_drawer__seed095__step011,open_drawer,95,exploration,4,0.024472092127338006,0.04590211943556111,0.032345159208780866,0.013556960226780247,1.4191341319198048,0.05182936240663579,0.036281663268069614,0.02816477758688129,-0.015547699138566178,0.029104659365346425,0.030069457639001484
google_robot_open_drawer__seed095__step011,open_drawer,95,exploration,5,0.036467173249534315,0.11858570231529081,0.03093661723231021,0.0821185290657565,3.2518479429113727,0.06634854170298188,0.10726653967152165,0.0342128791989657,0.040917997968539774,0.04120053109721672,0.07751286213351705
google_robot_open_drawer__seed095__step011,open_drawer,95,exploration,6,0.030048712903261977,0.09879834045507235,0.04173766604795259,0.05706067440711976,2.3671266223071146,0.04938321915219643,0.17981833834385497,0.03714947564703365,0.13043511919165854,-0.07337444478453878,0.056032129997447555
google_robot_open_drawer__seed095__step011,open_drawer,95,exploration,7,0.05264546299139409,0.14897660522003073,0.04624550330863293,0.09633114222863665,2.829809004517328,0.045643210488949884,0.13334063828694984,0.05286289276783203,0.08047774551911781,0.01585339670951884,0.07861754273085353
google_robot_open_drawer__seed095__step011,open_drawer,95,exploration,8,0.06385896892235961,0.16914330101954958,0.05248362577484777,0.10528433209718997,2.648700783521822,0.04826687479597143,0.11460364004625244,0.05317110744621914,0.0614325326000333,0.043851799497156674,0.24070923086947005
google_robot_open_drawer__seed095__step011,open_drawer,95,exploration,9,0.056989814660576975,0.17954321901747275,0.07059411639308122,0.10894910262439153,2.5433170381755694,0.04581673714521167,0.1249649473123323,0.061861020733880216,0.0631039265784521,0.045845176045939434,0.15152584812040004
google_robot_open_drawer__seed095__step011,open_drawer,95,exploration,10,0.07882968880744157,0.20962744527001478,0.03691611197600696,0.13079775646257322,2.6592448662593964,0.05786833064116707,0.14812809770478144,0.044471468724480684,0.09025976706361437,0.04053798939895885,0.25232758272431965
google_robot_open_drawer__seed095__step011,open_drawer,95,exploration,11,0.06289568866564269,0.42358297114773874,0.07343818464125412,0.3501447865064846,5.767884557835186,0.07463210461529331,0.2314176745601329,0.058536914691987026,0.1567855699448396,0.193359216561645,0.2519248378573593
google_robot_open_drawer__seed095__step011,open_drawer,95,exploration,12,0.06008907222585477,0.3152517340876511,0.05388034662580524,0.25516266186179637,5.246407082185011,0.07024129399299164,0.12730359505242375,0.03991247503997506,0.05706230105943211,0.19810036080236426,0.23509147615845905
google_robot_open_drawer__seed095__step011,open_drawer,95,exploration,13,0.03611106085259854,0.16672617172362042,0.043749990264035095,0.12297618145958533,3.810884773171676,0.054312659678403416,0.11253268325985721,0.04611738868215573,0.0582200235814538,0.06475615787813153,0.19411885931458528
google_robot_open_drawer__seed095__step011,open_drawer,95,exploration,14,0.0663853620984067,0.3905156890336191,0.06759117227416503,0.3229245167594541,5.777613790297932,0.09179732450828604,0.16908516262419587,0.07024665878668532,0.07728783811590983,0.24563667864354427,0.42322696156043094
google_robot_open_drawer__seed095__step011,open_drawer,95,exploration,15,0.04703592951260727,0.20751302725073514,0.06321605734679601,0.14429696990393914,3.282599958936739,0.058925099373742004,0.09955715884226868,0.05059414094338664,0.040632059468526674,0.10366491043541247,0.28109311823709504
google_robot_open_drawer__seed095__step011,open_drawer,95,exploration,16,0.03607186826811169,0.23376390496297056,0.05154489117340123,0.18221901378956934,4.53515178015547,0.06858021350622612,0.08650582375662788,0.04047433345848425,0.017925610250401763,0.16429340353916758,0.22554445788870225
google_robot_open_drawer__seed095__step011,open_drawer,95,exploration,17,0.06421241528688569,0.16626726245222515,0.05402880315305858,0.10205484716533945,2.5893320117205194,0.05428577335857937,0.06890721649409745,0.04953204155203556,0.01462144313551808,0.08743340402982137,0.20668924790834353
google_robot_open_drawer__seed095__step011,open_drawer,95,exploration,18,0.05173057952661165,0.2123519245956168,0.06662345270085113,0.14572847189476568,3.187344936160956,0.07610956308073714,0.0724899458839399,0.0554471051183261,-0.0036196171967972507,0.14934808909156294,0.0921995882102351
google_robot_open_drawer__seed095__step011,open_drawer,95,exploration,19,0.05580125200261027,0.18965695041935238,0.055318865389781084,0.1338556984167421,3.3987938193659275,0.07340660509868036,0.0942185417153862,0.06621201319860132,0.020811936616705842,0.11304376180003627,0.07404898838736074
google_robot_open_drawer__seed095__step011,open_drawer,95,exploration,20,0.08469873241462253,0.16124685308780878,0.05649844970289993,0.07654812067318625,1.9037693775446733,0.07822318974477895,0.08566083062755088,0.06621410554221176,0.007437640882771934,0.06911047979041432,0.13641436884404357
google_robot_open_drawer__seed095__step011,open_drawer,95,exploration,21,0.07708467195006959,0.27985550666143866,0.10249168054472464,0.17736382611671403,2.730519249699659,0.07563844553487212,0.0607935808295902,0.06933676831014868,-0.014844864705281915,0.19220869082199593,0.08120513695862996
google_robot_open_drawer__seed095__step011,open_drawer,95,exploration,22,0.05493431872198012,0.1604777634626589,0.055936942632971075,0.10454082082968782,2.8689048043907217,0.05500355247737454,0.08227519259360838,0.038083809950492535,0.027271640116233842,0.07726918071345398,0.07852479683916158
google_robot_open_drawer__seed095__step011,open_drawer,95,exploration,23,0.04540845360460597,0.12404690778232738,0.07730447555404962,0.04674243222827776,1.6046536360704815,0.08686703386016217,0.09906029049512637,0.14293760307520956,-0.04387731258008319,0.09061974480836095,0.06057535124688229
google_robot_open_drawer__seed095__step011,open_drawer,95,exploration,24,0.053000284988282124,0.16630929624162702,0.06702698347782428,0.09928231276380274,2.4812290157239443,0.07241033465149915,0.05316195281599891,0.046837251461247384,-0.01924838183550024,0.11853069459930299,0.12022800414294466
google_robot_open_drawer__seed095__step011,open_drawer,95,exploration,25,0.056740401252582236,0.1415345457958698,0.04582319728223826,0.08479414454328757,2.494422715937854,0.053734629715070675,0.061202764960068934,0.03611319306502971,0.0074681352449982585,0.07732600929828931,0.06887422355556794
google_robot_open_drawer__seed095__step011,open_drawer,95,exploration,26,0.043737225045956896,0.1365991402188218,0.07214854983384723,0.06445059038497457,1.8933040308280555,0.05736071960040699,0.06992664348399806,0.04098358266386715,0.012565923883591068,0.0518846665013835,0.10966181759449967
google_robot_open_drawer__seed095__step011,open_drawer,95,exploration,27,0.054569030603558395,0.11444382844400258,0.04652470490626226,0.05987479784044419,2.0972303736790185,0.046164702027504015,0.05880400800227476,0.06534114307667588,-0.006537135074401117,0.0664119329148453,0.07416697938204919
google_robot_open_drawer__seed095__step011,open_drawer,95,exploration,28,0.03852391639074874,0.1289297769566849,0.04817276441667476,0.08075701254001014,2.6764039497815597,0.05242230080208928,0.039562248551886454,0.033966678270125956,-0.012860052250202827,0.09361706479021296,0.15633184510835463
google_robot_open_drawer__seed095__step011,open_drawer,95,exploration,29,0.06331483034912098,0.147082904747979,0.06929163987107778,0.07779126487690122,2.1226645093352907,0.04458924873545978,0.039573582401921166,0.04273339504111624,-0.005015666333538615,0.08280693121043983,0.1608440946187102
google_robot_open_drawer__seed095__step011,open_drawer,95,exploration,30,0.047293801723664174,0.07742504436459027,0.04333847303220334,0.0301312426409261,1.6371076450352156,0.038854541515601776,0.03976375512469312,0.059467021204978966,-0.019703266080285844,0.049834508721211944,0.112990697655448
google_robot_open_drawer__seed095__step011,open_drawer,95,exploration,31,0.041681347153085614,0.0958797406634003,0.03482780988088873,0.054198393510314684,2.3003033062068976,0.03636547907575469,0.03757676001760509,0.05609275932630967,-0.01851599930870458,0.07271439281901926,0.2713697544668321
google_robot_open_drawer__seed095__step056,open_drawer,95,exploration,0,0.0032887202721497387,0.003529195604805788,0.003054176804017383,0.00024047533265604938,1.0731212486183441,0.0034228106712640757,0.003252791072880708,0.003655178487379814,-0.00040238741449910576,0.0006428627471551551,0.8033538572490215
google_robot_open_drawer__seed095__step056,open_drawer,95,exploration,1,0.010531904618702926,0.003560398555439268,0.01731480629636264,-0.013754407740923373,0.20562739741346162,0.006718758203416918,0.003404457966157823,0.011317332059140147,-0.007912874092982324,-0.005841533647941049,0.33021460846066475
google_robot_open_drawer__seed095__step056,open_drawer,95,exploration,2,0.0221360465411101,0.030602819170475495,0.026020408070033845,0.0045824111004416496,1.1761083488048345,0.02761090271088264,0.029018391278626217,0.029769453235146383,-0.0007510619565201659,0.0053334730569618155,0.0423097205070917
google_robot_open_drawer__seed095__step056,open_drawer,95,exploration,3,0.030865936993526116,0.03272933253829098,0.025196565350720634,0.0018633955447648655,1.0603706132477266,0.022070380918840962,0.04240782746187722,0.03571942561901631,0.00668840184286091,-0.004825006298096044,0.03448317612253504
google_robot_open_drawer__seed095__step056,open_drawer,95,exploration,4,0.017016932048948344,0.04940066694905261,0.04277374641881699,0.006626920530235621,1.1549296258819244,0.045045238173648666,0.05371607261225439,0.03156981645267072,0.008670834438605723,-0.0020439139083701027,0.02400884130452141
google_robot_open_drawer__seed095__step056,open_drawer,95,exploration,5,0.04410714612109177,0.09184319785634883,0.02726048392787466,0.04773605173525706,2.082274777066793,0.07583266924030656,0.19026198965315663,0.03477361027551059,0.11442932041285007,-0.06669326867759301,0.06002861750607735
google_robot_open_drawer__seed095__step056,open_drawer,95,exploration,6,0.04245810187380041,0.08093999840248992,0.05352324274753044,0.027416755654959477,1.512240182910526,0.04652858445838784,0.10426716071060393,0.04629491460170495,0.057738576252216095,-0.03032182059725662,0.03460160455495043
google_robot_open_drawer__seed095__step056,open_drawer,95,exploration,7,0.03511139854883467,0.09983869370541665,0.06415488511109155,0.0356838085943251,1.556213428370022,0.037550767675187426,0.11621403970299102,0.06722022321514613,0.048993816487844885,-0.013310007893519785,0.08899747267696512
google_robot_open_drawer__seed095__step056,open_drawer,95,exploration,8,0.06511443464152579,0.0931964806886267,0.06399220155701305,0.028082046047100906,1.4312722087153313,0.044283522318082455,0.07556826527623181,0.05210338610850151,0.023464879167730303,0.004617166879370603,0.1559900633756115
google_robot_open_drawer__seed095__step056,open_drawer,95,exploration,9,0.05083494059505908,0.12258968375111826,0.07954994701365153,0.04303973673746672,1.5410404199273784,0.056438087424012996,0.08216148086868079,0.05811582748435659,0.024045653384324198,0.018994083353142524,0.10623377224965225
google_robot_open_drawer__seed095__step056,open_drawer,95,exploration,10,0.06480720692059763,0.09182313340094049,0.0472434056662602,0.02701592648034286,1.416866082709644,0.04235825662403434,0.1404656470086371,0.066197465538591,0.07426818147004609,-0.04725225498970323,0.14927214959971025
google_robot_open_drawer__seed095__step056,open_drawer,95,exploration,11,0.06016065904915282,0.14485450716980042,0.03656100770058401,0.08469384812064759,2.4077945531057185,0.07207562656996772,0.2683978244761198,0.05947507209726433,0.1963221979061521,-0.11162834978550451,0.26944088980053493
google_robot_open_drawer__seed095__step056,open_drawer,95,exploration,12,0.045076524670601206,0.11085246971144655,0.03291332616881273,0.06577594504084534,2.4592062170166424,0.06961565146104072,0.1971092486112584,0.0462690583231608,0.12749359715021769,-0.06171765210937234,0.22358367708147853
google_robot_open_drawer__seed095__step056,open_drawer,95,exploration,13,0.03747838290175205,0.09132229636977196,0.03829987907708829,0.05302241729268367,2.3844016892576216,0.06497924829140869,0.10720751515716978,0.04059514471214021,0.04222826686576109,0.010794150426922583,0.24222100069709995
google_robot_open_drawer__seed095__step056,open_drawer,95,exploration,14,0.04892601805475873,0.08026642550175542,0.03844083486833743,0.03134040744699669,1.6405673033092545,0.0743712898043409,0.17080471615174334,0.058341815977325844,0.09643342634740243,-0.06509301890040574,0.25905858344913213
google_robot_open_drawer__seed095__step056,open_drawer,95,exploration,15,0.04526875810080519,0.058656442280190554,0.04975617444890864,0.008900267831281915,1.1788776554841653,0.043122152617456076,0.0915336536606509,0.04551615634868673,0.046017497311964174,-0.03711722948068226,0.22162883963028435
google_robot_open_drawer__seed095__step056,open_drawer,95,exploration,16,0.05475522370873223,0.07649558935530701,0.048074965515471565,0.021740365646574777,1.397046421766471,0.05401670571662254,0.11557836062894127,0.05906731320774987,0.056511047421191396,-0.03477068177461662,0.14947911539024972
google_robot_open_drawer__seed095__step056,open_drawer,95,exploration,17,0.09066106658337804,0.06310143439064257,0.059905266275984595,-0.027559632192735467,0.6960146926201252,0.05609637437886901,0.1206405948823144,0.04852354142457047,0.0645442205034454,-0.09210385269618086,0.15938274415611886
google_robot_open_drawer__seed095__step056,open_drawer,95,exploration,18,0.049305519938643974,0.047712244701793576,0.048242677503711154,-0.0015932752368503986,0.9676856619941727,0.07535266468317103,0.09352008361963388,0.04721826444428369,0.018167418936462842,-0.01976069417331324,0.11392210920962498
google_robot_open_drawer__seed095__step056,open_drawer,95,exploration,19,0.09566772153412925,0.055998424749914025,0.07569030951959169,-0.03966929678421523,0.5853429333522562,0.04690465823537852,0.1103356266407476,0.04531795883951005,0.06343096840536908,-0.1031002651895843,0.10719250616358522
google_robot_open_drawer__seed095__step056,open_drawer,95,exploration,20,0.08328983045680993,0.07183306675231588,0.06596628310844166,-0.011456763704494055,0.8624470281466718,0.06330047251740359,0.0782912607300697,0.04908097292973788,0.014990788212666112,-0.026447551917160167,0.1176622887682015
google_robot_open_drawer__seed095__step056,open_drawer,95,exploration,21,0.10143436648447977,0.09498268326544737,0.05859377759529868,-0.006451683219032403,0.9363954895896199,0.05737975324032199,0.08410572505870018,0.0940192141734729,-0.00991348911477273,0.0034618058957403275,0.0659745714204405
google_robot_open_drawer__seed095__step056,open_drawer,95,exploration,22,0.08043135360127449,0.08374931655755102,0.06138546559928897,0.003317962956276538,1.0412521088818771,0.06855063308621918,0.07111933540867683,0.0590813188815588,0.00256870232245765,0.0007492606338188879,0.08675148963953916
google_robot_open_drawer__seed095__step056,open_drawer,95,exploration,23,0.07694666250347938,0.07236200579017024,0.16215519958085675,-0.08979319379068651,0.4462515292584731,0.042434965949406954,0.04156402299565702,0.17623284690789642,-0.1346688239122394,0.04487563012155288,0.05322079584759365
google_robot_open_drawer__seed095__step056,open_drawer,95,exploration,24,0.07898492611908613,0.07899148270449725,0.05484941619843752,6.556585411127136e-06,1.0000830105911758,0.09398142474299362,0.07009160619418972,0.05907384923862583,-0.0238898185488039,0.023896375134215025,0.08560047219927469
google_robot_open_drawer__seed095__step056,open_drawer,95,exploration,25,0.06865624295804693,0.05082401760996085,0.05466649166354654,-0.017832225348086074,0.7402679701104147,0.056441769928863975,0.07042039027909006,0.04976790530828021,0.013978620350226081,-0.031810845698312155,0.11773636272374688
google_robot_open_drawer__seed095__step056,open_drawer,95,exploration,26,0.07577795575340171,0.06062735038145535,0.053331602280604865,-0.01515060537194636,0.8000657945794976,0.05251588929003345,0.10598045212499514,0.07650586400492261,0.02947458812007253,-0.04462519349201889,0.1414637686307998
google_robot_open_drawer__seed095__step056,open_drawer,95,exploration,27,0.058454797441059816,0.04062370392559291,0.039585546277558004,-0.017831093515466905,0.6949592797161591,0.03315720426715746,0.07253382826402106,0.061178904818882274,0.01135492344513879,-0.029186016960605694,0.07681689306758699
google_robot_open_drawer__seed095__step056,open_drawer,95,exploration,28,0.05376286210206646,0.08143953753025475,0.028158106149681915,0.027676675428188288,1.5147917046463286,0.04467823791164357,0.05335951042859224,0.05275697543294522,0.000602534995647018,0.02707414043254127,0.10468175213785003
google_robot_open_drawer__seed095__step056,open_drawer,95,exploration,29,0.053428896979435175,0.04446053017235433,0.052921472140775215,-0.008968366807080845,0.832143890027661,0.05593403255218806,0.0708158544579682,0.05971675975815841,0.01109909469980979,-0.020067461506890635,0.12661248283936288
google_robot_open_drawer__seed095__step056,open_drawer,95,exploration,30,0.046645329035121405,0.047753736352447194,0.04491923846233779,0.0011084073173257894,1.0237624503943625,0.03627467979461814,0.044551451461599355,0.05057088611255242,-0.006019434650953066,0.007127841968278856,0.1864135170226291
google_robot_open_drawer__seed095__step056,open_drawer,95,exploration,31,0.051925618412692165,0.052866014057507335,0.04547939267178964,0.0009403956448151701,1.018110437074454,0.0506935575491096,0.05428706744433442,0.05602024604073446,-0.0017331785964000423,0.0026735742412152125,0.2567276472013873
google_robot_open_drawer__seed095__step101,open_drawer,95,exploration,0,0.003455235933755855,0.0036883081318496995,0.003110290340819867,0.00023307219809384468,1.067454785306222,0.0035491782400077624,0.003386438526978311,0.003482850730785691,-0.0001627397130294513,0.000395811911123296,0.8094980120658875
google_robot_open_drawer__seed095__step101,open_drawer,95,exploration,1,0.012184407570727402,0.004074425314866108,0.019740036950192705,-0.015665611635326596,0.2064041382063539,0.006752976305831844,0.0034322497572287633,0.009722186949068934,-0.00628993719184017,-0.009375674443486425,0.3297591565642506
google_robot_open_drawer__seed095__step101,open_drawer,95,exploration,2,0.026173449835880044,0.03572817834449114,0.031063385830562493,0.004664792513928651,1.15017012438287,0.02149985757457549,0.02760193374462422,0.03744729734781978,-0.009845363603195559,0.01451015611712421,0.045562547442841606
google_robot_open_drawer__seed095__step101,open_drawer,95,exploration,3,0.022691348266734374,0.03385779265287804,0.045834449901263084,-0.011976657248385043,0.7386974802973474,0.026600251184848666,0.026504692198067177,0.030372035373391653,-0.003867343175324476,-0.008109314073060567,0.04399254652525997
google_robot_open_drawer__seed095__step101,open_drawer,95,exploration,4,0.02645056903151395,0.05784431229816742,0.06235272244338177,-0.004508410145214345,0.9276950553472926,0.03347074673141437,0.045530887999633105,0.03443412617979495,0.011096761819838152,-0.015605171965052497,0.027788373157591195
google_robot_open_drawer__seed095__step101,open_drawer,95,exploration,5,0.0496471711682871,0.07227063593466862,0.028327615333451798,0.022623464766381517,1.4556848705376513,0.08829208725478568,0.18424216734098586,0.0395309195326886,0.09595008008620018,-0.07332661531981866,0.06499516041549214
google_robot_open_drawer__seed095__step101,open_drawer,95,exploration,6,0.044777062006847154,0.10345801110409342,0.04416478875684442,0.05868094909724626,2.310513608245958,0.03723669937422158,0.12796455420994607,0.0436408182739626,0.08432373593598347,-0.025642786838737205,0.03861503902055574
google_robot_open_drawer__seed095__step101,open_drawer,95,exploration,7,0.05852634812194495,0.09380243732771118,0.05503230822946547,0.03527608920576623,1.602738601292281,0.035360425938621196,0.08210880373459907,0.06005445764916583,0.02205434608543324,0.013221743120332988,0.09687147579893463
google_robot_open_drawer__seed095__step101,open_drawer,95,exploration,8,0.07739709987190886,0.09808840319838391,0.0589150052682244,0.02069130332647505,1.267339517381386,0.05583395721401994,0.1061236305930394,0.057375423282409556,0.04874820731062985,-0.0280569039841548,0.1571239803570279
google_robot_open_drawer__seed095__step101,open_drawer,95,exploration,9,0.043962524393179825,0.0987682274629357,0.0893838932517183,0.009384334211217399,1.104989096690941,0.06014894244001316,0.13201257986705994,0.07653531062745167,0.05547726923960827,-0.046092935028390875,0.10165213810114437
google_robot_open_drawer__seed095__step101,open_drawer,95,exploration,10,0.060400262057563776,0.0860123022249229,0.04688969726502656,0.025612040167359122,1.4240385603451498,0.06510519917999515,0.1511935366069781,0.05906287728350662,0.08608833742698295,-0.06047629725962383,0.15528561979272126
google_robot_open_drawer__seed095__step101,open_drawer,95,exploration,11,0.06927638484566541,0.11403519103895822,0.04324608271427412,0.04475880619329281,1.6460903855333517,0.10189849605926696,0.2895268490090648,0.059385110437772226,0.18762835294979782,-0.142869546756505,0.25919379804872733
google_robot_open_drawer__seed095__step101,open_drawer,95,exploration,12,0.032713894690671,0.09655798854337759,0.03951069211414047,0.05704729642923712,2.4438445235136865,0.07651721105930984,0.19759790214792844,0.05078921993463544,0.1210806910886186,-0.06403339465938149,0.2148309961510222
google_robot_open_drawer__seed095__step101,open_drawer,95,exploration,13,0.04702715330085265,0.0770721170147552,0.03203262424603187,0.030044963713902556,1.6388854439411242,0.07350871085360942,0.12357597204158846,0.04856192670409153,0.05006726118797904,-0.02002229747407648,0.20657235944918284
google_robot_open_drawer__seed095__step101,open_drawer,95,exploration,14,0.057518874051242834,0.09345800347065426,0.04518624421595619,0.03593912941941143,1.6248232430174783,0.09093342505833367,0.1660605821083288,0.07671356293779238,0.07512715704999513,-0.039188027630583704,0.34515024722577436
google_robot_open_drawer__seed095__step101,open_drawer,95,exploration,15,0.04682336012775824,0.05495041112339048,0.04211097470506364,0.00812705099563224,1.1735682995294967,0.06594494044554448,0.1271233441110517,0.046459507960971855,0.06117840366550721,-0.05305135266987497,0.24429017354123062
google_robot_open_drawer__seed095__step101,open_drawer,95,exploration,16,0.048102338148940625,0.06792853252956411,0.051407551479160124,0.01652098105040399,1.321372650029857,0.04229493595200608,0.06648656440999642,0.04502454330179818,0.021462021108198247,-0.004941040057794256,0.14722012698825893
google_robot_open_drawer__seed095__step101,open_drawer,95,exploration,17,0.08694725532689361,0.05129670940428472,0.07251535950370591,-0.03565054592260889,0.5899750280952015,0.056527636728520105,0.07198653604935472,0.043794137337633356,0.015458899320834614,-0.051109445243443505,0.17655797768861703
google_robot_open_drawer__seed095__step101,open_drawer,95,exploration,18,0.04655099172096041,0.07834707902184154,0.043744197539954004,0.03179608730088113,1.6830378070455667,0.07312262542801659,0.10132941618864508,0.060268002258380256,0.028206790760628486,0.003589296540252647,0.08373991044766171
google_robot_open_drawer__seed095__step101,open_drawer,95,exploration,19,0.057139054006056574,0.07093102074649672,0.07141183476014219,-0.0004808140136454697,0.993267026183259,0.059874930749111814,0.06441409009680744,0.06636042881786286,-0.0019463387210554156,0.001465524707409946,0.10628274141083693
google_robot_open_drawer__seed095__step101,open_drawer,95,exploration,20,0.09878766804509972,0.08226045985425225,0.04977832993284361,-0.01652720819084748,0.8326996828865089,0.09392776771592248,0.06810991005740179,0.07459415350959428,-0.025817857658520696,0.009290649467673218,0.11976148677422316
google_robot_open_drawer__seed095__step101,open_drawer,95,exploration,21,0.08755791020854284,0.06486056996272077,0.046987385024070266,-0.022697340245822067,0.7407733899568615,0.06330714725880629,0.08229383190013836,0.05106948374947669,0.018986684641332074,-0.04168402488715414,0.11640471891769266
google_robot_open_drawer__seed095__step101,open_drawer,95,exploration,22,0.08997488415650576,0.05799566441968306,0.04411732594212385,-0.031979219736822696,0.644576149926497,0.0845936246425289,0.07092168349904858,0.05205106536097679,-0.013671941143480318,-0.01830727859334238,0.10339328291337324
google_robot_open_drawer__seed095__step101,open_drawer,95,exploration,23,0.05598733195803222,0.044162762696894224,0.1075913840432962,-0.06342862134640198,0.4104674653048663,0.04510771058495731,0.05764689743724922,0.050466011116195295,0.007180886321053924,-0.07060950766745591,0.048764065891390374
google_robot_open_drawer__seed095__step101,open_drawer,95,exploration,24,0.08616432315190979,0.06961517400347927,0.06309002030155218,-0.016549149148430517,0.8079350183108389,0.08234990946116609,0.06350776954110814,0.04858035558071245,-0.018842139920057954,0.0022929907716274373,0.09112473349409811
google_robot_open_drawer__seed095__step101,open_drawer,95,exploration,25,0.03410303043736408,0.03660926571977024,0.03617667625196698,0.0004325894678032585,1.0119576896669642,0.05206282102374077,0.06151040701498858,0.04895654103626622,0.009447585991247814,-0.009014996523444556,0.12054082573695268
google_robot_open_drawer__seed095__step101,open_drawer,95,exploration,26,0.07545375800999136,0.053208792499821835,0.054262527995789324,-0.02224496551016953,0.7051841273800582,0.0694107025127569,0.09201232057919377,0.05908104468375529,0.022601618066436874,-0.044846583576606404,0.11593652780766206
google_robot_open_drawer__seed095__step101,open_drawer,95,exploration,27,0.05053039309216688,0.05196985216699886,0.04098124664583074,0.001439459074831985,1.0284869953852611,0.0440827696944255,0.06254832442173446,0.037076975163459966,0.018465554727308958,-0.017026095652476973,0.1054055493090118
google_robot_open_drawer__seed095__step101,open_drawer,95,exploration,28,0.04230715383568217,0.06560002508721756,0.042911927466764345,0.022688097620453214,1.5287130865427878,0.05262875690753779,0.06638911871740717,0.0397608007497692,0.013760361809869386,0.008927735810583828,0.11254442480546345
google_robot_open_drawer__seed095__step101,open_drawer,95,exploration,29,0.05546298210713321,0.06792188297762708,0.0367615644759092,0.012458900870493866,1.2246345291428442,0.05371539421272852,0.06507767189773672,0.04610065097388319,0.0113622776850082,0.0010966231854856665,0.18312222952215507
google_robot_open_drawer__seed095__step101,open_drawer,95,exploration,30,0.06188324459930582,0.040252323930500926,0.03995164352084526,-0.02163092066880489,0.6504559382937148,0.03231930261078746,0.05367915871568791,0.06575111354502552,-0.012071954829337615,-0.009558965839467276,0.1660906597247731
google_robot_open_drawer__seed095__step101,open_drawer,95,exploration,31,0.058485567312591656,0.042436221689319174,0.03728673158340718,-0.016049345623272482,0.7255845098074797,0.03987903290839132,0.040560151044745876,0.04614943686274949,-0.005589285818003616,-0.010460059805268866,0.21455123249006647
google_robot_open_drawer__seed097__step011,open_drawer,97,exploration,0,0.003942717296821442,0.0038225901988928877,0.0037757216953009168,-0.00012012709792855398,0.9695319017609001,0.0035491782400077624,0.003386438526978311,0.003482850730785691,-0.0001627397130294513,4.261261510089733e-05,0.8146100491285324
google_robot_open_drawer__seed097__step011,open_drawer,97,exploration,1,0.006235504916383732,0.0032457416576923605,0.011900526787880462,-0.008654785130188102,0.27273932621183083,0.006752976305831844,0.0034322497572287633,0.009722186949068934,-0.00628993719184017,-0.0023648479383479313,0.33134496095590293
google_robot_open_drawer__seed097__step011,open_drawer,97,exploration,2,0.03884836506514453,0.02163435056633739,0.04396677246520858,-0.02233242189887119,0.4920613762007867,0.02149985757457549,0.02760193374462422,0.03744729734781978,-0.009845363603195559,-0.012487058295675632,0.013105022795457444
google_robot_open_drawer__seed097__step011,open_drawer,97,exploration,3,0.023115997501595497,0.026481917741692763,0.031717493992531307,-0.005235576250838543,0.834930961062958,0.026600251184848666,0.026504692198067177,0.030372035373391653,-0.003867343175324476,-0.0013682330755140672,0.027338385038092383
google_robot_open_drawer__seed097__step011,open_drawer,97,exploration,4,0.026164224534127603,0.04417557373868135,0.03686820598784086,0.007307367750840489,1.1982024227935164,0.03347074673141437,0.045530887999633105,0.03443412617979495,0.011096761819838152,-0.0037893940689976632,0.03140028782900117
google_robot_open_drawer__seed097__step011,open_drawer,97,exploration,5,0.04252284426956137,0.12363137762718833,0.03363503352189139,0.08110853335762697,2.907410822367918,0.08829208725478568,0.18424216734098586,0.0395309195326886,0.09595008008620018,-0.014841546728573213,0.0786416458495296
google_robot_open_drawer__seed097__step011,open_drawer,97,exploration,6,0.038111717733138456,0.11772421947312352,0.03514777008232535,0.07961250173998506,3.088924521781954,0.03723669937422158,0.12796455420994607,0.0436408182739626,0.08432373593598347,-0.004711234195998407,0.07054090784140499
google_robot_open_drawer__seed097__step011,open_drawer,97,exploration,7,0.050943240458105415,0.16131100614921057,0.04277105829062853,0.11036776569110515,3.166484987971449,0.035360425938621196,0.08210880373459907,0.06005445764916583,0.02205434608543324,0.0883134196056719,0.07003479373145183
google_robot_open_drawer__seed097__step011,open_drawer,97,exploration,8,0.07118346121155968,0.16909377787357238,0.058652150089437693,0.0979103166620127,2.375464398549263,0.05583395721401994,0.1061236305930394,0.057375423282409556,0.04874820731062985,0.049162109351382856,0.23121868716407334
google_robot_open_drawer__seed097__step011,open_drawer,97,exploration,9,0.06025874648473987,0.1513626065881194,0.06320882059106764,0.08815378599705176,2.3946437407425574,0.06014894244001316,0.13201257986705994,0.07653531062745167,0.05547726923960827,0.032676516757443486,0.154635514862548
google_robot_open_drawer__seed097__step011,open_drawer,97,exploration,10,0.07256368441518386,0.23719703393570254,0.04797958300325226,0.16463334952051867,3.2688118836213524,0.06510519917999515,0.1511935366069781,0.05906287728350662,0.08608833742698295,0.07854501209353572,0.21574944026542653
google_robot_open_drawer__seed097__step011,open_drawer,97,exploration,11,0.07025129382808053,0.42355809542579964,0.08027229357554162,0.34328580185025803,5.2765166729315265,0.10189849605926696,0.2895268490090648,0.059385110437772226,0.18762835294979782,0.1556574489004602,0.24077343921021566
google_robot_open_drawer__seed097__step011,open_drawer,97,exploration,12,0.0652988725969218,0.29130305101861387,0.06537913376566634,0.22592391725294753,4.455596674968349,0.07651721105930984,0.19759790214792844,0.05078921993463544,0.1210806910886186,0.10484322616432892,0.22178117253133678
google_robot_open_drawer__seed097__step011,open_drawer,97,exploration,13,0.057873222252658126,0.19862101037542193,0.045201961109888784,0.1407477881227638,3.432001928427257,0.07350871085360942,0.12357597204158846,0.04856192670409153,0.05006726118797904,0.09068052693478477,0.18858607841229968
google_robot_open_drawer__seed097__step011,open_drawer,97,exploration,14,0.06055369886110332,0.3887047758580932,0.0689553653904898,0.3197494104676034,5.637049033920466,0.09093342505833367,0.1660605821083288,0.07671356293779238,0.07512715704999513,0.2446222534176083,0.39605228125037684
google_robot_open_drawer__seed097__step011,open_drawer,97,exploration,15,0.05055280636765227,0.2165268462086346,0.06313213497088324,0.15339471123775136,3.4297405957916287,0.06594494044554448,0.1271233441110517,0.046459507960971855,0.06117840366550721,0.09221630757224415,0.22780477857122605
google_robot_open_drawer__seed097__step011,open_drawer,97,exploration,16,0.03627782561341557,0.19582911724321891,0.03640534469946589,0.15942377254375303,5.379130972658857,0.04229493595200608,0.06648656440999642,0.04502454330179818,0.021462021108198247,0.13796175143555478,0.24263826784454068
google_robot_open_drawer__seed097__step011,open_drawer,97,exploration,17,0.08408194264801175,0.15638886517531947,0.04855176268100009,0.07230692252730772,1.85995780128443,0.056527636728520105,0.07198653604935472,0.043794137337633356,0.015458899320834614,0.05684802320647311,0.19014329823301068
google_robot_open_drawer__seed097__step011,open_drawer,97,exploration,18,0.0902130260471642,0.14245103570307177,0.058129373319332184,0.052238009655907566,1.5790517394749297,0.07312262542801659,0.10132941618864508,0.060268002258380256,0.028206790760628486,0.02403121889527908,0.10778538797171677
google_robot_open_drawer__seed097__step011,open_drawer,97,exploration,19,0.05442050222221017,0.1681314160036797,0.06496133882930555,0.10317007717437415,2.588176583697991,0.059874930749111814,0.06441409009680744,0.06636042881786286,-0.0019463387210554156,0.10511641589542957,0.09529954305639876
google_robot_open_drawer__seed097__step011,open_drawer,97,exploration,20,0.08964912264797786,0.18406795834815154,0.06746678247868867,0.09441883570017368,2.053204235705963,0.09392776771592248,0.06810991005740179,0.07459415350959428,-0.025817857658520696,0.12023669335869437,0.1588162933901458
google_robot_open_drawer__seed097__step011,open_drawer,97,exploration,21,0.06308912068210702,0.21465374182869137,0.09567356292686817,0.1189801789018232,2.2436056028640885,0.06330714725880629,0.08229383190013836,0.05106948374947669,0.018986684641332074,0.09999349426049113,0.08406430838613232
google_robot_open_drawer__seed097__step011,open_drawer,97,exploration,22,0.0706220500623141,0.17941773295865462,0.08974122132174409,0.08967651163691054,1.9992789301963971,0.0845936246425289,0.07092168349904858,0.05205106536097679,-0.013671941143480318,0.10334845278039086,0.06763729603538593
google_robot_open_drawer__seed097__step011,open_drawer,97,exploration,23,0.07432794403693833,0.1192088024133925,0.11026936582712464,0.008939436586267863,1.081069084955859,0.04510771058495731,0.05764689743724922,0.050466011116195295,0.007180886321053924,0.0017585502652139387,0.061402886952691915
google_robot_open_drawer__seed097__step011,open_drawer,97,exploration,24,0.10388136127912578,0.20156640956110228,0.08163756241804225,0.0976850482819765,1.9403520234924532,0.08234990946116609,0.06350776954110814,0.04858035558071245,-0.018842139920057954,0.11652718820203445,0.08379639181563903
google_robot_open_drawer__seed097__step011,open_drawer,97,exploration,25,0.06709753135340031,0.15023020179921953,0.06380979920320737,0.08313267044581922,2.2389825492679067,0.05206282102374077,0.06151040701498858,0.04895654103626622,0.009447585991247814,0.0736850844545714,0.07115948127155036
google_robot_open_drawer__seed097__step011,open_drawer,97,exploration,26,0.06519643258887448,0.1528785113709831,0.06991485855002828,0.08296365282095482,2.186638356159862,0.0694107025127569,0.09201232057919377,0.05908104468375529,0.022601618066436874,0.06036203475451794,0.14573943780362697
google_robot_open_drawer__seed097__step011,open_drawer,97,exploration,27,0.06847533912624988,0.10467105027973382,0.051020612754051065,0.03619571115348394,1.528594843272684,0.0440827696944255,0.06254832442173446,0.037076975163459966,0.018465554727308958,0.01773015642617498,0.08199627628422945
google_robot_open_drawer__seed097__step011,open_drawer,97,exploration,28,0.048795807425430354,0.14366592591564456,0.07477765096359248,0.06888827495205208,1.9212414948096215,0.05262875690753779,0.06638911871740717,0.0397608007497692,0.013760361809869386,0.05512791314218269,0.13788577588985618
google_robot_open_drawer__seed097__step011,open_drawer,97,exploration,29,0.053261147677685236,0.13074409615285162,0.0568903182000842,0.07385377795276743,2.29817832435077,0.05371539421272852,0.06507767189773672,0.04610065097388319,0.0113622776850082,0.06249150026775923,0.1577619619839652
google_robot_open_drawer__seed097__step011,open_drawer,97,exploration,30,0.044431039482149604,0.08347852699363079,0.04729696640802622,0.036181560585604566,1.7649869184731606,0.03231930261078746,0.05367915871568791,0.06575111354502552,-0.012071954829337615,0.04825351541494218,0.11245319434527801
google_robot_open_drawer__seed097__step011,open_drawer,97,exploration,31,0.04179512684729615,0.08167063574265837,0.030997683436582428,0.03987550889536222,1.954070771002861,0.03987903290839132,0.040560151044745876,0.04614943686274949,-0.005589285818003616,0.045464794713365834,0.24705364477904368
google_robot_open_drawer__seed097__step056,open_drawer,97,exploration,0,0.00354997199835555,0.003776147688545665,0.0036641296579793354,0.0001120180305663296,1.0305715247609726,0.0033555289640871105,0.0031011953326735083,0.00323640119370818,-0.0002543336314136022,0.0003663516619799318,0.8045067861676216
google_robot_open_drawer__seed097__step056,open_drawer,97,exploration,1,0.011730422037361705,0.004265465001444032,0.018129318460804136,-0.013863853459360104,0.23527994230263163,0.007740036364570918,0.003176526835422514,0.01232002177997579,-0.009143494944553274,-0.00472035851480683,0.3453639813233167
google_robot_open_drawer__seed097__step056,open_drawer,97,exploration,2,0.020445928197387418,0.024997439798319032,0.030752551510308663,-0.005755111711989631,0.8128574238771556,0.024832702774652753,0.021593810780929184,0.036703148640790356,-0.015109337859861172,0.009354226147871542,0.041788450970670965
google_robot_open_drawer__seed097__step056,open_drawer,97,exploration,3,0.027094147224367433,0.03728450229985312,0.02474298902254715,0.010190355075485685,1.3761090906865994,0.021812952926662948,0.029186391836440197,0.029053969717938288,0.00013242211850190977,0.010057932956983776,0.031010948479320177
google_robot_open_drawer__seed097__step056,open_drawer,97,exploration,4,0.031826808364545316,0.05860529823290106,0.04421318743284208,0.014392110800058977,1.3255162460729613,0.030202804070582966,0.04210433219426967,0.03042218774194039,0.01168214445232928,0.002709966347729697,0.02560592538486617
google_robot_open_drawer__seed097__step056,open_drawer,97,exploration,5,0.03654891133668462,0.10414267998145035,0.02960299447263089,0.06759376864476574,2.8494058009580434,0.05733358202731606,0.12940605065147323,0.034264177209185356,0.07207246862415717,-0.004478699979391432,0.07017674138410257
google_robot_open_drawer__seed097__step056,open_drawer,97,exploration,6,0.04394529837498366,0.110156050627995,0.0475902464419275,0.0625658041860675,2.314677037077631,0.03265594142133516,0.11084295177209333,0.03707374897760115,0.07376920279449217,-0.011203398608424675,0.0590807173414305
google_robot_open_drawer__seed097__step056,open_drawer,97,exploration,7,0.04517062956733444,0.16411214587143116,0.06898813482271535,0.09512401104871582,2.3788459608766646,0.038449119599204204,0.08782424989444028,0.05393036647170219,0.03389388342273809,0.06123012762597773,0.10365867156679087
google_robot_open_drawer__seed097__step056,open_drawer,97,exploration,8,0.058525281290816536,0.14934630589383593,0.04484032394892411,0.0908210246030194,2.5518255119821274,0.05382462417384737,0.08634796326427341,0.05767875483628414,0.02866920842798927,0.06215181617503013,0.22710301739880379
google_robot_open_drawer__seed097__step056,open_drawer,97,exploration,9,0.0531812441420576,0.10057017554383924,0.06790991782067811,0.032660257723161126,1.4809350205577232,0.05174310046160362,0.1001864392482091,0.05890146900866985,0.04128497023953925,-0.00862471251637812,0.10381675276448732
google_robot_open_drawer__seed097__step056,open_drawer,97,exploration,10,0.07115840080383297,0.09533237988534929,0.053875294078227186,0.02417397908151632,1.3397206627529237,0.06439538133936235,0.17175525979233547,0.061185311723630606,0.10735987845297312,-0.0831858993714568,0.1798538054790697
google_robot_open_drawer__seed097__step056,open_drawer,97,exploration,11,0.06270123081598876,0.1682993051414315,0.03294443309305285,0.10559807432544273,2.684146753599537,0.07931452194730153,0.2459878349457072,0.06444596302621379,0.16667331299840565,-0.061075238672962925,0.27407506075905985
google_robot_open_drawer__seed097__step056,open_drawer,97,exploration,12,0.059334624814428034,0.10830991624519376,0.036395104204151374,0.048975291430765726,1.8254082937903182,0.0752735268547686,0.1976830860023215,0.04307447413270037,0.12240955914755292,-0.07343426771678718,0.22079106497767498
google_robot_open_drawer__seed097__step056,open_drawer,97,exploration,13,0.06212427147388741,0.10265755289678141,0.0355857213047178,0.040533281422894,1.6524548370749312,0.04971330494962072,0.11898120731622935,0.05137333077020883,0.06760787654602052,-0.027074595123126516,0.1855110783199052
google_robot_open_drawer__seed097__step056,open_drawer,97,exploration,14,0.049585507602009846,0.08825465956654925,0.036008113179462814,0.038669151964539406,1.7798478594776357,0.05539607085990483,0.1553141567253915,0.04562182167271359,0.09991808586548667,-0.06124893390094727,0.3417559772383356
google_robot_open_drawer__seed097__step056,open_drawer,97,exploration,15,0.04227869109444202,0.06569049447293114,0.04699557424279912,0.01869492023013202,1.3978017192330945,0.04001265800049159,0.10792765690645875,0.05375562450146892,0.054172032404989835,-0.035477112174857814,0.22350186249377657
google_robot_open_drawer__seed097__step056,open_drawer,97,exploration,16,0.06004905127358856,0.07420222010607065,0.049593412009764005,0.014153168832482091,1.2356934627992548,0.05770436312934579,0.07700257861185113,0.03335932427115587,0.019298215482505335,-0.005145046650023244,0.1859836089312239
google_robot_open_drawer__seed097__step056,open_drawer,97,exploration,17,0.06798967422245414,0.08420765017294225,0.03307545498703345,0.016217975950488114,1.2385358679234852,0.07412633089286051,0.074527863636654,0.05992412889663232,0.00040153274379348125,0.015816443206694633,0.1453681729173013
google_robot_open_drawer__seed097__step056,open_drawer,97,exploration,18,0.07351205120322662,0.06002268661134525,0.06497829452247776,-0.013489364591881374,0.8165013168440973,0.07603790740500299,0.07501090392721696,0.05254228597367229,-0.0010270034777860315,-0.012462361114095342,0.0778863238783174
google_robot_open_drawer__seed097__step056,open_drawer,97,exploration,19,0.06427795347850651,0.08387547563170192,0.05853204144697607,0.019597522153195407,1.3048871517004426,0.08131018474822153,0.07547189749343526,0.06897749403191089,-0.005838287254786273,0.02543580940798168,0.10973628078363618
google_robot_open_drawer__seed097__step056,open_drawer,97,exploration,20,0.09979943073724963,0.07272219480908562,0.05756807807303564,-0.02707723592816401,0.7286834631406613,0.07455424644248348,0.058933589262964894,0.051035185128363185,-0.01562065717951859,-0.011456578748645418,0.08430943698681403
google_robot_open_drawer__seed097__step056,open_drawer,97,exploration,21,0.0932908344035984,0.10994836001003852,0.054918183446613644,0.016657525606440127,1.1785547927932094,0.051450831747992164,0.10265404777004727,0.07884905936554493,0.023804988404502347,-0.007147462798062221,0.09174188211204637
google_robot_open_drawer__seed097__step056,open_drawer,97,exploration,22,0.07404877242651516,0.07431753916807704,0.0556426372684011,0.00026876674156188496,1.0036295907785453,0.08655959732976956,0.06402849716083497,0.05440648706347746,-0.022531100168934587,0.022799866910496472,0.08286378226233637
google_robot_open_drawer__seed097__step056,open_drawer,97,exploration,23,0.05083241592850122,0.07148040794243035,0.1452084998324926,-0.07372809189006224,0.4922604945639383,0.05279943937945774,0.04224762303568881,0.11920092297894232,-0.0769532999432535,0.003225208053191264,0.05242320621184149
google_robot_open_drawer__seed097__step056,open_drawer,97,exploration,24,0.11697291181526977,0.08195193867617985,0.04223067649752162,-0.03502097313908992,0.7006061267039585,0.047744419295621954,0.06630525500012747,0.051702859160540335,0.01460239583958714,-0.04962336897867706,0.10351572701145528
google_robot_open_drawer__seed097__step056,open_drawer,97,exploration,25,0.07206958737557002,0.07503698909278891,0.05081469771839673,0.00296740171721889,1.041174118310892,0.06053452482565269,0.04669934274196386,0.05018256263213131,-0.013835182083688828,0.016802583800907718,0.08317216947111206
google_robot_open_drawer__seed097__step056,open_drawer,97,exploration,26,0.06060273924868053,0.06426728175558777,0.0419262477249542,0.003664542506907238,1.0604682651698294,0.0672926773256981,0.08394785175701452,0.04139739217278656,0.016655174431316422,-0.012990631924409184,0.13123149517389265
google_robot_open_drawer__seed097__step056,open_drawer,97,exploration,27,0.04812594070684822,0.06020867590196163,0.04280810629062102,0.012082735195113409,1.2510649146312491,0.0513564907787984,0.045979557252280416,0.03347639317891465,-0.005376933526517982,0.01745966872163139,0.06398773235633826
google_robot_open_drawer__seed097__step056,open_drawer,97,exploration,28,0.0640374576285058,0.059169082525068376,0.05656663604800236,-0.0048683751034374195,0.9239761339108769,0.07176697738642389,0.046370574081525555,0.04104307697301246,-0.025396403304898334,0.020528028201460914,0.09254578706465111
google_robot_open_drawer__seed097__step056,open_drawer,97,exploration,29,0.06654053212244111,0.03502874681778469,0.05486163078960658,-0.031511785304656426,0.5264272121137888,0.046714526763210834,0.05255823325406584,0.03406004216170578,0.0058437064908550065,-0.03735549179551143,0.13993917922402943
google_robot_open_drawer__seed097__step056,open_drawer,97,exploration,30,0.07881339024207482,0.06302474341988161,0.053567052581584985,-0.015788646822193206,0.7996705030236806,0.04900466622030415,0.05110465598161013,0.04029955534908543,0.00209998976130598,-0.017888636583499186,0.19867118596266664
google_robot_open_drawer__seed097__step056,open_drawer,97,exploration,31,0.04825657135331092,0.04927274843050013,0.05751634825387174,-0.008243599823371611,0.8566737966919399,0.04354279307086763,0.04116526210113614,0.045881670335274474,-0.004716408234138332,-0.003527191589233279,0.2066062448352568
google_robot_open_drawer__seed097__step101,open_drawer,97,exploration,0,0.0035914569205255957,0.003746490320804445,0.0035202103823773153,0.0001550334002788493,1.043167272700061,0.0033926098931339583,0.003195408057713999,0.003284266510635558,-0.00019720183541995949,0.0003522352356988088,0.8053045496344566
google_robot_open_drawer__seed097__step101,open_drawer,97,exploration,1,0.012348630397188995,0.003823070904057314,0.02057927575205775,-0.016756204848000437,0.18577285955629608,0.007935144969936317,0.003104833496327099,0.011949046662298434,-0.008844213165971336,-0.007911991682029102,0.34106705989688635
google_robot_open_drawer__seed097__step101,open_drawer,97,exploration,2,0.0206013347099196,0.02720986261910058,0.028826299735312064,-0.0016164371162114832,0.9439249181804852,0.027789592333249947,0.023149076378302783,0.03898441591278011,-0.015835339534477327,0.014218902418265844,0.03893278069654116
google_robot_open_drawer__seed097__step101,open_drawer,97,exploration,3,0.0267212176431311,0.03467227665010087,0.022051500871362793,0.007951059006969772,1.2975560138448128,0.029039345495724823,0.02907521823581153,0.03302025898883953,-0.003945040753027998,0.01189609975999777,0.02958970883884149
google_robot_open_drawer__seed097__step101,open_drawer,97,exploration,4,0.031205152932823003,0.05097078958495662,0.044732595826566336,0.006238193758390284,1.1394552147739538,0.039812821800874164,0.06015802422560533,0.033269372238625465,0.020345202424731167,-0.014107008666340883,0.02370588245582894
google_robot_open_drawer__seed097__step101,open_drawer,97,exploration,5,0.036617531559372724,0.09462232943791749,0.029007598638020965,0.05800479787854476,2.5840717658560384,0.06908748998678194,0.15444987085273648,0.034388382574361394,0.08536238086595455,-0.027357582987409784,0.06605518105538977
google_robot_open_drawer__seed097__step101,open_drawer,97,exploration,6,0.039958166526546,0.09920147977934343,0.04828610313371109,0.050915376645632344,2.0544519715049363,0.04575150190390007,0.10198847663287353,0.04606366792870707,0.055924808704166454,-0.005009432058534109,0.05624102964793565
google_robot_open_drawer__seed097__step101,open_drawer,97,exploration,7,0.045477696675527375,0.16895433362729595,0.07271187244206637,0.09624246118522958,2.3236141217778616,0.031316961475213276,0.06713816497460999,0.06094434331266177,0.006193821661948221,0.09004863952328136,0.10442192324990174
google_robot_open_drawer__seed097__step101,open_drawer,97,exploration,8,0.05895087785578166,0.1516881819627908,0.049108620933274144,0.09273730410700914,2.5731284669565584,0.07696228308435658,0.08109064852897487,0.06523946109108669,0.004128365444618282,0.08860893866239086,0.21978979684990918
google_robot_open_drawer__seed097__step101,open_drawer,97,exploration,9,0.0526281517407661,0.10464865365787747,0.06817044703131378,0.03647820662656369,1.5351029399852343,0.05307752393051725,0.08001477153902382,0.05888137630386813,0.021133395235155693,0.015344811391407996,0.10813716069355905
google_robot_open_drawer__seed097__step101,open_drawer,97,exploration,10,0.0729378702768765,0.10792780143276738,0.06022752591253713,0.034989931155890885,1.479722413378222,0.06471050288376645,0.14097963899640623,0.07086162955002277,0.07011800944638345,-0.03512807829049257,0.19543654924018483
google_robot_open_drawer__seed097__step101,open_drawer,97,exploration,11,0.06721357153513793,0.17632480243912194,0.03378857994699829,0.109111230903984,2.6233511835767094,0.10499075050442919,0.24716013462158842,0.060966924994745986,0.14216938411715924,-0.033058153213175234,0.26268050128101095
google_robot_open_drawer__seed097__step101,open_drawer,97,exploration,12,0.045846963954723575,0.11290398322281803,0.03572133702653573,0.06705701926809446,2.462627259992984,0.09356192904599614,0.20194013472057207,0.05543374008711726,0.10837820567457593,-0.04132118640648147,0.22557229533322243
google_robot_open_drawer__seed097__step101,open_drawer,97,exploration,13,0.0445548513348408,0.09616015813919569,0.038483695983643054,0.05160530680435489,2.1582421500304907,0.0665264160074548,0.10632364276686489,0.046621145566515296,0.03979722675941008,0.01180808004494481,0.20676124797819284
google_robot_open_drawer__seed097__step101,open_drawer,97,exploration,14,0.03811450147910924,0.08457463088302888,0.03072274135368774,0.046460129403919644,2.2189620118574735,0.06602177558231051,0.16418100070493408,0.10636574614262347,0.05781525456231061,-0.011355125158390968,0.34168398332758443
google_robot_open_drawer__seed097__step101,open_drawer,97,exploration,15,0.04825912151729702,0.06569551855729508,0.04749769903991125,0.01743639703999806,1.3613078003035863,0.05436547744280554,0.13518568191220884,0.07048027608230326,0.06470540582990558,-0.04726900878990752,0.24119127937660778
google_robot_open_drawer__seed097__step101,open_drawer,97,exploration,16,0.05378127271442014,0.07905434379230329,0.03781802117349917,0.025273071077883152,1.4699232614312379,0.040510434166954344,0.09192483751435286,0.04869808899438653,0.04322674851996633,-0.017953677442083177,0.18173637216955285
google_robot_open_drawer__seed097__step101,open_drawer,97,exploration,17,0.06434243668123242,0.08753578992460825,0.031995518209389624,0.023193353243375833,1.3604674370397436,0.10943767360926224,0.06985270122177303,0.0813004310029689,-0.0395849723874892,0.06277832563086504,0.16462461461628664
google_robot_open_drawer__seed097__step101,open_drawer,97,exploration,18,0.08321935044300331,0.06632408479837489,0.07585382594266732,-0.016895265644628427,0.7969791213859576,0.10088820279769478,0.08806947994778665,0.07368219825206673,-0.012818722849908135,-0.004076542794720292,0.07054365547725183
google_robot_open_drawer__seed097__step101,open_drawer,97,exploration,19,0.06479573575816039,0.08532601095726115,0.04592901045460479,0.020530275199100764,1.3168460849912516,0.07442759259508874,0.12674362061904507,0.06347224775961982,0.052316028023956324,-0.03178575282485556,0.1032703477034147
google_robot_open_drawer__seed097__step101,open_drawer,97,exploration,20,0.08600230846775372,0.08310754456676742,0.06304454205250455,-0.002894763900986308,0.9663408581402011,0.06852344927517474,0.0902682449312801,0.049365492609490004,0.021744795656105362,-0.02463955955709167,0.08381915851059318
google_robot_open_drawer__seed097__step101,open_drawer,97,exploration,21,0.10262137623107848,0.13113235668312564,0.05844792364504526,0.02851098045204717,1.2778269157865059,0.08650356176868394,0.09668343340169942,0.11393766680327812,-0.017254233401578695,0.045765213853625863,0.09602649255685947
google_robot_open_drawer__seed097__step101,open_drawer,97,exploration,22,0.08018740187522336,0.07623514616803866,0.05671685912791392,-0.003952255707184701,0.9507122613433135,0.07262357590161271,0.0734455234242366,0.04902417691601368,0.000821947522623892,-0.0047742032298085935,0.08455826792494747
google_robot_open_drawer__seed097__step101,open_drawer,97,exploration,23,0.049544395319779916,0.049588366825893807,0.15229092655825252,-0.10270255973235871,0.3256160294416874,0.07386937657129178,0.058591668246399844,0.14959560605788216,-0.09100393781148232,-0.011698621920876395,0.056924431040727086
google_robot_open_drawer__seed097__step101,open_drawer,97,exploration,24,0.1264668468129386,0.09793109224526467,0.06151050451117385,-0.028535754567673932,0.7743617771234375,0.0969200498946079,0.06632448248506581,0.0812318820961034,-0.030595567409542085,0.0020598128418681527,0.11703697261685875
google_robot_open_drawer__seed097__step101,open_drawer,97,exploration,25,0.09030623942982707,0.08436237421502964,0.05168427845086079,-0.005943865214797436,0.9341810128256293,0.06267702689501511,0.04920041585708896,0.0521774820603466,-0.013476611037926155,0.007532745823128718,0.0793585748356378
google_robot_open_drawer__seed097__step101,open_drawer,97,exploration,26,0.08381364091029024,0.0990841726969754,0.052249382187627376,0.015270531786685165,1.1821962585187051,0.07259355238521702,0.12126820768479979,0.05304953260664078,0.04867465529958277,-0.03340412351289761,0.1477017292875331
google_robot_open_drawer__seed097__step101,open_drawer,97,exploration,27,0.03129981540340297,0.06315420699656323,0.03547581745317266,0.027678389543390566,1.780204418965834,0.04908835551320754,0.05047728818092506,0.06500829810868106,-0.014531009927755995,0.04220939947114656,0.07393352938501607
google_robot_open_drawer__seed097__step101,open_drawer,97,exploration,28,0.08354913370737525,0.059421758171588235,0.05207834231669,-0.02412737553578702,0.7112193213122785,0.055342435953170954,0.05609439363781304,0.04954084265958563,0.0007519576846420836,-0.024879333220429102,0.08590507083195575
google_robot_open_drawer__seed097__step101,open_drawer,97,exploration,29,0.07087004879096483,0.06060126090315857,0.05205940690838866,-0.010268787887806254,0.8551039816820979,0.06350074719138642,0.08227931226022696,0.04727739949203829,0.01877856506884054,-0.029047352956646795,0.12647865889687182
google_robot_open_drawer__seed097__step101,open_drawer,97,exploration,30,0.06255258448846382,0.04686812738719436,0.05687386512998991,-0.015684457101269457,0.7492596472306905,0.05172209984749873,0.04341539855942834,0.037094459307658936,-0.008306701288070394,-0.007377755813199063,0.19156626059293558
google_robot_open_drawer__seed097__step101,open_drawer,97,exploration,31,0.0532204689518045,0.05272269346269015,0.04682942552412318,-0.0004977754891143521,0.9906469165169302,0.042829377193623175,0.05384224701420224,0.07619251906138443,-0.022350272047182186,0.021852496558067834,0.21126876761854874
google_robot_open_drawer__seed099__step011,open_drawer,99,exploration,0,0.00458371296541454,0.0049934277193096266,0.004273957191481517,0.0004097147538950864,1.089384906294636,0.0038183693271415207,0.004123227335290166,0.0037049907514633946,0.0003048580081486457,0.00010485674574644069,0.828448548913002
google_robot_open_drawer__seed099__step011,open_drawer,99,exploration,1,0.006708913081378427,0.003565749706669558,0.011410672402743162,-0.007844922696073604,0.31249251409692036,0.007502734908880334,0.005453353775490624,0.010697415134896108,-0.005244061359405484,-0.00260086133666812,0.33254945278167725
google_robot_open_drawer__seed099__step011,open_drawer,99,exploration,2,0.03997746188886477,0.04131413721479594,0.04274249318163361,-0.0014283559668376716,0.9665822964334838,0.02315341507009898,0.028577670855713767,0.028902655867606018,-0.00032498501189225093,-0.0011033709549454207,0.015856640576259906
google_robot_open_drawer__seed099__step011,open_drawer,99,exploration,3,0.023760302353273637,0.04438734070918364,0.030403463773511462,0.013983876935672178,1.4599435459013526,0.022428634035221655,0.042600976069983525,0.026214670058316274,0.01638630601166725,-0.0024024290759950724,0.03807733464350349
google_robot_open_drawer__seed099__step011,open_drawer,99,exploration,4,0.02513216771802845,0.02700878476754638,0.03329673421394783,-0.0062879494464014515,0.8111541688743918,0.02770847011121192,0.029894137353332326,0.02654669799281746,0.002185667242120406,-0.008473616688521857,0.03555770821094484
google_robot_open_drawer__seed099__step011,open_drawer,99,exploration,5,0.056153724932948096,0.12028387787203355,0.0350709907216778,0.06413015293908546,2.1420462848308253,0.06045391695019975,0.09513666110870718,0.032723863272715606,0.03468274415850743,0.029447408780578027,0.07797571348282872
google_robot_open_drawer__seed099__step011,open_drawer,99,exploration,6,0.06228718941952644,0.12781265716395562,0.0492064072594068,0.06552546774442919,2.0519894757667068,0.03944685301246864,0.05850132084114795,0.03805724424545534,0.01905446782867931,0.04647099991574988,0.046966551384230115
google_robot_open_drawer__seed099__step011,open_drawer,99,exploration,7,0.04410618518813284,0.11254363124379639,0.050758935118977125,0.061784696124819266,2.217218130758617,0.032903079771411055,0.09577933858697257,0.059183616219935696,0.03659572236703688,0.02518897375778239,0.08288935064547331
google_robot_open_drawer__seed099__step011,open_drawer,99,exploration,8,0.07115473569534854,0.08632077589738042,0.06298633030349808,0.015166040202031883,1.2131416841595168,0.041515659350897585,0.04387436023054732,0.056043082126661786,-0.012168721896114468,0.02733476209814635,0.2371586810768349
google_robot_open_drawer__seed099__step011,open_drawer,99,exploration,9,0.04317754081252152,0.08659182191310033,0.08285749496222389,0.003734326950876443,1.0450692716763763,0.039618422410522235,0.08428273731949089,0.06354900748148155,0.020733729838009335,-0.01699940288713289,0.1018307045567326
google_robot_open_drawer__seed099__step011,open_drawer,99,exploration,10,0.06609656831281005,0.15892032497615838,0.04847839990749437,0.09282375666334833,2.4043657489757804,0.06623148305790953,0.06690544184527121,0.06335552302839662,0.0006739587873616781,0.09214979787598665,0.20965224267183658
google_robot_open_drawer__seed099__step011,open_drawer,99,exploration,11,0.07289623901612116,0.23616746618162393,0.053519084385468346,0.16327122716550277,3.23977573286593,0.08512196991187462,0.09798059791923089,0.04613893012275126,0.012858628007356265,0.1504125991581465,0.27211048945218863
google_robot_open_drawer__seed099__step011,open_drawer,99,exploration,12,0.05956820983294698,0.16843045167623039,0.05097996292895785,0.10886224184328341,2.827522467916638,0.0871285578925867,0.050102678907884675,0.0505738596815858,-0.03702587898470202,0.14588812082798544,0.222985224771719
google_robot_open_drawer__seed099__step011,open_drawer,99,exploration,13,0.04133160706166022,0.10856190151389845,0.026965502790915905,0.06723029445223824,2.626607316573519,0.05656016126727415,0.04200888874193279,0.041525424808073044,-0.014551272525341365,0.0817815669775796,0.16684977640170473
google_robot_open_drawer__seed099__step011,open_drawer,99,exploration,14,0.06450652334684472,0.1985099225003887,0.06341432808893466,0.13400339915354398,3.077361981408019,0.06552479228328632,0.09748888641604725,0.033442820314327236,0.031964094132760926,0.10203930502078305,0.4011919277315883
google_robot_open_drawer__seed099__step011,open_drawer,99,exploration,15,0.044537781639436495,0.11238936864236057,0.053769282598059936,0.058620086044300634,2.0902151416544235,0.06569998440770326,0.050441631950769894,0.04925315677919684,-0.015258352456933369,0.073878438501234,0.25558832514752794
google_robot_open_drawer__seed099__step011,open_drawer,99,exploration,16,0.04128209521376689,0.0942557476171518,0.03958375892450234,0.05297365240338491,2.283211332396692,0.0866125163643342,0.05156723996957463,0.05928736601678422,-0.03504527639475957,0.08801892879814449,0.2217704674584411
google_robot_open_drawer__seed099__step011,open_drawer,99,exploration,17,0.0618681705509905,0.08819915415408684,0.049840532233946334,0.02633098360309634,1.4255982255268866,0.049233160521541405,0.053286763455415706,0.05371126112044463,-0.00042449766502892367,0.026755481268125263,0.1928950428493863
google_robot_open_drawer__seed099__step011,open_drawer,99,exploration,18,0.04965587257734707,0.12334583127247345,0.041338584853103974,0.07368995869512637,2.484012965039378,0.07237528347266026,0.056325752075074995,0.04691015356961202,-0.016049531397585262,0.08973949009271164,0.10441175326354823
google_robot_open_drawer__seed099__step011,open_drawer,99,exploration,19,0.0380777632527093,0.11132079220955039,0.05373217379326919,0.057588618416281205,2.0717716100199004,0.06613910111830394,0.04924006659448204,0.06080550402786656,-0.016899034523821903,0.07448765294010311,0.08544406331657228
google_robot_open_drawer__seed099__step011,open_drawer,99,exploration,20,0.13053602728402902,0.1221330051425536,0.05672084312193034,-0.008403022141475425,0.9356267973193978,0.07214200185948162,0.05494165959935379,0.055692409905760756,-0.01720034226012783,0.008797320118652405,0.13095626603916344
google_robot_open_drawer__seed099__step011,open_drawer,99,exploration,21,0.06407810248579308,0.06351633627656614,0.06288941916568475,-0.0005617662092269465,0.9912331016769497,0.0627720142374041,0.06303994294658583,0.07456328869971032,-0.011523345753124498,0.010961579543897551,0.0875960516841019
google_robot_open_drawer__seed099__step011,open_drawer,99,exploration,22,0.052881929458152725,0.10386223280948156,0.05102961679344359,0.05098030335132884,1.9640401527268647,0.09551475210877904,0.059557224085931226,0.037422594603278264,-0.03595752802284781,0.08693783137417666,0.07824809296450042
google_robot_open_drawer__seed099__step011,open_drawer,99,exploration,23,0.047747702032729114,0.04050396704146676,0.09804002032828416,-0.05753605328681739,0.4131370730630248,0.05385450627613326,0.04956363261158663,0.12173124425925552,-0.07216761164766888,0.01463155836085149,0.06163349480311808
google_robot_open_drawer__seed099__step011,open_drawer,99,exploration,24,0.08437710927819325,0.1472648616317275,0.04565350071242544,0.06288775235353425,1.7453176921028652,0.07593896950657877,0.06382060699652474,0.06545751606781941,-0.012118362510054034,0.07500611486358828,0.13428658995189835
google_robot_open_drawer__seed099__step011,open_drawer,99,exploration,25,0.05772992744605334,0.10036530349341713,0.03628283274318066,0.04263537604736379,1.7385316062835017,0.04681153171622946,0.04733639407309261,0.04237092496989497,0.0005248623568631511,0.04211051369050064,0.05987210887427352
google_robot_open_drawer__seed099__step011,open_drawer,99,exploration,26,0.05901306323260306,0.07451044968715839,0.037626547749298696,0.015497386454555333,1.2626094224845028,0.07006630397481307,0.062301409377755995,0.04506884921348956,-0.007764894597057079,0.02326228105161241,0.12976964199822305
google_robot_open_drawer__seed099__step011,open_drawer,99,exploration,27,0.04736508842791118,0.08531886720546983,0.03290900591277965,0.03795377877755865,1.8013028168483973,0.040612795138524595,0.039472907322324995,0.04152623904046934,-0.002053331718144348,0.040007110495703,0.07222958381566968
google_robot_open_drawer__seed099__step011,open_drawer,99,exploration,28,0.04445478745169926,0.08046463382209268,0.035787535240537446,0.03600984637039342,1.8100330343389588,0.05955542311226436,0.02664167883535285,0.07535204327644045,-0.048710364441087596,0.08472021081148101,0.1273148273435254
google_robot_open_drawer__seed099__step011,open_drawer,99,exploration,29,0.040982679103743355,0.06870498515056371,0.041953882821478154,0.026751102329085556,1.6376311447242355,0.06570322763037817,0.044197841848446454,0.05140290441493155,-0.021505385781931716,0.04825648811101727,0.16717418604469003
google_robot_open_drawer__seed099__step011,open_drawer,99,exploration,30,0.05119085711784215,0.04474545936314295,0.04865960675001303,-0.0064453977546992045,0.8740908412636694,0.0417597329046968,0.027024912656188265,0.03498890300068262,-0.014734820248508532,0.008289422493809328,0.145244003218977
google_robot_open_drawer__seed099__step011,open_drawer,99,exploration,31,0.033609342615881534,0.05213291601030582,0.03273905536394616,0.018523573394424286,1.5511435795138486,0.04198458093368377,0.03309618359430016,0.03863112119934374,-0.00888839733938361,0.027411970733807897,0.25548804486970766
google_robot_open_drawer__seed099__step056,open_drawer,99,exploration,0,0.003836473710928536,0.004123779080875891,0.003956631868469115,0.0001671472124067765,1.0422448228602699,0.00402078965066044,0.0038762963487255215,0.004019452658622277,-0.00014449330193491835,0.00031164051434169485,0.8115396127104759
google_robot_open_drawer__seed099__step056,open_drawer,99,exploration,1,0.006496609641086375,0.003710329534033213,0.013088007473731376,-0.009377677939698162,0.2834907866212734,0.008369307136485643,0.004996034026017644,0.012745905310698446,-0.0077498712846808026,-0.0016278066550173597,0.3242721955757588
google_robot_open_drawer__seed099__step056,open_drawer,99,exploration,2,0.028485960083556312,0.053437554585151176,0.02785471965081565,0.024951594501594863,1.8759260501807105,0.02906268310840588,0.02339874956131287,0.03368430668001207,-0.0102855571186992,0.03523715162029406,0.024908828266688943
google_robot_open_drawer__seed099__step056,open_drawer,99,exploration,3,0.026367309914875067,0.03697842244957396,0.026211440214976785,0.010611112534698892,1.4024343996014799,0.021436137775777773,0.05246072228364122,0.029119992981099727,0.023340729302541496,-0.012729616767842605,0.04540669127118235
google_robot_open_drawer__seed099__step056,open_drawer,99,exploration,4,0.0204476832224369,0.03540665168333861,0.030672736930092107,0.004733914753246506,1.1543362355969677,0.031799641030743224,0.03262003955869336,0.03367261089645731,-0.001052571337763951,0.0057864860910104565,0.028488874968843447
google_robot_open_drawer__seed099__step056,open_drawer,99,exploration,5,0.04997167691462806,0.19169130753259395,0.04287056970738126,0.14171963061796589,3.835999097250241,0.06960735258658257,0.11780417958291985,0.0318613615904944,0.048196826996337275,0.09352280362162861,0.047848953060110944
google_robot_open_drawer__seed099__step056,open_drawer,99,exploration,6,0.057830766598825696,0.08672934642620435,0.045725425114135,0.028898579827378652,1.4997094371556448,0.08775270269663724,0.06562900890788546,0.06265694809033115,-0.022123693788751772,0.051022273616130424,0.04312206458007495
google_robot_open_drawer__seed099__step056,open_drawer,99,exploration,7,0.03299073788085302,0.11613104953805171,0.07427576229334033,0.04185528724471138,1.5635120522817465,0.03769519273918365,0.0655161176083535,0.08538862061523335,-0.019872503006879844,0.061727790251591225,0.07418975004839012
google_robot_open_drawer__seed099__step056,open_drawer,99,exploration,8,0.06414868406770416,0.09511762926729773,0.06102120485583522,0.030968945199593576,1.4827682071686483,0.0412868443325716,0.043285710369475254,0.046203235598737166,-0.002917525229261912,0.03388647042885549,0.17951823584462545
google_robot_open_drawer__seed099__step056,open_drawer,99,exploration,9,0.061290827999402664,0.07210623152591415,0.07024264634877672,0.0018635851771374307,1.026530680064133,0.05573078502895221,0.04808221192361676,0.07962613641109464,-0.031543924487477885,0.033407509664615316,0.1287661811243197
google_robot_open_drawer__seed099__step056,open_drawer,99,exploration,10,0.05535518353177014,0.11344319890466639,0.056531975918005094,0.0569112229866613,2.0067085408301715,0.05483288566450283,0.07458607934100227,0.05732929110577263,0.017256788235229636,0.03965443475143166,0.17412552384303126
google_robot_open_drawer__seed099__step056,open_drawer,99,exploration,11,0.06399268167635146,0.1414671233876289,0.027985098999683287,0.07747444171127744,2.2106765911625827,0.08835871546151776,0.12645036352333422,0.05490085784147722,0.03809164806181646,0.039382793649460984,0.255656767907567
google_robot_open_drawer__seed099__step056,open_drawer,99,exploration,12,0.03611436796548581,0.11514972481031903,0.03025528629444126,0.07903535684483322,3.18847404225284,0.05084297538456794,0.0661547697048511,0.05489844249875562,0.011256327206095477,0.06777902963873775,0.2320328534010514
google_robot_open_drawer__seed099__step056,open_drawer,99,exploration,13,0.03168373035707391,0.09677815197421051,0.035077183616522234,0.06170096835768828,2.759005769454808,0.05674325518218182,0.04464273724573869,0.04287192076109139,-0.01210051793644313,0.07380148629413141,0.1749222061830551
google_robot_open_drawer__seed099__step056,open_drawer,99,exploration,14,0.05114779689439114,0.11469679662905395,0.05089088477519943,0.06354899973466281,2.242458201393843,0.10281446981306773,0.07250021846873363,0.0708169214233176,-0.030314251344334103,0.09386325107899691,0.33519475036973745
google_robot_open_drawer__seed099__step056,open_drawer,99,exploration,15,0.06550881942790622,0.05440927772299141,0.053452815345327996,-0.011099541704914812,0.8305641621716282,0.0514091926968993,0.05033697276606498,0.03693378565727088,-0.0010722199308343186,-0.010027321774080493,0.18306277255192072
google_robot_open_drawer__seed099__step056,open_drawer,99,exploration,16,0.07382005549620638,0.1495992009298343,0.03850103314529255,0.07577914543362793,2.0265387220891786,0.04112421854031401,0.054537610396348996,0.0610028485477335,-0.006465238151384507,0.08224438358501243,0.15524695029910163
google_robot_open_drawer__seed099__step056,open_drawer,99,exploration,17,0.06549714269474574,0.08976941389751057,0.0444815283716718,0.02427227120276483,1.3705851920271932,0.07424305644049076,0.04714713759414095,0.049738848369681926,-0.027095918846349806,0.05136819004911464,0.1673316748056095
google_robot_open_drawer__seed099__step056,open_drawer,99,exploration,18,0.07575330003160198,0.05938361965254585,0.041137151561570995,-0.01636968037905613,0.783908022855411,0.07755656406635462,0.04628996835903419,0.06562925146924725,-0.03126659570732043,0.014896915328264301,0.0993231307509177
google_robot_open_drawer__seed099__step056,open_drawer,99,exploration,19,0.04622194171289507,0.08146015155916413,0.05018251837759823,0.03127763318156589,1.623277471772489,0.0561386339247854,0.05813872998821772,0.06301225008585919,-0.004873520097641464,0.03615115327920736,0.11258382753840124
google_robot_open_drawer__seed099__step056,open_drawer,99,exploration,20,0.10066199795033151,0.12304079242662905,0.06292012452004522,0.022378794476297537,1.2223162159699994,0.08958776867733713,0.04290284175715045,0.0479253032195854,-0.04668492692018668,0.06906372139648422,0.10830261789116946
google_robot_open_drawer__seed099__step056,open_drawer,99,exploration,21,0.09515705477733817,0.11982518811347834,0.05976118818490739,0.024668133336140166,1.25923599037257,0.06649721690347882,0.05415505096381018,0.04574145148270223,-0.012342165939668637,0.0370102992758088,0.1334089373398939
google_robot_open_drawer__seed099__step056,open_drawer,99,exploration,22,0.06527387666243321,0.11085012610196686,0.04368759064858783,0.045576249439533645,1.6982310806393999,0.07975654034596269,0.06928132271739702,0.046636506243139544,-0.010475217628565667,0.05605146706809931,0.13790814212111968
google_robot_open_drawer__seed099__step056,open_drawer,99,exploration,23,0.07050047536144617,0.08310717542032589,0.06548688024493685,0.012606700058879719,1.1788172348377357,0.06016597865548915,0.05533296879354164,0.1465306905622145,-0.09119772176867286,0.10380442182755258,0.08197060136421896
google_robot_open_drawer__seed099__step056,open_drawer,99,exploration,24,0.06376197067563992,0.06681515157969745,0.045356665274233696,0.003053180904057526,1.0478840423485214,0.0707296349845315,0.058659609075613954,0.053670133324662715,-0.012070025908917544,0.01512320681297507,0.17099149346040576
google_robot_open_drawer__seed099__step056,open_drawer,99,exploration,25,0.086438489691006,0.04510389754800639,0.05437214626212585,-0.04133459214299961,0.5218033969501377,0.06312039223652165,0.04030764747592725,0.05397735123591671,-0.022812744760594396,-0.018521847382405213,0.09652909777386753
google_robot_open_drawer__seed099__step056,open_drawer,99,exploration,26,0.059971035725679675,0.0542506677745953,0.04126776039844029,-0.005720367951084375,0.9046144879463053,0.04871525845480958,0.05049712001589041,0.045352967575809214,0.0017818615610808233,-0.007502229512165198,0.1348507229916578
google_robot_open_drawer__seed099__step056,open_drawer,99,exploration,27,0.03526850827052675,0.05168865633294626,0.02548635684309912,0.01642014806241951,1.4655753494440118,0.050771583301905135,0.06785275279201193,0.04581889675702574,0.017081169490106796,-0.0006610214276872861,0.051188963703097556
google_robot_open_drawer__seed099__step056,open_drawer,99,exploration,28,0.0383595333957638,0.05014605960292663,0.04894625871100917,0.0011998008919174644,1.024512616970408,0.06597202129242878,0.043001412709315824,0.06250812773856965,-0.022970608583112957,0.02417040947503042,0.0889363824820748
google_robot_open_drawer__seed099__step056,open_drawer,99,exploration,29,0.05155735912869794,0.05413666268963191,0.04252587014660983,0.002579303560933971,1.0500278448028242,0.06307478602513633,0.056836263270684265,0.04359709344093935,-0.006238522754452067,0.008817826315386038,0.15984928184445835
google_robot_open_drawer__seed099__step056,open_drawer,99,exploration,30,0.06531154108909464,0.05190123265776482,0.04552573195925878,-0.013410308431329815,0.7946716888361864,0.042965534331909805,0.04508344786717097,0.04586032423559114,-0.0007768763684201652,-0.01263343206290965,0.15686650694465243
google_robot_open_drawer__seed099__step056,open_drawer,99,exploration,31,0.05722685551575745,0.0768127273998036,0.04384492968650022,0.019585871884046153,1.3422496607148573,0.05096278900090216,0.03834464555373171,0.04998348202136627,-0.012618143447170452,0.032204015331216605,0.25539153155477834
google_robot_open_drawer__seed099__step101,open_drawer,99,exploration,0,0.003769286146200151,0.004364687735101933,0.003540819141683832,0.0005954015889017821,1.1579613661069514,0.004573933850622191,0.00445151033994193,0.004238573800385069,-0.00012242351068026108,0.0007178250995820432,0.8173209801316261
google_robot_open_drawer__seed099__step101,open_drawer,99,exploration,1,0.007133751958760201,0.003556115731497509,0.013640649234013464,-0.010084533502515956,0.2606998882890561,0.0073105257287645,0.0047076990488167355,0.010691011424346992,-0.005983312375530256,-0.004101221126985699,0.33554859459400177
google_robot_open_drawer__seed099__step101,open_drawer,99,exploration,2,0.02795215322595189,0.03751450704360744,0.02934347582707141,0.008171031216536031,1.2784615995967896,0.02652585034075876,0.02475933556479556,0.026927156247854966,-0.002167820683059405,0.010338851899595436,0.03495915838016117
google_robot_open_drawer__seed099__step101,open_drawer,99,exploration,3,0.030160282768306096,0.025079075229098788,0.03495925840898577,-0.009880183179886981,0.717380069556984,0.026192381391177723,0.06397788296043919,0.03594354754661274,0.028034335413826446,-0.03791451859371343,0.04419782262402805
google_robot_open_drawer__seed099__step101,open_drawer,99,exploration,4,0.034409548337034926,0.02347751954593292,0.05911158594209442,-0.0356340663961615,0.39717289211173334,0.05791881437347833,0.05328624819113247,0.026720340281875175,-0.004632566182345858,-0.03100150021381564,0.021454478274335997
google_robot_open_drawer__seed099__step101,open_drawer,99,exploration,5,0.049561881842235506,0.14607504566229523,0.030014690597563374,0.09651316382005973,2.9473264580081664,0.052972679037097146,0.07786442728687754,0.04474846300381077,0.02489174824978039,0.07162141557027935,0.061834469821405946
google_robot_open_drawer__seed099__step101,open_drawer,99,exploration,6,0.044796650747916056,0.08495349477716378,0.04642726323422319,0.03852623154294059,1.8298191377031574,0.06963793497227162,0.061266847160234124,0.037987815188179556,-0.008371087812037499,0.04689731935497809,0.06097395910239811
google_robot_open_drawer__seed099__step101,open_drawer,99,exploration,7,0.03321602091375357,0.05294371433168653,0.08459993110773847,-0.031656216776051946,0.6258127357605341,0.04772048300306475,0.0770808773936065,0.05497842788321172,0.022102449510394778,-0.053758666286446724,0.11525355455614772
google_robot_open_drawer__seed099__step101,open_drawer,99,exploration,8,0.048360057369501316,0.07053848356875983,0.06187099083570587,0.008667492733053957,1.140089767692098,0.05047186232303053,0.05602259424650429,0.05163266106091854,0.004389933185585754,0.004277559547468203,0.19972731848974945
google_robot_open_drawer__seed099__step101,open_drawer,99,exploration,9,0.07220347677720855,0.06302384202617392,0.08603201323444881,-0.02300817120827489,0.7325626782024207,0.05407898382184614,0.0774408789651056,0.0702962490000409,0.007144629965064694,-0.030152801173339586,0.14284680266746363
google_robot_open_drawer__seed099__step101,open_drawer,99,exploration,10,0.07899832130858815,0.08420123969142328,0.09100284210101989,-0.0068016024095966104,0.9252594506658778,0.07178824418773666,0.0800901024066357,0.044036890990003304,0.008301858218899033,-0.015103460628495644,0.16263312058504198
google_robot_open_drawer__seed099__step101,open_drawer,99,exploration,11,0.06716682906990278,0.09265587264576557,0.03392230066123351,0.02548904357586279,1.3794885649482647,0.09662984220578207,0.09401139454969581,0.05024008229947014,-0.0026184476560862507,0.02810749123194904,0.17918994878073136
google_robot_open_drawer__seed099__step101,open_drawer,99,exploration,12,0.0786090712489967,0.06559629277189478,0.032437753797812274,-0.013012778477101916,0.834462126694214,0.0670390801978238,0.08759394091441271,0.030621468577793517,0.020554860716588907,-0.033567639193690824,0.17095906159261176
google_robot_open_drawer__seed099__step101,open_drawer,99,exploration,13,0.05537331640728101,0.06340421307523474,0.0376610463417934,0.008030896667953723,1.14503188880516,0.06073231663921416,0.0583379726757717,0.047504155517690126,-0.002394343963442465,0.010425240631396188,0.14580412708210133
google_robot_open_drawer__seed099__step101,open_drawer,99,exploration,14,0.0539450772745051,0.07681433601277178,0.04974770891307041,0.02286925873826668,1.4239359714306108,0.07151762674891862,0.07621665837619526,0.041525849782932285,0.00469903162727664,0.01817022711099004,0.25702614411238756
google_robot_open_drawer__seed099__step101,open_drawer,99,exploration,15,0.0584030329792187,0.03896417161057254,0.056095483633084864,-0.019438861368646157,0.6671600706839489,0.07262811822752471,0.05135064235140483,0.0643070363705736,-0.021277475876119882,0.001838614507473725,0.1709529185466181
google_robot_open_drawer__seed099__step101,open_drawer,99,exploration,16,0.07649210454063463,0.07210793904922815,0.04215459154892555,-0.00438416549140648,0.9426847317414636,0.06535915952416782,0.05821923026722437,0.03428795822064177,-0.007139929256943449,0.0027557637655369685,0.12201397025268079
google_robot_open_drawer__seed099__step101,open_drawer,99,exploration,17,0.048943257903378105,0.03709218660492357,0.039404253483890574,-0.011851071298454537,0.7578610046382596,0.06839354830412987,0.04507651858393806,0.051633753287710596,-0.023317029720191812,0.011465958421737275,0.15359280324355495
google_robot_open_drawer__seed099__step101,open_drawer,99,exploration,18,0.05983966968109821,0.051098787242861245,0.0401831059971539,-0.008740882438236966,0.8539282973181588,0.10129546669038136,0.07455369389579888,0.0480229403648926,-0.02674177279458248,0.018000890356345514,0.0972395637838872
google_robot_open_drawer__seed099__step101,open_drawer,99,exploration,19,0.06045126897643152,0.05557350113563032,0.040025179333416656,-0.004877767840801205,0.9193107452764486,0.08367279850230133,0.07980230361667878,0.05397415348070015,-0.0038704948856225496,-0.001007272955178655,0.07690067483491703
google_robot_open_drawer__seed099__step101,open_drawer,99,exploration,20,0.06918428114209162,0.08575306512915916,0.0493560488461753,0.016568783987067542,1.2394876945102364,0.10652045788118614,0.053571137774732144,0.04491084906270093,-0.05294932010645399,0.06951810409352153,0.10306397457151206
google_robot_open_drawer__seed099__step101,open_drawer,99,exploration,21,0.06942934966466097,0.08347168661081236,0.05354708433578615,0.014042336946151396,1.202253614846962,0.10676772983152549,0.0669546609486044,0.056182119205457674,-0.03981306888292109,0.053855405829072486,0.11559007295699075
google_robot_open_drawer__seed099__step101,open_drawer,99,exploration,22,0.061866600397977284,0.07115956395298556,0.05573508967374609,0.009292963555008277,1.1502097011186687,0.1205955094197771,0.050265900121533584,0.038406399090320474,-0.07032960929824353,0.0796225728532518,0.07244571561574276
google_robot_open_drawer__seed099__step101,open_drawer,99,exploration,23,0.11550970714279914,0.07382222987399797,0.12344948987933363,-0.049627260005335655,0.5979954226311985,0.0794933206927364,0.03043014779858213,0.09414281738087718,-0.06371266958229505,0.01408540957695939,0.03535188327211358
google_robot_open_drawer__seed099__step101,open_drawer,99,exploration,24,0.08581172677482926,0.05235037696500924,0.05455259500079084,-0.03346134980982002,0.6100608731761931,0.0424264669366553,0.05823257647190103,0.050941543627000256,0.007291032844900777,-0.040752382654720795,0.07642895297777841
google_robot_open_drawer__seed099__step101,open_drawer,99,exploration,25,0.047218918592361964,0.05599207377138881,0.04954986928802564,0.006442204483363169,1.1300145606018785,0.032930607847299995,0.05579494369812382,0.04371980565115528,0.01207513804696854,-0.00563293356360537,0.08687432078170332
google_robot_open_drawer__seed099__step101,open_drawer,99,exploration,26,0.05530851833537624,0.05065879667673191,0.04417191440100082,-0.004649721658644329,0.9159311838648498,0.06763324024649299,0.054644315823575124,0.0424161351312311,-0.012988924422917866,0.008339202764273537,0.15345769256765607
google_robot_open_drawer__seed099__step101,open_drawer,99,exploration,27,0.05914103540631739,0.049609293105555764,0.049820790480601666,-0.009531742300761627,0.8388303107093817,0.05165660239031161,0.060534404612666556,0.03743874421368571,0.008877802222354944,-0.01840954452311657,0.04247543411606358
google_robot_open_drawer__seed099__step101,open_drawer,99,exploration,28,0.04983863658479973,0.07707771780897202,0.061340872545734594,0.015736845263237424,1.256547463544871,0.04510584883072646,0.03898148868396895,0.03588875536574856,-0.006124360146757504,0.02186120540999493,0.07801649238602693
google_robot_open_drawer__seed099__step101,open_drawer,99,exploration,29,0.06345979281773106,0.05163752079128737,0.044674734652447576,-0.011822272026443696,0.8137045284657709,0.04361700863130195,0.05164071821701534,0.03194769335849382,0.008023709585713391,-0.019845981612157088,0.0975416357849781
google_robot_open_drawer__seed099__step101,open_drawer,99,exploration,30,0.06107947211477577,0.02678433195578086,0.05427524609836335,-0.03429514015899491,0.4385161008832859,0.03762851806812738,0.02896836362217159,0.04434400916244257,-0.015375645540270981,-0.018919494618723928,0.1626506588202119
google_robot_open_drawer__seed099__step101,open_drawer,99,exploration,31,0.0768728759853329,0.0667538244062222,0.0494098293060994,-0.010119051579110708,0.8683664237950276,0.05524091731081982,0.055358669397769254,0.03333663312201153,0.00011775208694943251,-0.01023680366606014,0.20863248217574437
google_robot_pick_coke_can__seed000__step008,pick_coke_can,0,exploration,0,0.004838649187409402,0.0028377884824201554,0.0034795314246394717,-0.0020008607049892464,0.5864836181561447,0.004452742769947789,0.0027485547298473248,0.0033454998812151855,-0.001704188040100464,-0.0002966726648887825,0.8288891091942787
google_robot_pick_coke_can__seed000__step008,pick_coke_can,0,exploration,1,0.013550734821814127,0.00561632296490116,0.007591656976562119,-0.007934411856912967,0.41446630302734133,0.013279843055737704,0.0038390314852486222,0.00924477548117068,-0.009440811570489082,0.0015063997135761151,0.46342935622669756
google_robot_pick_coke_can__seed000__step008,pick_coke_can,0,exploration,2,0.023850963389847626,0.015949359476024143,0.03274316902269952,-0.016793809546675375,0.48710494286509337,0.028760476355747865,0.021919096843792205,0.03268829436495483,-0.010769197521162625,-0.00602461202551275,0.04056578784076237
google_robot_pick_coke_can__seed000__step008,pick_coke_can,0,exploration,3,0.03880723338413926,0.08708236116200203,0.04081812002109174,0.046264241140910295,2.133424104711447,0.03767619172893787,0.03973037691257081,0.026172194817305008,0.0020541851836329353,0.04421005595727736,0.04087024792841021
google_robot_pick_coke_can__seed000__step008,pick_coke_can,0,exploration,4,0.03335913923180431,0.06077466225772387,0.03323757356326669,0.027415523025919562,1.8218294493576694,0.03874285729555158,0.04651334478871625,0.04198707292435843,0.00452627186435782,0.022889251161561742,0.0518611985789903
google_robot_pick_coke_can__seed000__step008,pick_coke_can,0,exploration,5,0.03538486628592177,0.03961462080485395,0.032440809807028,0.004229754518932177,1.1195356931619953,0.057362855732559656,0.034154232070230994,0.045548620384251615,-0.023208623662328662,0.02743837818126084,0.08233912129730925
google_robot_pick_coke_can__seed000__step008,pick_coke_can,0,exploration,6,0.034210442309593345,0.11281777841778712,0.03916779264554149,0.07364998577224563,2.8803711109982424,0.08155809661935054,0.09638479629637259,0.04003297966054566,0.014826699677022048,0.05882328609522358,0.12941979325023567
google_robot_pick_coke_can__seed000__step008,pick_coke_can,0,exploration,7,0.05163536625987436,0.20389535127941308,0.051673708277797686,0.1522216430016154,3.9458238643000487,0.06402787999246137,0.09555716235576414,0.06752269123386899,0.028034471121895152,0.12418717187972024,0.09951902775640065
google_robot_pick_coke_can__seed000__step008,pick_coke_can,0,exploration,8,0.08310836262183416,0.12784956038609227,0.0543514219556792,0.04474119776425811,1.5383477228139222,0.06189517073859115,0.16119754147008444,0.048216556587810704,0.09930237073149328,-0.05456117296723517,0.1731150533116761
google_robot_pick_coke_can__seed000__step008,pick_coke_can,0,exploration,9,0.059100937898940054,0.13541850138171876,0.06816633821508604,0.06725216316663273,1.986589054474823,0.05966365494190676,0.12335720785596616,0.05473149649777299,0.0636935529140594,0.003558610252573327,0.14280219504053093
google_robot_pick_coke_can__seed000__step008,pick_coke_can,0,exploration,10,0.05728276159942432,0.16545477572901776,0.07106262872059393,0.09439214700842383,2.3282951771958444,0.06896799183178129,0.09281675272343098,0.043411327436263504,0.023848760891649695,0.07054338611677413,0.2353917910427299
google_robot_pick_coke_can__seed000__step008,pick_coke_can,0,exploration,11,0.05697879843840861,0.28799801244949413,0.0415460208459508,0.23101921401108552,5.054476758768551,0.07788190438926199,0.24732997487540964,0.039016850543363055,0.16944807048614766,0.061571143524937866,0.2146646750582022
google_robot_pick_coke_can__seed000__step008,pick_coke_can,0,exploration,12,0.044696607201007515,0.1960648447739944,0.032766977444716114,0.1513682375729869,4.38657108563656,0.052921490578705245,0.2100333039757398,0.03670836031867786,0.15711181339703456,-0.005743575824047664,0.25557384351873225
google_robot_pick_coke_can__seed000__step008,pick_coke_can,0,exploration,13,0.03621274894857415,0.18955972783683225,0.041508484337088945,0.1480512434997433,4.566770646150902,0.07828081690560743,0.12307527419784721,0.041006609747251864,0.044794457292239784,0.10325678620750352,0.20851381392566282
google_robot_pick_coke_can__seed000__step008,pick_coke_can,0,exploration,14,0.05381202964555343,0.2705210821517448,0.052221762005924266,0.21670905250619138,5.027148835187977,0.0723474970634256,0.29388180067745395,0.06945728763336978,0.22153430361402837,-0.004825251107836992,0.3817765141727705
google_robot_pick_coke_can__seed000__step008,pick_coke_can,0,exploration,15,0.03668156142507626,0.12917724589881513,0.07243259533194747,0.05674465056686766,1.783413189970836,0.060716108267568514,0.19464405842070895,0.045352083989688374,0.13392795015314043,-0.07718329958627278,0.21375210451867588
google_robot_pick_coke_can__seed000__step008,pick_coke_can,0,exploration,16,0.06103303625760204,0.17887830700872345,0.03723507369054878,0.11784527075112142,2.9308439818352157,0.04235785255210065,0.16816199891946007,0.041173787934814784,0.12580414636735943,-0.00795887561623801,0.24131408881453353
google_robot_pick_coke_can__seed000__step008,pick_coke_can,0,exploration,17,0.05266511084602491,0.1748736928688794,0.04978314081528217,0.1222085820228545,3.3204846635593595,0.06392004346890852,0.2200290123432358,0.04153182889345165,0.1561089688743273,-0.033900386851472786,0.20551341853638405
google_robot_pick_coke_can__seed000__step008,pick_coke_can,0,exploration,18,0.08609046219783927,0.12882337605958655,0.06501980077599208,0.04273291386174728,1.4963722202297551,0.09797484657019302,0.1372201029150378,0.04458678173225778,0.039245256344844784,0.003487657516902498,0.10636613659389127
google_robot_pick_coke_can__seed000__step008,pick_coke_can,0,exploration,19,0.11407151052996771,0.11742893394398812,0.09785483276599065,0.0033574234140204134,1.029432619927816,0.0670046975048122,0.10943595911202454,0.06166017782616251,0.04243126160721235,-0.039073838193191934,0.12305237059084106
google_robot_pick_coke_can__seed000__step008,pick_coke_can,0,exploration,20,0.16188545312063088,0.18929597466300965,0.08152432131849029,0.027410521542378774,1.1693204732975822,0.07941526338260853,0.17854437121702907,0.052395074686416424,0.09912910783442054,-0.07171858629204177,0.10514057956731371
google_robot_pick_coke_can__seed000__step008,pick_coke_can,0,exploration,21,0.10779353617932393,0.27873733575598236,0.09828405165277371,0.17094379957665845,2.585844621446304,0.062300542294614375,0.22593676735678886,0.05980245747611765,0.16363622506217448,0.0073075745144839666,0.11848754309565024
google_robot_pick_coke_can__seed000__step008,pick_coke_can,0,exploration,22,0.10730144036114028,0.09332083610288577,0.07130263220279968,-0.013980604258254509,0.8697072079256296,0.07286481414558481,0.161631281173455,0.06756420360850343,0.08876646702787018,-0.10274707128612469,0.16189674286593458
google_robot_pick_coke_can__seed000__step008,pick_coke_can,0,exploration,23,0.07758126465929945,0.09794922131758378,0.056932198984014394,0.020367956658284336,1.262537053858697,0.12232169166881912,0.06726981395018745,0.1625433597850305,-0.09527354583484306,0.1156415024931274,0.1417632747767783
google_robot_pick_coke_can__seed000__step008,pick_coke_can,0,exploration,24,0.1181535725709877,0.15158541110305385,0.10912822844100542,0.033431838532066147,1.2829524135800465,0.11513851004481816,0.14257974186079247,0.04990365813728127,0.027441231815974312,0.005990606716091834,0.1590424731716169
google_robot_pick_coke_can__seed000__step008,pick_coke_can,0,exploration,25,0.06415984128319342,0.11515045620279908,0.05955576694203547,0.05099061491960566,1.7947434703670717,0.061747903304271795,0.06839557534137668,0.046440827870190535,0.006647672037104882,0.04434294288250078,0.13422020781685973
google_robot_pick_coke_can__seed000__step008,pick_coke_can,0,exploration,26,0.06424288035055982,0.10881277103007297,0.05110043630652616,0.044569890679513155,1.6937716745622968,0.10139625663351223,0.09897134952179155,0.047639406384143504,-0.0024249071117206783,0.04699479779123383,0.14317119916089993
google_robot_pick_coke_can__seed000__step008,pick_coke_can,0,exploration,27,0.05079225469729058,0.05436890779694912,0.05231838935518226,0.0020505184417668604,1.039193072780704,0.043113809674001684,0.052763157430948206,0.030272167541042845,0.009649347756946522,-0.0075988293151796615,0.1462833177084164
google_robot_pick_coke_can__seed000__step008,pick_coke_can,0,exploration,28,0.06065654011850621,0.09915431885923966,0.05531695913514689,0.03849777874073345,1.634684712736984,0.04777914153885334,0.06171173417685746,0.03709866180601071,0.013932592638004122,0.024565186102729328,0.13529092004369758
google_robot_pick_coke_can__seed000__step008,pick_coke_can,0,exploration,29,0.05265508023462151,0.05994998368971299,0.042752666254312136,0.007294903455091484,1.1385413035662793,0.051986436188375944,0.05452689452698924,0.047424390649887294,0.0025404583386132995,0.004754445116478184,0.2576329138161668
google_robot_pick_coke_can__seed000__step008,pick_coke_can,0,exploration,30,0.0443568808654167,0.06516204451327978,0.058834052270449945,0.006327992242829837,1.1075566274738506,0.03649876426672383,0.06508671997703053,0.04312822697283998,0.021958493004190546,-0.01563050076136071,0.17642593442911902
google_robot_pick_coke_can__seed000__step008,pick_coke_can,0,exploration,31,0.05833760100474225,0.050817252386642094,0.05148736639111725,-0.0075203486181001575,0.8710891691022943,0.042401869579963045,0.056079255313009314,0.05269348599256191,0.0033857693204474015,-0.010906117938547559,0.26112513993234643
google_robot_pick_coke_can__seed000__step040,pick_coke_can,0,exploration,0,0.0046914534255603595,0.0024492051507444177,0.0033124233790706855,-0.0022422482748159418,0.5220567974522475,0.004520605802782018,0.002646023730756323,0.0033170528337532115,-0.0018745820720256954,-0.0003676662027902464,0.8272397741675377
google_robot_pick_coke_can__seed000__step040,pick_coke_can,0,exploration,1,0.01110542411900073,0.0042932950617770894,0.007477393151706522,-0.006812129057223641,0.38659442591044435,0.010493939311599856,0.003951331694833482,0.007404253026189027,-0.006542607616766374,-0.000269521440457267,0.48169070028234273
google_robot_pick_coke_can__seed000__step040,pick_coke_can,0,exploration,2,0.021506530222531465,0.017731750279069973,0.035242643707154825,-0.017510893428084852,0.5031333751920019,0.03438140927490022,0.021873384104569793,0.036598098257322485,-0.014724714152752692,-0.0027861792753321596,0.04848856709622851
google_robot_pick_coke_can__seed000__step040,pick_coke_can,0,exploration,3,0.03153487474079872,0.07376695013997887,0.03990578541166779,0.033861164728311084,1.8485277104309452,0.02559656826359465,0.03752017309622109,0.0305128522200483,0.0070073208761727915,0.026853843852138293,0.0363821635394288
google_robot_pick_coke_can__seed000__step040,pick_coke_can,0,exploration,4,0.03691843429076866,0.06327192313729227,0.03323679353148623,0.02635348884652361,1.7138300784633551,0.03021262919047271,0.04821500497113021,0.05607161162239314,-0.007856606651262928,0.03421009549778654,0.04519445390144483
google_robot_pick_coke_can__seed000__step040,pick_coke_can,0,exploration,5,0.03958264686959072,0.03829042973836516,0.0355992341879722,-0.0012922171312255565,0.9673539484238408,0.05178611996860507,0.03647024552973211,0.050365629957014685,-0.015315874438872959,0.014023657307647402,0.06997425529448265
google_robot_pick_coke_can__seed000__step040,pick_coke_can,0,exploration,6,0.03860743708639576,0.1567137367352797,0.03849537572039548,0.11810629964888393,4.059159285413988,0.04104466583612387,0.06850529233996942,0.04289634820120443,0.025608944138764994,0.09249735551011894,0.08187448153796595
google_robot_pick_coke_can__seed000__step040,pick_coke_can,0,exploration,7,0.048259519366554086,0.15027556775180403,0.05526825693864099,0.09500731081316305,2.7190212985844746,0.0674784690825218,0.05452609660127731,0.0467803684817454,-0.012952372481244485,0.10795968329440753,0.10805937738302873
google_robot_pick_coke_can__seed000__step040,pick_coke_can,0,exploration,8,0.059104577977300794,0.13063873599246695,0.04797068460670483,0.07153415801516616,2.2102980930282414,0.06288331380199348,0.06389362641402344,0.046654107182195065,0.0010103126120299538,0.0705238454031362,0.1750633140602531
google_robot_pick_coke_can__seed000__step040,pick_coke_can,0,exploration,9,0.05660254760454653,0.17312317741278554,0.07382345151147952,0.09929972590130602,2.3450973080805486,0.10566031281935491,0.04877495001480359,0.058725011041702996,-0.056885362804551316,0.15618508870585734,0.13730442859969116
google_robot_pick_coke_can__seed000__step040,pick_coke_can,0,exploration,10,0.0555109473775081,0.17630453429470078,0.06901997171443869,0.10728456258026209,2.5543988198682297,0.05153779626711698,0.05587598229215457,0.06064895857461256,-0.004772976282457993,0.11205753886272007,0.19628818157752903
google_robot_pick_coke_can__seed000__step040,pick_coke_can,0,exploration,11,0.058712089081264,0.27670168924134425,0.037449407873140245,0.21798960016008026,4.712857157209287,0.08691507608430568,0.06261506514395973,0.04872456663233576,-0.02430001094034595,0.2422896111004262,0.2011627836691332
google_robot_pick_coke_can__seed000__step040,pick_coke_can,0,exploration,12,0.06568801379718305,0.16734093980134615,0.03242597529375085,0.1016529260041631,2.5475110317389804,0.10021480474378293,0.06095921250460932,0.04283298699352929,-0.03925559223917361,0.14090851824333672,0.18973077588680098
google_robot_pick_coke_can__seed000__step040,pick_coke_can,0,exploration,13,0.039459651302832625,0.161738648775995,0.038448721475335304,0.12227899747316237,4.098836239953913,0.06471583159482791,0.042122297074833746,0.056547743217064926,-0.022593534519994164,0.14487253199315653,0.1937432027605155
google_robot_pick_coke_can__seed000__step040,pick_coke_can,0,exploration,14,0.0638465992902739,0.20509460949745992,0.03912942234667778,0.14124801020718603,3.2123027972877964,0.05667595038804605,0.04550616308545534,0.04128740292957578,-0.01116978730259071,0.15241779750977674,0.3764459812396126
google_robot_pick_coke_can__seed000__step040,pick_coke_can,0,exploration,15,0.05713547534484103,0.10878625884918477,0.05886533825808282,0.04992092059110195,1.8480528961242704,0.05272749175548171,0.06165269902640832,0.05795863584675688,0.003694063179651437,0.046226857411450516,0.2313198214943668
google_robot_pick_coke_can__seed000__step040,pick_coke_can,0,exploration,16,0.056225382100516016,0.13596708194435664,0.03020301217044283,0.07974169984384062,2.418250919153981,0.09369694608401485,0.07512521551674153,0.0737005776223812,-0.01857173056727332,0.09831343041111394,0.2711167251900406
google_robot_pick_coke_can__seed000__step040,pick_coke_can,0,exploration,17,0.056724713872498694,0.16830137011295754,0.0515486971833036,0.11157665624045884,2.9669849105145243,0.08223202575687895,0.08649190780427204,0.06685259208937876,0.004259882047393096,0.10731677419306575,0.17834798201943158
google_robot_pick_coke_can__seed000__step040,pick_coke_can,0,exploration,18,0.07521066762424013,0.1104816307577627,0.05198195146290192,0.03527096313352257,1.468962239635204,0.07333600206413879,0.08744844877058222,0.0644873490865808,0.014112446706443432,0.021158516427079138,0.10705788845518782
google_robot_pick_coke_can__seed000__step040,pick_coke_can,0,exploration,19,0.07681119677427882,0.09808637081747348,0.06611469749903495,0.021275174043194664,1.2769801140543995,0.10259439944179459,0.0700858631280179,0.06193527128551683,-0.03250853631377669,0.053783710356971354,0.1161665876966822
google_robot_pick_coke_can__seed000__step040,pick_coke_can,0,exploration,20,0.13822926190172205,0.1758021789436777,0.07713630546845612,0.037572917041955645,1.2718159420446675,0.08132192268281795,0.04450761267199271,0.0488483095578822,-0.03681431001082523,0.07438722705278088,0.10953395837852398
google_robot_pick_coke_can__seed000__step040,pick_coke_can,0,exploration,21,0.09844858485697258,0.24035305579870253,0.08611748070575834,0.14190447094172995,2.441406914562466,0.05943303129488991,0.04811733082111186,0.04645799829589784,-0.01131570047377805,0.153220171415508,0.11045343309617905
google_robot_pick_coke_can__seed000__step040,pick_coke_can,0,exploration,22,0.08541520878633038,0.10526652447275948,0.05958545259590665,0.019851315686429102,1.232409613797093,0.06241445778695628,0.08730076786438358,0.0525522638226582,0.024886310077427302,-0.0050349943909982,0.14141862929133708
google_robot_pick_coke_can__seed000__step040,pick_coke_can,0,exploration,23,0.11530994034055977,0.11807355180703562,0.046998937425031376,0.002763611466475843,1.0239668103054578,0.06353828640694652,0.04325877117029441,0.2049403355234353,-0.16168156435314088,0.1644451758196167,0.12047581502396554
google_robot_pick_coke_can__seed000__step040,pick_coke_can,0,exploration,24,0.11387054384592343,0.1477365795815056,0.06662799908134905,0.03386603573558217,1.2974082198237835,0.08046736825309346,0.05145445803433757,0.0419299685845914,-0.02901291021875589,0.06287894595433806,0.1463731003299813
google_robot_pick_coke_can__seed000__step040,pick_coke_can,0,exploration,25,0.08643176751898239,0.09753052058497776,0.04810977526423602,0.011098753065995365,1.128410576164115,0.1116156811628546,0.048797344323088,0.07860512834990688,-0.06281833683976659,0.07391708990576196,0.1208960764716629
google_robot_pick_coke_can__seed000__step040,pick_coke_can,0,exploration,26,0.08197938943829272,0.10610171680812874,0.05272211971512152,0.024122327369836022,1.2942486829325963,0.11150603417071658,0.04202781716870294,0.05096978393103913,-0.06947821700201365,0.09360054437184967,0.11798902639464082
google_robot_pick_coke_can__seed000__step040,pick_coke_can,0,exploration,27,0.04953114856019795,0.05991503092987816,0.03561812689779611,0.010383882369680214,1.2096434803457083,0.06388436115949182,0.04918309173998253,0.04299135887165667,-0.014701269419509291,0.025085151789189505,0.11062023298098111
google_robot_pick_coke_can__seed000__step040,pick_coke_can,0,exploration,28,0.039188621841858694,0.09871211976370307,0.043547172020052254,0.05516494774365082,2.2667859974523465,0.06297206382655396,0.05081744998977115,0.05471954467225745,-0.012154613836782811,0.06731956158043363,0.13242002941543518
google_robot_pick_coke_can__seed000__step040,pick_coke_can,0,exploration,29,0.05783151273334578,0.05756116622838979,0.035148311380642165,-0.0002703465049559914,0.9953252735026572,0.08936004559644925,0.045231761245806364,0.040022517439632845,-0.044128284350642887,0.043857937845686895,0.2627576569453254
google_robot_pick_coke_can__seed000__step040,pick_coke_can,0,exploration,30,0.05077137001525876,0.06742448969337564,0.046960724725683474,0.016653119678116876,1.3280021727424722,0.06122338892789989,0.042620769348997764,0.04961185311678802,-0.01860261957890213,0.035255739257019005,0.1636587254494941
google_robot_pick_coke_can__seed000__step040,pick_coke_can,0,exploration,31,0.058752519681608543,0.04868541079354172,0.0445795707856443,-0.010067108888066827,0.8286523038905825,0.06323921501473317,0.05385640838496348,0.03906887516541497,-0.009382806629769695,-0.0006843022582971314,0.26827536907353533
google_robot_pick_coke_can__seed000__step071,pick_coke_can,0,exploration,0,0.00491862587802743,0.0023726132504895666,0.0033515591413355588,-0.002546012627537863,0.4823731890421968,0.004146182573903123,0.0019785299126794777,0.0027686847301311547,-0.0021676526612236452,-0.00037835996631421787,0.8269495405256748
google_robot_pick_coke_can__seed000__step071,pick_coke_can,0,exploration,1,0.012588457932904576,0.005458024652074465,0.007111015838769402,-0.00713043328083011,0.43357372929752624,0.01095636659201709,0.0029727708950407113,0.006473531271303973,-0.007983595696976379,0.0008531624161462687,0.4839212449733168
google_robot_pick_coke_can__seed000__step071,pick_coke_can,0,exploration,2,0.0239648443013212,0.018075121439987834,0.033392535227111296,-0.015317413787123462,0.5412922773624178,0.03970069241671495,0.024433192036537394,0.03766801560639455,-0.015267500380177556,-4.991340694590618e-05,0.05541797423643402
google_robot_pick_coke_can__seed000__step071,pick_coke_can,0,exploration,3,0.03004168263292244,0.062203670260040984,0.03428054324596189,0.02792312701407909,1.8145473895711475,0.03170462617112787,0.03016204484861589,0.026497369520764157,-0.0015425813225119801,0.02946570833659107,0.03780914440568495
google_robot_pick_coke_can__seed000__step071,pick_coke_can,0,exploration,4,0.035835800523212245,0.053380498035729224,0.030878149110881534,0.017544697512516978,1.4895857565998167,0.022622530476285846,0.046646256043830395,0.029867554965695185,0.01677870107813521,0.0007659964343817681,0.03341563774097267
google_robot_pick_coke_can__seed000__step071,pick_coke_can,0,exploration,5,0.04933398608475313,0.029091546764783996,0.03761098035176834,-0.020242439319969135,0.5896857131067067,0.04268587026407358,0.022111548054373705,0.026574866326756166,-0.020574322209699878,0.00033188288973074256,0.067392360733038
google_robot_pick_coke_can__seed000__step071,pick_coke_can,0,exploration,6,0.03712758235370523,0.1442056818043214,0.035199456524931436,0.10707809945061617,3.8840579607503063,0.04304739163267515,0.047742235504869536,0.03413112798237401,0.004694843872194383,0.10238325557842179,0.08841824957096378
google_robot_pick_coke_can__seed000__step071,pick_coke_can,0,exploration,7,0.04774021494949142,0.14884457420866343,0.053687336618208056,0.09515723759045537,2.7724335678477816,0.06642642822022653,0.05411963724796799,0.049978307593126846,-0.012306790972258536,0.1074640285627139,0.11646454188030475
google_robot_pick_coke_can__seed000__step071,pick_coke_can,0,exploration,8,0.060566028613070144,0.12059363686394034,0.04899649587627154,0.060027608250870196,1.9911101920576686,0.049563777707644766,0.05462850235171249,0.04514795242040725,0.005064724644067722,0.05496288360680247,0.17662784507137985
google_robot_pick_coke_can__seed000__step071,pick_coke_can,0,exploration,9,0.04712876521472062,0.1715605863208132,0.0727695012532645,0.09879108506754869,2.3575891460863465,0.07931330830127341,0.06362318558499995,0.08742882430787978,-0.02380563872287983,0.12259672379042852,0.13023413152541252
google_robot_pick_coke_can__seed000__step071,pick_coke_can,0,exploration,10,0.05491433119607461,0.13879540158618237,0.06371483404881338,0.07508056753736898,2.1783844164115385,0.06520648221022404,0.046423164665555565,0.05915812210657391,-0.018783317544668478,0.09386388508203747,0.20062579518207713
google_robot_pick_coke_can__seed000__step071,pick_coke_can,0,exploration,11,0.05696754883547904,0.24868447327032422,0.036142290366540965,0.19171692443484517,4.36537078308423,0.0603169701975259,0.09223863951205938,0.04975187493293757,0.031921669314533475,0.1597952551203117,0.19702792532757485
google_robot_pick_coke_can__seed000__step071,pick_coke_can,0,exploration,12,0.04544961734476971,0.15313010062935012,0.02939904475204533,0.10768048328458041,3.369227500151267,0.06207042729640495,0.09574741661230951,0.04499270166384626,0.033676989315904564,0.07400349396867584,0.200284136761411
google_robot_pick_coke_can__seed000__step071,pick_coke_can,0,exploration,13,0.06072604891614785,0.16444277059992876,0.04390267976196817,0.1037167216837809,2.707944507092759,0.07971267798592713,0.03979247482236214,0.03370568580614669,-0.03992020316356499,0.1436369248473459,0.17830013949560453
google_robot_pick_coke_can__seed000__step071,pick_coke_can,0,exploration,14,0.05263187121364132,0.20335136474172927,0.05269128837301003,0.15066007636871925,3.859297637631719,0.0640342556095408,0.05038301585867132,0.042925881145082945,-0.013651239750869487,0.16431131611958874,0.3897030236144019
google_robot_pick_coke_can__seed000__step071,pick_coke_can,0,exploration,15,0.05377904565862039,0.10483076966377333,0.061400381926059594,0.04343038773771374,1.7073309053682122,0.05019362696017831,0.051054594194542495,0.035419613595742576,0.000860967234364185,0.04256942050334955,0.254369927105472
google_robot_pick_coke_can__seed000__step071,pick_coke_can,0,exploration,16,0.07564993834936036,0.11012309019599953,0.039590369551483255,0.03447315184663917,1.4556930593576702,0.05025978806972054,0.06626995592948354,0.04497318907961847,0.016010167859762996,0.018462983986876173,0.2360621343841558
google_robot_pick_coke_can__seed000__step071,pick_coke_can,0,exploration,17,0.053635614662339084,0.14026450827201253,0.04394722652361989,0.08662889360967345,2.6151375192592137,0.08640132150494904,0.0489327894187289,0.042291799229008664,-0.03746853208622014,0.12409742569589359,0.20494771585708804
google_robot_pick_coke_can__seed000__step071,pick_coke_can,0,exploration,18,0.08322464164006087,0.11789499439024348,0.0549661412867185,0.03467035275018261,1.4165875883266494,0.11286956881805518,0.050946169356669485,0.05875127466037675,-0.0619233994613857,0.09659375221156831,0.1339278876793628
google_robot_pick_coke_can__seed000__step071,pick_coke_can,0,exploration,19,0.08554922015613114,0.09523366429879192,0.07515756440664058,0.009684444142660772,1.1132031843772068,0.08254179286152494,0.06080332906069887,0.06160503745472942,-0.021738463800826065,0.03142290794348684,0.10059407434494005
google_robot_pick_coke_can__seed000__step071,pick_coke_can,0,exploration,20,0.08513761773002203,0.1352254988427072,0.08036529280437196,0.05008788111268518,1.5883166859509474,0.15019241789163357,0.07887872314516496,0.0481668669500606,-0.0713136947464686,0.12140157585915379,0.0663619584567563
google_robot_pick_coke_can__seed000__step071,pick_coke_can,0,exploration,21,0.08558244100621355,0.22730636157377204,0.08125513312162146,0.1417239205675585,2.655992968899647,0.1134348131215416,0.056675541771290104,0.047697759491883485,-0.0567592713502515,0.19848319191781,0.10885070787443141
google_robot_pick_coke_can__seed000__step071,pick_coke_can,0,exploration,22,0.11050182794761072,0.12885125791156452,0.05579042044065853,0.018349429963953792,1.1660554427448324,0.11398306106260152,0.07449143291253082,0.050970161144504124,-0.03949162815007069,0.057841058114024485,0.12574082093780703
google_robot_pick_coke_can__seed000__step071,pick_coke_can,0,exploration,23,0.12633802697982152,0.09708267088585618,0.04527764638584188,-0.029255356093965346,0.7684358637432421,0.09936823984158928,0.0403522359206426,0.08538203035305801,-0.059016003920946684,0.02976064782698134,0.10714399081538772
google_robot_pick_coke_can__seed000__step071,pick_coke_can,0,exploration,24,0.08095513066301327,0.20462727059155605,0.06419026793857349,0.12367213992854278,2.5276627795629762,0.18997151383434985,0.11583582154800882,0.09915502797141006,-0.07413569228634102,0.1978078322148838,0.14828667664401252
google_robot_pick_coke_can__seed000__step071,pick_coke_can,0,exploration,25,0.06610323479687379,0.1112099058836468,0.05606268854997841,0.04510667108677302,1.6823670766699945,0.07079298081060398,0.03762452674426987,0.040481252210338665,-0.033168454066334105,0.07827512515310713,0.12256699249684644
google_robot_pick_coke_can__seed000__step071,pick_coke_can,0,exploration,26,0.07974830068979002,0.08172151417099169,0.06556437323901379,0.0019732134812016633,1.024743016015817,0.0777261725917913,0.06712607550552614,0.05566494229713817,-0.010600097086265164,0.012573310567466828,0.11651898319235876
google_robot_pick_coke_can__seed000__step071,pick_coke_can,0,exploration,27,0.06310700315272866,0.04622812674239815,0.03761082668024867,-0.016878876410330507,0.732535605129576,0.07809824230342804,0.03844140952621686,0.03460605381370996,-0.03965683277721119,0.02277795636688068,0.12180190197796747
google_robot_pick_coke_can__seed000__step071,pick_coke_can,0,exploration,28,0.056114105134294275,0.056476379141828306,0.04166482906044472,0.00036227400753403166,1.0064560239652227,0.07529896975439133,0.05195271260006976,0.042194187938560536,-0.02334625715432157,0.023708531161855603,0.11622261595367434
google_robot_pick_coke_can__seed000__step071,pick_coke_can,0,exploration,29,0.060297855641720924,0.06293815937169314,0.03727964803873586,0.002640303729972218,1.0437876886644266,0.07890897469324334,0.029704668897925578,0.06583013358153215,-0.04920430579531777,0.051844609525289985,0.300132536652427
google_robot_pick_coke_can__seed000__step071,pick_coke_can,0,exploration,30,0.05174317337073939,0.05765295524736483,0.05149836805905475,0.005909781876625442,1.1142137501749634,0.052325794135156804,0.0469504043020796,0.038759302077599825,-0.005375389833077206,0.011285171709702647,0.17097662036405836
google_robot_pick_coke_can__seed000__step071,pick_coke_can,0,exploration,31,0.05908012770601174,0.043153072007540996,0.04160050387764541,-0.015927055698470742,0.7304160245264657,0.050662639870899924,0.04407721055431465,0.04078813314386911,-0.006585429316585276,-0.009341626381885466,0.2688862527143101
google_robot_pick_coke_can__seed001__step008,pick_coke_can,1,exploration,0,0.005526257263898222,0.0033004979289929363,0.004238488046216694,-0.002225759334905286,0.597239283548078,0.0049039046847131045,0.003594777774954402,0.0032524763580482233,-0.0013091269097587027,-0.0009166324251465834,0.7924474105238914
google_robot_pick_coke_can__seed001__step008,pick_coke_can,1,exploration,1,0.016048253412758246,0.005377954801823191,0.008337361134582064,-0.010670298610935054,0.3351115329190749,0.016496090671990416,0.003876858439178022,0.007788661729499733,-0.012619232232812394,0.0019489336218773395,0.4047633338486776
google_robot_pick_coke_can__seed001__step008,pick_coke_can,1,exploration,2,0.040046216228909415,0.02115692006917587,0.028023508944732406,-0.018889296159733546,0.528312586343742,0.02749616714013305,0.015754431879056476,0.030780657799353493,-0.015026225920297016,-0.0038630702394365293,0.033812332053798855
google_robot_pick_coke_can__seed001__step008,pick_coke_can,1,exploration,3,0.035411109518284724,0.03185179023634778,0.03238539443795956,-0.0035593192819369443,0.8994858017623235,0.028520767833391567,0.04017674609798983,0.027709759100638796,0.011655978264598264,-0.015215297546535209,0.028452554364378102
google_robot_pick_coke_can__seed001__step008,pick_coke_can,1,exploration,4,0.03555808670546844,0.0631456278235161,0.028242032795972385,0.027587541118047655,1.7758443626778433,0.029892272101544725,0.046510007365818284,0.023095547049255403,0.01661773526427356,0.010969805853774096,0.057044144936298835
google_robot_pick_coke_can__seed001__step008,pick_coke_can,1,exploration,5,0.0546907049477412,0.03343594490802452,0.03435187093217599,-0.02125476003971668,0.6113643066033558,0.040563362393997666,0.060589007376645715,0.04043692749367825,0.02002564498264805,-0.04128040502236473,0.08374863125368393
google_robot_pick_coke_can__seed001__step008,pick_coke_can,1,exploration,6,0.04314592999027052,0.10576435356894073,0.03978997307947844,0.06261842357867022,2.4513170441056844,0.036917846415307994,0.1303617686500319,0.03452765541970775,0.09344392223472392,-0.030825498656053704,0.13752024058567258
google_robot_pick_coke_can__seed001__step008,pick_coke_can,1,exploration,7,0.05417108436737539,0.21390333298881048,0.05546019756940324,0.15844313541940724,3.8568801115634415,0.047528649507866394,0.08604733568034868,0.05032002727543584,0.035727308404912846,0.1227158270144944,0.07029824600215306
google_robot_pick_coke_can__seed001__step008,pick_coke_can,1,exploration,8,0.05892911583549357,0.1255939625991017,0.04956048201080602,0.06666484676360812,2.131271796945157,0.07535119722897464,0.12135656697375105,0.032100945248677584,0.04600536974477641,0.02065947701883171,0.17478214101674894
google_robot_pick_coke_can__seed001__step008,pick_coke_can,1,exploration,9,0.057520920967121046,0.086272655107599,0.05505571991190717,0.028751734140477957,1.4998482927092291,0.06450044906394597,0.08399448504495255,0.06583289467842626,0.018161590366526287,0.01059014377395167,0.1322187035996194
google_robot_pick_coke_can__seed001__step008,pick_coke_can,1,exploration,10,0.060923365914605336,0.13909069075144329,0.05580164207922314,0.07816732483683794,2.2830434376590913,0.072101531542213,0.07701044962539756,0.06078322323537571,0.004908918083184569,0.07325840675365337,0.1946160799207064
google_robot_pick_coke_can__seed001__step008,pick_coke_can,1,exploration,11,0.05452962122454237,0.28443874322855467,0.03489875901116786,0.2299091220040123,5.216224445376051,0.06697958489410764,0.13984028401690737,0.044443428939803034,0.07286069912279973,0.15704842288121257,0.19918152791251487
google_robot_pick_coke_can__seed001__step008,pick_coke_can,1,exploration,12,0.05628548169169177,0.19174875661795945,0.06309544904809795,0.12865330756986149,3.039026736647654,0.06339713897530722,0.08586304985925963,0.03545217184266918,0.022465910883952417,0.10618739668590907,0.14567467775168552
google_robot_pick_coke_can__seed001__step008,pick_coke_can,1,exploration,13,0.04480375890912884,0.15280924117207237,0.03946912903242682,0.10800548226294353,3.410634395252431,0.06036116109337631,0.09462982840320916,0.05007488792390025,0.03426866730983285,0.07373681495311069,0.18051902878249848
google_robot_pick_coke_can__seed001__step008,pick_coke_can,1,exploration,14,0.04942992370087742,0.32000423362310154,0.05661305673903867,0.2633911768840629,5.652481106932284,0.07148598947572693,0.18706590172798057,0.04318572203544428,0.11557991225225364,0.14781126463180924,0.36274366224301957
google_robot_pick_coke_can__seed001__step008,pick_coke_can,1,exploration,15,0.047359667565106574,0.14980874889273713,0.059469006927220035,0.09033974196551708,2.5191062812950213,0.05007410062174011,0.10201156055145115,0.042911631745236815,0.05193745992971104,0.03840228203580604,0.2510877371967126
google_robot_pick_coke_can__seed001__step008,pick_coke_can,1,exploration,16,0.04723489872541552,0.18840998581103974,0.04391798836281117,0.1411750870856242,3.988787758523607,0.07615913568233804,0.08379932726235885,0.034723155402010576,0.007640191580020814,0.13353489550560338,0.21388701332023174
google_robot_pick_coke_can__seed001__step008,pick_coke_can,1,exploration,17,0.07453513326250481,0.28171397857103564,0.07136211946845479,0.2071788453085308,3.779613267462325,0.07758985456475491,0.12847709203545737,0.04452473716174732,0.050887237470702465,0.15629160783782836,0.17634015551652737
google_robot_pick_coke_can__seed001__step008,pick_coke_can,1,exploration,18,0.10381521148126165,0.13874132083412682,0.06125205621688061,0.03492610935286518,1.3364257400676705,0.08718293405596068,0.06609906039544587,0.03714483502775644,-0.021083873660514812,0.05600998301337999,0.08203039449713856
google_robot_pick_coke_can__seed001__step008,pick_coke_can,1,exploration,19,0.10273305989016136,0.11645049778602809,0.15251492817527795,-0.03606443038924986,0.7635350793477556,0.11886991567208822,0.07759305733059169,0.09387805250183556,-0.04127685834149654,0.005212427952246676,0.11528143883900555
google_robot_pick_coke_can__seed001__step008,pick_coke_can,1,exploration,20,0.1340328263149462,0.11818691581475448,0.12945880896964373,-0.015845910500191726,0.8817758982194593,0.09365352747440596,0.08758049694850173,0.06587256642641745,-0.00607303052590423,-0.009772879974287496,0.15903277899226254
google_robot_pick_coke_can__seed001__step008,pick_coke_can,1,exploration,21,0.1186346372767546,0.24933081448294214,0.13756641253381163,0.11176440194913051,1.8124396056461864,0.13099400927234253,0.1118326706707675,0.12139491079306781,-0.019161338601575026,0.13092574055070555,0.1124410964074869
google_robot_pick_coke_can__seed001__step008,pick_coke_can,1,exploration,22,0.1398831910986321,0.16559222293881257,0.13111133776534184,0.025709031840180474,1.1837892861770143,0.11610418639555145,0.11972919286527225,0.06225552796499323,0.003625006469720804,0.02208402537045967,0.1565644122243839
google_robot_pick_coke_can__seed001__step008,pick_coke_can,1,exploration,23,0.09143484217960218,0.07543949974272765,0.12204036128514288,-0.04660086154241523,0.6181520518975357,0.06387574196658824,0.08239363722602522,0.05893414746344761,0.01851789525943698,-0.06511875680185221,0.09519609200239643
google_robot_pick_coke_can__seed001__step008,pick_coke_can,1,exploration,24,0.1302761260852093,0.16725696440120985,0.0893307132317637,0.03698083831600055,1.2838650444043187,0.13234781622443167,0.10858368725075875,0.09191933088330935,-0.02376412897367293,0.06074496728967348,0.13694604637035823
google_robot_pick_coke_can__seed001__step008,pick_coke_can,1,exploration,25,0.0613808751856574,0.08179376029801336,0.06432374712032296,0.017470013177690397,1.2715950789528985,0.04185744956558665,0.041384891070182145,0.05250796010723772,-0.011123069037055573,0.02859308221474597,0.13087144259838368
google_robot_pick_coke_can__seed001__step008,pick_coke_can,1,exploration,26,0.08629163895886918,0.05762067295317711,0.08884262136923991,-0.0312219484160628,0.6485701577140449,0.10121916304594214,0.062357969938420375,0.052822112834926035,-0.038861193107521765,0.007639244691458963,0.1445607418821382
google_robot_pick_coke_can__seed001__step008,pick_coke_can,1,exploration,27,0.055455404303279686,0.040873512612021705,0.04483218392835499,-0.014581891691257981,0.7370519271393069,0.06900697357414994,0.06850793010109932,0.04598306319055597,-0.0004990434730506171,-0.014082848218207364,0.08944932019179674
google_robot_pick_coke_can__seed001__step008,pick_coke_can,1,exploration,28,0.0874312383264111,0.0453715594766158,0.07170648089166978,-0.0420596788497953,0.5189399160426855,0.04927527644690354,0.030347886043998136,0.03335643942506944,-0.018927390402905406,-0.023132288446889894,0.1133287924533235
google_robot_pick_coke_can__seed001__step008,pick_coke_can,1,exploration,29,0.061425998480475245,0.03856522895718414,0.06947269643616667,-0.030907467478982535,0.5551134609064566,0.05347336402748625,0.04719755777120607,0.041168312840079664,-0.0062758062562801795,-0.024631661222702356,0.21614591463236366
google_robot_pick_coke_can__seed001__step008,pick_coke_can,1,exploration,30,0.06343380756832837,0.06446261535701536,0.03593649380504203,0.0010288077886869973,1.0162186037402658,0.04909298120347693,0.038855624796226666,0.03703087533352937,-0.010237356407250264,0.011266164195937262,0.1276464120982297
google_robot_pick_coke_can__seed001__step008,pick_coke_can,1,exploration,31,0.05494703360762556,0.06199638551260683,0.03873323237021091,0.007049351904981273,1.128293584605866,0.05059041917952694,0.046786255160215326,0.0386004845566113,-0.0038041640193116136,0.010853515924292886,0.2569264276271497
google_robot_pick_coke_can__seed001__step040,pick_coke_can,1,exploration,0,0.004549969486800212,0.00257936773182983,0.0033676330634311072,-0.001970601754970382,0.5668978087243796,0.0052327405704889205,0.003483450189655359,0.0035983150260439144,-0.0017492903808335614,-0.00022131137413682056,0.813919335603714
google_robot_pick_coke_can__seed001__step040,pick_coke_can,1,exploration,1,0.012754884818820976,0.004102966340995953,0.00830820652762493,-0.008651918477825022,0.32167803937685574,0.01620491083015367,0.005077948668606177,0.008474814174652756,-0.011126962161547495,0.0024750436837224724,0.40348520420957357
google_robot_pick_coke_can__seed001__step040,pick_coke_can,1,exploration,2,0.029489196433818265,0.020780602588533693,0.03589442207973143,-0.01511381949119774,0.5789368203888122,0.03641599869773169,0.02322304687098767,0.0328390495412603,-0.013192951826744018,-0.001920867664453721,0.03146654841214058
google_robot_pick_coke_can__seed001__step040,pick_coke_can,1,exploration,3,0.04074272990863008,0.03436688782197219,0.03934757583319168,-0.006375842086657889,0.8435096985166091,0.03805203682041888,0.04053189082889967,0.03773694344030639,0.002479854008480789,-0.008855696095138678,0.02608842916163212
google_robot_pick_coke_can__seed001__step040,pick_coke_can,1,exploration,4,0.02992254537450075,0.06846468109536433,0.03242452833007464,0.036040152765289685,2.111508929240505,0.03034877682752545,0.05714099829823482,0.02618125741095371,0.02679222147070937,0.009247931294580316,0.0607691696159236
google_robot_pick_coke_can__seed001__step040,pick_coke_can,1,exploration,5,0.04469719835575542,0.0313515069725146,0.033489464896680456,-0.01334569138324082,0.7014199575324754,0.04180240801045242,0.02667423422637142,0.033629685768488654,-0.015128173784081003,0.0017824824008401824,0.08288622143004432
google_robot_pick_coke_can__seed001__step040,pick_coke_can,1,exploration,6,0.03726794808045671,0.06027145089524381,0.04688614498097679,0.013385305914267016,1.2854853159648305,0.052932168276903405,0.08711510459000595,0.03591492935143521,0.03418293631310254,-0.020797630398835525,0.10382414419927954
google_robot_pick_coke_can__seed001__step040,pick_coke_can,1,exploration,7,0.05209869102936912,0.15446942173064696,0.05207316858732535,0.10237073070127783,2.9649386324038223,0.054614828949075996,0.07986297853816048,0.050093529967286,0.02524814958908448,0.07712258111219336,0.07597646309409356
google_robot_pick_coke_can__seed001__step040,pick_coke_can,1,exploration,8,0.07197007953051023,0.13108474705921871,0.052409872568330594,0.05911466752870849,1.8213783827159458,0.05979125587512083,0.09531406097058266,0.04668094618474263,0.03552280509546183,0.02359186243324666,0.16262587818891916
google_robot_pick_coke_can__seed001__step040,pick_coke_can,1,exploration,9,0.06911642230235103,0.06672231295767884,0.06740650558001257,-0.002394109344672185,0.965361208452036,0.0370654144223006,0.05237254938438264,0.054905901566791517,-0.0025333521824088753,0.00013924283773669027,0.14115959248874788
google_robot_pick_coke_can__seed001__step040,pick_coke_can,1,exploration,10,0.07583067765191996,0.06097291067883985,0.03412402094231693,-0.014857766973080111,0.8040665409680151,0.049401341388204414,0.05789302332787051,0.042550825160016285,0.008491681939666096,-0.023349448912746207,0.15684415172790978
google_robot_pick_coke_can__seed001__step040,pick_coke_can,1,exploration,11,0.07958682796107532,0.18016758940430938,0.036926074631482356,0.10058076144323407,2.2637865337770036,0.05399322077591455,0.10378375144020846,0.04428880714285875,0.04979053066429391,0.050790230778940154,0.18523340215892858
google_robot_pick_coke_can__seed001__step040,pick_coke_can,1,exploration,12,0.07654767459248142,0.09461643163996326,0.05903596761991474,0.018068757047481843,1.2360457994795386,0.04466053487790439,0.06241037235998525,0.04991016814068098,0.01250020421930427,0.005568552828177573,0.15706042143506238
google_robot_pick_coke_can__seed001__step040,pick_coke_can,1,exploration,13,0.040633445844504366,0.06462468085024699,0.039918339922577886,0.02399123500574262,1.5904307278676788,0.03898497823537656,0.062070098189361905,0.024521062242804766,0.023085119953985343,0.000906115051757278,0.1640892119161208
google_robot_pick_coke_can__seed001__step040,pick_coke_can,1,exploration,14,0.05233046082602209,0.11507398335429445,0.04245322790338023,0.06274352252827235,2.1989866234289344,0.05029686738970432,0.047029724794363556,0.049385632492579074,-0.0032671425953407635,0.06601066512361312,0.29271069056403576
google_robot_pick_coke_can__seed001__step040,pick_coke_can,1,exploration,15,0.05266926997186719,0.08768615971920812,0.05356280322375771,0.03412335649545041,1.6370718939578397,0.05993868709187577,0.05421110600671344,0.07028463225374734,-0.016073526247033905,0.050196882742484315,0.22009731514060604
google_robot_pick_coke_can__seed001__step040,pick_coke_can,1,exploration,16,0.054953333021711855,0.09232068750378163,0.04559866779953961,0.03736735448206977,1.6799834045972437,0.06821071107348557,0.04427552231684968,0.04051177292423708,-0.02393518875663589,0.06130254323870566,0.19311818539875958
google_robot_pick_coke_can__seed001__step040,pick_coke_can,1,exploration,17,0.05656585688730567,0.11719987547958972,0.056134063223456813,0.06063401859228405,2.071919032590335,0.06383806077458258,0.045210531815918054,0.04834051062983302,-0.018627528958664527,0.07926154755094858,0.14087570750768919
google_robot_pick_coke_can__seed001__step040,pick_coke_can,1,exploration,18,0.07785719820225259,0.0964595527481313,0.043798796464999346,0.018602354545878705,1.2389291545985852,0.1000006333223029,0.05997968837800241,0.047095048695138475,-0.04002094494430049,0.05862329949017919,0.08732128334594336
google_robot_pick_coke_can__seed001__step040,pick_coke_can,1,exploration,19,0.05568253667104579,0.0713167840077553,0.07471279979167265,-0.00339601578391735,0.9545457298697584,0.11781734971434779,0.05663663741914375,0.10672048148563948,-0.06118071229520404,0.05778469651128669,0.1362572531226931
google_robot_pick_coke_can__seed001__step040,pick_coke_can,1,exploration,20,0.0782080785997664,0.0827002016833869,0.05843840595453946,0.0044921230836205,1.0574380954505884,0.15042065201156718,0.08581702747600742,0.1314035424433412,-0.06460362453555976,0.06909574761918026,0.1847873608246502
google_robot_pick_coke_can__seed001__step040,pick_coke_can,1,exploration,21,0.07152891223704445,0.13162705599523988,0.116947730025825,0.014679325969414889,1.1255204010045627,0.1114025615425965,0.08269777159896372,0.08234015336136669,-0.02870478994363279,0.04338411591304768,0.09966779554071437
google_robot_pick_coke_can__seed001__step040,pick_coke_can,1,exploration,22,0.0889998096455544,0.0823824279662004,0.0805140063113911,-0.006617381679353995,0.9256472378344628,0.10484442231336134,0.07744734520551215,0.08496169022618143,-0.027397077107849194,0.0207796954284952,0.15033683027310474
google_robot_pick_coke_can__seed001__step040,pick_coke_can,1,exploration,23,0.07762630968789064,0.06556776421454287,0.12541768058479832,-0.059849916370255454,0.52279522240256,0.09100135830292239,0.08737229013111159,0.0756496656320159,-0.003629068171810801,-0.05622084819844465,0.10033902879595757
google_robot_pick_coke_can__seed001__step040,pick_coke_can,1,exploration,24,0.09739376726659862,0.10573657835051278,0.054705318527258635,0.008342811083914159,1.0856606261166297,0.12839114703696602,0.08935223162195115,0.08002553048828721,-0.03903891541501488,0.047381726498929036,0.12766530695759215
google_robot_pick_coke_can__seed001__step040,pick_coke_can,1,exploration,25,0.11815794324462055,0.05940678112062086,0.05678094253185469,-0.05875116212399969,0.5027743331451863,0.09666564670687747,0.060888004098819754,0.049582637044886184,-0.035777642608057714,-0.022973519515941974,0.08393072349127184
google_robot_pick_coke_can__seed001__step040,pick_coke_can,1,exploration,26,0.1289489576390968,0.06410850179037991,0.06637957942669924,-0.0648404558487169,0.4971618457731718,0.08666365764284414,0.06081679592511782,0.05200828200481293,-0.02584686171772632,-0.03899359413099057,0.12976783055888852
google_robot_pick_coke_can__seed001__step040,pick_coke_can,1,exploration,27,0.04859313626866039,0.06332596013305866,0.06576910650315307,-0.0024431463700944067,0.9628526750629145,0.06102108183360411,0.04123596485341999,0.038722118195895314,-0.01978511698018412,0.017341970610089713,0.0663261817780274
google_robot_pick_coke_can__seed001__step040,pick_coke_can,1,exploration,28,0.07612014454672758,0.056538971429119206,0.051876913761892365,-0.019581173117608375,0.742759643531836,0.09139564418119023,0.051546840728110034,0.045751257203180545,-0.039848803453080194,0.02026763033547182,0.09940756391145555
google_robot_pick_coke_can__seed001__step040,pick_coke_can,1,exploration,29,0.08186467493348817,0.05595079307198586,0.03931307347067338,-0.025913881861502314,0.6834546538839088,0.06457213338611631,0.06606642987371886,0.0404591980212212,0.0014942964876025477,-0.02740817834910486,0.1781413782246659
google_robot_pick_coke_can__seed001__step040,pick_coke_can,1,exploration,30,0.045869893522637116,0.05695109975890292,0.04678682063584619,0.01016427912305673,1.217246630245896,0.0435835282735191,0.040533776598748704,0.032574972993214074,-0.0030497516747703957,0.013214030797827125,0.11854045687005055
google_robot_pick_coke_can__seed001__step040,pick_coke_can,1,exploration,31,0.05609891509015052,0.04227689265284283,0.0604271342934961,-0.01815024164065327,0.6996342478778309,0.0560559664818937,0.05112968008221484,0.04434091840973594,-0.0049262863996788545,-0.013223955240974417,0.23480164405282267
google_robot_pick_coke_can__seed001__step071,pick_coke_can,1,exploration,0,0.004386957700077407,0.0027962404049946,0.003151478606227207,-0.0015907172950828069,0.6373985336000073,0.004566885879127348,0.0027032013503129992,0.0031841189571313296,-0.0018636845288143486,0.00027296723373154176,0.811743289232254
google_robot_pick_coke_can__seed001__step071,pick_coke_can,1,exploration,1,0.011165858779419287,0.003931494658530833,0.008473070833847855,-0.007234364120888454,0.3520996222679526,0.014340859872589061,0.004622673444538898,0.0110731872309635,-0.009718186428050163,0.0024838223071617094,0.4097995744086802
google_robot_pick_coke_can__seed001__step071,pick_coke_can,1,exploration,2,0.03197768575478184,0.02072816131421947,0.038141597637646504,-0.017413436323427036,0.5434528860364352,0.03852495418310629,0.02500906544809947,0.037506047157513316,-0.013515888735006816,-0.00389754758842022,0.031340584229951673
google_robot_pick_coke_can__seed001__step071,pick_coke_can,1,exploration,3,0.04666549111601134,0.039054991088864593,0.04101202105187913,-0.007610500027146749,0.836913748357927,0.03709967397125158,0.039836814785312265,0.025092184373278485,0.002737140814060686,-0.010347640841207435,0.026308182790813817
google_robot_pick_coke_can__seed001__step071,pick_coke_can,1,exploration,4,0.025175564688435514,0.06608516116373933,0.029698600199050934,0.0363865609646884,2.225194477881526,0.033966858887299604,0.06029809307945459,0.0383251971276541,0.021972895951800492,0.014413665012887905,0.061240912519224366
google_robot_pick_coke_can__seed001__step071,pick_coke_can,1,exploration,5,0.03695514517741676,0.03291312231391112,0.03376515142367914,-0.004042022863505634,0.8906235425649008,0.053047196218823665,0.045588949730823176,0.041828053414927006,-0.007458246488000489,0.0034162236244948546,0.08605410806421787
google_robot_pick_coke_can__seed001__step071,pick_coke_can,1,exploration,6,0.04094190867101194,0.0826215375080429,0.04467302511089064,0.03794851239715225,1.8494726359576878,0.040740691904758486,0.0732528258581402,0.04154170189663862,0.03171112396150159,0.006237388435650665,0.10744555238602516
google_robot_pick_coke_can__seed001__step071,pick_coke_can,1,exploration,7,0.0571381161027999,0.16146139149357117,0.048793738906058336,0.10432327539077127,2.8258088034102893,0.05861935774069488,0.0687634460980362,0.06754386876672654,0.0012195773313096597,0.10310369805946161,0.08253178634652159
google_robot_pick_coke_can__seed001__step071,pick_coke_can,1,exploration,8,0.06329215437518348,0.12873713727883976,0.055069306865595566,0.06544498290365627,2.034014145192645,0.07647482483472343,0.07329778071102075,0.05018792337424188,-0.003177044123702677,0.06862202702735895,0.1601497427668619
google_robot_pick_coke_can__seed001__step071,pick_coke_can,1,exploration,9,0.056015821624689925,0.08270658916001875,0.06665756384016816,0.016049025319850585,1.2407682548725156,0.049910336147987684,0.04713057389805138,0.05685457307169142,-0.009723999173640044,0.02577302449349063,0.15634995457048717
google_robot_pick_coke_can__seed001__step071,pick_coke_can,1,exploration,10,0.0626157150150779,0.07966135545533691,0.04245494973544358,0.01704564044025901,1.2722262364352848,0.08021712362519512,0.05106241077097022,0.04853226004342571,-0.0291547128542249,0.04620035329448391,0.17313400437660675
google_robot_pick_coke_can__seed001__step071,pick_coke_can,1,exploration,11,0.0717824151103857,0.22079026546094302,0.037848476161367106,0.1490078503505573,3.075826650878432,0.07103060388363262,0.0688295175681271,0.03669092150556152,-0.0022010863155055294,0.15120893666606283,0.19871928656573346
google_robot_pick_coke_can__seed001__step071,pick_coke_can,1,exploration,12,0.07830512764436726,0.15303590741647033,0.06098815934444971,0.07473077977210307,1.9543535911403205,0.041964849636215135,0.056490316049787256,0.03197921515045438,0.014525466413572122,0.06020531335853095,0.1739724584749638
google_robot_pick_coke_can__seed001__step071,pick_coke_can,1,exploration,13,0.04062609968481021,0.11425250718530541,0.0372998198498894,0.0736264075004952,2.81229328120867,0.06302178696195648,0.03997374605623824,0.04981182335731674,-0.023048040905718242,0.09667444840621345,0.1761903764758017
google_robot_pick_coke_can__seed001__step071,pick_coke_can,1,exploration,14,0.05197759488143068,0.2088381375121223,0.04640658139513646,0.1568605426306916,4.017849190377429,0.08113860118123187,0.05984713613164634,0.06419855462037796,-0.021291465049585526,0.1781520076802771,0.3399203577773733
google_robot_pick_coke_can__seed001__step071,pick_coke_can,1,exploration,15,0.061174304840106525,0.1473978738394816,0.061369531409133746,0.08602834243034786,2.4018086899966797,0.0644821919185224,0.04663021238203296,0.04089582423260783,-0.017851979536489447,0.1038803219668373,0.2063938044813085
google_robot_pick_coke_can__seed001__step071,pick_coke_can,1,exploration,16,0.05248452041566955,0.153067124273277,0.048997360852699755,0.10058260385760746,2.916424177281383,0.09871747925776106,0.04593095691277975,0.045675873493871574,-0.05278652234498131,0.15336912620258877,0.1917593812981977
google_robot_pick_coke_can__seed001__step071,pick_coke_can,1,exploration,17,0.050931910048951506,0.2045502069371851,0.05881109816410451,0.14573910877308058,3.478088546593962,0.06644560458834932,0.053846246128645935,0.03417937603199707,-0.012599358459703384,0.15833846723278397,0.1304926249012226
google_robot_pick_coke_can__seed001__step071,pick_coke_can,1,exploration,18,0.0825688778293076,0.11136897380739189,0.04664278066541848,0.028800095978084292,1.3488008646262815,0.10889709774396925,0.051798415770308005,0.05947205992018412,-0.05709868197366124,0.08589877795174553,0.08290035920174432
google_robot_pick_coke_can__seed001__step071,pick_coke_can,1,exploration,19,0.07891932254049615,0.09358528942840445,0.10683419241698192,-0.013248902988577463,0.8759863046760723,0.10384761047573493,0.07716053367261946,0.05268761719663943,-0.026687076803115467,0.013438173814538004,0.14167046550116424
google_robot_pick_coke_can__seed001__step071,pick_coke_can,1,exploration,20,0.09286960964217314,0.09288819284931636,0.06510069897096582,1.8583207143221814e-05,1.0002000999811975,0.09014676859513908,0.04056136557200914,0.05077969229237951,-0.049585403023129936,0.04960398623027316,0.1888669734062347
google_robot_pick_coke_can__seed001__step071,pick_coke_can,1,exploration,21,0.07763950210060606,0.18755674518940896,0.10241641808622744,0.08514032710318152,1.8313152197092006,0.09443135763008582,0.059388493642796664,0.06674726744821914,-0.03504286398728916,0.12018319109047068,0.1229806222134826
google_robot_pick_coke_can__seed001__step071,pick_coke_can,1,exploration,22,0.10512328938733387,0.09671073757164284,0.0879720587480763,-0.008412551815691033,0.9199744237007803,0.07327430746343755,0.06580044581293602,0.05834155478809049,-0.007473861650501526,-0.0009386901651895069,0.1627177321954889
google_robot_pick_coke_can__seed001__step071,pick_coke_can,1,exploration,23,0.05331776945454598,0.0633349077906249,0.1031177829891322,-0.0397828751985073,0.6141996652245704,0.08780311417655536,0.04747448924437277,0.13745111461502774,-0.08997662537065497,0.050193750172147666,0.10488146967945511
google_robot_pick_coke_can__seed001__step071,pick_coke_can,1,exploration,24,0.08830228792639928,0.1295675987365377,0.04446546770705896,0.041265310810138414,1.4673187046357554,0.09565656777321462,0.052110242791035044,0.07151636469693827,-0.04354632498217957,0.08481163579231799,0.1341870795619613
google_robot_pick_coke_can__seed001__step071,pick_coke_can,1,exploration,25,0.11999893409612293,0.07592612868128094,0.05002456879807659,-0.04407280541484199,0.6327233591963553,0.06539486268203021,0.04074175937886932,0.07194474345096159,-0.031202984072092273,-0.012869821342749714,0.07950856000073259
google_robot_pick_coke_can__seed001__step071,pick_coke_can,1,exploration,26,0.14165582789615738,0.08205642514960881,0.07263550438427259,-0.05959940274654857,0.5792661436404956,0.09527711229515608,0.061451983640054185,0.06255288067067456,-0.03382512865510189,-0.025774274091446676,0.1094368501547418
google_robot_pick_coke_can__seed001__step071,pick_coke_can,1,exploration,27,0.04167010843326805,0.0867450414157798,0.057382131036283514,0.02936291037949628,1.5117082591604991,0.06572252625296937,0.03887673876839468,0.050953188425642254,-0.02684578748457469,0.05620869786407097,0.07258889548818459
google_robot_pick_coke_can__seed001__step071,pick_coke_can,1,exploration,28,0.06293717481953026,0.06824351746630625,0.03930446536693551,0.0053063426467759855,1.0843117388410222,0.06779620639272058,0.05010527675204677,0.050917720378233985,-0.017690929640673807,0.022997272287449792,0.11872413762431222
google_robot_pick_coke_can__seed001__step071,pick_coke_can,1,exploration,29,0.0622618118596665,0.042945807063118235,0.04184477819027573,-0.019316004796548263,0.6897616015402008,0.06968139726530975,0.033852035382024755,0.04906976757439274,-0.035829361883285,0.016513357086736735,0.17750216307979372
google_robot_pick_coke_can__seed001__step071,pick_coke_can,1,exploration,30,0.04672588049332032,0.06967328921465508,0.04277122875913439,0.022947408721334765,1.4911070370223458,0.06837268385991696,0.046887820409171055,0.04545691068577179,-0.021484863450745906,0.04443227217208067,0.1173353462025375
google_robot_pick_coke_can__seed001__step071,pick_coke_can,1,exploration,31,0.06297797721072713,0.04861716391864013,0.060660091259026716,-0.014360813292087007,0.77197087095962,0.047676974642815534,0.03218822992260421,0.043423217500299795,-0.015488744720211327,0.0011279314281243194,0.23651936480609947
google_robot_pick_coke_can__seed003__step008,pick_coke_can,3,validation,0,0.004746044874920303,0.002219379407059479,0.003261870534343546,-0.0025266654678608243,0.4676271433478065,0.004275931039316072,0.0033311701689696434,0.003216595502738483,-0.0009447608703464288,-0.0015819045975143955,0.8213094472885132
google_robot_pick_coke_can__seed003__step008,pick_coke_can,3,validation,1,0.01204457347478453,0.003690383959207384,0.007908257097214138,-0.008354189515577147,0.3063939098327766,0.015567238419061942,0.0038796941248984487,0.00810209955837305,-0.011687544294163493,0.0033333547785863466,0.4346181694418192
google_robot_pick_coke_can__seed003__step008,pick_coke_can,3,validation,2,0.025813248934708027,0.018936142055960493,0.033818594448111215,-0.014882452392150722,0.5599328524730597,0.03001445917978543,0.019435247991454494,0.03078991396067012,-0.011354665969215624,-0.003527786422935098,0.036087800658151536
google_robot_pick_coke_can__seed003__step008,pick_coke_can,3,validation,3,0.03226863924730083,0.03180785454758857,0.039382112806435554,-0.007574258258846986,0.8076726280259587,0.03330486960552194,0.04122862320987829,0.035094768710782244,0.006133854499096043,-0.01370811275794303,0.02854515223390308
google_robot_pick_coke_can__seed003__step008,pick_coke_can,3,validation,4,0.035140414598227636,0.04925932105906321,0.029385484859423248,0.014118906460835572,1.4017854263320981,0.03198639401658547,0.06523656621214927,0.023966839237629586,0.033250172195563796,-0.019131265734728224,0.0606162431906796
google_robot_pick_coke_can__seed003__step008,pick_coke_can,3,validation,5,0.03489708843149525,0.022162485527593513,0.034348441279888765,-0.012734602903901736,0.6350812209190344,0.03729628503488024,0.039081348935574606,0.035144919431871265,0.0017850639006943628,-0.014519666804596099,0.08915707742255563
google_robot_pick_coke_can__seed003__step008,pick_coke_can,3,validation,6,0.02984606505822797,0.0655978604584915,0.04888054696480432,0.016717313493687186,1.342003404866239,0.04841826516808916,0.0872906538755038,0.03422190081608186,0.03887238870741464,-0.022155075213727456,0.11584779378085841
google_robot_pick_coke_can__seed003__step008,pick_coke_can,3,validation,7,0.06102067119270943,0.12468076025132598,0.04987916139277163,0.06366008905861655,2.043254487607512,0.045024437911813174,0.0682375222434217,0.03951413935068279,0.02321308433160852,0.040447004727008025,0.07740913756765622
google_robot_pick_coke_can__seed003__step008,pick_coke_can,3,validation,8,0.0768716843282271,0.14418466259442994,0.05178289398190849,0.06731297826620285,1.8756537449965265,0.054308784509725906,0.0973027901249792,0.04325788875952709,0.04299400561525329,0.02431897265094956,0.15126458544818888
google_robot_pick_coke_can__seed003__step008,pick_coke_can,3,validation,9,0.0628141118762499,0.17731273029339348,0.07890825577362957,0.0984044745197639,2.247074511468923,0.0537120554827461,0.06516537496321523,0.06765290493187204,-0.0024875299686568098,0.10089200448842071,0.12305347290862301
google_robot_pick_coke_can__seed003__step008,pick_coke_can,3,validation,10,0.05626498525864433,0.21394165838127738,0.05409666481751336,0.15767667312263306,3.802394284790259,0.06441861021278955,0.06679252836416241,0.05736066948406015,0.0023739181513728613,0.1553027549712602,0.2045211141892196
google_robot_pick_coke_can__seed003__step008,pick_coke_can,3,validation,11,0.06955586707188946,0.26976021530287003,0.05621119863057863,0.20020434823098057,3.8783243838231414,0.0713877320882885,0.1311938434388794,0.05154355094784529,0.05980611135059091,0.14039823688038966,0.21166991042946393
google_robot_pick_coke_can__seed003__step008,pick_coke_can,3,validation,12,0.040040796387047925,0.28358298969157575,0.03858737520623337,0.2435421933045278,7.082351383583042,0.07241123849095588,0.13370908092264913,0.04175873271446024,0.061297842431693256,0.18224435087283455,0.23320964611980344
google_robot_pick_coke_can__seed003__step008,pick_coke_can,3,validation,13,0.03815386862916655,0.184539647711009,0.04158638016143944,0.14295326754956955,4.4375020618438334,0.052700728105989095,0.10731575870314372,0.04929006320475683,0.054615030597154626,0.08833823695241493,0.2406489419108766
google_robot_pick_coke_can__seed003__step008,pick_coke_can,3,validation,14,0.07437487379429272,0.2907411277898963,0.052578605075157075,0.21636625399560358,3.9091310405989126,0.06632550928225318,0.060636759698438715,0.040176880779649295,-0.005688749583814469,0.22205500357941804,0.420589693072543
google_robot_pick_coke_can__seed003__step008,pick_coke_can,3,validation,15,0.060173309714730776,0.1252704354290786,0.07498515370227034,0.050285281726808254,1.6706031693482513,0.06327098601619958,0.05980908515408643,0.066862768226427,-0.007053683072340576,0.05733896479914883,0.23913178660870926
google_robot_pick_coke_can__seed003__step008,pick_coke_can,3,validation,16,0.09857340309770396,0.1691402317836403,0.05453860356047226,0.07056682868593633,1.715881023362782,0.08316866314828739,0.06860539776308847,0.04223479820313385,-0.01456326538519892,0.08513009407113525,0.20325103453780002
google_robot_pick_coke_can__seed003__step008,pick_coke_can,3,validation,17,0.06815199933026095,0.22249510117368115,0.06081093909422898,0.1543431018434202,3.2646892733914052,0.07062277979440436,0.07332218102275137,0.05159025970372547,0.002699401228347012,0.1516437006150732,0.19656723866893344
google_robot_pick_coke_can__seed003__step008,pick_coke_can,3,validation,18,0.09299910346249894,0.07954376220117161,0.08495417671475752,-0.01345534126132733,0.8553175164021546,0.0991906505234308,0.06190392021302638,0.04832623194429653,-0.03728673031040442,0.02383138904907709,0.09653346160862952
google_robot_pick_coke_can__seed003__step008,pick_coke_can,3,validation,19,0.09453438299185973,0.13849791257966657,0.10606142679754954,0.032436485782117025,1.3058273564811824,0.07929249821350383,0.051017828044270686,0.07777679219186513,-0.028274670169233143,0.06071115595135017,0.18331996394505268
google_robot_pick_coke_can__seed003__step008,pick_coke_can,3,validation,20,0.14097474243849756,0.20516765864287057,0.07245353356666102,0.06419291620437301,1.455350476929427,0.10712930353021918,0.07487529937902755,0.07727176086968264,-0.03225400415119163,0.09644692035556464,0.11991354646632146
google_robot_pick_coke_can__seed003__step008,pick_coke_can,3,validation,21,0.12673245651252216,0.2774984223312349,0.09826836949834696,0.15076596581871274,2.1896397337158526,0.08452948105043959,0.07725503503829177,0.07631460384093422,-0.007274446012147814,0.15804041183086054,0.0919861226625791
google_robot_pick_coke_can__seed003__step008,pick_coke_can,3,validation,22,0.10524960810336316,0.15855030435976902,0.10209574811261377,0.05330069625640586,1.50642180257869,0.10608235224751045,0.11863832155476119,0.08870054303699039,0.012555969307250739,0.040744726949155124,0.19179510606265637
google_robot_pick_coke_can__seed003__step008,pick_coke_can,3,validation,23,0.07339038986440856,0.1271416546634051,0.059896991817024146,0.05375126479899654,1.7324019520580825,0.08849119270047988,0.06804034287786852,0.0629583734256665,-0.02045084982261136,0.0742021146216079,0.14317390392335483
google_robot_pick_coke_can__seed003__step008,pick_coke_can,3,validation,24,0.07808548772829275,0.1788322774014303,0.08408039977919758,0.09475187762223271,2.1269199227294275,0.15849297792403527,0.06822028772015369,0.12958833970517128,-0.09027269020388158,0.1850245678261143,0.17802577190538926
google_robot_pick_coke_can__seed003__step008,pick_coke_can,3,validation,25,0.07599736872935055,0.07030606153454497,0.060285268196050505,-0.005691307194805581,0.9251117862373099,0.07306926898258481,0.05348784522652912,0.043655756137621154,-0.01958142375605569,0.01389011656125011,0.1377081237506559
google_robot_pick_coke_can__seed003__step008,pick_coke_can,3,validation,26,0.08671258623545906,0.12307676575964237,0.06490383513821774,0.036364179524183304,1.4193644902418219,0.0924319829955414,0.03189294101751253,0.07742708130470015,-0.06053904197802887,0.09690322150221217,0.12658077780875487
google_robot_pick_coke_can__seed003__step008,pick_coke_can,3,validation,27,0.0414135908337405,0.03502016626610538,0.058878790913510164,-0.023858624647404784,0.5947840592981631,0.06795907585537206,0.041605555170053425,0.03837972852150567,-0.026353520685318634,0.002494896037913849,0.10486514746996534
google_robot_pick_coke_can__seed003__step008,pick_coke_can,3,validation,28,0.0426773652345952,0.049992228243575444,0.059948427273058734,-0.00995619902948329,0.8339205967133406,0.057465609399731866,0.04746579397690546,0.044648098523487244,-0.009999815422826408,4.361639334311829e-05,0.11644276168349421
google_robot_pick_coke_can__seed003__step008,pick_coke_can,3,validation,29,0.07332088613482624,0.07664351515337756,0.04874649550946821,0.0033226290185513208,1.045316269261142,0.06981335286099083,0.04338645472137989,0.047856165350530694,-0.026426898139610938,0.02974952715816226,0.23048094997835733
google_robot_pick_coke_can__seed003__step008,pick_coke_can,3,validation,30,0.04448515376825062,0.048336248779620436,0.038776105348436896,0.0038510950113698136,1.086570342803184,0.044742918135852114,0.05424524514489329,0.0365537209642298,0.009502327009041175,-0.005651231997671362,0.1422356315275124
google_robot_pick_coke_can__seed003__step008,pick_coke_can,3,validation,31,0.04412415965687338,0.046671165230766816,0.0481422546880122,-0.0014710894572453823,0.9694428633062818,0.052585507117346664,0.046272632711256936,0.03853597340710953,-0.006312874406089727,0.004841784948844345,0.2667104601059691
google_robot_pick_coke_can__seed003__step040,pick_coke_can,3,validation,0,0.004243625419560344,0.0027806099152694243,0.002954534426129815,-0.0014630155042909196,0.6552439577849231,0.004193858932216744,0.0023204613620757555,0.0030160379599511494,-0.0018733975701409884,0.0004103820658500688,0.8214501440525055
google_robot_pick_coke_can__seed003__step040,pick_coke_can,3,validation,1,0.013514797464788042,0.004187546530696583,0.00831461447518489,-0.00932725093409146,0.3098490037758223,0.011445543910451257,0.0034882599656498956,0.008298214996200537,-0.007957283944801361,-0.001369966989290098,0.43911032215692103
google_robot_pick_coke_can__seed003__step040,pick_coke_can,3,validation,2,0.029902691189896583,0.02192852561055798,0.03533653951756767,-0.01340801390700969,0.6205623388689814,0.03277873068749764,0.02101928239122791,0.0335382877721787,-0.012519005380950791,-0.000889008526058898,0.03287910522385573
google_robot_pick_coke_can__seed003__step040,pick_coke_can,3,validation,3,0.03115608279889766,0.041830745983025296,0.03278079012149073,0.009049955861534564,1.2760749764723185,0.033447336749792625,0.026576313806815747,0.02731863436249044,-0.006871022942976878,0.015920978804511442,0.026781545754374747
google_robot_pick_coke_can__seed003__step040,pick_coke_can,3,validation,4,0.02835822029106207,0.0752757496622413,0.029234309356846205,0.0460414403053951,2.5749111683602313,0.02502531376707632,0.053476236500826904,0.025946817266623103,0.0275294192342038,0.0185120210711913,0.06089518552505524
google_robot_pick_coke_can__seed003__step040,pick_coke_can,3,validation,5,0.04673746961164339,0.037003789851176555,0.03639243318131115,-0.009733679760466837,0.7917371256649729,0.056261183544121435,0.028507455295844107,0.03336246131296443,-0.027753728248277328,0.01802004848781049,0.07518124745843124
google_robot_pick_coke_can__seed003__step040,pick_coke_can,3,validation,6,0.03355986954386114,0.08555621190424097,0.039253919673841,0.046302292230399965,2.1795584393895835,0.041028205362178674,0.10534452770350766,0.037825398223524376,0.06431632234132899,-0.018014030110929023,0.078831415226432
google_robot_pick_coke_can__seed003__step040,pick_coke_can,3,validation,7,0.06079081845874472,0.0941226824486511,0.05712665993127246,0.03333186398990638,1.54830424782859,0.058487365313541026,0.08828960697062718,0.05135595225395449,0.029802241657086156,0.003529622332820226,0.07696144319800169
google_robot_pick_coke_can__seed003__step040,pick_coke_can,3,validation,8,0.060753278685184375,0.0975731326237413,0.04999709303319192,0.036819853938556926,1.6060554217880592,0.05219227177842446,0.11254048082665286,0.029383709819124037,0.06034820904822839,-0.023528355109671467,0.16223863250979775
google_robot_pick_coke_can__seed003__step040,pick_coke_can,3,validation,9,0.05750669343327153,0.07619461710362838,0.07417504210152283,0.0020195750021055475,1.027227150061356,0.06113613247535846,0.0828025796854771,0.04877825663570131,0.02166644721011865,-0.019646872208013103,0.11643049773601888
google_robot_pick_coke_can__seed003__step040,pick_coke_can,3,validation,10,0.06098574414711013,0.07623324269075687,0.04248118653484037,0.015247498543646744,1.2500174222170126,0.049804557002720025,0.05604129015026185,0.0356233878865727,0.006236733147541827,0.009010765396104917,0.15304383706597946
google_robot_pick_coke_can__seed003__step040,pick_coke_can,3,validation,11,0.08320154909188653,0.07721103867786601,0.058229185932006544,-0.005990510414020517,0.9280000134684429,0.07689045414883232,0.13413721292150554,0.0501635168228707,0.057246758772673226,-0.06323726918669374,0.17950558587517662
google_robot_pick_coke_can__seed003__step040,pick_coke_can,3,validation,12,0.06758009089034803,0.03535578121248991,0.049609382376961594,-0.032224309677858116,0.5231685951688994,0.07627326012247548,0.11667550260190798,0.031563008077934177,0.0404022424794325,-0.07262655215729061,0.19067045015071926
google_robot_pick_coke_can__seed003__step040,pick_coke_can,3,validation,13,0.07022067104562968,0.07465841907462863,0.048728606538441105,0.004437748028998947,1.0631971748905003,0.062363781214854995,0.06617597292182714,0.0448278151974245,0.003812191706972147,0.0006255563220268004,0.10779864702317354
google_robot_pick_coke_can__seed003__step040,pick_coke_can,3,validation,14,0.08238208716295235,0.049753865291456055,0.047409983868032864,-0.0326282218714963,0.6039403346633178,0.09119742539558665,0.10213322985885392,0.0514810228738177,0.010935804463267279,-0.04356402633476358,0.2083030200740268
google_robot_pick_coke_can__seed003__step040,pick_coke_can,3,validation,15,0.05128311368180346,0.04147734379593198,0.049385307547242345,-0.00980576988587148,0.8087914484539028,0.07803826004225743,0.10300882982501493,0.05009085054336863,0.024970569782757496,-0.034776339668628975,0.23345673971221004
google_robot_pick_coke_can__seed003__step040,pick_coke_can,3,validation,16,0.05438550070250682,0.04420739861984384,0.033196981980169064,-0.010178102082662982,0.8128526546378962,0.07101770294418396,0.12296696567601118,0.054938622174847254,0.05194926273182722,-0.0621273648144902,0.17378966008868701
google_robot_pick_coke_can__seed003__step040,pick_coke_can,3,validation,17,0.06891152703110742,0.044066894239275775,0.04623581922639987,-0.024844632791831647,0.6394705811610225,0.10078808285733278,0.1439372927627861,0.05768518873774359,0.04314920990545333,-0.06799384269728498,0.1576242292908887
google_robot_pick_coke_can__seed003__step040,pick_coke_can,3,validation,18,0.08369746450315638,0.038467837719275706,0.05213045959174141,-0.04522962678388067,0.4596057711858765,0.07368826752256469,0.08211326929659551,0.05776022544617537,0.008425001774030827,-0.0536546285579115,0.06027928315265285
google_robot_pick_coke_can__seed003__step040,pick_coke_can,3,validation,19,0.07895311640508057,0.05786954908749739,0.0655045916421214,-0.02108356731758318,0.7329609231710268,0.11185457672283897,0.0690940528989416,0.059132088223316205,-0.04276052382389736,0.021676956506314182,0.14289501218615897
google_robot_pick_coke_can__seed003__step040,pick_coke_can,3,validation,20,0.07956445814217515,0.04967794094702201,0.06366076554835552,-0.029886517195153138,0.6243735218840002,0.1561099437119066,0.06568332067528682,0.08489959918172534,-0.09042662303661977,0.060540105841466636,0.11477448214574792
google_robot_pick_coke_can__seed003__step040,pick_coke_can,3,validation,21,0.08402477499247704,0.06479464563396675,0.09902371291735286,-0.03422906728338611,0.6543346409162181,0.08927609464795883,0.08398901344995417,0.07827978214753231,-0.005287081198004653,-0.028941986085381455,0.09537033132619399
google_robot_pick_coke_can__seed003__step040,pick_coke_can,3,validation,22,0.07957477048696447,0.06656082687786691,0.05563289548862722,-0.013013943609097564,0.8364564103740715,0.10770522523160944,0.06407088408289414,0.06579503787375393,-0.0436343411487153,0.030620397539617733,0.1277271139821039
google_robot_pick_coke_can__seed003__step040,pick_coke_can,3,validation,23,0.11540363820344489,0.04005105053912526,0.12248284272110507,-0.08243179218197981,0.3269931498105575,0.07677985583541459,0.031067432528727432,0.118295791278637,-0.08722835874990957,0.004796566567929761,0.10926848145780355
google_robot_pick_coke_can__seed003__step040,pick_coke_can,3,validation,24,0.10874946859232666,0.06375044167663232,0.06412117605366707,-0.04499902691569434,0.5862138224841914,0.10714155767136285,0.07813071459365412,0.07629605658190855,-0.029010843077708737,-0.0159881838379856,0.09970537171761862
google_robot_pick_coke_can__seed003__step040,pick_coke_can,3,validation,25,0.07053676619609384,0.05099089651629896,0.04887453475176837,-0.019545869679794874,0.7228981319407682,0.07403778606854479,0.060796965691715686,0.05119779550466477,-0.013240820376829103,-0.006305049302965771,0.09572994734433316
google_robot_pick_coke_can__seed003__step040,pick_coke_can,3,validation,26,0.10618538140549232,0.06955938339352567,0.07183246298338256,-0.03662599801196664,0.6550749497983891,0.0894263659204966,0.03879095432352217,0.0485654287132708,-0.05063541159697443,0.01400941358500779,0.12425388400118464
google_robot_pick_coke_can__seed003__step040,pick_coke_can,3,validation,27,0.06803156585732338,0.039254418969698585,0.0464344989998782,-0.028777146887624797,0.5770030202159895,0.06859460737741181,0.036754300276922273,0.036727829089696726,-0.03184030710048954,0.003063160212864742,0.0763016397212013
google_robot_pick_coke_can__seed003__step040,pick_coke_can,3,validation,28,0.07733842510045774,0.04163944938103069,0.03947901149195161,-0.035698975719427053,0.5384057061796083,0.06015975230165751,0.052627977178263126,0.04204653786447986,-0.0075317751233943825,-0.02816720059603267,0.08404483843530386
google_robot_pick_coke_can__seed003__step040,pick_coke_can,3,validation,29,0.06053790814821388,0.034529967569190655,0.05723444554516697,-0.026007940579023225,0.5703858726775222,0.06291647695852425,0.0450759167913474,0.03742341540419794,-0.017840560167176847,-0.008167380411846378,0.16599004454178612
google_robot_pick_coke_can__seed003__step040,pick_coke_can,3,validation,30,0.044910322405060946,0.060441426617065405,0.03353950178737639,0.01553110421200446,1.3458248211162755,0.04899270709157081,0.03277301114459126,0.02736524710924175,-0.01621969594697955,0.03175080015898401,0.16032509490804614
google_robot_pick_coke_can__seed003__step040,pick_coke_can,3,validation,31,0.05677825621628083,0.028163769041352055,0.036555035354722314,-0.028614487174928777,0.49603089136922557,0.06334025016028932,0.03672232794101203,0.03864661319016465,-0.026617922219277293,-0.0019965649556514843,0.25410470899487336
google_robot_pick_coke_can__seed003__step071,pick_coke_can,3,validation,0,0.004416324275909719,0.002796385075247938,0.0031185187535725007,-0.001619939200661781,0.6331928772761847,0.004520605802782018,0.002646023730756323,0.0033170528337532115,-0.0018745820720256954,0.0002546428713639144,0.8203943148255348
google_robot_pick_coke_can__seed003__step071,pick_coke_can,3,validation,1,0.013818098172707512,0.004283382235654931,0.008514802125041791,-0.00953471593705258,0.309983485579452,0.010493939311599856,0.003951331694833482,0.007404253026189027,-0.006542607616766374,-0.0029921083202862067,0.43413069448433816
google_robot_pick_coke_can__seed003__step071,pick_coke_can,3,validation,2,0.03106870796658239,0.021174777467880948,0.03668307863248028,-0.01550830116459933,0.5772355608433632,0.03438140927490022,0.021873384104569793,0.036598098257322485,-0.014724714152752692,-0.000783587011846637,0.03289289344388635
google_robot_pick_coke_can__seed003__step071,pick_coke_can,3,validation,3,0.03314089031028343,0.06368394895939877,0.03773240486510173,0.025951544094297042,1.6877786927993907,0.02559656826359465,0.03752017309622109,0.0305128522200483,0.0070073208761727915,0.01894422321812425,0.02662145602334931
google_robot_pick_coke_can__seed003__step071,pick_coke_can,3,validation,4,0.028985718267019966,0.0868013746354157,0.030524687765396845,0.05627668687001886,2.8436449637927104,0.03021262919047271,0.04821500497113021,0.05607161162239314,-0.007856606651262928,0.06413329352128179,0.06110889717797363
google_robot_pick_coke_can__seed003__step071,pick_coke_can,3,validation,5,0.042015790367222604,0.04142139927978132,0.035303858926171494,-0.000594391087441283,0.9858531499170612,0.05178611996860507,0.03647024552973211,0.050365629957014685,-0.015315874438872959,0.014721483351431676,0.07845388308965084
google_robot_pick_coke_can__seed003__step071,pick_coke_can,3,validation,6,0.03270052419951832,0.08252565615460633,0.03616372539580242,0.04636193075880391,2.282000962328544,0.04104466583612387,0.06850529233996942,0.04289634820120443,0.025608944138764994,0.020752986620038917,0.08145987629268348
google_robot_pick_coke_can__seed003__step071,pick_coke_can,3,validation,7,0.06167042173329313,0.1077850637692635,0.05624397473809017,0.04611464203597037,1.7477594726918353,0.0674784690825218,0.05452609660127731,0.0467803684817454,-0.012952372481244485,0.059067014517214855,0.07747939940753668
google_robot_pick_coke_can__seed003__step071,pick_coke_can,3,validation,8,0.06290466468053559,0.12413571852341453,0.05369022332287557,0.06123105384287894,1.9733944875764595,0.06288331380199348,0.06389362641402344,0.046654107182195065,0.0010103126120299538,0.06022074123084899,0.1700424861380725
google_robot_pick_coke_can__seed003__step071,pick_coke_can,3,validation,9,0.06358435114416787,0.093036584268773,0.07843768170266492,0.014598902566108074,1.1861210358236796,0.10566031281935491,0.04877495001480359,0.058725011041702996,-0.056885362804551316,0.07148426537065938,0.12722314069969798
google_robot_pick_coke_can__seed003__step071,pick_coke_can,3,validation,10,0.057974887802453315,0.06931697364681591,0.043940726588245875,0.011342085844362595,1.1956379093480993,0.05153779626711698,0.05587598229215457,0.06064895857461256,-0.004772976282457993,0.016115062126820588,0.1503205724268355
google_robot_pick_coke_can__seed003__step071,pick_coke_can,3,validation,11,0.092851236763368,0.0981005916600542,0.06454601802740202,0.005249354896686209,1.056535110136058,0.08691507608430568,0.06261506514395973,0.04872456663233576,-0.02430001094034595,0.02954936583703216,0.18493446439106265
google_robot_pick_coke_can__seed003__step071,pick_coke_can,3,validation,12,0.07341486748249404,0.057227175499267306,0.05266999153187478,-0.016187691983226733,0.7795038997095959,0.10021480474378293,0.06095921250460932,0.04283298699352929,-0.03925559223917361,0.023067900255946877,0.18521145778640857
google_robot_pick_coke_can__seed003__step071,pick_coke_can,3,validation,13,0.08690190184316655,0.0682157983494568,0.05238469645293418,-0.01868610349370975,0.7849747462669701,0.06471583159482791,0.042122297074833746,0.056547743217064926,-0.022593534519994164,0.003907431026284415,0.10975834124906214
google_robot_pick_coke_can__seed003__step071,pick_coke_can,3,validation,14,0.07347198081809933,0.057080796275352556,0.04974346904559597,-0.016391184542746774,0.7769056399428268,0.05667595038804605,0.04550616308545534,0.04128740292957578,-0.01116978730259071,-0.005221397240156064,0.21626908589269078
google_robot_pick_coke_can__seed003__step071,pick_coke_can,3,validation,15,0.05221237024940874,0.05168516370047986,0.05773167134808235,-0.006046507647602492,0.8952653282607012,0.05272749175548171,0.06165269902640832,0.05795863584675688,0.003694063179651437,-0.009740570827253929,0.22729510051135549
google_robot_pick_coke_can__seed003__step071,pick_coke_can,3,validation,16,0.06259127026546703,0.05102939043903853,0.03897095851769828,-0.0115618798264285,0.8152796743476951,0.09369694608401485,0.07512521551674153,0.0737005776223812,-0.01857173056727332,0.007009850740844821,0.17681541048858662
google_robot_pick_coke_can__seed003__step071,pick_coke_can,3,validation,17,0.06772629878817521,0.0546170502656241,0.047938291031502954,-0.01310924852255111,0.806437842357924,0.08223202575687895,0.08649190780427204,0.06685259208937876,0.004259882047393096,-0.017369130569944206,0.17925433527699397
google_robot_pick_coke_can__seed003__step071,pick_coke_can,3,validation,18,0.10089591751147671,0.05873472198009429,0.05626324246082949,-0.04216119553138242,0.5821317990731719,0.07333600206413879,0.08744844877058222,0.0644873490865808,0.014112446706443432,-0.056273642237825855,0.07519304792697312
google_robot_pick_coke_can__seed003__step071,pick_coke_can,3,validation,19,0.07504521516029429,0.055837681814186094,0.08175817163304198,-0.02592048981885589,0.6829614789430992,0.10259439944179459,0.0700858631280179,0.06193527128551683,-0.03250853631377669,0.006588046494920799,0.14955002876229173
google_robot_pick_coke_can__seed003__step071,pick_coke_can,3,validation,20,0.08001596009638597,0.044229623074745,0.05712094710969617,-0.03578633702164097,0.5527600121459105,0.08132192268281795,0.04450761267199271,0.0488483095578822,-0.03681431001082523,0.0010279729891842643,0.11804913018920615
google_robot_pick_coke_can__seed003__step071,pick_coke_can,3,validation,21,0.08581436061136886,0.053003487480492634,0.08863287647249236,-0.03562938899199973,0.5980115910707526,0.05943303129488991,0.04811733082111186,0.04645799829589784,-0.01131570047377805,-0.02431368851822168,0.10128633627261507
google_robot_pick_coke_can__seed003__step071,pick_coke_can,3,validation,22,0.07621145443835188,0.06378739373382039,0.06638272262986926,-0.01242406070453149,0.8369790893496013,0.06241445778695628,0.08730076786438358,0.0525522638226582,0.024886310077427302,-0.03731037078195879,0.13893990756372432
google_robot_pick_coke_can__seed003__step071,pick_coke_can,3,validation,23,0.13628902545309382,0.048300808305469796,0.12519933790533705,-0.08798821714762403,0.3543998362662982,0.06353828640694652,0.04325877117029441,0.2049403355234353,-0.16168156435314088,0.07369334720551685,0.08949001628990061
google_robot_pick_coke_can__seed003__step071,pick_coke_can,3,validation,24,0.11789875146376777,0.05208839269385617,0.07251040529347541,-0.06581035876991159,0.4418061433828143,0.08046736825309346,0.05145445803433757,0.0419299685845914,-0.02901291021875589,-0.0367974485511557,0.11865444239213119
google_robot_pick_coke_can__seed003__step071,pick_coke_can,3,validation,25,0.09027773859916752,0.04471215006620112,0.052877496611351785,-0.0455655885329664,0.4952732618250744,0.1116156811628546,0.048797344323088,0.07860512834990688,-0.06281833683976659,0.017252748306800195,0.11971581402709397
google_robot_pick_coke_can__seed003__step071,pick_coke_can,3,validation,26,0.10172057268214045,0.049012872880562434,0.06676245414019621,-0.052707699801578016,0.481838349787111,0.11150603417071658,0.04202781716870294,0.05096978393103913,-0.06947821700201365,0.016770517200435632,0.14368803657145435
google_robot_pick_coke_can__seed003__step071,pick_coke_can,3,validation,27,0.05571916684408178,0.034625173261361324,0.048677080334552925,-0.021093993582720454,0.6214230259087057,0.06388436115949182,0.04918309173998253,0.04299135887165667,-0.014701269419509291,-0.006392724163211162,0.06115308955410015
google_robot_pick_coke_can__seed003__step071,pick_coke_can,3,validation,28,0.07620169768552534,0.03618634871555455,0.03913819179500436,-0.04001534896997079,0.47487588616320575,0.06297206382655396,0.05081744998977115,0.05471954467225745,-0.012154613836782811,-0.02786073513318798,0.09330785405619224
google_robot_pick_coke_can__seed003__step071,pick_coke_can,3,validation,29,0.052718433388555974,0.031221446141433164,0.03739032205086053,-0.02149698724712281,0.5922301581179129,0.08936004559644925,0.045231761245806364,0.040022517439632845,-0.044128284350642887,0.022631297103520076,0.19471217415656383
google_robot_pick_coke_can__seed003__step071,pick_coke_can,3,validation,30,0.03938262915396953,0.05539925382392307,0.03845137341355169,0.016016624669953544,1.4066926209353692,0.06122338892789989,0.042620769348997764,0.04961185311678802,-0.01860261957890213,0.03461924424885567,0.14698394766764977
google_robot_pick_coke_can__seed003__step071,pick_coke_can,3,validation,31,0.05084711906073419,0.03461074534468094,0.03125840990574288,-0.01623637371605325,0.6806825240844075,0.06323921501473317,0.05385640838496348,0.03906887516541497,-0.009382806629769695,-0.006853567086283555,0.2898018742541808
google_robot_pick_coke_can__seed005__step008,pick_coke_can,5,validation,0,0.005220297280744335,0.0023454329968948446,0.0036191700292557702,-0.0028748642838494908,0.4492910787947351,0.0046603495930872315,0.002185422500454161,0.003366993015349245,-0.0024749270926330705,-0.00039993719121642025,0.8309567347168922
google_robot_pick_coke_can__seed005__step008,pick_coke_can,5,validation,1,0.012928294000638796,0.004786094814725607,0.008293075427210025,-0.00814219918591319,0.37020312304849523,0.013606134707652342,0.0038238281066451775,0.0065707784419332775,-0.009782306601007165,0.0016401074150939748,0.42813813081011176
google_robot_pick_coke_can__seed005__step008,pick_coke_can,5,validation,2,0.025844403773403447,0.021198873948892305,0.035553870758072426,-0.01435499680918012,0.596246582914721,0.029350849808501587,0.019072901013072352,0.026424942030339914,-0.010277948795429235,-0.004077048013750886,0.03460648260954713
google_robot_pick_coke_can__seed005__step008,pick_coke_can,5,validation,3,0.03399062434877467,0.02845635856307672,0.038774082507687414,-0.010317723944610693,0.7339015322267114,0.03356546010766361,0.032864959971727115,0.027224219104231707,-0.0007005001359364979,-0.009617223808674195,0.030027461397480693
google_robot_pick_coke_can__seed005__step008,pick_coke_can,5,validation,4,0.030489421416969722,0.05695656585622056,0.026355761709156485,0.02646714443925084,1.868076310051585,0.03044694762794376,0.053352974950967316,0.03288176507420152,0.020471209876765796,0.0059959345624850426,0.06869602209303594
google_robot_pick_coke_can__seed005__step008,pick_coke_can,5,validation,5,0.02502474054083902,0.021042090848812027,0.03608642499824014,-0.015044334149428115,0.5831026722607796,0.06856804783214288,0.031430517604152546,0.048655867091700146,-0.03713753022799033,0.022093196078562215,0.09363631021983565
google_robot_pick_coke_can__seed005__step008,pick_coke_can,5,validation,6,0.033390991401029135,0.06171914671654662,0.046371679577408224,0.015347467139138399,1.330966384633942,0.05879516619166528,0.06360297055603568,0.03508487788269911,0.004807804364370408,0.010539662774767991,0.14590540877134117
google_robot_pick_coke_can__seed005__step008,pick_coke_can,5,validation,7,0.045250153492047515,0.15138198230449418,0.04680665305625848,0.1045753292482357,3.234197970159138,0.06347762778909065,0.059118098594624566,0.04645261831948811,-0.004359529194466083,0.10893485844270179,0.07681053658802739
google_robot_pick_coke_can__seed005__step008,pick_coke_can,5,validation,8,0.05348954813741684,0.17350353671368232,0.04701904375652458,0.12001398857626548,3.243690454590206,0.07358537024751931,0.09853955402018942,0.04567188766709454,0.024954183772670113,0.09505980480359537,0.15199408156172467
google_robot_pick_coke_can__seed005__step008,pick_coke_can,5,validation,9,0.047274967604460184,0.14423883315668704,0.051936728549404884,0.09230210460728215,2.7772029002458183,0.055581239315569,0.054649688393671375,0.050586103982606094,-0.000931550921897624,0.09323365552917978,0.15701618644311566
google_robot_pick_coke_can__seed005__step008,pick_coke_can,5,validation,10,0.06535656252153614,0.16277766382737105,0.053947810449174044,0.09742110130583491,2.490609321347538,0.06258009256651574,0.08309095756094954,0.04789540628846541,0.020510864994433803,0.0769102363114011,0.19449108551589234
google_robot_pick_coke_can__seed005__step008,pick_coke_can,5,validation,11,0.05267380291961471,0.22321819885373775,0.04455414057561661,0.17054439593412304,4.237746023282013,0.10207247785645233,0.08933131272080498,0.05576047898528954,-0.012741165135647353,0.1832855610697704,0.21214398566030468
google_robot_pick_coke_can__seed005__step008,pick_coke_can,5,validation,12,0.04281627599632526,0.14803869561064797,0.03677252441423065,0.10522241961432272,3.4575331965664997,0.0823647414704979,0.059481358707484694,0.04918576344001204,-0.022883382763013202,0.12810580237733593,0.2338387149927712
google_robot_pick_coke_can__seed005__step008,pick_coke_can,5,validation,13,0.03308418472021102,0.12098371158354611,0.033876577168137564,0.08710713441540854,3.5713086060340444,0.06321331001409128,0.057131346000243485,0.02894818526344461,-0.006081964013847793,0.09318909842925634,0.2523658079812776
google_robot_pick_coke_can__seed005__step008,pick_coke_can,5,validation,14,0.06359704458549613,0.21681205164653924,0.05488848246413286,0.15321500706104313,3.4091529419275113,0.07908305456772187,0.05030350190262877,0.04243421679978476,-0.0287795526650931,0.18199455972613623,0.43583797688188497
google_robot_pick_coke_can__seed005__step008,pick_coke_can,5,validation,15,0.04813871377929952,0.12392801886014303,0.05241349868814813,0.07151452017199489,2.3644294306223435,0.04144033011726768,0.0421241027646473,0.045367438308778665,-0.003243335544131365,0.07475785571612625,0.25560600440599046
google_robot_pick_coke_can__seed005__step008,pick_coke_can,5,validation,16,0.06375668546376669,0.09817930730280718,0.04406891717798137,0.03442262183904049,1.5399060755534897,0.08626786223079928,0.047565741838076527,0.04419586761129411,-0.03870212039272276,0.07312474223176324,0.20616885065243196
google_robot_pick_coke_can__seed005__step008,pick_coke_can,5,validation,17,0.052631680527395655,0.14160574238195656,0.05714892053334125,0.0844568218486153,2.4778375699912365,0.0803789435707894,0.05771692422133675,0.053163328635058064,-0.022662019349452646,0.10711884119806794,0.21514364890532534
google_robot_pick_coke_can__seed005__step008,pick_coke_can,5,validation,18,0.06953876277832725,0.08507491069705775,0.05387294344039373,0.015536147918730495,1.2234170885130065,0.11248246482468338,0.059895544031713106,0.06073157052547455,-0.052586920792970275,0.06812306871170076,0.07500847004858713
google_robot_pick_coke_can__seed005__step008,pick_coke_can,5,validation,19,0.07784861615371391,0.08516591296566031,0.07185734392905124,0.0073172968119464,1.0939939227371522,0.07899044977543386,0.05312511775656505,0.0828524449141288,-0.029727327157563745,0.037044623969510145,0.14387745981014177
google_robot_pick_coke_can__seed005__step008,pick_coke_can,5,validation,20,0.12356894471773977,0.1337543171336605,0.08596402775167862,0.01018537241592074,1.0824266359090993,0.08585639771366398,0.05673845747570193,0.09240499718956756,-0.03566653971386563,0.04585191212978637,0.11864968637407358
google_robot_pick_coke_can__seed005__step008,pick_coke_can,5,validation,21,0.10420301963563249,0.19190942077347964,0.1097560087590081,0.08215341201447154,1.7485094706282212,0.07970422365400866,0.07693300553409345,0.05258980393031648,-0.0027712181199152086,0.08492463013438675,0.10373365472392315
google_robot_pick_coke_can__seed005__step008,pick_coke_can,5,validation,22,0.10891214903427532,0.10259037008700142,0.09346447584563221,-0.006321778947273898,0.9419552455503895,0.05772355362174011,0.09290326542177557,0.0576063377855475,0.035179711800035464,-0.04150149074730936,0.16781364556079836
google_robot_pick_coke_can__seed005__step008,pick_coke_can,5,validation,23,0.05956428646744552,0.08362151601085518,0.05857844752776455,0.024057229543409664,1.4038868081892997,0.07290305771322665,0.044019247163583304,0.05951643842633739,-0.028883810549643348,0.05294104009305301,0.16347805581528974
google_robot_pick_coke_can__seed005__step008,pick_coke_can,5,validation,24,0.08912575370417357,0.09947937681423731,0.0714993451670208,0.010353623110063742,1.1161687018595041,0.08153172990385762,0.0547569197744257,0.045897700364760666,-0.026774810129431927,0.03712843323949567,0.1469381095840916
google_robot_pick_coke_can__seed005__step008,pick_coke_can,5,validation,25,0.058064986511241715,0.06242666740145095,0.05293285880704782,0.0043616808902092324,1.0751172290269073,0.09662868890715104,0.048564314151053174,0.030403389896004895,-0.048064374756097865,0.0524260556463071,0.13224026841499636
google_robot_pick_coke_can__seed005__step008,pick_coke_can,5,validation,26,0.05566637229266389,0.06999899745799253,0.05547062643475042,0.014332625165328634,1.2574736699200622,0.09802669052328618,0.05834197195177632,0.05545489018386919,-0.03968471857150986,0.054017343736838495,0.1315416582776301
google_robot_pick_coke_can__seed005__step008,pick_coke_can,5,validation,27,0.04308261539223866,0.05956612109261481,0.042093534381398276,0.01648350570037615,1.3826022526790622,0.05949936743996293,0.040182764426935684,0.024255183623745447,-0.019316603013027248,0.035800108713403396,0.11923356609719349
google_robot_pick_coke_can__seed005__step008,pick_coke_can,5,validation,28,0.04696769268788501,0.09570413241272666,0.041385004050002394,0.048736439724841644,2.03765880194947,0.09150413620961823,0.04570515456770284,0.047741375383299714,-0.045798981641915384,0.09453542136675702,0.12107630354370968
google_robot_pick_coke_can__seed005__step008,pick_coke_can,5,validation,29,0.062118167166305194,0.05794930084737211,0.04103599084331014,-0.004168866318933082,0.9328881306531143,0.0950039758368937,0.05117623193278241,0.034277718096076694,-0.04382774390411129,0.03965887758517821,0.23085511666556613
google_robot_pick_coke_can__seed005__step008,pick_coke_can,5,validation,30,0.048181461788071506,0.05423225425906935,0.04113205622036701,0.006050792470997844,1.1255834141689711,0.061957239310618216,0.05275651991724353,0.027681263608523094,-0.009200719393374683,0.015251511864372527,0.17668801516197163
google_robot_pick_coke_can__seed005__step008,pick_coke_can,5,validation,31,0.03571133575858016,0.04097143953129541,0.03649917819052313,0.004472261340772277,1.1225304667800295,0.06593861427097124,0.048126275787902156,0.03755784655412413,-0.017812338483069082,0.02228459982384136,0.25995108957658886
google_robot_pick_coke_can__seed005__step040,pick_coke_can,5,validation,0,0.004295362000099663,0.0027300694078337628,0.0029250687082133177,-0.0015652925922659002,0.6355854076490919,0.00458338932459827,0.0032390994627098366,0.0033506044635656378,-0.0013442898618884337,-0.0002210027303774665,0.8248573765158653
google_robot_pick_coke_can__seed005__step040,pick_coke_can,5,validation,1,0.014594987917505268,0.004543254319127643,0.007921833728819721,-0.010051733598377625,0.31128866600008975,0.011531882948600327,0.0038021543952632443,0.008917625927294772,-0.007729728553337083,-0.0023220050450405427,0.439780872547999
google_robot_pick_coke_can__seed005__step040,pick_coke_can,5,validation,2,0.02530188383417903,0.02205963637589192,0.030670185002452003,-0.008610548626560084,0.7192534500241295,0.03451217400043688,0.022483230578674702,0.03680351710566103,-0.014320286526986328,0.0057097379004262434,0.035946550709638814
google_robot_pick_coke_can__seed005__step040,pick_coke_can,5,validation,3,0.0315397110601821,0.030500174912205982,0.03275522632968588,-0.002255051417479899,0.9311544547186915,0.020746534290051764,0.03165439621549812,0.02399104865170194,0.007663347563796181,-0.00991839898127608,0.026690546382297953
google_robot_pick_coke_can__seed005__step040,pick_coke_can,5,validation,4,0.029122539696234788,0.09389688321222085,0.03008687661400317,0.06381000659821769,3.1208584532340238,0.02930773668355413,0.04380660167793372,0.047104132116806384,-0.0032975304388726673,0.06710753703709035,0.07012954106551206
google_robot_pick_coke_can__seed005__step040,pick_coke_can,5,validation,5,0.049421941739230466,0.04519143458217195,0.03940112971129648,-0.0042305071570585134,0.9144002237026556,0.04560872212840609,0.03655636975728217,0.04899435045895898,-0.012437980701676808,0.008207473544618295,0.08427672701031952
google_robot_pick_coke_can__seed005__step040,pick_coke_can,5,validation,6,0.03162893600722482,0.05564220514367083,0.038788706027018,0.016853499116652834,1.4344950075136214,0.038299265972018874,0.07431786901795466,0.0446584702486957,0.02965939876925896,-0.012805899652606124,0.10416300256383693
google_robot_pick_coke_can__seed005__step040,pick_coke_can,5,validation,7,0.04856030411745895,0.10710466959671965,0.05827809609737339,0.04882657349934626,1.8378203264870707,0.07827957896765886,0.06900210385271022,0.04396879434447429,-0.009277475114948641,0.0581040486142949,0.07437216036095151
google_robot_pick_coke_can__seed005__step040,pick_coke_can,5,validation,8,0.07155934108647291,0.11355052422720709,0.05324903926993813,0.041991183140734176,1.586802260937418,0.04342623712071135,0.05587071934898051,0.050769587208821916,0.005101132140158594,0.03689005100057558,0.16720446722592897
google_robot_pick_coke_can__seed005__step040,pick_coke_can,5,validation,9,0.05617952685381079,0.08528113848264296,0.07110870557213417,0.014172432910508792,1.1993065799254632,0.08217253736994995,0.04961677160674627,0.05569891388755841,-0.03255576576320368,0.04672819867371247,0.11565430999394266
google_robot_pick_coke_can__seed005__step040,pick_coke_can,5,validation,10,0.056293868686335936,0.06561884479967284,0.05801371599196626,0.007605128807706578,1.1310919095194616,0.04543406380232514,0.043062359311417935,0.06009312386384222,-0.017030764552424284,0.02463589336013086,0.14680994254376856
google_robot_pick_coke_can__seed005__step040,pick_coke_can,5,validation,11,0.07455019754738862,0.0686329759928021,0.05339368201693138,-0.005917221554586516,0.9206276877961971,0.0601712511945175,0.0707588359541716,0.04415140821018361,0.010587584759654094,-0.01650480631424061,0.1862006689663076
google_robot_pick_coke_can__seed005__step040,pick_coke_can,5,validation,12,0.06925617235028056,0.06676789324658988,0.04755345228093732,-0.002488279103690677,0.9640713741570126,0.06535906640463679,0.06847282033979131,0.04365851533113341,0.00311375393515452,-0.005602033038845197,0.19920787065427703
google_robot_pick_coke_can__seed005__step040,pick_coke_can,5,validation,13,0.044171251687342,0.06288986324037737,0.04444227975904908,0.018447583481328293,1.4150908455044344,0.05897086652509017,0.0495966831107763,0.04309798198180135,-0.00937418341431387,0.027821766895642162,0.16462955367785526
google_robot_pick_coke_can__seed005__step040,pick_coke_can,5,validation,14,0.06853255886061471,0.053972739602223166,0.05161390034144935,-0.014559819258391546,0.7875488745720978,0.04967891678965183,0.044052708249556205,0.03558745627410914,-0.005626208540095622,-0.008933610718295924,0.22684142632738258
google_robot_pick_coke_can__seed005__step040,pick_coke_can,5,validation,15,0.05658931740036776,0.05831320419161816,0.042504451498090685,0.0017238867912503994,1.030463113365619,0.06372998978282621,0.05099237916909828,0.035621417744624816,-0.012737610613727926,0.014461497404978325,0.2395579447113505
google_robot_pick_coke_can__seed005__step040,pick_coke_can,5,validation,16,0.07363668836576145,0.05914695602883585,0.045692442612850395,-0.014489732336925604,0.8032267249043911,0.08780205074668984,0.04817747977945754,0.054762131551599855,-0.0396245709672323,0.025134838630306695,0.22161229341236321
google_robot_pick_coke_can__seed005__step040,pick_coke_can,5,validation,17,0.058590256230505025,0.050461251615677605,0.053284088077748,-0.00812900461482742,0.8612567150611802,0.07451744620849536,0.06521865899204689,0.049533953996692685,-0.009298787216448473,0.0011697826016210527,0.191502131367713
google_robot_pick_coke_can__seed005__step040,pick_coke_can,5,validation,18,0.10013719659618814,0.06381298023929156,0.07104587013934835,-0.036324216356896574,0.6372555095248262,0.10312183683120768,0.04669978225075598,0.06988807341218348,-0.0564220545804517,0.020097838223555126,0.07813345670695071
google_robot_pick_coke_can__seed005__step040,pick_coke_can,5,validation,19,0.09432392711525557,0.053544464110593215,0.07894699664415923,-0.040779463004662356,0.5676657635889839,0.12828100750200463,0.06386406795341182,0.06719465283203747,-0.06441693954859282,0.02363747654393046,0.12592967004368916
google_robot_pick_coke_can__seed005__step040,pick_coke_can,5,validation,20,0.11535679973441366,0.052801382107973034,0.05985831008929765,-0.06255541762644062,0.4577223209168235,0.09925358166391239,0.04393522197896252,0.05890143195062389,-0.05531835968494987,-0.0072370579414907515,0.11007125994270694
google_robot_pick_coke_can__seed005__step040,pick_coke_can,5,validation,21,0.09242591578552066,0.084479261728381,0.09344850381025847,-0.00896924208187748,0.9040194147988824,0.10252668421327628,0.05009129699591907,0.05294477902137047,-0.05243538721735721,0.04346614513547973,0.08368829671115208
google_robot_pick_coke_can__seed005__step040,pick_coke_can,5,validation,22,0.0815369369557139,0.05942375062389193,0.04974115399172819,-0.022113186331821973,0.7287954740827146,0.10796550384311887,0.04749210763804817,0.0541884426860497,-0.0604733962050707,0.03836020987324873,0.15288279421423567
google_robot_pick_coke_can__seed005__step040,pick_coke_can,5,validation,23,0.07380258932543651,0.0557345765507366,0.1065042052349183,-0.050769628684181695,0.5233086940351492,0.08421051212351167,0.04175057314865842,0.18220583833696466,-0.14045526518830626,0.08968563650412456,0.12127685960855672
google_robot_pick_coke_can__seed005__step040,pick_coke_can,5,validation,24,0.09899711837558035,0.08025836200660606,0.060658820957760505,-0.01873875636897429,0.8107141230325288,0.12081989902140801,0.06717338201928491,0.06177031142582027,-0.0536465170021231,0.03490776063314881,0.15404152321683284
google_robot_pick_coke_can__seed005__step040,pick_coke_can,5,validation,25,0.06559972688373447,0.04876661323413322,0.054114041062702276,-0.01683311364960125,0.7433965894486819,0.1371654109865535,0.041042727652022555,0.035282079733472735,-0.09612268333453095,0.0792895696849297,0.13702617228963732
google_robot_pick_coke_can__seed005__step040,pick_coke_can,5,validation,26,0.0642263690874044,0.034426911885952045,0.04667562520944601,-0.02979945720145235,0.5360245702057537,0.11662880017907071,0.07233571105494771,0.06947810029361373,-0.044293089124123,0.014493631922670648,0.15683583758737996
google_robot_pick_coke_can__seed005__step040,pick_coke_can,5,validation,27,0.06113015225399571,0.04381265854609764,0.054628316900327586,-0.017317493707898077,0.7167110980528248,0.07279108011193366,0.037478664888918344,0.04106195682152179,-0.03531241522301532,0.017994921515117245,0.08652546818845153
google_robot_pick_coke_can__seed005__step040,pick_coke_can,5,validation,28,0.06088499696582862,0.04320808486205753,0.0330795525297282,-0.017676912103771092,0.7096671924991281,0.06691561792250894,0.04451944346832961,0.03967835905741024,-0.02239617445417933,0.004719262350408239,0.1031472124891657
google_robot_pick_coke_can__seed005__step040,pick_coke_can,5,validation,29,0.0704530173789475,0.03895178816634426,0.060315669052103844,-0.031501229212603246,0.5528760813299627,0.06543200093886292,0.041480231542252825,0.045548259785519796,-0.023951769396610097,-0.0075494598159931495,0.16166075990480522
google_robot_pick_coke_can__seed005__step040,pick_coke_can,5,validation,30,0.04325445551949528,0.0410575489274225,0.039006797173235214,-0.002196906592072778,0.9492097041637108,0.059733331120958695,0.0436775668520303,0.02722984746755453,-0.016055764268928394,0.013858857676855615,0.14799862843369738
google_robot_pick_coke_can__seed005__step040,pick_coke_can,5,validation,31,0.03358208239550108,0.039727728450722075,0.043636441011600455,-0.00390871256087838,0.910425495978481,0.05827477129146385,0.030159916563584396,0.03998024077455093,-0.028114854727879453,0.024206142167001073,0.2508365220685391
google_robot_pick_coke_can__seed005__step071,pick_coke_can,5,validation,0,0.004537881241809966,0.002828449601245228,0.0031317990345951,-0.001709431640564738,0.6232974047855604,0.004663405658512551,0.0028098680361964257,0.0029774626204664327,-0.001853537622316125,0.00014410598175138706,0.825230285525322
google_robot_pick_coke_can__seed005__step071,pick_coke_can,5,validation,1,0.014345334084067341,0.004088306371007099,0.008304034257619986,-0.010257027713060241,0.2849920641128728,0.014840761039012523,0.005461234678367856,0.00801558880558479,-0.009379526360644666,-0.0008775013524155752,0.4420050533954054
google_robot_pick_coke_can__seed005__step071,pick_coke_can,5,validation,2,0.02442274325152247,0.01833478402339737,0.035758009970859296,-0.017423225947461925,0.5127462081457876,0.025214126816771678,0.019378191649281565,0.02834522828969538,-0.008967036640413813,-0.008456189307048112,0.033282790473663226
google_robot_pick_coke_can__seed005__step071,pick_coke_can,5,validation,3,0.03250767496048621,0.02761104309915759,0.03351459550381238,-0.005903552404654792,0.8238513007270744,0.03380153303372049,0.029599157822053426,0.026316199412408692,-0.004202375211667067,-0.0017011771929877247,0.028727347684139204
google_robot_pick_coke_can__seed005__step071,pick_coke_can,5,validation,4,0.03263487904088103,0.07847343618740477,0.03162807595447144,0.04583855714652373,2.404587928427825,0.028755822891372428,0.04596235813643162,0.02711079867372017,0.01720653524505919,0.028632021901464542,0.06875854135898862
google_robot_pick_coke_can__seed005__step071,pick_coke_can,5,validation,5,0.05331807414195194,0.029452767492127985,0.03800015791355037,-0.023865306649823958,0.5523974368187811,0.04387935984613784,0.042586895761811315,0.03598083073332288,-0.001292464084326525,-0.022572842565497433,0.08021544707276007
google_robot_pick_coke_can__seed005__step071,pick_coke_can,5,validation,6,0.03258671786148731,0.05588332297168665,0.03956281873484548,0.016320504236841164,1.412521270191162,0.050841776067058767,0.11085834020704999,0.04057455404314436,0.06001656413999122,-0.04369605990315006,0.11300212167543577
google_robot_pick_coke_can__seed005__step071,pick_coke_can,5,validation,7,0.0510408685947716,0.12353535539643362,0.06117062821716736,0.06236472717926626,2.019520789583191,0.0652246529746599,0.07091543494049035,0.04581222813755807,0.005690781965830449,0.056673945213435814,0.08005247182109088
google_robot_pick_coke_can__seed005__step071,pick_coke_can,5,validation,8,0.07211679721042841,0.11177186626716185,0.05094781722911827,0.03965506905673344,1.549872853352383,0.07367520880275952,0.06284729818414121,0.052646262479630015,-0.010827910618618306,0.050482979675351744,0.16857518198594335
google_robot_pick_coke_can__seed005__step071,pick_coke_can,5,validation,9,0.0406710407902431,0.1168085203258404,0.04658450448183819,0.0702240158440022,2.5074543912210183,0.046666473065781956,0.07269145180096531,0.0692462932563105,0.003445158544654811,0.06677885729934739,0.12135818707349699
google_robot_pick_coke_can__seed005__step071,pick_coke_can,5,validation,10,0.07192118124915621,0.10302000239141701,0.08694781739223842,0.01607218499917859,1.184848630836515,0.061441918491318886,0.07210608969699495,0.04508931682520679,0.01066417120567606,0.005408013793502531,0.17020273272896702
google_robot_pick_coke_can__seed005__step071,pick_coke_can,5,validation,11,0.0679761462428417,0.0823841835898813,0.0351626805452632,0.01440803734703959,1.2119572547635684,0.07659153780911082,0.12023713770100614,0.0545254905975325,0.043645599891895315,-0.029237562544855725,0.20477446514837538
google_robot_pick_coke_can__seed005__step071,pick_coke_can,5,validation,12,0.06213299681547604,0.04913169921847488,0.042999066411577275,-0.013001297597001159,0.790750514809181,0.06910776624523551,0.08533653976152945,0.04596823172124749,0.01622877351629394,-0.0292300711132951,0.1858162712774174
google_robot_pick_coke_can__seed005__step071,pick_coke_can,5,validation,13,0.04267619550459377,0.045641479769237964,0.044399751260931875,0.0012417285083060892,1.027967014972868,0.049112524014159525,0.06178083706162578,0.048459423293616535,0.012668313047466254,-0.011426584539160164,0.19942373998492258
google_robot_pick_coke_can__seed005__step071,pick_coke_can,5,validation,14,0.057009396884255006,0.04328955141043249,0.03498209388309355,-0.013719845473822517,0.7593406311300287,0.05671539214245126,0.13985902111640264,0.06163008175861538,0.07822893935778726,-0.09194878483160977,0.2207107126273513
google_robot_pick_coke_can__seed005__step071,pick_coke_can,5,validation,15,0.0540681773938861,0.06934229659001079,0.061276900419840706,0.008065396170170082,1.1316221302792693,0.051528772993557515,0.10101104959260165,0.0655981428553195,0.03541290673728216,-0.027347510567112078,0.26445117190814926
google_robot_pick_coke_can__seed005__step071,pick_coke_can,5,validation,16,0.0496723894533448,0.06344367096776511,0.048133611252663015,0.013771281514420315,1.2772421795282287,0.04385429434582389,0.06582738889269006,0.03801024003513208,0.02197309454686617,-0.008201813032445854,0.22909132235059815
google_robot_pick_coke_can__seed005__step071,pick_coke_can,5,validation,17,0.0696745012965135,0.05208271831509522,0.045465066189595935,-0.017591782981418273,0.7475147628749721,0.07222964741662924,0.12429675592103395,0.07574510267630694,0.04855165324472702,-0.0661434362261453,0.21873423590989205
google_robot_pick_coke_can__seed005__step071,pick_coke_can,5,validation,18,0.0698050055024498,0.050242852016609184,0.059349222786918246,-0.01956215348584061,0.7197600179953559,0.06618026692672274,0.09088261377138904,0.08140037013335505,0.009482243638033988,-0.029044397123874598,0.08188958463537688
google_robot_pick_coke_can__seed005__step071,pick_coke_can,5,validation,19,0.08371538393244639,0.040059069444799256,0.07760711554014262,-0.04365631448764713,0.47851502989133604,0.08995853834493002,0.0755424141588944,0.061022440954239004,-0.01441612418603562,-0.029240190301611513,0.14455436036001856
google_robot_pick_coke_can__seed005__step071,pick_coke_can,5,validation,20,0.08093830605507171,0.055423809450981916,0.07478566038432892,-0.025514496604089797,0.6847661157285733,0.13853768178847042,0.11462232443806022,0.1480603477316874,-0.03343802329362716,0.007923526689537365,0.14206835073129298
google_robot_pick_coke_can__seed005__step071,pick_coke_can,5,validation,21,0.06307656976949826,0.06582930753311239,0.0868265705292999,-0.02099726299618751,0.7581700754943221,0.08943729332101898,0.1831402782372841,0.0946982736867494,0.08844200455053469,-0.1094392675467222,0.12960789854509613
google_robot_pick_coke_can__seed005__step071,pick_coke_can,5,validation,22,0.06483321699224415,0.06070397122869992,0.06301375468162468,-0.0041292457635442245,0.9363097196914014,0.09959708470484817,0.13596679822562302,0.07191726862580199,0.03636971352077485,-0.040498959284319076,0.16918724388767714
google_robot_pick_coke_can__seed005__step071,pick_coke_can,5,validation,23,0.07325406050134121,0.04660030046201724,0.06375492750344687,-0.026653760039323973,0.636146312478665,0.09698615389462521,0.07401609268281431,0.10287658837457324,-0.028860495691758928,0.0022067356524349546,0.13208587019271079
google_robot_pick_coke_can__seed005__step071,pick_coke_can,5,validation,24,0.14059322253856424,0.0711059095632665,0.08699283585533694,-0.06948731297529774,0.5057563108617301,0.09041430615362595,0.1124914436549199,0.06984614567736,0.02207713750129396,-0.0915644504765917,0.15857491074550722
google_robot_pick_coke_can__seed005__step071,pick_coke_can,5,validation,25,0.0657164178712218,0.035557797419398,0.04938308096778644,-0.030158620451823805,0.5410793614630247,0.0587547711054298,0.05952173268932323,0.058151816799548985,0.0007669615838934302,-0.030925582035717235,0.14790117291382643
google_robot_pick_coke_can__seed005__step071,pick_coke_can,5,validation,26,0.1215132229835151,0.04229161707948355,0.13354273171303446,-0.09125111463355091,0.316689770659796,0.10021115089354009,0.06652918991672516,0.06369735135843901,-0.03368196097681493,-0.05756915365673598,0.13899519599882737
google_robot_pick_coke_can__seed005__step071,pick_coke_can,5,validation,27,0.0513350734316346,0.04015848518496855,0.05256207891360305,-0.012403593728634504,0.7640201075565819,0.05635119931143088,0.045400315780766615,0.03764745434708283,-0.010950883530664264,-0.0014527101979702403,0.06046038839767043
google_robot_pick_coke_can__seed005__step071,pick_coke_can,5,validation,28,0.04882639472567374,0.034171459346733116,0.04602534962859727,-0.014654935378940623,0.6998562875412382,0.05010753279628367,0.04047691028717967,0.05034849639063845,-0.009871586103458785,-0.004783349275481838,0.10606743840268962
google_robot_pick_coke_can__seed005__step071,pick_coke_can,5,validation,29,0.07327793839391165,0.0368655982529167,0.06183739028808292,-0.03641234014099495,0.5030927324229921,0.07452055421883248,0.041282774619854745,0.06209888537861418,-0.03323777959897774,-0.0031745605420172157,0.1871289052435543
google_robot_pick_coke_can__seed005__step071,pick_coke_can,5,validation,30,0.04420838395648829,0.028870354616885967,0.03096948555297493,-0.015338029339602322,0.653051571514158,0.04637124089213673,0.033670819197363824,0.048042378402930935,-0.014371559205567111,-0.0009664701340352105,0.14771803574916476
google_robot_pick_coke_can__seed005__step071,pick_coke_can,5,validation,31,0.051306505227949474,0.032730401529619285,0.03248155844357269,-0.01857610369833019,0.6379386275522277,0.05064174581961312,0.05129431353473891,0.04026199834326033,0.0006525677151257847,-0.019228671413455974,0.2593473016104326
google_robot_pick_coke_can__seed030__step008,pick_coke_can,30,exploration,0,0.005037880434148929,0.0030213985886115543,0.0040861947867901986,-0.002016481845537375,0.5997360652172707,0.004153612560931981,0.0023010956826986016,0.0029615837982095525,-0.001852516878233379,-0.00016396496730399597,0.81097112596035
google_robot_pick_coke_can__seed030__step008,pick_coke_can,30,exploration,1,0.013882486657340818,0.005066581585427176,0.009204728221332637,-0.008815905071913642,0.3649621073288088,0.013981486080983554,0.0030564814690106396,0.007043696598666483,-0.010925004611972915,0.002109099540059273,0.4111364521086216
google_robot_pick_coke_can__seed030__step008,pick_coke_can,30,exploration,2,0.03304685337571423,0.023008259883878703,0.032748757245776396,-0.010038593491835529,0.6962314875275605,0.033419397516679786,0.024108625139594764,0.028698283722058418,-0.009310772377085021,-0.0007278211147505077,0.03247877587335779
google_robot_pick_coke_can__seed030__step008,pick_coke_can,30,exploration,3,0.03214674358234361,0.03096933250492924,0.040065377739683196,-0.009096045234753956,0.7729699369402256,0.03225739311653134,0.028622209578094873,0.030871743773857496,-0.003635183538436469,-0.005460861696317487,0.02822389334789932
google_robot_pick_coke_can__seed030__step008,pick_coke_can,30,exploration,4,0.029992465032368083,0.053906623451976596,0.02996207605172212,0.023914158419608512,1.7973388780748825,0.03413553413742912,0.05319895917133485,0.03406289945685512,0.019063425033905734,0.004850733385702778,0.06836865490868149
google_robot_pick_coke_can__seed030__step008,pick_coke_can,30,exploration,5,0.04033582119890449,0.02369733281294219,0.03525052917997767,-0.0166384883859623,0.5875009385847288,0.058976458321607965,0.03659534737779867,0.04044808550879458,-0.022381110943809297,0.005742622557846997,0.09488581447203615
google_robot_pick_coke_can__seed030__step008,pick_coke_can,30,exploration,6,0.04693093904543431,0.09064657669975229,0.04206074913937715,0.04371563765431798,1.9314886627773726,0.06923140858787985,0.053494246275553776,0.035967706342786884,-0.015737162312326074,0.05945279996664406,0.13775793492413868
google_robot_pick_coke_can__seed030__step008,pick_coke_can,30,exploration,7,0.0524217471507247,0.2667118898972097,0.05876742877793334,0.20794446111927634,4.5384304783019145,0.0721485044626153,0.06951948675126085,0.062059132499154554,-0.002629017711354445,0.21057347883063077,0.06383697187129656
google_robot_pick_coke_can__seed030__step008,pick_coke_can,30,exploration,8,0.0590251583412959,0.19564518301931927,0.05126121094781426,0.13662002467802337,3.3146066612487104,0.07351054490627539,0.10921862858465324,0.03869681319175202,0.035708083678377855,0.10091194099964551,0.1542519052766238
google_robot_pick_coke_can__seed030__step008,pick_coke_can,30,exploration,9,0.055457502154009616,0.13684467620140858,0.05953150732196978,0.0773131688794388,2.2986932862509057,0.061954721214102275,0.06254351921509989,0.04012982424219632,0.0005887980009976132,0.0767243708784412,0.14081038235076448
google_robot_pick_coke_can__seed030__step008,pick_coke_can,30,exploration,10,0.061439379925205956,0.1381508005629179,0.05236214592578048,0.07671142063771194,2.2485708796393715,0.0618800756193532,0.06066019617075529,0.03814158149012535,-0.001219879448597909,0.07793130008630986,0.16085989955718105
google_robot_pick_coke_can__seed030__step008,pick_coke_can,30,exploration,11,0.06067267015451576,0.27379088330868734,0.03197769677278976,0.21311821315417157,4.512589978509617,0.09010918487346639,0.11094311345834418,0.060322500190584764,0.020833928584877787,0.19228428456929378,0.2047084801422443
google_robot_pick_coke_can__seed030__step008,pick_coke_can,30,exploration,12,0.05458565063979813,0.20209180255360534,0.05307398851905293,0.14750615191380723,3.702288058947514,0.06884652798928,0.071071015028665,0.047270852598501514,0.0022244870393850064,0.14528166487442223,0.1961821517502358
google_robot_pick_coke_can__seed030__step008,pick_coke_can,30,exploration,13,0.05176132664915933,0.14924317162231027,0.046919543407757065,0.09748184497315093,2.8832949478649845,0.043535017856992486,0.07188443473292203,0.037821631325204594,0.02834941687592954,0.0691324280972214,0.15240535214570627
google_robot_pick_coke_can__seed030__step008,pick_coke_can,30,exploration,14,0.05326430004269093,0.31291947986040064,0.05688408596091219,0.25603539389948843,5.501002162105984,0.06563605338528812,0.0673311235253068,0.05980593743353991,0.001695070140018684,0.25434032375946974,0.4057000758830327
google_robot_pick_coke_can__seed030__step008,pick_coke_can,30,exploration,15,0.06309723876777472,0.14272993138620946,0.07052931880831095,0.0722006125778985,2.0236964399745574,0.05482857346024114,0.04784966044688192,0.04784090149813627,-0.00697891301335922,0.07917952559125772,0.20746616472831647
google_robot_pick_coke_can__seed030__step008,pick_coke_can,30,exploration,16,0.05970032940399204,0.2161695385817894,0.03559702339191169,0.15646920917779736,3.6209103155691227,0.05451997504746261,0.04531879262850973,0.03177027480831913,-0.009201182418952882,0.16567039159675023,0.2308246414270343
google_robot_pick_coke_can__seed030__step008,pick_coke_can,30,exploration,17,0.05510795987467848,0.2580265927875452,0.048086231703001706,0.20291863291286671,4.682201870189458,0.06116111743336893,0.07363482346328347,0.0691384638645093,0.0044963595987741745,0.19842227331409254,0.1885946940441272
google_robot_pick_coke_can__seed030__step008,pick_coke_can,30,exploration,18,0.08672084872567722,0.22457985919000178,0.055450910501142946,0.13785901046432458,2.5896870532299787,0.07507581814629143,0.07844268398016074,0.058661239152413426,0.0033668658338693175,0.13449214463045528,0.08143747594047568
google_robot_pick_coke_can__seed030__step008,pick_coke_can,30,exploration,19,0.11135144215854736,0.1157663612545804,0.14010547158509917,-0.024339110330518776,0.8262800870290398,0.07929664463003229,0.0503113414720622,0.04172478247366953,-0.028985303157970092,0.004646192827451316,0.14190528578851058
google_robot_pick_coke_can__seed030__step008,pick_coke_can,30,exploration,20,0.10504589511455713,0.21838032050893186,0.12455207009300208,0.09382825041592978,1.7533254994948615,0.08998486883323024,0.06521418870705477,0.05350431131964731,-0.024770680126175476,0.11859893054210525,0.13111540772620245
google_robot_pick_coke_can__seed030__step008,pick_coke_can,30,exploration,21,0.1446715856240815,0.3021948584782393,0.1336260905423995,0.1575232728541578,2.0888335271548795,0.0691194864171581,0.08072632590327804,0.057810056154453934,0.011606839486119944,0.14591643336803783,0.056400652352031955
google_robot_pick_coke_can__seed030__step008,pick_coke_can,30,exploration,22,0.12422076809657617,0.16249795945225226,0.11191536929049037,0.03827719135567609,1.3081384211528724,0.07481195228767021,0.09699442848028167,0.05356165128183497,0.02218247619261146,0.016094715163064627,0.14986848923356888
google_robot_pick_coke_can__seed030__step008,pick_coke_can,30,exploration,23,0.0843549661893619,0.11929878236425412,0.08196496393592845,0.034943816174892214,1.4142472903901064,0.09083623843926981,0.035533449033946424,0.04733251139722172,-0.05530278940532339,0.0902466055802156,0.06789913275156323
google_robot_pick_coke_can__seed030__step008,pick_coke_can,30,exploration,24,0.1537779589376123,0.2342302638620617,0.11332099902157741,0.08045230492444938,1.5231718867922344,0.11172105640833692,0.07004294731628351,0.07609606398621024,-0.04167810909205341,0.12213041401650279,0.11178563690513954
google_robot_pick_coke_can__seed030__step008,pick_coke_can,30,exploration,25,0.07836002968033402,0.10985577600976426,0.037583883097984286,0.03149574632943024,1.4019363756996472,0.08092654092382026,0.05398911147441795,0.039297292654922884,-0.026937429449402313,0.05843317577883255,0.11017934400844354
google_robot_pick_coke_can__seed030__step008,pick_coke_can,30,exploration,26,0.08455108526767477,0.0994593150464294,0.06514825135296146,0.014908229778754625,1.176322157563769,0.08726950671093987,0.049214241162390794,0.04519090050548879,-0.03805526554854908,0.052963495327303704,0.11069293214779208
google_robot_pick_coke_can__seed030__step008,pick_coke_can,30,exploration,27,0.03721480490883715,0.07752008259668085,0.045413682036502784,0.032106400560178064,1.7069763806945109,0.04628018010765766,0.030295443200485498,0.03519230020561246,-0.01598473690717216,0.04809113746735022,0.09873955495575615
google_robot_pick_coke_can__seed030__step008,pick_coke_can,30,exploration,28,0.0629400306166946,0.06680455428672034,0.05604098378839452,0.003864523670025738,1.061400091994882,0.0659370346730053,0.0531476459598873,0.040875618498702165,-0.012789388713117994,0.016653912383143732,0.12771195199201202
google_robot_pick_coke_can__seed030__step008,pick_coke_can,30,exploration,29,0.053717211461319574,0.08226690811637312,0.03710037847923038,0.028549696655053546,1.5314813609714546,0.05623784091775111,0.04288649835499924,0.038229966837279125,-0.013351342562751868,0.041901039217805414,0.20041575584747306
google_robot_pick_coke_can__seed030__step008,pick_coke_can,30,exploration,30,0.05629739937747207,0.06526080850254921,0.042753148136838046,0.008963409125077142,1.1592153318660032,0.039612701999589384,0.054128165681093486,0.029271910258898227,0.014515463681504102,-0.005552054556426961,0.1140122641215271
google_robot_pick_coke_can__seed030__step008,pick_coke_can,30,exploration,31,0.06785573939659321,0.041874598430326364,0.04013152855872235,-0.02598114096626685,0.6171121087574315,0.048649016676577235,0.049220201811701364,0.03724585368358529,0.000571185135124129,-0.02655232610139098,0.21703011652471105
google_robot_pick_coke_can__seed030__step040,pick_coke_can,30,exploration,0,0.004345983769453996,0.002606118980392909,0.0032270384031680244,-0.0017398647890610867,0.5996614618559256,0.004962184256219088,0.0027375407807876608,0.0030291563749817374,-0.0022246434754314274,0.0004847786863703407,0.8216365352272987
google_robot_pick_coke_can__seed030__step040,pick_coke_can,30,exploration,1,0.012633302926433639,0.0036547580462662674,0.010180764537874351,-0.008978544880167371,0.28929552845749734,0.012335843258192803,0.003692022475813189,0.007528959747871156,-0.008643820782379614,-0.00033472409778775684,0.4563162752892822
google_robot_pick_coke_can__seed030__step040,pick_coke_can,30,exploration,2,0.034233271628055076,0.02128424154635835,0.03634322664928425,-0.015058985102925901,0.5856453460160099,0.03558899948807215,0.020596264295008857,0.03967182042282351,-0.01907555612781465,0.004016571024888751,0.03917526297061613
google_robot_pick_coke_can__seed030__step040,pick_coke_can,30,exploration,3,0.032416027393079964,0.03634261774862355,0.030105533257854106,0.003926590355543588,1.1211311400971304,0.027432414168797978,0.029635105667511524,0.025264103387068564,0.002202691498713546,0.0017238988568300424,0.01848666046785752
google_robot_pick_coke_can__seed030__step040,pick_coke_can,30,exploration,4,0.03229085961534917,0.0667398747082663,0.04041572307633955,0.026324151631926744,1.6513344220565884,0.02425917969623688,0.05489289134206803,0.03365524702664417,0.02123764431542386,0.0050865073165028835,0.05305858420285858
google_robot_pick_coke_can__seed030__step040,pick_coke_can,30,exploration,5,0.058695999896033885,0.03252489824637343,0.04205444508413913,-0.026171101649660453,0.5541246133294196,0.03737525573952247,0.018823039992110914,0.03275741169166716,-0.018552215747411553,-0.0076188859022488994,0.06367357260512563
google_robot_pick_coke_can__seed030__step040,pick_coke_can,30,exploration,6,0.03921245160175682,0.10557258822276562,0.03907177913330869,0.0663601366210088,2.6923230736747836,0.028970183738095186,0.05246507669996899,0.033738966735077376,0.018726109964891616,0.047634026656117184,0.08032441244540678
google_robot_pick_coke_can__seed030__step040,pick_coke_can,30,exploration,7,0.05261149707871277,0.093357475161299,0.06330982347501592,0.03004765168628308,1.4746127857731406,0.04896627045407972,0.08970735079361916,0.04591777536377743,0.040741080339539444,-0.010693428653256364,0.09993084166865174
google_robot_pick_coke_can__seed030__step040,pick_coke_can,30,exploration,8,0.05070806838540003,0.10033116096696994,0.04040284522761319,0.049623092581569904,1.9786034878003258,0.05366225672267888,0.05944042228589186,0.053752779831926535,0.005687642453965323,0.04393545012760458,0.12260266423504618
google_robot_pick_coke_can__seed030__step040,pick_coke_can,30,exploration,9,0.04794794063475259,0.06866576277611644,0.06271469690828418,0.005951065867832256,1.0948910887113952,0.054645134814709,0.06619578624000444,0.06785181821852988,-0.0016560319785254435,0.007607097846357699,0.10834084295925095
google_robot_pick_coke_can__seed030__step040,pick_coke_can,30,exploration,10,0.0525188293857235,0.08808969170058795,0.050971439933249964,0.03557086231486445,1.6772973185219906,0.04955066843468055,0.05512411358846064,0.043437686662214585,0.005573445153780089,0.02999741716108436,0.12950917680836938
google_robot_pick_coke_can__seed030__step040,pick_coke_can,30,exploration,11,0.06903344630696992,0.12654548252515727,0.035979191560241035,0.057512036218187346,1.8331039415655057,0.07128782701101755,0.1259454602375749,0.065661910054258,0.05465763322655737,0.0028544029916299785,0.17478274463314847
google_robot_pick_coke_can__seed030__step040,pick_coke_can,30,exploration,12,0.058865904667905776,0.09180386734369338,0.03335292707271975,0.0329379626757876,1.5595422827799617,0.0654897903177447,0.09108529608805689,0.05692946875524313,0.025595505770312194,0.007342456905475407,0.19591154823365287
google_robot_pick_coke_can__seed030__step040,pick_coke_can,30,exploration,13,0.05847767679832182,0.05501416627587813,0.05396894703990798,-0.0034635105224436885,0.9407720909572269,0.06663074932897145,0.06668586000726923,0.04443001303419456,5.511067829777616e-05,-0.0035186212007414647,0.17788492341992423
google_robot_pick_coke_can__seed030__step040,pick_coke_can,30,exploration,14,0.06982975625746263,0.05029142161519686,0.09315925944552195,-0.042867837830325085,0.5398435100764888,0.05419160801575752,0.05350562470441331,0.04843340174037351,-0.0006859833113442154,-0.04218185451898087,0.4612660029733888
google_robot_pick_coke_can__seed030__step040,pick_coke_can,30,exploration,15,0.06555069057854825,0.04577618372348531,0.054315943571064035,-0.019774506855062934,0.6983325929821061,0.06760839165027985,0.04958159225720218,0.04946703692317276,-0.01802679939307767,-0.0017477074619852637,0.23127921582454292
google_robot_pick_coke_can__seed030__step040,pick_coke_can,30,exploration,16,0.0752702328933282,0.0707653294757028,0.06302687282104734,-0.004504903417625397,0.9401502659888182,0.06287478344859769,0.04869563428165532,0.05875608526068137,-0.014179149166942372,0.009674245749316975,0.24626058294438735
google_robot_pick_coke_can__seed030__step040,pick_coke_can,30,exploration,17,0.066749226035017,0.0717230372322352,0.06266310397603475,0.004973811197218209,1.0745148894252186,0.08176610176525585,0.03907874049936152,0.07144787433403128,-0.042687361265894334,0.04766117246311254,0.20736755291056852
google_robot_pick_coke_can__seed030__step040,pick_coke_can,30,exploration,18,0.08815825756805841,0.07067432834663726,0.0755577757574682,-0.017483929221421154,0.8016756489552495,0.08753809301737928,0.06064848023144793,0.04204669795421705,-0.026889612785931348,0.009405683564510194,0.0886577333046148
google_robot_pick_coke_can__seed030__step040,pick_coke_can,30,exploration,19,0.11079429128853588,0.0672398809429922,0.14401329587975759,-0.07677341493676539,0.46690050756933893,0.08097216011212015,0.05851872331821145,0.057718550012686165,-0.022453436793908696,-0.05431997814285669,0.1184993862677004
google_robot_pick_coke_can__seed030__step040,pick_coke_can,30,exploration,20,0.13243260682548805,0.09205172826336509,0.09112237289384029,-0.040380878562122954,0.6950835634056912,0.12849019079075263,0.06245805707999559,0.07227931463666452,-0.06603213371075704,0.02565125514863409,0.09971322445210973
google_robot_pick_coke_can__seed030__step040,pick_coke_can,30,exploration,21,0.10565575932843702,0.10079408294678874,0.10439273418565907,-0.004861676381648278,0.9539856945560774,0.16884699108091103,0.04775162206524296,0.10307787552769647,-0.12109536901566807,0.1162336926340198,0.08573541009458552
google_robot_pick_coke_can__seed030__step040,pick_coke_can,30,exploration,22,0.09855941936370219,0.08718039544066253,0.08215210828391492,-0.01137902392303966,0.8845465608817257,0.1526756031326149,0.05018317102701737,0.1225636953870915,-0.10249243210559754,0.09111340818255788,0.1336182743827692
google_robot_pick_coke_can__seed030__step040,pick_coke_can,30,exploration,23,0.09502759544762239,0.04211343564249782,0.08327848420344729,-0.052914159805124567,0.4431705910701491,0.14672274830877502,0.04461698099338298,0.1015573931938509,-0.10210576731539203,0.049191607510267465,0.06204116782070912
google_robot_pick_coke_can__seed030__step040,pick_coke_can,30,exploration,24,0.14265317749647208,0.1440460805740605,0.09177483079770694,0.0013929030775884088,1.009764262542437,0.1445228809614555,0.08867432781805991,0.09254890576530216,-0.05584855314339558,0.05724145622098399,0.07847620902549579
google_robot_pick_coke_can__seed030__step040,pick_coke_can,30,exploration,25,0.07802523311705913,0.035464876610561864,0.04930544615165182,-0.04256035650649726,0.4545308638470183,0.08130481480869069,0.03471716811987622,0.060774625003930334,-0.04658764668881447,0.004027290182317206,0.10714377883365955
google_robot_pick_coke_can__seed030__step040,pick_coke_can,30,exploration,26,0.08496576451408136,0.047950822369390494,0.056520196217765176,-0.037014942144690866,0.5643546273445655,0.10318966690229876,0.05740469178789984,0.08748032064617882,-0.04578497511439892,0.008770032969708054,0.13509477728212005
google_robot_pick_coke_can__seed030__step040,pick_coke_can,30,exploration,27,0.052982052010459614,0.051092467064475885,0.046736125922910335,-0.0018895849459837286,0.9643353763344106,0.0633795963796239,0.03616151149874151,0.02957900016722673,-0.02721808488088239,0.025328499934898663,0.11612183963904954
google_robot_pick_coke_can__seed030__step040,pick_coke_can,30,exploration,28,0.06240526977030917,0.06684820823455065,0.043577105040672394,0.004442938464241479,1.0711949244125425,0.06496346818374797,0.04476366584349791,0.04479444536665712,-0.02019980234025006,0.02464274080449154,0.1407154491729159
google_robot_pick_coke_can__seed030__step040,pick_coke_can,30,exploration,29,0.08420516709605252,0.0343890744834702,0.041031395775850237,-0.049816092612582324,0.4083962501284833,0.0813411114911611,0.07543085114028396,0.1041055208821644,-0.028674669741880446,-0.02114142287070188,0.17510303271751582
google_robot_pick_coke_can__seed030__step040,pick_coke_can,30,exploration,30,0.0641593065851845,0.035607507514720096,0.03838580392784339,-0.0285517990704644,0.5549858533374874,0.0484606826432594,0.04641022164229225,0.04564543603626207,-0.0020504610009671534,-0.026501338069497248,0.13425050427827045
google_robot_pick_coke_can__seed030__step040,pick_coke_can,30,exploration,31,0.043928470519600984,0.04563746482308107,0.058989046515283125,-0.013351581692202054,0.773659984676259,0.07466227781574811,0.04922071557319506,0.04245985680619573,-0.025441562242553048,0.012089980550350994,0.233013596605133
google_robot_pick_coke_can__seed030__step071,pick_coke_can,30,exploration,0,0.0036738633474064034,0.0020514581365313166,0.002671638640070536,-0.0016224052108750869,0.5583926081462888,0.004624898622518985,0.0031134688914671,0.0032000263462144724,-0.0015114297310518847,-0.00011097547982320214,0.8238502107560635
google_robot_pick_coke_can__seed030__step071,pick_coke_can,30,exploration,1,0.011183112069209189,0.003375943843609387,0.009351083800516463,-0.0078071682255998025,0.3018787456225605,0.014468002784641543,0.004892041829738861,0.008159096574506365,-0.009575960954902683,0.0017687927293028802,0.47522033081622794
google_robot_pick_coke_can__seed030__step071,pick_coke_can,30,exploration,2,0.039578187294573665,0.02150875470617359,0.03811544000747968,-0.018069432588400075,0.5434497175448592,0.02891853505256845,0.01825154416282988,0.03154083479013723,-0.01328929062730735,-0.004780141961092724,0.030434896143447077
google_robot_pick_coke_can__seed030__step071,pick_coke_can,30,exploration,3,0.034139351366818255,0.059153901707923465,0.03135046530550422,0.02501455034110521,1.7327189691547011,0.032924275772820866,0.036127180106279196,0.037281777058605414,-0.0011545969523262187,0.02616914729343143,0.018962202706575226
google_robot_pick_coke_can__seed030__step071,pick_coke_can,30,exploration,4,0.0320963004970884,0.07693707893505432,0.04288351764452154,0.034053561290532774,1.794094401788963,0.03482323215338295,0.06062876789256007,0.024965639610186916,0.02580553573917712,0.008248025551355655,0.06233132645502337
google_robot_pick_coke_can__seed030__step071,pick_coke_can,30,exploration,5,0.036043455044032675,0.033630883955135006,0.04694384874521276,-0.013312964790077757,0.7164066188451286,0.039974631781131795,0.026177945628709873,0.0287617085774591,-0.013796686152421921,0.00048372136234416455,0.06486391741441366
google_robot_pick_coke_can__seed030__step071,pick_coke_can,30,exploration,6,0.05270627459122289,0.05892784165133542,0.034993240006013046,0.00622156706011253,1.1180422465515822,0.05024129363826378,0.07898190369494881,0.03647538144570963,0.02874061005668503,-0.0225190429965725,0.08970019178150324
google_robot_pick_coke_can__seed030__step071,pick_coke_can,30,exploration,7,0.05658312175540245,0.07918677007850346,0.05296301250876534,0.022603648323101008,1.3994768691061634,0.05923289645535405,0.08807592505925653,0.044535624487350024,0.028843028603902476,-0.006239380280801468,0.09582646430646946
google_robot_pick_coke_can__seed030__step071,pick_coke_can,30,exploration,8,0.05345089550301085,0.0473312107093506,0.043049556336180475,-0.006119684793660256,0.8855082831434408,0.06867654270282066,0.08907921474887029,0.051262577644629354,0.020402672046049633,-0.02652235683970989,0.15759389800450663
google_robot_pick_coke_can__seed030__step071,pick_coke_can,30,exploration,9,0.05324391904714791,0.06996065530333734,0.052249597978866566,0.016716736256189427,1.3139651730254234,0.05719124751585702,0.05526150349420666,0.054500195411099316,-0.0019297440216503592,0.018646480277839786,0.13629951929829076
google_robot_pick_coke_can__seed030__step071,pick_coke_can,30,exploration,10,0.047966318392223414,0.04628347415708247,0.04490138959327773,-0.0016828442351409442,0.9649161267416809,0.050658427183211736,0.06326076886829261,0.04286293245559112,0.012602341685080877,-0.014285185920221821,0.16677652307544122
google_robot_pick_coke_can__seed030__step071,pick_coke_can,30,exploration,11,0.07168503013746098,0.04904730371602526,0.04289568222069059,-0.022637726421435724,0.6842056650038882,0.09309649556381748,0.10605593524468987,0.0578926570788669,0.01295943968087239,-0.03559716610230811,0.20061745860880364
google_robot_pick_coke_can__seed030__step071,pick_coke_can,30,exploration,12,0.06327260885126779,0.043843826329030174,0.024456318698008826,-0.019428782522237613,0.692935333709599,0.09393189411799005,0.07731479042442622,0.03849125131119366,-0.016617103693563826,-0.0028116788286737873,0.21975129521752024
google_robot_pick_coke_can__seed030__step071,pick_coke_can,30,exploration,13,0.05854415516739381,0.03537078807716271,0.06476723580818843,-0.02939644773102572,0.546121625167317,0.049756345772041737,0.07483787000920698,0.035040642982259264,0.025081524237165247,-0.054477971968190965,0.09273735427024121
google_robot_pick_coke_can__seed030__step071,pick_coke_can,30,exploration,14,0.0544565254156033,0.02859692512759892,0.058644419253860984,-0.030047494126262064,0.4876325060669124,0.09768665098878533,0.09018366166421637,0.04853821257457984,-0.007502989324568957,-0.022544504801693108,0.2857240012990587
google_robot_pick_coke_can__seed030__step071,pick_coke_can,30,exploration,15,0.049947766732091406,0.02497688121154262,0.04308516879997978,-0.024970885520548786,0.5000600196103461,0.06567593799114864,0.06913718620382601,0.0483335629310657,0.003461248212677376,-0.028432133733226162,0.260546670698659
google_robot_pick_coke_can__seed030__step071,pick_coke_can,30,exploration,16,0.04615086890546297,0.04241966131035211,0.047313080223511994,-0.004893418913159885,0.8965736559521625,0.09063417423788983,0.08292917440087771,0.05023391772788523,-0.0077049998370121164,0.002811580923852232,0.19904210978145898
google_robot_pick_coke_can__seed030__step071,pick_coke_can,30,exploration,17,0.07351829728829624,0.03707484811077855,0.06399669302918166,-0.0364434491775177,0.5042941618382759,0.12033290818755231,0.05697099096703095,0.06307861137889023,-0.06336191722052137,0.02691846804300367,0.1886869261147126
google_robot_pick_coke_can__seed030__step071,pick_coke_can,30,exploration,18,0.06841629928111005,0.0632496779409915,0.05458027886674087,-0.0051666213401185546,0.9244825956035732,0.09615818762420171,0.04095036216097631,0.05134909912174933,-0.0552078254632254,0.05004120412310684,0.13370533979377797
google_robot_pick_coke_can__seed030__step071,pick_coke_can,30,exploration,19,0.09216078043401545,0.06952738605084753,0.060199513670335464,-0.022633394383167915,0.7544140329912593,0.10988033403483151,0.06163497092680413,0.054948514223024866,-0.04824536310802738,0.025611968724859463,0.10529275732903898
google_robot_pick_coke_can__seed030__step071,pick_coke_can,30,exploration,20,0.07605076300303018,0.07788419334232086,0.047508175301303725,0.001833430339290676,1.0241079808655913,0.13178670632091535,0.05077566864773635,0.06861379509127817,-0.081011037673179,0.08284446801246968,0.14518849249647303
google_robot_pick_coke_can__seed030__step071,pick_coke_can,30,exploration,21,0.07843324746686994,0.05193126462355014,0.07847245100246139,-0.02654118637891125,0.6617770180508475,0.09262746265276822,0.04319549123568282,0.08430231525264718,-0.0494319714170854,0.022890785038174148,0.09646973266828951
google_robot_pick_coke_can__seed030__step071,pick_coke_can,30,exploration,22,0.09363726535248718,0.04799812373584573,0.06316431880469159,-0.04563914161664145,0.5125963851588582,0.06958966026408027,0.06550236911639987,0.07068248753419562,-0.005180118417795754,-0.040459023198845694,0.1389092988993923
google_robot_pick_coke_can__seed030__step071,pick_coke_can,30,exploration,23,0.11348843565803457,0.08889362212791009,0.09433218367031611,-0.02459481353012448,0.7832835267530339,0.12160388486444791,0.042276791601435305,0.16579303682697819,-0.12351624522554289,0.09892143169541841,0.06976680897113852
google_robot_pick_coke_can__seed030__step071,pick_coke_can,30,exploration,24,0.12005167378840594,0.06802656130558002,0.07084340245089937,-0.052025112482825916,0.5666440055261414,0.12132513604631616,0.04274860699388775,0.0715045210368046,-0.0785765290524284,0.026551416569602485,0.08968505352426348
google_robot_pick_coke_can__seed030__step071,pick_coke_can,30,exploration,25,0.1256145071480009,0.061716637779010285,0.06138086573639619,-0.06389786936899061,0.491317756047833,0.08850691776321028,0.05175354022644897,0.054425247014101306,-0.036753377536761306,-0.027144491832229306,0.10112233997806541
google_robot_pick_coke_can__seed030__step071,pick_coke_can,30,exploration,26,0.09872299829400084,0.04526216457117726,0.06311570112676516,-0.053460833722823585,0.45847639712465793,0.13635926405336865,0.0472972803604449,0.06739408919465757,-0.08906198369292376,0.03560114997010017,0.13264645332045433
google_robot_pick_coke_can__seed030__step071,pick_coke_can,30,exploration,27,0.06162429176590343,0.03240473837272656,0.04194113717582045,-0.02921955339317687,0.5258435828491911,0.054606596741185745,0.061901646827847025,0.04352207755338171,0.00729505008666128,-0.03651460347983815,0.06791160383462369
google_robot_pick_coke_can__seed030__step071,pick_coke_can,30,exploration,28,0.05420865536068217,0.046365236880127246,0.04787012400430388,-0.007843418480554927,0.8553105877951033,0.054711849650114136,0.03964273693344888,0.05490134552300536,-0.01525860858955648,0.007415190109001553,0.14977764729540866
google_robot_pick_coke_can__seed030__step071,pick_coke_can,30,exploration,29,0.0536233545772906,0.041649626266545406,0.044615466022204425,-0.011973728310745196,0.7767068396758593,0.07851231372803782,0.0312995544079463,0.04020175025066795,-0.04721275932009152,0.035239031009346326,0.18384149306524478
google_robot_pick_coke_can__seed030__step071,pick_coke_can,30,exploration,30,0.05229811480729984,0.03115600907911663,0.04223517666580992,-0.02114210572818321,0.5957386646519777,0.047677795067519464,0.050565492768644256,0.026471528759425208,0.0028876977011247917,-0.024029803429308,0.1468783622667047
google_robot_pick_coke_can__seed030__step071,pick_coke_can,30,exploration,31,0.041482921929901564,0.03468818069329917,0.039190621657443,-0.006794741236602397,0.8362038901675188,0.0619762559744347,0.04020731869232234,0.055027745034488554,-0.021768937282112363,0.014974196045509966,0.2771810482558976
google_robot_pick_coke_can__seed059__step008,pick_coke_can,59,exploration,0,0.005627493082281963,0.0032645777327934295,0.00402721839103535,-0.0023629153494885338,0.5801122604791608,0.00568548559285005,0.0017322491961419433,0.0036787989116774398,-0.003953236396708106,0.0015903210472195724,0.8039146866649389
google_robot_pick_coke_can__seed059__step008,pick_coke_can,59,exploration,1,0.013462598146564857,0.004982562895018519,0.00816681251658601,-0.008480035251546338,0.37010410923465614,0.012259934610709169,0.003397994612560872,0.008056871403352197,-0.008861939998148298,0.0003819047466019597,0.41379936854355037
google_robot_pick_coke_can__seed059__step008,pick_coke_can,59,exploration,2,0.0284097351875036,0.020497276852920715,0.025613371710392935,-0.007912458334582886,0.7214877828898847,0.04442883458924538,0.023604306952280867,0.03830728603478819,-0.020824527636964515,0.012912069302381628,0.03700273230890616
google_robot_pick_coke_can__seed059__step008,pick_coke_can,59,exploration,3,0.03475984962788573,0.03235825088076064,0.03231775060545208,-0.002401598747125089,0.930908828063559,0.03921321046388882,0.041284134649835734,0.036161770951269684,0.0020709241859469124,-0.004472522933072001,0.033435796551998465
google_robot_pick_coke_can__seed059__step008,pick_coke_can,59,exploration,4,0.030236140354369948,0.06092537241790043,0.03030876664851578,0.030616605769384648,2.0101567683185135,0.02230710361893692,0.05763289180518784,0.02753224512752952,0.03010064667765832,0.0005159590917263278,0.06308094586347579
google_robot_pick_coke_can__seed059__step008,pick_coke_can,59,exploration,5,0.04475661721898664,0.028903213315335817,0.036796429949938224,-0.015853403903650823,0.6457863688383156,0.033114158908621245,0.017198654043729233,0.02976862161081695,-0.015915504864892013,6.210096124118977e-05,0.08813202093324435
google_robot_pick_coke_can__seed059__step008,pick_coke_can,59,exploration,6,0.04108090514353618,0.09233617752455708,0.040716760615525316,0.05125527238102091,2.2476665789601182,0.048670633471882566,0.050829410927426114,0.03952967101758839,0.002158777455543548,0.04909649492547736,0.15397668405967124
google_robot_pick_coke_can__seed059__step008,pick_coke_can,59,exploration,7,0.05530428285345576,0.24186072805425038,0.049786759777619205,0.18655644520079462,4.373273019290899,0.05995790090536058,0.08905842015168608,0.05161454488775402,0.0291005192463255,0.1574559259544691,0.06507234439106924
google_robot_pick_coke_can__seed059__step008,pick_coke_can,59,exploration,8,0.051942383220621335,0.16609546906171377,0.04774047403057179,0.11415308584109243,3.1976867206157227,0.0683502895399028,0.06297519636542134,0.03731299052383115,-0.0053750931744814545,0.11952817901557389,0.18491194163198088
google_robot_pick_coke_can__seed059__step008,pick_coke_can,59,exploration,9,0.05471530582597168,0.09815650261269514,0.052143545888569065,0.04344119678672346,1.7939496294673594,0.0895530580162147,0.05710359992785973,0.06164222960970998,-0.03244945808835497,0.07589065487507843,0.120861153437545
google_robot_pick_coke_can__seed059__step008,pick_coke_can,59,exploration,10,0.05258851684020546,0.1420686883693025,0.037651278118434224,0.08948017152909704,2.7015154049883154,0.06678040431642991,0.059348362230491405,0.04499023939892133,-0.007432042085938506,0.09691221361503555,0.13857982104514122
google_robot_pick_coke_can__seed059__step008,pick_coke_can,59,exploration,11,0.06963944212489827,0.37839402938101,0.04467763881816359,0.30875458725611177,5.433616609138837,0.06885340972926982,0.07854472189833382,0.02842659851146129,0.009691312169064006,0.2990632750870478,0.19903974381179523
google_robot_pick_coke_can__seed059__step008,pick_coke_can,59,exploration,12,0.054052869458883566,0.2449782697463176,0.05375436318591137,0.19092540028743402,4.532197313459286,0.04161920553790905,0.05514939932084549,0.03491043945081323,0.01353019378293644,0.17739520650449758,0.18378697360469687
google_robot_pick_coke_can__seed059__step008,pick_coke_can,59,exploration,13,0.03873887976087055,0.18596936845392523,0.04964123175000602,0.13632813670391922,3.7462682108790077,0.04219490759052701,0.041984840788316935,0.039947601507622506,-0.00021006680221007795,0.1365382035061293,0.14363193246330752
google_robot_pick_coke_can__seed059__step008,pick_coke_can,59,exploration,14,0.05485560972503624,0.3146596304095905,0.05296761147884315,0.25980402068455427,5.736143158135002,0.05573587790511049,0.059221706169686666,0.05186495182132592,0.0034858282645761768,0.2563181924199781,0.445698797708701
google_robot_pick_coke_can__seed059__step008,pick_coke_can,59,exploration,15,0.04831052420990424,0.15105786361001802,0.05582944020319692,0.09522842340682111,2.705702637537249,0.05531982961763841,0.04310342624421105,0.05323801803369094,-0.01221640337342736,0.10744482678024847,0.2673522379013775
google_robot_pick_coke_can__seed059__step008,pick_coke_can,59,exploration,16,0.08919997406427682,0.18495098940132781,0.04982523025405322,0.095751015337051,2.0734421880891305,0.08028895700170176,0.05868591960888306,0.046385337203967106,-0.0216030373928187,0.11735405272986969,0.1946062284716561
google_robot_pick_coke_can__seed059__step008,pick_coke_can,59,exploration,17,0.09184424962288247,0.24810653615383785,0.04403006048115964,0.15626228653095536,2.7013834526666276,0.08206874489450146,0.056905169894932814,0.04512009844370937,-0.025163574999568644,0.181425861530524,0.16016752917380472
google_robot_pick_coke_can__seed059__step008,pick_coke_can,59,exploration,18,0.08715956872853652,0.16353200108553134,0.04945568205243449,0.07637243235699483,1.8762369235082055,0.07843429241321634,0.08778849059485742,0.045957811294989354,0.009354198181641085,0.06701823417535374,0.10886426378101532
google_robot_pick_coke_can__seed059__step008,pick_coke_can,59,exploration,19,0.08186057692697599,0.07816247159010951,0.13533531685159797,-0.057172845261488456,0.5775467439575925,0.09083696281043098,0.09569675039350935,0.09109122793382145,0.0046055224596879,-0.061778367721176355,0.1354836821433878
google_robot_pick_coke_can__seed059__step008,pick_coke_can,59,exploration,20,0.10486582828423748,0.12533474364501726,0.09915437962175175,0.020468915360779785,1.1951914717661796,0.1341287844424182,0.0881016340100053,0.07871902147939576,-0.046027150432412886,0.06649606579319267,0.15421819263246306
google_robot_pick_coke_can__seed059__step008,pick_coke_can,59,exploration,21,0.11147078880136516,0.21060465761619585,0.10979010668881148,0.09913386881483069,1.8893259828947817,0.13016376215057757,0.0853124917417397,0.06762608466378092,-0.044851270408837865,0.14398513922366857,0.07860007949565784
google_robot_pick_coke_can__seed059__step008,pick_coke_can,59,exploration,22,0.12113254167876943,0.1396070629939367,0.11309871749080981,0.01847452131516726,1.1525149316536238,0.1636784580151216,0.06505994596382775,0.09748838062733856,-0.09861851205129385,0.11709303336646111,0.1648436467294232
google_robot_pick_coke_can__seed059__step008,pick_coke_can,59,exploration,23,0.08744951677924304,0.07742919414571071,0.10602098432921625,-0.028591790183505536,0.7303195177407301,0.09525185807651887,0.09339272322565946,0.08879974495363652,-0.001859134850859409,-0.026732655332646127,0.10214728512400484
google_robot_pick_coke_can__seed059__step008,pick_coke_can,59,exploration,24,0.08459178564779792,0.21008186684164087,0.04969133743280002,0.12549008119384297,2.4834783334203054,0.23572483918575082,0.08690734026248176,0.1248139537192865,-0.14881749892326906,0.27430758011711204,0.13753260724705996
google_robot_pick_coke_can__seed059__step008,pick_coke_can,59,exploration,25,0.06417946416211237,0.08490612961407727,0.04305537605922462,0.0207266654519649,1.3229485587416396,0.13603619243952927,0.05178566909064285,0.05175087011665687,-0.08425052334888643,0.10497718880085133,0.13278500010320826
google_robot_pick_coke_can__seed059__step008,pick_coke_can,59,exploration,26,0.07700032194429096,0.09463998035808227,0.06519021103200283,0.01763965841379131,1.2290855150781506,0.10784865248384466,0.07722767777856854,0.08437948697506359,-0.030620974705276124,0.048260633119067434,0.16343176456524233
google_robot_pick_coke_can__seed059__step008,pick_coke_can,59,exploration,27,0.0425417849747696,0.060916747876262695,0.03524987783621607,0.018374962901493097,1.4319274076626263,0.08036736209343949,0.044529466183612816,0.047240593791408575,-0.035837895909826674,0.05421285881131977,0.15275041485875818
google_robot_pick_coke_can__seed059__step008,pick_coke_can,59,exploration,28,0.06706218162731697,0.06011945090061172,0.03830799916738249,-0.006942730726705253,0.8964732348659946,0.06784821287355373,0.05976163483722445,0.05638324451085359,-0.008086578036329284,0.0011438473096240312,0.11861848842835343
google_robot_pick_coke_can__seed059__step008,pick_coke_can,59,exploration,29,0.04175685933930619,0.0733639337986633,0.04177295510320405,0.031590978695459244,1.7562543424905117,0.06095888712414245,0.04501096427960133,0.047060027040111134,-0.01594792284454112,0.047538901540000365,0.21398632165281128
google_robot_pick_coke_can__seed059__step008,pick_coke_can,59,exploration,30,0.04900168431498431,0.06520787929021186,0.03749807464012339,0.01620619497522755,1.3307273046178094,0.05877902943266385,0.06077280252703245,0.04620044736004704,0.0019937730943686005,0.014212421880858951,0.1325554459818079
google_robot_pick_coke_can__seed059__step008,pick_coke_can,59,exploration,31,0.0521690152949988,0.07448374443633597,0.05764147736506174,0.01684226707127423,1.2921900659243484,0.049241647198875894,0.03646151066177045,0.044805303528727566,-0.012780136537105441,0.02962240360837967,0.28830613911350156
google_robot_pick_coke_can__seed059__step040,pick_coke_can,59,exploration,0,0.00399252044296663,0.002074059356973082,0.0028167663969194154,-0.001918461085993548,0.5194862209476775,0.004505488018453688,0.0028665172420984163,0.0032652137562398506,-0.0016389707763552722,-0.0002794903096382758,0.8316004201769829
google_robot_pick_coke_can__seed059__step040,pick_coke_can,59,exploration,1,0.01099261119370409,0.00326516516818616,0.007947394567902855,-0.0077274460255179304,0.2970327168540493,0.013772019879829714,0.003820261164209938,0.009634170634288567,-0.009951758715619777,0.0022243126901018463,0.4698743955232203
google_robot_pick_coke_can__seed059__step040,pick_coke_can,59,exploration,2,0.03422509214820178,0.019427775294821446,0.03387953022644672,-0.014797316853380336,0.5676471289162679,0.03546136747252598,0.02387233345315962,0.035696786630759675,-0.011824453177600055,-0.0029728636757802816,0.029735767928627865
google_robot_pick_coke_can__seed059__step040,pick_coke_can,59,exploration,3,0.03343615398173481,0.03425047180605448,0.034008189568150486,0.00024228223790399156,1.0071242321623288,0.03745358131063629,0.03742052609094771,0.026487413026083238,-3.305521968857694e-05,0.0002753374575925685,0.01983770012674313
google_robot_pick_coke_can__seed059__step040,pick_coke_can,59,exploration,4,0.02643375158897511,0.05930509152675196,0.04080025362628396,0.018504837900468002,1.4535471291420352,0.02812506418619179,0.06403624442780158,0.03669907539121169,0.027337169036589885,-0.008832331136121883,0.055754656870931285
google_robot_pick_coke_can__seed059__step040,pick_coke_can,59,exploration,5,0.030586513896765276,0.02906151226697372,0.03721040809893554,-0.008148895831961822,0.7810049325367401,0.05107076271662809,0.047168584903350505,0.040396155198687195,-0.003902177813277584,-0.004246718018684238,0.08086440480337842
google_robot_pick_coke_can__seed059__step040,pick_coke_can,59,exploration,6,0.05134270380436125,0.08451993131459246,0.03941081231069443,0.03317722751023121,1.6461916699333043,0.03817860405424632,0.05777210932716748,0.03618686184127329,0.019593505272921162,0.013583722237310046,0.1066414604572401
google_robot_pick_coke_can__seed059__step040,pick_coke_can,59,exploration,7,0.06677419327895019,0.09720908474935942,0.044784470037284294,0.03043489147040923,1.455788231589216,0.06792386595547703,0.06983175083221281,0.06784086009179106,0.0019078848767357798,0.02852700659367345,0.0711935769709271
google_robot_pick_coke_can__seed059__step040,pick_coke_can,59,exploration,8,0.06915661061352453,0.07181887740274692,0.04655634783965819,0.0026622667892223922,1.0384962010949355,0.07371050186780652,0.06616003226422185,0.04962428722195897,-0.0075504696035846725,0.010212736392807065,0.14120028359161552
google_robot_pick_coke_can__seed059__step040,pick_coke_can,59,exploration,9,0.06565476397004687,0.08673868108603365,0.06622408604848407,0.020514595037549585,1.3097754346134791,0.060826828697277326,0.04160498490012782,0.06316969807104875,-0.02156471317092093,0.042079308208470514,0.13650272501035943
google_robot_pick_coke_can__seed059__step040,pick_coke_can,59,exploration,10,0.05275372916787151,0.06147146098314232,0.06009970597676491,0.0013717550063774148,1.0228246541989365,0.07967798521213751,0.049195862212223364,0.048091420384813816,-0.030482122999914145,0.03185387800629156,0.12007259997267283
google_robot_pick_coke_can__seed059__step040,pick_coke_can,59,exploration,11,0.06633126840510671,0.07730463002038132,0.0468188137020514,0.01097336161527461,1.1654327118887085,0.08297811488099102,0.062897406003607,0.042032759218258886,-0.020080708877384015,0.031054070492658625,0.22397452389691352
google_robot_pick_coke_can__seed059__step040,pick_coke_can,59,exploration,12,0.054422099085844895,0.06584673456353012,0.04332481479080275,0.01142463547768522,1.2099264025017504,0.05730266653388164,0.044980020750888854,0.04519245691634441,-0.012322645782992789,0.02374728126067801,0.20255703992143026
google_robot_pick_coke_can__seed059__step040,pick_coke_can,59,exploration,13,0.04939666348861533,0.04070749703845519,0.04806733480420604,-0.008689166450160137,0.8240940614913643,0.07791240565363458,0.04383805887054806,0.05674205713935279,-0.03407434678308652,0.02538518033292638,0.1594348348235144
google_robot_pick_coke_can__seed059__step040,pick_coke_can,59,exploration,14,0.0990657007609197,0.035891484730972374,0.06736364546494618,-0.06317421602994733,0.3622998116935661,0.07538271666623453,0.044168847067917925,0.06199598504308581,-0.031213869598316603,-0.031960346431630725,0.46535420336840616
google_robot_pick_coke_can__seed059__step040,pick_coke_can,59,exploration,15,0.07906169661105193,0.04061201807651034,0.05193089461772147,-0.03844967853454159,0.5136750135315619,0.07496533641625346,0.046262218519332925,0.04867264871588019,-0.02870311789692053,-0.009746560637621061,0.287483131990939
google_robot_pick_coke_can__seed059__step040,pick_coke_can,59,exploration,16,0.0732409801725967,0.05510190662098939,0.050430877865739084,-0.018139073551607307,0.7523370999560423,0.08732324228502883,0.05423294084654794,0.04280554529526103,-0.033090301438480886,0.014951227886873579,0.1870576625975673
google_robot_pick_coke_can__seed059__step040,pick_coke_can,59,exploration,17,0.06933707784913247,0.06558481984987566,0.046107498336902475,-0.003752257999256811,0.9458838169179672,0.07441647209481936,0.05095932234869152,0.06002759342236257,-0.023457149746127837,0.019704891746871026,0.184443545322722
google_robot_pick_coke_can__seed059__step040,pick_coke_can,59,exploration,18,0.0778695501061991,0.08274376732535241,0.058834298677594994,0.004874217219153307,1.0625946498022116,0.1237702655292823,0.06457629875091453,0.048436081585767794,-0.059193966778367774,0.06406818399752108,0.10721445185225775
google_robot_pick_coke_can__seed059__step040,pick_coke_can,59,exploration,19,0.07335616575626053,0.057003186373737566,0.07362535832631466,-0.01662217195257709,0.7742330586846718,0.08519022596990732,0.060335981693787295,0.0670036922164597,-0.02485424427612002,0.008232072323542929,0.11315823006111714
google_robot_pick_coke_can__seed059__step040,pick_coke_can,59,exploration,20,0.10788310896914649,0.06383630572966496,0.08792047523961044,-0.04404680323948153,0.5917173349900541,0.1139907469992783,0.06547451229495038,0.0698989839528883,-0.04851623470432792,0.004469431464846393,0.16600672567331287
google_robot_pick_coke_can__seed059__step040,pick_coke_can,59,exploration,21,0.08772302928599918,0.05945319857578973,0.07951178105336366,-0.02826983071020945,0.6777376369659707,0.09546791494966592,0.06492249725795955,0.07028887559134396,-0.030545417691706364,0.0022755869814969146,0.13288021485224988
google_robot_pick_coke_can__seed059__step040,pick_coke_can,59,exploration,22,0.10687119094576474,0.07649162592771648,0.09314550194061723,-0.030379565018048255,0.7157366288407383,0.06261882249995439,0.058968080068991215,0.03274387409138579,-0.0036507424309631734,-0.02672882258708508,0.15960482135230336
google_robot_pick_coke_can__seed059__step040,pick_coke_can,59,exploration,23,0.08439446305324691,0.06568128373416049,0.04788927346660889,-0.01871317931908642,0.7782653192866488,0.11583145194026145,0.05082188245410088,0.16671321113621668,-0.1158913286821158,0.09717814936302938,0.10306158761440543
google_robot_pick_coke_can__seed059__step040,pick_coke_can,59,exploration,24,0.16632103158818135,0.11130547475013239,0.11203768319204047,-0.05501555683804896,0.6692206853654561,0.12587766726318497,0.06104757254324078,0.0804703295481658,-0.06483009471994419,0.009814537881895236,0.1261536066234612
google_robot_pick_coke_can__seed059__step040,pick_coke_can,59,exploration,25,0.0555443299471526,0.051529056864249655,0.051557166972066464,-0.004015273082902948,0.9277104776180888,0.07925840140779962,0.031058585590482732,0.06399506741606051,-0.04819981581731689,0.04418454273441394,0.1489519262801906
google_robot_pick_coke_can__seed059__step040,pick_coke_can,59,exploration,26,0.11293986582735384,0.04910193595048547,0.05710355176646146,-0.06383792987686837,0.43476176982134385,0.10771455779086704,0.06077751029105913,0.05771241414384473,-0.04693704749980791,-0.016900882377060458,0.15297473416430307
google_robot_pick_coke_can__seed059__step040,pick_coke_can,59,exploration,27,0.047719816809111665,0.04176033768835642,0.032164535866091686,-0.005959479120755243,0.8751152137780769,0.05177282591836567,0.05706543144275335,0.032697771837604486,0.005292605524387678,-0.01125208464514292,0.14964484443396486
google_robot_pick_coke_can__seed059__step040,pick_coke_can,59,exploration,28,0.06706148318391268,0.04487119198957815,0.05145422422743289,-0.02219029119433453,0.6691052726424378,0.05265442807944039,0.029885297125697714,0.04457924651945659,-0.022769130953742674,0.0005788397594081451,0.1434010138705304
google_robot_pick_coke_can__seed059__step040,pick_coke_can,59,exploration,29,0.06949354266337474,0.053046342516198094,0.03336835730938067,-0.01644720014717664,0.7633276486299377,0.06273372190676489,0.02851576160506971,0.04012689984402184,-0.03421796030169518,0.01777076015451854,0.2551358807303643
google_robot_pick_coke_can__seed059__step040,pick_coke_can,59,exploration,30,0.04523359998087488,0.03103415403402864,0.03919078966341439,-0.014199445946846242,0.6860863174089642,0.053044284493975094,0.04331882435631561,0.04035014044775045,-0.009725460137659486,-0.0044739858091867556,0.17599754314773008
google_robot_pick_coke_can__seed059__step040,pick_coke_can,59,exploration,31,0.051791500809300096,0.03706441094739132,0.027425707003480626,-0.01472708986190878,0.7156465900431241,0.05610691462292307,0.04315360377604234,0.033869290617361575,-0.012953310846880728,-0.0017737790150280514,0.29384224090790667
google_robot_pick_coke_can__seed059__step071,pick_coke_can,59,exploration,0,0.003774576791252663,0.0021025230345558398,0.002769162688780497,-0.0016720537566968234,0.5570221910515374,0.005033481968963649,0.002682989054665554,0.00291788666542669,-0.002350492914298095,0.0006784391576012717,0.8261625990271568
google_robot_pick_coke_can__seed059__step071,pick_coke_can,59,exploration,1,0.010857889533361044,0.004434467563792298,0.009333738938067212,-0.006423421969568746,0.40840971444471996,0.014159787435840187,0.0036748274773010584,0.012543794001548845,-0.010484959958539129,0.004061537988970383,0.4802930804435164
google_robot_pick_coke_can__seed059__step071,pick_coke_can,59,exploration,2,0.03872078830224499,0.018600955599643233,0.031998722086656564,-0.02011983270260176,0.4803868003525323,0.033128615411711505,0.023826868838106117,0.027242729933672244,-0.009301746573605389,-0.01081808612899637,0.031227098761917205
google_robot_pick_coke_can__seed059__step071,pick_coke_can,59,exploration,3,0.030673249205917748,0.037382589053917024,0.027202912798038926,0.006709339847999277,1.2187358699092385,0.019409619397623843,0.0380534968665546,0.02050791391128769,0.017545582955266908,-0.010836243107267631,0.019333690880330323
google_robot_pick_coke_can__seed059__step071,pick_coke_can,59,exploration,4,0.029472733074360657,0.06950999149047647,0.03886702488954001,0.03064296660093646,1.7884052532454875,0.022070906570669686,0.05784199579330299,0.035005351210068994,0.022836644583234,0.007806322017702462,0.0646196292636887
google_robot_pick_coke_can__seed059__step071,pick_coke_can,59,exploration,5,0.03825352802607763,0.03580034506221814,0.04907187318366866,-0.013271528121450521,0.7295491844833968,0.029452806658319588,0.03503302556289292,0.036046136739959656,-0.0010131111770667334,-0.012258416944383788,0.0473925491510272
google_robot_pick_coke_can__seed059__step071,pick_coke_can,59,exploration,6,0.042157511837519486,0.06300028413802439,0.03473294144570204,0.0208427723005049,1.4944023352430202,0.032706569299443176,0.07427355298697595,0.041124256971703244,0.03314929601527271,-0.012306523714767807,0.079417143947353
google_robot_pick_coke_can__seed059__step071,pick_coke_can,59,exploration,7,0.06203960942162188,0.10404360596939116,0.06040796926892827,0.04200399654776928,1.6770512732004752,0.04500002284406657,0.036729119155626995,0.053443315617417046,-0.01671419646179005,0.058718193009559334,0.08769171417384314
google_robot_pick_coke_can__seed059__step071,pick_coke_can,59,exploration,8,0.061910961066870586,0.14722751701283526,0.04366157104996656,0.08531655594596468,2.3780525205191614,0.05720685187965673,0.061301761545563105,0.06255921380249115,-0.0012574522569280405,0.08657400820289272,0.17051157470791622
google_robot_pick_coke_can__seed059__step071,pick_coke_can,59,exploration,9,0.054158984559741816,0.07564975250065167,0.04894436301920731,0.021490767940909858,1.3968089157433108,0.07607446668445077,0.061668364587566284,0.0683749938369498,-0.014406102096884484,0.03589687003779434,0.13752937978165392
google_robot_pick_coke_can__seed059__step071,pick_coke_can,59,exploration,10,0.04867015369189594,0.06890976879451774,0.053672984675495514,0.015236784119022226,1.2838818115136161,0.053021162969145545,0.05629605644956096,0.037025492294730025,0.0032748934804154167,0.011961890638606809,0.15123665143619291
google_robot_pick_coke_can__seed059__step071,pick_coke_can,59,exploration,11,0.06406128364655327,0.07067312771391288,0.05527165102374316,0.00661184406735961,1.1032112329162693,0.07060738874618602,0.09210124684022274,0.053265177790416326,0.021493858094036714,-0.014882014026677104,0.22025230726546852
google_robot_pick_coke_can__seed059__step071,pick_coke_can,59,exploration,12,0.05591428736074773,0.04735684477118189,0.03077753308904428,-0.008557442589565839,0.8469542760268955,0.05494155348265646,0.07589226747984927,0.034952907663415,0.02095071399719281,-0.02950815658675865,0.22912846927624742
google_robot_pick_coke_can__seed059__step071,pick_coke_can,59,exploration,13,0.054593851928081694,0.03853499771232002,0.051217176803386874,-0.016058854215761677,0.7058486688772841,0.04856128744089627,0.04758368651457966,0.028863776667423395,-0.0009776009263166158,-0.015081253289445061,0.11340288219855665
google_robot_pick_coke_can__seed059__step071,pick_coke_can,59,exploration,14,0.06469529860111305,0.03928158193622964,0.0598754958630994,-0.025413716664883408,0.6071783079389608,0.07683618670819188,0.05150232206327333,0.04203508963009382,-0.025333864644918554,-7.985201996485447e-05,0.29134425290430954
google_robot_pick_coke_can__seed059__step071,pick_coke_can,59,exploration,15,0.06764967644186877,0.03680353193332959,0.059985006425380946,-0.030846144508539182,0.5440311597787876,0.06306681645436217,0.06988850368118431,0.07015478542535616,-0.00026628174417185624,-0.030579862764367326,0.23317103801889516
google_robot_pick_coke_can__seed059__step071,pick_coke_can,59,exploration,16,0.04761888714617762,0.04931217135410835,0.047852769127839055,0.0014594022262692935,1.0304977591238345,0.06897254195775022,0.09163473609750224,0.05780131188397079,0.022662194139752012,-0.02120279191348272,0.18949549933842036
google_robot_pick_coke_can__seed059__step071,pick_coke_can,59,exploration,17,0.07322743130695904,0.04045573557088469,0.06841842401877915,-0.032771695736074344,0.5524669491860226,0.07983261697524957,0.053924815580997154,0.05715617587782324,-0.025907801394252417,-0.006863894341821927,0.19001057622455164
google_robot_pick_coke_can__seed059__step071,pick_coke_can,59,exploration,18,0.07339524405854517,0.05447956984220475,0.05153758784543331,-0.018915674216340418,0.7422765676580902,0.0964636586428912,0.06662579456529816,0.05523987031360723,-0.02983786407759305,0.01092218986125263,0.12474366014015459
google_robot_pick_coke_can__seed059__step071,pick_coke_can,59,exploration,19,0.10425579737376733,0.061062243620775315,0.0953800020328133,-0.04319355375299202,0.5856963848433401,0.12583686605798897,0.046410790031831635,0.07440638057641391,-0.07942607602615734,0.03623252227316532,0.09023223797177593
google_robot_pick_coke_can__seed059__step071,pick_coke_can,59,exploration,20,0.09039044430321135,0.04467548811183612,0.056733039109596296,-0.04571495619137522,0.4942501218599377,0.13231877565130515,0.06860501890629692,0.061736626244247125,-0.06371375674500823,0.01799880055363301,0.19168595998550586
google_robot_pick_coke_can__seed059__step071,pick_coke_can,59,exploration,21,0.06286926194006774,0.04724019244023049,0.09210646515858353,-0.04486627271835304,0.5128868245990668,0.14729220387634553,0.06095327735905811,0.07435750884661965,-0.08633892651728742,0.041472653798934375,0.08795545802777838
google_robot_pick_coke_can__seed059__step071,pick_coke_can,59,exploration,22,0.0776558350384187,0.051694123496198424,0.0893309394416866,-0.03763681594548818,0.578681068611657,0.14330316598322512,0.08568074521583757,0.07232176800374848,-0.05762242076738755,0.019985604821899372,0.1539960470247479
google_robot_pick_coke_can__seed059__step071,pick_coke_can,59,exploration,23,0.13605039394637866,0.07117449946257068,0.10560760483094027,-0.06487589448380798,0.5231480585835171,0.1339328148669767,0.04901434074830287,0.16446777775778493,-0.11545343700948206,0.05057754252567408,0.07843605582193192
google_robot_pick_coke_can__seed059__step071,pick_coke_can,59,exploration,24,0.09093189429008612,0.051492034401383814,0.07376049558707505,-0.03943985988870231,0.5662703367546337,0.17387779075643883,0.04935423221368934,0.08833929971252362,-0.12452355854274949,0.08508369865404719,0.12403386068145039
google_robot_pick_coke_can__seed059__step071,pick_coke_can,59,exploration,25,0.07217982923274675,0.06885840765952563,0.046304335126220356,-0.0033214215732211283,0.9539840754885819,0.13968689438482862,0.034863645176176246,0.07848335440317494,-0.10482324920865238,0.10150182763543125,0.12075015583814164
google_robot_pick_coke_can__seed059__step071,pick_coke_can,59,exploration,26,0.0694749387898027,0.030800651715918396,0.10139290963566423,-0.07059225791974584,0.30377520308465916,0.14548183294014358,0.036316918816892065,0.09355551584447025,-0.10916491412325152,0.03857265620350568,0.15525179922178722
google_robot_pick_coke_can__seed059__step071,pick_coke_can,59,exploration,27,0.04126958982123276,0.04313778404422563,0.04683613690734226,-0.0036983528631166288,0.9210363384488088,0.05418191195245341,0.057584671117251754,0.033436796573728826,0.003402759164798347,-0.007101112027914976,0.0977861933786528
google_robot_pick_coke_can__seed059__step071,pick_coke_can,59,exploration,28,0.06879224631414746,0.03778562987109391,0.061381907240246836,-0.031006616443053546,0.5492716388201895,0.06287752441001854,0.035850115912519076,0.05474281860890836,-0.02702740849749946,-0.003979207945554085,0.12710832078813894
google_robot_pick_coke_can__seed059__step071,pick_coke_can,59,exploration,29,0.04025463434474544,0.040784829789555284,0.03808342458207591,0.0005301954448098459,1.0131710411345236,0.07479481154824878,0.053548965124782695,0.06832992208246526,-0.021245846423466087,0.021776041868275933,0.20696821899019824
google_robot_pick_coke_can__seed059__step071,pick_coke_can,59,exploration,30,0.05061887401852759,0.05104784927866903,0.04884299096903654,0.0004289752601414412,1.008474610873099,0.05073162436690361,0.04684440331154083,0.03892613516955016,-0.00388722105536278,0.004316196315504221,0.15293906933845847
google_robot_pick_coke_can__seed059__step071,pick_coke_can,59,exploration,31,0.04420977613564939,0.03788868349338181,0.03779203579152592,-0.00632109264226758,0.8570204783920983,0.04852341103705201,0.0357485042104091,0.04397005815194756,-0.01277490682664291,0.00645381418437533,0.2461600485054305
google_robot_pick_coke_can__seed095__step008,pick_coke_can,95,validation,0,0.004427645809089621,0.0022808993421963397,0.0030439209375016252,-0.002146746466893281,0.5151494587741925,0.0056534197342473155,0.003517169162994093,0.0031301825724959907,-0.0021362505712532224,-1.0495895640058768e-05,0.826803270727396
google_robot_pick_coke_can__seed095__step008,pick_coke_can,95,validation,1,0.012952917634196408,0.004228882313524764,0.009272717456678533,-0.008724035320671644,0.3264810626418471,0.014171039908718252,0.003837037686191105,0.011951473428216985,-0.010334002222527146,0.0016099669018555026,0.43354480690322816
google_robot_pick_coke_can__seed095__step008,pick_coke_can,95,validation,2,0.026712253083635923,0.019612472124111678,0.032252088965173537,-0.012639616841061858,0.6080992814229684,0.03869947746516644,0.025317777452020733,0.03810775718678668,-0.01338170001314571,0.0007420831720838517,0.03299110531634142
google_robot_pick_coke_can__seed095__step008,pick_coke_can,95,validation,3,0.035577070562347296,0.031153558580101798,0.03597527313328891,-0.004821714553187112,0.8659714261147486,0.03814498084664912,0.042512948386744895,0.02939536524788484,0.004367967540095774,-0.009189682093282886,0.028065585437133223
google_robot_pick_coke_can__seed095__step008,pick_coke_can,95,validation,4,0.028234731945263634,0.06200666848265224,0.029549554393762625,0.03245711408888961,2.0983960589179214,0.028157324067612493,0.04971893673730459,0.04059082868121735,0.009128108056087242,0.02332900603280237,0.07004356869799722
google_robot_pick_coke_can__seed095__step008,pick_coke_can,95,validation,5,0.03971593458970555,0.06060080326072402,0.0372747723141453,0.02088486867101847,1.5258561553888719,0.04070516282571988,0.02411859477485495,0.0420288977591044,-0.01791030298424945,0.03879517165526792,0.075492483981634
google_robot_pick_coke_can__seed095__step008,pick_coke_can,95,validation,6,0.02958909949904958,0.06437474162007048,0.040699636320325104,0.023675105299745376,1.5817031167898226,0.04255740594706887,0.051885134247464194,0.031657319011825016,0.009327728300395327,0.014347376999350049,0.13243193650055218
google_robot_pick_coke_can__seed095__step008,pick_coke_can,95,validation,7,0.054458351342001714,0.1413304402103254,0.056967749904257244,0.08436269030606816,2.4808850700238674,0.06220791840066064,0.042504685902348315,0.03613424713218737,-0.019703232498312323,0.10406592280438048,0.07796443811844256
google_robot_pick_coke_can__seed095__step008,pick_coke_can,95,validation,8,0.06542982075368188,0.15889668981431163,0.05454028293679677,0.09346686906062975,2.4285056566561076,0.09201730629925442,0.05039394614182407,0.05187629364848168,-0.04162336015743035,0.1350902292180601,0.16543432495905108
google_robot_pick_coke_can__seed095__step008,pick_coke_can,95,validation,9,0.05398032503906423,0.1613261175584649,0.06935309326879484,0.09197302428967007,2.3261560509378603,0.06204524801707305,0.05204704173358913,0.061838073614863105,-0.00999820628348392,0.10197123057315399,0.1407465813069848
google_robot_pick_coke_can__seed095__step008,pick_coke_can,95,validation,10,0.05969852815941363,0.17494036229205395,0.06029832350382303,0.11464203878823093,2.90124753271063,0.06560436725489895,0.05529175476560182,0.0411477139376577,-0.01031261248929713,0.12495465127752806,0.18407342114460334
google_robot_pick_coke_can__seed095__step008,pick_coke_can,95,validation,11,0.08423290949051421,0.3037414001803536,0.05435617252763037,0.2195084906898394,3.6059706594197496,0.0848873451546445,0.07185565235255367,0.042815143448318,-0.013031692802090822,0.23254018349193023,0.1915580343181773
google_robot_pick_coke_can__seed095__step008,pick_coke_can,95,validation,12,0.053123223188764605,0.2510686392908819,0.04011040994486763,0.1979454161021173,4.726155986408259,0.06602976391382963,0.09820976970905619,0.0335897883394626,0.03218000579522656,0.16576541030689074,0.22909058434947838
google_robot_pick_coke_can__seed095__step008,pick_coke_can,95,validation,13,0.04575754225268937,0.19767733924807554,0.04473013722250978,0.15191979699538616,4.320103954806646,0.06277577261957053,0.0630508762023234,0.029051463076750193,0.0002751035827528725,0.15164469341263329,0.1836103788575656
google_robot_pick_coke_can__seed095__step008,pick_coke_can,95,validation,14,0.05299070957494869,0.2778736478876915,0.058820866871146786,0.21905278101654468,4.724065840382845,0.044169795041951204,0.051983048651500434,0.03754338263113164,0.00781325360954923,0.21123952740699545,0.44196589074363146
google_robot_pick_coke_can__seed095__step008,pick_coke_can,95,validation,15,0.047625423463222225,0.14971948581678945,0.08592439481541318,0.06379509100137627,1.7424560992070282,0.05713893273474658,0.04901431770831843,0.04715029654976561,-0.008124615026428146,0.07191970602780443,0.2179197803251327
google_robot_pick_coke_can__seed095__step008,pick_coke_can,95,validation,16,0.07928202761953539,0.0954883329909215,0.062474702416425554,0.01620630537138612,1.2044133564438861,0.11108953440943162,0.037910698102548754,0.04709056850012593,-0.07317883630688286,0.08938514167826898,0.17791200874103197
google_robot_pick_coke_can__seed095__step008,pick_coke_can,95,validation,17,0.05650195434721183,0.1830214282732051,0.07184466292533274,0.11117676534787237,2.547460323718367,0.21126208614274697,0.03595114641462479,0.06005921711489383,-0.17531093972812217,0.2864877050759945,0.17142217057829612
google_robot_pick_coke_can__seed095__step008,pick_coke_can,95,validation,18,0.10518116916202887,0.11661228128882302,0.06269486075786,0.011431112126794152,1.1086802154593358,0.11556625698598476,0.03828080918156673,0.05757139424990004,-0.07728544780441803,0.08871655993121218,0.10560641179509389
google_robot_pick_coke_can__seed095__step008,pick_coke_can,95,validation,19,0.06030939656012477,0.09989668994628248,0.05662558528377776,0.03958729338615771,1.6564034071654425,0.10739686619915825,0.06149343488709615,0.07283413815653399,-0.0459034313120621,0.0854907246982198,0.13793181684522438
google_robot_pick_coke_can__seed095__step008,pick_coke_can,95,validation,20,0.12738141830849908,0.12341381760773425,0.08097021538420755,-0.003967600700764837,0.9688525944093676,0.1976538624491947,0.04434567446432409,0.10798844862428975,-0.15330818798487061,0.14934058728410576,0.15637175977476048
google_robot_pick_coke_can__seed095__step008,pick_coke_can,95,validation,21,0.09828053179528552,0.20378641852290025,0.08247040015386274,0.10550588672761473,2.07351766214879,0.174803608493537,0.07954646923417585,0.09677699040820036,-0.09525713925936113,0.20076302598697587,0.14682117974512465
google_robot_pick_coke_can__seed095__step008,pick_coke_can,95,validation,22,0.07329168942545224,0.15549368309169773,0.059159879495758974,0.08220199366624549,2.121573186682458,0.13907891648195367,0.07308299540677658,0.05724469498558824,-0.06599592107517709,0.14819791474142258,0.19325938261434317
google_robot_pick_coke_can__seed095__step008,pick_coke_can,95,validation,23,0.05858771380381216,0.07262235895057786,0.0863759487385701,-0.013753589787992238,0.8407706081513552,0.08196093100413132,0.039895079056744456,0.06858833471787544,-0.042065851947386865,0.028312262159394627,0.1208258837537528
google_robot_pick_coke_can__seed095__step008,pick_coke_can,95,validation,24,0.11656973611698679,0.15967116408347892,0.08854593825259609,0.043101427966492134,1.3697480100944597,0.15984328433331113,0.06016006433018782,0.06900748164063644,-0.09968322000312331,0.14278464796961543,0.1572256084940591
google_robot_pick_coke_can__seed095__step008,pick_coke_can,95,validation,25,0.049981950668790465,0.07855151881970833,0.04972489754996409,0.028569568150917865,1.5715977021432492,0.08878458221119609,0.05709147592958427,0.04003226005447009,-0.031693106281611816,0.06026267443252968,0.15792575090347327
google_robot_pick_coke_can__seed095__step008,pick_coke_can,95,validation,26,0.06815109879523844,0.07778044422880748,0.038890974251601394,0.00962934543356904,1.1412940598727634,0.15376204003077198,0.05242567633441741,0.10391443521218913,-0.10133636369635457,0.11096570912992361,0.1367079601595549
google_robot_pick_coke_can__seed095__step008,pick_coke_can,95,validation,27,0.04457987487874213,0.046370905138594515,0.04149330791966974,0.0017910302598523817,1.0401757578890476,0.06532006671440757,0.0485745472465164,0.052162768782273085,-0.01674551946789117,0.018536549727743552,0.10665911313925136
google_robot_pick_coke_can__seed095__step008,pick_coke_can,95,validation,28,0.054795815121500606,0.04291214066907689,0.03305725818167734,-0.011883674452423713,0.7831280650525293,0.06281728300176845,0.04218892849017401,0.05661644720410654,-0.020628354511594435,0.008744680059170722,0.12447943895423919
google_robot_pick_coke_can__seed095__step008,pick_coke_can,95,validation,29,0.04688998874210113,0.055211902147745844,0.04336643044553799,0.008321913405644712,1.1774774025094341,0.11085193266900147,0.05057352860779828,0.10893077403699933,-0.06027840406120318,0.06860031746684789,0.24273942927857206
google_robot_pick_coke_can__seed095__step008,pick_coke_can,95,validation,30,0.04477140504207231,0.044373430255808165,0.042254643007258785,-0.0003979747862641464,0.991110960536303,0.062111738305078545,0.035319913993669495,0.04437876660107931,-0.02679182431140905,0.026393849525144904,0.15583445424186948
google_robot_pick_coke_can__seed095__step008,pick_coke_can,95,validation,31,0.04242629127972631,0.04694309513830002,0.039581021001527286,0.004516803858573712,1.1064623779814593,0.061465244010302574,0.04454998791446239,0.04532644394461637,-0.016915256095840187,0.0214320599544139,0.28484796022894443
google_robot_pick_coke_can__seed095__step040,pick_coke_can,95,validation,0,0.004675211699207329,0.0030008510424099017,0.003629214242305519,-0.001674360656797427,0.6418642054045786,0.005096036374542146,0.0017497242466660093,0.0034667292204069214,-0.0033463121278761374,0.0016719514710787104,0.8255230188369751
google_robot_pick_coke_can__seed095__step040,pick_coke_can,95,validation,1,0.013809404308675955,0.0038878507812918277,0.009283996472729268,-0.009921553527384127,0.28153645837201174,0.01254694358637841,0.0030229358698655906,0.007191330027134607,-0.00952400771651282,-0.00039754581087130675,0.4867656740825623
google_robot_pick_coke_can__seed095__step040,pick_coke_can,95,validation,2,0.023658955414883453,0.01755094913642971,0.033735530751085714,-0.016184581614656003,0.5202511638523686,0.04526598813892972,0.020049691840031105,0.044289856659280015,-0.025216296298898617,0.009031714684242614,0.05161272599406175
google_robot_pick_coke_can__seed095__step040,pick_coke_can,95,validation,3,0.03924689088306334,0.05322449925389321,0.031236084102255028,0.01397760837082987,1.3561456221456203,0.03080573793622489,0.03306072498840559,0.031218083929498642,0.0018426410589069513,0.012134967311922918,0.024047916729472263
google_robot_pick_coke_can__seed095__step040,pick_coke_can,95,validation,4,0.03206530328449922,0.07900678446457493,0.04614197552103138,0.03286480894354355,1.7122540500799293,0.023473816924562158,0.05974484735469574,0.03745107648345399,0.02229377087124175,0.010571038072301801,0.04514404695316898
google_robot_pick_coke_can__seed095__step040,pick_coke_can,95,validation,5,0.04794988835751264,0.03881040567170999,0.055892980923198804,-0.01708257525148881,0.6943699375246855,0.05239545572052149,0.01586309370016563,0.03318323555102298,-0.03653236202035586,0.01944978676886705,0.07479606504944059
google_robot_pick_coke_can__seed095__step040,pick_coke_can,95,validation,6,0.035742136993305855,0.08573397472875367,0.05198837375600401,0.033745600972749666,1.649098991461576,0.04097319707511084,0.04636392424175637,0.04795983976260037,-0.0015959155208439962,0.03534151649359366,0.10243878784558547
google_robot_pick_coke_can__seed095__step040,pick_coke_can,95,validation,7,0.053129190197454663,0.06302879988560652,0.05143991621971227,0.009899609688151852,1.1863308974098785,0.04885436712315478,0.07818396509125884,0.04274951744830937,0.02932959796810406,-0.01942998827995221,0.1136164320195121
google_robot_pick_coke_can__seed095__step040,pick_coke_can,95,validation,8,0.07452210072984913,0.1470124823388755,0.06314493549434691,0.07249038160902638,1.9727366901774823,0.07398786616741877,0.046983348900939845,0.042851217791304214,-0.027004517266478928,0.0994948988755053,0.1359581794120004
google_robot_pick_coke_can__seed095__step040,pick_coke_can,95,validation,9,0.058053305993525824,0.1371223130188014,0.06971919787854049,0.06740311514026091,1.9667798424429024,0.10261393771839958,0.049979777759284194,0.06948689725855163,-0.052634159959115384,0.1200372750993763,0.12984440745549364
google_robot_pick_coke_can__seed095__step040,pick_coke_can,95,validation,10,0.06677169533690845,0.0825108636027955,0.06999463552868496,0.012516228074110541,1.1788169618939037,0.04526715660496292,0.0730355008783109,0.05571908758423961,0.01731641329407129,-0.0048001852199607495,0.14392761396072729
google_robot_pick_coke_can__seed095__step040,pick_coke_can,95,validation,11,0.08602421377610463,0.1471892602402363,0.05032655114808803,0.061165046464131664,1.711021278535902,0.04738325082763301,0.13543892657095766,0.0697754964350854,0.06566343013587225,-0.004498383671740588,0.15874661801512957
google_robot_pick_coke_can__seed095__step040,pick_coke_can,95,validation,12,0.07214451146132057,0.13537612552613537,0.043798366274224725,0.0632316140648148,1.8764577205393604,0.03564103380584604,0.13360523781954212,0.03940359525721266,0.09420164256232946,-0.030970028497514665,0.1634984682158347
google_robot_pick_coke_can__seed095__step040,pick_coke_can,95,validation,13,0.059628737134362696,0.08099087806588813,0.04289675347191204,0.021362140931525435,1.3582524460209457,0.053120810973270545,0.08697602634776014,0.04986955975502938,0.03385521537448959,-0.012493074442964158,0.2033188103359862
google_robot_pick_coke_can__seed095__step040,pick_coke_can,95,validation,14,0.049712421694572725,0.11187778412521346,0.0517561625486373,0.06012162157657616,2.1616321345323373,0.08963310146024409,0.17353633055200612,0.05536638387397481,0.08390322909176204,-0.023781607515185876,0.30083319914638196
google_robot_pick_coke_can__seed095__step040,pick_coke_can,95,validation,15,0.046584042378513886,0.08946866636363833,0.04299351829848477,0.042884623985124444,1.9205861448577135,0.0655295003278477,0.05759528419711208,0.06311604582903871,-0.007934216130735618,0.05081884011586006,0.23800109711567075
google_robot_pick_coke_can__seed095__step040,pick_coke_can,95,validation,16,0.0657233217401002,0.08843389327983533,0.05620778016297713,0.02271057153973513,1.3455481393582482,0.09816931074058392,0.05708467167361749,0.05602974876446121,-0.04108463906696643,0.06379521060670157,0.2168549487766427
google_robot_pick_coke_can__seed095__step040,pick_coke_can,95,validation,17,0.053972647807564,0.11939763477124679,0.08438311171075273,0.03501452306049406,1.4149470474674644,0.08689938554836087,0.06393673620405625,0.04683798457138544,-0.022962649344304614,0.057977172404798674,0.2092158965216413
google_robot_pick_coke_can__seed095__step040,pick_coke_can,95,validation,18,0.04323759457459,0.09943049640190574,0.06315412104882244,0.0362763753530833,1.5744102641384112,0.062109854749734315,0.058029266051426644,0.04597871382442093,-0.004080588698307672,0.04035696405139097,0.10866582974369976
google_robot_pick_coke_can__seed095__step040,pick_coke_can,95,validation,19,0.09540999754670323,0.07541224328743133,0.10746635380807842,-0.03205411052064709,0.7017288724814117,0.0593195237705558,0.05317460071073348,0.060072001996916494,-0.006897401286183012,-0.02515670923446408,0.1122650398584426
google_robot_pick_coke_can__seed095__step040,pick_coke_can,95,validation,20,0.08121372317424176,0.116625625850546,0.06648415298586355,0.035411902676304244,1.436033484148104,0.15192837863016717,0.05928594488819702,0.09983497351998917,-0.09264243374197015,0.1280543364182744,0.133205696892162
google_robot_pick_coke_can__seed095__step040,pick_coke_can,95,validation,21,0.07040439746552929,0.18583638200047664,0.124440392279222,0.06139598972125464,1.4933766970413676,0.12126767708732754,0.069938811900297,0.09571891996938121,-0.051328865187030545,0.11272485490828518,0.11213605381913894
google_robot_pick_coke_can__seed095__step040,pick_coke_can,95,validation,22,0.05972117384251899,0.12270917976522386,0.08092271297458124,0.041786466790642615,1.516375010854718,0.12860373962139943,0.07115031964271874,0.10411745698297328,-0.057453419978680684,0.0992398867693233,0.18946262409014025
google_robot_pick_coke_can__seed095__step040,pick_coke_can,95,validation,23,0.1418763996301701,0.07912433070421501,0.13509298589391205,-0.06275206892595508,0.5576990317661626,0.10264031372696299,0.06140211668393741,0.05972090332744356,-0.04123819704302557,-0.02151387188292951,0.060287574508670616
google_robot_pick_coke_can__seed095__step040,pick_coke_can,95,validation,24,0.06865791185814783,0.08173179414505423,0.05939001971243464,0.013073882286906396,1.1904206220823899,0.13719026799223738,0.12993060016811087,0.10168370271718283,-0.0072596678241265145,0.02033355011103291,0.13014424338322783
google_robot_pick_coke_can__seed095__step040,pick_coke_can,95,validation,25,0.07537189532473143,0.06582207298065948,0.056518394322726276,-0.009549822344071951,0.8732973039496008,0.08728776830968678,0.04629651724259439,0.056195185680430956,-0.04099125106709239,0.031441428723020436,0.14643042721554167
google_robot_pick_coke_can__seed095__step040,pick_coke_can,95,validation,26,0.08290882618765058,0.06688138725580932,0.07924577748993022,-0.016027438931841262,0.8066859745961694,0.09912342927163523,0.055615706078109964,0.07859006812246229,-0.04350772319352526,0.027480284261684,0.16614244685682422
google_robot_pick_coke_can__seed095__step040,pick_coke_can,95,validation,27,0.051249113485448076,0.05107596172030683,0.042434131918343436,-0.00017315176514124536,0.9966213705298451,0.08053254163496738,0.03772603621598464,0.04158570127231,-0.042806505418982746,0.0426333536538415,0.07530845256749075
google_robot_pick_coke_can__seed095__step040,pick_coke_can,95,validation,28,0.05703659325240457,0.036142598553231056,0.03875101127566879,-0.020893994699173517,0.6336738660615453,0.0697558297457118,0.05859943377628897,0.05525356852252314,-0.011156395969422833,-0.009737598729750684,0.11519305698659821
google_robot_pick_coke_can__seed095__step040,pick_coke_can,95,validation,29,0.05043130901868571,0.039396310170262704,0.04361413982053273,-0.01103499884842301,0.7811875387899541,0.07657393120158676,0.0533729584574709,0.06534601401572317,-0.02320097274411586,0.01216597389569285,0.16747510554876044
google_robot_pick_coke_can__seed095__step040,pick_coke_can,95,validation,30,0.04865495582802566,0.04103670526876387,0.04794935876299681,-0.00761825055926179,0.8434229272309068,0.06536406103575453,0.057765434388182976,0.041773787340895346,-0.007598626647571549,-1.9623911690240525e-05,0.12154644160511907
google_robot_pick_coke_can__seed095__step040,pick_coke_can,95,validation,31,0.05948688591884553,0.05221147644305583,0.04827936019455997,-0.007275409475789703,0.8776972543878812,0.05658102293254169,0.04362406090105243,0.049334030560758586,-0.012956962031489258,0.005681552555699555,0.24261910553718735
google_robot_pick_coke_can__seed095__step071,pick_coke_can,95,validation,0,0.004684398155055729,0.0025012190208316427,0.0036561515816970155,-0.002183179134224086,0.533946718028687,0.005959536094199102,0.0030077416270829107,0.003023679187156088,-0.0029517944671161914,0.0007686153328921052,0.8259188458323479
google_robot_pick_coke_can__seed095__step071,pick_coke_can,95,validation,1,0.014511077790877036,0.003969807758473483,0.011866503572462538,-0.010541270032403554,0.27357084123477443,0.014038653722123434,0.0035568863861119827,0.015082566521998898,-0.011525680135886915,0.0009844101034833606,0.47424213238991797
google_robot_pick_coke_can__seed095__step071,pick_coke_can,95,validation,2,0.024063748385811753,0.018985157650453485,0.03439341657236754,-0.015408258921914053,0.5519997587476261,0.034986633299388295,0.026102884421723215,0.027561315631659672,-0.00888374887766508,-0.006524510044248973,0.0575989697913144
google_robot_pick_coke_can__seed095__step071,pick_coke_can,95,validation,3,0.04032360839108197,0.0408668036748029,0.02703537059625892,0.000543195283720932,1.0134708996886566,0.02312102436477024,0.0352517732265876,0.036333414698326384,-0.0010816414717387812,0.0016248367554597132,0.02280421178005554
google_robot_pick_coke_can__seed095__step071,pick_coke_can,95,validation,4,0.02689139151288809,0.07443383013714872,0.04226054100756955,0.03217328912957917,1.7613080278318352,0.023409228349107143,0.05316117110174025,0.04495774152500224,0.00820342957673801,0.023969859552841158,0.049512352865008324
google_robot_pick_coke_can__seed095__step071,pick_coke_can,95,validation,5,0.045013082476442444,0.04048892942573538,0.05716031099726819,-0.016671381571532813,0.7083399078719224,0.037488588578605056,0.04192402560607172,0.042392255421436736,-0.0004682298153650191,-0.016203151756167794,0.08187197902987009
google_robot_pick_coke_can__seed095__step071,pick_coke_can,95,validation,6,0.03240218567792538,0.08098309154784204,0.04228499415656604,0.038698097391276005,1.9151732940529906,0.03262412308595038,0.05247582061550176,0.03819322547047392,0.014282595145027839,0.024415502246248166,0.10631260201648729
google_robot_pick_coke_can__seed095__step071,pick_coke_can,95,validation,7,0.048618628632686955,0.07113638662785506,0.05369071298776192,0.017445673640093133,1.3249290737500476,0.04477663511182064,0.026484995320135776,0.05810925116016583,-0.031624255840030056,0.04906992948012319,0.10875906104070054
google_robot_pick_coke_can__seed095__step071,pick_coke_can,95,validation,8,0.07225850660216826,0.1574852046498238,0.04990043000955148,0.08522669804765554,2.1794694085899935,0.04691380432859862,0.05210131174127357,0.05490808158186882,-0.0028067698405952538,0.08803346788825078,0.1650440421121857
google_robot_pick_coke_can__seed095__step071,pick_coke_can,95,validation,9,0.05523866423316513,0.17563752937467786,0.07123198036063474,0.10440554901404311,2.465711727870776,0.08825446750089377,0.04728823511832437,0.06763652895878983,-0.040966232382569405,0.14537178139661253,0.11756065979170671
google_robot_pick_coke_can__seed095__step071,pick_coke_can,95,validation,10,0.07271303738517103,0.12466387580108244,0.07840231943315816,0.046261556367924284,1.5900534155416735,0.06548526727597559,0.04776861537562514,0.05541297383434503,-0.017716651900350447,0.06397820826827473,0.16674617582043538
google_robot_pick_coke_can__seed095__step071,pick_coke_can,95,validation,11,0.07019097452123141,0.254947715520716,0.05315419092692297,0.18475674099948458,3.6322008243894555,0.0698591707695449,0.06562823492856804,0.04606908618509157,-0.004230935840976863,0.18898767684046144,0.16796437610014436
google_robot_pick_coke_can__seed095__step071,pick_coke_can,95,validation,12,0.07037478162466322,0.1497374377890757,0.04398947009004212,0.07936265616441247,2.1277144217325628,0.06645028488442939,0.062110419274495975,0.03239211997348522,-0.004339865609933415,0.0837025217743459,0.19359509480989345
google_robot_pick_coke_can__seed095__step071,pick_coke_can,95,validation,13,0.05031922786919848,0.11691640258524064,0.05050003174481525,0.06641637084042538,2.3151748334741242,0.05008491015341524,0.04686418745161053,0.0262647026416504,-0.003220722701804714,0.0696370935422301,0.21684235726183942
google_robot_pick_coke_can__seed095__step071,pick_coke_can,95,validation,14,0.04874702721330029,0.1526692516511553,0.06169124218012869,0.0909780094710266,2.474731359848213,0.07759937161513107,0.044458890448087256,0.04930164431359005,-0.033140481167043816,0.12411849063807043,0.37903987520667215
google_robot_pick_coke_can__seed095__step071,pick_coke_can,95,validation,15,0.053639594014055964,0.08033314108860497,0.06394045704726242,0.016392684041342545,1.2563742081046696,0.06393266452303738,0.04489651060449796,0.04700292049942593,-0.019036153918539418,0.03542883795988196,0.20121678289115152
google_robot_pick_coke_can__seed095__step071,pick_coke_can,95,validation,16,0.07172368865644994,0.09144114313977608,0.06192383887051071,0.01971745448332614,1.2749085393219384,0.07387495709458983,0.060707917878725835,0.05063952696368684,-0.013167039215863992,0.03288449369919013,0.22762547982239312
google_robot_pick_coke_can__seed095__step071,pick_coke_can,95,validation,17,0.06161703313673521,0.11797967868917521,0.08643259047260374,0.03154708821657147,1.3649906597045804,0.11303762424247571,0.0645342437940121,0.07484457094866927,-0.04850338044846361,0.08005046866503508,0.19320362707526328
google_robot_pick_coke_can__seed095__step071,pick_coke_can,95,validation,18,0.0496496566421476,0.09805827783959635,0.056106780943740595,0.041951496895855755,1.7477081413371651,0.09123014256945908,0.04596386822336119,0.049550860863176706,-0.04526627434609789,0.08721777124195365,0.13888973072062072
google_robot_pick_coke_can__seed095__step071,pick_coke_can,95,validation,19,0.051356280613237826,0.0985608813817337,0.092462876032067,0.006098005349666702,1.0659508508858393,0.13495209085080664,0.05956726823866859,0.051974461545908006,-0.07538482261213805,0.08148282796180475,0.14831513535898466
google_robot_pick_coke_can__seed095__step071,pick_coke_can,95,validation,20,0.08096021047288535,0.16106467245275258,0.11736498812696891,0.043699684325783666,1.3723400395909218,0.12349937832738253,0.05420442093127891,0.05620894291395824,-0.06929495739610361,0.11299464172188728,0.12570596167928016
google_robot_pick_coke_can__seed095__step071,pick_coke_can,95,validation,21,0.08545342981994607,0.15072781871272964,0.10972643113875884,0.0410013875739708,1.3736691984643234,0.11328107869443169,0.057088609634878634,0.07084478710636312,-0.05619246905955305,0.09719385663352385,0.10606139707061146
google_robot_pick_coke_can__seed095__step071,pick_coke_can,95,validation,22,0.11459698199727059,0.14332997237544842,0.09885120615625723,0.028732990378177836,1.2507307773503336,0.08690849650963994,0.06962880907937402,0.0647563918184531,-0.017279687430265922,0.04601267780844376,0.2000898469523804
google_robot_pick_coke_can__seed095__step071,pick_coke_can,95,validation,23,0.07041312548698817,0.0897335141072518,0.06884667252351,0.01932038862026364,1.2743861813637842,0.09980996053814761,0.06578035372434884,0.12559289519321176,-0.05981254146886292,0.07913293008912656,0.08534941743354807
google_robot_pick_coke_can__seed095__step071,pick_coke_can,95,validation,24,0.1274437654189831,0.13777747076961686,0.07378661235429594,0.010333705350633743,1.081084432154533,0.13042916912761485,0.04964048127741705,0.06113437192882447,-0.0807886878501978,0.09112239320083154,0.16833974311631295
google_robot_pick_coke_can__seed095__step071,pick_coke_can,95,validation,25,0.0900356755073685,0.08922938043942384,0.06923019497773487,-0.0008062950679446623,0.9910447157373893,0.06606565320490247,0.03918144834278278,0.057338832956013795,-0.02688420486211969,0.026077909794175028,0.1250755441835878
google_robot_pick_coke_can__seed095__step071,pick_coke_can,95,validation,26,0.10092544248789614,0.08102699797719541,0.055116278701670934,-0.019898444510700733,0.8028401558597364,0.0879284113961354,0.04863143742963318,0.058492193522252614,-0.03929697396650222,0.019398529455801485,0.137337902847392
google_robot_pick_coke_can__seed095__step071,pick_coke_can,95,validation,27,0.04509703010192643,0.046948896332923956,0.054030892111136875,-0.007081995778212918,0.8689269138172684,0.07564335731155618,0.060590499461214954,0.039461672039419124,-0.015052857850341224,0.007970862072128305,0.0902667292476167
google_robot_pick_coke_can__seed095__step071,pick_coke_can,95,validation,28,0.054503997116694694,0.04115616221817329,0.0375307335212887,-0.013347834898521406,0.7551035592867934,0.06243059629493632,0.041047313238006526,0.060796013210242736,-0.021383283056929797,0.008035448158408391,0.1386116409409226
google_robot_pick_coke_can__seed095__step071,pick_coke_can,95,validation,29,0.06160575283850701,0.053098486267058057,0.036086218971881384,-0.00850726657144895,0.8619079196426696,0.06249116383682832,0.049165268277018344,0.06494244343778548,-0.015777175160767133,0.007269908589318183,0.23672388676232003
google_robot_pick_coke_can__seed095__step071,pick_coke_can,95,validation,30,0.05762523081711864,0.04035381312520405,0.03682941917387033,-0.017271417691914592,0.7002802861349443,0.06127911407600681,0.03858542960855815,0.042867262823600615,-0.022693684467448655,0.0054222667755340626,0.14878800816461535
google_robot_pick_coke_can__seed095__step071,pick_coke_can,95,validation,31,0.051053478636478175,0.04642628860163122,0.038489876978229476,-0.004627190034846955,0.9093658226936022,0.05951894099254365,0.04786808066492752,0.0337771611145479,-0.011650860327616128,0.007023670292769173,0.26681020937621724
google_robot_pick_coke_can__seed096__step008,pick_coke_can,96,exploration,0,0.004861269989430474,0.0031978576753091464,0.003669679199098422,-0.0016634123141213274,0.6578235074912583,0.005544785357110035,0.003469794819823562,0.0031141522895616154,-0.002074990537286473,0.00041157822316514577,0.8175222799181938
google_robot_pick_coke_can__seed096__step008,pick_coke_can,96,exploration,1,0.013937596286134127,0.004903652974498611,0.008426824022941332,-0.009033943311635515,0.3518291729670079,0.015904117162849205,0.004225210319286901,0.014579857215329454,-0.011678906843562304,0.0026449635319267892,0.4291515746153891
google_robot_pick_coke_can__seed096__step008,pick_coke_can,96,exploration,2,0.026943203310430906,0.016648795836854108,0.03208938523770636,-0.015440589400852252,0.5188256401151332,0.03526977419251729,0.022155452966078158,0.02881256779125816,-0.013114321226439133,-0.0023262681744131188,0.03168210820223294
google_robot_pick_coke_can__seed096__step008,pick_coke_can,96,exploration,3,0.03143842407437364,0.06232693952314314,0.03382052248989657,0.028506417033246564,1.8428733483275568,0.020390519924025137,0.034025443395775096,0.019881179033177952,0.013634923471749959,0.014871493561496606,0.035550676185721386
google_robot_pick_coke_can__seed096__step008,pick_coke_can,96,exploration,4,0.029989686734689342,0.05453095010727965,0.028136466110383958,0.02454126337259031,1.81832343197514,0.02321925126046619,0.05394401218399847,0.04084723577493172,0.01309677640906675,0.01144448696352356,0.0645759487936175
google_robot_pick_coke_can__seed096__step008,pick_coke_can,96,exploration,5,0.03600337419704139,0.023423879569285034,0.034896577152020686,-0.012579494627756354,0.6506023419107733,0.029924320180327806,0.029237492802561802,0.03240671732939783,-0.003169224526836028,-0.009410270100920326,0.07702381654758028
google_robot_pick_coke_can__seed096__step008,pick_coke_can,96,exploration,6,0.038029125150476316,0.13074828767070262,0.042720163920672315,0.0880281237500303,3.060575514492196,0.027146979282511117,0.06943343451804486,0.035566037253226705,0.033867397264818154,0.05416072648521215,0.13585718911349431
google_robot_pick_coke_can__seed096__step008,pick_coke_can,96,exploration,7,0.052696019589050125,0.1665825201008979,0.05882749145387785,0.10775502864702007,2.831712112550347,0.05788866375754727,0.03561174528506292,0.04235294028541535,-0.02227691847248435,0.13003194711950442,0.08616071120195556
google_robot_pick_coke_can__seed096__step008,pick_coke_can,96,exploration,8,0.0673733133747843,0.14762587451679615,0.05461588384754356,0.08025256114201185,2.1911624517497432,0.04744279314895639,0.052378925569586544,0.05520504906271766,-0.002826123493131112,0.08307868463514295,0.18590932110828362
google_robot_pick_coke_can__seed096__step008,pick_coke_can,96,exploration,9,0.05163899015928123,0.10657506508750683,0.060724499543991166,0.045850565543515666,1.7550587635604926,0.07448272903350643,0.04777079312185677,0.054993938209516945,-0.026711935911649665,0.07256250145516532,0.16414026017355354
google_robot_pick_coke_can__seed096__step008,pick_coke_can,96,exploration,10,0.08968814921017303,0.17008541520274995,0.06494342537409707,0.08039726599257692,1.8964090205961985,0.041953690535858464,0.0477463328100722,0.04277742151616344,0.004968911293908758,0.07542835469866815,0.1974339512885308
google_robot_pick_coke_can__seed096__step008,pick_coke_can,96,exploration,11,0.046188056647292156,0.2856052629833715,0.030566763589481398,0.23941720633607938,6.183530629234983,0.06975468452447123,0.07123984330029702,0.03871551154433782,0.0014851587758257928,0.2379320475602536,0.23850032946324973
google_robot_pick_coke_can__seed096__step008,pick_coke_can,96,exploration,12,0.050641953862669474,0.1604945963830963,0.03947581969928226,0.10985264252042681,3.169202294570318,0.05155555969859638,0.045629255906844135,0.03883918150954139,-0.005926303791752248,0.11577894631217905,0.22844829566520275
google_robot_pick_coke_can__seed096__step008,pick_coke_can,96,exploration,13,0.03672137916845057,0.12174329841089727,0.03403900943929344,0.0850219192424467,3.3153247826675822,0.05693919276978587,0.04339686611249629,0.030363370903162656,-0.013542326657289577,0.09856424589973628,0.2178563423575497
google_robot_pick_coke_can__seed096__step008,pick_coke_can,96,exploration,14,0.05265207551044543,0.27517895362107697,0.041255513100686377,0.22252687811063154,5.22636479100402,0.06707438721387024,0.048808808633022546,0.05130899532292012,-0.018265578580847694,0.24079245669147925,0.39452062896089046
google_robot_pick_coke_can__seed096__step008,pick_coke_can,96,exploration,15,0.04417820193202638,0.12066832147084121,0.05997925226053237,0.06068906921030884,2.0118343747716834,0.060593363705673184,0.04125897383163229,0.04769222338577339,-0.019334389874040896,0.08002345908434974,0.23807255193969468
google_robot_pick_coke_can__seed096__step008,pick_coke_can,96,exploration,16,0.05419567842845682,0.13108258738468404,0.041436695586924,0.07688690895622721,2.418690773614447,0.060350857737509124,0.045338973001550924,0.03983356145618087,-0.0150118847359582,0.09189879369218541,0.2479943993064353
google_robot_pick_coke_can__seed096__step008,pick_coke_can,96,exploration,17,0.06311795604924265,0.20263237554531557,0.06435019163886331,0.13828218390645225,3.148900887234326,0.08251723736402011,0.048232560754956945,0.06335892515272275,-0.03428467660906317,0.17256686051551542,0.16037290447354735
google_robot_pick_coke_can__seed096__step008,pick_coke_can,96,exploration,18,0.10191419042117199,0.15820513614864204,0.05820371519622437,0.05629094572747005,1.5523366814262205,0.08451096695402864,0.07192720328051722,0.06603859031409973,-0.012583763673511425,0.06887470940098148,0.07560971498054414
google_robot_pick_coke_can__seed096__step008,pick_coke_can,96,exploration,19,0.1312356726580262,0.09247834543348718,0.12490168231829882,-0.03875732722453901,0.7046738402786807,0.13872083334777047,0.061105087658252136,0.053809166427446875,-0.07761574568951833,0.038858418464979325,0.13594482151350462
google_robot_pick_coke_can__seed096__step008,pick_coke_can,96,exploration,20,0.1158788711621826,0.15936813253886767,0.149705111203835,0.009663021335032662,1.0645470368869083,0.08122283967042754,0.08050977829789976,0.054652073469817264,-0.0007130613725277735,0.010376082707560436,0.13301778891209892
google_robot_pick_coke_can__seed096__step008,pick_coke_can,96,exploration,21,0.12691823032763097,0.3087814612387552,0.10981719468571549,0.18186323091112425,2.4329165356439058,0.1172884328356227,0.07447907370863102,0.06647150272269575,-0.04280935912699167,0.2246725900381159,0.08594204772857594
google_robot_pick_coke_can__seed096__step008,pick_coke_can,96,exploration,22,0.13807406984529338,0.17534457695451255,0.10647433689249336,0.03727050710921917,1.2699312561075322,0.0909947053979979,0.07574870544539157,0.06416626141371806,-0.015245999952606323,0.05251650706182549,0.17054742037151982
google_robot_pick_coke_can__seed096__step008,pick_coke_can,96,exploration,23,0.07998023369218565,0.09986064957935202,0.07601194695957678,0.019880415887166367,1.2485666141421734,0.10979456641474665,0.05448676432204393,0.15886812012835513,-0.1043813558063112,0.12426177169347756,0.09693334230519213
google_robot_pick_coke_can__seed096__step008,pick_coke_can,96,exploration,24,0.1287869122491684,0.1707541551710466,0.05876027815077973,0.0419672429218782,1.325865743567815,0.12004155314340782,0.06904900794136838,0.08168307389224136,-0.05099254520203944,0.09295978812391764,0.11347201300775822
google_robot_pick_coke_can__seed096__step008,pick_coke_can,96,exploration,25,0.06642746140957022,0.10033614968214524,0.0478409307625914,0.033908688272575024,1.5104619016449392,0.09739075096117139,0.04839796790842975,0.06753906302420293,-0.04899278305274164,0.08290147132531667,0.14507269806274792
google_robot_pick_coke_can__seed096__step008,pick_coke_can,96,exploration,26,0.08854546294413487,0.09922950227994792,0.069311212513544,0.01068403933581305,1.1206616237644365,0.21490969797117357,0.04762797579280085,0.07314501808379031,-0.16728172217837273,0.17796576151418578,0.12192358446988294
google_robot_pick_coke_can__seed096__step008,pick_coke_can,96,exploration,27,0.0481301194910584,0.07002731958541837,0.047370435324256825,0.02189720009435997,1.4549583571764875,0.059105242342072685,0.04439681897996238,0.03383459949970795,-0.014708423362110305,0.036605623456470275,0.1248141050510938
google_robot_pick_coke_can__seed096__step008,pick_coke_can,96,exploration,28,0.05247243205476176,0.07151823742418428,0.0505495984291085,0.019045805369422526,1.362967840894925,0.054336155523538814,0.041822585510035405,0.0450147374031064,-0.012513570013503408,0.031559375382925935,0.116606485703727
google_robot_pick_coke_can__seed096__step008,pick_coke_can,96,exploration,29,0.051207340088624216,0.06911421679102352,0.03413363749247684,0.0179068767023993,1.3496935531392176,0.07981733282034223,0.06895327958216453,0.06412086910468555,-0.010864053238177698,0.028770929940577,0.21010536595905194
google_robot_pick_coke_can__seed096__step008,pick_coke_can,96,exploration,30,0.04002508487738522,0.048414742869722575,0.04182787964559334,0.006586863224129234,1.1574754273929153,0.05440010478499688,0.03856500456755562,0.0591040753133761,-0.02053907074582048,0.027125933969949716,0.14174871953611046
google_robot_pick_coke_can__seed096__step008,pick_coke_can,96,exploration,31,0.04987103521100755,0.051173317010146484,0.058781201623433574,-0.00760788461328709,0.8705728293541017,0.06221433500698003,0.07146891294236607,0.060483776763667334,0.00925457793538604,-0.01686246254867313,0.28071882096071477
google_robot_pick_coke_can__seed096__step040,pick_coke_can,96,exploration,0,0.004924520084263992,0.0024016321619355512,0.003373919285176727,-0.002522887922328441,0.4876885708334955,0.004427389488798398,0.0034252897181098712,0.0032117031217705864,-0.0010020997706885267,-0.0015207881516399145,0.8194157481193542
google_robot_pick_coke_can__seed096__step040,pick_coke_can,96,exploration,1,0.012920399512473034,0.005298225989056363,0.007414247508090589,-0.0076221735234166706,0.4100667308268283,0.01413651725294214,0.003906892269907722,0.007121545886479923,-0.010229624983034417,0.002607451459617747,0.4589858509134501
google_robot_pick_coke_can__seed096__step040,pick_coke_can,96,exploration,2,0.024836563539501793,0.01970481014334552,0.03425025568435602,-0.014545445541010497,0.5753186290035724,0.029513677090707954,0.01747011105195702,0.03216122575545345,-0.014691114703496433,0.00014566916248593548,0.054349745304875796
google_robot_pick_coke_can__seed096__step040,pick_coke_can,96,exploration,3,0.029465908665829113,0.04117031392833099,0.03024103419793606,0.010929279730394929,1.3614056205505316,0.03259573535240689,0.04035841816959305,0.03167241821003111,0.007762682817186159,0.0031665969132087697,0.031583006742152975
google_robot_pick_coke_can__seed096__step040,pick_coke_can,96,exploration,4,0.02866884352329881,0.04408927463049615,0.02728505374995771,0.015420431107197343,1.5378811703606166,0.0295027147743108,0.053652202743932086,0.023361250893980515,0.024149487969621287,-0.008729056862423944,0.041350371252178775
google_robot_pick_coke_can__seed096__step040,pick_coke_can,96,exploration,5,0.053204477279599545,0.03262425731220389,0.035836342350066615,-0.020580219967395653,0.6131863140155908,0.033929988418700416,0.04634757869083441,0.03726353128202522,0.009084047408809193,-0.029664267376204846,0.06960372242406265
google_robot_pick_coke_can__seed096__step040,pick_coke_can,96,exploration,6,0.03947427649559099,0.1543211486777499,0.04808592176520837,0.10623522691254153,3.2092792029912993,0.049782629907802786,0.12181460816369905,0.04139403376274411,0.07203197825589626,0.03420324865664527,0.08151789228350026
google_robot_pick_coke_can__seed096__step040,pick_coke_can,96,exploration,7,0.05215618053888014,0.13407747101936424,0.05003183271193104,0.0819212904804841,2.570691903319404,0.04816208678544131,0.19790235158970315,0.04515370937004678,0.14974026480426184,-0.06781897432377773,0.09099046370715769
google_robot_pick_coke_can__seed096__step040,pick_coke_can,96,exploration,8,0.05805880854369499,0.1626297114939664,0.05217820728853326,0.10457090295027141,2.8011203738631925,0.06521893560744817,0.13055355846130465,0.04774712370629482,0.06533462285385648,0.03923628009641493,0.17494303145895174
google_robot_pick_coke_can__seed096__step040,pick_coke_can,96,exploration,9,0.04999014261407706,0.1315493463547461,0.0760152586472006,0.055534087707545504,1.7305650036039264,0.051440153779614396,0.08310040290707628,0.0634160057301354,0.019684397176940885,0.03584969053060462,0.1649357487567613
google_robot_pick_coke_can__seed096__step040,pick_coke_can,96,exploration,10,0.06137074725833919,0.13926907508882166,0.06638702747454146,0.0728820476142802,2.0978356824641606,0.05959470819079883,0.07819413427394332,0.05566988026873754,0.018599426083144494,0.05428262153113571,0.20086549331517745
google_robot_pick_coke_can__seed096__step040,pick_coke_can,96,exploration,11,0.056722920426442544,0.23696477774033906,0.038752849442790276,0.18024185731389653,4.177584228012934,0.050253551219662726,0.17989291414393924,0.033582335070975,0.12963936292427652,0.05060249438962,0.2125708270227733
google_robot_pick_coke_can__seed096__step040,pick_coke_can,96,exploration,12,0.04315933386059691,0.18467464985127877,0.037353595431939196,0.14151531599068184,4.278904082434896,0.06719947895192853,0.09072867743909119,0.03562248921366482,0.02352919848716266,0.11798611750351919,0.189947585502523
google_robot_pick_coke_can__seed096__step040,pick_coke_can,96,exploration,13,0.04664903005407612,0.15993407966409168,0.0382026947950524,0.11328504961001556,3.4284545569049167,0.041000104873299595,0.08196575670248508,0.04261436176025796,0.03935139494222713,0.07393365466778844,0.1967129774753289
google_robot_pick_coke_can__seed096__step040,pick_coke_can,96,exploration,14,0.058664776749798545,0.23108007047208406,0.05133855930787408,0.17241529372228553,3.9389917302101995,0.055252108477454626,0.0647708037653498,0.04917748355513307,0.009518695287895174,0.16289659843439036,0.3400614192005378
google_robot_pick_coke_can__seed096__step040,pick_coke_can,96,exploration,15,0.054264550029530734,0.06723922665340461,0.07318784817196419,-0.005948621518559585,0.9187211857276834,0.06218718773371479,0.05835917969816707,0.06555519367864347,-0.0071960139804764026,0.0012473924619168172,0.21627363858146964
google_robot_pick_coke_can__seed096__step040,pick_coke_can,96,exploration,16,0.06511348227660241,0.09707779295277442,0.044642447631269476,0.03196431067617202,1.4909015699757457,0.06541382888523538,0.04931844645201965,0.03950551339555346,-0.016095382433215726,0.04805969310938774,0.24124309716972903
google_robot_pick_coke_can__seed096__step040,pick_coke_can,96,exploration,17,0.05519484727516633,0.10725129809423906,0.034881239976018,0.052056450819072723,1.9431396840279753,0.04982965780374843,0.06257390672417226,0.04862173733403391,0.012744248920423834,0.03931220189864889,0.22973148617586503
google_robot_pick_coke_can__seed096__step040,pick_coke_can,96,exploration,18,0.09210287836830754,0.07628436222748154,0.051437165834485814,-0.015818516140825994,0.8282516635628934,0.09655534166876827,0.09559744025379537,0.07778253332544002,-0.0009579014149729004,-0.014860614725853094,0.11505784182202206
google_robot_pick_coke_can__seed096__step040,pick_coke_can,96,exploration,19,0.08401878976272667,0.05544081632311377,0.09369478576897128,-0.03825396944585751,0.5917172003553905,0.09656191805821601,0.07055228908103266,0.11340612201659488,-0.04285383293556222,0.00459986348970471,0.11350852359481678
google_robot_pick_coke_can__seed096__step040,pick_coke_can,96,exploration,20,0.08124457135028737,0.07540603346620674,0.08206116974059173,-0.006655136274384993,0.9189002996737321,0.1171881802131318,0.06002582915686091,0.10470395929720373,-0.0571623510562709,0.050507214781885905,0.10334663509276965
google_robot_pick_coke_can__seed096__step040,pick_coke_can,96,exploration,21,0.08909831968787273,0.19018542653686352,0.0796823497953794,0.10108710684899079,2.134556826695688,0.1260580028530835,0.08816323582111035,0.13600690338974306,-0.0478436675686327,0.14893077441762348,0.07024849664658461
google_robot_pick_coke_can__seed096__step040,pick_coke_can,96,exploration,22,0.10033901883457279,0.10139669284599653,0.07142226027469158,0.0010576740114237454,1.010541004124901,0.10978195916239084,0.07257585384357633,0.11314580766954467,-0.04056995382596834,0.04162762783739209,0.1205791672042622
google_robot_pick_coke_can__seed096__step040,pick_coke_can,96,exploration,23,0.0839741223275683,0.12231769038270857,0.04904248281461692,0.03834356805514026,1.4566117155183682,0.06306965860813948,0.09734567942354651,0.08954281944421227,0.007802859979334234,0.030540708075806028,0.1255972366402318
google_robot_pick_coke_can__seed096__step040,pick_coke_can,96,exploration,24,0.09757537455413431,0.11342207820042167,0.0683739930092059,0.01584670364628736,1.1624047431915898,0.13547895755690106,0.10416124501443325,0.11271096773001378,-0.03131771254246782,0.04716441618875518,0.12236113673227678
google_robot_pick_coke_can__seed096__step040,pick_coke_can,96,exploration,25,0.07525909355492612,0.08181169034689519,0.0358295117633373,0.0065525967919690675,1.0870671766354296,0.04570695190267169,0.04710715458890395,0.0496985830398879,-0.0025914284509839514,0.009144025242953019,0.08635985695795334
google_robot_pick_coke_can__seed096__step040,pick_coke_can,96,exploration,26,0.05672848919811486,0.08371747009417184,0.057442468734168604,0.026275001360003235,1.4574142083202986,0.07269455408782877,0.04609300483435072,0.056294037281645455,-0.026601549253478046,0.05287655061348128,0.12209149673017095
google_robot_pick_coke_can__seed096__step040,pick_coke_can,96,exploration,27,0.056957070428149,0.07231234757164749,0.0365863125940387,0.015355277143498491,1.2695938718068212,0.04505908412576233,0.0440943540699252,0.05082609232232192,-0.006731738252396723,0.022087015395895214,0.13968855648783318
google_robot_pick_coke_can__seed096__step040,pick_coke_can,96,exploration,28,0.0672857063993003,0.06220875781151653,0.04890525389332352,-0.005076948587783771,0.9245464028027717,0.04079313746510454,0.0422649647549039,0.04168444738661228,0.0005805173682916151,-0.005657465956075386,0.11057783436095647
google_robot_pick_coke_can__seed096__step040,pick_coke_can,96,exploration,29,0.058119891153947736,0.06744550970955682,0.05672358408159065,0.00932561855560908,1.1604548523827654,0.049549779283488166,0.046449584485761586,0.04857016446375816,-0.00310019479772658,0.01242581335333566,0.2429881582868063
google_robot_pick_coke_can__seed096__step040,pick_coke_can,96,exploration,30,0.0714079151843266,0.05116976020601126,0.0462211942776124,-0.02023815497831534,0.7165838699243045,0.03392397479985979,0.04840636202375296,0.04193358639567979,0.00647277562807317,-0.02671093060638851,0.17597005840332258
google_robot_pick_coke_can__seed096__step040,pick_coke_can,96,exploration,31,0.05452674789925896,0.04709296981535792,0.050869125154121335,-0.007433778083901041,0.8636673124603848,0.06097675108438075,0.04042902338540125,0.046642053532659676,-0.0205477276989795,0.01311394961507846,0.26207328358759696
google_robot_pick_coke_can__seed096__step071,pick_coke_can,96,exploration,0,0.004579545927454511,0.0027117493425946157,0.0033384114629684443,-0.001867796584859895,0.5921437158949755,0.005194567835558306,0.002222032027137249,0.0032109477018659404,-0.002972535808421057,0.0011047392235611622,0.8227239102125168
google_robot_pick_coke_can__seed096__step071,pick_coke_can,96,exploration,1,0.012421849403317784,0.004726637370559124,0.008411208559284589,-0.00769521203275866,0.38050995605345805,0.013361354364145333,0.003932421181561185,0.008600352753140828,-0.009428933182584148,0.0017337211498254877,0.4429239626042545
google_robot_pick_coke_can__seed096__step071,pick_coke_can,96,exploration,2,0.0296867930125516,0.018106231080454147,0.03750740725748622,-0.019401176177032072,0.4827374751913909,0.03949415401107598,0.02746605196786717,0.03462026008691562,-0.012028102043208807,-0.007373074133823265,0.03955669642556359
google_robot_pick_coke_can__seed096__step071,pick_coke_can,96,exploration,3,0.02798315686016788,0.03674720680946525,0.0301138309193544,0.00663337589011085,1.2202767196201372,0.030250057326738397,0.025219515750300105,0.02611395361981661,-0.005030541576438292,0.011663917466549142,0.028888975496386138
google_robot_pick_coke_can__seed096__step071,pick_coke_can,96,exploration,4,0.03076773398035743,0.061519270777885,0.025485091419405394,0.03075153679752757,1.9994735659493093,0.03275595436023101,0.04826856336752032,0.03310902485330903,0.015159538514211292,0.01559199828331628,0.04720774375005021
google_robot_pick_coke_can__seed096__step071,pick_coke_can,96,exploration,5,0.05781692590027703,0.03824696406698144,0.03579534729883667,-0.01956996183329559,0.6615184649033403,0.06214984195683707,0.03420412376262049,0.03980896689378815,-0.02794571819421658,0.008375756360920993,0.06755846511578056
google_robot_pick_coke_can__seed096__step071,pick_coke_can,96,exploration,6,0.04247902430325278,0.06890309879135871,0.03924679360523657,0.02642407448810593,1.6220499392704397,0.03845259512990819,0.07009845274532737,0.028519796613982185,0.03164585761541919,-0.005221783127313258,0.0794226491345853
google_robot_pick_coke_can__seed096__step071,pick_coke_can,96,exploration,7,0.05725604839759473,0.13870505711567235,0.05240089716913752,0.08144900871807761,2.4225398188936005,0.06992189411456275,0.040517079932389524,0.042975813416818213,-0.029404814182173222,0.11085382290025084,0.09107533652104394
google_robot_pick_coke_can__seed096__step071,pick_coke_can,96,exploration,8,0.05888346450712706,0.13284127854360986,0.04989426012349691,0.0739578140364828,2.256003101304122,0.06920415378285717,0.04267625558921324,0.048668775740608676,-0.026527898193643935,0.10048571223012673,0.17445271826841235
google_robot_pick_coke_can__seed096__step071,pick_coke_can,96,exploration,9,0.044333938245588275,0.08863962758107857,0.07578855723470085,0.012851070346377724,1.1695647841214436,0.09337170775112799,0.06547993672891601,0.04858315092247552,-0.027891771022211978,0.0407428413685897,0.15667163870398326
google_robot_pick_coke_can__seed096__step071,pick_coke_can,96,exploration,10,0.06296777509159693,0.11547381948677876,0.0669401368867161,0.04853368260006266,1.7250311226909651,0.0672220580424155,0.06409172024788111,0.0374789899622863,-0.0031303377945343935,0.051664020394597054,0.12613883107133006
google_robot_pick_coke_can__seed096__step071,pick_coke_can,96,exploration,11,0.10780792710042848,0.20494928570633864,0.04976805568636205,0.09714135860591015,1.9010595159242614,0.09195223060326888,0.0699494663747043,0.05171589855653056,-0.022002764228564578,0.11914412283447473,0.18484936065851798
google_robot_pick_coke_can__seed096__step071,pick_coke_can,96,exploration,12,0.0656606955445282,0.2016475129865946,0.054019116600953966,0.13598681744206642,3.0710535627793663,0.061644643731485,0.06770595110226488,0.04780803359937531,0.006061307370779881,0.12992551007128655,0.17551625950864036
google_robot_pick_coke_can__seed096__step071,pick_coke_can,96,exploration,13,0.06070949544071624,0.12464353709945804,0.04882528740351618,0.06393404165874181,2.0531143636529543,0.051857377681328996,0.056570875154594864,0.03509370465501222,0.004713497473265868,0.05922054418547594,0.16796991400894967
google_robot_pick_coke_can__seed096__step071,pick_coke_can,96,exploration,14,0.04366738481403793,0.16216811892435073,0.0521691112264752,0.10999900769787554,3.1085083704100436,0.06004647990775533,0.057213669481052616,0.04290060373983622,-0.002832810426702713,0.11283181812457826,0.2871741925707738
google_robot_pick_coke_can__seed096__step071,pick_coke_can,96,exploration,15,0.048658929052040424,0.06761289790764098,0.06090699221142572,0.006705905696215264,1.110100752848493,0.05786450534055493,0.06083138538743351,0.04912357569038992,0.0029668800468785825,0.0037390256493366816,0.22615331912163583
google_robot_pick_coke_can__seed096__step071,pick_coke_can,96,exploration,16,0.047656438700210524,0.10495219734802902,0.04342220061455748,0.057295758647818495,2.202266896363059,0.0867391104417586,0.05165078197745524,0.03295720103376632,-0.035088328464303355,0.09238408711212184,0.19949091777854733
google_robot_pick_coke_can__seed096__step071,pick_coke_can,96,exploration,17,0.06100704472727719,0.12519530318183064,0.05405972257044293,0.06418825845455345,2.052145022619886,0.09743131434713725,0.04707787449314091,0.04109444644953465,-0.050353439853996346,0.1145416983085498,0.18054761571735867
google_robot_pick_coke_can__seed096__step071,pick_coke_can,96,exploration,18,0.07939345394529394,0.09940592323670462,0.06574073808889776,0.02001246929141068,1.252066994152947,0.08660694408552225,0.06172779875937857,0.028250358777412166,-0.02487914532614368,0.04489161461755436,0.07354527323838056
google_robot_pick_coke_can__seed096__step071,pick_coke_can,96,exploration,19,0.06632560426551369,0.11347904820637715,0.051927271906662915,0.04715344394086346,1.7109387764052548,0.11399891417449805,0.04355268205004069,0.04412706959057692,-0.07044623212445736,0.11759967606532082,0.13912741816798757
google_robot_pick_coke_can__seed096__step071,pick_coke_can,96,exploration,20,0.0669215348389274,0.11678266819714989,0.06485714385108324,0.04986113335822248,1.745068586341192,0.14676100139712506,0.061396208039205154,0.06746899625588468,-0.08536479335791991,0.1352259267161424,0.16536348473310625
google_robot_pick_coke_can__seed096__step071,pick_coke_can,96,exploration,21,0.08861384326381552,0.16796192458902134,0.08909367976515829,0.07886824482386305,1.8852282791748143,0.1446807130581424,0.05690561291714575,0.05537308623772174,-0.08777510014099665,0.16664334496485972,0.09603925342280917
google_robot_pick_coke_can__seed096__step071,pick_coke_can,96,exploration,22,0.11440906580953814,0.18642031863310057,0.07421148230538492,0.07201125282356244,1.6294191138964702,0.1126977926412984,0.07544194192346085,0.04880359304470475,-0.037255850717837546,0.10926710354139998,0.11904718285318694
google_robot_pick_coke_can__seed096__step071,pick_coke_can,96,exploration,23,0.10796125476579013,0.0782762420509679,0.13551333554873735,-0.05723709349776944,0.5776275946127521,0.08884112464896152,0.04122808632665148,0.07160830853629065,-0.047613038322310036,-0.009624055175459403,0.07281078874801494
google_robot_pick_coke_can__seed096__step071,pick_coke_can,96,exploration,24,0.13154385156602855,0.14356161262978998,0.07896566489426733,0.012017761063761428,1.091359352190848,0.11330601431709944,0.06201050263170398,0.05321418625957115,-0.05129551168539546,0.06331327274915688,0.11203824432768528
google_robot_pick_coke_can__seed096__step071,pick_coke_can,96,exploration,25,0.09223681841128914,0.08900734820434743,0.06098238374824892,-0.003229470206941712,0.9649871899034795,0.09629070737411902,0.035658323758575666,0.06358254796058763,-0.06063238361554335,0.05740291340860164,0.105660584695908
google_robot_pick_coke_can__seed096__step071,pick_coke_can,96,exploration,26,0.09709759622535517,0.08989260604260371,0.06617762042297581,-0.007204990182751461,0.9257964103866249,0.07691178791776417,0.0376746632831156,0.03963155808180981,-0.03923712463464857,0.03203213445189711,0.12877174340241737
google_robot_pick_coke_can__seed096__step071,pick_coke_can,96,exploration,27,0.06009121490769388,0.07498550131767073,0.050089927073344837,0.01489428640997685,1.2478612960789022,0.04632666069578625,0.050206477352743986,0.02213581852534468,0.0038798166569577394,0.011014469753019111,0.09463367484505625
google_robot_pick_coke_can__seed096__step071,pick_coke_can,96,exploration,28,0.05318544377118456,0.061152612605762685,0.034805578103763564,0.007967168834578126,1.1497997999011653,0.054610424201074634,0.06028496804529881,0.05431561851009356,0.005674543844224174,0.0022926249903539517,0.09579011889123734
google_robot_pick_coke_can__seed096__step071,pick_coke_can,96,exploration,29,0.06356106185737774,0.07099597882376864,0.05682179466676937,0.007434916966390898,1.1169728250146895,0.07869278474619731,0.04603210393899088,0.05710538532667805,-0.03266068080720643,0.04009559777359733,0.157971054982454
google_robot_pick_coke_can__seed096__step071,pick_coke_can,96,exploration,30,0.07402978419880082,0.0445865707945309,0.06347304975614644,-0.029443213404269926,0.6022788162504618,0.07660935904038026,0.042021319521123424,0.04457125711870617,-0.03458803951925683,0.005144826114986907,0.12543301965359888
google_robot_pick_coke_can__seed096__step071,pick_coke_can,96,exploration,31,0.045590348291851567,0.047825452151639206,0.054671940976653496,-0.006846488825014291,0.8747714329744039,0.04159197092337341,0.03729654203220229,0.03259684863595743,-0.00429542889117112,-0.002551059933843171,0.20985473038399505
google_robot_pick_coke_can__seed097__step008,pick_coke_can,97,exploration,0,0.005078909535206045,0.00275447955739614,0.0036500229497169073,-0.002324429977809905,0.5423368024775015,0.004663405658512551,0.0028098680361964257,0.0029774626204664327,-0.001853537622316125,-0.0004708923554937799,0.8210111502557993
google_robot_pick_coke_can__seed097__step008,pick_coke_can,97,exploration,1,0.012709718596744564,0.005009384934675525,0.007630656658800422,-0.007700333662069039,0.3941381468476113,0.014840761039012523,0.005461234678367856,0.00801558880558479,-0.009379526360644666,0.0016791926985756274,0.4427545238286257
google_robot_pick_coke_can__seed097__step008,pick_coke_can,97,exploration,2,0.02582259944173911,0.02002159861048712,0.03314041336315406,-0.013118814752666942,0.6041445045084257,0.025214126816771678,0.019378191649281565,0.02834522828969538,-0.008967036640413813,-0.004151778112253129,0.038625553327278794
google_robot_pick_coke_can__seed097__step008,pick_coke_can,97,exploration,3,0.03351863773750536,0.02820734731025462,0.035722579919151995,-0.007515232608897374,0.7896223445813267,0.03380153303372049,0.029599157822053426,0.026316199412408692,-0.004202375211667067,-0.0033128573972303066,0.03237786211479943
google_robot_pick_coke_can__seed097__step008,pick_coke_can,97,exploration,4,0.025663893087392614,0.054248181313885646,0.028343444894674764,0.025904736419210882,1.9139586424823727,0.028755822891372428,0.04596235813643162,0.02711079867372017,0.01720653524505919,0.008698201174151692,0.0654853799767352
google_robot_pick_coke_can__seed097__step008,pick_coke_can,97,exploration,5,0.041338304811684365,0.021849171870605342,0.03134039019310454,-0.019489132941079023,0.528545424640384,0.04387935984613784,0.042586895761811315,0.03598083073332288,-0.001292464084326525,-0.018196668856752498,0.08664657198414716
google_robot_pick_coke_can__seed097__step008,pick_coke_can,97,exploration,6,0.03184882115120436,0.09952830239409542,0.0448168801242566,0.05471142226983882,2.2207771294688343,0.050841776067058767,0.11085834020704999,0.04057455404314436,0.06001656413999122,-0.005305141870152401,0.1365780440698927
google_robot_pick_coke_can__seed097__step008,pick_coke_can,97,exploration,7,0.04816268911263329,0.17530784762842933,0.05087507202531368,0.12443277560311564,3.4458496204428406,0.0652246529746599,0.07091543494049035,0.04581222813755807,0.005690781965830449,0.11874199363728519,0.0748302683248312
google_robot_pick_coke_can__seed097__step008,pick_coke_can,97,exploration,8,0.05038291461590953,0.14563282283825177,0.04523247268770228,0.09524990822234224,2.890520009580092,0.07367520880275952,0.06284729818414121,0.052646262479630015,-0.010827910618618306,0.10607781884096054,0.17915827437013832
google_robot_pick_coke_can__seed097__step008,pick_coke_can,97,exploration,9,0.0376321460884771,0.13704289868743152,0.07060130333865038,0.06644159534878115,1.941081711056855,0.046666473065781956,0.07269145180096531,0.0692462932563105,0.003445158544654811,0.06299643680412634,0.14647728662157533
google_robot_pick_coke_can__seed097__step008,pick_coke_can,97,exploration,10,0.061217416752213184,0.1792822818147617,0.055800900442273677,0.11806486506254851,2.9286156020015355,0.061441918491318886,0.07210608969699495,0.04508931682520679,0.01066417120567606,0.10740069385687245,0.2108972615046696
google_robot_pick_coke_can__seed097__step008,pick_coke_can,97,exploration,11,0.054921774340907475,0.2689801096021319,0.041848024891228394,0.21405833526122445,4.897513105322,0.07659153780911082,0.12023713770100614,0.0545254905975325,0.043645599891895315,0.17041273536932913,0.23103899214652301
google_robot_pick_coke_can__seed097__step008,pick_coke_can,97,exploration,12,0.05788108811215729,0.17775899897505876,0.061730130064839746,0.11602886891021902,2.879614845916334,0.06910776624523551,0.08533653976152945,0.04596823172124749,0.01622877351629394,0.09980009539392508,0.1838559428795179
google_robot_pick_coke_can__seed097__step008,pick_coke_can,97,exploration,13,0.0298401863645246,0.15715850345945578,0.038011117598941505,0.11914738586051428,4.134540455180728,0.049112524014159525,0.06178083706162578,0.048459423293616535,0.012668313047466254,0.10647907281304803,0.2114112890888009
google_robot_pick_coke_can__seed097__step008,pick_coke_can,97,exploration,14,0.06461860959063546,0.23688839416551685,0.047184004435781,0.1722697845748814,3.665946941078205,0.05671539214245126,0.13985902111640264,0.06163008175861538,0.07822893935778726,0.09404084521709415,0.3747681724175891
google_robot_pick_coke_can__seed097__step008,pick_coke_can,97,exploration,15,0.04458469589846963,0.1263533997366272,0.07177225180416402,0.054581147932463187,1.7604770166803732,0.051528772993557515,0.10101104959260165,0.0655981428553195,0.03541290673728216,0.019168241195181027,0.22769863011762936
google_robot_pick_coke_can__seed097__step008,pick_coke_can,97,exploration,16,0.05878004345409912,0.1342002056111771,0.04271706309695406,0.07542016215707797,2.283091296384852,0.04385429434582389,0.06582738889269006,0.03801024003513208,0.02197309454686617,0.053447067610211806,0.20531980041400288
google_robot_pick_coke_can__seed097__step008,pick_coke_can,97,exploration,17,0.06740740128163454,0.21968086671912712,0.06521322693508701,0.1522734654374926,3.2590021650779795,0.07222964741662924,0.12429675592103395,0.07574510267630694,0.04855165324472702,0.10372181219276558,0.18710565132229817
google_robot_pick_coke_can__seed097__step008,pick_coke_can,97,exploration,18,0.09200404769245864,0.09250800589673547,0.06988811983616855,0.0005039582042768304,1.0054775655736519,0.06618026692672274,0.09088261377138904,0.08140037013335505,0.009482243638033988,-0.008978285433757158,0.09040092052512705
google_robot_pick_coke_can__seed097__step008,pick_coke_can,97,exploration,19,0.10773236909228903,0.09787790261117824,0.13064214452124687,-0.03276424191006863,0.7492061843432152,0.08995853834493002,0.0755424141588944,0.061022440954239004,-0.01441612418603562,-0.01834811772403301,0.1431475398576083
google_robot_pick_coke_can__seed097__step008,pick_coke_can,97,exploration,20,0.13511110757895306,0.17059722095046795,0.1245230159858994,0.03548611337151489,1.2626439380698462,0.13853768178847042,0.11462232443806022,0.1480603477316874,-0.03343802329362716,0.06892413666514205,0.16115895451248008
google_robot_pick_coke_can__seed097__step008,pick_coke_can,97,exploration,21,0.10492888019483586,0.2325429806552428,0.112315347352864,0.12022763330237879,2.0704470594268525,0.08943729332101898,0.1831402782372841,0.0946982736867494,0.08844200455053469,0.0317856287518441,0.10785423863249832
google_robot_pick_coke_can__seed097__step008,pick_coke_can,97,exploration,22,0.10412292572354467,0.16226218250863456,0.09843264874553308,0.05813925678508988,1.5583713325483632,0.09959708470484817,0.13596679822562302,0.07191726862580199,0.03636971352077485,0.02176954326431503,0.15579741113013768
google_robot_pick_coke_can__seed097__step008,pick_coke_can,97,exploration,23,0.06539284386458445,0.10748081402663912,0.09456927562237143,0.012911538404267689,1.1365299492810466,0.09698615389462521,0.07401609268281431,0.10287658837457324,-0.028860495691758928,0.04177203409602662,0.10361007295905722
google_robot_pick_coke_can__seed097__step008,pick_coke_can,97,exploration,24,0.09947109813616987,0.16642961757114505,0.06751794177291925,0.06695851943497517,1.6731454733043465,0.09041430615362595,0.1124914436549199,0.06984614567736,0.02207713750129396,0.044881381933681214,0.13320500329864515
google_robot_pick_coke_can__seed097__step008,pick_coke_can,97,exploration,25,0.07274460993057782,0.08605775867389734,0.044200081871392356,0.013313148743319514,1.183012167582239,0.0587547711054298,0.05952173268932323,0.058151816799548985,0.0007669615838934302,0.012546187159426084,0.12772185727021856
google_robot_pick_coke_can__seed097__step008,pick_coke_can,97,exploration,26,0.09685875003124511,0.0802625640093777,0.08300029495805368,-0.01659618602186741,0.8286557898329915,0.10021115089354009,0.06652918991672516,0.06369735135843901,-0.03368196097681493,0.017085774954947522,0.09760578397756348
google_robot_pick_coke_can__seed097__step008,pick_coke_can,97,exploration,27,0.04725356516012187,0.056917689633989375,0.032660741185368956,0.009664124473867504,1.2045163035026027,0.05635119931143088,0.045400315780766615,0.03764745434708283,-0.010950883530664264,0.020615008004531768,0.08894223127811429
google_robot_pick_coke_can__seed097__step008,pick_coke_can,97,exploration,28,0.07372971854268874,0.06362234160591222,0.04497156380104986,-0.010107376936776519,0.8629131219194272,0.05010753279628367,0.04047691028717967,0.05034849639063845,-0.009871586103458785,-0.00023579083331773387,0.09027583791631599
google_robot_pick_coke_can__seed097__step008,pick_coke_can,97,exploration,29,0.046372932249508135,0.0411411009496858,0.0360729343311825,-0.005231831299822333,0.8871792003215879,0.07452055421883248,0.041282774619854745,0.06209888537861418,-0.03323777959897774,0.028005948299155405,0.1824149950869014
google_robot_pick_coke_can__seed097__step008,pick_coke_can,97,exploration,30,0.05652550690767224,0.03560775950466607,0.03197036276537374,-0.02091774740300617,0.6299414450688103,0.04637124089213673,0.033670819197363824,0.048042378402930935,-0.014371559205567111,-0.0065461881974390596,0.13086196063022726
google_robot_pick_coke_can__seed097__step008,pick_coke_can,97,exploration,31,0.04702437355503036,0.03791951665412606,0.04252388626130071,-0.009104856900904304,0.8063800490558513,0.05064174581961312,0.05129431353473891,0.04026199834326033,0.0006525677151257847,-0.009757424616030089,0.267537363338306
google_robot_pick_coke_can__seed097__step040,pick_coke_can,97,exploration,0,0.005129207029691786,0.002911805485327607,0.0037247838926688383,-0.0022174015443641787,0.5676911593686593,0.0056537090168351616,0.0027206594233294256,0.0028680460445859183,-0.002933049593505736,0.0007156480491415573,0.817675419151783
google_robot_pick_coke_can__seed097__step040,pick_coke_can,97,exploration,1,0.013257917106282937,0.005311577214952224,0.007932389580291048,-0.007946339891330713,0.40063436604495467,0.011426073200250391,0.0034595545251202495,0.009202113412548113,-0.007966518675130142,2.0178783799429043e-05,0.426594560733065
google_robot_pick_coke_can__seed097__step040,pick_coke_can,97,exploration,2,0.024555174437392364,0.018378803455527226,0.03160383423833384,-0.013225030782806617,0.5815371425165454,0.028395398274682092,0.024866841904190102,0.030941645325135964,-0.006074803420945862,-0.007150227361860755,0.036533757025324576
google_robot_pick_coke_can__seed097__step040,pick_coke_can,97,exploration,3,0.033082028282491655,0.029367472594241332,0.035475932919251385,-0.006108460325010053,0.8278139622455077,0.023786502143861892,0.025397954617433733,0.03507357044612679,-0.009675615828693054,0.0035671555036830005,0.0333863860813608
google_robot_pick_coke_can__seed097__step040,pick_coke_can,97,exploration,4,0.027506425721063234,0.059538274862522514,0.02944679859838631,0.030091476264136205,2.0218929627815374,0.023090248817743037,0.057251426610855305,0.043659004086005274,0.013592422524850031,0.016499053739286174,0.0656507484118265
google_robot_pick_coke_can__seed097__step040,pick_coke_can,97,exploration,5,0.04258598638416649,0.021523316989829126,0.03223108981926049,-0.021062669394337364,0.5054084410695138,0.057715704575370286,0.038571424916859706,0.03937263509764755,-0.01914427965851058,-0.0019183897358267844,0.08392959984985282
google_robot_pick_coke_can__seed097__step040,pick_coke_can,97,exploration,6,0.03400124437880073,0.10840908311036906,0.0461233018810003,0.062285781229368765,2.350418957213172,0.0392653805888982,0.058264761435405564,0.03419481325004023,0.018999380846507367,0.0432864003828614,0.1315657412087603
google_robot_pick_coke_can__seed097__step040,pick_coke_can,97,exploration,7,0.0477525429230388,0.1766682362440392,0.05023819452784038,0.12643004171619882,3.516611970323404,0.0746810821344992,0.03996227527640525,0.04362965018876625,-0.03471880685809395,0.16114884857429276,0.07222750589824045
google_robot_pick_coke_can__seed097__step040,pick_coke_can,97,exploration,8,0.05839751673013888,0.15890428325200967,0.04922479113770543,0.1005067665218708,2.721079459359945,0.04478094649321914,0.060040243801552984,0.06518776204746272,-0.005147518245909741,0.10565428476778053,0.1740274981229959
google_robot_pick_coke_can__seed097__step040,pick_coke_can,97,exploration,9,0.03735028359822005,0.14383714389898702,0.0710726200551037,0.07276452384388332,2.0238052823642616,0.0707134031976784,0.04496357203971675,0.055828029217779254,-0.025749831157961645,0.09851435500184497,0.1334618733349089
google_robot_pick_coke_can__seed097__step040,pick_coke_can,97,exploration,10,0.058202289447828195,0.18127751572649206,0.05601325583677831,0.12307522627866387,3.114611425878478,0.04840111295977968,0.05491398331224794,0.045605532508374916,0.00651287035246826,0.1165623559261956,0.20875386352145142
google_robot_pick_coke_can__seed097__step040,pick_coke_can,97,exploration,11,0.05497713311025366,0.26614319739018527,0.04392287012089875,0.21116606427993162,4.84097991898649,0.10326227543379306,0.11720728634994163,0.054609686458193855,0.013945010916148567,0.19722105336378304,0.2202296376610775
google_robot_pick_coke_can__seed097__step040,pick_coke_can,97,exploration,12,0.05771302221500502,0.1715970949949964,0.06486350178382688,0.10673359321116951,2.6455108077094684,0.07025108893359547,0.05869087366635675,0.03503094800106803,-0.011560215267238716,0.11829380847840823,0.1780699565752002
google_robot_pick_coke_can__seed097__step040,pick_coke_can,97,exploration,13,0.03154694434005958,0.18218527311483515,0.03787407720251398,0.14431119591232117,4.810289426741259,0.053409608834084285,0.052223056593870505,0.040987278043652195,-0.0011865522402137799,0.14549774815253494,0.20235888990555395
google_robot_pick_coke_can__seed097__step040,pick_coke_can,97,exploration,14,0.05588839902816239,0.25996595171436165,0.052231435887257774,0.20407755268619926,4.6515190314069255,0.07852874767173552,0.05344012772514388,0.047757630996492696,-0.025088619946591645,0.2291661726327909,0.35731096867357337
google_robot_pick_coke_can__seed097__step040,pick_coke_can,97,exploration,15,0.04804180557253249,0.1305467705714036,0.06754236757784664,0.06300440299355696,1.9328130661238756,0.0567289902732982,0.07522118538322137,0.05716653349967401,0.018054651883547358,0.0449497511100096,0.23889524422372688
google_robot_pick_coke_can__seed097__step040,pick_coke_can,97,exploration,16,0.05413248257750489,0.14973662923691175,0.0417295819452218,0.09560414665940686,2.7661142092000746,0.09828459463987053,0.06229030796597905,0.02819956105510196,-0.035994286673891485,0.13159843333329835,0.20862467694553288
google_robot_pick_coke_can__seed097__step040,pick_coke_can,97,exploration,17,0.06595000459615798,0.22562794638579084,0.0626848361157322,0.15967794178963285,3.4211968257987833,0.07975927669487429,0.055538868243249565,0.03619583278015171,-0.024220408451624723,0.18389835024125756,0.17445009478689144
google_robot_pick_coke_can__seed097__step040,pick_coke_can,97,exploration,18,0.09592620704997329,0.09743603120495538,0.06768666173784081,0.0015098241549820896,1.0157394334813585,0.07885200227463587,0.10599211322166095,0.04632454706689031,0.02714011094702508,-0.02563028679204299,0.08411496838130006
google_robot_pick_coke_can__seed097__step040,pick_coke_can,97,exploration,19,0.1065794800366766,0.09002765829045584,0.12764519955751316,-0.037617541267057325,0.7052960753913196,0.1293365869092809,0.07361192940840774,0.030431570348111954,-0.05572465750087316,0.018107116233815834,0.14111639485449246
google_robot_pick_coke_can__seed097__step040,pick_coke_can,97,exploration,20,0.13596285738036984,0.19192421546482352,0.14531841372969775,0.04660580173512577,1.3207150459391592,0.10846501831737367,0.05144172474514348,0.051829307002982536,-0.05702329357223018,0.10362909530735595,0.14589861724601505
google_robot_pick_coke_can__seed097__step040,pick_coke_can,97,exploration,21,0.10475737797862626,0.23261138953070468,0.11780373067696706,0.11480765885373762,1.9745672585578375,0.12116950268740428,0.04676155574804914,0.054533692535415845,-0.07440794693935515,0.18921560579309277,0.08952775647185973
google_robot_pick_coke_can__seed097__step040,pick_coke_can,97,exploration,22,0.10882396822962898,0.1764353376631988,0.11094599110272756,0.06548934656047124,1.5902813243592828,0.10670830613704348,0.06858182589985196,0.05153332602605768,-0.03812648023719152,0.10361582679766276,0.14428872099806256
google_robot_pick_coke_can__seed097__step040,pick_coke_can,97,exploration,23,0.07519084131298931,0.11494904573535887,0.10980410521075237,0.005144940524606498,1.0468556299851592,0.17135467594014986,0.036016309969018286,0.17956381469789556,-0.14354750472887728,0.1486924452534838,0.10667491462569956
google_robot_pick_coke_can__seed097__step040,pick_coke_can,97,exploration,24,0.0863330142689113,0.15834325673440353,0.06920435041457486,0.07201024246549223,1.8340985551737334,0.12106144327540644,0.12212047655001783,0.05721678088243002,0.00105903327461139,0.07095120919088084,0.12966503017226927
google_robot_pick_coke_can__seed097__step040,pick_coke_can,97,exploration,25,0.07276673866976144,0.0886404244004219,0.05500005911843249,0.01587368573066046,1.2181448010567064,0.11042282871904063,0.05884986042130189,0.055022722941707694,-0.05157296829773874,0.0674466540283992,0.11260430153716605
google_robot_pick_coke_can__seed097__step040,pick_coke_can,97,exploration,26,0.09513990615234867,0.078478678611446,0.08216100775433903,-0.01666122754090267,0.8248765611117711,0.08840755758497677,0.06415867574785276,0.052995303243049977,-0.02424888183712401,0.007587654296221338,0.08693596256703273
google_robot_pick_coke_can__seed097__step040,pick_coke_can,97,exploration,27,0.039932511053685456,0.0493743658328123,0.037949316047991705,0.009441854779126846,1.236445305591556,0.08248128181369938,0.04709780177922097,0.04088376822944535,-0.03538348003447841,0.044825334813605254,0.0898483086338544
google_robot_pick_coke_can__seed097__step040,pick_coke_can,97,exploration,28,0.09106539160895272,0.06563629293625439,0.060409780252869985,-0.025429098672698325,0.7207600140578722,0.07515415709652262,0.048568820910004265,0.057993156813735396,-0.026585336186518357,0.0011562375138200326,0.08556975201915407
google_robot_pick_coke_can__seed097__step040,pick_coke_can,97,exploration,29,0.060438970522887756,0.04902858394281114,0.045214508810661615,-0.011410386580076613,0.8112081248016031,0.11150058086238494,0.04351848228038891,0.05856599810579361,-0.06798209858199603,0.05657171200191941,0.18338591092256706
google_robot_pick_coke_can__seed097__step040,pick_coke_can,97,exploration,30,0.060599040722744815,0.032212784600324944,0.029584995122982974,-0.02838625612241987,0.5315725169265663,0.05205803266415143,0.04785383866715243,0.04670848808195152,-0.004204193996998999,-0.024182062125420872,0.12200986767639677
google_robot_pick_coke_can__seed097__step040,pick_coke_can,97,exploration,31,0.05161460382833876,0.03877292309986339,0.044207065115068056,-0.012841680728475371,0.7512006336194195,0.055656235483156485,0.03654155898270185,0.04077068171185218,-0.019114676500454633,0.006272995771979262,0.236561773881931
google_robot_pick_coke_can__seed097__step071,pick_coke_can,97,exploration,0,0.004994294491043672,0.0023777542869519892,0.0034562535411915554,-0.0026165402040916825,0.4760941292541008,0.005991837154591474,0.0023383033609807114,0.0035480818506252653,-0.0036535337936107627,0.0010369935895190802,0.8308898359537125
google_robot_pick_coke_can__seed097__step071,pick_coke_can,97,exploration,1,0.011967476960478167,0.004295714775752516,0.00784016896444008,-0.007671762184725651,0.3589490742233172,0.012469614473957813,0.0034203409082545627,0.008507021293349553,-0.00904927356570325,0.001377511380977599,0.4567088840994984
google_robot_pick_coke_can__seed097__step071,pick_coke_can,97,exploration,2,0.026172118303926212,0.017443623485772213,0.03425389252332125,-0.016810269037549036,0.5092449996418942,0.04734463333439333,0.01713913993456629,0.044169329529491354,-0.03020549339982704,0.013395224362278003,0.03306626689436598
google_robot_pick_coke_can__seed097__step071,pick_coke_can,97,exploration,3,0.035689742128199635,0.03393297390740433,0.0344952420366857,-0.0017567682207953045,0.9507766625355574,0.03335307929356194,0.036700126634007964,0.03746599429327169,-0.0007658676592637234,-0.000990900561531581,0.027308621664076327
google_robot_pick_coke_can__seed097__step071,pick_coke_can,97,exploration,4,0.03773504538177165,0.06504929431523873,0.030127629093296762,0.02731424893346708,1.723843012698788,0.036118988994532475,0.06630033079145643,0.034147606622218094,0.030181341796923958,-0.002867092863456877,0.07120968256413107
google_robot_pick_coke_can__seed097__step071,pick_coke_can,97,exploration,5,0.03008322665945083,0.02492164854879955,0.04270573923302638,-0.017784090684226834,0.5835667288842163,0.053606771669413335,0.025165460483368905,0.03386229472128159,-0.02844131118604443,0.010657220501817596,0.07865644026810514
google_robot_pick_coke_can__seed097__step071,pick_coke_can,97,exploration,6,0.030424610849779883,0.07687178766444103,0.04114107036340982,0.03573071730103121,1.868492651878341,0.03918686642483839,0.042912456116226266,0.042790521235994604,0.00012193488023166249,0.03560878242079955,0.11791249244538449
google_robot_pick_coke_can__seed097__step071,pick_coke_can,97,exploration,7,0.04107227646187063,0.18606454300570818,0.05152591486770457,0.1345386281380036,3.6110866441370026,0.05223868085990819,0.056093356078715635,0.04884607224458216,0.0038546752188074462,0.13068395291919616,0.06171119803889269
google_robot_pick_coke_can__seed097__step071,pick_coke_can,97,exploration,8,0.05661605680252166,0.15492166818563147,0.040073500832598044,0.09830561138310981,2.7363556724906233,0.05407247649818101,0.06029930993684874,0.04571607649497701,0.006226833438667728,0.09207877794444208,0.17795091235757354
google_robot_pick_coke_can__seed097__step071,pick_coke_can,97,exploration,9,0.06301770007218238,0.1268655836268751,0.07093052564637013,0.05593505798050498,1.7885893622073765,0.07236546088015633,0.06128616315286746,0.09292605854964417,-0.03163989539677671,0.08757495337728169,0.10254800338873338
google_robot_pick_coke_can__seed097__step071,pick_coke_can,97,exploration,10,0.053976522298855634,0.11392055742202209,0.058572834200502404,0.055347723221519686,1.9449384510241943,0.050978342456048674,0.04235217835519018,0.04025614569925892,-0.008626164100858494,0.06397388732237819,0.1934961828408177
google_robot_pick_coke_can__seed097__step071,pick_coke_can,97,exploration,11,0.04947480517918353,0.18139238108893052,0.037645358696317244,0.13191757590974698,3.666358673510273,0.04924254367467008,0.05463476338264487,0.056267661099547006,-0.001632897716902136,0.13355047362664912,0.22418920742256887
google_robot_pick_coke_can__seed097__step071,pick_coke_can,97,exploration,12,0.052681409604822316,0.11428135657466551,0.04033446740854687,0.061599946969843195,2.169291927302653,0.038612047267572135,0.060151795326739796,0.03351284774192127,0.02153974805916766,0.04006019891067553,0.1852498540824854
google_robot_pick_coke_can__seed097__step071,pick_coke_can,97,exploration,13,0.051494646527728415,0.12498087976182948,0.03744046573797911,0.07348623323410106,2.427065494944815,0.04196288757197873,0.07568149855790134,0.028295922984869094,0.033718610985922604,0.03976762224817845,0.20748779004884454
google_robot_pick_coke_can__seed097__step071,pick_coke_can,97,exploration,14,0.06255822501989096,0.15809235605027616,0.05029703336362909,0.0955341310303852,2.5271234278147956,0.06826322344533502,0.05261654193002654,0.04989232830183716,-0.01564668151530848,0.11118081254569367,0.27388018170813666
google_robot_pick_coke_can__seed097__step071,pick_coke_can,97,exploration,15,0.04309180042718653,0.07360843072193306,0.05874621299623015,0.014862217725702905,1.2529902263939403,0.051213552989170304,0.047939794272081705,0.07290753842763947,-0.024967744155557768,0.03982996188126067,0.23852627025792117
google_robot_pick_coke_can__seed097__step071,pick_coke_can,97,exploration,16,0.09069527197256101,0.07767343690034349,0.061405395558399356,-0.013021835072217519,0.8564221178347957,0.1063149361513946,0.0734292270104435,0.03961773428284901,-0.0328857091409511,0.019863874068733578,0.21470354182253004
google_robot_pick_coke_can__seed097__step071,pick_coke_can,97,exploration,17,0.06275159081422264,0.13703120701563393,0.08307588007227155,0.05395532694336237,1.6494704226596713,0.12909641522718046,0.06073252969665135,0.04460881580585862,-0.0683638855305291,0.12231921247389148,0.15650776474613792
google_robot_pick_coke_can__seed097__step071,pick_coke_can,97,exploration,18,0.10122883336140151,0.053508866926801,0.06289806477439248,-0.04771996643460051,0.5285931404125408,0.08191756647586385,0.063179558782321,0.04467971812427586,-0.01873800769354285,-0.028981958741057662,0.0912818335861516
google_robot_pick_coke_can__seed097__step071,pick_coke_can,97,exploration,19,0.11466866961547216,0.07632091043854836,0.11798240949105247,-0.04166149905250412,0.6468838089320117,0.0660493914945499,0.05936742196911904,0.05929901700087315,-0.006681969525430861,-0.034979529527073255,0.13968855135868807
google_robot_pick_coke_can__seed097__step071,pick_coke_can,97,exploration,20,0.13033743548987883,0.11424421880434608,0.09333846489126771,-0.01609321668553275,0.8765265203734774,0.18540343700534137,0.05179984804349719,0.07891761119309071,-0.13360358896184418,0.11751037227631143,0.10976424555373399
google_robot_pick_coke_can__seed097__step071,pick_coke_can,97,exploration,21,0.11966806123867393,0.24963996316845974,0.1289425327465414,0.12069743042191833,1.9360559921617932,0.1677276383649748,0.03813540052440265,0.10776363394621195,-0.12959223784057217,0.2502896682624905,0.07826029973487891
google_robot_pick_coke_can__seed097__step071,pick_coke_can,97,exploration,22,0.09313512597405293,0.11920882834617452,0.10532165971946397,0.01388716862671055,1.1318548213510933,0.11329931403929255,0.07095341917178204,0.05338356756083551,-0.04234589486751052,0.05623306349422107,0.125821600103464
google_robot_pick_coke_can__seed097__step071,pick_coke_can,97,exploration,23,0.08650275119552933,0.07579827803619842,0.07903383405344544,-0.010704473159330916,0.8762528010798789,0.08911811680333263,0.05738747962221325,0.05979087582784173,-0.03173063718111938,0.021026164021788467,0.07941885723326436
google_robot_pick_coke_can__seed097__step071,pick_coke_can,97,exploration,24,0.1281604760472872,0.1369720464868116,0.09393100952636438,0.008811570439524408,1.0687541956092081,0.13433500979639673,0.07792603469678654,0.08031627379593431,-0.056408975099610195,0.0652205455391346,0.09695146400933297
google_robot_pick_coke_can__seed097__step071,pick_coke_can,97,exploration,25,0.08806911085916275,0.07890403079793139,0.04444627244137673,-0.00916508006123136,0.8959330919567491,0.12289619398547363,0.06309284131374514,0.05175556499757647,-0.059803352671728496,0.05063827261049714,0.0874731346512192
google_robot_pick_coke_can__seed097__step071,pick_coke_can,97,exploration,26,0.11951612282607381,0.046961913362223225,0.08541702965990827,-0.07255420946385058,0.39293370845509007,0.1053934144554823,0.06498079856653811,0.0713065569456549,-0.04041261588894418,-0.032141593574906396,0.07931192524900155
google_robot_pick_coke_can__seed097__step071,pick_coke_can,97,exploration,27,0.047675820623178516,0.05173147107508345,0.03808598530803547,0.004055650451904931,1.0850672395124583,0.07340723033727044,0.03414345865894287,0.04377801181704649,-0.03926377167832757,0.0433194221302325,0.07380774579068472
google_robot_pick_coke_can__seed097__step071,pick_coke_can,97,exploration,28,0.05697449310992283,0.05267547927546672,0.04954144347358056,-0.004299013834456106,0.9245449393264128,0.0612055812843326,0.05007295217624776,0.05713836181046533,-0.011132629108084838,0.006833615273628732,0.10096747016541485
google_robot_pick_coke_can__seed097__step071,pick_coke_can,97,exploration,29,0.0816277199151649,0.059303105134104715,0.0532027021215485,-0.02232461478106019,0.7265069414622631,0.07796212488793454,0.0644804539453469,0.05197222497580856,-0.013481670942587634,-0.008842943838472554,0.15550756188757475
google_robot_pick_coke_can__seed097__step071,pick_coke_can,97,exploration,30,0.043443748154064515,0.044408178735661843,0.03194784688716361,0.0009644305815973281,1.0221995251923746,0.05000025067920157,0.04130915114685397,0.042523547921525934,-0.008691099532347604,0.009655530113944932,0.13086938231862177
google_robot_pick_coke_can__seed097__step071,pick_coke_can,97,exploration,31,0.04488186991995071,0.03647775423990843,0.03780572863885645,-0.008404115680042283,0.8127503222340895,0.05197932557940001,0.03556189773409207,0.035992855562632264,-0.01641742784530794,0.008013312165265657,0.22365626315195186
google_robot_pick_coke_can__seed099__step008,pick_coke_can,99,validation,0,0.003963402519902123,0.0031007581745501793,0.0029340892475862336,-0.0008626443453519433,0.782347530683498,0.004883215000174943,0.0021150904865677145,0.0033694785875231386,-0.0027681245136072286,0.0019054801682552853,0.8123736456036568
google_robot_pick_coke_can__seed099__step008,pick_coke_can,99,validation,1,0.013316495909523052,0.004254237600552032,0.007605370618076833,-0.009062258308971019,0.3194712505043981,0.012960607720681167,0.0029072816140330087,0.006583770345540728,-0.010053326106648157,0.0009910677976771379,0.43624818651005626
google_robot_pick_coke_can__seed099__step008,pick_coke_can,99,validation,2,0.02900606980238908,0.02035799556269873,0.03142736145492467,-0.011069365892225937,0.6477793432292304,0.03970079277361282,0.021777132261330635,0.03991351603351493,-0.018136383772184295,0.007067017879958358,0.03690577321282262
google_robot_pick_coke_can__seed099__step008,pick_coke_can,99,validation,3,0.032256438734336486,0.03809811239304146,0.031810000955160865,0.005841673658704971,1.1811010107723579,0.037527765331023547,0.03493400267341058,0.032716715728251036,-0.0025937626576129635,0.008435436316317935,0.032052025303585197
google_robot_pick_coke_can__seed099__step008,pick_coke_can,99,validation,4,0.02905494750057783,0.06166909104856175,0.03162935437266507,0.030039736675896676,1.949742328659665,0.025380362479554625,0.05880108259409736,0.030707375007076203,0.028093707587021156,0.00194602908887552,0.07049719349004135
google_robot_pick_coke_can__seed099__step008,pick_coke_can,99,validation,5,0.03507323693189981,0.04112505038694315,0.0371602284423058,0.003964821944637348,1.1066953059988058,0.056541356022853526,0.019468574604425005,0.03195344893484431,-0.03707278141842852,0.04103760336306587,0.07333874718483457
google_robot_pick_coke_can__seed099__step008,pick_coke_can,99,validation,6,0.03374096153208162,0.08416995385050788,0.04135078720626662,0.042819166644241256,2.0355103140032145,0.04770153402026563,0.04469929680234791,0.036730797978416316,-0.0030022372179177234,0.04582140386215898,0.10702244431672625
google_robot_pick_coke_can__seed099__step008,pick_coke_can,99,validation,7,0.048473726267350144,0.15914017816262835,0.05099278868656496,0.1081473894760634,3.12083693129254,0.05595504001543607,0.062102491619602775,0.04477652625229494,0.006147451604166708,0.10199993787189668,0.08022969161675064
google_robot_pick_coke_can__seed099__step008,pick_coke_can,99,validation,8,0.04747949864244736,0.12696290889080708,0.046147723332982664,0.07948341024835973,2.674057488410385,0.06536184479144462,0.06387222764999541,0.04521240911778153,-0.001489617141449212,0.08097302738980894,0.16536576653516022
google_robot_pick_coke_can__seed099__step008,pick_coke_can,99,validation,9,0.044589424571435915,0.08589379335808266,0.07789616199820029,0.007997631359882365,1.1026704160349665,0.06441545899055393,0.048369178662581384,0.07260003609178223,-0.024230857429200843,0.03222848878908321,0.13622399344535552
google_robot_pick_coke_can__seed099__step008,pick_coke_can,99,validation,10,0.047770181120137575,0.09808348666190328,0.045161380454552334,0.050313305541765704,2.0532366501862827,0.05689475634329545,0.0652250188796096,0.05382349523629446,0.00833026253631415,0.041983043005451554,0.18256182761388118
google_robot_pick_coke_can__seed099__step008,pick_coke_can,99,validation,11,0.06780931640095408,0.1657952647807677,0.04494368584212079,0.09798594837981361,2.445021917053789,0.057589911573230304,0.07234504793690741,0.06553865074957321,0.0068063971873341955,0.09117955119247942,0.17861772950766408
google_robot_pick_coke_can__seed099__step008,pick_coke_can,99,validation,12,0.052861028754055836,0.15924506356848805,0.054036366226614514,0.10520869734187355,2.9469980068729185,0.0519889579578259,0.08574869565316644,0.03603837506673079,0.03375973769534054,0.071448959646533,0.2077298289598275
google_robot_pick_coke_can__seed099__step008,pick_coke_can,99,validation,13,0.03827756655002524,0.11990971625273637,0.054724513270322364,0.06518520298241401,2.191151809069896,0.037750586292339176,0.058788813993548,0.045342609069264406,0.013446204924283597,0.05173899805813041,0.17647589205489567
google_robot_pick_coke_can__seed099__step008,pick_coke_can,99,validation,14,0.047447041342786364,0.2288758571977654,0.04729199200144223,0.18142881585497905,4.823817264900178,0.07024660712915307,0.04962935566006565,0.05252995688444968,-0.020617251469087418,0.20204606732406646,0.3944356816200525
google_robot_pick_coke_can__seed099__step008,pick_coke_can,99,validation,15,0.04519068857520817,0.0746830528991872,0.04384407076981641,0.029492364323979024,1.6526203794150345,0.06347947826349086,0.03808757203988909,0.067753922845527,-0.02966635080563791,0.059158715129616936,0.24766739657366088
google_robot_pick_coke_can__seed099__step008,pick_coke_can,99,validation,16,0.08467061444417322,0.11615695395329032,0.041298567183358795,0.0314863395091171,1.3718685604895111,0.0889114585239676,0.03884264586968124,0.05445511483367039,-0.050068812654286365,0.08155515216340346,0.23111488631661814
google_robot_pick_coke_can__seed099__step008,pick_coke_can,99,validation,17,0.05301481216808385,0.1910827119201914,0.05318767618832339,0.137895035731868,3.5926125300834437,0.08823698790463354,0.0326929896001269,0.04477092617835995,-0.05554399830450664,0.19343903403637464,0.18671975726454093
google_robot_pick_coke_can__seed099__step008,pick_coke_can,99,validation,18,0.08247991020989603,0.08356440259339698,0.04590713725059981,0.0010844923835009457,1.013148564065372,0.10807004681395181,0.05780817781696592,0.05157806907253998,-0.05026186899698589,0.05134636138048684,0.08438080575967888
google_robot_pick_coke_can__seed099__step008,pick_coke_can,99,validation,19,0.08218619615608909,0.07357932061971982,0.08100636666749056,-0.008606875536369268,0.895275898643332,0.10450566517157894,0.06271178329856623,0.11231760319369974,-0.049605819895133504,0.040998944358764236,0.13773058440455088
google_robot_pick_coke_can__seed099__step008,pick_coke_can,99,validation,20,0.10992381430390796,0.11757905132893537,0.07700428394713306,0.007655237025027406,1.0696412972339449,0.17225923021377154,0.03779897682216838,0.07230615724147037,-0.13446025339160317,0.14211549041663057,0.14433909052193883
google_robot_pick_coke_can__seed099__step008,pick_coke_can,99,validation,21,0.08561603989809198,0.21203960842891853,0.09650342145814066,0.11553618697077787,2.1972237380297743,0.17562341570525677,0.09370093074224965,0.08192550493067423,-0.08192248496300712,0.197458671933785,0.1015382498564179
google_robot_pick_coke_can__seed099__step008,pick_coke_can,99,validation,22,0.05893112760413274,0.1262365018333137,0.04970301814815241,0.06730537422918095,2.142102263532133,0.16787547423274277,0.09314811040311355,0.09114038267222709,-0.07472736382962922,0.14203273805881017,0.15413665747129812
google_robot_pick_coke_can__seed099__step008,pick_coke_can,99,validation,23,0.05796793557577632,0.08652442161601534,0.13231099956232964,-0.0457865779463143,0.6539473052295629,0.1036935135325381,0.05568548505877989,0.04401872780353486,-0.04800802847375821,0.002221450527443908,0.07206429770309342
google_robot_pick_coke_can__seed099__step008,pick_coke_can,99,validation,24,0.08215564792598257,0.11087521480498272,0.06205134739595,0.028719566879000152,1.3495750761393155,0.1638876047597065,0.09289345474515644,0.06864907404206443,-0.07099415001455008,0.09971371689355023,0.12437188663970744
google_robot_pick_coke_can__seed099__step008,pick_coke_can,99,validation,25,0.051945659309556545,0.057596171655463026,0.040225161977001815,0.0056505123459064804,1.1087773727585926,0.09994229120761533,0.03832824246985126,0.04275494448102445,-0.06161404873776407,0.06726456108367054,0.11817938931081073
google_robot_pick_coke_can__seed099__step008,pick_coke_can,99,validation,26,0.07092599159902915,0.06034762301762324,0.04176453274400979,-0.010578368581405914,0.8508534270312449,0.13957175764536736,0.0585496088317291,0.05322899952969346,-0.08102214881363826,0.07044378023223234,0.14667474349418796
google_robot_pick_coke_can__seed099__step008,pick_coke_can,99,validation,27,0.038915849283237484,0.07895368311123277,0.029952991633980353,0.040037833827995285,2.0288310435316923,0.047647793951854575,0.06489235381480749,0.04829535659716154,0.016596997217645945,0.02344083661034934,0.12379359800237921
google_robot_pick_coke_can__seed099__step008,pick_coke_can,99,validation,28,0.04745572268910498,0.05136481730520593,0.046818989025583686,0.00390909461610095,1.0823735135530537,0.06469831998358243,0.06558815241708933,0.05589468916931539,0.0008898324335069041,0.0030192621825940458,0.12494006755721898
google_robot_pick_coke_can__seed099__step008,pick_coke_can,99,validation,29,0.06243001029289662,0.029083211712578806,0.04418843378740152,-0.03334679858031781,0.4658530661156713,0.052993347905025086,0.06576936221544628,0.05178820949556223,0.012776014310421198,-0.04612281289073901,0.17975087355250707
google_robot_pick_coke_can__seed099__step008,pick_coke_can,99,validation,30,0.04221598579607421,0.06239379740551546,0.04038381433151196,0.02017781160944125,1.4779661360251273,0.047398703964629293,0.04600714701139102,0.03327022211151996,-0.0013915569532382752,0.021569368562679526,0.1390739005572641
google_robot_pick_coke_can__seed099__step008,pick_coke_can,99,validation,31,0.05859701864852644,0.034219711502347074,0.03422817924104078,-0.024377307146179368,0.5839838321400266,0.05359980834332674,0.02481210772364763,0.03467160419860178,-0.02878770061967911,0.0044103934734997415,0.25574408863758435
google_robot_pick_coke_can__seed099__step040,pick_coke_can,99,validation,0,0.003922848443588466,0.002861289113368142,0.0028175162269305763,-0.0010615593302203239,0.7293906849867359,0.004821810302666336,0.0030524884225432594,0.002781525900930161,-0.0017693218801230763,0.0007077625499027525,0.8160792551934719
google_robot_pick_coke_can__seed099__step040,pick_coke_can,99,validation,1,0.012885014134976124,0.0038192910184609978,0.008048202200724584,-0.009065723116515127,0.2964134131675964,0.010957037875831006,0.004175726936178606,0.00909552679574094,-0.0067813109396524,-0.002284412176862727,0.4266285852063447
google_robot_pick_coke_can__seed099__step040,pick_coke_can,99,validation,2,0.02865254934826441,0.019846575976248164,0.03569540525568233,-0.015848829279434165,0.5559980572874655,0.03847500849476781,0.03364450149248335,0.035755222987361654,-0.004830507002284455,-0.01101832227714971,0.03145305506200202
google_robot_pick_coke_can__seed099__step040,pick_coke_can,99,validation,3,0.035182711795107416,0.03582675031963201,0.03655640430751138,-0.0007296539878793654,0.9800403239404637,0.028605707650161936,0.024835771583957222,0.029674399104943152,-0.00483862752098593,0.004108973533106564,0.028555421776388812
google_robot_pick_coke_can__seed099__step040,pick_coke_can,99,validation,4,0.0316223540112001,0.060473092680392665,0.03833809495324097,0.022134997727151697,1.5773630054948904,0.021682466257330696,0.04900924673474304,0.03728544450449991,0.011723802230243129,0.010411195496908568,0.06677270258114731
google_robot_pick_coke_can__seed099__step040,pick_coke_can,99,validation,5,0.03514073797546668,0.024331182429547706,0.03520540548000685,-0.010874223050459143,0.6911206417822793,0.04979794396736549,0.033881046200910286,0.031825208221908395,-0.015916897766455204,0.0050426747159960615,0.0835109445101807
google_robot_pick_coke_can__seed099__step040,pick_coke_can,99,validation,6,0.03375910095522096,0.06969330810246913,0.04365061296936199,0.026042695133107134,1.5966169398671741,0.04674968475986468,0.07033522710313748,0.03131033133341956,0.023585542343272807,0.002457152789834327,0.10892580998051926
google_robot_pick_coke_can__seed099__step040,pick_coke_can,99,validation,7,0.05059259229863594,0.14442213138204532,0.04809004946013901,0.09382953908340938,2.854610226919311,0.08723190099447871,0.03765341339217514,0.046834733247903826,-0.049578487602303566,0.14340802668571295,0.07631237671489544
google_robot_pick_coke_can__seed099__step040,pick_coke_can,99,validation,8,0.052856308465662194,0.1321166601689134,0.049026425353257644,0.07926035170325121,2.499543838835099,0.05237226122856715,0.04628183140502993,0.05229928487161043,-0.006090429823537219,0.08535078152678843,0.1494271709932491
google_robot_pick_coke_can__seed099__step040,pick_coke_can,99,validation,9,0.055816968086872046,0.07033632600945851,0.07715920604733621,-0.006822880037877704,0.911573998912172,0.06739898142027044,0.049684244943938305,0.04681953632183205,-0.017714736476332135,0.01089185643845443,0.15083353456338955
google_robot_pick_coke_can__seed099__step040,pick_coke_can,99,validation,10,0.06069214496689282,0.10849997585568306,0.04800085452884111,0.047807830888790245,1.7877103522188764,0.07946347911586144,0.04966603772041049,0.06117681485723503,-0.029797441395450944,0.07760527228424119,0.18021656421433363
google_robot_pick_coke_can__seed099__step040,pick_coke_can,99,validation,11,0.0754486389168356,0.14430464826817807,0.04452075729043318,0.06885600935134246,1.9126209609591505,0.09282849695257173,0.06783315997701,0.0653441295193112,-0.02499533697556172,0.09385134632690419,0.1719127066241981
google_robot_pick_coke_can__seed099__step040,pick_coke_can,99,validation,12,0.048430919752767664,0.10448089829070265,0.05051733245773394,0.053963565832968706,2.068218831192603,0.06515890708711801,0.05879279408706393,0.049940349454491294,-0.006366113000054081,0.06032967883302279,0.21954074688210312
google_robot_pick_coke_can__seed099__step040,pick_coke_can,99,validation,13,0.0456884125151847,0.05785675188508142,0.049188759395483415,0.008667992489598007,1.1762189694581708,0.0485222103251904,0.05922583677815893,0.037723318889989484,0.010703626452968532,-0.002035633963370524,0.1708303393031656
google_robot_pick_coke_can__seed099__step040,pick_coke_can,99,validation,14,0.05282665374918155,0.11454047558581006,0.0540120826126758,0.060528392973134254,2.120645419418232,0.05349607806955528,0.04179466990732938,0.04057525146557715,-0.011701408162225903,0.07222980113536015,0.35442443843203364
google_robot_pick_coke_can__seed099__step040,pick_coke_can,99,validation,15,0.05789555403335436,0.04491480963661928,0.06840074419513742,-0.02348593455851814,0.6566421193968859,0.05718498496172547,0.04606965868447251,0.0383992809798914,-0.011115326277252958,-0.012370608281265183,0.23571617546076595
google_robot_pick_coke_can__seed099__step040,pick_coke_can,99,validation,16,0.0612630831062835,0.08587935988913073,0.04728714769265433,0.02461627678284723,1.4018125685927556,0.0612089842018488,0.054921561762099926,0.04339604883748677,-0.006287422439748877,0.030903699222596108,0.2094291661777561
google_robot_pick_coke_can__seed099__step040,pick_coke_can,99,validation,17,0.05978924290746235,0.1231138093089041,0.05800870598493224,0.06332456640144175,2.0591297584993864,0.06776419548962284,0.05150738927693462,0.06441761565871709,-0.01625680621268822,0.07958137261412998,0.1708657022635407
google_robot_pick_coke_can__seed099__step040,pick_coke_can,99,validation,18,0.07606742397777706,0.058080468251893724,0.06209870903851302,-0.01798695572588334,0.7635393078233044,0.1098561908953887,0.07501740281703186,0.04879271742712581,-0.034838788078356844,0.016851832352473506,0.07217477666040395
google_robot_pick_coke_can__seed099__step040,pick_coke_can,99,validation,19,0.0805946845568873,0.05891414494644166,0.10261846419433086,-0.0437043192478892,0.5741086207924009,0.09432198131781316,0.06895685903034643,0.061958684323292094,-0.025365122287466735,-0.018339196960422466,0.14896509669671332
google_robot_pick_coke_can__seed099__step040,pick_coke_can,99,validation,20,0.0911229702856498,0.11035982782891951,0.10377170276307966,0.006588125065839848,1.063486720275576,0.0566075168419734,0.06455369461999039,0.03651227889291474,0.00794617777801699,-0.0013580527121771421,0.1140128722654623
google_robot_pick_coke_can__seed099__step040,pick_coke_can,99,validation,21,0.08078003978785388,0.15015310491846703,0.09916432247543147,0.05098878244303556,1.5141847508277821,0.12775265613053674,0.03416856666548696,0.03483999846518941,-0.09358408946504979,0.14457287190808535,0.10232857820465568
google_robot_pick_coke_can__seed099__step040,pick_coke_can,99,validation,22,0.07090145318490253,0.08656913863688753,0.0608566176585889,0.015667685451985006,1.2209783403328216,0.09713740974480196,0.03387876513448253,0.03978917809075189,-0.06325864461031944,0.07892633006230444,0.12390058231014223
google_robot_pick_coke_can__seed099__step040,pick_coke_can,99,validation,23,0.0731933945067205,0.04956615666202661,0.08788162986724841,-0.03831547320522181,0.5640104392340002,0.123121303436459,0.04556899579307695,0.1757934501268177,-0.13022445433374075,0.09190898112851895,0.08588413105474046
google_robot_pick_coke_can__seed099__step040,pick_coke_can,99,validation,24,0.08825186002278512,0.08111966406359739,0.06137762307859874,-0.007132195959187737,0.9191836188229197,0.08688583567968301,0.0447560051972973,0.04016462350590312,-0.042129830482385715,0.03499763452319798,0.11228279947357578
google_robot_pick_coke_can__seed099__step040,pick_coke_can,99,validation,25,0.040264784948076,0.04581693853027899,0.044004017081456466,0.0018129214488225229,1.0411989988429147,0.10248684561609914,0.0449929305936383,0.07399457308728566,-0.05749391502246084,0.05930683647128336,0.12654667111361562
google_robot_pick_coke_can__seed099__step040,pick_coke_can,99,validation,26,0.05857885230131215,0.05785455323631724,0.05641886567328073,-0.0007242990649949099,0.9876354855627876,0.07362971187732276,0.04665777308700506,0.044116937533548166,-0.026971938790317694,0.026247639725322784,0.15104956171127526
google_robot_pick_coke_can__seed099__step040,pick_coke_can,99,validation,27,0.030586870272921278,0.053794983665962505,0.03975817564290032,0.014036808023062182,1.3530546308044382,0.08628235902080854,0.07844046559221546,0.043631630528864124,-0.00784189342859308,0.021878701451655262,0.09768378618657891
google_robot_pick_coke_can__seed099__step040,pick_coke_can,99,validation,28,0.039691420814010836,0.03844639739038613,0.04046338927844434,-0.002016991888058206,0.9501526707469189,0.08184195463784566,0.052178532199205215,0.0613574200202703,-0.029663422438640445,0.02764643055058224,0.11396115323947242
google_robot_pick_coke_can__seed099__step040,pick_coke_can,99,validation,29,0.047475581573471114,0.033593876786715327,0.042734182336676425,-0.013881704786755787,0.7076032704249642,0.10322846267108178,0.0475482533937855,0.046241397420845376,-0.05568020927729628,0.04179850449054049,0.14752937324777804
google_robot_pick_coke_can__seed099__step040,pick_coke_can,99,validation,30,0.049626095730478804,0.04500655686970555,0.036565346212132234,-0.004619538860773258,0.9069131110804657,0.061815874204341925,0.04958717357038432,0.030847333830430933,-0.012228700633957604,0.007609161773184346,0.1384514148511755
google_robot_pick_coke_can__seed099__step040,pick_coke_can,99,validation,31,0.029668544060370432,0.04396621620298725,0.04878331395060204,-0.004817097747614796,0.9012552170503917,0.06419765473048576,0.03379592188105755,0.07134452816876605,-0.037548606287708494,0.0327315085400937,0.2459170058041309
google_robot_pick_coke_can__seed099__step071,pick_coke_can,99,validation,0,0.0037891778823136626,0.0026738454411926907,0.0027003977265701268,-0.001115332441120972,0.7056531850017153,0.004624898622518985,0.0031134688914671,0.0032000263462144724,-0.0015114297310518847,0.0003960972899309128,0.8159784376621246
google_robot_pick_coke_can__seed099__step071,pick_coke_can,99,validation,1,0.011557695112254305,0.003606416483867031,0.008038767467035099,-0.007951278628387274,0.3120359594918927,0.014468002784641543,0.004892041829738861,0.008159096574506365,-0.009575960954902683,0.001624682326515409,0.437668650993146
google_robot_pick_coke_can__seed099__step071,pick_coke_can,99,validation,2,0.02958025261820773,0.019178855666950656,0.03651414628179292,-0.017335290614842264,0.5252445317751774,0.02891853505256845,0.01825154416282988,0.03154083479013723,-0.01328929062730735,-0.004045999987534913,0.031583726352778285
google_robot_pick_coke_can__seed099__step071,pick_coke_can,99,validation,3,0.03476214751770872,0.03765930219284795,0.03521077401333914,0.002448528179508809,1.0695391750996788,0.032924275772820866,0.036127180106279196,0.037281777058605414,-0.0011545969523262187,0.0036031251318350277,0.026411848206805644
google_robot_pick_coke_can__seed099__step071,pick_coke_can,99,validation,4,0.030137761284628153,0.05758870290631676,0.0353682462329614,0.022220456673355364,1.628260064889704,0.03482323215338295,0.06062876789256007,0.024965639610186916,0.02580553573917712,-0.0035850790658217557,0.06699387567005033
google_robot_pick_coke_can__seed099__step071,pick_coke_can,99,validation,5,0.03581268381700879,0.02716297345544739,0.038048350134231926,-0.010885376678784534,0.7139067360245139,0.039974631781131795,0.026177945628709873,0.0287617085774591,-0.013796686152421921,0.002911309473637387,0.07344754209793791
google_robot_pick_coke_can__seed099__step071,pick_coke_can,99,validation,6,0.03144921150676234,0.06900535510162277,0.03992320067915027,0.0290821544224725,1.728452476949338,0.05024129363826378,0.07898190369494881,0.03647538144570963,0.02874061005668503,0.00034154436578746894,0.08805630162123634
google_robot_pick_coke_can__seed099__step071,pick_coke_can,99,validation,7,0.06257110394952375,0.11792782341261401,0.056255734836482565,0.05535671946309026,1.8847010196231577,0.05923289645535405,0.08807592505925653,0.044535624487350024,0.028843028603902476,0.026513690859187783,0.08124960442125939
google_robot_pick_coke_can__seed099__step071,pick_coke_can,99,validation,8,0.048316762596213376,0.12191448003191943,0.051662604047909025,0.0702518759840104,2.3598206532303854,0.06867654270282066,0.08907921474887029,0.051262577644629354,0.020402672046049633,0.04984920393796077,0.15568212588436836
google_robot_pick_coke_can__seed099__step071,pick_coke_can,99,validation,9,0.06367073958567478,0.07289958173870781,0.07835482792416311,-0.005455246185455301,0.9303776636363079,0.05719124751585702,0.05526150349420666,0.054500195411099316,-0.0019297440216503592,-0.0035255021638049416,0.14605968248838508
google_robot_pick_coke_can__seed099__step071,pick_coke_can,99,validation,10,0.05597987948384043,0.09281062648368633,0.0462364342492597,0.036830746999845905,1.6579283010153272,0.050658427183211736,0.06326076886829261,0.04286293245559112,0.012602341685080877,0.024228405314765028,0.15815547359579796
google_robot_pick_coke_can__seed099__step071,pick_coke_can,99,validation,11,0.07002267737042336,0.13903129252045596,0.03731368904490726,0.06900861515003259,1.985518088446885,0.09309649556381748,0.10605593524468987,0.0578926570788669,0.01295943968087239,0.0560491754691602,0.18820228466256594
google_robot_pick_coke_can__seed099__step071,pick_coke_can,99,validation,12,0.04856428656418623,0.0908487480084933,0.040227412091376986,0.042284461444307066,1.8706904689811663,0.09393189411799005,0.07731479042442622,0.03849125131119366,-0.016617103693563826,0.05890156513787089,0.22185308961434203
google_robot_pick_coke_can__seed099__step071,pick_coke_can,99,validation,13,0.05374750541257162,0.06316824757897324,0.04609358090817073,0.009420742166401624,1.1752777565039902,0.049756345772041737,0.07483787000920698,0.035040642982259264,0.025081524237165247,-0.015660782070763622,0.16326504190965352
google_robot_pick_coke_can__seed099__step071,pick_coke_can,99,validation,14,0.059059877333952626,0.11693672691561928,0.05038258385710552,0.05787684958166665,1.9799690110157768,0.09768665098878533,0.09018366166421637,0.04853821257457984,-0.007502989324568957,0.06537983890623561,0.34785336794811883
google_robot_pick_coke_can__seed099__step071,pick_coke_can,99,validation,15,0.04851107394281977,0.05332582762614409,0.06954500324852876,-0.016219175622384674,0.7667815822162926,0.06567593799114864,0.06913718620382601,0.0483335629310657,0.003461248212677376,-0.01968042383506205,0.22612948300252356
google_robot_pick_coke_can__seed099__step071,pick_coke_can,99,validation,16,0.05104872757674215,0.0841622318615556,0.04095665023082692,0.033113504284813446,1.6486646358625399,0.09063417423788983,0.08292917440087771,0.05023391772788523,-0.0077049998370121164,0.04081850412182556,0.20530837500280086
google_robot_pick_coke_can__seed099__step071,pick_coke_can,99,validation,17,0.06112868111055346,0.11907730470027059,0.05937665350207579,0.05794862358971713,1.9479776520110899,0.12033290818755231,0.05697099096703095,0.06307861137889023,-0.06336191722052137,0.1213105408102385,0.18135315002564312
google_robot_pick_coke_can__seed099__step071,pick_coke_can,99,validation,18,0.08062898509167121,0.05541777864544777,0.05253015576603039,-0.02521120644622344,0.6873183208549688,0.09615818762420171,0.04095036216097631,0.05134909912174933,-0.0552078254632254,0.029996619017001958,0.07227870621835564
google_robot_pick_coke_can__seed099__step071,pick_coke_can,99,validation,19,0.06627961462006925,0.06800370736123665,0.12992670561324993,-0.06192299825201328,0.5234005360196067,0.10988033403483151,0.06163497092680413,0.054948514223024866,-0.04824536310802738,-0.0136776351439859,0.15272595305486902
google_robot_pick_coke_can__seed099__step071,pick_coke_can,99,validation,20,0.10467347067519617,0.11102763849245077,0.11602023468318605,-0.004992596190735277,0.9569678840560144,0.13178670632091535,0.05077566864773635,0.06861379509127817,-0.081011037673179,0.07601844148244373,0.10523304777696296
google_robot_pick_coke_can__seed099__step071,pick_coke_can,99,validation,21,0.05622962689337439,0.14616380449395044,0.10726849795104267,0.03889530654290778,1.3625976618098967,0.09262746265276822,0.04319549123568282,0.08430231525264718,-0.0494319714170854,0.08832727795999318,0.104528762787794
google_robot_pick_coke_can__seed099__step071,pick_coke_can,99,validation,22,0.0759438047058077,0.08215435517979947,0.0786149687413044,0.003539386438495065,1.0450217877735473,0.06958966026408027,0.06550236911639987,0.07068248753419562,-0.005180118417795754,0.008719504856290819,0.12414911908601312
google_robot_pick_coke_can__seed099__step071,pick_coke_can,99,validation,23,0.06411124958482954,0.0644918179619168,0.07040999454734286,-0.005918176585426052,0.9159469245314777,0.12160388486444791,0.042276791601435305,0.16579303682697819,-0.12351624522554289,0.11759806864011683,0.08332607957601113
google_robot_pick_coke_can__seed099__step071,pick_coke_can,99,validation,24,0.09218736879708318,0.08353497781576508,0.08077343694701265,-0.008652390981318106,0.9061434218785094,0.12132513604631616,0.04274860699388775,0.0715045210368046,-0.0785765290524284,0.0699241380711103,0.10911651178414417
google_robot_pick_coke_can__seed099__step071,pick_coke_can,99,validation,25,0.0419547411198312,0.040287364508812186,0.04798858939019841,-0.0077012248813862275,0.8395196654194801,0.08850691776321028,0.05175354022644897,0.054425247014101306,-0.036753377536761306,0.02905215265537508,0.13212826473986183
google_robot_pick_coke_can__seed099__step071,pick_coke_can,99,validation,26,0.056858243969458,0.05150158108006484,0.06868511540791596,-0.017183534327851115,0.7498215701349653,0.13635926405336865,0.0472972803604449,0.06739408919465757,-0.08906198369292376,0.07187844936507265,0.15512814149738574
google_robot_pick_coke_can__seed099__step071,pick_coke_can,99,validation,27,0.034976580331509625,0.06436683770641442,0.0333601401214748,0.029390257374904798,1.8402839012945975,0.054606596741185745,0.061901646827847025,0.04352207755338171,0.00729505008666128,0.022095207288243518,0.10181616409373362
google_robot_pick_coke_can__seed099__step071,pick_coke_can,99,validation,28,0.05886088998797748,0.04259573312531857,0.03915376927189966,-0.016265156862658905,0.7236678401230237,0.054711849650114136,0.03964273693344888,0.05490134552300536,-0.01525860858955648,-0.0010065482731024256,0.10343873288201166
google_robot_pick_coke_can__seed099__step071,pick_coke_can,99,validation,29,0.042349054999257764,0.03172669844478217,0.032656725423836366,-0.010622356554475597,0.7491713438549745,0.07851231372803782,0.0312995544079463,0.04020175025066795,-0.04721275932009152,0.036590402765615926,0.13926072545086754
google_robot_pick_coke_can__seed099__step071,pick_coke_can,99,validation,30,0.05400996011529936,0.04664126656236012,0.03603081459515451,-0.0073686935529392456,0.8635678764211506,0.047677795067519464,0.050565492768644256,0.026471528759425208,0.0028876977011247917,-0.010256391254064037,0.13952131144486657
google_robot_pick_coke_can__seed099__step071,pick_coke_can,99,validation,31,0.05257652256129918,0.04625986987117207,0.04878954541692314,-0.006316652690127114,0.8798579217033135,0.0619762559744347,0.04020731869232234,0.055027745034488554,-0.021768937282112363,0.01545228459198525,0.23164852079480625
