task,seed,vanilla_success,semantic_recon_k8_m10_success,shr_harmonic_success,adaptive_shr_success,adapt_trigger,final_lambda,shift_ratio,control_steps,triggered_control_steps,canonical_snapshot_sha256
google_robot_pick_coke_can,0,False,True,False,True,True,0.25,0.6666666666666666,80,23,140cd7dd294ea6cc6ea0d08f041e7f463647492109ff351204cec6d7bb677d8f
google_robot_pick_coke_can,1,False,False,False,False,True,0.25,0.6666666666666666,80,17,19d68c0a628f559cd20ebb488c56e587c425044e2a4ee2002a8498a91f40e8e8
google_robot_pick_coke_can,2,False,False,False,False,True,0.25,0.8333333333333334,80,25,d19f700cddc8d3dc37a506f954d682d09613b4211b0f00d6964a946752247ff2
google_robot_pick_coke_can,3,True,True,True,False,True,0.25,0.5,80,5,93e2a272e918301bc9485bbbd0d61734bf3c8870886452ea776a6a2e1da8ce73
google_robot_pick_coke_can,4,False,False,False,False,True,0.25,0.8333333333333334,80,12,94da2bbbdc342bcd45e1daa492b98db7cb9cee45a7bbb59c220b3aabeb64a4d4
google_robot_pick_coke_can,5,True,True,True,True,True,0.25,0.5,80,7,830040a73b26c5df11d9d05265e531d4ca788dbb87b6336cfe53d7e9c07f4bf5
google_robot_pick_coke_can,6,False,False,False,False,False,0.5,0.16666666666666666,80,0,40956a642ab3f361ca44a0e53e037b45f15ee3d5ace71f293248d8b1ec0e6b97
google_robot_pick_coke_can,7,False,False,True,False,True,0.25,0.6666666666666666,80,16,b2519a659a882c764b583db00f7dfee6f8d8e34a0ed03306c22655c8db2cc473
google_robot_pick_coke_can,8,False,False,False,False,True,0.25,0.5,80,10,4a9ae0bd725dc5776a63668e998120f5b136f6d51ae5d7ebbf9300af511bc842
google_robot_pick_coke_can,9,True,True,True,False,True,0.25,0.5,80,6,0409fc90ac7de4d3e41d7df81bc05428e488f003ff1de83f69135c4050518694
google_robot_pick_coke_can,10,False,False,False,False,True,0.25,0.6666666666666666,80,23,de8403c3a433fd4d24927adf9256b44729336608066edffa1b4e0427d0a1c0fe
google_robot_pick_coke_can,11,False,False,False,False,True,0.25,0.6666666666666666,80,6,6af81367c53a804a1a6d4173637cef9db94f8b0fd44f7e5ea562dbc4b705c353
google_robot_pick_coke_can,12,True,False,False,False,True,0.25,0.3333333333333333,80,1,a03bc70a303d4fd25abda3fd6a1629a64eaca725921e3a6348a54f1fccef2166
google_robot_pick_coke_can,13,False,False,True,False,True,0.25,0.6666666666666666,80,9,caf024bb09c68cd8b3181aa63fdc2c80b0a37bfe8cea9c79e10229b48f284105
google_robot_pick_coke_can,14,False,True,True,True,True,0.25,0.6666666666666666,80,40,377631fcf22b23291e64691b6135ef3267fdbf38f8b90d721e6542aa7ffa26ac
google_robot_pick_coke_can,15,False,False,True,False,True,0.25,0.8333333333333334,80,32,4a7eebd6052a12007580ae5978c0db45ff933c66c94c80f1c65d22c00705251a
google_robot_pick_coke_can,16,False,False,True,True,True,0.25,0.6666666666666666,80,23,6a6e8dd3a27665ee54ebd289d4682d61ccb4961492c146500dcb4f1c663d9048
google_robot_pick_coke_can,17,False,False,False,False,True,0.25,0.6666666666666666,80,10,006a34dde8061ef3e40dc0cbaff78a4def7f7f6001f7f3d7520e1fb6390e56dd
google_robot_pick_coke_can,18,False,False,True,True,True,0.25,0.8333333333333334,80,8,8fb12fdfd1e457a950828efadd1717a780f5eb989f392d3e490406706712ffd1
google_robot_pick_coke_can,19,False,False,False,False,True,0.25,0.6666666666666666,80,15,d37f192fdd6b9d01d8d3dec2e711c2b12aa613dc7839cffee4a2aea4dada3acb
google_robot_pick_coke_can,20,False,False,False,False,True,0.25,0.8333333333333334,80,8,c7639dc3ee7a7814f054c7dcf07b0a797dcd192d2ca43dc40b1df796c6e421f2
google_robot_pick_coke_can,21,False,False,False,False,True,0.25,0.6666666666666666,80,2,20203e1e7d8e2a80d8ec6416e33c642d1c1fc7232b1ebc4744670738fab2245a
google_robot_pick_coke_can,22,False,False,False,False,True,0.25,0.6666666666666666,80,10,70fade4d441fb6924fe300f45c4e78ef572951ae113225f2f96ed0be43ba1ce0
google_robot_pick_coke_can,23,False,True,True,True,True,0.25,0.6666666666666666,80,9,7be851b2b29bf482ede7e9666f0741ebf2aea22f03eec12eadc13c564183b287
google_robot_pick_coke_can,24,False,True,True,False,True,0.25,0.6666666666666666,80,4,14d65480431e7fbf96a86014984a24e3a95f1529328b65de6d9763205cd7a794
google_robot_pick_coke_can,25,True,True,True,False,True,0.25,0.6666666666666666,80,23,dc3a5cce6ed730ffe9e5abb3c9f9ca234af00edcbd5c5be3bcd21fbc7e83ca32
google_robot_pick_coke_can,26,False,False,False,True,True,0.25,0.6666666666666666,80,10,89b0e2ed881da6446bf373bc2aa807f9d2b0efd2062ac01e54ee00d0bcebb5e0
google_robot_pick_coke_can,27,True,True,True,True,True,0.25,0.8333333333333334,80,14,64481ca788ba9cc73ca6706a441be1d8daad7e05dd8e9bb946aa53f9e0686aa7
google_robot_pick_coke_can,28,False,False,False,False,True,0.25,0.6666666666666666,80,11,e8ed9ae1da38ca00cf916b1219770890720801bc1454d43cc58b6847c433335d
google_robot_pick_coke_can,29,False,False,False,False,True,0.25,0.5,80,11,46b0a52143ceda0cf19eb72e9051f32756857773e3ea4c1dc9eae5d3b806e3ad
google_robot_pick_coke_can,30,False,False,True,False,True,0.25,0.8333333333333334,80,14,3b1015f5fdab039674854edda7772c37da0c6b19c840a9049e19297cd739a219
google_robot_pick_coke_can,31,False,False,False,False,True,0.25,0.5,80,3,49fa64e48999494cb4a9fc44ef1edfdf639ca41359afccfe829bc881a9153218
google_robot_pick_coke_can,32,False,False,False,False,True,0.25,1.0,80,13,149aa0cdd272d2dae7aaf8d2d90e876c3cccb30a2b132904907325514118d864
google_robot_pick_coke_can,33,True,True,True,True,True,0.25,0.6666666666666666,80,29,230689f21b4c2beff230a710d45eb5cf68c94bf5d2b180ce1eccd7c3fd56bf30
google_robot_pick_coke_can,34,False,False,False,False,True,0.25,0.5,80,9,04af7ff1ce133270eb1c5c3ff3a21e7d1009817c1719b1b21541d7a8ce163c16
google_robot_pick_coke_can,35,False,False,False,True,True,0.25,0.6666666666666666,80,19,4d868a7d1058222b84657b35a86a3939cf49aefd9f70d79a3efd7d0da4b6da3c
google_robot_pick_coke_can,36,False,False,False,False,True,0.25,0.8333333333333334,80,30,e33a958d67bc0a805d25c0842a5bff5303e97ba3449e5596d9f974b324490417
google_robot_pick_coke_can,37,False,False,False,False,True,0.25,0.5,80,13,ad2e1d8051cc5f02287f92fa7b9ca22cd1c9aab700e4642ef034923fbc705392
google_robot_pick_coke_can,38,False,False,False,False,True,0.25,0.6666666666666666,80,14,9681d5774c74874ea3974b63c63591aac94e9aa9f0e366f1cf22e97373ab7ade
google_robot_pick_coke_can,39,False,False,True,False,True,0.25,0.8333333333333334,80,27,9b59026ff76acc18604591aa2b60aa3b1aae19c1c570cb0086fb31c4d5b14ac5
google_robot_pick_coke_can,40,False,True,True,True,True,0.25,0.6666666666666666,80,15,13bf84184909d0c32cc551acf1b7623597ddfcdb480f161f608fb91228318488
google_robot_pick_coke_can,41,True,False,False,False,True,0.25,0.8333333333333334,80,38,8dd02408d00613963b1d2251d095ba4ef831e9ff5785fc852a79a7a39399d29b
google_robot_pick_coke_can,42,False,True,False,False,True,0.25,0.5,80,3,6f3b5c46a9935ece49558a015eb80de787b1ba40f7c659fbc5fdf0d1507252cf
google_robot_pick_coke_can,43,False,True,True,False,True,0.25,0.8333333333333334,80,15,df4b98879240f067d97247f43df501755afad0c25f29beaae3ba2d8c2fd4b814
google_robot_pick_coke_can,44,False,False,False,False,True,0.25,0.5,80,5,59e412d356fec3b84875e6302be6c585c36f007245de3135e8f4dd591ac6eb77
google_robot_pick_coke_can,45,False,False,True,True,True,0.25,0.8333333333333334,80,10,ba9b991ab16bd1bd0727277b4a9959e75757846d026747e99bad52f0ecf746bc
google_robot_pick_coke_can,46,True,True,False,True,True,0.25,0.6666666666666666,80,6,1665cbdc0c05daee7039b1aa76b7dfd48bf979faeb9a18ab0ab7d7a8121afa54
google_robot_pick_coke_can,47,False,False,True,False,True,0.25,0.6666666666666666,80,16,50ed994d1d1372dc102eaa8077c63f7b7af211e95c7ec5687e8e781f639fc46c
google_robot_pick_coke_can,48,True,False,True,False,True,0.25,0.6666666666666666,80,13,409e93ca31817d5e44ae61f02cb92afaa107d9ee642e25d364902dae88072611
google_robot_pick_coke_can,49,True,True,True,True,True,0.25,0.6666666666666666,80,13,8be6b5972b207e0392ee5f83f53220627b92aa17099b326ecf021d9790467a43
google_robot_pick_coke_can,50,False,False,True,False,True,0.25,0.8333333333333334,80,52,58159cd9aa7eb66d8a4e1dee9a4b40c333d14ba3caee81921a34964c3cd89c21
google_robot_pick_coke_can,51,False,False,False,False,False,0.5,0.16666666666666666,80,0,586925ff817ecd160a667fa51150036faf42d76e1cf0d617a51046cd2cbbcaf5
google_robot_pick_coke_can,52,False,False,True,False,True,0.25,1.0,80,38,fa30266f9acd90f4b5f8a6a11b4cce300d82fd0f6bdb881f020226be6ebb74bf
google_robot_pick_coke_can,53,False,False,True,False,True,0.25,0.5,80,13,e94baf90e2715db41deec9febb585715f95e21091ea8360d19f7cc8516bd5a6a
google_robot_pick_coke_can,54,True,False,False,False,True,0.25,0.6666666666666666,80,7,e7241b304639edfe621511db793d8ab278f916d5792b8e627de01e0433c851a7
google_robot_pick_coke_can,55,False,False,False,False,True,0.25,0.6666666666666666,80,2,7cb7543755375f345d6ba799709f6c531b716855f1d0d460e5108e73f64b5edf
google_robot_pick_coke_can,56,False,False,False,False,True,0.25,0.8333333333333334,80,15,dafb43a355586fd27d4bd6011b061a227baa5191dff839cde0bb5a024e3bdc62
google_robot_pick_coke_can,57,False,False,False,False,True,0.25,0.5,80,2,3855ac5854e81ce9dc07986ebb29af9729d2af569f07da2c85af7eeb35c2a08e
google_robot_pick_coke_can,58,True,True,False,False,True,0.25,0.6666666666666666,80,23,faf7d14a2dccaa6dd90ed28aa14acf4c6d89859d4e512971e2e6c6da23806b7c
google_robot_pick_coke_can,59,False,False,True,False,True,0.25,0.6666666666666666,80,27,966d6b9dfaa7398625326f0990d2f332c07db330ee09e8574b68a83af195e613
google_robot_pick_coke_can,60,False,True,False,True,True,0.25,0.6666666666666666,80,20,bb036229ad62af516bb5a82d65c373da0f68d150c010ba3b07a68ec737a55173
google_robot_pick_coke_can,61,False,False,True,False,True,0.25,0.6666666666666666,80,15,95511abdb86e46787fe5bd467ea97c34bc99611d838fd8559db697014c6b3bed
google_robot_pick_coke_can,62,False,True,True,True,True,0.25,0.5,80,6,ff6fbb851d43b92f8dc6b5d694a849c11e8aaf7f1a96dad29a7f41a2aa3accfd
google_robot_pick_coke_can,63,False,True,False,False,True,0.25,0.8333333333333334,80,42,cd350cf56eabc7f8fc827a3237d2a8e711ccf8c87f68fe83c60b6d5c33a365a7
google_robot_pick_coke_can,64,False,False,False,True,True,0.25,0.8333333333333334,80,20,43679cf2834111e77e18056226408f0616b8202d14a8d8838d77dedbde4e2655
google_robot_pick_coke_can,65,False,False,False,True,True,0.25,0.6666666666666666,80,20,208c3f810e5d1bbddd1db9801180111c798b3bb7d236cc1a4f6f97ec44284812
google_robot_pick_coke_can,66,False,True,False,False,True,0.25,0.6666666666666666,80,24,61e9bd0f343823780dacb951aadb1c7b4320057e02f78cfa9bfc0e4a1f066b82
google_robot_pick_coke_can,67,False,False,False,False,True,0.25,0.6666666666666666,80,8,7f5561c2f19f47115e6176e31a2a7392e3310602ea89c4221a6ce55284464d9a
google_robot_pick_coke_can,68,False,True,False,True,True,0.25,0.6666666666666666,80,22,fc25047d5fd1d4f5aeebe92e07d8a1bed7569a50465b30afe95eef24aa58a089
google_robot_pick_coke_can,69,True,True,True,False,True,0.25,0.6666666666666666,80,6,2098d74bba9e3775325b1729e3bddd0980b378811f8ca3b9fbc3e1bc148249d2
google_robot_pick_coke_can,70,False,False,False,False,True,0.25,0.3333333333333333,80,2,1dd1e4e9e10bf0a966b773f7f3698b124698b8274a85734481115d69db6c9f88
google_robot_pick_coke_can,71,False,False,False,False,True,0.25,0.5,80,9,4c8a03f47255f0f2b8ada9aa28bfc92fcc5cbd9751972f88c2b27bcced5b0729
google_robot_pick_coke_can,72,False,True,True,True,True,0.25,0.8333333333333334,80,43,1c38fd3c752de73b4b6fdf73ddce164d0a6080cda1661d337d1afd73f0c3566f
google_robot_pick_coke_can,73,True,False,False,False,True,0.25,0.5,80,4,51ee4d43292a5bae39998a28f02a7efa8fe889350a27d3ec6c6465f0bdf4f129
google_robot_pick_coke_can,74,False,False,True,True,True,0.25,0.6666666666666666,80,17,584a8d9f757fa258a5dcb4c03f1ec1c6a063d427f561e8037f8347dbc3f969d1
google_robot_pick_coke_can,75,False,True,False,False,True,0.25,0.8333333333333334,80,41,d3ed9953e92a0b8dbed172b88e00385bc65eaf031198260737946235117f087a
google_robot_pick_coke_can,76,False,False,False,True,True,0.25,0.6666666666666666,80,25,8d7d93a509ef8aacf481ab8527ad247b33e2b92c3a04d64695384bef422616f6
google_robot_pick_coke_can,77,False,False,False,False,True,0.25,0.6666666666666666,80,8,da7ba027201acbfee45eb59a6595539ca4e70f315bf2709d0e5629a7ecc186f9
google_robot_pick_coke_can,78,False,False,False,False,True,0.25,0.6666666666666666,80,13,5b2856391f6c63513fc006a82b2ef855fdcfd90ed05a89842435bd820d962875
google_robot_pick_coke_can,79,True,False,False,False,True,0.25,0.6666666666666666,80,12,d99fba11af57afffa2f0cf63f899384da053d69d35d4561771fab5cca434c102
google_robot_pick_coke_can,80,True,True,False,True,True,0.25,0.8333333333333334,80,23,0625c148956e9c89e8c58e5776498ded41db6304a5cb37761758f7a38f47bbbe
google_robot_pick_coke_can,81,False,False,False,False,True,0.25,0.6666666666666666,80,28,a185d9d8b006eb5a7b8c8989e83a3f1b4800b27bafe40f66086c5aac12b3961e
google_robot_pick_coke_can,82,True,True,True,False,True,0.25,0.8333333333333334,80,12,7b453a03146b15b03cb7753f211541611ebd970dea8ba1143db8ff77147ddf3a
google_robot_pick_coke_can,83,False,False,True,True,True,0.25,0.5,80,5,518420caefd892e4857dcba75ec6b02a7c4ae61afc080344d40d0d4bef322f3d
google_robot_pick_coke_can,84,False,False,False,False,True,0.25,0.3333333333333333,80,2,55ee9e1530a6cb961116ed64876c61d1f9e3c507d67a35718e27d712335478b4
google_robot_pick_coke_can,85,True,True,True,True,True,0.25,0.6666666666666666,80,19,2d6cec45057fcff4732d0f950e8abe32dd2ac224ce93a4e22d535c9ad2cc1ab5
google_robot_pick_coke_can,86,False,True,True,False,True,0.25,0.8333333333333334,80,29,8f4ea4dbdcb775c5ab29dbef79fa623aad09b8fceec8b96f407cd247797fb590
google_robot_pick_coke_can,87,False,False,False,False,True,0.25,0.3333333333333333,80,2,26524cc060c0bcd0b7d7b77de1092144285ca6bf18f99777de909485f8c9c867
google_robot_pick_coke_can,88,False,False,True,True,True,0.25,0.6666666666666666,80,14,4d79c5daec28e59a62676467e4727b8cff9106bc7998f0faeb01fa7ef8b843dd
google_robot_pick_coke_can,89,False,True,True,True,True,0.25,0.6666666666666666,80,12,1c496eba9be7f738196e7e9dcf286ac1faad1cae4d777860e9ec81049c7f9de2
google_robot_pick_coke_can,90,False,True,False,True,True,0.25,0.6666666666666666,80,22,358090ea349e8be8fc535327aca299338de415cfea2b18abf975fb05d642d03e
google_robot_pick_coke_can,91,True,True,True,True,True,0.25,0.6666666666666666,80,14,5941b70a1e365150b7988c8669a681078c5d01559670fe0e41ec745a25498d1f
google_robot_pick_coke_can,92,False,False,False,False,True,0.25,0.6666666666666666,80,18,7b4f305a18b83259a497a49423ae4002201d761b8a92a18de4c1a331e07e3e2a
google_robot_pick_coke_can,93,False,False,False,True,True,0.25,0.8333333333333334,80,9,9b327e852cceb1c8c6754c2f48c01c3b25ae1184a85c674ed6292bcb8586a8c8
google_robot_pick_coke_can,94,True,False,True,True,True,0.25,0.6666666666666666,80,6,ec1fc3087d8bc197ce91f299d43e0b98d17d9a2375af2efdaa08d1faa6bcd0a8
google_robot_pick_coke_can,95,True,True,False,False,True,0.25,0.5,80,8,93890aa4e007d63199337a52fa0958d73aea9f2971b3fe32b765170493dafbb7
google_robot_pick_coke_can,96,False,True,True,False,True,0.25,0.8333333333333334,80,23,0627d0588c961ab9156f749177c7275290e66299ed98309e82370ba16101f2e6
google_robot_pick_coke_can,97,False,False,True,False,True,0.25,0.3333333333333333,80,1,3b12509c089f3336afb7c5d63c32a116cd3d8bd69299c64457d8482c06c16c04
google_robot_pick_coke_can,98,False,True,False,False,True,0.25,0.6666666666666666,80,2,e66704285a2d5ab0f206d90754c3e85d3b3a896b8a497245d9ef3d34d4a96a2d
google_robot_pick_coke_can,99,True,False,False,False,True,0.25,0.5,80,4,919d58978e67531e687ffc4129d225af6ecd32229da796bfafa1650f54d99c29
google_robot_pick_coke_can,100,False,False,False,True,True,0.25,0.8333333333333334,80,34,242fbb32dbf266bede17afb63562bbb221663a43de7a8e35c0a31d53d3e1f99b
google_robot_pick_coke_can,101,False,True,False,False,True,0.25,0.8333333333333334,80,31,ebd2c67b5db222ca51dbddd97da83f81520df836278c027633785badafbc51c8
google_robot_pick_coke_can,102,True,False,False,True,True,0.25,0.8333333333333334,80,25,fa017b86d977dd26f173c4604e021dc13007131c85964c9ba0d2b2fa98fcc78a
google_robot_pick_coke_can,103,False,False,False,False,True,0.25,0.6666666666666666,80,10,95546a6aed9307a5b139331fa4495bd1e8c62fe730b1b2ceca0971ecfe821928
google_robot_pick_coke_can,104,False,False,False,False,True,0.25,0.6666666666666666,80,21,017c5592b45c9d1e1f0ffc9bc4763e9a5b283fdbf97b8fbad153ab0579288836
google_robot_pick_coke_can,105,False,True,False,True,True,0.25,0.8333333333333334,80,46,83ea53273a004a3f3cc1d6ec87487d20c517cb05710223678dc6194ee46cf3ce
google_robot_pick_coke_can,106,False,False,False,False,True,0.25,0.6666666666666666,80,11,96c18634e5a24a1077f4cb07d8ad1bd0a77a4ed1378f6d1150ce4dc07104fac9
google_robot_pick_coke_can,107,True,True,True,True,True,0.25,0.8333333333333334,80,12,ac9d1fe73ed9cef3f30481f6388bbd5611d13f22f3e0456e39a2108b5fb516a1
google_robot_pick_coke_can,108,False,False,False,False,True,0.25,0.6666666666666666,80,10,04be2e403b46b1e0d8b835154ff10cadd9a31944408c9acefcc13ec4cc16fdb4
google_robot_pick_coke_can,109,True,False,False,True,True,0.25,0.5,80,6,4b867764bc83d0f164e879f41e5a87b1a3eb9bf96291ca67a8a803c288a33242
google_robot_pick_coke_can,110,True,True,True,True,True,0.25,0.6666666666666666,80,19,97585c06c03c08cfb71bbe790308735d85b658780a59447fd19e4d4cdf2889f4
google_robot_pick_coke_can,111,False,True,False,False,True,0.25,0.6666666666666666,80,18,742b4d701c74a5ab52a4dee057377954e79df4cfc626266290c75223ffd2fbef
google_robot_pick_coke_can,112,True,True,True,True,True,0.25,0.8333333333333334,80,26,b9397095a3a2d2b59d44c08fc07baea80628faf70625ebd5217689628aa2354d
google_robot_pick_coke_can,113,False,False,False,False,True,0.25,0.6666666666666666,80,7,3195d7b67b8ac6469e86d54296c6c05eabf6c372209eb6d08841b81996e2331f
google_robot_pick_coke_can,114,True,True,False,True,True,0.25,0.5,80,6,d1f1032d49fac739a7af5265aac5528be94be4b45905260148de59821849e7a3
google_robot_pick_coke_can,115,True,False,True,False,True,0.25,0.5,80,8,ff015e79de4b661df321919feeca07cf5662f6253cddf881f249d057f7ad0f82
google_robot_pick_coke_can,116,False,False,False,False,True,0.25,0.6666666666666666,80,13,053bbe4d366f14a028b1281c941c26645e320178e64b6c892a44fd31a5ff331a
google_robot_pick_coke_can,117,True,True,False,False,True,0.25,0.8333333333333334,80,23,bc3f09c690ff594d59b9635dc6c3b8a6592da0040f6b78bec1ada42d7673d078
google_robot_pick_coke_can,118,False,False,True,False,True,0.25,0.6666666666666666,80,24,1eeb5a1e190b8861a539a299efc76f69b018677f6f76139fe229408627ac031d
google_robot_pick_coke_can,119,False,False,False,False,True,0.25,0.6666666666666666,80,4,81c9a8015fb213aca51b2e6e24369d8c7b6367399f19a5061e7cc20d1ed0c671
google_robot_pick_coke_can,120,False,False,False,False,True,0.25,0.8333333333333334,80,18,722d2df4105551e3cffa1ea053b0fb7d11b3173b86b83b800d301c7f508938cd
google_robot_pick_coke_can,121,True,False,True,True,True,0.25,0.5,80,12,d8a7bfef667e564c9dad79c32b920fa4033c541152d42ed6794bafb3cb457ff5
google_robot_pick_coke_can,122,False,True,True,True,True,0.25,0.8333333333333334,80,9,86e2ced789c55dfc6e0eaecbac20fb8d71a06843a250ca3b5e2136c5927c0982
google_robot_pick_coke_can,123,False,False,False,False,True,0.25,0.5,80,1,a3ebd7b08324e9de063997b566493fefa75a33767b68d97b54398bec3cd97b67
google_robot_pick_coke_can,124,True,True,True,True,True,0.25,0.6666666666666666,80,18,384d365e0a73cd7ef470273e43aea8f438c5db130aca6220b7c2b6f6bee8920d
google_robot_pick_coke_can,125,False,False,False,False,True,0.25,0.5,80,7,eb0b239089ee3585896ebfea3955b5f5d5eac6a56d30da4685f489ade8be71d9
google_robot_pick_coke_can,126,False,True,False,False,True,0.25,0.8333333333333334,80,19,b775e9a9cc47a908c56b24d21363c321a57f6a13bedbeaa7fa16763a6f2a2d25
google_robot_pick_coke_can,127,False,False,False,False,True,0.25,0.8333333333333334,80,16,e88563447fc873897280eb73d7e5a996d11a4a0343a01a496fceebedc241504d
google_robot_pick_coke_can,128,False,False,False,False,False,0.5,0.16666666666666666,80,0,227ca610efcea585cc0a888a025f770efd69ec30fff657b7b79d64c3085897b7
google_robot_pick_coke_can,129,False,False,False,False,True,0.25,0.6666666666666666,80,22,39fe28538b6398377a6546a387d7b528413003d0eb9644726da49fa3bbcf5c2d
google_robot_pick_coke_can,130,False,False,False,False,True,0.25,1.0,80,6,596335e9eaf4caed9c23eff228c6a33c0420d1cf86142bb3a69d718849708ea2
google_robot_pick_coke_can,131,True,False,False,True,True,0.25,0.8333333333333334,80,27,2d3ad7361cb569ec311af48f8e13c9814d9415f742ce136d40a84a22125d2282
google_robot_pick_coke_can,132,False,False,True,True,True,0.25,0.6666666666666666,80,32,3f45b991c3ad13695c5d00b4af339b9317c4300605a266381ab04a2892413eaa
google_robot_pick_coke_can,133,False,True,True,False,True,0.25,0.5,80,8,484c7ea2c8abe940f20166cdba7807e9e4df91be9cba728328330f3b79be20f4
google_robot_pick_coke_can,134,True,False,False,True,True,0.25,0.5,80,14,41d56863bc8121bad268f366c7fbd74eb8616281933343843ea5fb1ae396efa8
google_robot_pick_coke_can,135,False,True,True,False,True,0.25,0.8333333333333334,80,18,fb583c621834ff5834428cb1dda18385f7115f85311b849c24e64062034dc684
google_robot_pick_coke_can,136,False,False,False,False,True,0.25,0.6666666666666666,80,12,acdcb9186d1cf6c14d29168f996a4586df435a10dd386b545bdfd8fe3e319650
google_robot_pick_coke_can,137,False,False,False,False,True,0.25,0.5,80,10,02f1ed9505b0c18eafaf69a9136f8b61767723f3ee4c91a1f00cc3307eb69ed9
google_robot_pick_coke_can,138,True,True,False,False,True,0.25,0.3333333333333333,80,5,aaf8e8c392855dabc95fa7397e5e71ea1dd4ee4749cbd448f24ff94da51a02b2
google_robot_pick_coke_can,139,True,False,False,False,True,0.25,0.5,80,10,d11371122e6ac63923b97d2afa9a8dd90de764c79da5bc4b6f286a40a368f499
google_robot_pick_coke_can,140,False,True,False,False,True,0.25,0.8333333333333334,80,20,943613870e6b52177bd1708355464a4adcdc86a392c639d7e2fd875a01a58718
google_robot_pick_coke_can,141,False,True,False,True,True,0.25,0.5,80,6,738149fb95d23afcc247538ada817aee3d20383d1039d82fde5675ff338222e5
google_robot_pick_coke_can,142,False,False,False,False,True,0.25,0.8333333333333334,80,8,fcd51c61a49235fa6b9e54af632cdd69d0d8815493ac38d914a6cf2723f65a96
google_robot_pick_coke_can,143,False,False,False,False,True,0.25,0.3333333333333333,80,2,eb8f7faaa8af3905a18aa1add1f4b067f08d1dd3cc5492f1f35acfe8c2f69cf5
google_robot_pick_coke_can,144,True,True,False,True,True,0.25,1.0,80,14,84594ae349cec50d01ed1711e433f1192dfa6ba7dfadb857f5f56a140e3694a9
google_robot_pick_coke_can,145,False,False,False,False,True,0.25,0.5,80,15,d5cbd04bd4b77b78328cd1ffb253ac3d497abb88ee2be8fc92066eaf6d13d6c1
google_robot_pick_coke_can,146,True,True,True,True,True,0.25,0.6666666666666666,80,4,fe1cd1effd9df43bbd352d67a46f70f7ea181665f8f7db96bec42769e73e6875
google_robot_pick_coke_can,147,True,True,False,True,True,0.25,0.5,80,8,49d377b7f33ce830e706ff7efa326197c4cdd5c60db3dc87e6e909d395f62a12
google_robot_pick_coke_can,148,False,False,False,False,True,0.25,0.8333333333333334,80,15,f84dd7433394a8a12c173ed629a3a8182842135fab10048d3881d18ab4f33e60
google_robot_pick_coke_can,149,False,False,False,False,True,0.25,0.8333333333333334,80,29,8b4d15c4e98931c3cabc2c25baf870ca9ddba57aa842ea6c1fb973ab8b6c7de3
google_robot_pick_coke_can,150,False,False,False,False,True,0.25,1.0,80,14,15b9221b6514a7cde476481b8768c409b23b0240c8c15547daa7a231f0f01c9b
google_robot_pick_coke_can,151,False,True,True,False,True,0.25,0.6666666666666666,80,10,ad0fc74625ce93dcf79da538e04232b954b88c28bc402d221919144fbd7849d0
google_robot_pick_coke_can,152,False,False,False,False,True,0.25,0.8333333333333334,80,13,fc1796e1e45477cfa67acfc6d93f96031ad55adf6a9dc471ec432c34d5517b0b
google_robot_pick_coke_can,153,False,False,True,True,True,0.25,0.8333333333333334,80,22,5c20f43c6c16588fad6f06fddfb38fadc7279c3252f4e2d0217709fbd790fb0b
google_robot_pick_coke_can,154,True,False,False,False,True,0.25,0.8333333333333334,80,11,1991e6ca421e5d02cee54dab3126420a8a371c525637f836672a125940bb4544
google_robot_pick_coke_can,155,True,False,False,False,True,0.25,0.5,80,26,89eacfed57581e263b7f44d04155b04b8f494046de51401d770aa582bdc31cb9
google_robot_pick_coke_can,156,True,True,True,True,True,0.25,0.8333333333333334,80,20,60c23d67c86424c3971f172be2ad433b5db51d72541b6564e652eaa767bd1d31
google_robot_pick_coke_can,157,False,False,False,False,True,0.25,0.6666666666666666,80,36,7e1c9821a1d89f1692bdfec22d98d727eca6a4231a31489214dacbf504c0b668
google_robot_pick_coke_can,158,False,False,False,False,True,0.25,0.6666666666666666,80,9,d484b1d58e7b38bfdda7dad487a6e04c6340f92abec491c9bd8e0acd166779c2
google_robot_pick_coke_can,159,False,False,False,False,True,0.25,0.6666666666666666,80,4,8fb4e0260ece2d984aa6160b1fc9a617fc5c2f7636923781fbedabbea556f372
google_robot_pick_coke_can,160,False,True,False,False,True,0.25,0.8333333333333334,80,38,cfe4d8f95de21166bbe5de56d35c89ca739ff1afbc0b67e50ca4e08ce62fe40c
google_robot_pick_coke_can,161,False,False,False,False,True,0.25,0.5,80,6,bef9b47c50c93232b43f4083d7f28b835bdb91dc1eb5dbda0469386e05a85290
google_robot_pick_coke_can,162,False,True,False,False,True,0.25,0.5,80,15,d5de3d4bb6a561983e001caf25153d9d245fae05d5db34a1f32ff355fdda401c
google_robot_pick_coke_can,163,False,True,False,False,True,0.25,0.8333333333333334,80,6,c5a1914889edae9612d6842f887bccfb8477b54cb779222330f47697c49910ee
google_robot_pick_coke_can,164,True,False,False,True,True,0.25,0.6666666666666666,80,17,2ac3a3c0fa8a3c91c3d7eb0e6fd87892b54b1e1a316f38d36ca37ac7cdd6ac2c
google_robot_pick_coke_can,165,False,True,True,True,True,0.25,0.6666666666666666,80,19,a2374c1103d8b15d4a1a36382a60e43b7ad83ede751f7ac441bc4031e251abb7
google_robot_pick_coke_can,166,False,False,False,False,True,0.25,0.6666666666666666,80,22,c2097de97a5dfe7d80312e956f1ed3c6b2a499e9943ba4ffa9c7f72660a5f005
google_robot_pick_coke_can,167,False,False,False,False,True,0.25,0.3333333333333333,80,1,d69ba159ed059343789139729760992896cccdf1936f155d67acf292134ec806
google_robot_pick_coke_can,168,False,True,False,False,True,0.25,0.8333333333333334,80,32,2f570c2737174464f20efd8c8a28ab0423e29b579366a2ad3e4bd5d426d4a854
google_robot_pick_coke_can,169,False,True,False,False,True,0.25,0.8333333333333334,80,9,9a27fdc8ddff6cedf69e059160884bcb7993d32ad60bc3c312383e8f2f186c16
google_robot_pick_coke_can,170,False,False,False,False,True,0.25,0.5,80,7,d95e94a621374e01c08eaf7e51479c0ff55e5ca21d22ffde0d51a2597747d7d4
google_robot_pick_coke_can,171,False,False,False,False,True,0.25,0.3333333333333333,80,1,69bf071296203cd19e917457b1fe72b3742d1176c25f66dded9e009760761e03
google_robot_pick_coke_can,172,False,False,False,False,True,0.25,0.6666666666666666,80,16,577880ac56ce0dca5b5a2156d4cec5fe46a26913a9174dd35e1dd25abfa38c91
google_robot_pick_coke_can,173,False,False,False,False,True,0.25,0.8333333333333334,80,13,17a5f8d330c1d3f1a988cc0c1ef2482266cfaf4072a12f2537776da72e218918
google_robot_pick_coke_can,174,False,False,False,False,True,0.25,0.6666666666666666,80,16,95bb4d6e77d0635c0f3f629988f9acd9e7d525f4c072f22ea4aa90e338921460
google_robot_pick_coke_can,175,False,False,False,False,True,0.25,0.6666666666666666,80,11,41edae551c50dcdeb11e0c8f5b8aa8b8bb059cbb68ba3797fac87790b0c39d91
google_robot_pick_coke_can,176,False,True,True,True,True,0.25,0.6666666666666666,80,19,eecd27cf6452eba80b197abe781f08050c8671b5f288e5d1235ee721a2d2289f
google_robot_pick_coke_can,177,False,False,False,False,True,0.25,0.8333333333333334,80,26,7e89368e119e135458f40c7d3f6e2b8dc5ffb337c5d0a7d703c533caf9b3954c
google_robot_pick_coke_can,178,True,False,False,True,True,0.25,0.8333333333333334,80,21,98d8fc1c4091b4c196803a3ed2db85f9364330e28a56095758e7c3b7881aff39
google_robot_pick_coke_can,179,False,False,False,False,True,0.25,0.8333333333333334,80,63,eb847766063a5f1029c2ef77228aa5037bcdda234149d5b9472a415ceb5feea3
google_robot_pick_coke_can,180,False,False,True,False,True,0.25,0.8333333333333334,80,31,54fda286cbfafe61de6c09853cec7044e01028d9da25427d4e7a7a6d479102d4
google_robot_pick_coke_can,181,False,False,False,False,True,0.25,1.0,80,10,e14a1a3c2032b11f86b3aad2e78752a207f6b77dadaa7b1d970f6d38d88b5e07
google_robot_pick_coke_can,182,False,True,False,False,True,0.25,0.5,80,19,96c111fb7af1334a9f6745e8de3675ddd7f68c95b8d7136911a461adf59ee07b
google_robot_pick_coke_can,183,False,False,True,True,True,0.25,0.8333333333333334,80,9,755cbc5b07aba6499606513a9f1aed057114db0765904bce9c86803775ddd740
google_robot_pick_coke_can,184,True,False,False,True,True,0.25,0.5,80,8,9338e90a9e232da4bf54e607c989be996431c20b898bc43df479d342b2340f39
google_robot_pick_coke_can,185,True,True,False,True,True,0.25,0.8333333333333334,80,28,6872f27dbd1434e3f78c631c0501d90e700e137cf77ece4dec3dbb32121e4fcd
google_robot_pick_coke_can,186,True,False,False,True,True,0.25,0.6666666666666666,80,26,d3b777672515c7e0c27bd50e2b5024d988a1e8cf7b3b56643246116baf8f5b4c
google_robot_pick_coke_can,187,True,False,False,False,True,0.25,0.6666666666666666,80,3,4f205b0dd950ddc51b72d7f0d84033992d6b13c17ed26be255e5498f94f74ae5
google_robot_pick_coke_can,188,True,True,False,False,True,0.25,0.5,80,7,9033b409c35795237043e720b1a5299503420fd5077596fa240fba3537a521f3
google_robot_pick_coke_can,189,False,False,True,False,True,0.25,0.8333333333333334,80,47,c2d927e1e08e435679ed0d2115d64a6f2107a1222cceaed14b720af362eadcb3
google_robot_pick_coke_can,190,False,False,True,True,True,0.25,0.8333333333333334,80,5,cfa68d63413f4fb7520b957743559b905a449a9719844c6a3e0017b6ff971dfd
google_robot_pick_coke_can,191,False,False,False,False,True,0.25,0.6666666666666666,80,22,8fcbf329e0b6d8c3aee84898bbcbfc959e8dd94bab46a31b6a94f7a18c18e471
google_robot_pick_coke_can,192,False,False,True,False,True,0.25,0.8333333333333334,80,13,5689879040998560a664cbaff2728edfba6c6cefb28a6083f45136d07dbf4177
google_robot_pick_coke_can,193,True,True,True,True,True,0.25,0.8333333333333334,80,8,8c4bfc1b2a4a91a66f6b92961d69ae5c5f15f893654fc16bce1db638d72ace7a
google_robot_pick_coke_can,194,False,False,False,True,True,0.25,0.6666666666666666,80,9,f9d06bc66d9c0832754e41794e75c600062e9f3acad2696b1b0227262ac7de82
google_robot_pick_coke_can,195,False,False,False,False,True,0.25,0.6666666666666666,80,4,75ac92f1e39ab485b004777adb7195c3bdbf4a4b2adb8b7f3d83807a4e55ad74
google_robot_pick_coke_can,196,False,True,True,True,True,0.25,0.6666666666666666,80,28,1981ce9d649f0a7cee1d113327ac7bc9b3525867e589ff2e47cf9b8ac8e35b90
google_robot_pick_coke_can,197,True,False,False,True,True,0.25,0.8333333333333334,80,12,193303f3de1d4749d73dac59e171ccbb357593fde64ec4501aa8f36505dc21f4
google_robot_pick_coke_can,198,False,False,False,False,True,0.25,0.6666666666666666,80,6,38994ee24a7bc56a9d15ea57b59b001bc33255855c7be24c979e88c0dca4ad4c
google_robot_pick_coke_can,199,False,False,False,False,True,0.25,0.8333333333333334,80,61,7f8b75e701301f29af7f5173ec16943ddd56a260242895ea7a266ce773004044
google_robot_pick_coke_can,200,False,False,False,False,True,0.25,0.6666666666666666,80,4,a4d8f3c3fd7a2326b7c736311252f045258782b333fc65ada8cecff8c4aa687c
google_robot_pick_coke_can,201,False,True,True,True,True,0.25,0.8333333333333334,80,47,ef4e4ba2a3fc58ab05449b0ae39469d0cee401b574769df534b8caf8bb022321
google_robot_pick_coke_can,202,False,True,False,True,True,0.25,0.6666666666666666,80,19,17e95a6e434d9d3ef3f55f1cd0d13bf137fb40026b195f26bc1c4d9351b44e96
google_robot_pick_coke_can,203,False,False,False,False,True,0.25,0.5,80,7,f2904470f048ae2f20660b176ff7a6500df376fa97716b404a6fe4b73d46b5e1
google_robot_pick_coke_can,204,False,False,False,False,True,0.25,0.8333333333333334,80,11,8f8915ae6717cc0c9b9ab0e9ee706f448544210675223179b19d884748705002
google_robot_pick_coke_can,205,False,False,False,False,True,0.25,0.5,80,3,1d8c24ca386b79c63fbfe59aa262583afcfd1019fa1581a66348fc4a21556cb0
google_robot_pick_coke_can,206,False,False,False,False,True,0.25,0.8333333333333334,80,11,80f912547e99eee7893deddfae187d3286efbf863526b06141859a32cfbe84a4
google_robot_pick_coke_can,207,True,False,True,True,True,0.25,0.5,80,7,829aa270cd652277fa05b946440a79b1a77b87c74053285e34bf560f305c5463
google_robot_pick_coke_can,208,True,True,True,True,True,0.25,0.5,80,8,4a47cdd1c08b128476d8ac81775f2e0f7463de9286af16d05ee94477e783607c
google_robot_pick_coke_can,209,False,False,False,False,True,0.25,0.5,80,1,15af43a5cb1fe3c75a7760b514d529d3f2227b7f3a38469003ae6508ae8dd553
google_robot_pick_coke_can,210,False,False,False,False,True,0.25,0.5,80,2,e33c76678f8c15d2b9ccf365b655c6d0b008d69c57068674fddda0d575436c82
google_robot_pick_coke_can,211,True,False,True,False,True,0.25,0.5,80,4,3e1b3911efeabf5c645039e08821808c9c7e458ee0d4c9b05b46b3e30e8ca5e4
google_robot_pick_coke_can,212,True,True,False,False,True,0.25,0.6666666666666666,80,10,85a7544a23c1124947ea50cbcd5fb5523cf6e2c0b1458da91deb5abc90d26d6d
google_robot_pick_coke_can,213,False,False,False,False,True,0.25,0.6666666666666666,80,25,254266f4f692d7f9487bc2a5aa6cafdd8f6d5c374542ed026898491ae5f65328
google_robot_pick_coke_can,214,False,False,False,False,True,0.25,0.6666666666666666,80,7,d918a9770ba564edba2b3d0f6402f48e772319232bd6b480ebea60bc2d3745ca
google_robot_pick_coke_can,215,True,True,True,True,True,0.25,0.5,80,23,079292b5485db38021a6b070d4b29e35bc8580b6bf60d3ec97a50366584ded1d
google_robot_pick_coke_can,216,True,True,True,True,True,0.25,0.6666666666666666,80,17,7030e33901942c8e0cf9089ee3711da8581e22ff45a91774d6ed762462394fc2
google_robot_pick_coke_can,217,True,True,False,False,True,0.25,0.3333333333333333,80,3,4eadb35d5061cafcff6ed770a2e7d7843ef0a5ea4dfcf049aab41685db2626a2
google_robot_pick_coke_can,218,False,False,False,False,True,0.25,0.8333333333333334,80,17,7010b4aec2be973d566d3315eb27c5ae5d3ec2f437698da8b0c7326386d83a25
google_robot_pick_coke_can,219,True,False,False,False,True,0.25,0.5,80,8,4a529e828cffd0f3846f2a9783f762e8faa774713448788065e6bd94bef919bf
google_robot_pick_coke_can,220,False,True,True,True,True,0.25,0.6666666666666666,80,20,6346e1a65049d7ad6b802e26525e89728dd06ae0255624d29c9b8776b2eda25c
google_robot_pick_coke_can,221,False,False,False,False,True,0.25,0.6666666666666666,80,10,b05f8f6d1488ec2c860b711d7976f44f15357962486fb3b7077e83dc628f0c79
google_robot_pick_coke_can,222,True,True,True,False,True,0.25,0.5,80,11,91227d9ca28c6f7c16cef4d083878c428bfb23702bc3340fb5765eb992be7c0f
google_robot_pick_coke_can,223,True,True,True,True,True,0.25,0.5,80,7,5ab252186feb4aa6331d41a1a268180ae860c5109780d998e3fdec178ceb827f
google_robot_pick_coke_can,224,False,True,True,True,True,0.25,0.6666666666666666,80,26,a54d85a2ac6199043e7cbb50a79cbdc7fc562f5617c174432e3650b16d4c5dd4
google_robot_pick_coke_can,225,False,False,False,True,True,0.25,0.6666666666666666,80,19,c2caf3a01ed399109390cfe532729aa7ab99c7e6b119dcfd509178701d80cb3e
google_robot_pick_coke_can,226,False,False,False,True,True,0.25,1.0,80,38,afd6d103f4773d3b0c3f886efbf3d2dbdeaeef5e4826e908a47f1588f5ff3fdd
google_robot_pick_coke_can,227,True,True,True,True,True,0.25,0.6666666666666666,80,13,6605ce12dd01e9bac0098877da94e83b961b07ebee49117e92ef793b12cd3164
google_robot_pick_coke_can,228,True,False,True,True,True,0.25,0.8333333333333334,80,19,360e835e9b05752b431aeca570d52693eab015ba89e2a954efb37e496d03028e
google_robot_pick_coke_can,229,False,False,False,False,True,0.25,0.8333333333333334,80,76,ccabc440c3ca9ae9ff0a8c4573b048ad9cece3eed4f4fdfdb22d45bde20b8aa5
google_robot_pick_coke_can,230,True,True,False,True,True,0.25,0.8333333333333334,80,17,18fda739c3078beaffda5aa1ce8c2a4909a634abcab2681801fe02d9beddf839
google_robot_pick_coke_can,231,False,False,False,True,True,0.25,0.8333333333333334,80,19,6931a4f575a95fb588e0c3122dabdf886f04a1658f4f444b92bd115c8390f243
google_robot_pick_coke_can,232,True,True,False,False,True,0.25,0.6666666666666666,80,17,3225b76986e1f1bb3b26925af408f67c12725456c8c0c04b14534b8cacfcd37a
google_robot_pick_coke_can,233,False,False,False,False,True,0.25,0.8333333333333334,80,13,be02653398024c1ac8028ad33549b6943f90602b174bd6c2765385e9a9d79a6e
google_robot_pick_coke_can,234,True,False,True,True,True,0.25,0.6666666666666666,80,31,b80577331f993135cdea33dc88cb8759b5812b47fa30775e9c88d5f6d0b276a7
google_robot_pick_coke_can,235,False,False,False,False,True,0.25,0.8333333333333334,80,20,35ba1e4aa5f0d62bd90f6064311f95ba3754ab3f14c10775c286d0b8699d3844
google_robot_pick_coke_can,236,False,False,False,False,True,0.25,0.8333333333333334,80,15,6954c50c918123a3c6c91d40b4014b06974f6e6c7da3f69ead8dbfd9b84400e1
google_robot_pick_coke_can,237,False,False,False,False,True,0.25,0.8333333333333334,80,12,56102aca1fdf378702056f0b2c41dbdceae0cdce42b936abd30402d56082d730
google_robot_pick_coke_can,238,False,False,False,False,False,0.5,0.16666666666666666,80,0,c1076ffdf519012e4dc46451c945eec686518a7082280711e298a9260f4e96c0
google_robot_pick_coke_can,239,False,True,True,False,True,0.25,0.6666666666666666,80,20,6a61df351232be73c609afe6a84c120fd5910a4278628c74b73ad2ad264f20e4
google_robot_pick_coke_can,240,True,True,False,True,True,0.25,0.6666666666666666,80,16,c1d6f19c16cdf029ba5bbb65962e184da710100980deae98fa35601dfcb2ec9a
google_robot_pick_coke_can,241,True,True,True,True,True,0.25,0.8333333333333334,80,15,94a02f6b83d1c80aba1497d1c51bc002c06480ec4ae36523cfe42460352c643b
google_robot_pick_coke_can,242,False,False,False,True,True,0.25,0.6666666666666666,80,16,7fa52f1b1c99e684dafb20ac35842f8e4967dae901effe9e74518ee6df761290
google_robot_pick_coke_can,243,True,False,False,True,True,0.25,0.5,80,21,5f50f1ed53ba7080a28f6f42d72714c25ac05b941223b6fdc496373c896f7a2d
google_robot_pick_coke_can,244,True,False,True,False,True,0.25,0.8333333333333334,80,29,ea932e495f0335debf0c9d4ebd4edccbc6bacd862de501c1a21a0aee6c1b2526
google_robot_pick_coke_can,245,False,False,False,False,True,0.25,0.6666666666666666,80,4,a27408feeba5b5312fee587f1ec34cf32a0c7a1552e548a9a44594adba2ce876
google_robot_pick_coke_can,246,False,False,False,False,True,0.25,0.5,80,3,31200f1996adc623d21c4e3e712b18eb9c3b3d553eeaa3f940984170e90fa196
google_robot_pick_coke_can,247,False,True,False,True,True,0.25,0.6666666666666666,80,15,5e682ad11c18591058ce07feb1694ac734bf31b683845033ebb318c6690a3197
google_robot_pick_coke_can,248,False,False,False,False,True,0.25,0.6666666666666666,80,10,ddba02bd3d58f43938f74f1ab6096792c1aea68bdb11ad4bac2c7193dda98986
google_robot_pick_coke_can,249,False,True,False,False,True,0.25,0.5,80,21,8505a730162dfccc2c2981eef897c78cd055e1c519a28dde1501f4099aea8011
google_robot_pick_coke_can,250,False,True,True,True,True,0.25,0.5,80,12,71b87bc2bcdaebae99228e65f2229736cbcc7858c9f06f3a0b4ad8b8bf2a0835
google_robot_pick_coke_can,251,False,False,False,False,True,0.25,0.6666666666666666,80,18,e89a9e71dd7f98f4bb21fe2532f442dce4a850ed59bd9531f6e6c7894d59c49b
google_robot_pick_coke_can,252,False,False,False,True,True,0.25,0.5,80,12,f83b58ac1a8785a601c69ee1468efff154b26c6f3ee8b490e2cbce7cb472cd7e
google_robot_pick_coke_can,253,True,False,False,False,True,0.25,0.8333333333333334,80,20,b5513193b2c1aeb44ff333be97b733d5c3be2aadf57d260c539ccde3eb554cd0
google_robot_pick_coke_can,254,True,True,True,False,True,0.25,0.8333333333333334,80,17,1a9f625d6e0b4c798ed7382954f35cf2fbeedd3eb47660fbeccc97a830ef5718
google_robot_pick_coke_can,255,False,False,False,True,True,0.25,0.5,80,14,89d774362a8f5f67059f5340bb625d88dba3e8f8bb79ad31f8c60b1fe2265578
google_robot_pick_coke_can,256,True,False,True,True,True,0.25,0.6666666666666666,80,27,9e1a4e96bdcf84aa6857abcb861afed9919f327c94ccddcef6f34f571a9de238
google_robot_pick_coke_can,257,False,True,True,False,True,0.25,0.8333333333333334,80,10,a983530dacac8dff7cf0ed76e7a41cc07f364cac50b07ab539ba676c47ccc2ab
google_robot_pick_coke_can,258,False,False,False,False,True,0.25,0.6666666666666666,80,14,57144fd43e26bb400b489bfd238e7dd7a13804fc2c307eb196c16e5d6294f5b3
google_robot_pick_coke_can,259,False,False,False,False,True,0.25,0.8333333333333334,80,19,0e0eab64ea04a1995705461ecf9bf1751ac9b9def89e56c6851484275376960e
google_robot_pick_coke_can,260,True,False,False,False,True,0.25,0.6666666666666666,80,9,06625d748b1a2d8b8cc9c819eba4d60a5631a96bda1647c18c85703e4dd08bc7
google_robot_pick_coke_can,261,False,False,False,False,True,0.25,0.8333333333333334,80,13,75c23c6a95bcd79b261896decdc3589059ce6ef6668f55a9d0714b639139ebb2
google_robot_pick_coke_can,262,False,False,False,False,True,0.25,0.6666666666666666,80,9,02bb7039ced2e1f068df84e1f3a16bb91216470743c8a32fa9d78cb0ebd05b3b
google_robot_pick_coke_can,263,False,False,False,False,True,0.25,0.8333333333333334,80,12,1eef43783661454aa190ec8112a9f04aa18ec7232cff9fff5375c20ce392fa26
google_robot_pick_coke_can,264,False,True,False,False,True,0.25,0.5,80,5,b094489087e78937525f9cff3633cdb1e6b70dbd585ae3d6608a96381c28ca83
google_robot_pick_coke_can,265,False,False,True,False,True,0.25,0.8333333333333334,80,7,1c0aaaff536c11a7e0e4ee75c6c0f146cd2d648a6be8131b58268b17de844e8b
google_robot_pick_coke_can,266,False,True,True,False,True,0.25,0.6666666666666666,80,15,454ab96852a8ec8819032e0f7935df4b89775b54df4cdf164b7c3182b1cb2daa
google_robot_pick_coke_can,267,True,False,True,False,True,0.25,0.6666666666666666,80,18,f42739ba2d3c6279f08a0278b52074f9c5edc9ab8ea23c751bae14c829400aad
google_robot_pick_coke_can,268,True,False,True,False,True,0.25,0.6666666666666666,80,13,7c853f1adda82162d539e89b46904527ca6baacd14984e7d45bfb3da723244a2
google_robot_pick_coke_can,269,False,True,False,False,True,0.25,0.8333333333333334,80,32,cbe973f4893ea4cd2fd21072853740ef544d5f00230ccdfbecd831cef1e92076
google_robot_pick_coke_can,270,False,False,False,False,True,0.25,0.5,80,7,16c58bb32965a8f4c48b8a1af7845d2a46c8cb5cd8be11cad0418a7eaed9cf53
google_robot_pick_coke_can,271,False,False,False,False,True,0.25,0.8333333333333334,80,11,ada25b65ca6702814d8e32e76a418d3165ca9be33134b461df765dec8fcabbef
google_robot_pick_coke_can,272,False,False,False,False,True,0.25,0.6666666666666666,80,6,7fbda7cc4c88bcb33602a0d586a382a70723e442c1727a9c46fc4057a4e1a0cf
google_robot_pick_coke_can,273,True,True,True,True,True,0.25,0.6666666666666666,80,9,fb440146a11895d6823540e8cf0ea5b25b8de999fb8fb9a94df8f986d79bf917
google_robot_pick_coke_can,274,True,True,True,True,True,0.25,0.6666666666666666,80,13,40be958bd4cd24c1ce6805e9f24530e3084bd0b06152259b1e7b2e340fcec408
google_robot_pick_coke_can,275,True,True,True,True,True,0.25,0.6666666666666666,80,4,1e46a2285b21c0015ec4d5bc02d5151a679833b435bac8fe6f141b0d98674399
google_robot_pick_coke_can,276,False,False,False,False,False,0.5,0.16666666666666666,80,0,e83fc72d8d9aa879862f5e415f30744fce7d51a5f750b8c4908f6b02c2ba6d7e
google_robot_pick_coke_can,277,False,False,False,False,True,0.25,0.8333333333333334,80,15,99c269467beb7b4bcc0b93d60cd306db9b08fbd5709dd7248fb6bf283bc02496
google_robot_pick_coke_can,278,False,False,False,False,True,0.25,0.8333333333333334,80,18,5b65d1a78429b353a45091fef5ae883b6f9b0af4c8ada198606c806991e4eb5e
google_robot_pick_coke_can,279,False,False,False,False,True,0.25,0.6666666666666666,80,17,a3f1d280ea20c0321badc10a685b275d30b81ff2ffcb20e83eecfecc6e57b969
google_robot_pick_coke_can,280,False,False,False,False,True,0.25,0.6666666666666666,80,9,14c46a23490506abdf3c91937cd92a7f56e7069854427a171009db01cb299fea
google_robot_pick_coke_can,281,False,False,True,False,True,0.25,0.6666666666666666,80,50,ab2658134c57092ec2fd42d13a87c753ca45c459218a47e566f3c2d5be4eb26b
google_robot_pick_coke_can,282,False,False,False,False,True,0.25,0.3333333333333333,80,3,dcffe7258d7f9849bbc7205686c430844bd51c9ed8cd868584ad50902428f9c8
google_robot_pick_coke_can,283,False,False,False,False,True,0.25,0.6666666666666666,80,25,5feb331d18b4aa68c945ba7796296341910cd8d6a78bff91bb30a6d0b6b252fd
google_robot_pick_coke_can,284,False,False,False,True,True,0.25,0.8333333333333334,80,26,f7fe6cd123cd6dd629c1dac565b3623e50673fb66242c1967c98bbd62c697b83
google_robot_pick_coke_can,285,False,True,False,False,True,0.25,0.5,80,9,d6388b2f2ce3f9a89c02be60f07f2484dae97789ccf6be784e1674cf538c2e2c
google_robot_pick_coke_can,286,False,False,False,False,True,0.25,0.5,80,6,97e4eebc14ff9c3ce30e719e71c259e420d27437457dd9efb6d071ab1421818e
google_robot_pick_coke_can,287,True,True,False,True,True,0.25,0.6666666666666666,80,8,6e0ed9bc790e18760e473470778f578394fcf853b80b53101045ae8fd0adf658
google_robot_pick_coke_can,288,False,False,False,True,True,0.25,0.6666666666666666,80,2,b9c081982447e12746f976d856cc47418e06ae423bda89fd2c454bc7ee827ada
google_robot_pick_coke_can,289,False,False,True,False,True,0.25,0.6666666666666666,80,23,74b0d1f9e0278c9c137d43c812f12c1fb3207b62da36ef8980627401668c425c
google_robot_pick_coke_can,290,False,False,True,True,True,0.25,0.6666666666666666,80,20,8ecfa8e4871a171b4478fb0c387c39855afe105e62514a588c771b9d6d9c7bc2
google_robot_pick_coke_can,291,False,False,False,False,True,0.25,1.0,80,38,561a511ba067fd674022b31e8e683a19ce5f6fcc5ba4db75046c8a0149d0e6bf
google_robot_pick_coke_can,292,True,True,True,True,True,0.25,0.6666666666666666,80,19,9f3cf312b0646462a188a47d94667b2ef956e6830ef31a365b466b0fb48f1d35
google_robot_pick_coke_can,293,False,True,True,True,True,0.25,0.3333333333333333,80,9,90b149ba91a4d02b7fe6e74bfcf7403b77e22f07016876875200d79b6f95c9be
google_robot_pick_coke_can,294,False,False,False,False,False,0.5,0.16666666666666666,80,0,4615a33db3fbe84c0628940139acb0283f6d796e1c7530fb7f95c574ef6f8fac
google_robot_pick_coke_can,295,False,True,False,False,True,0.25,0.8333333333333334,80,25,9940bbc6f12a13d46960e26e6227e58ad61bdbd927fc12c84db6cba70c395433
google_robot_pick_coke_can,296,False,False,False,False,True,0.25,0.5,80,8,57e8246510c1d142bd9d23f76d9e678b0862ee9e441da219f7aad71729e7cc1c
google_robot_pick_coke_can,297,False,False,False,False,False,0.5,0.16666666666666666,80,0,ae2781046d396d7954f874fc429f1a3d5dad0461b146e3ae58a67611443cb351
google_robot_pick_coke_can,298,True,False,False,True,True,0.25,1.0,80,18,f782a591c7b4c49c2d84a8623bcc43d7afae98cc2ee46ef13ed233b40bd158cb
google_robot_pick_coke_can,299,False,False,False,True,True,0.25,0.6666666666666666,80,7,6b98a9a2b0922029658afa2fcac49b737f97924bb2d173c377f56ed0e6a69434
google_robot_open_drawer,0,False,False,True,False,True,0.25,0.8333333333333334,113,24,3b082c02b21c16917d5dee17cc0b8a0a0d1f013580249e7aaaf08b37d573b0d5
google_robot_open_drawer,1,False,False,False,False,True,0.25,1.0,113,37,9391ccd0e769fcda3c3514b9ca976db53c9d11507fd032b225a0c159c683c1ab
google_robot_open_drawer,2,False,False,False,False,True,0.25,0.8333333333333334,113,38,5ecba40d044061306c89b1167c77641f0249a2f3fa8840e02b53c8efcab4975d
google_robot_open_drawer,3,False,False,False,False,True,0.25,0.6666666666666666,113,88,e70437c1d04b0475bfb07de090da5408243d288b8840b5ffa7eaa5c970317646
google_robot_open_drawer,4,False,True,True,False,True,0.25,0.8333333333333334,113,93,c37af31059d5210018981ad9f4af5254f8d15888f4a7fd12fcc41501c188073a
google_robot_open_drawer,5,False,False,False,False,True,0.25,0.8333333333333334,113,89,5338969cf5190d5c04c0dc9644709c586b6d814e73d5423333dfdf3c27e9b5d7
google_robot_open_drawer,6,True,True,True,False,True,0.25,0.8333333333333334,113,47,6a97be3b24092703f6c00152a0ba4502e8372df532926d49b32eae9e7ae29a38
google_robot_open_drawer,7,True,True,False,False,True,0.25,1.0,113,51,4041573ea881d707a186f29306f524c2a6272e003fd73a7a18809b5b8e3c520f
google_robot_open_drawer,8,False,True,True,True,True,0.25,0.8333333333333334,113,39,0075eb87012a1690579f17c34206fea2e25e4afe477e4875906977c2bf1efc9e
google_robot_open_drawer,9,False,False,False,False,True,0.25,1.0,113,30,05d027621d22545aeb9cc2023ed77ae5e049dee7907999dac93482a598779071
google_robot_open_drawer,10,False,True,True,False,True,0.25,0.8333333333333334,113,61,245fa1b7c0aec9cc59d6c7cbf7729231d2cd5164ee478de24133d0efa593d4a2
google_robot_open_drawer,11,True,False,True,False,True,0.25,0.8333333333333334,113,80,8f0e520a752f31adb07015213d32c7822778cc33c73b341cf5edbab61628322b
google_robot_open_drawer,12,False,False,False,False,True,0.25,0.8333333333333334,113,29,8a2587187d1cfd538065e184840a958dd5d211290cd8a4c0dddb490b240cfc5b
google_robot_open_drawer,13,True,False,False,False,True,0.25,0.8333333333333334,113,102,0988802782828ab06772c39f00de2288a0d19f126d51f66558c9d254db0ca673
google_robot_open_drawer,14,True,True,False,False,True,0.25,1.0,113,51,66cfdff5aaca4c6da4ee0bbca12beb8a4a53a0d871ad5853fe004232a013da99
google_robot_open_drawer,15,False,False,True,False,True,0.25,0.8333333333333334,113,24,3239d98d2958f4ecff92749b0102f89feecf736eba876cf468cfb1419db76819
google_robot_open_drawer,16,False,False,False,False,True,0.25,0.8333333333333334,113,36,e0fcf0d00f9a0d4f43fe88246cac1d559cc5ce5774ba7a1dffcd5b7f6030bc74
google_robot_open_drawer,17,False,True,True,True,True,0.25,0.8333333333333334,113,48,97193ffba756cc26bd244f871179d753e43334d360d7717d857201f5e7bea4a6
google_robot_open_drawer,18,True,True,True,False,True,0.25,0.8333333333333334,113,47,9a9ca1151b7befbbb45286f98dd70263f8b5744e3b0052ee8a46e3e22135656b
google_robot_open_drawer,19,False,False,False,True,True,0.25,0.6666666666666666,113,34,edfbe0f8cc45ed3f89505fa3cd5c77e773e9d1f821f75aba15ed9eae2a52d1e4
google_robot_open_drawer,20,True,False,True,True,True,0.25,0.8333333333333334,113,69,bec6dfae19190286ce7aefff0e9ec7e067867c4db934be255dd7a86736749500
google_robot_open_drawer,21,False,False,False,False,True,0.25,0.6666666666666666,113,23,250de722b0ba4bff46bf91702628d28b9e26d2e6b039f03dcb9b126b4d082378
google_robot_open_drawer,22,True,False,False,False,True,0.25,1.0,113,40,294b44a507c4da8fbbed434c007fe5891c4b4a76ec65b285844acdc417032d81
google_robot_open_drawer,23,False,False,False,False,True,0.25,0.6666666666666666,113,88,8f839ba0c44fa79f4662c71b17e95cd5154db28cc943b320bc066e0db8feeba1
google_robot_open_drawer,24,True,True,True,False,True,0.25,0.8333333333333334,113,47,74344b5c269a18584ab3a95ed955b5bf367ec4018de6149b65e308b2959d9ab6
google_robot_open_drawer,25,True,True,False,False,True,0.25,1.0,113,51,8b2a627c366018d9ee1ea9e79fdbf1de0f408c717aaf32c4954abf1c1b4a6889
google_robot_open_drawer,26,False,True,True,True,True,0.25,1.0,113,51,4e7d13b7327d13a06ca1a65a2d8ca0149321327a956847f044f9de2fd0d52a8c
google_robot_open_drawer,27,False,False,False,False,True,0.25,0.8333333333333334,113,48,d7053cf4f7732038bc2f065806f98bbc8d6fe55cc7de6803130baaec4bf8a23f
google_robot_open_drawer,28,False,False,False,True,True,0.25,0.6666666666666666,113,34,3a57e7991a8d76db1cd885481b836451a692e0d57cb3ce518ff51d205d3da9d3
google_robot_open_drawer,29,False,False,True,False,True,0.25,0.8333333333333334,113,54,6a118047a5dd49c6c46cb5205445df256a7cc23e8fcde8298cf4a5eab1618829
google_robot_open_drawer,30,False,False,False,False,True,0.25,0.8333333333333334,113,36,f5e5145599bf0e183bbadab67fdf8959d91e86d95962611493d3ab2f497f9088
google_robot_open_drawer,31,False,True,False,False,True,0.25,0.8333333333333334,113,94,3821e7e31d3f3dfe6832016552fca3a197138c880d9c2b17579654b19c887f84
google_robot_open_drawer,32,False,False,True,False,True,0.25,0.6666666666666666,113,41,8b638aaa34bb63a23714d933ac976ceff8268c22bef752a8b4afed0837013966
google_robot_open_drawer,33,True,True,True,False,True,0.25,1.0,113,66,892ade01af0557a1b12620237ed158f4f0a695fee3bdd1842038127879509c9a
google_robot_open_drawer,34,False,True,False,True,True,0.25,0.8333333333333334,113,42,b083cd66ce67441bd4692b3e4fc6277b764fda7cd47334edf4cd4ba4850f3410
google_robot_open_drawer,35,False,False,True,True,True,0.25,0.8333333333333334,113,35,3e4393b7dbb23d448ae231c80d827e4b921bda7553268cc55013c42a51b2877b
google_robot_open_drawer,36,False,False,False,False,True,0.25,1.0,113,66,f6597a56eaf27fa048a2757354519dec3c4664bf1cb52e56045b7015121fe4a8
google_robot_open_drawer,37,False,True,False,False,True,0.25,0.8333333333333334,113,35,9651e3db8b3342cd0b88efd07477ec76a18fb5ea70b6b8609b8837a96efa7e5f
google_robot_open_drawer,38,False,False,False,False,True,0.25,0.8333333333333334,113,53,3f45b3941f2d8fe10c0a70e51cf2fd09a743690f60bb9ce20a7f4efef893f03d
google_robot_open_drawer,39,False,False,False,True,True,0.25,0.8333333333333334,113,39,3648c754a283d8969e5982fbeb0ce3af62bba4ac636c68ebeaa9c143502bf4fd
google_robot_open_drawer,40,False,False,False,False,True,0.25,0.8333333333333334,113,87,7bd35c9ad0138213bba54bf2f540aaff3d697fad7efa64465c593efc88d424e5
google_robot_open_drawer,41,False,False,True,False,True,0.25,1.0,113,70,13c920c2aa5e86f0204afa9651f268134b608f5b3614434e4385706d5551b884
google_robot_open_drawer,42,True,False,False,False,True,0.25,1.0,113,70,234b61e8893a42e5418a41b722626674c122b8cb2dede39d0dc4719cf8c042f6
google_robot_open_drawer,43,True,True,True,True,True,0.25,0.8333333333333334,113,45,4613123d141896985151750ce50681368178a4fd50b0ff488fc8bc2753c76bcd
google_robot_open_drawer,44,False,True,True,False,True,0.25,0.8333333333333334,113,50,080eb51374c716b72d6d0566564b7309e4a829b6b4fd2835b4b98e7ddef20506
google_robot_open_drawer,45,True,True,True,False,True,0.25,0.8333333333333334,113,47,60d969758cbf1f64f855b89887968aeeea088e525e8eb5eca764c7bbb2db6ef9
google_robot_open_drawer,46,False,False,True,False,True,0.25,0.8333333333333334,113,31,f48c2ab8da027b8083148fe97a9a6fcd93f53342c015dd3c907b78db90a396c9
google_robot_open_drawer,47,False,False,False,False,True,0.25,0.8333333333333334,113,67,cc1ec0ccd7fb10304d6b3c3f2a64cc5c5ae8e76b81da7af53cf78a269388d4a8
google_robot_open_drawer,48,False,True,True,False,True,0.25,0.8333333333333334,113,50,c23664b28de28eea268d60a4be76aa37c08ee4277dda09e584f58d6790e25a5b
google_robot_open_drawer,49,False,False,False,False,True,0.25,0.5,113,19,82971ce3d793fd152545b2c67a55f6556e01650a2b50179555d913874974e84e
google_robot_open_drawer,50,True,True,True,True,True,0.25,0.8333333333333334,113,45,f4e49888d4dae3d3ed3869cdbdd17eecd170d42a69581b20829c4967e2737dc0
google_robot_open_drawer,51,False,False,False,False,True,0.25,0.6666666666666666,113,95,59c4259a8f7ed88927d6d2918b2ff300006ac7cf550e76919281eb93b579492d
google_robot_open_drawer,52,True,True,True,False,True,0.25,0.8333333333333334,113,46,ede47823b527ee03842eefd5d22c78eb8855e141ee08ba58a085e8e4e414e1a8
google_robot_open_drawer,53,False,False,False,False,True,0.25,0.8333333333333334,113,36,ccdad487def6067bd4fe9820284c3d0ee4dd289692e82349bfdee65adfa68794
google_robot_open_drawer,54,False,False,False,False,True,0.25,1.0,113,77,58814c368924ca192b38a3c5abcf60a32def387dd05fffa0cd58228bee0a787f
google_robot_open_drawer,55,True,True,True,True,True,0.25,0.8333333333333334,113,74,f9384b2323490f2594e415a91e4c6ae95975fefd7b67f97a5c18dc44d0e0371d
google_robot_open_drawer,56,False,True,True,False,True,0.25,0.8333333333333334,113,61,6a8a7fd1c1b61100d1470c426a019e9045493b35fdf33587e1755a3949244115
google_robot_open_drawer,57,False,False,False,False,True,0.25,1.0,113,30,4be9c37f8b9cf198cc36f33c05d48812012c1a16ef71f01084aa8ba80d994da6
google_robot_open_drawer,58,False,False,True,False,True,0.25,0.6666666666666666,113,83,2c2b4274229d6cb7493f4dd43735f50da656d7d9baae41b98df5a9112893172a
google_robot_open_drawer,59,False,True,True,False,True,0.25,0.6666666666666666,113,45,62f77d32154b1857d10201932002089277b9e93d26ab779f2e5cb04b48b7e17b
google_robot_open_drawer,60,False,True,True,True,True,0.25,0.6666666666666666,113,26,9f79f7c4b827546617bc58eeafa121b06f7a200ae4da184594fcdca0ee580e90
google_robot_open_drawer,61,False,False,False,False,True,0.25,0.8333333333333334,113,106,87afa769f04d97296b5fae2abd27ced299fff10c9b39f1d9d9c0d28ab4446ba7
google_robot_open_drawer,62,False,False,False,False,True,0.25,0.6666666666666666,113,88,a5e6082bbb1e0cd3212e48ff56e941cdb187c4e70442203a06c07d964b890489
google_robot_open_drawer,63,False,True,True,True,True,0.25,1.0,113,46,4368058417b691eff7567358bc5de73b1b63738ea27aa4070d306bc9c08cac0d
google_robot_open_drawer,64,False,True,True,True,True,0.25,0.8333333333333334,113,29,510c0dceea57f89828afce005177ad0673fab9477b1a44a397eb06304b65bb09
google_robot_open_drawer,65,False,False,False,False,True,0.25,0.8333333333333334,113,95,a80f14608df216fdfbb99dda306d39a08c828bf29783dace9096c96bbaddb045
google_robot_open_drawer,66,False,True,True,False,True,0.25,0.8333333333333334,113,60,cca3b4ebf7e06cf52fbcda9b24a3ce84fecb8b32646482ba0402500c02c480b2
google_robot_open_drawer,67,False,False,False,False,True,0.25,0.8333333333333334,113,74,4263353226c6048b1a7f10142f63df035b798df94409e1230abc60ae59c78b99
google_robot_open_drawer,68,False,True,False,False,True,0.25,0.8333333333333334,113,94,7a017ad8fae2014c16d4e131796a7f3a2a1c0e413e1b409b21aa73d24642b0d5
google_robot_open_drawer,69,False,False,True,False,True,0.25,0.8333333333333334,113,93,903f71e208406f04e99cc60216b936d18189b6e3f2c7e6fc316fbcb1b4be272c
google_robot_open_drawer,70,False,False,False,False,True,0.25,0.8333333333333334,113,89,d51838a307bf2b626d0b1122cfcc82cfc5c4701641bb9e4b9351e7b795eeb804
google_robot_open_drawer,71,True,True,True,True,True,0.25,0.8333333333333334,113,74,fce927e493a95d5aa21472ec2c60961154dd59dc6da81997eae83c232b829d1e
google_robot_open_drawer,72,False,False,False,False,True,0.25,0.8333333333333334,113,46,b5827e63d43e99420a9993ac46feb23646bb656640f51295b4b369ec13e3693c
google_robot_open_drawer,73,False,False,False,False,True,0.25,0.8333333333333334,113,103,bdda4c9bb3d4709e73554dd28d6dcdaac50ca6f65b74fed97d849112d1ace8fd
google_robot_open_drawer,74,False,False,False,False,True,0.25,0.8333333333333334,113,72,3e10b9f161df1ded6783a3ca9aa095e950693b5cbbde8b35382947dad4b8468f
google_robot_open_drawer,75,True,True,True,True,True,0.25,0.8333333333333334,113,45,e952bfa1bc355b0cadfb93e08760fff434b8af45e6165e817812ed7386b2476a
google_robot_open_drawer,76,False,False,True,False,True,0.25,0.8333333333333334,113,71,4405f9e5f20f3997153f636e86a7c0397ce8f2cbddec4d0972946971d79bd730
google_robot_open_drawer,77,True,False,True,True,True,0.25,1.0,113,70,03d31beb1ec6e228bc35ff3d5498b86014a5580235da612b48a59f79db0eff5b
google_robot_open_drawer,78,False,False,False,False,True,0.25,0.8333333333333334,113,67,ac421aa50e25e93f86ca6b8eb730f4010e8b07e434ac7d33c8ab435e97f8f355
google_robot_open_drawer,79,False,False,True,False,True,0.25,0.8333333333333334,113,54,18d591d7b032a651ae966f80e95040df2cfa4f9ec788fbcb294a1110fc4ae380
google_robot_open_drawer,80,True,True,False,False,True,0.25,1.0,113,51,9d7fbd5456b795933212fd33aca0bcb6d75ce07d02314bf48eef9cf612ac80ff
google_robot_open_drawer,81,True,False,True,True,True,0.25,0.8333333333333334,113,30,fcae9ee7d0297024690c3646eb6cdd6e608f5fb4df6775ea5d03efda6a247809
google_robot_open_drawer,82,False,False,False,False,True,0.25,0.8333333333333334,113,58,055de17cc9879b15d2dececd36bb8e1e0378d81516c05b32a0c03d159947b6b0
google_robot_open_drawer,83,False,True,False,False,True,0.25,0.8333333333333334,113,94,d652d1e13b5dd4680b647aa242bfc91e23f86ff89267dcf5f72836518c611b13
google_robot_open_drawer,84,False,False,False,False,True,0.25,0.8333333333333334,113,29,4a81f6054ff2230060a2f556ec0a255bd41d2cb198d567af3af7c1908aaf096c
google_robot_open_drawer,85,False,False,True,True,True,0.25,0.8333333333333334,113,58,d36d593db34d6ba76d78c2bdbf0a7d25ea508e65d3096b910e913439dabd9818
google_robot_open_drawer,86,False,True,True,True,True,0.25,0.8333333333333334,113,80,5305f46f98845e9526f2a8d79b6e92d068da3943d3580d12e4651ed4351d086b
google_robot_open_drawer,87,False,False,False,False,True,0.25,0.8333333333333334,113,89,7bac84f70d1f0e4b80697c64d74dee3c3fe6664449e7911c24f8135b1f3f31ea
google_robot_open_drawer,88,True,True,True,True,True,0.25,0.8333333333333334,113,45,1f7efcc403365c91e06c5ca7408b91a415efc7654de165035f4f2ddb9e40df50
google_robot_open_drawer,89,False,False,False,False,True,0.25,0.8333333333333334,113,72,43d24e0e3ae1ec2a7f3c00f1419e67369259cd30465d7c06e338f3914badd252
google_robot_open_drawer,90,False,False,False,False,True,0.25,1.0,113,77,ea11d93a2fac1fb63f231f7360882933db9fa74804a761b3dca2d35bab515cfd
google_robot_open_drawer,91,False,False,False,False,True,0.25,0.8333333333333334,113,24,ebf63205f3bf0b8ca2465841bcd438b869f088eeab1163e3c0bed95f4f6c2e3c
google_robot_open_drawer,92,False,True,False,False,True,0.25,1.0,113,70,ef953a24b55e754e075f878ead40e9cebdfcfb1f737dcf83d1ae9c2c1e129e84
google_robot_open_drawer,93,False,False,True,False,True,0.25,0.8333333333333334,113,37,39d832f3e3461ab2cf7c296532013e5bb5c30466d640e82a75f5a6f60c7c80c7
google_robot_open_drawer,94,True,False,False,False,True,0.25,0.8333333333333334,113,77,bdfb0082fc26388b776d1a4f6a1531cca2c29c37b0933502b91b053ffc4a4cda
google_robot_open_drawer,95,False,True,False,False,True,0.25,1.0,113,70,3182e83a5314ea57662a6a21a2a6fd032e81d3f67be4697242fec142c39c9f1d
google_robot_open_drawer,96,True,True,True,True,True,0.25,0.8333333333333334,113,35,afbe08648b5d74cd5bb78b57e72f0fc00de1f156c1f8a9f1cb15e3b90f20daa3
google_robot_open_drawer,97,False,True,False,False,True,0.25,0.8333333333333334,113,32,b4ed95f4fbb100ef62cf33e7b3794028bb2a7f91f0d6b636eae0a16bd834dcf1
google_robot_open_drawer,98,True,False,True,True,True,0.25,0.8333333333333334,113,69,adf1e968dfbff88abf1b7aabe483b3cbba7964a4fecdd722ae8d737174a70073
google_robot_open_drawer,99,True,False,True,False,True,0.25,0.8333333333333334,113,68,6ac6c40b41c38e34c421d2e068e8b50a666d5b145921ad0f3bbd6feedccba7a0
google_robot_open_drawer,100,False,False,False,False,True,0.25,0.8333333333333334,113,48,1c00eb57ee0bca5062ce1324c7e667d613a4ebe9c3bcef2c8651f22d23660b7e
google_robot_open_drawer,101,False,False,False,False,True,0.25,0.6666666666666666,113,40,f8129f942a4c2f0eb38587913cdc1e9d904d35b6dc1eae148364fe3e921e4fff
google_robot_open_drawer,102,False,False,False,False,True,0.25,0.8333333333333334,113,46,21803430b89694f0fe25515c4f723ff5fd73f177e982112d603aafb71ddbf8a9
google_robot_open_drawer,103,False,False,False,True,True,0.25,0.8333333333333334,113,38,7b9f1fb39f6a16a697a6071a7677ea8ea6ef36daba93684f40fb665f9293d510
google_robot_open_drawer,104,False,True,True,False,True,0.25,0.8333333333333334,113,53,a7226dbb5a03ee457388507e9dbba5577f3c54d466622886dfe5670eb358f75a
google_robot_open_drawer,105,False,False,False,False,True,0.25,1.0,113,29,b5c447469dcc04fb6c5e3df51d0d843908f2eee47dae2e8e31ae1e30aa5e23a9
google_robot_open_drawer,106,False,True,True,False,True,0.25,0.8333333333333334,113,87,f34e3b1a98e4078c97295892a73019346322c6c094a34015a16c185517022781
google_robot_open_drawer,107,False,False,True,True,True,0.25,0.8333333333333334,113,58,ce26bc9236446256eda45180bf50f59f198edc8d38fceff031786bf4c5740b82
google_robot_open_drawer,108,False,True,True,True,True,0.25,0.8333333333333334,113,48,c0598f0aab994121ae7ef695c3a4c47c55cb9290d0a6ced9430df782e8e648a4
google_robot_open_drawer,109,False,False,False,False,True,0.25,0.8333333333333334,113,30,f839cfe6cb5d56e4d92e2de12d7cff03c9dfc6ba662e9bd258e194f173c206be
google_robot_open_drawer,110,False,True,True,False,True,0.25,1.0,113,25,f7e3ccd7c49d49f5c6c2a1e965ed59e19bae1cf09d5dfcf31e30f763792cfcd5
google_robot_open_drawer,111,False,True,True,True,True,0.25,1.0,113,51,c6dfd1a62d71f8bbfb06def56b1beaf81fd3c3e5f8f7629b35495360f5f672c5
google_robot_open_drawer,112,False,False,False,False,True,0.25,0.8333333333333334,113,38,f6a71b5c53cd2440ccbaeea01c3f6312b99558aaaa4bf80603c60e961a67ad07
google_robot_open_drawer,113,False,False,True,True,True,0.25,0.8333333333333334,113,33,da9da65e4d64c7ad843c4fe11e88bc1a97f331819a7eaabb60a1bf0d04b932f8
google_robot_open_drawer,114,False,False,False,False,True,0.25,0.8333333333333334,113,66,1cefbd60c1be78800ead369c9ee81045a382cd4436637991c5cb70aa942dc060
google_robot_open_drawer,115,False,False,False,False,True,0.25,0.8333333333333334,113,60,9daebe9180b58c7aab8e49da995eb583daff876a259aa5391877dd558e12602d
google_robot_open_drawer,116,False,True,False,True,True,0.25,0.8333333333333334,113,42,4c3d2803611df0e75cfec9c74271d3956b83aaeae6631ac150f557b0b57fbcf5
google_robot_open_drawer,117,False,True,True,False,True,0.25,1.0,113,76,39c5554c5c10af095ecf9f5f81f70b3d320aafaee2462fafcc95420efcc8a701
google_robot_open_drawer,118,False,False,False,False,True,0.25,0.8333333333333334,113,42,98865faebdb5096f33ca97b94e1983e909ae04ce96c0f9ec8cbbaddb9533a328
google_robot_open_drawer,119,False,False,False,False,True,0.25,0.6666666666666666,113,20,608717fa62d88effbfedfa766883183fc5e90dc1c62264f1001fff4f69c58eaa
google_robot_open_drawer,120,False,False,True,False,True,0.25,0.8333333333333334,113,65,123b767cb98415c6e0415f43125298c57b9696ff29b14d01beb1c158e7870d93
google_robot_open_drawer,121,False,False,False,False,True,0.25,0.8333333333333334,113,30,17a67d5bfead04a7cec93d76cd1ff430803d016d0553b00e18d1ec17bc0a16ab
google_robot_open_drawer,122,True,False,False,False,True,0.25,1.0,113,88,4cbdea38c194df8e75531a8356bf1401b743da8bfe21405ce63b1265affe0d20
google_robot_open_drawer,123,False,False,False,False,True,0.25,0.6666666666666666,113,99,77610cb9c273acf2118ad6fe6ce3bc41abf0af12cc798f7062f9ce7e19dcd930
google_robot_open_drawer,124,False,False,False,False,True,0.25,0.8333333333333334,113,74,c2ee3a8dcf67ab6a04c206c6f72ef981b6240141a0f98318dc9975a5e84ed5e0
google_robot_open_drawer,125,False,False,False,False,True,0.25,0.8333333333333334,113,57,b7cf15b54a502fff48f8fb4e184ced8c143fc09fd5eb9ab66479666128a0fefb
google_robot_open_drawer,126,False,False,False,False,True,0.25,0.8333333333333334,113,39,6030d91d28272bae0c645dc3d4eb064bdc0f32425f6f376295adada0024bae54
google_robot_open_drawer,127,False,False,False,False,True,0.25,1.0,113,62,8d2dd2031de690e6a5b4a9b1aa0dddee9fa33e4ecceccb21263695aaff144d11
google_robot_open_drawer,128,False,True,False,False,True,0.25,0.8333333333333334,113,32,58abbe74e5cf2de2dd08b8183dbc9e00d384921b4d65d6970f7aaeca02ace34b
google_robot_open_drawer,129,False,False,False,False,True,0.25,0.8333333333333334,113,38,d2b340c16a94966cdbfc46f08e042cff4d2134c7dff0171a0b768e3fd44bf597
google_robot_open_drawer,130,False,False,False,False,True,0.25,0.8333333333333334,113,36,acb3187f868d8f9a86743778a7a624814a133f54ce93efb362f2ceeeb9af1beb
google_robot_open_drawer,131,False,False,True,False,True,0.25,0.8333333333333334,113,93,de74dfb1563d04f203efe81db3b4f30fda80c967515f9eba6332d968603621b5
google_robot_open_drawer,132,False,True,True,True,True,0.25,0.6666666666666666,113,26,55a8778a194fcc417d4bb1f4d81d2ab611970eff67c3ac328e86320978b75515
google_robot_open_drawer,133,False,False,False,False,True,0.25,0.6666666666666666,113,23,c45c00d17095750447aa9ef702c4143818e400948e2ef161f79a2f5d83b5bb66
google_robot_open_drawer,134,False,False,False,False,True,0.25,0.6666666666666666,113,18,d69b1d81ba07f9e8e32dc0d11799278c03b12698f95503ff260364efbe28b50d
google_robot_open_drawer,135,False,False,True,False,True,0.25,0.8333333333333334,113,24,6207433d8cf71ff2aa0ac0056908afd815ac7faf4f818993b7959fe0c494fc9d
google_robot_open_drawer,136,False,False,False,True,True,0.25,0.6666666666666666,113,34,8d33bb6d417097643fc2a48c3bc8655976b140c470af939b5de73f84aaf7e40a
google_robot_open_drawer,137,False,True,False,False,True,0.25,0.8333333333333334,113,71,155cff7de12030579da044c31c5755618a6fc8e3e492111da5b27f0b1b5c1f8e
google_robot_open_drawer,138,False,False,False,False,True,0.25,0.8333333333333334,113,20,3d6720946654eeccd85f1612eb7f707f9aa40e93ec217186281eff378b92b54a
google_robot_open_drawer,139,False,True,True,True,True,0.25,0.8333333333333334,113,80,8d8139846c95dc4d14dcc73364bdf5c5277437e8900ef090ddc416d2925571f4
google_robot_open_drawer,140,True,True,False,False,True,0.25,1.0,113,51,164ac7c7099746b00f91717b5ab423ab9a61df01d2341a1791e3c353c40caf6b
google_robot_open_drawer,141,False,False,False,False,True,0.25,0.8333333333333334,113,29,8da2f0dd4c7d9f3883acc1704d5754cca2bec5d6337e17925f84bbbcf7877d4e
google_robot_open_drawer,142,False,False,False,False,True,0.25,0.8333333333333334,113,53,c5a0a1668c7afb7da0a0e31b9069b8c4b4376820613a1d9838a898abe6720678
google_robot_open_drawer,143,False,False,False,False,True,0.25,0.8333333333333334,113,29,e19cd833e34d9f94c9af15398923a316e25f91e6d1168dfd2f15cf4f4bcf8265
google_robot_open_drawer,144,False,False,False,False,True,0.25,0.8333333333333334,113,38,46cbf21606229a0adc634b474552165370458dde3b2b14f0beb2dcc461ddc03b
google_robot_open_drawer,145,False,True,False,False,True,0.25,0.6666666666666666,113,40,3ab265f0c2c9e48dc71b06dc7d506dfaa5127673835482b8e7f597ff5dfbb39a
google_robot_open_drawer,146,False,False,False,True,True,0.25,0.8333333333333334,113,54,533d8b6fda21fb99992c76626cbc705d68f43f71bb67480e9eb1d9b0e6baf8b1
google_robot_open_drawer,147,False,False,False,False,True,0.25,0.6666666666666666,113,18,c8391a9683256c0d8be6e622d6574ebd8a6d02e4a888f4bb692f393a4a0dbd7e
google_robot_open_drawer,148,False,True,False,False,True,0.25,1.0,113,70,53361c9d6cf47f4c0eaab6ce211661aff61cacf977399fb09b1bbfb97681f9f4
google_robot_open_drawer,149,False,False,False,False,True,0.25,0.8333333333333334,113,53,e510e13fe1b2b4d39c013ddc142dbef3ddca87cdb2155082f82f96199d385449
google_robot_open_drawer,150,True,True,False,True,True,0.25,1.0,113,59,6157a3f1abd7b7f2c4725b3ccdcbb28ffe00af08300c4021bf48112044946f81
google_robot_open_drawer,151,False,False,True,False,True,0.25,0.8333333333333334,113,24,fb95c26b708f43ef1494b1f95e79443bef9f88d8fb9fcdaf3b2291ca6b36da62
google_robot_open_drawer,152,True,True,True,False,True,0.25,0.8333333333333334,113,31,c1e1e7a06d2fc0a19ad9e66ca9eed3bff937d035b6057ae0ede67329b0552463
google_robot_open_drawer,153,False,True,True,True,True,0.25,0.8333333333333334,113,80,cffa8839f36210bc53bb84486a94994a92cdb6f11651a33bc7ba09f2cb17926e
google_robot_open_drawer,154,False,False,False,False,True,0.25,0.8333333333333334,113,36,d8067364bf960f05483218a9c88b1e122e5ab73e96d025227833c2b9ebe7f832
google_robot_open_drawer,155,False,True,True,True,True,0.25,0.8333333333333334,113,58,bbedb2b30128791878b5df0b71ff93d5df22649f81da9af4d12619c226de1e43
google_robot_open_drawer,156,False,False,False,False,True,0.25,0.8333333333333334,113,42,4c759f8dcd1b24fc49f3bad30a09fba2b33b58641a9d317b252dff28bdb421cc
google_robot_open_drawer,157,False,False,False,False,True,0.25,0.8333333333333334,113,46,284bc6e396a370dc85ad68ad78e85a3a1d55f91dc11865eb60b7d9728a3398ad
google_robot_open_drawer,158,False,False,True,False,True,0.25,0.8333333333333334,113,27,3edbc18a55df1b032f3e950f4fa4aa354137cda081744e73af9247039bda256e
google_robot_open_drawer,159,False,True,True,False,True,0.25,0.8333333333333334,113,50,356834aec813c3c1a0b73c7ef56ee8f1d9d85ec958e9d93f416de0de410ac813
google_robot_open_drawer,160,False,False,False,False,True,0.25,0.6666666666666666,113,45,1607125aea9827053b822c2a24cb1bcadd26d4768b3e6d0d59a2946c3cd8b7fc
google_robot_open_drawer,161,False,False,False,False,True,0.25,0.8333333333333334,113,58,f176a08697ca47bfa262ecb34ee13a6ac4aab1d722500e04b82df58e4f28d9a4
google_robot_open_drawer,162,False,False,False,False,True,0.25,0.8333333333333334,113,29,881fe20acddeb5ebced19783b59d3ba149d78b0262e24253c92398daa2419edd
google_robot_open_drawer,163,False,True,True,False,True,0.25,0.6666666666666666,113,45,d3ab040f6257ffe66641e84a20101739920cc5b20fd505ad13bab95d5ba43bf7
google_robot_open_drawer,164,False,False,False,False,True,0.25,0.8333333333333334,113,42,5a001ceabe4b807ae6c659b851e239bb00183a4094d96df42914058e74c489ee
google_robot_open_drawer,165,False,False,False,False,True,0.25,0.8333333333333334,113,47,047524082f76b6907cd7e8bfde547c44b263dc660faaade19b03b7c5decfa2ab
google_robot_open_drawer,166,False,True,False,True,True,0.25,0.8333333333333334,113,42,3dbc03a69a17d5d26ec90663a898b6c5b8891785eef960cd06ee15fedf5dc1d5
google_robot_open_drawer,167,False,False,False,False,True,0.25,0.8333333333333334,113,53,85f2f359671f19afce285e70d0506ab7c347ddbf81d59b6dbb3e5c0ae1e207db
google_robot_open_drawer,168,False,False,True,False,True,0.25,0.8333333333333334,113,67,593d5fc3582af109a95b5e3f413da86227004a4fbb66597cfd9d880ba4bacab5
google_robot_open_drawer,169,False,True,False,False,True,0.25,0.8333333333333334,113,58,a3dad572fbb0d19e5b0ee8bf594c91e460fe0cab352c9213947ef28ae8d5b3f5
google_robot_open_drawer,170,False,False,True,False,True,0.25,0.8333333333333334,113,93,d40f397240369220d20247da5fe2fd52f9e2914466bf67cc75c6b69758140221
google_robot_open_drawer,171,False,True,True,False,True,0.25,0.6666666666666666,113,52,c815db94c12aa7ca617ad4f8019f648ebaa1364f251b9700d60c4a71fbce508a
google_robot_open_drawer,172,False,False,False,False,True,0.25,0.6666666666666666,113,37,8ecdf682c1e4f90fb75a2015abe8f9a5aa0420e21f1f8626eb3753e27e01ece6
google_robot_open_drawer,173,True,False,True,False,True,0.25,0.8333333333333334,113,80,fe8dfd515e048c33d13ad6271301bc6dc4cb2c845114b09789d42b6291ee6b95
google_robot_open_drawer,174,False,True,False,False,True,0.25,0.8333333333333334,113,58,b1e844859ba57c2399e1298c789d61a8452a095bd310e096fd231cd08fe3f4a6
google_robot_open_drawer,175,True,True,False,True,True,0.25,0.8333333333333334,113,41,4c4d3c78f1e9f2031258c01d088ea6c4103c929b9214b82f9dbdac8073a87254
google_robot_open_drawer,176,False,False,True,False,True,0.25,0.8333333333333334,113,24,e300c885a9dd9ca214be9bffd5c15b9aed922db396c2a2f9e706624abd0b94b6
google_robot_open_drawer,177,False,False,True,True,True,0.25,0.8333333333333334,113,43,dd417da6832e441479d5d52dc38ef393a6b98ffcd7eb3d5c6544c051c899751a
google_robot_open_drawer,178,False,False,False,False,True,0.25,0.8333333333333334,113,58,ffd9963a68c1d93a19bebc3c3b5feb21d3404931227d8307b6783f224689c90c
google_robot_open_drawer,179,True,True,True,True,True,0.25,0.8333333333333334,113,38,d0a77802b8a325b6126fefc66e2fb013665c8528fe697d863a386c0753bb30e0
google_robot_open_drawer,180,False,True,True,True,True,0.25,0.8333333333333334,113,30,b1fd5cd8c6b89f5b9b348a9c527be28477df0cf959c67a465c289fce7f05efbc
google_robot_open_drawer,181,False,True,True,True,True,0.25,0.6666666666666666,113,26,42977f28aa59e5f7112c3ee4405e5c33285b366c83357b2e0998f77aad90cd96
google_robot_open_drawer,182,False,False,True,False,True,0.25,0.8333333333333334,113,27,2e05d20218537b30735edefe99afcfe55bfe4c64460218e92aa7ccc54d0d4160
google_robot_open_drawer,183,False,True,True,False,True,0.25,0.8333333333333334,113,53,78f7ed87fedc30287d5bba5702fbdee2f957c559ee27c863efd7300a0eb8a5c2
google_robot_open_drawer,184,True,False,False,False,True,0.25,0.6666666666666666,113,92,43ee4b982efc1c3bb4e9aa4b467b41a4bd141dfd1ba7a4e3a49fc31cfcb18f1d
google_robot_open_drawer,185,True,False,False,True,True,0.25,0.6666666666666666,113,25,9156eda6c9dafaea4017ec40a7d9ad0b8d3ca971783acb6672a11aff73b02b9b
google_robot_open_drawer,186,False,True,True,True,True,0.25,1.0,113,65,a5991d556bb823e4c6d2498a5b22d1fb51900a818c4d657451a1bb1bea4b30c4
google_robot_open_drawer,187,False,False,False,False,True,0.25,0.6666666666666666,113,37,7e710cd8abe66a326dfeb22cbc30f00280edb028344d5d2a527a5f528d11bf36
google_robot_open_drawer,188,True,False,False,False,True,0.25,1.0,113,92,2ba236e4de61645d8f85241c5009a831f683d160f73d41c70e094377a612e82e
google_robot_open_drawer,189,False,False,False,False,True,0.25,0.8333333333333334,113,40,776649b76d2b2fccaadb0c5556032a755ea5b9083bb3e4bace77fe882034f7dd
google_robot_open_drawer,190,False,False,False,False,True,0.25,0.6666666666666666,113,95,b20daf2febb4e9432a0c4404e6b4afefa20cdc81767878847715f8d535e5cbc2
google_robot_open_drawer,191,False,True,True,True,True,0.25,0.8333333333333334,113,28,26531acfbc4851d52de374568464aac5e7d95032ea75deaf1cebc3227080356f
google_robot_open_drawer,192,False,True,True,False,True,0.25,0.8333333333333334,113,87,7ab9fade7756712534e7459d776f56093cfd3fdb252e122fa646500706dbd5f0
google_robot_open_drawer,193,False,False,False,False,True,0.25,0.8333333333333334,113,89,dc90a9afc480b80e330e84137e8aa2c24dbc5ae0ad281b2914d557ca75397f16
google_robot_open_drawer,194,False,False,True,True,True,0.25,0.8333333333333334,113,71,182bf070592fd06ef07bf6aa0efd7330a3a8329f68a10b9f3c29086e2fb7e9de
google_robot_open_drawer,195,True,False,True,False,True,0.25,0.8333333333333334,113,68,c0326e4ae94e8aa16c601dc64c8f9c8ecc3601eec89b481c8a1ab6792a3dc2a9
google_robot_open_drawer,196,False,False,True,False,True,0.25,0.8333333333333334,113,65,1e06e64bae9bf7c545427fccb54e0b2dc35b25ff95bb4639111fd0a7e47a787e
google_robot_open_drawer,197,False,True,True,True,True,0.25,0.8333333333333334,113,28,7af395bc7e153ad3eba07e4ca85d5740ae11a1341b9590b86d3b8013109c5db7
google_robot_open_drawer,198,False,True,True,False,True,0.25,0.8333333333333334,113,87,730580bda2934b3f3d821f81a8f4c03b7d0e866c4a8f1650b08fba7308ae53fc
google_robot_open_drawer,199,True,True,True,True,True,0.25,0.8333333333333334,113,35,8070631c0eb437334fb6ab7adb77ac4ff44b9d92960d2c4806ab19f2950dd805
google_robot_open_drawer,200,False,True,True,False,True,0.25,1.0,113,76,06d8050801ef38676282186e71291dbc2eab411928cf5b2ab31818e5c53fb41a
google_robot_open_drawer,201,True,False,True,True,True,0.25,0.8333333333333334,113,38,9525361e251ea1038a4fdc0d7f25e467f279b2bbfbbfcb0e3d321fe39b7ff7a3
google_robot_open_drawer,202,False,False,False,False,True,0.25,0.8333333333333334,113,50,66b7d5b3ecdd68e7820178ede5d30f70227d4fe9956acb7dd14f38b21c8e3b72
google_robot_open_drawer,203,False,False,True,False,True,0.25,0.8333333333333334,113,24,3777532ab734b986278ea4ffc86c11c5fa843fded7c31d4448fdc9b731e3bf0b
google_robot_open_drawer,204,False,False,False,False,True,0.25,0.8333333333333334,113,36,9e6bcfaab4c01b27d04dcacdfe26a56713bf7aec6afcd19d7cade5b1644b2c3a
google_robot_open_drawer,205,True,False,True,False,True,0.25,0.8333333333333334,113,94,d3aa6e43217b980b0695ebafe09ede052b5f461053552b7a7cadac21b99b742a
google_robot_open_drawer,206,False,False,False,False,True,0.25,1.0,113,62,eb348dac7da29c8cc7f718a33c8ef5a1480b6362e57ee5da4d308414beed0f26
google_robot_open_drawer,207,False,False,False,False,True,0.25,0.8333333333333334,113,24,fb35eb7ab1df2ffb7d090d2ed651b40cdbf60be8dcaaa3eb408f336d4da712d3
google_robot_open_drawer,208,True,True,True,True,True,0.25,0.8333333333333334,113,47,44dce3ba879fa3eb815254175abeac6cce49b23f6a937a19a06db56941df31dc
google_robot_open_drawer,209,True,False,False,False,True,0.25,0.8333333333333334,113,77,50c60980f03277d17dc0f2b2022925cdca76b59998a8aacd570b42c0090cf0d0
google_robot_open_drawer,210,False,True,False,False,True,0.25,0.8333333333333334,113,94,94c27a5642c5b209da1a0f03e2e8e1e9425cca3bfa21ff5e10c0ec490621404a
google_robot_open_drawer,211,False,False,False,False,True,0.25,0.8333333333333334,113,89,960222c7c1c8922ef3651ca31211c67dd5f1929961eaecb24fcf7c849b52b9ca
google_robot_open_drawer,212,False,False,False,False,True,0.25,0.8333333333333334,113,47,a67548af6f0f96fbd6ff7ee3311fae0da5268798ed6f5233a0a275b827619afc
google_robot_open_drawer,213,True,False,True,True,True,0.25,0.8333333333333334,113,38,f6dcfcf7d91dfcd2922b39ccbb301985ba964a1f07f49cc07e3ed11c0aff2a68
google_robot_open_drawer,214,False,False,True,False,True,0.25,0.8333333333333334,113,42,e5ad6b9387528a0acdac07df3f0c246bf6b2f5c2ab8efea67c4da69057ed316b
google_robot_open_drawer,215,True,False,True,False,True,0.25,0.8333333333333334,113,94,0386b021c0f84d3b36a10543c7796409c00940763551686cb8d948b4bb873c2a
google_robot_open_drawer,216,False,False,False,False,True,0.25,0.8333333333333334,113,74,10cc95953c8ca9d55a5061f6fcca2115efd056749be0503d034fe8fb66304a6f
google_robot_open_drawer,217,False,True,False,False,True,0.25,0.8333333333333334,113,71,def13a9af3c2be21bc6b8ca9f1f0233970dd6d5828ef7f5328910b9cf1dbf251
google_robot_open_drawer,218,False,True,True,True,True,0.25,0.8333333333333334,113,48,2bbd01b9c5e5db25879cd574f6753baec381ffed7bcc9df18c803f3da9ad55f1
google_robot_open_drawer,219,False,True,True,False,True,0.25,0.6666666666666666,113,80,2a73fd3af779a61c22cab7cd86f677db32e7a3c7b9002add4f925f6cdadf6047
google_robot_open_drawer,220,False,True,True,True,True,0.25,1.0,113,51,2c06aae26bdc2321c3ccdf044e78cbc5e3f068faa51fce39d512806a223d0ef2
google_robot_open_drawer,221,True,True,True,True,True,0.25,0.8333333333333334,113,56,a3d70d114144f593f4f8a8d8cf6de6049390afc9fdf5520d6b345c0896563664
google_robot_open_drawer,222,False,True,False,False,True,0.25,1.0,113,70,1f708dcc68c9da192fefae0fba36b25304448a4166814193b68b22effde7c44a
google_robot_open_drawer,223,False,False,False,True,True,0.25,0.6666666666666666,113,41,107f347252ffc9edf748057031b330c854a3a48e6c4689c9af38b931c3aa1840
google_robot_open_drawer,224,False,False,True,False,True,0.25,0.6666666666666666,113,83,f87d225c85e5b7f74bb99eb41261e957e084a3eca0c669560e303d2b1174824b
google_robot_open_drawer,225,False,False,False,False,True,0.25,0.8333333333333334,113,59,22238d4211b3a9e5af7f62c6a666a01c77ed1b256d5b2b6b055772771755e06f
google_robot_open_drawer,226,False,False,False,False,True,0.25,0.8333333333333334,113,48,5656eb99c17f6aa0c890abe8524a48f0b021549802fae921a342257d8db61745
google_robot_open_drawer,227,False,True,True,True,True,0.25,0.8333333333333334,113,80,ae816786ab6d2cdf613d25d0cea037ba60447e805d3f80490483ef22fea22457
google_robot_open_drawer,228,True,True,False,True,True,0.25,1.0,113,52,fec9cc1506d69c353270914275fada5b0a30855a45154dffd78347239dfb114b
google_robot_open_drawer,229,False,False,True,False,True,0.25,0.8333333333333334,113,54,e8caf4ee39f12e125235cde8a4ead96f0364004454671bb3730d9cb12aabbcb2
google_robot_open_drawer,230,True,True,True,True,True,0.25,0.8333333333333334,113,42,47223ce817e76c84479de828e6635be7c768ceb2b5c192e6b573002c0a99e279
google_robot_open_drawer,231,True,True,True,True,True,0.25,1.0,113,70,b3f18646f94dcf7b4142c0dab70fb161be3a0f99244a028e8665a1b2d2ec3d8c
google_robot_open_drawer,232,False,False,False,True,True,0.25,0.6666666666666666,113,34,3394d32efac6dc39162ca992241f2b258c2ee8a8ad71555cc5252d85db949f90
google_robot_open_drawer,233,True,True,True,True,True,0.25,0.8333333333333334,113,38,13c48613c1ee6016ed32f45c0b9f8986a410b0635c9050afd7d78f7db9743168
google_robot_open_drawer,234,True,True,True,True,True,0.25,1.0,113,70,0a6965065781993d6e220f00a3e3ff1adde5c6ca6a07600203710d45a4e3c08d
google_robot_open_drawer,235,True,True,False,False,True,0.25,0.8333333333333334,113,51,8ab4e786fd8756d64692d1671ca2ec60abb7355155c101e37928ec0eb8dc42fa
google_robot_open_drawer,236,False,False,False,False,True,0.25,1.0,113,66,a1b225ba64cb033416919a5fd3b1cb17b2adf857e72a08a308c74c494d65ab27
google_robot_open_drawer,237,False,False,False,False,True,0.25,0.8333333333333334,113,74,4498039c2ade4cb9ec02de9819055e41d792806860e58c93da9a832a1b121757
google_robot_open_drawer,238,False,False,False,False,True,0.25,0.8333333333333334,113,30,78df8e49015b3fdd9532592e4315e1d3168cdf7d511b2321a77b417164981330
google_robot_open_drawer,239,False,False,False,False,True,0.25,0.8333333333333334,113,50,53338ec313b0e549b8b469e73ab158b0e7d01a80767aaaa59352f28f0cbe4565
google_robot_open_drawer,240,False,True,True,True,True,0.25,0.8333333333333334,113,46,fe7896465a22bc660b2bc54aa60d83034060f7101af1d049030dd9ba98d818f7
google_robot_open_drawer,241,True,True,True,False,True,0.25,0.8333333333333334,113,31,a9fd6b7d1748dc5f074e29cf489e6e260953d997f74d6b66876d5fec46463416
google_robot_open_drawer,242,False,False,True,False,True,0.25,0.8333333333333334,113,65,e6f8a5959e7be476920acad74ed1d838425b41cb89d21dedc145cbf13588089d
google_robot_open_drawer,243,False,False,False,False,True,0.25,1.0,113,77,c49889b385ba2be75e769eaecb9eb1761ddf259274d25613b4249ae114638204
google_robot_open_drawer,244,False,False,False,False,True,0.25,0.6666666666666666,113,22,e0b1471a664cbcef9bf0826bb3caabe3bac7065b277374df5cbdaadd1b191810
google_robot_open_drawer,245,True,True,True,False,True,0.25,0.8333333333333334,113,46,d8814da47a42f067792ba5d67aab9463f4fa34dc189ff3c514199433f9844f96
google_robot_open_drawer,246,True,True,True,True,True,0.25,0.8333333333333334,113,54,c36cea0bc66a2604655af60e90698c6427560045f86fe04def21d973b21883dd
google_robot_open_drawer,247,True,True,True,True,True,0.25,0.8333333333333334,113,37,e5273f73a7934fec367d112c11c61c1d5ad97f87bc8116cfb68c57996524f443
google_robot_open_drawer,248,False,False,False,False,True,0.25,0.8333333333333334,113,89,319a7dde435f037e10c0d823fb2a9f9f5701f7b3eb06170df1e0f48b98756350
google_robot_open_drawer,249,False,True,True,True,True,0.25,1.0,113,46,e100fecf9eff05bba2bc191e5838377d3fecc30a93f9c92ba86613c6578bc9e1
google_robot_open_drawer,250,True,False,False,False,True,0.25,0.8333333333333334,113,89,f674975e67237dca5df418b99137252cd09f613603905c12cb83b92427482902
google_robot_open_drawer,251,True,False,False,True,True,0.25,0.6666666666666666,113,47,700c76f0d01df6628ca9baabea2edff28585586246398daa80b20d0d1fed0c1d
google_robot_open_drawer,252,False,True,False,False,True,0.25,0.8333333333333334,113,71,648f23a21692e9334b6c4101fe69f0fd8184ac40c958ca1bdbe0c3f16af5a2f2
google_robot_open_drawer,253,False,True,False,False,True,0.25,0.8333333333333334,113,58,53593c56fe1228a0559ce9d181ddcec0e32b6aa4fba2950741d1fc2585e5768a
google_robot_open_drawer,254,True,True,True,True,True,0.25,0.8333333333333334,113,47,fd959cdc61ddea20dd113b295ec1033740ae5d1ef126a30957ac7f27109d5e76
google_robot_open_drawer,255,False,True,False,True,True,0.25,0.8333333333333334,113,42,90957c5470fdcce3acc29dea7ce85e7e0fbbb43ea87379e26ed23d530bf54849
google_robot_open_drawer,256,True,False,True,False,True,0.25,0.8333333333333334,113,44,429668471b36f3f5b70095e9503d072fae77701d93fef80b1fc75159015fff5f
google_robot_open_drawer,257,False,False,True,False,True,0.25,0.8333333333333334,113,65,5ad0a433520848ab5b2bca57d177410138a0084628a0f5279d81214080cc8906
google_robot_open_drawer,258,False,False,False,False,True,0.25,0.6666666666666666,113,40,7931569979221f6821e18e339deb529c983f5a7a862bcc76798b69add227d724
google_robot_open_drawer,259,False,True,True,False,True,0.25,0.8333333333333334,113,27,929c77dc64004495d5923b28a13d9d2774b58969d9efabf48b07f7a1983bf7f8
google_robot_open_drawer,260,False,False,False,False,True,0.25,0.8333333333333334,113,89,caf0cf41a58483ecd5ffb09745ffe4cd3799f70e66cb9b7c27edcfd5b34991ca
google_robot_open_drawer,261,False,True,True,False,True,0.25,0.8333333333333334,113,27,a48bfd6adefd58c84b2ca8b60dd8437d5dc50956fbc1a2001cca30137f154468
google_robot_open_drawer,262,False,True,True,True,True,0.25,0.8333333333333334,113,48,6179cb787827c4bdddb43fa28a84394666b1224e70edd37c3e3e5ba19062c38c
google_robot_open_drawer,263,True,True,False,False,True,0.25,0.6666666666666666,113,37,14da070fa1cee198a74fdfa7a383e4f3fee74ff44bc47d4e8f8fe984ebf217a8
google_robot_open_drawer,264,True,True,True,False,True,0.25,0.8333333333333334,113,47,2b725c4022e59d693d195119d8e4ad911b11d501a33634befbda2bebd994905c
google_robot_open_drawer,265,False,False,False,False,True,0.25,1.0,113,37,ae420d4de8b86be421122ae5816f1b193295ce7d1d6f4e9baa4901ed2e6e2383
google_robot_open_drawer,266,False,False,True,True,True,0.25,1.0,113,59,975c0ebd9e094109d0b5eaf3eeda061fc386cee118dcf1283bd379823ed8ea1a
google_robot_open_drawer,267,False,False,True,False,True,0.25,0.8333333333333334,113,37,8a2f631be267bd89bc0dd7bc7c17a6695a788e59ec115b783b473b77965e1455
google_robot_open_drawer,268,False,False,True,True,True,0.25,0.8333333333333334,113,43,0dd09d53fd1dd8e0964468e7ed15d36f21abe29f934954fb1c0de8f568383bd9
google_robot_open_drawer,269,False,False,False,False,True,0.25,0.6666666666666666,113,45,40c52896142857f537ada9b92858f9a307f694f2e34b42eb253802281432c476
google_robot_open_drawer,270,False,False,False,False,True,0.25,0.8333333333333334,113,48,9e75b9e3595a9d58b3a344f0d691c598091aea31bd484db20475398d442f4660
google_robot_open_drawer,271,True,True,True,True,True,0.25,0.8333333333333334,113,38,64df1b23ad2b77ff34e6c288de5d16052db36f69c2fe52b2661a450e6f2861d5
google_robot_open_drawer,272,False,False,False,False,True,0.25,0.6666666666666666,113,37,316ea3e2029e7cd3c2697b7d3961f6ac5da26d638321858d2142c16c21e3ad6b
google_robot_open_drawer,273,True,False,True,True,True,0.25,1.0,113,57,4d48f3c81f70dc2170b76d6ce71c68cd67ce044fb2165a6106fc1c04574457c2
google_robot_open_drawer,274,False,False,False,False,True,0.25,0.8333333333333334,113,30,c77fd1647bd742492b0aebe53755323c3fced7756b2570190dea04818443928b
google_robot_open_drawer,275,False,False,True,False,True,0.25,0.8333333333333334,113,24,5f12c4942250619cfc3457bfd9c01f0be3bb318c21e4a93e34cba18bf14c491a
google_robot_open_drawer,276,False,False,False,False,True,0.25,0.8333333333333334,113,58,66f0dc09d66d0bf35389a64fe0df23c4f6bd2de1f865e1bf7746464ff888d2d2
google_robot_open_drawer,277,False,False,False,False,True,0.25,1.0,113,66,4cf76b826cc5b7c59c13bf39ab4388d9f33ac6fb5d028d798207727dcf80e987
google_robot_open_drawer,278,True,True,True,True,True,0.25,0.8333333333333334,113,37,b7b36e681184e26cd5ab6352b48d0f892a0d176430790efff02ca0c7d1281370
google_robot_open_drawer,279,False,False,False,False,True,0.25,0.8333333333333334,113,51,8f555304eb6bff959cddf5682dd40d89057d8282c0fc73c78b323bd5c4d2d59c
google_robot_open_drawer,280,False,False,True,False,True,0.25,0.8333333333333334,113,37,e1698e7f08cb2fc2748c46de3fce26ecba4a621190cd8a3ba1cd847b9e715c5d
google_robot_open_drawer,281,True,True,True,True,True,0.25,0.8333333333333334,113,56,a61725892ac3a3da3ce7979bbe78ad030867bed80de9a05e61b7ae0f1fbabc92
google_robot_open_drawer,282,True,False,True,True,True,0.25,0.8333333333333334,113,30,c79aae20a3cb2e3a6a07c0c1053ed6bfb97c3fec851a318a6f2cb67afab16acb
google_robot_open_drawer,283,False,False,True,False,True,0.25,0.8333333333333334,113,37,e06377be3b4a6d0fb0828825fadd52a74e3fed0aecc3589ed4fe2ef1d051e56b
google_robot_open_drawer,284,True,True,True,True,True,0.25,0.8333333333333334,113,45,d0e9ed5137f71f3ce52705e834d0380a409f0144a52e47cd1601e3d7570b3abb
google_robot_open_drawer,285,True,False,True,True,True,0.25,0.8333333333333334,113,30,22538280f4a8ff2fa35b571fa15faedb7fec522f25059db87965f4601669fce1
google_robot_open_drawer,286,False,True,False,False,True,0.25,0.8333333333333334,113,58,d9bd8d6a90cceab737d2d906ed1b31a24b5bd7de0fd021e73c6af5bee2192e82
google_robot_open_drawer,287,False,False,False,False,True,0.25,0.6666666666666666,113,104,68a7130d094886d8f28fb4c02d59e72ca0ee17f16701de66803bccbd6b0e5b29
google_robot_open_drawer,288,False,False,False,False,True,0.25,0.6666666666666666,113,88,5a640d31d17621514c5b79d9bafc37c5838fb3613057341cdb5070008c33c988
google_robot_open_drawer,289,False,False,False,False,True,0.25,0.8333333333333334,113,74,f910bb4af421a21fdf8bf95be2182c49c0c8b71d894466f626aa86b67d0090bc
google_robot_open_drawer,290,True,True,True,True,True,0.25,0.8333333333333334,113,35,8321eb5153790ef6c16a6b4b1495d8b9d7930f72c50343ccdb842a4c7847e447
google_robot_open_drawer,291,False,False,False,True,True,0.25,0.6666666666666666,113,34,508b43de9da885c93fe0906abd61ec3c5d10fe37cb7a18686870464f6eb95a66
google_robot_open_drawer,292,True,False,True,True,True,0.25,0.8333333333333334,113,38,c0d49003bd5afa5056965eee4c8950017e65a71b9b169bb7d3d7706bc131b24b
google_robot_open_drawer,293,False,True,True,False,True,0.25,0.8333333333333334,113,93,54ce6981acf518faa04768e13b153eec9368359637853b98250e3fff2ab51246
google_robot_open_drawer,294,False,False,False,False,True,0.25,0.8333333333333334,113,39,04c1d1f49e418056e627f03c370367fcbb3b48818a89e053e35128f21e75e28a
google_robot_open_drawer,295,False,False,False,False,True,0.25,0.8333333333333334,113,46,9ce618233c8adfb2168f8edd9fe14983702339d8891d488ad466129bdf27931a
google_robot_open_drawer,296,False,False,True,False,True,0.25,1.0,113,70,20619a8e74186111da82e703d4a5fc744b595d840a97db367154f9b499d7f976
google_robot_open_drawer,297,False,False,True,False,True,0.25,0.8333333333333334,113,65,538b4afde72fea493a8d56241295b0396f7f1db1e8e717a80b653894f1dc9ace
google_robot_open_drawer,298,False,True,True,True,True,0.25,0.8333333333333334,113,80,a68aabeeb4f8af604bcb5645149e0efa1d58e78350ab4ce680f5e7b47ca2c9d3
google_robot_open_drawer,299,False,False,False,False,True,0.25,0.8333333333333334,113,30,8e5fb280ccec9d55432ae3e9e08ace6b9ceccb6f215b406a25fbc4dec9be8ad6
google_robot_close_drawer,0,False,True,True,False,True,0.25,0.8333333333333334,113,49,538ca0be9ea286b8777551472d123b2205b0343429491f61d5959f9f40d8eea8
google_robot_close_drawer,1,False,True,False,False,True,0.25,0.8333333333333334,113,50,0f20d98315d4dd9eedddd4dc9d43ac4b0328d9b4a4cc3b59e7b96473dad032e3
google_robot_close_drawer,2,False,True,False,False,True,0.25,1.0,113,83,2b103147e60bdfeef34923a12df03696c88b8d5e2c11f4213792237634901427
google_robot_close_drawer,3,True,True,True,True,True,0.25,0.6666666666666666,113,35,3883bce151ba062d35de268e928357448e2dcc1a7234733bee781a133c12c8ec
google_robot_close_drawer,4,True,True,True,True,True,0.25,0.6666666666666666,113,49,2ffe31e64c1350a018d08f8ae7271353b1495a96078103ab9a9470fb9ae1c15e
google_robot_close_drawer,5,False,True,True,False,True,0.25,0.8333333333333334,113,41,aa3f9962d6550ee851a27b4958a27b89f3a9dd40914b5d79db22dc2ba4333094
google_robot_close_drawer,6,False,True,True,True,True,0.25,0.8333333333333334,113,94,61cd08dff887502e2d9340c51c67488ff6109c9f275fb0161ff6efe2be8a5843
google_robot_close_drawer,7,True,True,True,True,True,0.25,0.8333333333333334,113,26,5b4a1cdbe9d36b843f6811d3a4669db35be747d6fe659424a7bd138bdbd66c1c
google_robot_close_drawer,8,True,True,True,True,True,0.25,0.8333333333333334,113,21,d854d12ef9838d483bbd3ed5317f11ec3b671b29380eebbc313e2c93114929f4
google_robot_close_drawer,9,True,False,True,False,True,0.25,0.8333333333333334,113,77,efb6033fa6084b509ae079a25fa543558bfe18dac0797070fef041a07b5a3820
google_robot_close_drawer,10,True,True,True,True,True,0.25,0.8333333333333334,113,27,bb8ec26d075885f3e22bbc4e81d97fe0280a62dfda634f73878c1a58f435f8cf
google_robot_close_drawer,11,True,True,True,True,True,0.25,0.6666666666666666,113,34,66924af7e3ec75d0038c0155f222d95bd65aeb061edaeb2b19bfe160c6b41fea
google_robot_close_drawer,12,False,True,False,True,True,0.25,0.6666666666666666,113,35,d5a16e4d7ba743deeacd44fea5352b0f9cf1bc2b5ff593b79d78363762cd84c0
google_robot_close_drawer,13,False,True,True,False,True,0.25,0.6666666666666666,113,101,a0db899782f25a04c7abbfd7ad6143bd33399b7a0010931d922e786cc9dde004
google_robot_close_drawer,14,True,True,True,True,True,0.25,0.8333333333333334,113,26,beb8989a126e43ba2adcd03cb1d199b2eb953e2a2915e3faf7099e26ccbfbe1b
google_robot_close_drawer,15,False,True,True,False,True,0.25,0.8333333333333334,113,49,3864c752f1e46751ec17fcb81bad8ed9c920de5cf1fabfe0d90460523828be9f
google_robot_close_drawer,16,True,True,False,True,True,0.25,1.0,113,24,3d8d293a28c6b0fca3d948a760a5d3ce56f9d14a8825e2a92988a67935425fb1
google_robot_close_drawer,17,False,False,True,True,True,0.25,0.8333333333333334,113,31,97b8189eff5ed7e183d454fdef21bc579455f7372b8a4cc8bba43488c053e83c
google_robot_close_drawer,18,False,True,True,True,True,0.25,0.8333333333333334,113,94,608e64f4fd71ab893a446069e63f2397127b43120fff74e3ee717f4502ee02b8
google_robot_close_drawer,19,True,True,False,True,True,0.25,0.8333333333333334,113,68,0c9e6b7c47e1b0177ba15f6d6af8d359f1b00a25d3ff0715d5e122dc2a2b45c3
google_robot_close_drawer,20,True,True,True,True,True,0.25,0.8333333333333334,113,49,e7f6d51a03b7f492d426bf8799071bba714b1e9698b625c14df2ce6b69fcd2eb
google_robot_close_drawer,21,False,False,False,False,True,0.25,0.8333333333333334,113,46,f5ad85320f0ffed8e3cfd003b8094f8c15dd4ab765e2e802d69dc7fdfb8ade8e
google_robot_close_drawer,22,False,True,False,True,True,0.25,0.8333333333333334,113,26,e9925ad26b1cf26c900f07c5b9a6b9823a7ac7ba796f8fb5542b79e0c3046b84
google_robot_close_drawer,23,True,True,True,True,True,0.25,0.6666666666666666,113,35,e64f92e6139a11bb800e23bdb9933763f0fffd384682cb727bf54fd4520af55c
google_robot_close_drawer,24,False,True,True,True,True,0.25,0.8333333333333334,113,94,f485e1365528a1d5a45acccb874b2b993581f73fe21ad2844c7d626dfd10996d
google_robot_close_drawer,25,True,True,True,True,True,0.25,0.8333333333333334,113,26,2cd4d091b638d980350c3c94cd4d92eb39cf413a58a90cc6498e2bcedd70f9fa
google_robot_close_drawer,26,True,True,True,True,True,0.25,0.8333333333333334,113,49,52a615811c1e68b70e89d2a94e8794eb544b2ecbaeee8e3cf6464f62d08ae435
google_robot_close_drawer,27,False,False,False,False,True,0.25,0.8333333333333334,113,79,5e5ea278f68ad3543a2c8802808045b416d238c89a743d77c3214b508df1b242
google_robot_close_drawer,28,True,True,False,True,True,0.25,0.8333333333333334,113,68,7d44f15f0dd0fc3a005434113ae60ee25177ace0faff1f66a91b9d9d99156316
google_robot_close_drawer,29,True,True,True,True,True,0.25,0.8333333333333334,113,20,54335f7076139c91d9bab7b05f3490226d3ee3e139d75b97b3e0c3007d8962d7
google_robot_close_drawer,30,True,True,False,True,True,0.25,1.0,113,24,f1366e1f5fe7e79d1d8354923bc4d1d1f06704707377e03f5b5b7baf800433f8
google_robot_close_drawer,31,False,True,True,True,True,0.25,0.8333333333333334,113,39,b1f672b06d8d9acfc9d653fae8817b80a80fbf7462d39a5f43d6b9ac6685e113
google_robot_close_drawer,32,False,True,True,True,True,0.25,0.6666666666666666,113,51,1256fe8a69fd7d2e3596cd4a04f6b2e62c53d339b848397ac4c9520615b7121d
google_robot_close_drawer,33,True,True,True,True,True,0.25,0.6666666666666666,113,21,71302314fe4d5b3524240611b43cd500573155e8dcf5f11a4260afe61935c8d5
google_robot_close_drawer,34,False,True,True,False,True,0.25,0.5,113,17,340552f8c63b61c4274a55dcbed7806b1b61a50bd41083797a24f2bf39d5da78
google_robot_close_drawer,35,False,True,False,True,True,0.25,0.6666666666666666,113,27,7df3601181fc305be5bcebd9473935661a5796b11f22effa851fc99fb2c02cb4
google_robot_close_drawer,36,False,False,False,False,True,0.25,1.0,113,88,9a57c8587beb3877d5704f291cf65facf507b3dcad539fe9063be4ff2802d0b5
google_robot_close_drawer,37,True,True,True,True,True,0.25,0.8333333333333334,113,37,c9384874e947a2b71ee60763fbf8443e01664756f378fad1ba4727c822b7ab68
google_robot_close_drawer,38,False,True,True,False,True,0.25,0.8333333333333334,113,69,d89038c963d0fa74a48008d48a06a2461c382901d61dfaa6f0847973759787d1
google_robot_close_drawer,39,True,True,True,True,True,0.25,0.8333333333333334,113,26,5ff191e5759dc6e4bf75536a428fd3db14418d3ef7ff30e9c08430354d05410a
google_robot_close_drawer,40,True,False,True,True,True,0.25,1.0,113,82,ecdb0888ace83d30ba37d35f8dffb0338cb906eb86e2d7c1fbc3f161f08c6626
google_robot_close_drawer,41,True,True,True,True,True,0.25,0.8333333333333334,113,18,29b08089d2f1468d1b34d964367057c2da87b5ff05d8879d9c34ea6fffe8c0ba
google_robot_close_drawer,42,True,True,True,True,True,0.25,1.0,113,42,ce4172f016bf1c76446ee331db589b1120b60660ade132ce21e9f9eec9282043
google_robot_close_drawer,43,True,True,True,True,True,0.25,0.6666666666666666,113,33,7d10b14abb69b7c7bcd91604eb6811c6e58329bbc069bdb9fb9b294933e26a99
google_robot_close_drawer,44,True,True,True,True,True,0.25,0.8333333333333334,113,14,6f3b466ee7fbb22c8a0ab239a291f9e5ec75363e1fe9b6f6fa9ba0edcdd1b3fc
google_robot_close_drawer,45,False,True,True,True,True,0.25,0.8333333333333334,113,94,9c6500e79b1d93e2441eb05ab10197d8e08e38c7fbb6994691a9b7bf6436e275
google_robot_close_drawer,46,True,True,True,True,True,0.25,0.6666666666666666,113,25,ae42c42ec4f5f6781853063bacf98812e349a13883b6ef7a863e26b0271415bd
google_robot_close_drawer,47,False,True,True,False,True,0.25,0.8333333333333334,113,76,436e5ccefb2dbaf6a0903ff526dcba87254cdb979bbdadee26ea456686022a3c
google_robot_close_drawer,48,True,True,True,True,True,0.25,0.8333333333333334,113,14,057293d9cb20927bbe282d4cd36231bdeb6801263fccb1a5ffeb05f0ed0f256a
google_robot_close_drawer,49,True,True,True,False,True,0.25,0.8333333333333334,113,73,d7d46d509b29912cb70fe36a05fbaa6eca25df84221cd8d9169cc338614e3b85
google_robot_close_drawer,50,True,True,True,True,True,0.25,0.6666666666666666,113,33,b84616eb8355e22b8c6d6d2b37ef98dcc6ac8149dbe62f7530e3e615adefd9de
google_robot_close_drawer,51,False,True,True,False,True,0.25,1.0,113,76,99b742e857d41b831acd67b812f564a0348c347db0456529da6c0175a04eb3be
google_robot_close_drawer,52,False,True,True,True,True,0.25,0.6666666666666666,113,28,f9b634b644a6725fee4c17271271cd233db003a84a1bc2e61a1384434e132bce
google_robot_close_drawer,53,True,True,False,True,True,0.25,1.0,113,24,ccdaf23bb690293583e8e03a9d73e8dac4feae86327ec64826cf11599649759c
google_robot_close_drawer,54,False,False,False,False,True,0.25,0.8333333333333334,113,84,477a28d22262683dc76d8586d0ed117e997f1d33a0dafabc3c11f227b75bf6c1
google_robot_close_drawer,55,False,False,True,False,True,0.25,0.6666666666666666,113,21,c1dbca447f041f30ab67922ed33956688898fdf740f8ec77f2de41d599f9ebc9
google_robot_close_drawer,56,True,True,True,True,True,0.25,0.8333333333333334,113,27,d6c1a3674602fe9cd01ad3023a5fc24620836b6d8d9c9429e0440b48069289bd
google_robot_close_drawer,57,True,False,True,False,True,0.25,0.8333333333333334,113,77,c1f30f31e6e7aa47cf25ab7be05d8888ebe8a0526c6692dfe3d4917666ea1b3a
google_robot_close_drawer,58,True,True,True,True,True,0.25,0.8333333333333334,113,36,026ad36f54a216176e8957926ed7b4adb3c863a17b322d5d7eb04ec80539f0d2
google_robot_close_drawer,59,True,False,True,True,True,0.25,0.8333333333333334,113,33,6a246e85263104d59e5665992274e4ae0085a2a5226288f74201a00c82dbbcf0
google_robot_close_drawer,60,True,True,True,True,True,0.25,0.8333333333333334,113,17,f1213f51337d52772a8aa92b486eae6e95cabe1221ed9894d016ee4dba627685
google_robot_close_drawer,61,False,False,False,False,True,0.25,0.8333333333333334,113,43,81e1643b3d8968f805b3a17f0ce741c15d5009ed5a81bbfd9349938064593392
google_robot_close_drawer,62,True,True,True,True,True,0.25,0.6666666666666666,113,35,858a7ce873fb0843bbc6ba25c260bdf3d86e1a90a4afd5f346290f24aad1744d
google_robot_close_drawer,63,True,True,True,True,True,0.25,0.8333333333333334,113,36,1d4a063494cbf2fbef61baeedc9e39e20e6bda582ac6bc82172facd7aa2ce9a6
google_robot_close_drawer,64,True,True,True,True,True,0.25,0.8333333333333334,113,56,8d7f563a9414b778ff8833424d6e206bcf756e1be02a582a22296ce2ba7e7879
google_robot_close_drawer,65,False,False,False,False,True,0.25,0.8333333333333334,113,69,f57b181c9e7a5f202c65c4bd6462a9bb73468d75fcd08443407070a0035b7ca9
google_robot_close_drawer,66,True,True,True,True,True,0.25,0.8333333333333334,113,49,bce4bcdea576acce22e3b34f6c9ce419c4c5d2c240efce7eaf2150eec7c7c6dc
google_robot_close_drawer,67,False,True,True,True,True,0.25,0.8333333333333334,113,34,63ef1d8c4520ffff653e46a3d09d943a93b7fe1df8e033b95045d27aa18703c2
google_robot_close_drawer,68,False,True,True,True,True,0.25,0.8333333333333334,113,39,0a5a1fc62b3ee7da2bbd8aa923fb8818f9e6b1f4ecfe6afe7cc1208eaa7273ff
google_robot_close_drawer,69,False,True,True,True,True,0.25,0.8333333333333334,113,43,138b3a4285ee2b13983251249299b0cb1111e98341f8a8e9c483f382183a3881
google_robot_close_drawer,70,False,True,True,False,True,0.25,0.8333333333333334,113,41,da434f2d535294d5fda46378bdbe28f3aa1ed164ff42e927ece123c749c7e15e
google_robot_close_drawer,71,False,False,True,False,True,0.25,0.6666666666666666,113,21,e0f0d094d043af4bbca3c5bf601028936b47af05504921cc6db1446de4761b81
google_robot_close_drawer,72,True,True,True,True,True,0.25,0.6666666666666666,113,20,e278ce174436c60422327aa89bcb93bde7ee909c5a43ac33b4f15201929d94ff
google_robot_close_drawer,73,False,True,False,False,True,0.25,0.8333333333333334,113,78,c18bac8b362b358d27c79106b87a5b680b8f0ab0046f64cb57daa92ccb3db0ed
google_robot_close_drawer,74,True,True,True,True,True,0.25,0.8333333333333334,113,93,a8b53057c0f8c87f392d3cc9b0f535a5187afe1f5eca5138582080a33bf6a8d8
google_robot_close_drawer,75,True,True,True,True,True,0.25,0.6666666666666666,113,33,8d7889e05d4fc7281414d82cda4ffa4407490a5c013d7133af4e29b714228edb
google_robot_close_drawer,76,False,False,True,False,True,0.25,1.0,113,48,892258342a14f914999f7310c4fe3f80c67aefb598b9d0b529f4fa35b44657a8
google_robot_close_drawer,77,True,True,True,True,True,0.25,0.6666666666666666,113,40,41aff0762aa7d2139503fcccaa6100087e691b4699ea27151b964ce487f18a2b
google_robot_close_drawer,78,False,False,True,True,True,0.25,1.0,113,37,60bd685b1ea73dde4e9b161096a75d735986ed7ef983a4aab69db3ea04b6b92b
google_robot_close_drawer,79,True,True,True,True,True,0.25,0.8333333333333334,113,20,dfdd423b8f2102cb6ed3815c3afc92d84a7eac7816a21e20d13d1a24265de80f
google_robot_close_drawer,80,True,True,True,True,True,0.25,0.8333333333333334,113,26,63165a6c5456eeeb7ca31a1b6ae6cfaef510bd99000999e971f5950a08ba137f
google_robot_close_drawer,81,False,False,False,False,True,0.25,0.8333333333333334,113,45,dc0f846149806d4d1e09969cf089186e780d1dc43566282d9172d4df972aa456
google_robot_close_drawer,82,True,True,True,True,True,0.25,1.0,113,38,9fe553cd247575e46cefa5f7906514e8e20eadb94106cf021e3300337f3afd0f
google_robot_close_drawer,83,False,True,True,True,True,0.25,0.8333333333333334,113,39,6378330dc07784d4ce54c985a1e9f3ea1576d57ee60dca6ad62fd7062ea78d56
google_robot_close_drawer,84,False,False,False,False,True,0.25,0.8333333333333334,113,47,1b1e745601bd5b7263b6af7bbbf9d9260b60c6969f0902eb3f343d99bdfdf6f8
google_robot_close_drawer,85,False,False,True,False,True,0.25,0.8333333333333334,113,66,c05d29441bab2d9c97cb341f3bf5e2a76aa698d24a20474cfdd4fd30c20726c2
google_robot_close_drawer,86,True,True,True,True,True,0.25,0.8333333333333334,113,18,c32bd2b6cf8ca16d2fab7a80df0f65f8823c16b28bd9834d64a9c8345b926408
google_robot_close_drawer,87,False,True,True,False,True,0.25,0.8333333333333334,113,41,3ea40afd56505a28c5b23445f85c799828248a3a7719b5b3593c222af36b147f
google_robot_close_drawer,88,True,True,True,True,True,0.25,0.6666666666666666,113,33,993a03fffd79e2cc180cf9eaa07ff4fb47be4033096ba18244f870ccdc6e1f75
google_robot_close_drawer,89,True,True,True,True,True,0.25,0.8333333333333334,113,93,a7a15e261d4be2b65d2e21ffb78f7e5cc3d945242d26e349e859f3cfce57028f
google_robot_close_drawer,90,False,False,False,False,True,0.25,0.8333333333333334,113,84,9f9ab136667cd0b75a3f96aed461dfc8e380beedc68a9ebc1556a866597a9eff
google_robot_close_drawer,91,False,False,True,False,True,0.25,0.8333333333333334,113,97,b67da43eeef7200d412ac67c4724dfa986525aa40e8f2e42ff9ccbaaea3bf96d
google_robot_close_drawer,92,True,True,True,True,True,0.25,0.6666666666666666,113,36,4bd6a86b6d58f0f7c20720f11cbb06d11fa4f07f014766c09a72021a9dfa63d7
google_robot_close_drawer,93,True,True,True,True,True,0.25,0.6666666666666666,113,22,2fb7fa023cf64ff24eaab2d4616cd0358a3f860ee92a01770c4cd276cf8e0c1a
google_robot_close_drawer,94,False,False,False,False,True,0.25,0.8333333333333334,113,82,8a0bc80c4b4c7c6c1e714e1a23e172c11feedfd9d1cb94d740170976565a61df
google_robot_close_drawer,95,True,True,True,True,True,0.25,0.6666666666666666,113,36,0797946f0dde5601f76ecdf559dd241da1968fd6ef72d610d1cf1dded721e563
google_robot_close_drawer,96,True,True,True,True,True,0.25,0.6666666666666666,113,22,e9279e4dac3256a3cea3f525e214fef66d913707512b2c07affb8e0cf7f85c72
google_robot_close_drawer,97,True,True,False,False,True,0.25,0.8333333333333334,113,85,c9dcef291bfa5e061bea2289c3ad108878f6b56de3b30c4a2611a6346c1d6aaa
google_robot_close_drawer,98,True,True,True,True,True,0.25,0.8333333333333334,113,49,3d3e36e138ce85b33f5da277277e026aadef9110a22e6cb505fc525dead36888
google_robot_close_drawer,99,True,True,True,True,True,0.25,0.8333333333333334,113,30,da8682bd390dcd74ab9ae26c5b8e2d22b29e0bda03ca11991224d2397f94ba41
google_robot_close_drawer,100,False,False,False,False,True,0.25,0.8333333333333334,113,79,5030f6ace6adceb0c7a8579b1cf2a2b36f46288c5dec3b6d5d94923492ef7191
google_robot_close_drawer,101,False,False,True,True,True,0.25,0.6666666666666666,113,29,f7ed6b5c4b6bff221e2c5f46afa407eb047b166b6c93e733afc3126d2ff11676
google_robot_close_drawer,102,True,True,True,True,True,0.25,0.6666666666666666,113,20,b7a164c28f1d870af8a30985bf6f07593ca3d517b0eb03e33f012e048ca72d01
google_robot_close_drawer,103,True,True,True,True,True,0.25,0.8333333333333334,113,21,9c5af3ecac0f5e33b2208461df90f7b04a72cd732812c49de5d5d625a534d9d6
google_robot_close_drawer,104,True,True,True,True,True,0.25,0.6666666666666666,113,26,a371b59954c64eb0d07c857391238df84b56239bbc1983245b748fc4688e885f
google_robot_close_drawer,105,True,True,True,True,True,0.25,0.8333333333333334,113,20,f9827923c1aa5e0e885c1948627631ea2997cfd1628840a67a7741c1821de6b5
google_robot_close_drawer,106,True,False,True,True,True,0.25,1.0,113,82,23832bba1f8550dc0d9f1bdc135669ac9effaac3b6397e281f85a33070e3591a
google_robot_close_drawer,107,False,False,True,False,True,0.25,0.8333333333333334,113,66,6aecf6fc32d8294f6c497341ed4b06e1eb570ea757a7e60bafc3b2a023b9c574
google_robot_close_drawer,108,False,False,True,True,True,0.25,0.8333333333333334,113,31,f1ab2e635364dd7aa775b83d0d8afcfc1b77db58a1ebff4ae79690b74634a550
google_robot_close_drawer,109,True,True,True,True,True,0.25,0.8333333333333334,113,29,6bd51fe764473c419ab180e571ac5d3d191a2345a128f3f2ef4a4ce10989f9a0
google_robot_close_drawer,110,True,True,True,True,True,0.25,0.6666666666666666,113,15,1031358d5f59b2fd64bee048990b9c717a8b4bdfac073d8bf1eadbd31e750f5c
google_robot_close_drawer,111,True,True,True,True,True,0.25,1.0,113,13,8e19604a7c15925493dfaa2d915cee46275b64ae38588f0b28ec4acefea9bee0
google_robot_close_drawer,112,False,True,False,False,True,0.25,1.0,113,83,01f0c1951675a34be10178307f531e09d12156b146876a9e1be6e3d7827d6252
google_robot_close_drawer,113,False,False,False,False,True,0.25,0.6666666666666666,113,93,7b9da19a4b836ff71a2578636ea151c631323f66e59d0d71e551be047118f055
google_robot_close_drawer,114,False,False,True,True,True,0.25,0.8333333333333334,113,28,20c271f24d3d57030a87189601e1ec907c887553b959bc56e919d1dcdd9514d2
google_robot_close_drawer,115,False,True,True,True,True,0.25,0.6666666666666666,113,53,78d8dd1eb5c838ac905e7f87ee220087b8900e3a170e6c65c68a1a0032953695
google_robot_close_drawer,116,False,True,True,False,True,0.25,0.5,113,17,0606deb2185479ebb0741351d63e3485f7ae7f3928dfef648a19352e8ad6439e
google_robot_close_drawer,117,False,False,False,False,True,0.25,0.8333333333333334,113,72,2f877e27db0503c5f36abc868c92abfb19d097645d8f65d24e984986d07bc15e
google_robot_close_drawer,118,False,False,False,True,True,0.25,0.8333333333333334,113,66,fb46f04d1c7e654c661dbdfac1873be7f1454b2551ffe02c19eb5f57a955c268
google_robot_close_drawer,119,False,False,False,False,True,0.25,1.0,113,80,29d0d0ece78975ffab8dc0bf106335ebd88177d5916f07bdd5e6cc718851f11a
google_robot_close_drawer,120,False,False,False,False,True,0.25,0.8333333333333334,113,79,5085298ebf854ffe1ab3a837f4f2ce394eaea1da80b5f635abd5a078bf2d754d
google_robot_close_drawer,121,False,True,False,False,True,0.25,1.0,113,92,e8dc2439a05b0cbfff370a7c2b65556ec845c4815ef5d5edee4fde7243a0db67
google_robot_close_drawer,122,True,True,True,True,True,0.25,1.0,113,39,2e23a45babe6738c0ff030a1a9b1edf7e607167656d19c65d26e90f4950cd898
google_robot_close_drawer,123,False,True,False,False,True,0.25,0.8333333333333334,113,77,1fce2ebd0715ad22ba43e98d43ea33b0f70d28280635e70b1efca7af57eb4667
google_robot_close_drawer,124,False,False,True,False,True,0.25,1.0,113,41,a7f8be240d0bd5a6aa11bcf9bdb279bc9c22f56f4a729c9853c14581d25ed365
google_robot_close_drawer,125,False,False,False,False,True,0.25,1.0,113,72,88be49ba7c926ea6d7080bcebf62bdaefdf34829df345694bcd203fa92debf09
google_robot_close_drawer,126,False,True,False,True,True,0.25,1.0,113,62,1c3ec028d1f8630b19e46b186734bdf7905eb53fe4f19b16bb735d4d710e1470
google_robot_close_drawer,127,False,True,False,False,True,0.25,0.8333333333333334,113,62,d5853d42f82512cec5f6dbefa85744776258ff2df7a6d0c5813cb43cc7e005cb
google_robot_close_drawer,128,True,True,False,False,True,0.25,0.8333333333333334,113,85,4a7a6d8b8aa2e0d5be78fa285f0242841e04e564dfc109c22c80f23613892708
google_robot_close_drawer,129,False,True,False,False,True,0.25,1.0,113,83,379b3d0289f57479cfe20223cdad38d2496f04d0c2241a0f10521344e42878d9
google_robot_close_drawer,130,True,True,False,True,True,0.25,1.0,113,24,ce1abc96222b45ccae4a2b555cfa8ea426f6ba4b2b008a916f993b3c77a4f9a5
google_robot_close_drawer,131,True,True,True,True,True,0.25,0.6666666666666666,113,49,c6b4c46fe52f43f87b51cbd273f32d5718271d216246b83d6e4a437d84962199
google_robot_close_drawer,132,True,True,True,True,True,0.25,0.8333333333333334,113,17,0cfb1028a745b16d9b3ac5237866ca7c34247b418af4f1c867f8f80b5f99d17d
google_robot_close_drawer,133,False,False,False,False,True,0.25,0.8333333333333334,113,46,40a346f3e4c9d3aeb953f6632a69c9bd7dd2ee67ea79f95af9c71b7333ffa15f
google_robot_close_drawer,134,True,True,True,True,True,0.25,0.6666666666666666,113,36,2a82594ad11e27467f35c5cecfcab5144fcf44a7aa4ea9829a7e7b7362f712ec
google_robot_close_drawer,135,False,True,True,False,True,0.25,0.8333333333333334,113,49,8f2a79c4a7c2716c65cd1d24712fa4c4a7c8535d5e546f8dc0e54e4bcffd15a5
google_robot_close_drawer,136,True,True,False,True,True,0.25,0.8333333333333334,113,68,195dcbb78547c2960568fd91aea2f23c41917f7c5acc7a8e8cd48558d5bbe401
google_robot_close_drawer,137,False,False,False,False,True,0.25,1.0,113,30,36f386663bd471f152d9c44f1ccc8080332687a1d965cdf349f2a3000486f565
google_robot_close_drawer,138,False,True,False,False,True,0.25,0.8333333333333334,113,53,d2420e310e6d78b928a12e8e29eea9436dc2a1089ee041215a73eda2efd73879
google_robot_close_drawer,139,True,True,True,True,True,0.25,0.8333333333333334,113,18,fb40eed499f1976b69fc255242eb502f07accc6068878126a4ce0a4f6412c04d
google_robot_close_drawer,140,True,True,True,True,True,0.25,0.8333333333333334,113,26,523c8f5876185f8bd3d1aa46fa31de5d23bea8dfa3bf28c285c749b3fc58d51a
google_robot_close_drawer,141,False,False,False,False,True,0.25,0.8333333333333334,113,47,ebe2dbc256b32d1f8a09a79d5f055c570de104bfab6ac94e146acb7b7ebeb574
google_robot_close_drawer,142,False,True,True,False,True,0.25,0.8333333333333334,113,69,b451f73c9f9bdb766a8db6f4d8fec14dea362665ebd05cb9da3729c1ee257e33
google_robot_close_drawer,143,False,False,False,False,True,0.25,0.8333333333333334,113,47,ccd2ea98cf2ed0d7e671c5c4bb7bc4854fcef12320659b08c499edc8df121fa2
google_robot_close_drawer,144,False,True,False,False,True,0.25,1.0,113,83,50396f27047d922c519e438ef3cbac88688c81026726e101ac662562db933a7e
google_robot_close_drawer,145,False,False,False,True,True,0.25,0.8333333333333334,113,59,c80fb83522261612f433f80352bd5113a0ed85a0ddc9eca0a73c282fb8ad1d33
google_robot_close_drawer,146,True,True,True,False,True,0.25,0.6666666666666666,113,67,d0a4af5ca590d63bcabb1e1bb54561350ec6524d2586ebdd6886450fc6151388
google_robot_close_drawer,147,True,True,True,True,True,0.25,0.6666666666666666,113,36,ad8fc15585154830a8143e0a0b840dc60cbd5de2b86672928d560029b687e49a
google_robot_close_drawer,148,True,True,True,True,True,0.25,0.6666666666666666,113,36,88a2ab57aab551fd14de2f70fa0094ffb07fba7a6975886350d7ce23fe340802
google_robot_close_drawer,149,False,True,True,False,True,0.25,0.8333333333333334,113,69,5111c0052964a0e06b025d2eee16c2a97b38ae3132e69d026e3bb73a6996e994
google_robot_close_drawer,150,True,True,True,True,True,0.25,0.8333333333333334,113,73,d9ba4631909d34d1cc0e1510beeef1cf2254bbbea2cfc322cbc0bf7ed61947e8
google_robot_close_drawer,151,False,True,True,False,True,0.25,0.8333333333333334,113,49,0f6e1e6268f83f1bb79826d1bfac40a7911a6204177508a4e11cf752c4471579
google_robot_close_drawer,152,True,False,True,True,True,0.25,0.8333333333333334,113,21,fdfef9276fa70c2713b2427a02ff25305822c5b82be8eecad15bbf8d51d7fa4c
google_robot_close_drawer,153,True,True,True,True,True,0.25,0.8333333333333334,113,18,fd30cd82a4f648f486479f3aee9f6b26bebc79ec68a009b56bd6f7530c1510bc
google_robot_close_drawer,154,True,True,False,True,True,0.25,1.0,113,24,135639aeb7634fe6fb46fafa1879e03a0d085c70488cbcd5f4cf10f67a619a3c
google_robot_close_drawer,155,False,True,True,True,True,0.25,0.8333333333333334,113,24,4749225b859a73f070f2f0876dc9f4571cd1f78d9b86141fc672538de7b0eec1
google_robot_close_drawer,156,False,False,False,True,True,0.25,0.8333333333333334,113,66,976734007322bc3a3dfd4d12c0bffe9000b008674e3fb364068990e8d8e8f8f9
google_robot_close_drawer,157,True,True,True,True,True,0.25,0.6666666666666666,113,20,1e31f858988aa8a902a055cc15ba3321d485802047c825709b2bc756cc335881
google_robot_close_drawer,158,False,False,False,False,True,0.25,1.0,113,68,ff6150aadbb0c0eb0a6c6eb3ef26c186896a66a17bea76ad6e0c92e534670408
google_robot_close_drawer,159,True,True,True,True,True,0.25,0.8333333333333334,113,14,ccb9d256d07189e01cb578c96c7a7a59cd5dfe8efbe6d5aabc3031c545208fc8
google_robot_close_drawer,160,False,False,False,False,True,0.25,1.0,113,77,d48dd7d2cb72cc6b30283e9d24178db96d8f3763daa7a8d2ccb19ed80e379d91
google_robot_close_drawer,161,True,True,True,True,True,0.25,1.0,113,38,9c968dba7608af62f740e60b3048631c2fdcc4d0a7c72bfe62726084d9c0fe89
google_robot_close_drawer,162,False,True,False,True,True,0.25,0.6666666666666666,113,35,62b39f282f3e3b1b74da7162a10f78e6b23179b791268db9d6a34898822d9ae8
google_robot_close_drawer,163,True,False,True,True,True,0.25,0.8333333333333334,113,33,600237dd1a2d733f44626ddd25808f0bae6f9fe1efc6256c8d1470bae2709663
google_robot_close_drawer,164,False,False,False,True,True,0.25,0.8333333333333334,113,66,921598f34f60a043f8415e5894c8afd96070ada1f4266d4cb0f25f67cd2faabf
google_robot_close_drawer,165,True,False,False,True,True,0.25,0.8333333333333334,113,27,b499512921ff7367ab863494e557f61f003366dad70a7db2f2916913be287c60
google_robot_close_drawer,166,False,True,True,False,True,0.25,0.5,113,17,c291d80d9aa84fb21a93978fac44a7b1ddf5d461131cec855330039404f05f18
google_robot_close_drawer,167,False,True,True,False,True,0.25,0.8333333333333334,113,69,4181305563c6e1f56dd280f7718a4e7eb51b6ec7fd14deefe3364de3c6a2fbce
google_robot_close_drawer,168,False,False,True,True,True,0.25,1.0,113,36,e739dda5af2a803f82457235c1c3b1532edc005a2ee21e5fa88a5d86304557b0
google_robot_close_drawer,169,False,False,True,False,True,0.25,0.8333333333333334,113,68,04421d0a40f69277140fe43eccaf5ba43b86214b19549342704af355f855b84c
google_robot_close_drawer,170,False,True,True,True,True,0.25,0.8333333333333334,113,45,751cd6756a6c573dd525ee35f8655f1cefb6b651ea11a79855c141758fef7ad5
google_robot_close_drawer,171,True,True,True,True,True,0.25,0.6666666666666666,113,23,1c08cef96f70ddf6e2e1864a320c8c7a02bb9655c5a672de51a8c0c1307f6ad4
google_robot_close_drawer,172,False,False,False,True,True,0.25,0.8333333333333334,113,99,17220b6b84965e42e84b3d393afb87a2834bbcbd91524bda112d11982f5dc62f
google_robot_close_drawer,173,True,True,True,True,True,0.25,0.6666666666666666,113,34,0ec4ec43b1fcb7f83bf0a5c0a3606a1e85895192de84c1828c5c4954db231629
google_robot_close_drawer,174,False,False,True,False,True,0.25,0.8333333333333334,113,68,9f4c559c9be0ba5b0bfd7405f0d1d54f9cfc3221945112fa9f987bd8188daee8
google_robot_close_drawer,175,True,True,True,True,True,0.25,0.8333333333333334,113,23,2cb14dd60d3f42692bd890959ec854fc4a4bd50ca0d560778be19d35eaa8c674
google_robot_close_drawer,176,False,True,True,False,True,0.25,0.8333333333333334,113,49,fac351c8d1dbca4cc399b1b0131c8b96e58f87b08e9fcf4f2acbb24c6bebae1a
google_robot_close_drawer,177,False,True,False,True,True,0.25,0.6666666666666666,113,26,3ff957c3b539a83b2a361c82a38817370da338206a24cf9c302858709b13b8e9
google_robot_close_drawer,178,True,True,True,True,True,0.25,1.0,113,38,ddd85027fe738aab1528182f171ae53987858db73e76535334afb17aa67c04a6
google_robot_close_drawer,179,True,True,True,True,True,0.25,0.8333333333333334,113,22,89c82778b21bd94ad8ebdcc0f154faf3b2e811f3b240925595d238c6d0c2ec9b
google_robot_close_drawer,180,False,False,False,False,True,0.25,0.3333333333333333,113,7,65e3beac6b22ef0aa1407196a0e782ab6904ee03ec335e45700a7861c845ce3a
google_robot_close_drawer,181,True,True,True,True,True,0.25,0.8333333333333334,113,17,9b1e4cc0b20d80c2561368808f44c6626e50b0c205e4c8ac59c9ba7b4111c487
google_robot_close_drawer,182,False,False,False,False,True,0.25,1.0,113,73,dbbc2f0af3a3b2a5de925960a30d0c3652f1f6d00a8d4e44edb366a46bc157f4
google_robot_close_drawer,183,True,True,True,True,True,0.25,0.6666666666666666,113,26,98de3fb74a8bb88b2611ab05d980090ff52324ce6c90f2ab18261576f26d6252
google_robot_close_drawer,184,False,False,True,True,True,0.25,0.6666666666666666,113,36,89181f6c588c14a5f45aed5762ca7322f392fced6ff90a176bfba4c10841ece1
google_robot_close_drawer,185,True,True,True,True,True,0.25,0.6666666666666666,113,22,c855039d4a3fbfb0018ba34b7080d056846332a664b9c8b99652344b156a7fb3
google_robot_close_drawer,186,True,True,True,True,True,0.25,0.6666666666666666,113,20,c3595bc4dfbd5cf8bd97be18a995b5e6cf216e736f77176b70c873fdecafa3e4
google_robot_close_drawer,187,False,False,False,True,True,0.25,0.8333333333333334,113,99,7d9ca52867a4d2e0c010d411a9ab59d89a00f86456337b37690a0ff498ead13e
google_robot_close_drawer,188,True,True,True,False,True,0.25,0.6666666666666666,113,42,d116152624cba458255503b5463d004f672d53b349d3a7f6cda004b1382f1064
google_robot_close_drawer,189,True,False,False,True,True,0.25,0.8333333333333334,113,65,2d04e070d229b4c3965a6439393c38f7095d6078bed6fde78cecf5a636a030b4
google_robot_close_drawer,190,False,True,True,False,True,0.25,1.0,113,76,9276adfa9b721eacc50f9180b433b232f7fcf3ad4fad3417a2b972499b7836ed
google_robot_close_drawer,191,True,True,True,True,True,0.25,0.6666666666666666,113,31,7a1720ff26ec8c19dccf75676119be38d6adb07d17e385b9548ca69cb4b69aee
google_robot_close_drawer,192,True,False,True,True,True,0.25,1.0,113,82,b0a1942c84f80d18c223ddd9c0ebb8e0e41d4ef8ea93daef4e5164169e2fb564
google_robot_close_drawer,193,False,True,True,False,True,0.25,0.8333333333333334,113,41,9f323af7771bbe2ea234aa856b4f05e9235f9b81958d2c52b9a6f121211b5ad5
google_robot_close_drawer,194,False,False,False,False,True,0.25,0.6666666666666666,113,93,b354a10b4ddae475a716841cb97b581c145873a6157b2fb9a101bd6fa8a62eb8
google_robot_close_drawer,195,True,True,True,True,True,0.25,0.8333333333333334,113,30,7e2e3dd7ef2aadf6ed2d1fea46dcdb36e0b448486e1c5bbccdd9849c5d4b1345
google_robot_close_drawer,196,False,False,False,False,True,0.25,0.8333333333333334,113,79,65392d10afb91abc6793b9c7727c0290fcbdebf8c2ab27a2bd5c35032bc4e093
google_robot_close_drawer,197,True,True,True,True,True,0.25,0.6666666666666666,113,31,c669db24b18660f3f01ef740e2176d9e3e376a277258affa01ab1b74c70e6102
google_robot_close_drawer,198,True,False,True,True,True,0.25,1.0,113,82,568d28d104c017cd88aa761ac9ab96adc9e9ced8c61422870818be5ba7e8e5c0
google_robot_close_drawer,199,True,True,True,True,True,0.25,0.6666666666666666,113,22,526b19712dff1d9184292e8b8db30632834a3d9557096f44344b466715983f82
google_robot_close_drawer,200,False,False,False,False,True,0.25,0.8333333333333334,113,96,b7e69404a77847ac6b50073bf8c8a190233d557e227b4498150c5ce97b5276c4
google_robot_close_drawer,201,True,True,True,True,True,0.25,0.8333333333333334,113,21,ae6b1b58a77fcfd5dc31cdd7f129d4007e2119e0d3d653469a4db9a96470a00c
google_robot_close_drawer,202,False,False,True,False,True,0.25,0.8333333333333334,113,63,421a14c39d3aa36912f56802bfb35e5d94298c9e8fe15bc3c514f9e9aca9c571
google_robot_close_drawer,203,False,True,True,False,True,0.25,0.8333333333333334,113,49,14fcac3a89393971c5e4c4c49b054a990093981fe550f634a1ebc73f5a88f79b
google_robot_close_drawer,204,True,True,False,True,True,0.25,1.0,113,24,e7bae04aecfe72bfc8d4deb3ecabcf6321047ad4928ced6b5276cd1cf6b787a6
google_robot_close_drawer,205,True,True,False,True,True,0.25,1.0,113,44,79baba7e1b145a62e3157ba11638b7f69255ab85d51b605230ef86b7204f40a5
google_robot_close_drawer,206,False,True,False,False,True,0.25,0.8333333333333334,113,62,fd9c24a0260b272132618d48e3facc1f1113ae718d322fb19dcae774530851d5
google_robot_close_drawer,207,False,False,True,False,True,0.25,0.8333333333333334,113,97,3874bdd9633acfc4ed26f1a1b0cedc1c552680692abd2512e571c1125e42b269
google_robot_close_drawer,208,False,False,True,True,True,0.25,0.8333333333333334,113,40,4549627ab2ef0db494636e0af3618547541e93e7cb6444c8e7961b6a0dcf8425
google_robot_close_drawer,209,False,False,False,False,True,0.25,0.8333333333333334,113,82,54f628028d7b1b3f76694b825fda8f36a47661481c6f8e46cc91d1c17b4bb0b1
google_robot_close_drawer,210,False,True,True,True,True,0.25,0.8333333333333334,113,39,8da0b7c5d0776aa8f83828e462031633dfb22a8a493d27b96c9392ce0557e997
google_robot_close_drawer,211,False,True,True,False,True,0.25,0.8333333333333334,113,41,1bd2eb72ebc1f774283b5f4f137c0a4a95cf0ee71304b73693778f20b9f9d9dc
google_robot_close_drawer,212,True,False,False,True,True,0.25,0.8333333333333334,113,27,968541141a1428a8f80bda69d84acac33ea5d222b90f3b3b1a8a431b93a9fd0c
google_robot_close_drawer,213,True,True,True,True,True,0.25,0.8333333333333334,113,21,70af008d90ecc1ec39fcc922665d4b5d5c57d419ab30c793adca0a2fe440c91e
google_robot_close_drawer,214,True,True,True,True,True,0.25,0.8333333333333334,113,16,7adcca46c1487d03c7f6bb97b4a2a05346d0852a8f69cadc8e16ed6e6efcbf61
google_robot_close_drawer,215,True,True,False,True,True,0.25,1.0,113,44,3ea429a368b481a90c5a81ed7d737bcc1e6c8e8c8923c767307dd3910b13ea24
google_robot_close_drawer,216,False,False,True,False,True,0.25,0.8333333333333334,113,82,841c3533b1e79c4c89dca2980985be7e6c276836dc0360aaa6a6648b24a91d3c
google_robot_close_drawer,217,False,False,False,False,True,0.25,1.0,113,30,011f25fddd1bdc1ff884f8a0915b15330a09972a91eef2eb3b0c810c02780133
google_robot_close_drawer,218,False,False,True,True,True,0.25,0.8333333333333334,113,31,05537f1a0365006ab1cc50d54198066d1e645f09ec96d8685076f16555b3c31e
google_robot_close_drawer,219,True,True,True,True,True,0.25,0.8333333333333334,113,28,a53eee5c34e010621b55c3ff5b9e41c0c912faba6ba04aab31efbada83840db4
google_robot_close_drawer,220,True,True,True,True,True,0.25,1.0,113,13,4fbc01e2cda5a4218b2372fd675e37de155e7cb743d59a13c3a67f22ad7d0e32
google_robot_close_drawer,221,True,False,True,True,True,0.25,0.8333333333333334,113,19,7c7947a8038fb381beb6ceb3f44ae32b7c5ed118b90ea7085a4dc5a7c07e982b
google_robot_close_drawer,222,True,True,True,True,True,0.25,0.6666666666666666,113,36,fa91f4ce0aa1c66abf83a21d5c5639d12317bb3d7d46f1cb8b64ee5772f61b20
google_robot_close_drawer,223,True,False,False,True,True,0.25,0.8333333333333334,113,32,74a202c6b014033ec1ac06ade6ae6abadff1710d83da0f649bf3bb4a196106e1
google_robot_close_drawer,224,True,True,True,True,True,0.25,0.8333333333333334,113,36,d668d0ad038b26427edb1184ac171040598cca66516660a8428a3b141046cf7f
google_robot_close_drawer,225,False,False,True,True,True,0.25,0.8333333333333334,113,76,2720cf6f344d29eaa59df60b831028aa6480693a71fe4cd8230a68f8c787d160
google_robot_close_drawer,226,False,False,False,False,True,0.25,0.8333333333333334,113,79,a268479b57cae050ffb31e470d24e6ea913b13c0b6f8c015f07b58ac2c946df3
google_robot_close_drawer,227,True,True,True,True,True,0.25,0.8333333333333334,113,18,44076a9e986296237c2bc50d057f6463d49a95e42af77154950831e3cad63e0d
google_robot_close_drawer,228,False,True,True,True,True,0.25,0.8333333333333334,113,42,07a299a1c94ef19282423969b12644ba14e4c98672b1a5e29ee2d7d3be88012f
google_robot_close_drawer,229,True,True,True,True,True,0.25,0.8333333333333334,113,20,8d4094b4322e7586a6d0b7f8b40da2934b869e059db862fe72108e25381d5114
google_robot_close_drawer,230,True,True,True,True,True,0.25,0.8333333333333334,113,22,d237e00d287afb01ac5b0815ec95d8e8a1f3ba4bb0ff9e581a17067a1cd3aa77
google_robot_close_drawer,231,True,True,True,True,True,0.25,0.6666666666666666,113,15,45ebd96cce9de6e23e307215e318b8611d2fab2f0f10274204f7ce69429aea60
google_robot_close_drawer,232,True,True,False,True,True,0.25,0.8333333333333334,113,68,de4f436b334b1968f4596d97259a321bb46178100f6f26bf73202b62d80fd49f
google_robot_close_drawer,233,True,True,True,True,True,0.25,0.6666666666666666,113,15,6e5523a7aad3c9b03f1e5a1d1026eb0ab23c68dc0453c4cad81257d5c7f60dd1
google_robot_close_drawer,234,True,True,True,True,True,0.25,0.6666666666666666,113,15,42599673d65ffc15263de6b34fd966dcb78f3b841e2e9aa6a5531ec491cc0d0f
google_robot_close_drawer,235,True,True,True,True,True,0.25,0.8333333333333334,113,21,a3109d1e5b70f963ec96d0c6745ad44f9a135d3824325b38ba9dfc0ba9cd21d3
google_robot_close_drawer,236,False,False,False,False,True,0.25,1.0,113,88,15a101163bb092e9ceab92422ada1bb1b66aec9f5a3330a2c41695cc93ec9d7c
google_robot_close_drawer,237,False,False,True,False,True,0.25,0.8333333333333334,113,82,f06d7df9a58ff00a4415b931e53010f444e024d47c065f3423de737a3d1c7686
google_robot_close_drawer,238,True,True,True,True,True,0.25,0.8333333333333334,113,29,276238276a528c639f06886a9b3c1871e9454f1cd962fc81e7af8a0c04d39ede
google_robot_close_drawer,239,False,True,False,False,True,0.25,0.8333333333333334,113,63,c9cbb83198a361fcb05f7ecc3b4df4e618c762e6ee8af6dcbf1d6dcf86cf9a29
google_robot_close_drawer,240,True,True,True,True,True,0.25,0.8333333333333334,113,24,b8910dbe1d514db9bd338aa74f9a8b2a42483ccee73ce9d6417212ec808fd555
google_robot_close_drawer,241,True,False,True,True,True,0.25,0.8333333333333334,113,21,1152a64f74d3b73b542383c3ddb3b34514eb6773a81c69ff8af9b02fdf8c01ea
google_robot_close_drawer,242,False,True,True,True,True,0.25,0.8333333333333334,113,52,2550ead611120bc4856f5830e3fe731e32f34dfb6c2e688010629107c1a780e3
google_robot_close_drawer,243,False,False,False,False,True,0.25,0.8333333333333334,113,84,033343536f2b487fbc9f154f5fe545325edfb35674028da30dd00db08d8858b8
google_robot_close_drawer,244,False,True,True,False,True,0.25,0.8333333333333334,113,80,0d0f864e1a3895f4edfffad5f0ebfb557fab82394fb8e9a58c10859e9a18f8cd
google_robot_close_drawer,245,False,True,True,True,True,0.25,0.6666666666666666,113,28,55c7e03d05e9bc100f54517c87a92def4831f0a721b18efe6d02ebca5bf12101
google_robot_close_drawer,246,True,True,True,True,True,0.25,0.8333333333333334,113,18,a4e052842b13f16e5271be42c354d5084de16d81677ee7dbb00b2a7a97d2dd7e
google_robot_close_drawer,247,True,True,True,True,True,0.25,0.8333333333333334,113,21,50e50a98e0d25868c95451067758f2cfd12efdda7c7737ebedd4f0e9e3612fed
google_robot_close_drawer,248,False,True,True,False,True,0.25,0.8333333333333334,113,41,eb6ccfd1d4c526f708a48841915892b3bbe9a428ce915b65893f7c9ca5c290a0
google_robot_close_drawer,249,True,True,True,True,True,0.25,0.8333333333333334,113,36,5ad6e330fb2884edd9b6ec8ff8d73d9cbd1b34a133c7bc34e7dafabadd71580c
google_robot_close_drawer,250,False,False,True,True,True,0.25,0.6666666666666666,113,39,64f30176b994dbda5de52ae3eee38404681275edcdc335fc9b47efd92a5d3678
google_robot_close_drawer,251,True,True,True,True,True,0.25,0.8333333333333334,113,18,6ff0fa2c9d62e7eb129351dd4dc220422bde9758c5d72549d3f1da3689029a96
google_robot_close_drawer,252,False,False,False,False,True,0.25,1.0,113,30,c90e9d39647ced05a87fa7946946996506b0766c3d56830d1a32922c0290bac1
google_robot_close_drawer,253,False,False,True,False,True,0.25,0.8333333333333334,113,68,5fdc2c62a639c2c9155609a5ad374c1ac970f63990e76ee29cb65bb0a7d6bb5d
google_robot_close_drawer,254,False,False,True,True,True,0.25,0.8333333333333334,113,40,341753ea4d010d970b5b321c9a4da330b0d15eef9400cf0a53ade91508a72b3d
google_robot_close_drawer,255,False,True,True,False,True,0.25,0.5,113,17,145c07f02b37b949941bc48f0d63dfbdb364516322112b08c8ecc857869922b5
google_robot_close_drawer,256,True,True,True,True,True,0.25,0.8333333333333334,113,23,733b9991591a24edaded1c9770bb3fd0f470bfe65461f193934c0af59e3f8b40
google_robot_close_drawer,257,False,True,True,True,True,0.25,0.8333333333333334,113,52,650faae28c82b2f158584ada60771a2b0bb73580d8f29c667a7acc959626a43c
google_robot_close_drawer,258,False,False,False,False,True,0.25,0.8333333333333334,113,62,43413c36b0a8a129e54af5414338af1519211e624c3f32ff4776d387fa2a9da7
google_robot_close_drawer,259,True,True,True,True,True,0.25,0.8333333333333334,113,19,418ca80ee148e9caa21bdfe5b08a6bb65a96a04615c7b847659f9f3c0dd83574
google_robot_close_drawer,260,False,True,True,False,True,0.25,0.8333333333333334,113,41,792dbd3b0abbc13f22188096e16de6cdf959ef4461f309afa81c225cc774a8b3
google_robot_close_drawer,261,True,True,True,True,True,0.25,0.8333333333333334,113,19,8885fcc65554b2ed1a24a56f5c847b94fa24ca20559f45122e5d727c11178dbb
google_robot_close_drawer,262,False,False,True,True,True,0.25,0.8333333333333334,113,31,556262b9b4be8ebf35bd9eb774ff3b81dc9f7831dec028baff6d28415bb18b40
google_robot_close_drawer,263,True,True,True,True,True,0.25,0.6666666666666666,113,27,379a3aa3f84cb8cb92248da1c3a3b2a7e5c2838a4354a6b9f6dd27e595884d09
google_robot_close_drawer,264,False,True,True,True,True,0.25,0.8333333333333334,113,94,3b122a422d89cedad4082c392e3ae611074c39453b03355cd3e09737de85529e
google_robot_close_drawer,265,False,True,False,False,True,0.25,0.8333333333333334,113,50,90079ab55656d914d20172ddd6ef96c3e341da27b899c2ea1c93427173e36331
google_robot_close_drawer,266,True,True,False,True,True,0.25,0.8333333333333334,113,48,dee596e4af60b7538b411271f8d64f2a5ecfb87c5ae8146362f3aca1a94c4689
google_robot_close_drawer,267,True,True,True,True,True,0.25,0.6666666666666666,113,22,7c669810190f461f6a7f08f850ab192f440aeb228639c973927369140fe99f3d
google_robot_close_drawer,268,False,True,False,True,True,0.25,0.6666666666666666,113,26,c55ed7f434aaa2849231bc7678da8f8ef48002c8fc288b2529ab97bc10773430
google_robot_close_drawer,269,False,False,False,True,True,0.25,1.0,113,80,24cff804d1df71cafbd3e23948987287930f69865f35457d4d5e99a02d1ad054
google_robot_close_drawer,270,False,False,False,False,True,0.25,0.8333333333333334,113,79,d22a8482ed0eaeb164e1a7022ad5e6c0ef4600705b4fdc0d22ee68605877987c
google_robot_close_drawer,271,True,True,True,True,True,0.25,0.6666666666666666,113,15,0e104516947644efcf658d45c4a1886b170bf90baacfeee50e645ef64976e2f7
google_robot_close_drawer,272,False,False,False,True,True,0.25,0.8333333333333334,113,99,d0f274476bb5c58d50515df55c982d4de5ada4c5fc6849ea08e394ba203486f3
google_robot_close_drawer,273,True,False,True,True,True,0.25,0.6666666666666666,113,34,9fe2828db09d875a8179ee603359536a24d5ef90ec1e89d4663cd2a36d5ad31f
google_robot_close_drawer,274,True,False,False,False,True,0.25,1.0,113,77,6c207911d862b2f487ac8566013d37462301bea5d3dbbe78deb608d6e842c4db
google_robot_close_drawer,275,False,True,False,False,True,0.25,0.8333333333333334,113,93,38e59caf32ad52e9b8bb26dbade4de40a20f0bcef4139d2d896078f4589edccb
google_robot_close_drawer,276,True,True,True,True,True,0.25,1.0,113,38,2766aed92e414e6e54392deaf46bb9434946ba57ee4b24c5d6fdbd29106223ac
google_robot_close_drawer,277,False,False,False,False,True,0.25,1.0,113,88,75e5b852133c0d732cd2768d7afe8dafd130d486084bf2995a35a4a54aec721f
google_robot_close_drawer,278,True,True,True,True,True,0.25,0.8333333333333334,113,21,f19a7226a6015986cc277a7be766345e678f03a5fd7be314b3065b3cb9cf1a38
google_robot_close_drawer,279,False,False,False,True,True,0.25,0.6666666666666666,113,29,cca8113b49855ff83d5282aad4159d849f79396c268d3e5b512ac130d347e806
google_robot_close_drawer,280,True,True,True,True,True,0.25,0.6666666666666666,113,22,d7505da05a994e11647d9aee1f267b6c38cf13f69600c67e0404025e93fe29c9
google_robot_close_drawer,281,True,False,True,True,True,0.25,0.8333333333333334,113,19,dd8dd1b090ab59362d07978ce02b261381c5cb1fc4ac5f4d1fb4d2fda185d39d
google_robot_close_drawer,282,False,False,False,False,True,0.25,0.8333333333333334,113,45,9270e2ff83b6f9f6163626359457c7194102440fd1364a804aba70a2b14cece5
google_robot_close_drawer,283,True,True,True,True,True,0.25,0.6666666666666666,113,22,6f3ddef07fccd6371b34854e66423e6bcae7e09fd619e817a0f2186a874c6bc8
google_robot_close_drawer,284,True,True,True,True,True,0.25,0.6666666666666666,113,33,8ccc6effa5703db0e0ff956880ac4eaf9a58fb07d7f3a12651fe7c93efca915a
google_robot_close_drawer,285,False,False,False,False,True,0.25,0.8333333333333334,113,45,a10ea26a0f84e90569f936a459d0bdeecb285bec2c687daa83dca88067f5b09e
google_robot_close_drawer,286,False,False,True,False,True,0.25,0.8333333333333334,113,68,2cca97263096357436aba917d4023ebb90d97c6eb7d40b408ba5c3108997ad21
google_robot_close_drawer,287,False,False,False,False,True,0.25,0.6666666666666666,113,87,e91c1d2d23ccd294649a65101092af04f089769258ab1b1320fb5dafbad21871
google_robot_close_drawer,288,True,True,True,True,True,0.25,0.6666666666666666,113,35,fa272a6d994de90ad3707ef379b0e86da7f04bc97fe46d89cc1ec6893a670e8e
google_robot_close_drawer,289,False,False,True,False,True,0.25,0.8333333333333334,113,82,891f22d4cd5cec7e3349ff024398c4380ae1d75f35fea47109e6a3bf4307a9ed
google_robot_close_drawer,290,True,True,True,True,True,0.25,0.6666666666666666,113,22,ff2e4d97a1784c53502b0802ebb4dfe9e13c59329b815ba6a02943c259295562
google_robot_close_drawer,291,True,True,False,True,True,0.25,0.8333333333333334,113,68,fcf3caf30542319cedf9b6b55a2a40a58ef7c0692b010b363554edab7b84c893
google_robot_close_drawer,292,True,True,True,True,True,0.25,0.8333333333333334,113,21,272830867fd8ac9be3dba7e8e7a7c31c73c2b2c9a58dcb4079d9cbecd9f37038
google_robot_close_drawer,293,True,True,True,True,True,0.25,0.6666666666666666,113,49,3daba40d760466942cb1c6ddd12ae181c46e6975ba9c5e68bf43535def3b454e
google_robot_close_drawer,294,False,True,False,True,True,0.25,0.8333333333333334,113,44,b06e4be3eb23aa062ae1fdf7b1bdcae574d607105077430776f16139d88dfd47
google_robot_close_drawer,295,True,True,True,True,True,0.25,0.6666666666666666,113,20,2b8a6364c1555555e2d4b6216755fe557f4bb699e08bc8dd8de7553c67d28ece
google_robot_close_drawer,296,True,True,True,True,True,0.25,0.8333333333333334,113,18,7bb888bb370e6fafb11b675baaab21034a3a13290937bce402958ce095c5611b
google_robot_close_drawer,297,True,False,True,True,True,0.25,0.8333333333333334,113,41,08aa0efcda419084ca255ead4d1f11ddfff810ba04fd9c8fe9440dd8e0814bda
google_robot_close_drawer,298,True,True,True,True,True,0.25,0.8333333333333334,113,18,f1fa94d495b78e9e9c5809b2c3827057d96ff3898e36f8249aebc82a55d64d02
google_robot_close_drawer,299,False,True,True,False,True,0.25,1.0,113,49,a2369da366108e23ae3031a34eb17fbd40a71165ad81f903fbf397653f0a1d18
google_robot_move_near,0,True,True,True,True,True,0.25,0.6666666666666666,80,55,7a10fd986fa7bd9bb8f7a374d32aa73138a032d7e86f15cfad85955690dbc811
google_robot_move_near,1,False,False,False,False,True,0.25,0.8333333333333334,80,41,1101652aba7ec728c5cc9dfe250b7fb5a8e37e2a30294d475227898d801da394
google_robot_move_near,2,False,False,True,False,True,0.25,0.6666666666666666,80,13,da0e026ea36fcc8e4ec8173163a6ae76bcf7f8043541edf5ac7f602f0a829555
google_robot_move_near,3,False,False,True,False,True,0.25,0.8333333333333334,80,60,ef5a213c18ee7c64bea717fb77050afb4c7e3a0245b44b6b8b86b56ce8920441
google_robot_move_near,4,True,True,True,True,True,0.25,0.8333333333333334,80,42,51ef75746d7b7d6df3f800324163717b5b20f2615482f3467c1d7083f1c16477
google_robot_move_near,5,True,True,True,True,True,0.25,0.8333333333333334,80,19,1f14565b396f115c6e82e4d07f3dd953e37a6541daec56a5e1cbd84af0737f2e
google_robot_move_near,6,True,True,True,True,True,0.25,0.8333333333333334,80,53,5e5df04e96e4a1ea805973c7b5063476dc2f6695aac9d622893c6d27216776e7
google_robot_move_near,7,True,True,True,True,True,0.25,0.8333333333333334,80,47,1ef17bdd4d76254fc69a53eff4819060decba6ade092d64aeeba10ae98c04b4c
google_robot_move_near,8,True,True,True,False,True,0.25,0.6666666666666666,80,20,a16f144bb19076ddb03b11f737334fb5fae3414bd53df5a08d4478844dfaac08
google_robot_move_near,9,True,True,True,True,True,0.25,1.0,80,55,7c18b447a5c748e8db4c8cc4e6b2be1e3b95eb383720d6a7161c0189cb231ac1
google_robot_move_near,10,True,True,True,True,True,0.25,1.0,80,55,bf8fe0f4d8c3080511deca1c70adb5eea6c91a5c46e5420e2737b9bbbd080046
google_robot_move_near,11,True,False,True,False,True,0.25,0.8333333333333334,80,55,8debc966c1422eb372e1abf413b7b06c30cc64d0b54be34fe5a7abe5078296f6
google_robot_move_near,12,True,True,True,True,True,0.25,0.6666666666666666,80,33,cf13b68b011067c865650f448b8914d4d840be2079012f4388be1764a276fc8c
google_robot_move_near,13,False,False,False,False,True,0.25,0.8333333333333334,80,51,b2992e30a4551e0f14ae08ed35a89252d2f3376cf8384428baaf2d73182b7338
google_robot_move_near,14,True,True,False,False,True,0.25,0.6666666666666666,80,40,095dcfa6059c53b0b46a2c5cc0a9312e04e13b8ed989c314f432f31f41133c5a
google_robot_move_near,15,True,False,True,True,True,0.25,0.8333333333333334,80,52,f75d27661fb02929b03cd0fad1063c3d806a02a663bceb6641ad4cdf7876d90a
google_robot_move_near,16,True,False,True,False,True,0.25,0.8333333333333334,80,32,1dd9b876e5f459e77805c280639861d688a88803400d77ea83d73413640d09ad
google_robot_move_near,17,True,True,True,True,True,0.25,0.8333333333333334,80,47,e7af70670a38658756e276859f6bfa298044ecfc307f096609ca641297b55707
google_robot_move_near,18,False,False,True,False,True,0.25,0.8333333333333334,80,60,e325e33b3aee140d78c7347b4b2651f26eb034401159deda2bcfb1593a17fd40
google_robot_move_near,19,True,True,True,True,True,0.25,0.6666666666666666,80,37,e49ec8937cc8d2407ddd92353d1690412af78d23fdbed691524cee41765e9e0c
google_robot_move_near,20,True,True,True,True,True,0.25,0.8333333333333334,80,19,6a78315a665594f0c64f13eddc2faa19061b775b5b6aeaa0f54584df5324d4db
google_robot_move_near,21,True,True,True,True,True,0.25,1.0,80,55,f95d57f33f18a9467c6d5b7b638180b53c49664c9491ca548b136578585ada90
google_robot_move_near,22,True,True,False,True,True,0.25,1.0,80,48,bf8c437bef57e9db6cc4211206f58c48738d4d8193ce5f8614ddfc76538a171e
google_robot_move_near,23,False,False,False,False,True,0.25,0.6666666666666666,80,60,1f706511503434e9c06e9d5d34d9fab05cb7260381d44c24733625ff1f2dff38
google_robot_move_near,24,True,True,True,True,True,0.25,0.8333333333333334,80,30,e8fa633573e1904c2d9700cd3f7665f9b5dfa72eea22da3382546fcf69a291be
google_robot_move_near,25,True,True,True,True,True,0.25,0.8333333333333334,80,31,9b70c59895f7ea04e0dc5f360c4eb76e492aa9b38be1f57d34ec1e6f7ee3748b
google_robot_move_near,26,True,True,False,True,True,0.25,1.0,80,48,7b70096b2da6063bb20423cce356f158b8f1bb4eca0cd6930ea1d3d4a7f6139a
google_robot_move_near,27,False,False,False,False,True,0.25,0.6666666666666666,80,60,b4a23fb0aabdfce322ba997294bec5ade558fc0e282351214ff328f86afd8fea
google_robot_move_near,28,False,True,False,False,True,0.25,0.8333333333333334,80,60,0c8ff4363b227ec281331f1956efbb0f2d4da34955516accd75f7f84a50ca9ab
google_robot_move_near,29,True,True,True,True,True,0.25,0.8333333333333334,80,32,1612aeda3aa24348fe221f03641f1b8b5bbf76c147c54e27d1531de95fc1a337
google_robot_move_near,30,False,False,False,False,True,0.25,0.8333333333333334,80,41,19592d0366e7040d6895b65959309ccebacf6702e1e675f1312734df3da91e17
google_robot_move_near,31,False,False,False,False,True,0.25,0.8333333333333334,80,51,9162ea21fe6368f6b3495cd2a97a896c524021543b2bf4a8882165c12d33d6d6
google_robot_move_near,32,True,True,True,True,True,0.25,0.8333333333333334,80,39,f5a4e3b421939e80529b254488b5faca1059086488fb18b263797f5309552f03
google_robot_move_near,33,False,True,True,True,True,0.25,1.0,80,49,ba338fdf1db3b1a68a2f02aa5e6112d9503f2f7e25fe65bc0e5c7d44d56bc605
google_robot_move_near,34,True,True,True,True,True,0.25,0.8333333333333334,80,49,d26ea320205beb1f07e075d662e61c50372c08e52fa23b5e3d3f97b1c61d5515
google_robot_move_near,35,True,True,True,True,True,0.25,1.0,80,55,2284d51755862ec9f98b0a771f2d54329655ed2ceec6cd955305f7647d396824
google_robot_move_near,36,True,True,False,True,True,0.25,0.8333333333333334,80,65,0f489b7d5d47a75c774297c94e67473bd0a404d94addbaf0a7e4fcbfa2a72739
google_robot_move_near,37,True,True,True,True,True,0.25,0.8333333333333334,80,32,456940cfb831b6c0745c1b3f1f16c0fc64ab12b0d83830d9bee032bc221b8a53
google_robot_move_near,38,True,True,True,True,True,0.25,0.8333333333333334,80,49,8a54656428ba4e4256d0d5f489edf862c8a428f955eb8b986b3e5e7336c5dde5
google_robot_move_near,39,True,True,True,True,True,0.25,1.0,80,55,70058a038f6cf66fb27624f3054e9a45072e9dd8bfa0d4d59a66dd843c848606
google_robot_move_near,40,True,False,False,True,True,0.25,0.8333333333333334,80,54,33830786ef4e46d8a1054581f8ff9ed1261864715d6ebda19923c3df5b86e93c
google_robot_move_near,41,False,True,True,False,True,0.25,0.8333333333333334,80,47,e5ff4e889722a449b74e8f59c1b09ae23fe234648a3ee34d4e20fdf2b8985e87
google_robot_move_near,42,True,True,False,True,True,0.25,0.6666666666666666,80,36,23d05c9bb3875ae2009d8d5b71756e6f1a01ebf200050fa35e6823ee0074dc5b
google_robot_move_near,43,True,True,True,True,True,0.25,0.8333333333333334,80,31,fa428842a278b7e0e5391cfff33b4a397675cf9f2221b9c96303c46a82744e54
google_robot_move_near,44,False,True,True,True,True,0.25,1.0,80,49,0d09acabff3e3e8b02b7f2ec674cf535a17dd5ddb76d8e202264554b89676f72
google_robot_move_near,45,True,True,True,True,True,0.25,0.6666666666666666,80,33,9f660695e661e508116941ccb4ff9f4c1657e825a88541857d520b108291f1c7
google_robot_move_near,46,True,False,True,True,True,0.25,0.8333333333333334,80,44,fab932f819e945fab3ba73757d3ab28237e1da4cf6f9b6eb1e9160c46f8290af
google_robot_move_near,47,False,False,False,False,True,0.25,0.8333333333333334,80,51,2c96d85ffda2704ec03150cf77df7262064d5e477dccf324b44a5ba78a454b7f
google_robot_move_near,48,False,True,True,False,True,0.25,0.8333333333333334,80,47,c3d939d9a02761aeb365e2e0a74a26a09c866ab0d232923696a34a58da1c362b
google_robot_move_near,49,False,False,True,False,True,0.25,0.8333333333333334,80,60,30dbf44054272d42aa379c4645ffe397b70b2fdd43fd33f002d95bd45a61a84d
google_robot_move_near,50,False,False,False,False,True,0.25,0.8333333333333334,80,59,9bd99ee588586bebb3e5598b674dfd68763710c68f5c01eea6dbec01be66abd1
google_robot_move_near,51,True,True,True,False,True,0.25,0.6666666666666666,80,39,e4d64f2dbb4e8bd15931af9a1b73e08ac77816254cf2031216c15e161bda283c
google_robot_move_near,52,True,True,False,True,True,0.25,1.0,80,48,b68e9cb230de1a5907c637ec3e4e2d4d96a053b45f605416f054b87742d4aea9
google_robot_move_near,53,True,False,True,True,True,0.25,0.8333333333333334,80,54,3434ac5b31c17012b6a1e34b25caac8d97f18aa2c83f775b0769cb91a998fa15
google_robot_move_near,54,True,True,True,True,True,0.25,0.8333333333333334,80,47,9e306b2eec2cc4278ebdda2fb7eaf3c87e4bf63c1446f5d1e7dd21da13be2ad2
google_robot_move_near,55,False,False,False,False,True,0.25,0.8333333333333334,80,31,653dd17220885610a4f597e169297f997e4167dabb6030d445a238271fc10890
google_robot_move_near,56,False,True,False,True,True,0.25,0.8333333333333334,80,48,80409bf5c5ab29b94ccef9e249c486d72361ebcca4489c26f2cac29c073062c3
google_robot_move_near,57,True,True,True,True,True,0.25,0.8333333333333334,80,32,3c71f9e5ecdc12ca93f7a61283f94292e15e8dc4bf484a9578178cbf84f83083
google_robot_move_near,58,True,True,True,True,True,0.25,0.8333333333333334,80,19,3370cc2d882852b21463f3ddb4b61d56f3a8ed1f3fb7483dc6da62229e81cfab
google_robot_move_near,59,False,False,False,True,True,0.25,0.8333333333333334,80,55,05af1603e3a59b99a1207257218d5fb71b0fb16e7bc324643e36afe30502d4e9
google_robot_move_near,60,False,False,False,False,True,0.25,0.8333333333333334,80,31,c9086c77cf2fa1bb200f9c6e5a4175859df8ccfbd6cf6af3d3b4e756e7795e45
google_robot_move_near,61,True,True,True,True,True,0.25,0.8333333333333334,80,19,a02e42f4447f223dbbad4dbff0a32c53344088fe635740830f16429763e7e123
google_robot_move_near,62,False,False,False,False,True,0.25,0.8333333333333334,80,51,4fc93e2591e04f65cf412175a70a0dcfe5d1d4796d105633af1a2a4323c9716b
google_robot_move_near,63,True,True,True,True,True,0.25,0.6666666666666666,80,55,459aaedd6e9e3124e6eda66358202cc9fbb43f14d33dddffb3da33aa09e208a1
google_robot_move_near,64,True,True,True,True,True,0.25,0.8333333333333334,80,31,44119d51f57284efe72a2f60c34ce53d0c8e58602e486f8fd0a68fe0b4eb9fa7
google_robot_move_near,65,True,True,True,True,True,0.25,0.8333333333333334,80,48,6ff4c9cc200e2fb64add5a47ea7f4a092a2f3e788733124504a8d73e67c7c602
google_robot_move_near,66,False,True,True,True,True,0.25,1.0,80,49,3baa73facd884de34a2269dbacdcb1491ab996b0ba633d8a9506508c0aa03154
google_robot_move_near,67,True,True,True,False,True,0.25,0.6666666666666666,80,20,5d729c3929557823b55466cbf076e1ba4e717086e00bde0f4e80f070ac299695
google_robot_move_near,68,True,True,False,False,True,0.25,0.8333333333333334,80,51,eb147d52c5e5d5fce0fb16017c09b66ee43b5774987d4da8e253e9974d64c3c8
google_robot_move_near,69,True,False,False,False,True,0.25,1.0,80,48,d1469faa603f1fc0251e1cf9ad71d18b629b7f5c80c3c14a852fff55ae71a1ab
google_robot_move_near,70,True,False,True,True,True,0.25,0.8333333333333334,80,60,cd04dfe117209d6809ec3fd6644920ef404247deec3df1e153294940273a80d1
google_robot_move_near,71,True,True,False,False,True,0.25,0.6666666666666666,80,40,ba72d4cef6d25b47751d7687cbf24c5e367c946eeb5fbd09866ba46e70a5b83e
google_robot_move_near,72,False,True,True,True,True,0.25,0.8333333333333334,80,41,e35977120b96ce76889008edc074b390045794c15722961db3bd0291cdf41085
google_robot_move_near,73,False,True,True,False,True,0.25,1.0,80,52,2ef3784ff342597193e6f995ac10dc0476ceed52c0701e2245f21aa7432e24ca
google_robot_move_near,74,False,False,False,False,True,0.25,0.6666666666666666,80,58,441b18e59fe04bf8595420d2a31d1e00bbd306273284b5ef69cde6ee9c1b8f77
google_robot_move_near,75,False,False,False,True,True,0.25,0.8333333333333334,80,58,ffca1fc4515817d685aa820a10d597b9f4625542964b9658a8e8dc685d1fbe8d
google_robot_move_near,76,True,True,True,True,True,0.25,0.8333333333333334,80,49,3325d3bee770b98bfe12bcd189f416ec3531afee8f26703bd87ca98af692733b
google_robot_move_near,77,True,True,True,True,True,0.25,0.8333333333333334,80,39,1ee3052861643009ca7d0fee80b660c81da28dbf72b6e23b2d08db8f5a4c52ce
google_robot_move_near,78,True,False,True,True,True,0.25,0.8333333333333334,80,44,e7adcf7f7960de5780e835f6c5e9fd3a5a4f141308712d6043c57f4b847c0e81
google_robot_move_near,79,True,True,True,True,True,0.25,0.8333333333333334,80,39,18746c2484cf47002ad12ea04ea0ac2c0dcbba362dcd4373a050dd83c3457f0e
google_robot_move_near,80,True,True,True,True,True,0.25,0.8333333333333334,80,47,f619a1bc0edda0044f9e9daaf6497b155fbc2e5890355fcf992173a2d7ec4ec5
google_robot_move_near,81,True,True,True,False,True,0.25,0.6666666666666666,80,20,97c6ad1d0287d4d6186510ecb81f9af840c8b5436b53477cef39268cf5c1a770
google_robot_move_near,82,True,True,True,True,True,0.25,1.0,80,44,e0c738d3af1c322d54277f00f9db9bc50266e6d11bd00c5df75fc99e130c09d4
google_robot_move_near,83,False,False,False,False,True,0.25,0.8333333333333334,80,51,9920150ce90ed66328bbdbe68a5128f9a021d9979ac1a3e3c2202fde26ffcdef
google_robot_move_near,84,False,False,True,False,True,0.25,0.8333333333333334,80,60,6c04a5e89b12f424055992fe196e4dd126dbd0326a938be4e3d71a2e6201e892
google_robot_move_near,85,False,False,False,False,True,0.25,0.8333333333333334,80,60,96b29a9778933096da0d84f56afd3675af4846936e6d60a339902dd1232971c1
google_robot_move_near,86,False,True,True,True,True,0.25,1.0,80,49,6da3a6dfb96e4e96c273b6ac196933a410e43e379a3668955fa49d46a9e7951f
google_robot_move_near,87,True,True,False,True,True,0.25,0.6666666666666666,80,36,e19df4e0317c83db45786b9a74d58db18eaa2ee448fd224c7a2cb5bb06e85999
google_robot_move_near,88,False,True,True,True,True,0.25,0.8333333333333334,80,41,8278ea9e73d5e8b51032454cfb55da558268012976efce5ba2f0d0b5687dfe58
google_robot_move_near,89,False,False,False,False,True,0.25,0.6666666666666666,80,60,6e466cfea6e2f1a0f4359303a34f23d04150be5baf0fc2bf8332fc49f0e7e756
google_robot_move_near,90,True,True,True,True,True,0.25,0.8333333333333334,80,44,58a0457d21f9b419f621192fbc5cd030e961139f11f47177d51872e3ee9f07a4
google_robot_move_near,91,False,False,False,False,True,0.25,0.6666666666666666,80,25,8a2ef9eeb5960e5efb44414b43b571058f79de49bef27fafa870221fff4e367c
google_robot_move_near,92,True,True,True,True,True,0.25,0.8333333333333334,80,53,dcb760b7980a876c6e3cd4fec48fc97b7b70d652d022f2869702bd7a3ecc5445
google_robot_move_near,93,False,False,False,False,True,0.25,0.8333333333333334,80,41,50f70e8e49fb613c96bee82e6dcea2b04b8b25e7027da939c3c58e38d6a28ee4
google_robot_move_near,94,True,True,True,True,True,0.25,0.8333333333333334,80,38,60fab1747acefaef35f83c558b4d93af96a8eddb6b88c804eae6dfb088f86392
google_robot_move_near,95,False,True,True,False,True,0.25,1.0,80,52,c3c9e948cc977f510eee773d8663cc6e6113c0c43f459ccea83b703b096412f2
google_robot_move_near,96,False,True,True,True,True,0.25,1.0,80,49,20d12f7e9d47cf3ea158991f7e9568b325b713263de27c34ab350fc209218f38
google_robot_move_near,97,True,False,True,True,True,0.25,1.0,80,47,500b24ba65e6f50698398da7794af32ba12d1de38754d35229f1a7c5c2ef57a3
google_robot_move_near,98,True,True,True,True,True,0.25,0.8333333333333334,80,48,6e585e435cc8206305a10bcfa93aca5aeec0aefa8a62842cb52e7745ece4ab3e
google_robot_move_near,99,False,True,False,False,True,0.25,0.8333333333333334,80,60,bf87f09ea523e77d5312e4de7dc4a35d30963f19a08e2b6368a6fbb539fbc206
google_robot_move_near,100,True,False,True,True,True,0.25,0.8333333333333334,80,52,fce1e3b6e03217a8e431826ae882089a3df19c4fb0a6595bf5cce4e2c002e8e7
google_robot_move_near,101,False,False,False,False,True,0.25,0.8333333333333334,80,42,e20423870bef21449f99727f5e6194cdcf77a751d05b05b170b6a7389b14c9b0
google_robot_move_near,102,False,True,True,False,True,0.25,0.8333333333333334,80,47,c9ecd79ee86f1fbf29d780a76424ce2116c978a75384a06fad5f0a112434d9dd
google_robot_move_near,103,False,False,False,False,True,0.25,0.8333333333333334,80,51,ac4fc3cfaa86222ad5d595577cb54d978d01ac46abf2691b241b6311935bd59a
google_robot_move_near,104,True,False,True,True,True,0.25,0.8333333333333334,80,44,a0cd00be9efd48020bb54c2acba3fb8edc70cb3954d78eba8ccd82d5c4a7445e
google_robot_move_near,105,False,True,True,False,True,0.25,0.8333333333333334,80,47,ce43ceb26518ec7ff1cb435c97ec05791abac4d79f8e413d03fee9ee6c14332f
google_robot_move_near,106,True,True,True,True,True,0.25,0.8333333333333334,80,48,35ec86d4cc87fe6de9681f43e2893cd315ad3502545849784e478df3aec54d33
google_robot_move_near,107,False,False,True,False,True,0.25,0.6666666666666666,80,50,a293fd3cdc02bbc45e3903e8e027811ccabf6f48bd2730f38a486eb3c0ecf814
google_robot_move_near,108,True,True,True,True,True,0.25,0.8333333333333334,80,19,62c66dce38cf3e6175b8382c50508282659fffdf335d406b1705ac7c867b3973
google_robot_move_near,109,True,False,False,True,True,0.25,0.8333333333333334,80,54,6a08f2056e70898d5abe42d6a494a8838c0a91640e9077eb8321d6a3ae894fd2
google_robot_move_near,110,False,True,True,False,True,0.25,0.8333333333333334,80,47,8f77cd4b13cf4e582ee7e79af58e698f5d5306945707e9c27dd7eacc59d66e56
google_robot_move_near,111,False,True,True,True,True,0.25,1.0,80,49,ad694e1c75c40148e5e71993ed9cbcbc458834451ba8655d5927e1a91910a9f1
google_robot_move_near,112,False,False,False,False,True,0.25,0.8333333333333334,80,53,e450bec4ccd612f8128c5e9389e9decfa1a78142db99e2c7152568b18a336865
google_robot_move_near,113,False,False,False,False,True,0.25,0.8333333333333334,80,41,d2fef598d2d4c548a141fcfbb1f4f3c703da9c1786d15fda893cdfe22e52f2ad
google_robot_move_near,114,True,True,True,True,True,0.25,0.8333333333333334,80,53,9531d19c6a7c46538b42b174834555a5c3b6cc7450fd0157f8cd631a93886133
google_robot_move_near,115,False,False,False,False,True,0.25,0.8333333333333334,80,51,ced0e8a1ce732df78c799f2e256ab782a2aa4e1b248fab4152e61609438b64ec
google_robot_move_near,116,True,True,False,True,True,0.25,1.0,80,48,dcf790ba3ab19c625841f08a8c7fcb3d04bf20cafb029aab5a31a2b22bbaf20b
google_robot_move_near,117,True,True,True,True,True,0.25,0.8333333333333334,80,48,0fe683b720c5b7753013a45a965a9542c0bb279318667db2f02b604db41354fe
google_robot_move_near,118,False,True,True,False,True,0.25,0.8333333333333334,80,47,b434ed732fef538d7445fc4660f6b67009afa927d9b704a3e1a91cf3814f1c5d
google_robot_move_near,119,True,True,True,True,True,0.25,0.8333333333333334,80,50,16614a725fa4d985664146d328341234e481e8dc9c4f6f837d10cc2558883337
google_robot_move_near,120,False,True,True,True,True,0.25,0.6666666666666666,80,27,2af1d8cb4e7868b344c82a3d18f087b16ce3ffe92564dd188ffa32a9b0181314
google_robot_move_near,121,True,True,True,True,True,0.25,0.8333333333333334,80,50,8a17626182debccddb7dea078903baa0f0af11053bba70de8a407ae08892925d
google_robot_move_near,122,True,True,True,True,True,0.25,0.8333333333333334,80,47,944a792eaabd791f12a666a048668c428eefe7c33686c6a85af01db62c9a7554
google_robot_move_near,123,True,True,True,False,True,0.25,0.8333333333333334,80,49,afd49d26a00748570756a31fcc339975f35e95473db50737d4b16bcd6a34dd0b
google_robot_move_near,124,True,False,True,True,True,0.25,0.8333333333333334,80,60,bbadf02fc24e4700fd1411ff597a0104a1a93989281db7e2f0aa180806fc114f
google_robot_move_near,125,True,True,True,True,True,0.25,0.6666666666666666,80,37,85c4ec7257c9f8ba7364282b76b5d95a6360361b774180c591ebb3f8046c9d73
google_robot_move_near,126,True,True,False,True,True,0.25,0.6666666666666666,80,36,73f7eb0207f394ecbc5342d56dea34c46529f656dbe87e02a8d382dadb039c61
google_robot_move_near,127,True,True,True,True,True,0.25,1.0,80,55,29dd86efa6ca406983f5f7cafdd39816dea8b4eb5214a68dad891b682712f6bb
google_robot_move_near,128,False,False,False,False,True,0.25,0.8333333333333334,80,51,11f999ca006e5b36b71e105963cae54a19aec76387a1044a1f4859eaeb4bcebf
google_robot_move_near,129,False,False,False,False,True,0.25,0.8333333333333334,80,42,004f844c76c79824adfee8b7a3bd1b84e20c8d16dd01ee1e330b31626492f99a
google_robot_move_near,130,True,False,True,True,True,0.25,0.8333333333333334,80,54,f1ac170529f0c3515993f2f2fe617a16303ba214c7d03fe1420736b4028ccb36
google_robot_move_near,131,True,True,True,True,True,0.25,0.8333333333333334,80,46,5c7149a1a386a74090848a5ea2723ade4535bdc72185835bc9174cd9575d4549
google_robot_move_near,132,True,True,True,True,True,0.25,0.8333333333333334,80,49,901993a35ca38d6f9633bd6c8f9a370b322cfc870279c65fd33bf0cb719f6dbb
google_robot_move_near,133,True,True,True,True,True,0.25,0.8333333333333334,80,51,fbbaa60bfdccf6d200a0eaf5ab9d975c565159bc4e27ba71918d85a6807accce
google_robot_move_near,134,True,True,True,True,True,0.25,0.8333333333333334,80,19,833f212fbc290709217c251019f5e5027fb7b253e5a725dea4c0ac59419e957d
google_robot_move_near,135,False,False,True,False,True,0.25,0.5,80,5,0041f5a272a27ccd202f684038710792ea3eb1e6f876082b181236f9ee57a6ad
google_robot_move_near,136,False,False,False,False,True,0.25,0.6666666666666666,80,5,1fd9156ecad12d3f2f95736ead5c656080f4926104fa55943cd2a78e99b3727b
google_robot_move_near,137,False,False,False,False,True,0.25,0.6666666666666666,80,58,5baacf14ce7aa6069d59942c03305f8efd2c48eab113f2fae1294073ab582593
google_robot_move_near,138,True,True,True,True,True,0.25,0.8333333333333334,80,42,85f1b1b3d42ca3d8e452e057c03deaaa30e8a09bd56408742a6e24e6bc497009
google_robot_move_near,139,True,True,True,True,True,0.25,0.8333333333333334,80,31,3bff462d266892c9e3921aba403a02348a4bbf667fc15cfabade956854daf73f
google_robot_move_near,140,False,False,True,False,True,0.25,0.6666666666666666,80,13,b3cd04eb296fc962ff7b97b97be1793a65b5a6b8d4ef2b2fe5e2003e7d9743d2
google_robot_move_near,141,True,False,False,False,True,0.25,1.0,80,48,b28f2862d096c7ec08fa9b72223f6e14aee551efa54799c6fd36d5c2d689b377
google_robot_move_near,142,True,True,True,True,True,0.25,0.8333333333333334,80,32,d05a67af0fd0ef5a633da95de68f677fbc04201769d9d58848cf14ecdec63903
google_robot_move_near,143,True,False,True,True,True,0.25,0.8333333333333334,80,60,592a96a99fb22fb71017ab33f93060d167655621ebab71388fec14f8f7f81398
google_robot_move_near,144,False,True,True,True,True,0.25,0.6666666666666666,80,27,276210c5a99ff1ce492ef5e80738ddf00c6d44ec24f59f6d63df4db9de5b2b3e
google_robot_move_near,145,True,True,False,True,True,0.25,1.0,80,48,ddec5ec32ec2de29fc27181c8cd8be64f39bb5ddfe9de129411847fc08fddc36
google_robot_move_near,146,True,True,True,True,True,0.25,0.8333333333333334,80,44,1c0f38c89536d864087168a5dfdc095c0e3683525760d481f108d30de7096818
google_robot_move_near,147,False,True,True,False,True,0.25,1.0,80,52,ee48e69fb45dc3f262d761b1ac47d50cb614790bf19530bc5f4484435e1838c8
google_robot_move_near,148,False,False,False,False,True,0.25,0.6666666666666666,80,60,d869b943801b932209e6e00d273cf91a4befa77ba7b2ed345ee391359d3125a5
google_robot_move_near,149,False,False,False,True,True,0.25,0.8333333333333334,80,55,a13f5cacbb1714549d4304a097bc95eb85c2891c0a94592bdfd6b89611516020
google_robot_move_near,150,False,False,False,False,True,0.25,0.8333333333333334,80,53,dd48d713a04b18326428e5490e8628a10fe570fea1a50e779eaa567e8a042d92
google_robot_move_near,151,False,True,True,True,True,0.25,0.8333333333333334,80,41,76b490b6251d31a4f5fbe4b0907936c999dc296dc18a1cae396ef3d82fedd548
google_robot_move_near,152,True,True,True,True,True,0.25,0.8333333333333334,80,27,0f07933b186361efa63d03bba6b2654ec95dac65de552e394d3dccda76522e28
google_robot_move_near,153,False,False,False,False,True,0.25,0.8333333333333334,80,42,ff74638cc45a0b312245c7f8e1f8b52f14e73df61bcdd0222ddc55e5d4743934
google_robot_move_near,154,True,True,True,True,True,0.25,1.0,80,55,152f9656d9e4d96a07d7f2ed28ef17634473521a66af2099935f4ad501f5b9db
google_robot_move_near,155,True,True,True,True,True,0.25,0.8333333333333334,80,50,7fccdbaed2c8a9c043d08245ffd2234ff5dbbaac380f3dd1fd70e63c025d3853
google_robot_move_near,156,True,True,True,True,True,0.25,0.6666666666666666,80,55,8382b447715ef05580455b4f099d64f5bee2cd588c423c8fc35ac1412f385dca
google_robot_move_near,157,True,True,False,False,True,0.25,0.5,80,11,ded081b6bf010ffa2e8a5f5f6aa0ef581c20ed1a67fcfc48eddb94d7ef4bd36b
google_robot_move_near,158,True,True,True,True,True,0.25,0.6666666666666666,80,37,90c18b4869e6886d1fa1c46438f891050c7cec36ac2491c9be1d8c6265fbc6f3
google_robot_move_near,159,True,True,True,True,True,0.25,0.6666666666666666,80,33,01d88be103cb98c7c8f522ec3ccc756ffc31d8cc386ee2c0e9953d6c801eb72f
google_robot_move_near,160,False,False,True,False,True,0.25,0.6666666666666666,80,13,4faac0f5207a7ecc1b92fd5905d1ab9f55d49afe6b1e4d5e2d32f697070852fe
google_robot_move_near,161,True,False,True,True,True,0.25,0.8333333333333334,80,60,f3844400f29d5820a65c5a2f8bc98f3706d1fafa7aee6f347856f117442fedb3
google_robot_move_near,162,True,True,True,True,True,0.25,0.8333333333333334,80,38,1759fa392931d6876d0e47f9bd931515f6dfacd290d7dd490f1941643b6a05ae
google_robot_move_near,163,True,True,True,True,True,0.25,0.8333333333333334,80,49,775a32cc1f804ec343d677d80a531c33c617b41ff2cb8d6a6c193c3cc474ebf1
google_robot_move_near,164,False,False,False,True,True,0.25,0.8333333333333334,80,58,985c951b9ca8ce1c0c5e80809afd260ead7617d8412f3ad2f0e6855dffc1cd51
google_robot_move_near,165,False,True,True,False,True,0.25,0.8333333333333334,80,47,16762104b7f5ef286c85969617ca13325d11c388c3efd5239e98da45c4fccddc
google_robot_move_near,166,True,False,True,True,True,0.25,0.8333333333333334,80,44,62281261ff4a3f8f47995082c8600a1536e3477b8c015199f8d7b228fc80899a
google_robot_move_near,167,False,True,False,False,True,0.25,0.8333333333333334,80,30,2372f109c8e268ca2f4c12d4bed490187cd33acdb28f5cb71239c3dde79dd0b9
google_robot_move_near,168,True,True,True,True,True,0.25,0.8333333333333334,80,32,055b28924cac0ca41cecee40fd2577bba157c1b49e4fe8a763a4e20f4bd7010e
google_robot_move_near,169,True,True,True,True,True,0.25,0.8333333333333334,80,19,431bcadf9c6b4580888b25192e7d1488bad415597a0abb7cb8984321036c2ee1
google_robot_move_near,170,True,False,True,True,True,0.25,1.0,80,47,2e310e4e1e76facf59363b31c3eff8cdfba5eb387f4ec2b575a548dfaf00665f
google_robot_move_near,171,False,False,False,False,True,0.25,1.0,80,62,d286c3786b154098748c090edd2cd3857a495327eea29409a5e24d55d265f897
google_robot_move_near,172,True,False,True,True,True,0.25,1.0,80,47,222d61ffd5d0d45bbf050e3e2d5f2c7f5cb90ce44ccf2b57c4a14e69f8d12cff
google_robot_move_near,173,False,False,False,False,True,0.25,0.8333333333333334,80,41,86867b94b170407b992e42ec6227b173aedf5f84992d86b02d2244a97760449e
google_robot_move_near,174,True,True,True,True,True,0.25,0.8333333333333334,80,55,0b831c062cd8472639bce508161bdef6174157499ed5e217760525f0a0264344
google_robot_move_near,175,False,True,True,True,True,0.25,1.0,80,49,b787350592533e5039e19ab41427797500da8d89e91325d90962b4505c860cfb
google_robot_move_near,176,False,True,True,False,True,0.25,0.8333333333333334,80,47,243d46b3fa4f2c9713493c058b87d5441a992b82e694522385696e532f2f2da3
google_robot_move_near,177,False,False,False,True,True,0.25,0.8333333333333334,80,55,0b148822cd80a6eb24b4bec7e9c29f41867dedd8e5e11fa4a76d36e6d25d95f5
google_robot_move_near,178,True,False,False,False,True,0.25,1.0,80,48,edc865b898ab9546b5893eb09548ccc75f41a35c18ae42f69e8d9072a84ee67a
google_robot_move_near,179,True,False,True,True,True,0.25,0.8333333333333334,80,54,187c643e7ab397cb30e8fb0c599f96d8e17ac404a1903048ed6503f4b4ec2bfb
google_robot_move_near,180,False,False,False,True,True,0.25,0.8333333333333334,80,55,c48a1d59f20589bf64f7b03704c8676f0a726d54b06b9463e2fbcfcb05a56eba
google_robot_move_near,181,True,False,True,False,True,0.25,0.8333333333333334,80,55,7e67fb7c086d81ecc39ab4b34883875fb701c95f277c1bad36fb1c9ebf03047b
google_robot_move_near,182,False,True,True,False,True,0.25,0.8333333333333334,80,48,ae94ba98488ed53c08df05fa446c8dead9a4643e3b69729f744b4b841fe57caf
google_robot_move_near,183,False,False,False,False,True,0.25,0.8333333333333334,80,41,fc02e335d91ee181c07c5e68a47054abbb6a4b312ebeb87b52b5131adf965cc9
google_robot_move_near,184,True,True,True,True,True,0.25,0.8333333333333334,80,48,6ec285772c30289a168b326af500568ee63c066dae721bbb7134042a7c33c44d
google_robot_move_near,185,False,True,True,False,True,0.25,0.8333333333333334,80,47,05102b286a8c78d9b27b03c913fb9db84f2eb96f85be49781a9cb8085fe6cdaa
google_robot_move_near,186,False,True,True,True,True,0.25,0.8333333333333334,80,57,5d95c15e903a4588ed90edfd9578f5e0b52f5ab718af003e4e4594e96ddafa04
google_robot_move_near,187,True,True,False,False,True,0.25,0.6666666666666666,80,40,62cc2a29e15a85531198149c3ea40ed69b855aa932fc8ebab96980ef2c3d5a18
google_robot_move_near,188,False,False,False,False,True,0.25,0.8333333333333334,80,51,f3beb0f61b1e9aed35683bd461f64daf4ae8a488fc489b256d82227f77fd3eb8
google_robot_move_near,189,False,False,True,False,True,0.25,1.0,80,61,4300169ead8a1dfcc5e63dfaa7647fd6df03ee48785f74bbae86ae6709f2000a
google_robot_move_near,190,True,False,True,True,True,0.25,0.8333333333333334,80,60,10fb03c29bef63906af37371b62c4aaeec5d900d368e2009fce00e72aa8d146f
google_robot_move_near,191,False,False,False,True,True,0.25,0.8333333333333334,80,55,1063d1bca21ea42214beeb26dbe30c7856461f961876b2627c7f6775856ea678
google_robot_move_near,192,True,True,True,True,True,0.25,0.8333333333333334,80,30,49eea7ae2cc671d4af8ed3950748d332bc1046fccdf8a76c37ef2c29c9be9b62
google_robot_move_near,193,True,True,True,True,True,0.25,0.8333333333333334,80,48,deb486cdbbcac7bf776de4ea6fdc0f394a1fb82afede816ae0cc0412f2e5692f
google_robot_move_near,194,True,True,True,True,True,0.25,0.8333333333333334,80,49,b6b17a7cdb0136a86f43e6dec9766a10aad500540e3f2d51fdb8ace6393cba99
google_robot_move_near,195,True,True,True,True,True,0.25,1.0,80,55,1f808dbc6c50d27f5dcbd0cf5163f23dfb6384aa1a9a1e0f8e9e32b7868a1d81
google_robot_move_near,196,True,True,True,True,True,0.25,0.8333333333333334,80,36,ba6c1f12947f5ea5adb0b99fdd22a30d4a2dd3f14beb859d81635cea109330ec
google_robot_move_near,197,False,False,False,False,True,0.25,0.6666666666666666,80,47,2271995974cdc57062ea07b5f4642aec062dff5122af4605964e55be7e688445
google_robot_move_near,198,False,True,False,False,True,0.25,0.8333333333333334,80,36,ebd691e159860345123c73dfa8270cd3c173c657145e3d03e526c5bd76982c3e
google_robot_move_near,199,False,False,False,False,True,0.25,0.8333333333333334,80,53,e3b498ecc290125fd033d59701f91c8f3ab83b1bc757b73cf358651fda81a2c5
google_robot_move_near,200,True,False,True,True,True,0.25,1.0,80,47,71fe7973848302a935cbd04348adff2e74854b03bd0927442f437802f9506725
google_robot_move_near,201,False,True,True,False,True,0.25,0.8333333333333334,80,47,fe5d2a1ef1711a39d0130a54b44f7bf789a43354cb52c973931bf8c434b96d9f
google_robot_move_near,202,False,False,False,False,True,0.25,0.6666666666666666,80,60,4fe7176852cd7806aeeb57057a96190be41612218ec6f28e43c16cc1076e4798
google_robot_move_near,203,True,True,True,True,True,0.25,0.6666666666666666,80,55,17d60fd4ca67cfc730dbc293689b319884d1c69146c6cabc34567761f32cded3
google_robot_move_near,204,False,True,False,False,True,0.25,0.8333333333333334,80,60,93456e559c315431a6527475ca61ee362f127d2e09237f5d09a08469f15c182d
google_robot_move_near,205,True,True,True,True,True,0.25,0.8333333333333334,80,50,86b1fd8938f9f055d94e21fdbeca46d60911af4f2970d39383d36cff7be1b537
google_robot_move_near,206,True,True,True,True,True,0.25,0.8333333333333334,80,32,6113a6f6257c05cf80c60309cd42a5aaeae4224ca6e548a899d65231b66c5885
google_robot_move_near,207,True,False,False,True,True,0.25,0.8333333333333334,80,54,d9e91a7a91afa1f5d5ca28d6696887315aa16a9c096e07a34cb3916e900dbffd
google_robot_move_near,208,False,False,False,False,True,0.25,0.6666666666666666,80,58,e1b0a5769a8fb238503b5947a95081c7ff968e8900ae6b38f9cf7dc343f39ec4
google_robot_move_near,209,True,False,False,False,True,0.25,0.8333333333333334,80,48,01386d957bd17ab0833c1934a519dbafcd4d68dbd3d6e71925da02d3972dfb4f
google_robot_move_near,210,True,True,True,True,True,0.25,0.8333333333333334,80,53,4924a3c803a6cbc8ac1510ec7a5c63d0bc10aee72c3820d70edb99efe5dfd342
google_robot_move_near,211,True,True,False,False,True,0.25,0.6666666666666666,80,58,a9fc6827c646a8b1442e8f899fffed137dc85c6241552c312829be3a4a50242c
google_robot_move_near,212,False,True,True,True,True,0.25,0.8333333333333334,80,41,981eae345041de5d5d75c1455f51b8930ebd7c7ad968ca5d89595b4f46f43168
google_robot_move_near,213,True,True,False,False,True,0.25,0.6666666666666666,80,40,8bc6384cb776e5d13d9dbb7540ad84643d802fee246336ffe6ad8d50814f2761
google_robot_move_near,214,True,True,False,True,True,0.25,1.0,80,48,1a38231849dc4f94a01bcac18da3231737071083e29e04deff046a718bdb61c1
google_robot_move_near,215,True,False,False,True,True,0.25,0.8333333333333334,80,54,661e7ebce6ee5f6cd3c2a41c71ce56e105584df96789b94848cdfbd98d199bc7
google_robot_move_near,216,False,False,False,False,True,0.25,0.8333333333333334,80,59,86156faaf2f0e7073e23cc4d4e8a1cd9f9283156cbb4e20cd6c06d51d4f1fb40
google_robot_move_near,217,False,False,False,False,True,0.25,0.8333333333333334,80,51,c106b074938a9c5db5dcebaff2cb9a6fded313925774599541686cb049126914
google_robot_move_near,218,False,False,False,False,True,0.25,0.8333333333333334,80,31,71de256dacfc6202db36b9cf5b74b549903885614ed411391d585d17294d7690
google_robot_move_near,219,False,True,False,False,True,0.25,0.8333333333333334,80,60,6dfe8e44d11c654424ebd47a39fa498cbc32e372604b24ac1b6533126a007ddb
google_robot_move_near,220,True,True,True,True,True,0.25,0.8333333333333334,80,46,d09ce4cd984f9d666b62e5be4e8800ebcb9d35f69e776cd704be7cd536f50032
google_robot_move_near,221,False,False,False,False,True,0.25,0.8333333333333334,80,51,c6d2eb2f1981cb3b80dbca5b42ead149fe14251c6ef69506f187e8250c36942d
google_robot_move_near,222,True,False,False,True,True,0.25,0.8333333333333334,80,54,f3a6db7041c943fe2a2eb396b858a47726ed3bfd7ac488f4b96f6c01d9c69d20
google_robot_move_near,223,False,False,False,False,True,0.25,0.6666666666666666,80,58,139ebfdd33aca3081867416b3828ea138b48e113b8aac8167d04ecd8597d4a93
google_robot_move_near,224,True,True,True,True,True,0.25,0.8333333333333334,80,36,85612ba844ebe2f836d1345c076b6aa36052afce93becf7811441480b71f6f2a
google_robot_move_near,225,True,True,True,True,True,0.25,0.8333333333333334,80,19,90823a11cfdbc681f8f1e1a9d22888b1ec4442df0068cb7ddc0e300c32d1464c
google_robot_move_near,226,False,True,True,False,True,0.25,0.8333333333333334,80,47,7c6bb1751f4a92662e43c1c522f96f448c95bc01a8108ca2817ddc50928948d6
google_robot_move_near,227,True,False,True,True,True,0.25,1.0,80,29,a9583de80f2734320d35e42c53c55fe4cc98eac26176fd7c331be836f31b041f
google_robot_move_near,228,True,False,True,True,True,0.25,0.8333333333333334,80,44,9049ccdf011393800793b92f1a28c7870f565ceaffcb0d31ab914bde0037bb3c
google_robot_move_near,229,True,False,True,True,True,0.25,0.8333333333333334,80,54,f695fd533b25c4a44c9db7db92bf00491077a148ff1a02dd49529613a3c306b3
google_robot_move_near,230,False,True,True,False,True,0.25,0.8333333333333334,80,47,26ff6c07de241d3ef26cf920cfbc72f468ac2bc22dc189ab0051d90102a7bb97
google_robot_move_near,231,True,True,True,True,True,0.25,0.8333333333333334,80,39,49269b13c50b5bba433dd24f410421077abf4ca74d115a4b10d8b8ddec14e283
google_robot_move_near,232,True,True,True,False,True,0.25,1.0,80,50,236b04dbf6eabeae3f7500c670f18351d1f88184e2b03bc3108ec3e0577f5b57
google_robot_move_near,233,False,True,True,True,True,0.25,0.6666666666666666,80,27,ffe6f2b6af56b4011d116ec63c486f928b8002fdb0a5433eaf553473585c499c
google_robot_move_near,234,True,False,True,True,True,0.25,0.8333333333333334,80,52,73a93e13795de8e6d97a614e86c8707dfe20375ea3975b38b8cd8697b3e6b50c
google_robot_move_near,235,False,True,True,True,True,0.25,0.8333333333333334,80,41,8ac84277c55550c4fb6bcf1fe414534fd0394aeaa132acb8a2ae751eb3523afc
google_robot_move_near,236,False,True,False,False,True,0.25,0.8333333333333334,80,60,ac78e0345f20ee3102be37200b5f6c66c7b265a5908fc35448a9c11d8e56b925
google_robot_move_near,237,True,True,True,True,True,0.25,0.8333333333333334,80,29,c5961a9859f8b76523846e12dfcf35ca75666b072968e33dcbdb015a47187eeb
google_robot_move_near,238,True,True,True,True,True,0.25,0.8333333333333334,80,19,19a98738683200717e49b92b7edb1975a80c7dbe1e257f6a63c20ce08b90ddba
google_robot_move_near,239,False,False,True,False,True,0.25,0.6666666666666666,80,13,849c81084acae22b569154b9af8dcf589d08ad6aee81845992531cade2795708
google_robot_move_near,240,True,True,True,True,True,0.25,0.8333333333333334,80,32,4dee4f570ce9e24a1b0853907f03f45e261a65ee0e1155ee740897afe48f674f
google_robot_move_near,241,True,True,True,True,True,0.25,0.6666666666666666,80,55,0c5ab2aa9a54367eafe0fc2060ce601a587a3440e5996d3a1829fa18276bf37d
google_robot_move_near,242,True,False,True,True,True,0.25,0.8333333333333334,80,60,10413176f6bb4a407d81e080a9b882fa36676e077a757c0800f3ed7c13ba43fe
google_robot_move_near,243,True,True,True,False,True,0.25,1.0,80,50,379f4014f0eba4c3b8e968bb1e06077e0da8a7b276bd2f8326c3d3509c3569bc
google_robot_move_near,244,False,False,True,False,True,0.25,0.8333333333333334,80,60,67b0eb0ec2a93e9696848d3212e8b3bf1d8659075baac9d5f006a2bf63df961a
google_robot_move_near,245,True,True,False,True,True,0.25,1.0,80,48,ad5409fff9c8001c86264b2c7b25d82a65d10a9c87b3452813714b5bd77f1d58
google_robot_move_near,246,False,False,False,False,True,0.25,0.8333333333333334,80,53,fedfe69379203626087a2892235be64a2da518b214128778e5796905697b6c29
google_robot_move_near,247,True,True,False,False,True,0.25,0.6666666666666666,80,40,beef093397d3a66097fdc36ef5be2e2b7311c1a044b6fbcad44489fdb4302dc7
google_robot_move_near,248,True,True,True,False,True,0.25,0.8333333333333334,80,40,c436829d134894f23c579995d9daf491693a4bec41356e3555e28dd1a5f5f6e5
google_robot_move_near,249,True,True,True,True,True,0.25,0.8333333333333334,80,33,352fb72a71cc28b2d5a0229bbe84fee7bb8ab9e2285aacd1ce72f53915d9af28
google_robot_move_near,250,True,True,True,True,True,0.25,0.8333333333333334,80,48,1bc648f01f57472d638f0d6a8f5abc48f0eaa0ca0ab654e16b6db1933eb56d87
google_robot_move_near,251,True,False,True,True,True,0.25,0.8333333333333334,80,54,0009038e2f23eb7224a7a25d9a6c6637d84db9ec87aa84ab5811cc5aa0a781ed
google_robot_move_near,252,True,True,True,True,True,0.25,0.8333333333333334,80,44,afb3ced2778e1346c6c214a35cb2ff8ecbf9ec0cbc17a2f03cfa7ff9986dc2c3
google_robot_move_near,253,True,True,True,True,True,0.25,0.6666666666666666,80,33,2148bfd469b356030922e9f3f18f1cc9181540990941b456809037d4a68677b0
google_robot_move_near,254,True,False,False,True,True,0.25,0.8333333333333334,80,54,8072fd63aa3ade0651220135af0d67684b992fbd9c777adca12f041dd21a2f2a
google_robot_move_near,255,True,True,True,True,True,0.25,0.8333333333333334,80,46,0466f3be811e11b0262dabd9da53081889e5b36d76b1d69c097d4683b4e02b77
google_robot_move_near,256,True,False,True,True,True,0.25,1.0,80,29,179907a0bc668680928b86289bbe1feacbfe8fa7c026bbbd31519dcfda85ac7b
google_robot_move_near,257,True,False,False,True,True,0.25,0.8333333333333334,80,54,351c04a20cdf39dfe9931a6b6994838258603cb6db703b39418ba526d78a3e7c
google_robot_move_near,258,False,False,False,False,True,0.25,0.8333333333333334,80,51,b0b195b436765481d1f562878e28d2603d2b0503a5667b51cf31b202142c82bb
google_robot_move_near,259,False,False,True,False,True,0.25,0.6666666666666666,80,13,3ccb1ff9cb74b06b581fc5aed04566033f1bca9bc61ff4eb2b963eb944a53462
google_robot_move_near,260,True,True,True,True,True,0.25,0.8333333333333334,80,53,45659cc8b529553bb2cd70536c041598d5de95fabba6c93baa58791c7ac66e50
google_robot_move_near,261,True,False,True,True,True,0.25,1.0,80,29,c9787247d04c160183ef6ec469e735277632c199d3022c79d851ea6c65033fe5
google_robot_move_near,262,False,False,False,False,True,0.25,0.8333333333333334,80,31,830e843fc6a0dfb93ff7ce191558b47d82b7eb1fc4bf076e2e8b6f9afc5c8a03
google_robot_move_near,263,False,False,False,False,True,0.25,0.8333333333333334,80,41,6ce9872951dc0dcb6d20f2fe7af7c8f697e831793ee974a4761980fe0d55d375
google_robot_move_near,264,True,True,True,True,True,0.25,0.8333333333333334,80,48,d852314d32ab656573fd252343c832dcc01290f1f25352a7a6fd11d3f3e8b9aa
google_robot_move_near,265,True,True,False,True,True,0.25,1.0,80,48,91b55a4403fe6e7ff2ce3cef099d9eef9a3bc8d979d296472eb7fd78208d4de2
google_robot_move_near,266,False,False,False,False,True,0.25,0.6666666666666666,80,25,13f28fce9feea2c1773fbb9aa840d6162480233882351a846bf8a1415f69d0ff
google_robot_move_near,267,True,True,True,True,True,0.25,1.0,80,55,a5a0c20f7ef8a222aefdfd31a9ce3183d9846bca2f49c7d935557bd8c6eaac32
google_robot_move_near,268,True,True,True,True,True,0.25,0.8333333333333334,80,47,80a79439d5c7ad9a7fade61cfd941dc3b96ab9e306b1492fc08a5322611b422c
google_robot_move_near,269,True,True,True,True,True,0.25,0.8333333333333334,80,52,5ebdd2a1a1fd2daaab137f0716af08a8b2a0db25651d8e093b8b9835f0981164
google_robot_move_near,270,True,True,True,True,True,0.25,0.6666666666666666,80,32,41a684bac97400fc4377ca1e2c827644849436f25340c938fbc6cc2f5d61f42c
google_robot_move_near,271,True,False,True,False,True,0.25,0.8333333333333334,80,32,35bc1d029ec0893659c819bf94c6b178661956508f453ff868366d5742567c2c
google_robot_move_near,272,False,False,False,False,True,0.25,0.6666666666666666,80,25,d30724269550810727d0af25004a78d996ae8c5536bed6a680e5a0853ddcd7f0
google_robot_move_near,273,True,True,True,True,True,0.25,0.8333333333333334,80,47,2ac0948da5806fdaf346d3e33253f8c49cf4bc905fac15fc607118ed96f9e0f2
google_robot_move_near,274,False,False,False,False,True,0.25,0.6666666666666666,80,25,0ee2322239f20adc92b1edcf857344563c3c1cc649522097411b724ba0cea972
google_robot_move_near,275,True,True,True,True,True,0.25,0.8333333333333334,80,39,87f20ed086b6c9347078399e918cfe90012e7d8dabdbec01611e8c85fdd14c75
google_robot_move_near,276,True,True,True,True,True,0.25,0.8333333333333334,80,30,973a79c9641524834c84dffb0f611c26d2d5d40c66dce08e46259e23826d2407
google_robot_move_near,277,False,False,False,False,True,0.25,0.8333333333333334,80,42,3daf2304294f9e2503d505f2ed78aed7b57cf4e32ed9242f12ddf196c323a9b3
google_robot_move_near,278,True,False,True,True,True,0.25,1.0,80,29,f30503bc4445a69a2d8bb75a2d13e8940b7b9df23c8a98152fbfb853928c8030
google_robot_move_near,279,False,False,False,True,True,0.25,0.8333333333333334,80,55,f3c0d6103d67579e613d639bfa216fa361d89e2ae4a9a43c315469e2f2b09fa8
google_robot_move_near,280,False,False,False,False,True,0.25,0.8333333333333334,80,41,601ce385d81667c8fdfed3aead89bc91819bf661a973cb083a9001978df7b87b
google_robot_move_near,281,True,True,True,True,True,0.25,0.8333333333333334,80,50,399adb7aabda212ec0a4deacebc3a8c1cf36a6b808db582e7890a7154eef15a1
google_robot_move_near,282,True,True,True,True,True,0.25,0.8333333333333334,80,58,5aadf3669a7eaef2ee95f59d9d995c2571e54327f834cccac8014bfd7f123809
google_robot_move_near,283,True,True,True,True,True,0.25,0.8333333333333334,80,32,69988cb56eec4f67600efab95eeb034be535cee7ef0694d89882f12e519c0a0e
google_robot_move_near,284,False,False,False,False,True,0.25,0.8333333333333334,80,51,d60967a1124313fa2e475dee2b3493324f03fd0a121513a8b1611ece742d5f2c
google_robot_move_near,285,True,True,True,True,True,0.25,0.8333333333333334,80,49,6fb50abf3c282788a4e552babcba6950a69f29976bee08ffc73fa9ae04d632c6
google_robot_move_near,286,False,False,False,False,True,0.25,0.8333333333333334,80,31,cd9cfd6e95df22010a32d199ed2f662105f6ea7e6d3b225049e82a10b756018e
google_robot_move_near,287,True,True,True,False,True,0.25,1.0,80,50,7045d397ce4266b6ee1a17c2ef96851c3bcf246d144a6b873d97ce06590c1e4e
google_robot_move_near,288,True,True,True,True,True,0.25,0.8333333333333334,80,30,0b393893105fd5df35175d7df4b803d7ccfb031be20df24792c520f92c63b960
google_robot_move_near,289,True,True,True,True,True,0.25,0.8333333333333334,80,47,035a2b356740f6c4cc0b93cda0f79f45e81c0078e9780123057498fdaa82b4c8
google_robot_move_near,290,True,True,True,True,True,0.25,0.6666666666666666,80,55,96df8d0f85ae9253daf04db6726fad263fe207e02a195d7939063475c5883446
google_robot_move_near,291,True,True,True,True,True,0.25,0.8333333333333334,80,47,9563a63e406f646d5d1762301b86780c9149287919e2b7a4661ea138b8a56f23
google_robot_move_near,292,True,True,True,True,True,0.25,0.6666666666666666,80,55,8970d77a358c52d6dfcc8a2ad13074792c1a797fb2f4dcbbc467e0d7124a960a
google_robot_move_near,293,True,True,False,True,True,0.25,0.6666666666666666,80,36,4bc4ca8480f663c2701ae15bed7ca4e8e740bbab46a4e7961d69a24bf6015e7f
google_robot_move_near,294,True,False,True,True,True,0.25,1.0,80,47,f1be291c274f5d0bd125f912f5235a9abd9c52e6f092855c8bdfc6b8e471b351
google_robot_move_near,295,True,False,True,True,True,0.25,1.0,80,29,64d4e3c9477ed3d0eab53d8173966106592f3f1948998af8a846674ec487f0c0
google_robot_move_near,296,False,True,True,True,True,0.25,1.0,80,49,0e9155c22ff16de793512dd1f48717c5446fbded317b06baccc6f387e4a87db2
google_robot_move_near,297,True,False,False,True,True,0.25,0.8333333333333334,80,54,0d0c0883d25e3b652903f54e79990e45adfb5eea81d0e00680b5c7b1495b06db
google_robot_move_near,298,False,False,False,False,True,0.25,0.8333333333333334,80,51,93c1262d512b065654e6013116ca4b8fa4daf0010670845f8affd7ded26cbadb
google_robot_move_near,299,True,False,True,True,True,0.25,1.0,80,47,94aabb9dd72fd91e54263f76af1765a9f99f10114969f8d2624ea38ec47b842b
google_robot_place_apple_in_closed_top_drawer,0,False,False,False,False,True,0.25,0.8333333333333334,200,63,a587bfffe9e1837cee774dfaba2b8c7155bd14c55570618ca9541fea5bb657be
google_robot_place_apple_in_closed_top_drawer,1,False,False,False,False,True,0.25,0.8333333333333334,200,73,e1ad1755152a0c65b18af3a1265a17a3e566e36a086ac30b600118601cf6f711
google_robot_place_apple_in_closed_top_drawer,2,False,False,False,False,True,0.25,0.8333333333333334,200,101,6502d63bcc01ef2200a523b65858b0d8b9a993c41d08a66b8e32d3f15bd258c3
google_robot_place_apple_in_closed_top_drawer,3,False,False,False,False,True,0.25,0.6666666666666666,200,59,f5c3cc042560d707bcc3592d518b94964108bcebf6731be37ee9b4d792d67832
google_robot_place_apple_in_closed_top_drawer,4,False,False,False,False,True,0.25,1.0,200,53,969d1960abe1bb64a733337f51ce701032c44ecdfcd327ebe6c793ba1e426af5
google_robot_place_apple_in_closed_top_drawer,5,False,False,False,False,True,0.25,0.8333333333333334,200,120,b32b9935ea9025192189244378d543e530d2335fa50b1e2e4d5bde618761f2c9
google_robot_place_apple_in_closed_top_drawer,6,False,False,False,False,True,0.25,0.8333333333333334,200,31,7ddb2a436128c49235fe8afa7d6173c377abedfc2ff9374425e7249bcf2ddcfe
google_robot_place_apple_in_closed_top_drawer,7,False,False,False,False,True,0.25,0.8333333333333334,200,49,aa57849ccda094fea9ab373fb58f2612f68215d62dcedaeb2d037ff45b251430
google_robot_place_apple_in_closed_top_drawer,8,False,False,False,False,True,0.25,1.0,200,138,968d8f25e0a11bb3ec44046f46acb9270e72e86e783e9a2a66eeb446090b3d1b
google_robot_place_apple_in_closed_top_drawer,9,False,False,False,False,True,0.25,1.0,200,75,dae9d7c4c7defd648b6cb0c9f7157584df3fbc067aa6830b3885fd2212afb37b
google_robot_place_apple_in_closed_top_drawer,10,False,False,False,False,True,0.25,0.8333333333333334,200,43,79fe88cf86f096346459208358e1cd1feaeacad9b8a95980a3ef72d8334e5c76
google_robot_place_apple_in_closed_top_drawer,11,False,False,False,False,True,0.25,0.8333333333333334,200,42,8dda5fd7851fe0930a8743096316f9b2856d38f92f92779536d798ec3d3c466f
google_robot_place_apple_in_closed_top_drawer,12,False,False,False,False,True,0.25,0.8333333333333334,200,31,11961df7556b7c0a7475ee959eb44a1ee6923fb089a26f28609bcbd0e9b14ccc
google_robot_place_apple_in_closed_top_drawer,13,False,False,False,False,True,0.25,0.8333333333333334,200,65,18765b71a25c991b0d9a27f2b7a99961816caf077dbec25c9a3de61bf47b7692
google_robot_place_apple_in_closed_top_drawer,14,False,False,False,False,True,0.25,0.6666666666666666,200,54,4891d4704ed06c915381d444178fe83f18db9815245af07e533c35350b291738
google_robot_place_apple_in_closed_top_drawer,15,False,False,False,False,True,0.25,0.8333333333333334,200,47,4cc6e5afec9f8dec996e779994157bc1f8878cad71f3d310e7b790419fabef0d
google_robot_place_apple_in_closed_top_drawer,16,False,False,False,False,True,0.25,0.6666666666666666,200,27,3d54419cbe935b971eb8e388747b4c6afa780069a93d625fc7f787a968ae4ed0
google_robot_place_apple_in_closed_top_drawer,17,False,False,False,False,True,0.25,0.8333333333333334,200,56,8188e90439e35b5534bcb91522e1c477141748eed57829e83a1025eaac05af4b
google_robot_place_apple_in_closed_top_drawer,18,False,False,False,False,True,0.25,1.0,200,43,de09ec8a1bd9832ec11d630dc8fb98a23402e329b3716e5ebaf888457c932654
google_robot_place_apple_in_closed_top_drawer,19,False,False,False,False,True,0.25,1.0,200,46,9c5f85fb3c364b513a55cdf78846983a2169bd4da70d20707a94e57c6f109312
google_robot_place_apple_in_closed_top_drawer,20,False,False,False,False,True,0.25,0.8333333333333334,200,42,6c5f8714a1a6a227de7959f16ebc4139f8e9a0daf15ad3849e4d6708e6588d88
google_robot_place_apple_in_closed_top_drawer,21,False,False,False,False,True,0.25,0.6666666666666666,200,42,360ed0dfb63c124cba1b3ab865cda6d04d26f2f35409589fe49709500ed4d9e9
google_robot_place_apple_in_closed_top_drawer,22,False,False,False,False,True,0.25,0.8333333333333334,200,30,ee79bc6a2b8fb5a31123a0c73c94997816442d664b8ff70775cbdbe58eedf269
google_robot_place_apple_in_closed_top_drawer,23,False,False,False,False,True,0.25,0.8333333333333334,200,69,c3129c8402be0a9801fd1cf3eef0533a76aa00dbb2c20a277c0a72e84d62e10e
google_robot_place_apple_in_closed_top_drawer,24,False,False,False,False,True,0.25,0.8333333333333334,200,54,f378249104fa11823302fed4f8a6aaf32eec69278856b2abaccdaa7c0fae2a50
google_robot_place_apple_in_closed_top_drawer,25,False,False,False,False,True,0.25,1.0,200,102,f4bbe75d057fe13e61709f6ad70eac1363938fa9030b67e4b23d8187fcc65354
google_robot_place_apple_in_closed_top_drawer,26,False,False,False,False,True,0.25,0.8333333333333334,200,67,1cda26aa2643d2dbd9053c5ff6e0a2384431a69ea884eb060dcc221d28cf04a9
google_robot_place_apple_in_closed_top_drawer,27,False,False,False,False,True,0.25,0.8333333333333334,200,69,8d4ce333c5e1b92ec6705fcbdd62429fd942ca5daf4c3ee7d655f68a271dbe38
google_robot_place_apple_in_closed_top_drawer,28,False,False,False,False,True,0.25,0.8333333333333334,200,85,6b0bcbab9f249a3413effa6a82b2a4f2d244d60b465a5754e8325d40407df5fd
google_robot_place_apple_in_closed_top_drawer,29,False,False,False,False,True,0.25,0.5,200,21,8f2539c24ae18dba5094805544e6131f212222e71826b95244d4085bdf0ad9e0
google_robot_place_apple_in_closed_top_drawer,30,False,False,False,False,True,0.25,0.6666666666666666,200,33,ee6e19ceeef02099b67680edcce73126b24b2edca9bda59e0296790991f199c4
google_robot_place_apple_in_closed_top_drawer,31,False,False,False,False,True,0.25,0.8333333333333334,200,84,bd47e874b4802b76f5385a347729915f42a76e14fad9cb78fb3074f018dd5158
google_robot_place_apple_in_closed_top_drawer,32,False,False,False,False,True,0.25,0.6666666666666666,200,26,2f84cc4d4278d6d88a7a9c35ff82cb74e9120756ee7a19953b367408c90889cf
google_robot_place_apple_in_closed_top_drawer,33,False,False,False,False,True,0.25,1.0,200,101,7e21806e7e3bfb323c0a3361f30feeb02d7057c2ff26c43866e85c7532bf45e2
google_robot_place_apple_in_closed_top_drawer,34,False,False,False,False,True,0.25,0.6666666666666666,200,22,ec5a8ed45e2e26cdf4fa45528b71b441fe09b4140d7546161590a597850792a1
google_robot_place_apple_in_closed_top_drawer,35,False,False,False,False,True,0.25,0.8333333333333334,200,64,c034ff4cd22967d9989468fb78753a5a80894d98e8fe0e03fc87ed3c1253e362
google_robot_place_apple_in_closed_top_drawer,36,False,False,False,False,True,0.25,0.8333333333333334,200,41,82a726b1e556c2ab8feae475cc2a79d865714523c570f2e0410f8a7dd6b0b9b9
google_robot_place_apple_in_closed_top_drawer,37,False,False,False,False,True,0.25,1.0,200,107,7690e1b5d8f3f79ec2ba0f8dd36e7ae445dcfcd9536a4c60305776e5933f8141
google_robot_place_apple_in_closed_top_drawer,38,False,False,False,False,True,0.25,0.8333333333333334,200,59,0fe19332881d4257ab8dfd47ac0e34da0b6c0a3054e800dc0416ef526f7a24db
google_robot_place_apple_in_closed_top_drawer,39,False,False,False,False,True,0.25,0.6666666666666666,200,32,09b65e87b99c263d341c79b05b2306706cd6f6338bc436d86e2060aafa29e522
google_robot_place_apple_in_closed_top_drawer,40,False,False,False,False,True,0.25,1.0,200,65,5b2d3c67b3d864e3b843d9b288d27ef28a40db95bd2288aaf2b5271ff5b071dc
google_robot_place_apple_in_closed_top_drawer,41,False,False,False,False,True,0.25,0.6666666666666666,200,57,d0763e4ffd71fa783929dd78a2b4496f9135eb9849797634df63e4a3f490b7ad
google_robot_place_apple_in_closed_top_drawer,42,False,False,False,False,True,0.25,1.0,200,72,6d7705744bb413d99df37927b48e2f102a1870a334e4c94d5084799d384644b6
google_robot_place_apple_in_closed_top_drawer,43,False,False,False,False,True,0.25,0.8333333333333334,200,95,2ce4edee2b5802e4e857e6df844a457e5aed40c49a90bdb04a7efcdaa22c102c
google_robot_place_apple_in_closed_top_drawer,44,False,False,False,False,True,0.25,0.8333333333333334,200,102,cc274135260acd056066fc970ffcd21622556abb6d0d69d72bf0ebc6552c11c3
google_robot_place_apple_in_closed_top_drawer,45,False,False,False,False,True,0.25,0.6666666666666666,200,46,d1581ce1097179e8fac83368d94df559ff985fd306175ed906b1871750f58f37
google_robot_place_apple_in_closed_top_drawer,46,False,False,False,False,True,0.25,0.8333333333333334,200,61,92fe384466557bf0ad9c6e29e96dbbcdf674a5b5046b4da5c963cb4009f39e8b
google_robot_place_apple_in_closed_top_drawer,47,False,False,False,False,True,0.25,0.6666666666666666,200,28,dad989fcc3b53e87b1375668ab1d3a9b9d0b6a73c03812f8aad9c8c9b0b7dd0e
google_robot_place_apple_in_closed_top_drawer,48,False,False,False,False,True,0.25,0.8333333333333334,200,98,d9adc5592a40505e8376e4cd3aef5bf3819cd7b8e2cd9b698782e7825f976f5c
google_robot_place_apple_in_closed_top_drawer,49,False,False,False,False,True,0.25,0.6666666666666666,200,31,c47ebe6f2b1b103785e8bc6dc46741d6f1e3edff91ce5ad6e9315ce525f92c63
google_robot_place_apple_in_closed_top_drawer,50,False,False,False,False,True,0.25,0.8333333333333334,200,129,30509c995664f34f9d07f3a1ace7925c0d2f544c8f04404970cd79ba5e3e7607
google_robot_place_apple_in_closed_top_drawer,51,False,False,False,False,True,0.25,0.8333333333333334,200,43,20ef8cef35166421c2207fa9a14c49911236eb8b4c6b73bf0273aae4c2336ba0
google_robot_place_apple_in_closed_top_drawer,52,False,False,False,False,True,0.25,0.6666666666666666,200,20,c8da36e206e9c0149b94454e83163ea0d481dddc892b8132b1b24341066e1076
google_robot_place_apple_in_closed_top_drawer,53,False,False,False,False,True,0.25,0.8333333333333334,200,60,69cb0ba5a89f19efbcee60df12d01a44c70efba86f2e15f77ab314de7f65178f
google_robot_place_apple_in_closed_top_drawer,54,False,False,False,False,True,0.25,1.0,200,32,2554f7addfc18d919903cee0a8755477c48ee7bd24b055d486365dbbed13aa4c
google_robot_place_apple_in_closed_top_drawer,55,False,False,False,False,True,0.25,0.6666666666666666,200,18,feb75ad8a9645ef48e725eab86ed89d5cca1f8c9488eb13d4a14f177fd52e244
google_robot_place_apple_in_closed_top_drawer,56,False,False,False,False,True,0.25,1.0,200,17,5e0d69b3907ad88b2b9401d4063261a6380d71e95c067d025f17159213f010c5
google_robot_place_apple_in_closed_top_drawer,57,False,False,False,False,True,0.25,0.6666666666666666,200,36,2c53201a9c66f71852715645e01df17e694233aeb975338ee77b3524019bb138
google_robot_place_apple_in_closed_top_drawer,58,False,False,False,False,True,0.25,0.8333333333333334,200,81,4afd1d42b6b9f096a248f0367be8ec8e30d019a25600d464dc63db2d6274e6b0
google_robot_place_apple_in_closed_top_drawer,59,False,False,False,False,True,0.25,0.8333333333333334,200,37,75f53379fbb7adefe50d97ead2dd1c56ac8be9ea4f7c3329f60956e05dee1ee3
google_robot_place_apple_in_closed_top_drawer,60,False,False,False,False,True,0.25,1.0,200,19,7c971f283910687044f9d61c3cdf1724f1b0ef62c57f1aa05990938e2c2a0d43
google_robot_place_apple_in_closed_top_drawer,61,False,False,False,False,True,0.25,1.0,200,53,26006efdb5c70ad5262cf3deac701d91443c31ef50f3a90ef3454e0c6e72c373
google_robot_place_apple_in_closed_top_drawer,62,False,False,False,False,True,0.25,0.6666666666666666,200,28,533d4c6cf01b57082e88c1d05c0cde2adb7c946d5330e7272236dead1350e78b
google_robot_place_apple_in_closed_top_drawer,63,False,False,False,False,True,0.25,1.0,200,45,55a6446a8b907d3d40a38170d1f12e4fd2be1e6b2a3fb1ed40c8e562724fd284
google_robot_place_apple_in_closed_top_drawer,64,False,False,False,False,True,0.25,0.6666666666666666,200,18,1211b6a2600857c241d9c93c9341f94881f019f55e529c0b6cb27cb12173af53
google_robot_place_apple_in_closed_top_drawer,65,False,False,False,False,True,0.25,0.8333333333333334,200,80,1ac8a04534bc067d02189cb97b7a997339ca4228590ef89acf4032570fcd8de4
google_robot_place_apple_in_closed_top_drawer,66,False,False,False,False,True,0.25,0.8333333333333334,200,50,950fc43c086bceaf01466476d1c2c8074ec30aac10fce42f8d39457e335efec0
google_robot_place_apple_in_closed_top_drawer,67,False,False,False,False,True,0.25,0.6666666666666666,200,43,1b3e256463503796063185fdfd493a94f8bb809445ee08fd02b0e4218515588b
google_robot_place_apple_in_closed_top_drawer,68,False,False,False,False,True,0.25,0.8333333333333334,200,49,aabe6e2bc0c4752f88706fd665ceac5948fbeefb2cf08ee7f935c5c956fe7e3a
google_robot_place_apple_in_closed_top_drawer,69,False,False,False,False,True,0.25,0.8333333333333334,200,31,be7559931e0fe32b4a7c12297760e990bf308b7463e3d0bd6f6687026386e900
google_robot_place_apple_in_closed_top_drawer,70,False,False,False,False,True,0.25,1.0,200,39,fa81b1341f64c0d76f6c5391bad92a93e7e22136e37dfd2b0a204b8248c6d5fc
google_robot_place_apple_in_closed_top_drawer,71,False,False,False,False,True,0.25,0.8333333333333334,200,35,7d5cf1203648a5c485f167e3cb03bf213530d6a1ad9367ad79df96eb214ef1bc
google_robot_place_apple_in_closed_top_drawer,72,False,False,False,False,True,0.25,0.8333333333333334,200,51,1efeac2677565bc4b9c556a76090827c70de1cb0dfb393987faa3f659ed62249
google_robot_place_apple_in_closed_top_drawer,73,False,False,False,False,True,0.25,0.8333333333333334,200,65,9cd46b12d6c315242588c9572d8baedb19f3280abc9060c302527e2593f4b2d1
google_robot_place_apple_in_closed_top_drawer,74,False,False,False,False,True,0.25,0.8333333333333334,200,44,d01969d05b78ae942665cdabf46063188e1d8b4b4e73f8466dcc578433a93518
google_robot_place_apple_in_closed_top_drawer,75,False,False,False,False,True,0.25,0.8333333333333334,200,88,8b66eb9f72764b20bd6e2073377ad17642c52ac6ec6ca6bb749d8fdb5fefb843
google_robot_place_apple_in_closed_top_drawer,76,False,False,False,False,True,0.25,0.6666666666666666,200,48,1df288b2c81e6e157966c11b2a85a7066293a289d476982677f51319945eb5d7
google_robot_place_apple_in_closed_top_drawer,77,False,False,False,False,True,0.25,0.8333333333333334,200,79,38d7bb442a04f28a4e3f31b90b4c5a221235e7d9d4c31f36eb9c9398ec000c10
google_robot_place_apple_in_closed_top_drawer,78,False,False,False,False,True,0.25,1.0,200,35,dc4e45b8d95586a21ab986ea6695c9727bc8cee82845a93891c8bd8bde332ed1
google_robot_place_apple_in_closed_top_drawer,79,False,False,False,False,True,0.25,0.6666666666666666,200,42,9e63f9e7a1ab4780f9ee4488e3b7cd6ec6a899aff728e1553c9e00d6c7bfca7e
google_robot_place_apple_in_closed_top_drawer,80,False,False,False,False,True,0.25,0.6666666666666666,200,27,568046e69692261a4c111a3b0f1dc2d3dc1e6d19aff69dbe4b98ff39b25f2adc
google_robot_place_apple_in_closed_top_drawer,81,False,False,False,False,True,0.25,0.8333333333333334,200,27,c381e419fc76dd080a76498ab4fcc9a6a151fdfbbe5673128ccddcf9c00e0a63
google_robot_place_apple_in_closed_top_drawer,82,False,False,False,False,True,0.25,0.8333333333333334,200,26,35c5ea8336c273f29ba6abc0a7742bbb78715d32f2fb9f9f4e8a3b24287313ca
google_robot_place_apple_in_closed_top_drawer,83,False,False,False,False,True,0.25,0.8333333333333334,200,61,06b9a41b4aaadf28ad6f929d8b66427d1b2e6a805dcd4b867ec310eb54fbc5ae
google_robot_place_apple_in_closed_top_drawer,84,False,False,False,False,True,0.25,0.8333333333333334,200,53,f30a3a51614ae5376964c281a0ec060750dd1d090160b75895ffa8804910151a
google_robot_place_apple_in_closed_top_drawer,85,False,False,False,False,True,0.25,0.8333333333333334,200,26,1969cbdeece35855c8c00adab08003a3b5c4b61b389fbfcf2679a6f5f876eb28
google_robot_place_apple_in_closed_top_drawer,86,False,False,False,False,True,0.25,0.8333333333333334,200,64,0a06cdc11ab8153942ffe32230e0efb25b28c22b7d3698a469d6b0a8b7cddaff
google_robot_place_apple_in_closed_top_drawer,87,False,False,False,False,True,0.25,0.8333333333333334,200,26,84d0c755809b4e6cc42c97a0558cd8bd79016c98bb7a78834440ae9c1aba915e
google_robot_place_apple_in_closed_top_drawer,88,False,False,False,False,True,0.25,0.8333333333333334,200,63,2acdf26b132ba815ff9d5b864df9fd3a06782a2c6ba647d305fa9a8dbd66fa9d
google_robot_place_apple_in_closed_top_drawer,89,False,False,False,False,True,0.25,0.8333333333333334,200,22,e44415b304a78c758d7ea3e979a776995dcb050a394b561d23c0015720283588
google_robot_place_apple_in_closed_top_drawer,90,False,False,False,False,True,0.25,0.8333333333333334,200,46,2b61e8d229742f095f2964de4bc43789e906a00142754d72cf83eca5d2850f82
google_robot_place_apple_in_closed_top_drawer,91,False,False,False,False,True,0.25,0.8333333333333334,200,52,b7a3f10bbe8e316ece366acb86493001ca1c74056f6b3c1298c42f0016788c79
google_robot_place_apple_in_closed_top_drawer,92,False,False,False,False,True,0.25,0.8333333333333334,200,18,527820a454ea1d88a9b1a5caa24e58c01d508b129838af29589109b9930119b5
google_robot_place_apple_in_closed_top_drawer,93,False,False,False,False,True,0.25,0.8333333333333334,200,98,85402eac30bcdb2db49536425fb069b6812c96ae0d211c840685e0474cafa48e
google_robot_place_apple_in_closed_top_drawer,94,False,False,False,False,True,0.25,0.8333333333333334,200,35,3f22d05753ae728d2d373593ff7d85f0e1821c11bc5bd8d603c81529521b67f5
google_robot_place_apple_in_closed_top_drawer,95,False,False,False,False,True,0.25,0.8333333333333334,200,47,38dacc6a45db860884299567899d747547297733ba53828114a89b1741cc3e5c
google_robot_place_apple_in_closed_top_drawer,96,False,False,False,False,True,0.25,0.8333333333333334,200,38,a654595b1259be968dd2f6c316c1d456ff412d2c25d7c6dddbeb10570c9bfb5a
google_robot_place_apple_in_closed_top_drawer,97,False,False,False,False,True,0.25,0.8333333333333334,200,67,5253019daef1a62837e6758eec092475ee76ec0de4c4b5cfe3c90ea826dcd226
google_robot_place_apple_in_closed_top_drawer,98,False,False,False,False,True,0.25,0.8333333333333334,200,96,44dc243d5e40656888cb25b036a4a41d81f49847d2d8be820ad28c2b908b7cce
google_robot_place_apple_in_closed_top_drawer,99,False,False,False,False,True,0.25,0.8333333333333334,200,28,925cb3024a9b5fa04fbd74902137942bca9430917c53d1c5b96700ea19cd4927
google_robot_place_apple_in_closed_top_drawer,100,False,False,False,False,True,0.25,0.8333333333333334,200,56,1c3e9446916e12bd9cb992f8db3c7542a7ef64d735f687253e21e7823e57322f
google_robot_place_apple_in_closed_top_drawer,101,False,False,False,False,True,0.25,0.6666666666666666,200,23,ef170e8f41f8cc2f38f98a8f64819d1bc865760d0da82cde35b33cad49a4493a
google_robot_place_apple_in_closed_top_drawer,102,False,False,False,False,True,0.25,0.6666666666666666,200,29,cc28752a15756a5b2cefe359bfb28283d6b9273459f3f77a70946d3381da1f25
google_robot_place_apple_in_closed_top_drawer,103,False,False,False,False,True,0.25,0.8333333333333334,200,98,68672be18209dd6260d94186bda7bc7f0c8b9119c6e92378f2ad77a8d9a63948
google_robot_place_apple_in_closed_top_drawer,104,False,False,False,False,True,0.25,0.8333333333333334,200,56,c2ab65422d7ac2f0e1f4342f4b5cfd82fa20100928d90b24df93c5d5595195fa
google_robot_place_apple_in_closed_top_drawer,105,False,False,False,False,True,0.25,0.8333333333333334,200,60,9327a269d790aa554aee055b71c2f7b58792ee9ce22b9aa39caf4c69fc471478
google_robot_place_apple_in_closed_top_drawer,106,False,False,False,False,True,0.25,0.8333333333333334,200,80,a6ae737207fd3550045cb4aded2954cb0150efe665b39f8e1bd4c79137685b76
google_robot_place_apple_in_closed_top_drawer,107,False,False,False,False,True,0.25,0.8333333333333334,200,39,fc3c6f63d6102666ac9b00d4d6cf288c33031b3179d83e2122972a480040dd1d
google_robot_place_apple_in_closed_top_drawer,108,False,False,False,False,True,0.25,0.8333333333333334,200,57,51660607ad88bfd644ba6b093ea3c1f6ae8730f06053e0adbb5e971d268bc78e
google_robot_place_apple_in_closed_top_drawer,109,False,False,False,False,True,0.25,0.8333333333333334,200,48,3c4c1ba8b293d58aadbae879d52bb68dad86a3c0c3218cc603a75f2bffca6abf
google_robot_place_apple_in_closed_top_drawer,110,False,False,False,False,True,0.25,0.8333333333333334,200,75,9a77f29616e4bbe88691441b75d1ea760b5b5935019ae14fbc6a59812eed5a93
google_robot_place_apple_in_closed_top_drawer,111,False,False,False,False,True,0.25,0.8333333333333334,200,59,36e4697cdaae894f0272abca522759bab8fa9fd979cda5d1d06640e3560a57e4
google_robot_place_apple_in_closed_top_drawer,112,False,False,False,False,True,0.25,0.8333333333333334,200,34,32335b0ad4295225c5fc0ed572d1f4b8aefcd9f39968ce776987c46414a22453
google_robot_place_apple_in_closed_top_drawer,113,False,False,False,False,True,0.25,0.8333333333333334,200,37,ca729f63ba96f8018fcc460a9580aa1c5647ae8a5bd5ccaa4b96ad599ee9cbec
google_robot_place_apple_in_closed_top_drawer,114,False,False,False,False,True,0.25,0.8333333333333334,200,48,f806be163be912559c6569e3c71f0fbbcf34f3cc0aea92c990f24f4f35e48b56
google_robot_place_apple_in_closed_top_drawer,115,False,False,False,False,True,0.25,0.8333333333333334,200,31,97da66cd78cfb042aca41108f99292df053ca9ca9a6ab8e482834a98de88b579
google_robot_place_apple_in_closed_top_drawer,116,False,False,False,False,True,0.25,0.8333333333333334,200,36,fa2e9627774aa06f6f80c99a3644e78bcf6840b7c873cf0c8eca33d40bf45dcd
google_robot_place_apple_in_closed_top_drawer,117,False,False,False,False,True,0.25,1.0,200,35,e0968c5d916a4e7bad8fae6c794d50d8ad63bba756788020e096a96921e49989
google_robot_place_apple_in_closed_top_drawer,118,False,False,False,False,True,0.25,0.8333333333333334,200,43,c215c8712aa1fb1ebecccd3c8ca3cdda0f6406f54c786f5018d47f484bfb5aee
google_robot_place_apple_in_closed_top_drawer,119,False,False,False,False,True,0.25,0.8333333333333334,200,22,c72b4ef42fb0bf6de7e16a2e1be082804647f919cac07d14efcfde2112e8d1ed
google_robot_place_apple_in_closed_top_drawer,120,False,False,False,False,True,0.25,0.8333333333333334,200,38,f7985fc54e63d941fafedb34dad2a2983e78ab860519dc1488194c0d9e852ab0
google_robot_place_apple_in_closed_top_drawer,121,False,False,False,False,True,0.25,0.8333333333333334,200,40,2d6c73076d9bc56a40c899fba47d3535610f2cfd34ddfd28361f5eca0a3a00b9
google_robot_place_apple_in_closed_top_drawer,122,False,False,False,False,True,0.25,0.6666666666666666,200,51,9b856d7f6507ffefff9f012263c4e91c39e83ce31b88e4cc55be8da48978a831
google_robot_place_apple_in_closed_top_drawer,123,False,False,False,False,True,0.25,1.0,200,82,f39059cce87dab1658dffb34adea624b718dac19b6207c501585acad2a196bf1
google_robot_place_apple_in_closed_top_drawer,124,False,False,False,False,True,0.25,0.8333333333333334,200,40,a9ed995733d6747e1499c5022a894acf04b67d5f19614f2dce731587a749ffea
google_robot_place_apple_in_closed_top_drawer,125,False,False,False,False,True,0.25,0.8333333333333334,200,30,5af8a25ece2d9f4425ef16cb7c058486a648067ca3bdbe8d15b9e0aadefebd03
google_robot_place_apple_in_closed_top_drawer,126,False,False,False,False,True,0.25,0.6666666666666666,200,33,7c32f50c17811ce661b444811a672a89e2f82ae872aa6828c8d290f470ab6e37
google_robot_place_apple_in_closed_top_drawer,127,False,False,False,False,True,0.25,0.8333333333333334,200,49,4531559141271d1379d6ceebb7ee95f373c497085d5f73700ddb3309911daa67
google_robot_place_apple_in_closed_top_drawer,128,False,False,False,False,True,0.25,0.8333333333333334,200,54,efe2eac76167b8c04323eeeb4f5b9a7a26270a02e567649cb4113c0adc09514f
google_robot_place_apple_in_closed_top_drawer,129,False,False,False,False,True,0.25,1.0,200,67,ec72209cc73c680e1df8836189d45ff2e43239c664ad6e28be88edfb3f133111
google_robot_place_apple_in_closed_top_drawer,130,False,False,False,False,True,0.25,0.6666666666666666,200,15,556d8a7260256a58cc4d1adee3b415e17dc7dd3a01b86215da91599f3f24e119
google_robot_place_apple_in_closed_top_drawer,131,False,False,False,False,True,0.25,0.8333333333333334,200,44,7c37255917763c4934a15252832f0362514f20d4de4bf75a0eb97d87db2b8db5
google_robot_place_apple_in_closed_top_drawer,132,False,False,False,False,True,0.25,0.8333333333333334,200,48,2a58760facc7b611e628f989986f40c71854cb47e911d62de9915ba85c238b39
google_robot_place_apple_in_closed_top_drawer,133,False,False,False,False,True,0.25,0.6666666666666666,200,27,e7616bf206ea8b4a8a3eeea739527965ad2eb3a189afdf6456c830160f88953d
google_robot_place_apple_in_closed_top_drawer,134,False,False,False,False,True,0.25,0.8333333333333334,200,56,9b20acad51c99cde011c205e3daaf89ae329a5c7b84452194f7e5b6f7e7372b3
google_robot_place_apple_in_closed_top_drawer,135,False,False,False,False,True,0.25,0.8333333333333334,200,63,9f36606c4a949d5426b5ee6bf70a6829dbb077637aede18e3d7900d2aa71c744
google_robot_place_apple_in_closed_top_drawer,136,False,False,False,False,True,0.25,0.8333333333333334,200,25,4d936f947b9cff651f6a5a1c0444f1d86a5519e66632829d1338dc472f8395ab
google_robot_place_apple_in_closed_top_drawer,137,False,False,False,False,True,0.25,0.6666666666666666,200,52,30eced020ff3a429cb8b1c04930b06469ec7f22a74deef580757c6ed2be58d28
google_robot_place_apple_in_closed_top_drawer,138,False,False,False,False,True,0.25,0.8333333333333334,200,67,e901c628018708f62a9bc30e99f9ba52f42c843c6ceed68e7f2a683becec904f
google_robot_place_apple_in_closed_top_drawer,139,False,False,False,False,True,0.25,0.8333333333333334,200,51,3f6e8102c8ce85e4cdfc57fed08eb9e281c70f86723f31c9ebb4b30800b00cc6
google_robot_place_apple_in_closed_top_drawer,140,False,False,False,False,True,0.25,0.6666666666666666,200,51,6e4fcda39625150b0534eb0c41a254c344e1b13ae5aef618f9695a455700ffb1
google_robot_place_apple_in_closed_top_drawer,141,False,False,False,False,True,0.25,0.8333333333333334,200,30,032ccccb7ebb894edbd29507b4701cca82ba2a4aa008e8b55ebe495a40671022
google_robot_place_apple_in_closed_top_drawer,142,False,False,False,False,True,0.25,0.6666666666666666,200,47,306b0c47bbbf231fe753e0d169a4c5dec3975fad2be8499f66f5af7bfce48ad7
google_robot_place_apple_in_closed_top_drawer,143,False,False,False,False,True,0.25,0.8333333333333334,200,20,3d925e9ec6640fb2018a54e116b39d925952477d61619e20382d8d413014fa60
google_robot_place_apple_in_closed_top_drawer,144,False,False,False,False,True,0.25,0.6666666666666666,200,24,4100707b97d57976801b4b3790f68128cf7c0a03f3cb421bf118dcca2a9c1018
google_robot_place_apple_in_closed_top_drawer,145,False,False,False,False,True,0.25,0.8333333333333334,200,31,1b7b8410c600feca388f5ae1f24b80453c8cb16c6ad4b829c74c8ca9a85671f5
google_robot_place_apple_in_closed_top_drawer,146,False,False,False,False,True,0.25,0.8333333333333334,200,23,2eda931be2a75cf6c5cf34697b665d207f03789e92efeba9783d00e14a2e5d15
google_robot_place_apple_in_closed_top_drawer,147,False,False,False,False,True,0.25,0.8333333333333334,200,69,5997978780ba9fe058bc9bb813b3cbc3ca0c5de6cae2cd7ff20510058c52db87
google_robot_place_apple_in_closed_top_drawer,148,False,False,False,False,True,0.25,0.8333333333333334,200,44,19526fd78634e3b4af38a7f5b7e3e21d3377c9809956c216ceb7c838702b6076
google_robot_place_apple_in_closed_top_drawer,149,False,False,False,False,True,0.25,0.8333333333333334,200,41,b4f1d66548ad077a28bca31142699d998a04d1dafa3ddb4a2e4990b749f0dfcf
google_robot_place_apple_in_closed_top_drawer,150,False,False,False,False,True,0.25,0.8333333333333334,200,46,5bc3ee4b0cd9c5c5bbc64211b95cc67bd2bd9313548ab8cff3069dab635eda8d
google_robot_place_apple_in_closed_top_drawer,151,False,False,False,False,True,0.25,0.8333333333333334,200,87,f8ed1cc7f6f5668ab975b0ff07a2f90b221cc8d22376d0e4b49e83f80a2497e6
google_robot_place_apple_in_closed_top_drawer,152,False,False,False,False,True,0.25,0.6666666666666666,200,32,4eaab1c98416c4a7926f928f7b2bebf5f46ae8d09a1dc0ed9080c61eba3d60a4
google_robot_place_apple_in_closed_top_drawer,153,False,False,False,False,True,0.25,0.8333333333333334,200,87,23cf117916bc7cf3e23248fc10b1934f1c0a3759799864254929a008e752e6bd
google_robot_place_apple_in_closed_top_drawer,154,False,False,False,False,True,0.25,0.8333333333333334,200,40,863f9840483eb2b0437f3a2b44575575e261fb80a5bc8868a7a3046af28d4245
google_robot_place_apple_in_closed_top_drawer,155,False,False,False,False,True,0.25,0.8333333333333334,200,71,0f89db6aead083a3cb05c2cf11bb64e6b8927b7d303089d449044c1726f591a0
google_robot_place_apple_in_closed_top_drawer,156,False,False,False,False,True,0.25,0.8333333333333334,200,41,549b05b370c06021b536c27e84876d7b580d7665140eb4c5637f4c5124007f67
google_robot_place_apple_in_closed_top_drawer,157,False,False,False,False,True,0.25,0.8333333333333334,200,55,fb22c52b07c19a667a5b3c38e68a85be45248708113fb7d24269ce5cbea5eae9
google_robot_place_apple_in_closed_top_drawer,158,False,False,False,False,True,0.25,0.8333333333333334,200,42,21ee98a116d381f73121c9f2c642b8e959c5097f1c544112f1e90bb98464ce8f
google_robot_place_apple_in_closed_top_drawer,159,False,False,False,False,True,0.25,0.8333333333333334,200,51,5a237e44e40b6a66e3264ab48a502d3fc09fc2539e658f0bbc85e55f2f5683a0
google_robot_place_apple_in_closed_top_drawer,160,False,False,False,False,True,0.25,0.8333333333333334,200,76,c5172b939ec406b78e4968ad5f16c0290ff7fcd8acb3b1b6e04ded8d8390e67f
google_robot_place_apple_in_closed_top_drawer,161,False,False,False,False,True,0.25,0.8333333333333334,200,22,d9d5255392d982e53904d9e3e03459955375d816c53e9def925c685ce5ee8eb3
google_robot_place_apple_in_closed_top_drawer,162,False,False,False,False,True,0.25,0.6666666666666666,200,25,853e29fca46b393d06cb450470754b446cbf5cd30b3f8be1e63cf0e9aaf2a34c
google_robot_place_apple_in_closed_top_drawer,163,False,False,False,False,True,0.25,0.8333333333333334,200,18,318c77efa8e7d25bfad178e8cdc58533ed3fa6827ae37bc340ab22fccd999b48
google_robot_place_apple_in_closed_top_drawer,164,False,False,False,False,True,0.25,0.6666666666666666,200,74,15943292a9d51769ea9de0ccb5b5ea1a1733784a25a27e26cab0fd920462cb1d
google_robot_place_apple_in_closed_top_drawer,165,False,False,False,False,True,0.25,0.8333333333333334,200,106,80b92e3ee957096bfa829a490eb715e5f7778d01168a5d2e5e0d935e006038b1
google_robot_place_apple_in_closed_top_drawer,166,False,False,False,False,True,0.25,0.8333333333333334,200,56,1af2d9c7d5b6cad83794dc22de080f765ebfe867b30d2c4a2ebb171a4e5ef516
google_robot_place_apple_in_closed_top_drawer,167,False,False,False,False,True,0.25,0.8333333333333334,200,67,8ffe4abb2bab0057123233b3050a4dda4b4578087a0fedbb66885a69141bf874
google_robot_place_apple_in_closed_top_drawer,168,False,False,False,False,True,0.25,0.8333333333333334,200,49,c651d8ec8a75b86f85f2b335356738297fdba6d9c011e5c2e69d8d8812f52a74
google_robot_place_apple_in_closed_top_drawer,169,False,False,False,False,True,0.25,0.6666666666666666,200,18,708905fe7c0d69683b5d87c9b299ed494a74ee82a5beba1f88e90401b40f34cd
google_robot_place_apple_in_closed_top_drawer,170,False,False,False,False,True,0.25,0.8333333333333334,200,26,b633e8d9f73b2d30d424759933047b9bdfb1a067d8b9131a76f17e62c0eac80c
google_robot_place_apple_in_closed_top_drawer,171,False,False,False,False,True,0.25,0.8333333333333334,200,20,5fc39719f6138cc401c0f1555ebeaf559a6dd74975563e3cb7a25eca678c450e
google_robot_place_apple_in_closed_top_drawer,172,False,False,False,False,True,0.25,1.0,200,29,090a8f6a1915f54531d99e139f44f8710e9afb46a49fcec8d1e9613afec3f9e5
google_robot_place_apple_in_closed_top_drawer,173,False,False,False,False,True,0.25,0.8333333333333334,200,30,faf46b8b935a07c71380ac41a5af05c7885432752eb12ee0fdf972153d3675d4
google_robot_place_apple_in_closed_top_drawer,174,False,False,False,False,True,0.25,0.6666666666666666,200,46,f580254e320bccd4c283d72483eab4438a82c76031dccb78ee19fef86628fe96
google_robot_place_apple_in_closed_top_drawer,175,False,False,False,False,True,0.25,0.6666666666666666,200,31,b99943d1b207b08522f740e209573ff8bcdfbaf7795ac8f62b107a198edc7760
google_robot_place_apple_in_closed_top_drawer,176,False,False,False,False,True,0.25,0.8333333333333334,200,90,19f21ccc6752dac6e87da408418487bf51276e6bc239e586818f591216645779
google_robot_place_apple_in_closed_top_drawer,177,False,False,False,False,True,0.25,0.8333333333333334,200,29,05b07f3614d46f2e8dcd8fb6227162c955c381393bd07a21ad1b1fc269969b81
google_robot_place_apple_in_closed_top_drawer,178,False,False,False,False,True,0.25,0.8333333333333334,200,23,c5b38c79f787c4cc74971aeca88a3dbd3e304e70e64045faa508ad614742e9b1
google_robot_place_apple_in_closed_top_drawer,179,False,False,False,False,True,0.25,0.8333333333333334,200,46,32efd8a357bd7c5e411118cec5ba2016f5ca20d0ef6a8487e89337925d14441b
google_robot_place_apple_in_closed_top_drawer,180,False,False,False,False,True,0.25,0.8333333333333334,200,14,4f9df22b6aab4a13357d201b30c7dfe56960132e44cb3e894bbe2a53c69ab77f
google_robot_place_apple_in_closed_top_drawer,181,False,False,False,False,True,0.25,0.6666666666666666,200,29,df7b26d297e322dbed39e45d0f95d3a780f4d769fdd07c19a41c3925d898e0a2
google_robot_place_apple_in_closed_top_drawer,182,False,False,False,False,True,0.25,0.6666666666666666,200,26,2cc49eb898840a422308564188a1ab26d19b2e718818294f2dcc5abae2b4c6ba
google_robot_place_apple_in_closed_top_drawer,183,False,False,False,False,True,0.25,0.8333333333333334,200,52,ddc0ebdfd02cdc8240571d9cba73199d2f3a95203366262a7f38a6bafbc69de6
google_robot_place_apple_in_closed_top_drawer,184,False,False,False,False,True,0.25,0.8333333333333334,200,51,c3f8dbfeb56fed99d1c79722080294a9b077d3d15fadca72e7a6bc5c678703bb
google_robot_place_apple_in_closed_top_drawer,185,False,False,False,False,True,0.25,0.8333333333333334,200,60,8532af91c052eaa07273ba906d656c314317da08713b20c217221f0d58dc6036
google_robot_place_apple_in_closed_top_drawer,186,False,False,False,False,True,0.25,0.6666666666666666,200,33,018739d1a33e5f3ddbc63da5a269fb6bfe09296fa10f151dc2a6373302a03bb0
google_robot_place_apple_in_closed_top_drawer,187,False,False,False,False,True,0.25,0.5,200,22,d117e1e022ad3612fa840b2e12dad75aa5600b76875060f4c3ea0eeab49f6b5e
google_robot_place_apple_in_closed_top_drawer,188,False,False,False,False,True,0.25,0.8333333333333334,200,20,9cce7e48333f9d664a4412e40f1d75447b4f92da4f1f956951c2e5013e9b412f
google_robot_place_apple_in_closed_top_drawer,189,False,False,False,False,True,0.25,0.8333333333333334,200,18,79b3d14211b1310a4e0ac468d40e18eb7f819f8cbd917879493bbdfc1e5f995d
google_robot_place_apple_in_closed_top_drawer,190,False,False,False,False,True,0.25,0.8333333333333334,200,34,c79c0c186ebb7644580c1a9f5c33bd77c5ecbd899eb6e38af089c9a2a8ff72a8
google_robot_place_apple_in_closed_top_drawer,191,False,False,False,False,True,0.25,0.8333333333333334,200,44,6bba92e6a8e9d282173e72246519298d54f8abe25c3df543c4ce6d87f58e57f6
google_robot_place_apple_in_closed_top_drawer,192,False,False,False,False,True,0.25,0.8333333333333334,200,49,55a88b3eb22f90b0247d1dccaa82b3f9559f4b38b94a0c8d2ce6fb568cbbf10c
google_robot_place_apple_in_closed_top_drawer,193,False,False,False,False,True,0.25,0.8333333333333334,200,43,4e9b6f7823ebb0401e06ea440b42b466816a08f82affa9dc4203746e41047358
google_robot_place_apple_in_closed_top_drawer,194,False,False,False,False,True,0.25,0.8333333333333334,200,42,3e82b765e065c2de4cbc9a83b75579a7cf49678dc543dbd9d65b2c3354323c0c
google_robot_place_apple_in_closed_top_drawer,195,False,False,False,False,True,0.25,0.6666666666666666,200,21,decbfb45b9300b5c2e472edabdbf5201d0d308048b4e59280aa371be59906d42
google_robot_place_apple_in_closed_top_drawer,196,False,False,False,False,True,0.25,1.0,200,42,d14474d79bdbf93f9faa32e6e8302ba0d54600d30f3b92151e59d97aa7492f11
google_robot_place_apple_in_closed_top_drawer,197,False,False,False,False,True,0.25,0.6666666666666666,200,40,aeafd5474843377a05dba5c12adcede4e4948f40a3457d35453b8144c99d18aa
google_robot_place_apple_in_closed_top_drawer,198,False,False,False,False,True,0.25,0.8333333333333334,200,55,b0509cf63527860d889cf8fe585a265a52b037cf16c3d5b88340516dbbd7b23c
google_robot_place_apple_in_closed_top_drawer,199,False,False,False,False,True,0.25,0.8333333333333334,200,53,c047cd3c2ebc976f19894ca8129c7853742622d93bae218b199f5eceb7fb3836
google_robot_place_apple_in_closed_top_drawer,200,False,False,False,False,True,0.25,0.6666666666666666,200,28,fc34c2fc380edd3048afc8fec37533c2a97a03d08961a1f350f5a2f9f0a20078
google_robot_place_apple_in_closed_top_drawer,201,False,False,False,False,True,0.25,0.6666666666666666,200,49,2b56ab503d0590d53d32109d710353fb33b53f4b2eafe8f2dce22d58d6d47253
google_robot_place_apple_in_closed_top_drawer,202,False,False,False,False,True,0.25,0.8333333333333334,200,21,b386705e7140ffe4379813223b91e2a956448b37253875e24e4131fce936c048
google_robot_place_apple_in_closed_top_drawer,203,False,False,False,False,True,0.25,0.6666666666666666,200,43,8f8989b50646b3276d9fd65b36144fb21a581aa0767cb3c46311b0c346dff217
google_robot_place_apple_in_closed_top_drawer,204,False,False,False,False,True,0.25,0.6666666666666666,200,27,6c512293039a74afc74c87e293855b07cd5494261a934438221d266569b26285
google_robot_place_apple_in_closed_top_drawer,205,False,False,False,False,True,0.25,0.6666666666666666,200,28,a00be8e9a4a827d7a7e060103a2435af7681e031a07f77c7ee035eea6e347d20
google_robot_place_apple_in_closed_top_drawer,206,False,False,False,False,True,0.25,0.8333333333333334,200,37,f260d1f0730ca0a50949bfa4e58aac32ccf709971e49e50dc713cafa12110596
google_robot_place_apple_in_closed_top_drawer,207,False,False,False,False,True,0.25,0.8333333333333334,200,19,469cbdc3847c69c54ef9db3f1afb25eabfbf6ca7277bd59a600960d3ba633f90
google_robot_place_apple_in_closed_top_drawer,208,False,False,False,False,True,0.25,0.8333333333333334,200,50,5c0b2e2aef9e1f29e96a26528659ce136eff0e4f0f3877259983e5a315806e99
google_robot_place_apple_in_closed_top_drawer,209,False,False,False,False,True,0.25,0.8333333333333334,200,24,cea4201fa38b516c9ea4e73055aba3c27ea2c8d22ce237ca4acff3d3c9b45a8d
google_robot_place_apple_in_closed_top_drawer,210,False,False,False,False,True,0.25,1.0,200,57,994f523a77b2d7f1f4e5b0deeabd391434e762d3e2a329d6074e62a1aa0d79f1
google_robot_place_apple_in_closed_top_drawer,211,False,False,False,False,True,0.25,0.8333333333333334,200,47,32dd79bc2feb123075169e788c4c6e2080f967504c3d3cab9f2d780a9865ac06
google_robot_place_apple_in_closed_top_drawer,212,False,False,False,False,True,0.25,0.8333333333333334,200,25,e809c0ac4568e37ee8c4dc1ad22fb84777c86fc388e71536f19fefaec3efd904
google_robot_place_apple_in_closed_top_drawer,213,False,False,False,False,True,0.25,0.6666666666666666,200,49,643a14959f33c420d7b73865331ba7e87c81ca3f2639ee1971ef021e62be44dc
google_robot_place_apple_in_closed_top_drawer,214,False,False,False,False,True,0.25,0.6666666666666666,200,29,90888ecfdc99eac698b22b91b4ae0f8bbae1a6bebe6b7b00615a576f65b8220f
google_robot_place_apple_in_closed_top_drawer,215,False,False,False,False,True,0.25,0.8333333333333334,200,45,af695accf1b1a7075cf4f5ed84f9cf5cdb0898ad5eca358ee92399c5e3ac6f05
google_robot_place_apple_in_closed_top_drawer,216,False,False,False,False,True,0.25,0.8333333333333334,200,42,a7f32c1f9a22df92fb2e946f8edaa0ee11b2815d2f1dadfc3fbe57c8d6773ab9
google_robot_place_apple_in_closed_top_drawer,217,False,False,False,False,True,0.25,0.6666666666666666,200,25,713998b61a04fa21ad5e66c94d431f382bc105bd39adf8b8b0c032f08f087944
google_robot_place_apple_in_closed_top_drawer,218,False,False,False,False,True,0.25,0.6666666666666666,200,39,dc44af76141a1a500cc1999606fe02e78362283d21b776193a7d753acaffe3f0
google_robot_place_apple_in_closed_top_drawer,219,False,False,False,False,True,0.25,1.0,200,58,95e480b117cafcdd8f05336b41e61f8868cc41dae8c6736db309fe401234f2af
google_robot_place_apple_in_closed_top_drawer,220,False,False,False,False,True,0.25,1.0,200,80,937124dc2e6c185044cca0cc0e07240a30c082419f76413e60b08bbbc2cbb253
google_robot_place_apple_in_closed_top_drawer,221,False,False,False,False,True,0.25,0.6666666666666666,200,16,a328843b02a9b7d493ae40419c41568571152453182d160e7d1e1e9d9ff62d19
google_robot_place_apple_in_closed_top_drawer,222,False,False,False,False,True,0.25,0.6666666666666666,200,33,42f4a27b2fb507f987494cf8f87972e27490fa5b6f06ecbaeaba4901d601ac28
google_robot_place_apple_in_closed_top_drawer,223,False,False,False,False,True,0.25,0.8333333333333334,200,28,f1d0a86f32bc463b13ead4a9190b7e023cc11c3c117e9a451b5e7a906bf8bede
google_robot_place_apple_in_closed_top_drawer,224,False,False,False,False,True,0.25,0.8333333333333334,200,51,2e0dfb46a7e7322328da6cc1dad4640e7dfbaac026a036eb62b3be69702c4d94
google_robot_place_apple_in_closed_top_drawer,225,False,False,False,False,True,0.25,0.8333333333333334,200,106,87098d1074463389fea21c195a0c8e318b16c1c238b0edf4fc91b7234ad662ad
google_robot_place_apple_in_closed_top_drawer,226,False,False,False,False,True,0.25,0.8333333333333334,200,132,fe8add83a0e44ef832f1ee32ab5e14ce01a8d6e4b4a204ec017cc8cb2b24e423
google_robot_place_apple_in_closed_top_drawer,227,False,False,False,False,True,0.25,1.0,200,76,b79b3f27b78ddde5d9351073e569752a02def26fd2c83edfcda5568b12d080df
google_robot_place_apple_in_closed_top_drawer,228,False,False,False,False,True,0.25,0.6666666666666666,200,14,ea69c5d253481fdafb2a70312167f6a536fea0609f14d3665da69fa2c2f74b47
google_robot_place_apple_in_closed_top_drawer,229,False,False,False,False,True,0.25,0.8333333333333334,200,39,04bfd8fb18e1fd446de8702bd88cf6bfe5b7d2ba322edf06945ebf63d3477144
google_robot_place_apple_in_closed_top_drawer,230,False,False,False,False,True,0.25,0.8333333333333334,200,41,0b5e2bdbdcf282dee0321e2e10ecd21c9b1bf2b0acfed8d3d624fdca8071b60d
google_robot_place_apple_in_closed_top_drawer,231,False,False,False,False,True,0.25,0.8333333333333334,200,47,9a7bc0751a6ca0fda00ccc1027a1548ebe22e7a2607b9f67f83ae486c3a01148
google_robot_place_apple_in_closed_top_drawer,232,False,False,False,False,True,0.25,0.8333333333333334,200,57,48b821fe9954932f543cc52b16a50471a58461b83eefb2c2f0d2ecbaf9a9c49d
google_robot_place_apple_in_closed_top_drawer,233,False,False,False,False,True,0.25,0.6666666666666666,200,30,bbb4490d9032ade758f90966af5e1f51f2c2909c23c3c557a93064da0dabd201
google_robot_place_apple_in_closed_top_drawer,234,False,False,False,False,True,0.25,0.6666666666666666,200,22,bdeda6e8f67b3a5ca5a2548898749897633245adaee7a2a60e0c8ba0f83f1184
google_robot_place_apple_in_closed_top_drawer,235,False,False,False,False,True,0.25,1.0,200,140,696dd362e65f88f7818fed6072488c0225f1b55b83ece1efb25a6fb8ce287d8d
google_robot_place_apple_in_closed_top_drawer,236,False,False,False,False,True,0.25,0.6666666666666666,200,36,338a6303cfd83f39ce31e6158ee937bfb45d0c877a3e0492e67dc4007e35dd3e
google_robot_place_apple_in_closed_top_drawer,237,False,False,False,False,True,0.25,0.8333333333333334,200,80,64524c96c31c970666c1c03bdfd2f1fe0b2442012ee2f16ddc93e7af9927f47d
google_robot_place_apple_in_closed_top_drawer,238,False,False,False,False,True,0.25,0.6666666666666666,200,32,860365c21bb43d4bba733c1394fbeec60cd78f0fca4cdc49d2fc6b51ff73e15a
google_robot_place_apple_in_closed_top_drawer,239,False,False,False,False,True,0.25,0.8333333333333334,200,86,621253629e1327c7f928b87e8e9795014206fb217d4946c562ba230d2fc3a1f6
google_robot_place_apple_in_closed_top_drawer,240,False,False,False,False,True,0.25,0.8333333333333334,200,84,2d92c4529802c799c5e843e244cae675e1f5c27dfc3d1111953e6e67863062af
google_robot_place_apple_in_closed_top_drawer,241,False,False,False,False,True,0.25,0.8333333333333334,200,68,d0d082f0211e72ac6e886690574732568e87a66240bee0e59363f5df13c70d72
google_robot_place_apple_in_closed_top_drawer,242,False,False,False,False,True,0.25,0.6666666666666666,200,42,ebef82949013ba4e098d00e3d3ee29b0bc08e59a0cb38c846fa19b8edee9e25d
google_robot_place_apple_in_closed_top_drawer,243,False,False,False,False,True,0.25,1.0,200,87,a0b93936b64fd9b0da5f98d1427b8250faa79e8c7a90541cd378952c8e234b6c
google_robot_place_apple_in_closed_top_drawer,244,False,False,False,False,True,0.25,0.8333333333333334,200,46,f36c00fa5b8cdf7c4b0f28161b86a2c1af280d6beb8846e17dc028ff3ca9974e
google_robot_place_apple_in_closed_top_drawer,245,False,False,False,False,True,0.25,1.0,200,71,14731ebf1090c5c842d244015771aa89d5100ad8a0be375bfcedd24d9492e7de
google_robot_place_apple_in_closed_top_drawer,246,False,False,False,False,True,0.25,0.6666666666666666,200,27,c2737376e92a4db50d85d25b0fb1f457f8430d147c4a92bf06d45873f849b2f9
google_robot_place_apple_in_closed_top_drawer,247,False,False,False,False,True,0.25,1.0,200,72,b7978859c13bdcff6b10aebfa9055cef6cb6f489182578476bd7e88f3f1c1f7b
google_robot_place_apple_in_closed_top_drawer,248,False,False,False,False,True,0.25,0.8333333333333334,200,64,8ab25dee610b906fb12be86375ddfe3e429939477b8e32c6be9511cfb512b6fc
google_robot_place_apple_in_closed_top_drawer,249,False,False,False,False,True,0.25,0.6666666666666666,200,38,c5480a9805fafb680e86b7e850ce739f3399a39865f0a52a28dfc6839cfe580f
google_robot_place_apple_in_closed_top_drawer,250,False,False,False,False,True,0.25,0.8333333333333334,200,62,17eb550b789b9a9c995b9fe4b42f53cd3200f857cdc86bc7c8dfaa0c305de386
google_robot_place_apple_in_closed_top_drawer,251,False,False,False,False,True,0.25,0.8333333333333334,200,38,f6e6ce76e36295b5ad60013f4d1a35a565f8aa850db1abddd1770387b717c30d
google_robot_place_apple_in_closed_top_drawer,252,False,False,False,False,True,0.25,0.8333333333333334,200,66,8691bd4dde3b662afbf81f3b5cb4da51de216c0c5b8c851a1031835a6885512f
google_robot_place_apple_in_closed_top_drawer,253,False,False,False,False,True,0.25,0.8333333333333334,200,44,08db026798edb8dc44098ed67d39b0362058531e6b31b13f7000e1d246f5e531
google_robot_place_apple_in_closed_top_drawer,254,False,False,False,False,True,0.25,1.0,200,29,b830edfc035e175490defc153018aee02bba0fa7cf5ef4cfa9d884629d143cfb
google_robot_place_apple_in_closed_top_drawer,255,False,False,False,False,True,0.25,0.6666666666666666,200,55,d9f4dfec30564162e24d04018523dd728998cc330da18dc5271689ec4369c9a7
google_robot_place_apple_in_closed_top_drawer,256,False,False,False,False,True,0.25,0.6666666666666666,200,42,e05eae45fde2c9b084f8464458a428b05c25e6276da66e6e2f88a11657f35534
google_robot_place_apple_in_closed_top_drawer,257,False,False,False,False,True,0.25,0.8333333333333334,200,69,8efbe5cf35a547cebd0f9e2bd277f31fb9571b5ac1fb733e89654cde8846df70
google_robot_place_apple_in_closed_top_drawer,258,False,False,False,False,True,0.25,0.8333333333333334,200,39,4c310fcc5a0d6d3c1356e36cc10c6a07b006e6d38278d9e8f8319e78f6d183af
google_robot_place_apple_in_closed_top_drawer,259,False,False,False,False,True,0.25,1.0,200,74,5bb2a868c7cefce91b2c8880d3b688ad069ab73ba3fad388856ad6f9ea064ba4
google_robot_place_apple_in_closed_top_drawer,260,False,False,False,False,True,0.25,0.8333333333333334,200,48,5de181f5a7c2efff0a3f22a6147330201d0eaf6c61c1ee89f8c387a80d190c38
google_robot_place_apple_in_closed_top_drawer,261,False,False,False,False,True,0.25,0.8333333333333334,200,110,dbab5f80d15dd26a2635c07362ed16f673949ad1562354310d2221319197bb96
google_robot_place_apple_in_closed_top_drawer,262,False,False,False,False,True,0.25,0.8333333333333334,200,44,6d7d3e7f565fb31e4823781f28d582c204da73ab2dd0dbafbe8fc88e9b0671b2
google_robot_place_apple_in_closed_top_drawer,263,False,False,False,False,True,0.25,0.8333333333333334,200,57,ca80e660cd97beaf3b2d2a3e34762524d54a82482509290619141b6a96726d63
google_robot_place_apple_in_closed_top_drawer,264,False,False,False,False,True,0.25,1.0,200,74,c0ba33aa7f1edf6991364292ad089ec6f66e652a487cd9de0f7440344337eaa0
google_robot_place_apple_in_closed_top_drawer,265,False,False,False,False,True,0.25,0.6666666666666666,200,56,3be2b3abe2c4fb99e9539e501ef4b360e255bccd44ffa4209ab93e9ce58d380d
google_robot_place_apple_in_closed_top_drawer,266,False,False,False,False,True,0.25,0.8333333333333334,200,29,b2f2d0233dce1d7d22767cddffe1456cb00abe5bac55ef5f3b01c2f6d1079d26
google_robot_place_apple_in_closed_top_drawer,267,False,False,False,False,True,0.25,0.8333333333333334,200,39,176c0eb279af53304f72d97f73de30c28d991e4033af6ca3159d926964ce3c94
google_robot_place_apple_in_closed_top_drawer,268,False,False,False,False,True,0.25,0.8333333333333334,200,54,67374793ede04a591c62576c04beef7d119aa0d7fc5314472d798cbaf318edac
google_robot_place_apple_in_closed_top_drawer,269,False,False,False,False,True,0.25,1.0,200,45,6524f33ccd670ced50dfff3c660e50984ff0f148c78e27ea441c3d29f08f9962
google_robot_place_apple_in_closed_top_drawer,270,False,False,False,False,True,0.25,1.0,200,92,ae8654d198d3b93b3b43d2ab209dd9ad79f0efe6431dcd2cd87ca984c42559fd
google_robot_place_apple_in_closed_top_drawer,271,False,False,False,False,True,0.25,0.8333333333333334,200,77,a2738ad8d1edceeec7d78ce464b5625fd52e03f896f3b2a6616579be4df23750
google_robot_place_apple_in_closed_top_drawer,272,False,False,False,False,True,0.25,0.8333333333333334,200,39,474d6482d7d30459e6178425038f66e244b5ab7a563af95cf71a798731f9ee30
google_robot_place_apple_in_closed_top_drawer,273,False,False,False,False,True,0.25,0.8333333333333334,200,36,88e26d861901d966fa92af35279597cf55dfd9e9af9c676fdd0a2ccf2fd94b75
google_robot_place_apple_in_closed_top_drawer,274,False,False,False,False,True,0.25,0.8333333333333334,200,29,6824d559bf23e2ace7a051410edac954388f1c1e390704f6f3d675909fc19845
google_robot_place_apple_in_closed_top_drawer,275,False,False,False,False,True,0.25,1.0,200,64,35adf262f90d1ef64413a6c7ebc8896f20f4667261ecf779639a90990c10cf07
google_robot_place_apple_in_closed_top_drawer,276,False,False,False,False,True,0.25,0.6666666666666666,200,39,d5b4ba16d64bd1afedc04067d194c972ef939168ba3b7ccd51c5d9b97d53626d
google_robot_place_apple_in_closed_top_drawer,277,False,False,False,False,True,0.25,0.8333333333333334,200,58,b969779fcff1d43e45030d2b1aa00f388794af7d1a9d07eb99be0b25de2bf830
google_robot_place_apple_in_closed_top_drawer,278,False,False,False,False,True,0.25,0.8333333333333334,200,43,086cb2d35dad0ec0b98015d1582aeeaee62af6b63deb929f5bbc3e7da190f7a8
google_robot_place_apple_in_closed_top_drawer,279,False,False,False,False,True,0.25,0.8333333333333334,200,21,d03675c88036b21ac6cfb92413e51a1d2974121447bf13f0835d467f35431c5f
google_robot_place_apple_in_closed_top_drawer,280,False,False,False,False,True,0.25,0.8333333333333334,200,43,577f6c42d682aba7c77a1bed162d0e044f3a0f9d3aa833ce80a322f6c32df434
google_robot_place_apple_in_closed_top_drawer,281,False,False,False,False,True,0.25,0.8333333333333334,200,54,e11d0b5c1e6643b6e08fd27dfe7faa685a39d7e3a0639d55a4bd16e535bbe064
google_robot_place_apple_in_closed_top_drawer,282,False,False,False,False,True,0.25,0.6666666666666666,200,49,a7ae3df61aac8678fef3f514fd097cfdb06adeb126a882625fcdbe7254282190
google_robot_place_apple_in_closed_top_drawer,283,False,False,False,False,True,0.25,0.6666666666666666,200,25,63412754bd7b61baf758f4b4f550209806b78c02c7e18cb515bf6bf74da31358
google_robot_place_apple_in_closed_top_drawer,284,False,False,False,False,True,0.25,1.0,200,112,99f440f0ae2cdf77f69f9361a5950472a08d6ba902956aa44f670f2e7fe6dfde
google_robot_place_apple_in_closed_top_drawer,285,False,False,False,False,True,0.25,0.8333333333333334,200,52,88f7b8a4d558a1a76b36281ab932f3af218b97811552fba39c50970fee754c71
google_robot_place_apple_in_closed_top_drawer,286,False,False,False,False,True,0.25,0.6666666666666666,200,33,52e615c637ba30fdf674283edaab68e8bc5de58407d964948cc29decf5c6adbf
google_robot_place_apple_in_closed_top_drawer,287,False,False,False,False,True,0.25,0.6666666666666666,200,31,648f8db287b6b1ffd1250c0e7d540e8e86a9fc9cf11d25927b890858752e8145
google_robot_place_apple_in_closed_top_drawer,288,False,False,False,False,True,0.25,1.0,200,26,a39a3d70fe67cc6973aa70ea79e7666df2401e47df2ae3760b6b97b1ef27e366
google_robot_place_apple_in_closed_top_drawer,289,False,False,False,False,True,0.25,0.6666666666666666,200,18,eeff0c7ca7f799be2150837393ac9d726ec29e5b8f59f502d79c724b1c64e8bc
google_robot_place_apple_in_closed_top_drawer,290,False,False,False,False,True,0.25,1.0,200,75,829ab6e3fc91303a70b938b11450aa1cc58e4b077058628bf3e2685480dd1a92
google_robot_place_apple_in_closed_top_drawer,291,False,False,False,False,True,0.25,0.8333333333333334,200,70,0c9cb807491f4fc0e64773243ae708da9d0755a999761c56b2fa8b61c728dfaa
google_robot_place_apple_in_closed_top_drawer,292,False,False,False,False,True,0.25,1.0,200,70,0b864968781c64cfcf47368618e21f0cf2f67178409a67b8fc27c97066559745
google_robot_place_apple_in_closed_top_drawer,293,False,False,False,False,True,0.25,0.8333333333333334,200,31,e274c5326cdcde0e132aca384f88728c699dfda2d702f2250229a01473e0b690
google_robot_place_apple_in_closed_top_drawer,294,False,False,False,False,True,0.25,0.8333333333333334,200,36,44ac2cc9ff94e5486ce969e652e299a32e91feecc554ae34cb25897b6a50c501
google_robot_place_apple_in_closed_top_drawer,295,False,False,False,True,True,0.25,0.8333333333333334,200,86,3467615d8ae09920fffbe2604b2212b12d288224956186b61e803d5d939136f3
google_robot_place_apple_in_closed_top_drawer,296,False,False,False,False,True,0.25,0.8333333333333334,200,76,ddede6ecae80a58e5927889e722c7b131bfe144a384c5df0e89146d42a84e52e
google_robot_place_apple_in_closed_top_drawer,297,False,False,False,False,True,0.25,0.8333333333333334,200,71,7a00d655c69d1d5e2643e017254d80b1d7427b3a67bbafeb91103a3c90ea9dba
google_robot_place_apple_in_closed_top_drawer,298,False,False,False,False,True,0.25,0.8333333333333334,200,47,dcb0f93b98ced59cfe3a787c19e7ad50800877f7739038c342af50c671b490a1
google_robot_place_apple_in_closed_top_drawer,299,False,False,False,False,True,0.25,0.8333333333333334,200,54,2c9e12e3d0bf5c150b328727f22abcf90915f386c1d53f49d7db979572a68618
widowx_carrot_on_plate,0,False,True,False,False,True,0.25,0.8333333333333334,60,43,0ec98bc7636538690411935a45e5958081065bc28973a273cda4713ffa79514a
widowx_carrot_on_plate,1,False,False,False,False,True,0.25,0.6666666666666666,60,38,3e928f527ff3a603444f723dd5f0c9f98292d15935da2fb5e51cb64d58812587
widowx_carrot_on_plate,2,False,False,False,False,True,0.25,0.8333333333333334,60,45,5fa76c20656805a7cbba551002ec344956992d61cbe29c0e26e72996888a4358
widowx_carrot_on_plate,3,False,False,False,False,True,0.25,0.8333333333333334,60,36,9c9f572a57ce21a3a2f00e779f649794d6c27d36baacbfde469a78a02f38dea9
widowx_carrot_on_plate,4,False,False,False,False,True,0.25,0.8333333333333334,60,34,574ed00701047646c593ceb6811aade5de77bb592ccf557fbb78687ffd15f026
widowx_carrot_on_plate,5,False,False,False,False,True,0.25,0.8333333333333334,60,40,ccce4a2788241a4e5ac9f989205f6aeb197cd6f38a2ac87430676c32631221c9
widowx_carrot_on_plate,6,False,False,False,False,True,0.25,0.8333333333333334,60,36,cc906bf15bbd65b35c829ff484918b39ce67679c99adaffc74c56772cf1fcb36
widowx_carrot_on_plate,7,False,False,False,False,True,0.25,0.6666666666666666,60,37,e273b001c105b9e5e45e496947a2e5bf9f7d7e58511c8593cecf5c7f187c8c58
widowx_carrot_on_plate,8,False,False,False,False,True,0.25,0.8333333333333334,60,40,af216c0f0867cffbf31b020cf13153548c0dc2ce6ffb02b4bc18852fdb4bf5d8
widowx_carrot_on_plate,9,False,False,False,False,True,0.25,0.8333333333333334,60,43,8a2208fbfca08edf1a29ed8281c1fc5056db1e402fcdef70371a6b1d06e3f837
widowx_carrot_on_plate,10,False,False,False,False,True,0.25,1.0,60,37,74bf2741c5527678019d0e7843edc1df1ec80c03c89c1b330d750ee6534b6485
widowx_carrot_on_plate,11,False,False,False,False,True,0.25,0.6666666666666666,60,41,a5cc901836c5e805ae0c970c04c34e5dafd9e0e157e1a157037ff6140e31ba9e
widowx_carrot_on_plate,12,False,False,False,False,True,0.25,0.8333333333333334,60,33,2cbb6e7d4a3ace647e3dfb85c10da1b2f7edb43f89c52c3ec986509128ce18ba
widowx_carrot_on_plate,13,False,False,False,False,True,0.25,0.8333333333333334,60,34,b2a50206a06a06745aea40b882878717e25c30eba0a5753167744efc5c94162c
widowx_carrot_on_plate,14,False,False,False,False,True,0.25,0.8333333333333334,60,33,856b87e0028601dff741c8f189de0f11487d61d61de891bf7bdd65d103a144a6
widowx_carrot_on_plate,15,False,False,False,False,True,0.25,0.8333333333333334,60,45,9b6700876beb8880fa34e21e3f09afb6f3be146fcf997dce2d2e4a1c9f0c8852
widowx_carrot_on_plate,16,False,False,False,False,True,0.25,1.0,60,37,6c2b71640b3110da8d4a2ae686c1ea0a65ca08be34e9c59aae2a5dac5a465ddd
widowx_carrot_on_plate,17,False,False,False,False,True,0.25,1.0,60,40,fd462145f3299243faa51ec40ebe396efb1e9e40a1e4e757eaf4495830c6009b
widowx_carrot_on_plate,18,False,False,False,False,True,0.25,0.8333333333333334,60,36,ee32471ae0a8c7b194a25343857494f4ca203e08403e62db10a5bbfeb05c9f04
widowx_carrot_on_plate,19,False,False,False,False,True,0.25,0.8333333333333334,60,34,8f9f843844b45795d8eac34159cca6eb8caae22ac60558bcd6fcec82ab7e8b61
widowx_carrot_on_plate,20,False,False,False,False,True,0.25,0.8333333333333334,60,40,bfde2fde9d873f1b443bae0b8ba9b149ce57a23437c6ada1ad75f5dbd16c3c8e
widowx_carrot_on_plate,21,False,False,False,False,True,0.25,1.0,60,37,e5fe8f3f18b97bec9d4465dadeb884431da6112c25bccb9d8bc8dad4d3c5c267
widowx_carrot_on_plate,22,False,False,False,False,True,0.25,0.8333333333333334,60,43,33847615dfe72fce6b01a55c197464e5fda1c73dd7861e2f837ba8bee661741e
widowx_carrot_on_plate,23,False,False,False,False,True,0.25,0.8333333333333334,60,39,21878e2d3add8ca8040c007d8ee526f38a8292278621b6dac7d532dd335e568d
widowx_carrot_on_plate,24,False,False,False,False,True,0.25,0.8333333333333334,60,37,d2160acc0dc8e212a603a6f0d30cb79df7af7006e7706047335362b301603021
widowx_carrot_on_plate,25,False,False,False,False,True,0.25,0.8333333333333334,60,33,fa2d353a6ac2167b3ae930570aab48f12fe5f1c0328ea1cdf649609469cd6d1f
widowx_carrot_on_plate,26,False,False,False,False,True,0.25,0.8333333333333334,60,43,97541e488270e3cd7e64d8ba6adb6a519acbfc5bace74e4993d6b8f6a82d534b
widowx_carrot_on_plate,27,False,False,False,False,True,0.25,0.8333333333333334,60,39,85852ca62c11ec2354072f2f1616f7a15093483d01090cf7408df789b40508e6
widowx_carrot_on_plate,28,False,False,False,False,True,0.25,0.8333333333333334,60,39,92021c054ff5291ddc071c65ad3a6fd47fcc3be77af6081723b2dd932c0e63f6
widowx_carrot_on_plate,29,False,False,False,False,True,0.25,0.8333333333333334,60,43,606512e530e24b678ee529680ee52858c7e5acc432540b8830f963170438035c
widowx_carrot_on_plate,30,False,False,False,False,True,0.25,0.6666666666666666,60,38,abe7a2d95cdf4d71599c52134587652b4cba1448c208a580f0ddf284f6193802
widowx_carrot_on_plate,31,False,False,False,False,True,0.25,0.8333333333333334,60,34,ea1f44a0422f9cb36a4116cdc6f356140fad727ae5509f839bab3664e2e2c8be
widowx_carrot_on_plate,32,False,False,False,False,True,0.25,0.8333333333333334,60,41,ca3440d9d521d778f8b48ad6009f4134b4f5e3237e7cb90a0c710bbff574b63c
widowx_carrot_on_plate,33,True,False,False,False,True,0.25,0.8333333333333334,60,43,cdf887d84a942948e92c4d871b36255e9a145c0f13b0faeeee0c8d69e98f3b73
widowx_carrot_on_plate,34,False,False,False,False,True,0.25,0.8333333333333334,60,39,0e2b1a19a05393f3a1cd625b6f38c7d6f487b2fae666a3aa837b1dc5b1624570
widowx_carrot_on_plate,35,False,False,False,False,True,0.25,1.0,60,37,d0c13a35238bfa58346491ff8ce797f53d9f3b96880b6877d9d58093b6b2f9ed
widowx_carrot_on_plate,36,False,False,False,False,True,0.25,0.6666666666666666,60,38,2ae7176cb50f01c7479f6b3ab52614eb15716d5604e538b0b8210125433b12ec
widowx_carrot_on_plate,37,False,False,False,False,True,0.25,1.0,60,40,a72c73d303e1a89671f0c83aaef6d4230c2666cd6e0d67903f1b2ce66033fa5c
widowx_carrot_on_plate,38,False,False,False,False,True,0.25,0.8333333333333334,60,39,79005a78dbca65582507d64b39e2d7a52d5343825c3b8da4eeec8d3a577151cc
widowx_carrot_on_plate,39,False,False,False,False,True,0.25,1.0,60,37,d3054f359b8b8e0f8cc40fbecf5ea44c28f83b31f108c3688d43ba020ac2ebb6
widowx_carrot_on_plate,40,False,False,False,False,True,0.25,0.8333333333333334,60,43,e75f6cade3d996a173c026646a75d03ce490643d056c609a33cdc7bcb81478ac
widowx_carrot_on_plate,41,False,False,False,False,True,0.25,0.6666666666666666,60,28,8e7101587e3333d95feeb4102053ee0f8716659d39c41a0881d229b293fe549d
widowx_carrot_on_plate,42,True,True,False,False,True,0.25,0.8333333333333334,60,43,e862ff19122d4ea775f075d12d81ee39006ed2c671d279ce9c8eb99aede6d7b8
widowx_carrot_on_plate,43,False,False,False,False,True,0.25,0.8333333333333334,60,33,37834916a101c8652c1ca335583efc32a82485e74d9ca8f2bed622ef0d616a90
widowx_carrot_on_plate,44,False,False,False,False,True,0.25,0.8333333333333334,60,43,da471fae3e2528af13c431acb2a3551f693a5b5aac2e975c8ece4671eccbe72e
widowx_carrot_on_plate,45,False,False,False,False,True,0.25,0.8333333333333334,60,33,eeb0340799c15eb61738000e1787dbf84345d60e5b89d1bf1c166ba2c242ae6e
widowx_carrot_on_plate,46,False,False,False,False,True,0.25,0.6666666666666666,60,38,7fa7caece1a911dc6480942a1cc4ac9097f66ad9e644b1dd7e6cb70f6f185693
widowx_carrot_on_plate,47,False,False,False,False,True,0.25,0.8333333333333334,60,38,cbbf38389152b223cfa0687e844c38da4ad531c7a85b58417621c0884d1414d9
widowx_carrot_on_plate,48,False,False,False,False,True,0.25,0.6666666666666666,60,28,3cc9449ba8babba5765c2c8d1f0cd1309eb9c331edf3d6ff3969c14b8de09d6a
widowx_carrot_on_plate,49,False,False,False,False,True,0.25,0.8333333333333334,60,36,770dc7965aa357e732c4d33ac8eb968d885ef37c61c316045d30715a14dd29ca
widowx_carrot_on_plate,50,False,False,False,False,True,0.25,0.6666666666666666,60,41,2430c9d53e85c66eac8ed004b5e5ed66b2e74fe92eba05b4c54f18d8741d9537
widowx_carrot_on_plate,51,False,False,False,False,True,0.25,0.6666666666666666,60,38,ae8d5eddedee00ea58d3fd07dcfd502ec7e2fffd4dfbb1dd62adf58d27d773af
widowx_carrot_on_plate,52,False,False,False,False,True,0.25,0.8333333333333334,60,43,16d788498791331833be3ed6bb0600bb5067d6385d5796475a028c581f03682f
widowx_carrot_on_plate,53,False,False,False,False,True,0.25,0.8333333333333334,60,43,cb9ac4ec78405e0393ff7d8d1b7061b9eb05f2998cf498a32659588f4ff2079b
widowx_carrot_on_plate,54,False,False,False,False,True,0.25,1.0,60,40,849e5893c430aa047ce3a0633a2cbcab03428b3256198eef0037ec205a2a366c
widowx_carrot_on_plate,55,False,False,False,False,True,0.25,0.8333333333333334,60,41,46b2ce5b29bc8139b2348208cc869a1cc19750da5be485b2527de43895fd39f0
widowx_carrot_on_plate,56,False,False,False,False,True,0.25,0.8333333333333334,60,43,58d16956e6e5f56e3e724395219904ca1ec95fdc21dc88695cacbcb6d297883a
widowx_carrot_on_plate,57,False,False,False,False,True,0.25,1.0,60,40,6239e5821eb4c0ae408e2eba3e075a20bfad3ff2ce7ac2c9f50d6921a0267d99
widowx_carrot_on_plate,58,False,False,False,False,True,0.25,0.8333333333333334,60,40,84b301dbd7f4b3ee2d926f4eda8ab3728a80d4560787f07397838cb4dc845408
widowx_carrot_on_plate,59,False,False,False,False,True,0.25,0.8333333333333334,60,41,57f2903cadaab720bab2fbabac47c17d5240b2360688736d56c716069ab9c894
widowx_carrot_on_plate,60,False,False,False,False,True,0.25,0.8333333333333334,60,41,27688ecf55757e380e6f878bff4e51bed50250e0cb67705f9d8439fb28deb3a9
widowx_carrot_on_plate,61,False,False,False,False,True,0.25,0.8333333333333334,60,40,2d0ab2d880b7262bfdb990672226a1a9cce52fa84b54d4ebbd75dc30ee36cd3c
widowx_carrot_on_plate,62,False,False,False,False,True,0.25,0.8333333333333334,60,34,cd0539081bcf140d780e9c8d7634e853eefa7079bb2df0bab3db350091cd99ba
widowx_carrot_on_plate,63,False,True,False,False,True,0.25,0.8333333333333334,60,43,26b949ac7fa361cb7afdab621ac4136739126cde262220b96eecd4d0768b23d1
widowx_carrot_on_plate,64,False,False,False,False,True,0.25,0.8333333333333334,60,33,f7caaf26f65f0d43689bc755671548596b05b5172b827bf2e10f4504c984fb1f
widowx_carrot_on_plate,65,False,False,False,False,True,0.25,0.8333333333333334,60,39,aff98757930a617855d6ec0917bf2b741dd13cfc273f2923d3f9d809b41bc379
widowx_carrot_on_plate,66,True,False,False,False,True,0.25,0.8333333333333334,60,43,5d2ea00eafe84c83b3e2c588111127b7162f3f617f3afd84bc6b24ca7396ee14
widowx_carrot_on_plate,67,False,False,False,False,True,0.25,0.8333333333333334,60,40,4beca42d8437ae32c295bb267a983e32ed74c571b99a154d7e21b47aa07dcab5
widowx_carrot_on_plate,68,False,False,False,False,True,0.25,0.8333333333333334,60,34,f43eed36fe0c471c4acc61beb930c6f29fe138d0a475f7215b173d7470c4eb10
widowx_carrot_on_plate,69,False,False,True,True,True,0.25,0.8333333333333334,60,36,b39ac5bdf9fba7def22b7b9b90fb694389b861646f71d9334eacbe7b2c2032d8
widowx_carrot_on_plate,70,False,False,False,False,True,0.25,0.8333333333333334,60,39,d4ca9f9a25879395438a2f7a373522119d0709a6ec73c20c0ebc310840acebc5
widowx_carrot_on_plate,71,False,False,False,False,True,0.25,0.8333333333333334,60,33,20cda8308e5fdee158064f94d91add3074b0257ac4be5c1611e68604255daddd
widowx_carrot_on_plate,72,False,False,False,False,True,0.25,0.8333333333333334,60,39,1ec498ed606b06d8abd4b8b9dad7ad4793e69dea930cb8a43cb3993f6c1f8efb
widowx_carrot_on_plate,73,False,False,True,True,True,0.25,0.8333333333333334,60,36,62c4f9bbafe1a6eac8d51ca7368616726b4728e3d98ec6e18c2a41e24f64aee4
widowx_carrot_on_plate,74,False,False,False,False,True,0.25,1.0,60,37,400ce506914805ad9211580a442bb64a1f39e9534b5cf1eaeecb4c9bba7cdf22
widowx_carrot_on_plate,75,False,False,False,False,True,0.25,0.6666666666666666,60,41,e0f8492f186f59db1cb32110349e290898a298ee0914e37097076b31fd2ddecf
widowx_carrot_on_plate,76,False,False,False,False,True,0.25,0.8333333333333334,60,39,e8663ead4cfa693c528e41060d88b8a637ff87fa982e2deb0155b2bb6f1211d0
widowx_carrot_on_plate,77,False,False,False,False,True,0.25,0.8333333333333334,60,41,127aa76756299dae56d3341f1a17cfaac3394d7badb48f5d9a87b80d39b7f78e
widowx_carrot_on_plate,78,False,False,False,False,True,0.25,0.6666666666666666,60,38,bba133aded11a667169e50362f4cf9b725a4785ab6be67388247f66a6d408606
widowx_carrot_on_plate,79,False,False,False,False,True,0.25,0.8333333333333334,60,41,62733785a907bf16909356363dc52bf7035001f58bc436d49a08d461c0f2b0cb
widowx_carrot_on_plate,80,False,False,False,False,True,0.25,1.0,60,40,f0d679552b6477a30a762e733007e8700d1b0594db422c56336b65a002dd3f7d
widowx_carrot_on_plate,81,False,False,False,False,True,0.25,0.8333333333333334,60,40,9bef45afbbf7b95ef080ab349814b189198555ca74e43f0e671d385fafc3b1d3
widowx_carrot_on_plate,82,False,False,False,False,True,0.25,0.8333333333333334,60,40,f2561a4b76d895d0270b32184b48ba916ae3f1deb23cc978902408421ba1e916
widowx_carrot_on_plate,83,False,False,False,False,True,0.25,0.8333333333333334,60,34,232c4eff1d57dcdffac54b12bb7a7f7ca0a5984f793d1b75cf14cff87307f454
widowx_carrot_on_plate,84,False,False,False,False,True,0.25,0.8333333333333334,60,36,eff1085476bdd3bf73f335e12d214877603139c51d4a90b64bea4c9f32e656dd
widowx_carrot_on_plate,85,False,False,False,False,True,0.25,0.8333333333333334,60,39,604f33cf1a9c5ac4066557c212f17960062d8609920beca1cf752a8d7f1032fe
widowx_carrot_on_plate,86,True,False,False,False,True,0.25,0.8333333333333334,60,43,d03931369c4a6fe49cf4b99b6565dc3f95dc414516502682f1cbcc144cae51a4
widowx_carrot_on_plate,87,True,True,False,False,True,0.25,0.8333333333333334,60,43,d0dbd0ad7da2c9559086fe24a06fd5923926996f3c36f2dc6c67b97c6ff02d2c
widowx_carrot_on_plate,88,False,False,False,False,True,0.25,0.6666666666666666,60,28,e97973bcb3cef630e05beb45872a38aa39218bae87403701dd4d4a0c3b37bbc9
widowx_carrot_on_plate,89,False,False,False,False,True,0.25,0.8333333333333334,60,39,013058a667357fc53b546452e85fce8ad016b92294a28bb50efa1fb3e3f6f97c
widowx_carrot_on_plate,90,False,False,False,False,True,0.25,0.8333333333333334,60,34,530fdacf6fa645d1fd935238b7c86558e74b66ceaa4ab42f5f92f3b7521b1830
widowx_carrot_on_plate,91,False,False,False,False,True,0.25,0.8333333333333334,60,34,702a689e49c3fb385a1c681fa824fc578c59edb51803c54ce773e61551244514
widowx_carrot_on_plate,92,False,False,False,False,True,0.25,0.8333333333333334,60,36,f48aad1eb4cddf295c5e673efb786ccc5e2c18b3ddb26a9aa00f4767ccf8ce7f
widowx_carrot_on_plate,93,False,False,False,False,True,0.25,0.6666666666666666,60,38,da32658e3fd64a4d5922951b2ea070c7324d0ed17823010e5c640f7aac1d0813
widowx_carrot_on_plate,94,False,False,False,False,True,0.25,0.8333333333333334,60,34,61b866c8ff35c4b3cf1cbc0a192e255432a6e68cc5b2acc6c590492d497d39c1
widowx_carrot_on_plate,95,False,False,True,True,True,0.25,0.8333333333333334,60,36,4b99e52f8967b177ce7411d564d45b4307357ad7960c70e5766532128254bbd2
widowx_carrot_on_plate,96,False,False,False,False,True,0.25,0.8333333333333334,60,43,aff1337096532cae72ad3ba24eb76e3831995dd8dc383e9ca6dec47d69846f62
widowx_carrot_on_plate,97,False,False,False,False,True,0.25,0.8333333333333334,60,40,d158b41672918b43622650b3228779ed0409f89fd294323477aa72e5d9e5a8a1
widowx_carrot_on_plate,98,False,False,False,False,True,0.25,0.8333333333333334,60,36,cb0e54a948ff6ab08e7599ca43c0bc023ef9a2b51f8a1e87a6e794079cffee2c
widowx_carrot_on_plate,99,False,False,False,False,True,0.25,0.8333333333333334,60,39,b8e72aa39bb4f35edb61d19ba985a01cd520da6a8a0035571dfce16708fe03eb
widowx_carrot_on_plate,100,False,False,False,False,True,0.25,0.8333333333333334,60,45,bba07d99ba7e85bc9654eb7d1bb03ccbf525c4853fe499cb77ffe4193d22eb4d
widowx_carrot_on_plate,101,False,False,False,False,True,0.25,0.8333333333333334,60,33,34c5abfe8c0d240624ebd6f32df0fa9992a05424133081edbac9ac9b5fbc0c7f
widowx_carrot_on_plate,102,False,False,False,False,True,0.25,0.6666666666666666,60,28,2e2bfa418b478780121cf6369645740cabed3a3f64ce06125bbb23b00584df31
widowx_carrot_on_plate,103,False,False,False,False,True,0.25,0.8333333333333334,60,38,c25ff90e94f4e9b820059ee21466176fc2583f981ff529fb104314711ce62d9b
widowx_carrot_on_plate,104,False,False,False,False,True,0.25,0.6666666666666666,60,38,2ad07a3425454284e92d096d83a6a212baf75bcea39b6517a001f042a8e975b8
widowx_carrot_on_plate,105,False,False,False,False,True,0.25,0.6666666666666666,60,28,319957882f52f619893f0d5490f54fc3cb784d4cb7db41ea18671d20e3e7feae
widowx_carrot_on_plate,106,False,False,False,False,True,0.25,0.8333333333333334,60,39,b5f48f94ee7ef323a0cef96f6cfedbbc62d95401f94d390c9bb4736e8bd3cca3
widowx_carrot_on_plate,107,False,False,False,False,True,0.25,0.6666666666666666,60,41,879beb11fb30b7c100872dea1001ae8e40b6e94b72e079f887634ac0447d115b
widowx_carrot_on_plate,108,False,False,False,False,True,0.25,0.8333333333333334,60,40,b464b09d4d4e5626674d21b55a3473989e612dfcb97c22f94f76eaa10d49e638
widowx_carrot_on_plate,109,False,False,False,False,True,0.25,0.8333333333333334,60,43,2519b38b19939295fb2807f4d7768f375de14e26f488e06d6b589c4c323108b7
widowx_carrot_on_plate,110,False,False,False,False,True,0.25,0.6666666666666666,60,28,799f0d3293364ba90334c35246c53dd2f6229196a34b9b920aba1b6a65907b04
widowx_carrot_on_plate,111,False,False,False,False,True,0.25,0.8333333333333334,60,43,36ccaf18fb5709faf071d02c58321b1857feccb3f8acc7822892d36fbfc86a38
widowx_carrot_on_plate,112,False,False,False,False,True,0.25,0.8333333333333334,60,33,4bded27baef550657f0f4bbb0b3f38351a675c0ff7aabdb96b9409525aee3a6f
widowx_carrot_on_plate,113,False,False,False,False,True,0.25,0.6666666666666666,60,38,3a6ce6ea244ebb635dbe607c2a7faf675579d1600835cbe5d4124c7bfc093e82
widowx_carrot_on_plate,114,False,False,False,False,True,0.25,0.8333333333333334,60,36,8dcaeefdd42e8a14c6cf6157100a45a5e5411ed6d7c268ee1335ac01ba900b7a
widowx_carrot_on_plate,115,False,False,False,False,True,0.25,0.8333333333333334,60,34,cf1bbee2d404999b626a21e84be6b0fc7f2454b7582b53dd1f13ca8049b16580
widowx_carrot_on_plate,116,False,False,False,False,True,0.25,0.8333333333333334,60,43,d8d06e887f0b4b07d01924f0f1df999fd08ad8526839d607bc8ce1c88792a39d
widowx_carrot_on_plate,117,False,False,False,False,True,0.25,0.8333333333333334,60,39,4ffd5a551eb1574e517d5750a94be300eb170e2fd32493b3674c59da1280d52a
widowx_carrot_on_plate,118,False,False,False,False,True,0.25,0.6666666666666666,60,28,6bd6faff9f00085b3006f196688c2e6012ce21f7920732195db0a8ddb7b460bc
widowx_carrot_on_plate,119,False,False,False,False,True,0.25,0.8333333333333334,60,37,526593f7f88bb3954252f6924ddb94a191c85320671eb935c28a25a769c0c792
widowx_carrot_on_plate,120,False,False,False,False,True,0.25,0.8333333333333334,60,38,8b1f822d48074044afc7418e0ae80234ef148f78b42723ec1f9c1aa2e00a0d66
widowx_carrot_on_plate,121,False,False,False,False,True,0.25,0.8333333333333334,60,37,47c8ba45fbbaef69358ffc84ede2bd328acb61d3e041b396ab6476afc0ea11f9
widowx_carrot_on_plate,122,False,False,False,False,True,0.25,1.0,60,40,0f344d8b281654e1338c4f35f7ce000fb67a83f5684ac689250056b1f7146b21
widowx_carrot_on_plate,123,False,False,False,False,True,0.25,0.8333333333333334,60,41,83ad657d5c0bfce7a6715b69e3c34b949fcb2893ec90eb11ad15cfac2982d391
widowx_carrot_on_plate,124,False,False,False,False,True,0.25,0.8333333333333334,60,39,efeda20617f14959947f24ab8b18d364f748deeaef0dafd9b8ac52cf9f70852d
widowx_carrot_on_plate,125,False,False,False,False,True,0.25,0.8333333333333334,60,37,ae725f525190876cba29b7aef29c9654486d449ab3cd98414943a47a808b769c
widowx_carrot_on_plate,126,False,False,False,False,True,0.25,0.8333333333333334,60,43,f699cd71c3394a789f46f5214f3079aedd20e22f61fae71e1d2bc8b2793b7791
widowx_carrot_on_plate,127,False,False,False,False,True,0.25,1.0,60,37,ec76ee6af578d1ef3f448806732469b2e43615699bcf2de0d66f80846c05a54a
widowx_carrot_on_plate,128,False,False,False,False,True,0.25,0.8333333333333334,60,34,0ca6cc2161fea1fb90b9ed73ddf34ab7eac4fa4f068c2ea90ecb5606f142b7d6
widowx_carrot_on_plate,129,False,False,False,False,True,0.25,0.8333333333333334,60,38,3bd537b81c769e61dfae22df8f6157cb3f1cd019cfddac00ae0fb8e2710ab65f
widowx_carrot_on_plate,130,False,False,False,False,True,0.25,0.8333333333333334,60,43,70eb4a9813fbf23d8da736b067d94c1bb29bec814da26d2fcdec34376924f3ed
widowx_carrot_on_plate,131,False,False,False,False,True,0.25,0.8333333333333334,60,39,b9730af04af3d26ee2234045f27def1083cc4b54a1a6f3491ad2d6920d6a3770
widowx_carrot_on_plate,132,False,False,False,False,True,0.25,0.8333333333333334,60,39,0f4fe7aee99c22176f842fb9ce5ed159acac5a9a99c12a8d4c63c3328e91aa67
widowx_carrot_on_plate,133,False,False,False,False,True,0.25,0.8333333333333334,60,39,4a8fd8d74f047245da09edd2a8f35aa9c81fd6997111a256236731a743a72bee
widowx_carrot_on_plate,134,False,False,False,False,True,0.25,0.8333333333333334,60,40,ed54ffa0f77b7ff08f8a7f5f3695b471a6f3c585f0fb0fa2307b7e5e0281613b
widowx_carrot_on_plate,135,False,False,False,False,True,0.25,0.8333333333333334,60,33,ee312ec2f4ab58e003acc3a14054c031968eb35af00aeb1072f109a753b9dd22
widowx_carrot_on_plate,136,False,False,False,False,True,0.25,1.0,60,37,e28713d0e555d21bb158e3a2d342c70386075d48ee7d974c59b2edf8cfcccbdc
widowx_carrot_on_plate,137,True,True,False,False,True,0.25,0.8333333333333334,60,43,4efa2fb1906f5792612d69b7b1391429bd53797d95192f34c455bdcd750e7712
widowx_carrot_on_plate,138,False,False,False,False,True,0.25,1.0,60,37,e6afefed91782c478556f284be40676251a2cb011142c6dc963f6437203dced7
widowx_carrot_on_plate,139,False,False,False,False,True,0.25,0.8333333333333334,60,33,23aef33819c3b2fd1beba3b806b11b444828aa7eb9602d56cc3445d488966ed3
widowx_carrot_on_plate,140,False,False,False,False,True,0.25,0.8333333333333334,60,45,61293cffd1160d8eb5b40be4d1a00017b5312d6e7b54c062b5530237cba1dffc
widowx_carrot_on_plate,141,False,False,False,True,True,0.25,0.8333333333333334,60,36,830bdc4c8224eb45ea26bef30af94b908fa5d1561c2bf1d647e9961934de41f0
widowx_carrot_on_plate,142,False,False,False,False,True,0.25,0.8333333333333334,60,43,6f0f77998b72c19f951de49d3e8654679abc7c7d53982807bffad380187385ba
widowx_carrot_on_plate,143,False,False,False,False,True,0.25,0.8333333333333334,60,39,8626a259ddcd550625836dbf12ab608215da21f2f2302d3ed2251c3c603d2fd5
widowx_carrot_on_plate,144,False,False,False,False,True,0.25,0.8333333333333334,60,38,af2724dfa88651356f506bc4bdc031e7d3986e4e1e54c48364431b849502be67
widowx_carrot_on_plate,145,False,False,False,False,True,0.25,0.8333333333333334,60,43,2f8ca929ddfa0510215536c86b02ca1b4102284e3c5b82ccf7c5ff9d6a83a542
widowx_carrot_on_plate,146,False,False,False,False,True,0.25,0.8333333333333334,60,37,a6c754f917115f964c41f8160001c535d3cdece4148bcb85b0f01622231e384a
widowx_carrot_on_plate,147,False,False,False,True,True,0.25,0.8333333333333334,60,36,c5ba01cb46728b6477dfa4929f819b13502a32298a66819b5476665c244d874f
widowx_carrot_on_plate,148,False,False,False,False,True,0.25,0.8333333333333334,60,39,34d2a0fa781d08e2ef3040ef8f9501e25226c710ca6453facf18d4ab280c9e26
widowx_carrot_on_plate,149,False,False,False,False,True,0.25,0.8333333333333334,60,41,fa20a8b8a14a75a1baec6d98239c2e15770e82041f5da4bee7d7808893113020
widowx_carrot_on_plate,150,False,False,False,False,True,0.25,0.8333333333333334,60,33,95c172d53068f768f5b80c540bd37902a0ec1ff6ff6146c68c3f31b38110820e
widowx_carrot_on_plate,151,False,False,False,False,True,0.25,0.8333333333333334,60,43,3e99f5bc19bdba0b68d69c5a370b627030509ca99bd75a547203a8e487152184
widowx_carrot_on_plate,152,False,False,False,False,True,0.25,0.8333333333333334,60,38,2ae7b864d8aff44d40d8e85ad0e1cd070a8472677d0022b61eb0a032a99c5406
widowx_carrot_on_plate,153,False,False,False,False,True,0.25,0.6666666666666666,60,28,dea805aee7abc98715d02de1e3e01e36292356ebb0fedd6c0ace9585db62eb24
widowx_carrot_on_plate,154,False,False,False,False,True,0.25,1.0,60,37,dfe4d42f1db03d9e79038a761ebdba23ddd18d0c2611beb734137457f08fcc17
widowx_carrot_on_plate,155,True,False,False,False,True,0.25,0.8333333333333334,60,43,7c9b3348e4fe4294d2f3e6988493dd74076af77d77aa0d55170951c5b2c6bf3a
widowx_carrot_on_plate,156,False,False,False,False,True,0.25,0.8333333333333334,60,43,1b00a0c3cb0e5336c0a9847594bb0e653f6318407e27701fa178e6a527c58560
widowx_carrot_on_plate,157,False,False,False,False,True,0.25,0.8333333333333334,60,45,eb8c4a08253a013672e6cf2262f8a0f98282b868e5228042b11da992a131295d
widowx_carrot_on_plate,158,False,False,False,False,True,0.25,0.8333333333333334,60,39,74dc3bb45e234be0409dd6632d989234d0bf0bb8b5bea4e9772b19108bfce4fa
widowx_carrot_on_plate,159,False,False,False,False,True,0.25,0.8333333333333334,60,33,d7f14c6b02ed7ec80a7012f0105acc8479c983b5914b3b6257a0c82fbe0129cf
widowx_carrot_on_plate,160,False,False,False,False,True,0.25,0.8333333333333334,60,45,18e96d00cffcfc8c20d140f0089f3d2952f6a3e0e896418e1bb7fccdd0a7a1cf
widowx_carrot_on_plate,161,False,False,False,False,True,0.25,0.8333333333333334,60,39,a09f11b859ad3515ec981d56bac105bcb1941dbe87d24785d1ca6d7cab085209
widowx_carrot_on_plate,162,False,False,False,False,True,0.25,0.8333333333333334,60,33,1d5f34fad248c491a670c912e8ce782323eb6dd35c66a782ff06761111ce7b74
widowx_carrot_on_plate,163,False,False,False,False,True,0.25,0.8333333333333334,60,39,441a4b28d2ec8bd39fc492345254c81e120edc1c9728f7edd11625a48c7159d5
widowx_carrot_on_plate,164,False,False,False,False,True,0.25,0.8333333333333334,60,37,1f81c5c4d57bf6944765e79e313ef6ebd5a7e568aefb4854fd2dea22657f65ee
widowx_carrot_on_plate,165,False,False,False,False,True,0.25,0.6666666666666666,60,28,15399669ed8cbc9a6344bb44765565e47df7e8ba9543b6af53f94ad32944375f
widowx_carrot_on_plate,166,False,False,False,False,True,0.25,0.6666666666666666,60,38,0f07a2443c8db99ceab8c9ef6264904d0caa8abce57cde47aa81702801277668
widowx_carrot_on_plate,167,False,False,False,False,True,0.25,0.8333333333333334,60,39,3f4a7837580e5cdfbba80b833eeafab0096769190f2f82066aca5507f396174d
widowx_carrot_on_plate,168,False,False,False,False,True,0.25,0.8333333333333334,60,43,e7e279d3b5feb403e67d419f885a6490c7637a700bacad5256130ab6e605c236
widowx_carrot_on_plate,169,False,False,False,False,True,0.25,0.8333333333333334,60,40,4851a8693bd21394ab103ad91e8a48d00d48e196b2159ed66815695a98b51934
widowx_carrot_on_plate,170,False,False,False,False,True,0.25,0.8333333333333334,60,38,2100c3c1867228c53e295cb391dacea8e2103ea2ff5529995fad6a65588285b8
widowx_carrot_on_plate,171,False,False,False,False,True,0.25,0.6666666666666666,60,41,57ab94e729c7edb9743cb14ceaf5f2898fe7da4acba1754f4603bc0bef579095
widowx_carrot_on_plate,172,False,False,False,False,True,0.25,1.0,60,37,96348fd25632450fbdc70edc4e7d598e50a963880a050b1bf63e8d4dd9ffe605
widowx_carrot_on_plate,173,False,False,False,False,True,0.25,0.6666666666666666,60,38,9c2680c25bd4d5f958ac554afd4046b3db65882cfdaa2ca57fc64c57a456b98a
widowx_carrot_on_plate,174,False,False,False,False,True,0.25,0.8333333333333334,60,41,1afb9bde151833457cb5d748d61a1a2c7b0335c00f3604f2ffd2dcff89b8487f
widowx_carrot_on_plate,175,True,False,False,False,True,0.25,0.8333333333333334,60,43,bc63d5fa4cd052062e9b9c3a406f97ec2f6261d9c60fb07dc586b2b845c6c149
widowx_carrot_on_plate,176,False,False,False,False,True,0.25,0.6666666666666666,60,28,93953396e709565cca2c2dc5d70926c6d151530d8c28bf3243a2a31dbd77b7c5
widowx_carrot_on_plate,177,False,False,False,False,True,0.25,0.8333333333333334,60,41,7a71e4214ef5c7c41d2dbbc04c273d319bd0d9ee7a4b33d84eb184650d6eadca
widowx_carrot_on_plate,178,False,False,True,True,True,0.25,0.8333333333333334,60,36,85f46d61e0fce41c2e421f1a45d8a38a62bdfb65ba03d2ea1819075b186851ff
widowx_carrot_on_plate,179,False,False,False,False,True,0.25,0.8333333333333334,60,39,a8abf502585ad0f2fec635a1b698b3d61dd9bb484bff67c835f08d17ee7d7f7f
widowx_carrot_on_plate,180,False,False,False,False,True,0.25,0.8333333333333334,60,41,e5e39a72f4d18d8458a362fcc1c0fe2f6cc01f9d895b5bc857584e38bd9549ba
widowx_carrot_on_plate,181,False,False,False,False,True,0.25,0.8333333333333334,60,39,15b269f66003678d22d993c8b3c426e76f06122fc9539f3ea48c0b62a59d8b74
widowx_carrot_on_plate,182,False,False,False,False,True,0.25,0.8333333333333334,60,45,c3f5bbd38af436083358626f48c624ba94d828d6a6160d1682157ca772f3c92b
widowx_carrot_on_plate,183,False,False,False,False,True,0.25,0.6666666666666666,60,38,37278c433da4d15d31a2a2aaddf3bb0d754cf4cae201d4a9affe006a18f07ff9
widowx_carrot_on_plate,184,False,False,False,False,True,0.25,0.8333333333333334,60,39,52b4f9a02148be169c00e3f95faff670b71271e3958722bac64ac9d2b3cf816d
widowx_carrot_on_plate,185,False,False,False,False,True,0.25,0.6666666666666666,60,28,45425cf890b9dcd26c0ffe92250dcb949c590582be0c5742b75cd00ef46d6c70
widowx_carrot_on_plate,186,False,False,False,False,True,0.25,0.8333333333333334,60,41,82c58f21c29b145ceabd7e7ad0256ac6574c298516ca1d9e1eb98e5ded084b98
widowx_carrot_on_plate,187,False,False,False,False,True,0.25,0.8333333333333334,60,33,ad789558c722d98ad6c63631c7b594f02a444a3cfc98f823384704fa46955a5a
widowx_carrot_on_plate,188,False,False,False,False,True,0.25,0.8333333333333334,60,34,a7609665d0b1f93bc7e994e2554e29318f9755f0c50212f55357c48a39da74e8
widowx_carrot_on_plate,189,False,False,False,False,True,0.25,0.6666666666666666,60,28,916f2849f67228bab9c26d83a3e59e93a826cf70cfa049052a26d72125197fe7
widowx_carrot_on_plate,190,False,False,False,False,True,0.25,0.8333333333333334,60,39,e1ca5c85033d5475d0b3fe3add0d98ed4423b4ed6a2f82edadcbbebdb4c2d1ad
widowx_carrot_on_plate,191,False,False,False,False,True,0.25,0.8333333333333334,60,41,45c9a43277cf48b399961600fd30d906b3c295521be3dbc7d2142cb89444cc57
widowx_carrot_on_plate,192,False,False,False,False,True,0.25,0.8333333333333334,60,37,509b0e5f6d599f53d050cfa89af32a55cfe153b5dff24b2a74244686503279e5
widowx_carrot_on_plate,193,False,False,False,False,True,0.25,0.8333333333333334,60,39,f32736d2236d6df5e899bf50c367d5b5532b0b9e80aeb385e5e96146749868d6
widowx_carrot_on_plate,194,False,False,False,False,True,0.25,0.8333333333333334,60,39,b1fb2da8b0e84dc3461378160d2f61415b375dc261185e0dbce4799902e9b8f4
widowx_carrot_on_plate,195,False,False,False,False,True,0.25,1.0,60,37,360414f1d536604682897275a64d2862fe3da30f6d90d5c721f6242806877218
widowx_carrot_on_plate,196,False,False,False,False,True,0.25,0.8333333333333334,60,45,d851c11dbdd3a21bcacba85180ada82bfc9da75edf454c2b02a1e0bb4e7c59e2
widowx_carrot_on_plate,197,False,False,False,False,True,0.25,0.8333333333333334,60,41,aae6bfa7a629248e1b73b56d8f479ae46e56923039c9357ac325136deb9de03c
widowx_carrot_on_plate,198,False,False,False,False,True,0.25,0.8333333333333334,60,38,ed2a241c96ca4ae590b8aec2c9943a1dc6c4b1b78d8d99e9dcbcb991ca1a026e
widowx_carrot_on_plate,199,False,False,False,False,True,0.25,0.8333333333333334,60,33,61e396e3c49aff014cd84f591671fda84081c349f60d9a406d5c20a58374570d
widowx_carrot_on_plate,200,False,False,False,False,True,0.25,1.0,60,37,f96d68386223224efccd9f1f74a01f482d2e5d53eb1c107039ce470e5bf01862
widowx_carrot_on_plate,201,False,False,False,False,True,0.25,0.6666666666666666,60,28,8a930042ee5510d4dbd39057fc0e9a368b166e56698a373917dcf8ffadbcc60f
widowx_carrot_on_plate,202,False,False,False,False,True,0.25,0.8333333333333334,60,39,941a2f4a93f957076c3f86547d79defac2c568898b6d2658df325909c26cb23d
widowx_carrot_on_plate,203,False,True,False,False,True,0.25,0.8333333333333334,60,43,77ea64b4a63164629697c68f9e31db3beaff2b612cf2e77e69a9fe157d8e7584
widowx_carrot_on_plate,204,False,False,False,False,True,0.25,0.8333333333333334,60,39,fd3117f393a3034e3766e3326348e4cd513fec4273033036a9ff05b0628d33f6
widowx_carrot_on_plate,205,False,False,False,False,True,0.25,0.8333333333333334,60,37,17a34f2711c04ba80c583aee0ea7b081d844895f55333cc2b2dab5cf988a0953
widowx_carrot_on_plate,206,False,False,False,False,True,0.25,0.8333333333333334,60,43,88892cbc62221576b8b308a3444c5ab8ea038f35090beb3e7e854dfb0c1bf0e2
widowx_carrot_on_plate,207,False,False,False,False,True,0.25,0.8333333333333334,60,43,a9c111d3838bdd3545f7af90ef6b1446332c980a22f3f7c100e4d3f1b3d22303
widowx_carrot_on_plate,208,True,True,False,False,True,0.25,0.8333333333333334,60,43,3db619aa0a4bb57b91b3471163d5bbcc49197f87c55f79ec369129a5eb5d781e
widowx_carrot_on_plate,209,False,False,False,False,True,0.25,0.6666666666666666,60,41,eb3d7e8347fcf4e6f05bbe277811d87eb1fe71e13fdff8e5c7605d51ff321c91
widowx_carrot_on_plate,210,False,False,False,False,True,0.25,0.8333333333333334,60,36,b6b903897b60160fd1aba7f60e2c17dc339f8d41dbc94bee143a171a066e5ff2
widowx_carrot_on_plate,211,True,True,False,False,True,0.25,0.8333333333333334,60,43,d258a7020302eeffa24f034b3b77ab3e2868f14cc6999f1b121067364a975d1f
widowx_carrot_on_plate,212,False,False,False,False,True,0.25,0.8333333333333334,60,37,da398f6da72c90f03e68c8fc52dc340699b00e8a5091735fda17730782107767
widowx_carrot_on_plate,213,False,False,False,False,True,0.25,0.8333333333333334,60,33,d6236d502a5963ab1a273b32ed19e20a123e89f4791a2254c7d12e372169f9a6
widowx_carrot_on_plate,214,False,False,False,False,True,0.25,0.8333333333333334,60,43,adeb2b7f67f429bdc49bb0893f756f945420e893b9e9c457cdd456fce99afe2e
widowx_carrot_on_plate,215,True,True,False,False,True,0.25,0.8333333333333334,60,43,6a8fd997303bc1c8898edd4418581148a1c31839d9af88981658574fffb4b5c6
widowx_carrot_on_plate,216,False,False,False,False,True,0.25,0.6666666666666666,60,41,566c7865d216b07b682d58aa9b90bccf7a73901413d118386d29b42c0faed351
widowx_carrot_on_plate,217,False,False,False,False,True,0.25,0.8333333333333334,60,34,a29375d57f1ef6e657b074ddc0a0ccdfc5ec7f5f5452e340f76ff52ff966f498
widowx_carrot_on_plate,218,False,False,False,False,True,0.25,0.8333333333333334,60,41,203450de4e16e4eb3e9d6a5041f3680254f23b5e6ee19025f8a1e9fe0d876224
widowx_carrot_on_plate,219,False,False,False,False,True,0.25,0.8333333333333334,60,39,7a8abd62b4a88726bb3e056445b9cb2fd949338939e4ccebdf2ec1dd1fbe57a1
widowx_carrot_on_plate,220,False,False,False,False,True,0.25,0.8333333333333334,60,39,71ecfc8effe739ed33a1fc039f407cfe3cdf15bc0e6fdbf37cadcc537f4db674
widowx_carrot_on_plate,221,False,True,False,False,True,0.25,0.8333333333333334,60,43,d700d1c2fb08cea74283c9f774c7399ad361856818a4486dfce25818f0307b88
widowx_carrot_on_plate,222,False,False,False,False,True,0.25,0.8333333333333334,60,43,ce2c812f0f206122c3cc92cec3422c38b1ce4c2220e106f41680ff2b377b162f
widowx_carrot_on_plate,223,False,False,False,False,True,0.25,0.8333333333333334,60,41,9280f220c7651851c9701f4b4da6a9381cf0a5521b84f5df701c0d3cf3d7c5a2
widowx_carrot_on_plate,224,False,False,False,False,True,0.25,0.8333333333333334,60,38,24f055f0a60bfe1ec259131a99b3aa462dd652de11c07dca2e38066cee9580bf
widowx_carrot_on_plate,225,False,False,False,False,True,0.25,0.8333333333333334,60,40,7d4cdfa9f8a9f2e1facbebb75eb256dd07b3af48d0e3433f757edbb74688a4fe
widowx_carrot_on_plate,226,False,False,False,False,True,0.25,0.6666666666666666,60,28,f20504471be4887cafe19484f7f8d31b8999e76a122035dbc9d37973fb54e5b7
widowx_carrot_on_plate,227,False,False,False,False,True,0.25,0.6666666666666666,60,28,222d4ee0d9eddd50fe5e0afe3ccd5ef50d6a2cf7cc9121a44d4f47da55fc242b
widowx_carrot_on_plate,228,False,False,False,False,True,0.25,0.6666666666666666,60,38,e3f4bea6b7fd07c59a7759b458e85c8425877037ad54077b639ce2d7f9ad26c1
widowx_carrot_on_plate,229,False,False,False,False,True,0.25,0.8333333333333334,60,41,a6b5d3cb57bdcebe776644d00282e4c4197cd86d0f18f6e4db1b016eb98a3fec
widowx_carrot_on_plate,230,False,False,False,False,True,0.25,0.6666666666666666,60,28,0b88c520a6a307bfc4cfdb69fbc75e3074f1b397d8fe33d1e5a1fc1a6b26508d
widowx_carrot_on_plate,231,False,False,False,False,True,0.25,0.8333333333333334,60,41,ac7920ff471df34befd0d5ada9f4eec16abe3bbce1fc348dedc886d4a0bfa79e
widowx_carrot_on_plate,232,False,False,False,False,True,0.25,0.8333333333333334,60,41,e4dcff8d11e4b4ddde0f6c4b4b9e2b7e5d4aaac7950c539912dc92a38383bfdd
widowx_carrot_on_plate,233,False,False,False,False,True,0.25,0.8333333333333334,60,38,63b53766283d210db8c01c7eed4d107a79c90397cf4b8b795defc5c527d6fc75
widowx_carrot_on_plate,234,False,False,False,False,True,0.25,0.8333333333333334,60,45,321d125a27972a0e5d332a647f643f1b04f554a4d1bf06f2ce09de8ce64dd74f
widowx_carrot_on_plate,235,False,False,False,False,True,0.25,0.8333333333333334,60,41,e40d645debd9afeab42a6e36471f89bbd7e282c7a4f7acfa9059790ae62c8317
widowx_carrot_on_plate,236,False,False,False,False,True,0.25,0.8333333333333334,60,39,9cbc6e2fbba2bd99a3b4110fab7780d506e37da145216df654df531b3536d708
widowx_carrot_on_plate,237,False,True,False,False,True,0.25,0.8333333333333334,60,43,aad0b5575c5eb156989c4f5ea243c84a661059b1027b81a55d66079a60d7a39b
widowx_carrot_on_plate,238,False,False,False,False,True,0.25,0.8333333333333334,60,40,0521c4281c82d90a78dd45ee8bfd669f60b73a439f3586c21720073ca64ce0c5
widowx_carrot_on_plate,239,False,False,False,False,True,0.25,0.8333333333333334,60,45,58d6fa57da5542595fcabf0ae4477b4c8ce7f04eae8877427b0f84435e898042
widowx_carrot_on_plate,240,False,False,False,False,True,0.25,1.0,60,40,0af77aafd7f8fdd0d9d3f143bd5404092622b1e515bf6c1545f38454eaf4407f
widowx_carrot_on_plate,241,False,True,False,False,True,0.25,0.8333333333333334,60,43,468a70ca695b4e27727fd43d9cf2144ea11a658afc0512af1ec90fcfa10c0889
widowx_carrot_on_plate,242,False,False,False,False,True,0.25,0.8333333333333334,60,39,1709d3920bf606dc2f9f86563592530b5bf4ca55aae450c5f4c99bbb952fb5fc
widowx_carrot_on_plate,243,False,False,False,False,True,0.25,0.8333333333333334,60,41,f95b79cfc17e5b87de164aabeea45fd89c9507a58507bb3118f08004614dbb21
widowx_carrot_on_plate,244,False,False,False,False,True,0.25,0.8333333333333334,60,36,d9c0441864b0804607dd4ddc42b9d603a0cab45ceea474d4348c744e8d7c61ad
widowx_carrot_on_plate,245,False,False,False,True,True,0.25,0.6666666666666666,60,35,c9715c780a0049359f5ba5d057b32fc87ee90d40fc12415c04f6c8afb95fead8
widowx_carrot_on_plate,246,False,False,False,False,True,0.25,0.8333333333333334,60,33,af9c11592f277b0fe54fa9cf67f565551734246b9d65980af3c1376e2d41d00e
widowx_carrot_on_plate,247,False,False,False,False,True,0.25,0.8333333333333334,60,33,1313083ad450194d6aaa9e9edbb94a94b0a2b4c99eef99feb57ef8d1e7cf74a4
widowx_carrot_on_plate,248,False,False,False,True,True,0.25,0.8333333333333334,60,36,e6c4cda8ac8e3003021ab9029f0a488121915cd7851bcf1b0a424c6a028d50ac
widowx_carrot_on_plate,249,False,False,False,False,True,0.25,0.6666666666666666,60,41,9af2a3de6a6f7aae1901053e4df8dbe2c97c678211d2c4073e005d8ee5c096ea
widowx_carrot_on_plate,250,False,False,False,False,True,0.25,0.8333333333333334,60,39,8ed50d8fae376233631e2e905652cab7e01af0634a3191bb4491594b6a1ea19d
widowx_carrot_on_plate,251,False,False,False,False,True,0.25,0.8333333333333334,60,33,d99551b67ed814596700998f442d95fd5d11a341a013897d3a423893e4cac85a
widowx_carrot_on_plate,252,False,False,False,False,True,0.25,0.8333333333333334,60,39,ed18fb863387c23743e65ad1eafca8230cf4dbaec649714af4381e6a04fd6ec1
widowx_carrot_on_plate,253,False,False,False,False,True,0.25,0.8333333333333334,60,33,1e8df59aa3d3d6cd29ac10145b26605266d22b7789413b46d89c09e487e301f6
widowx_carrot_on_plate,254,False,False,False,False,True,0.25,0.8333333333333334,60,43,93da1e695b7012f99e2182cc2605c15935e89625bf92238b9b39562c75c13afc
widowx_carrot_on_plate,255,False,False,False,False,True,0.25,0.8333333333333334,60,39,35c998cc4e4728881d66a0b3cc666d348bd6fd0e06bf05bc4d9231715a5a9cca
widowx_carrot_on_plate,256,False,False,False,False,True,0.25,0.6666666666666666,60,28,489e5c98d30d4dee0bae871cc4201d3686df4b8e3ebeb21c1be45e1db559283b
widowx_carrot_on_plate,257,True,True,False,False,True,0.25,0.8333333333333334,60,43,7229ffd69e6a18c5b5b7b86e8616e01ba0c2ba54d0183f0d41c0064f126df817
widowx_carrot_on_plate,258,False,False,False,False,True,0.25,0.8333333333333334,60,38,f4f398834602710e69894a594b8a937d3de3275f8698c198f05be2b4b9a5974a
widowx_carrot_on_plate,259,False,False,False,False,True,0.25,0.8333333333333334,60,45,11c3dcda33f14918db1f8dbd8c59b65260087f43a6fd48e4c42e010a0dd3720a
widowx_carrot_on_plate,260,False,False,False,False,True,0.25,0.8333333333333334,60,36,dae6d5e53401d45d296e685707d9c202a88ca5ae8f47b7d50402627f523c09ed
widowx_carrot_on_plate,261,False,False,False,False,True,0.25,0.6666666666666666,60,28,0c6220146172506fecb288aad218a4611558bbfd6956e739b73e91cb1f7415a4
widowx_carrot_on_plate,262,False,False,False,False,True,0.25,0.8333333333333334,60,41,cc7c25873f503889c264528b37e7c2fa68d3058fe5bfbf0ed01583c9297060c8
widowx_carrot_on_plate,263,False,False,False,False,True,0.25,0.6666666666666666,60,38,002b1d36dc765383a41fd3922410b7240fd4d41d268c57f87ef84811af4d8ccf
widowx_carrot_on_plate,264,False,False,False,False,True,0.25,0.8333333333333334,60,39,a6f3e6681fe83233c118b1af9b16e8910a386b4a9a55fbb9a533e6324ce635ac
widowx_carrot_on_plate,265,False,False,False,False,True,0.25,0.8333333333333334,60,43,a83ed8de5467058cd437edca131bf8de003fabaf761b45ced2a032630cc3ba44
widowx_carrot_on_plate,266,False,False,False,False,True,0.25,0.8333333333333334,60,34,30ea7e54100578db1d486d0bf135c8892e71bfc830ec1d68f4b5a568872bfd8a
widowx_carrot_on_plate,267,False,False,False,False,True,0.25,1.0,60,37,9c0fe8ca6275c3e09ab2dc8c12954dc4f7eaa74ca16241ecc46683cc3cd86062
widowx_carrot_on_plate,268,False,False,False,False,True,0.25,1.0,60,40,a6de4fccf0103c153f05d36c7cad9126956dddcedace1c1fe961fec117ee2917
widowx_carrot_on_plate,269,False,False,False,False,True,0.25,0.8333333333333334,60,45,84a5eb8ffa722af8d949444f99979ee1193e3a0ffa5d5e4f7debc773bd760b53
widowx_carrot_on_plate,270,False,False,False,False,True,0.25,0.6666666666666666,60,28,8fc6c3b6cafc388cd8ae645a6ae1688a09b3981c0dbf38dbcab2278ae55b0940
widowx_carrot_on_plate,271,False,False,False,False,True,0.25,1.0,60,37,336bf7ffa6451bb293ead242d87121ccdd05c21771695d9e4270609c9a2fcf9b
widowx_carrot_on_plate,272,False,False,False,False,True,0.25,0.8333333333333334,60,34,2393be18f830c23dd674ff1c7157a6de13ed2b83e198e99e2423ccc6fb9c124b
widowx_carrot_on_plate,273,False,False,False,False,True,0.25,1.0,60,40,fb8786a90ba841776681e94762875793595540564937db85955fae5194ef50e5
widowx_carrot_on_plate,274,False,False,False,False,True,0.25,0.8333333333333334,60,34,e93fdec27e00250d41f270c0e6aa7bbe5ae898ee7fd68d4e6717daae72517f9f
widowx_carrot_on_plate,275,False,False,False,False,True,0.25,0.8333333333333334,60,41,87af174c478c841fda1e0e15d04888a1e8bf0c94f3490b9874e350cb56a7f823
widowx_carrot_on_plate,276,False,False,False,False,True,0.25,0.8333333333333334,60,37,541ab311dd429d5e111d6ad7dd3ef48d7f2c48f7319f8b7ba76b59780e233f59
widowx_carrot_on_plate,277,False,False,False,False,True,0.25,0.8333333333333334,60,43,478b4632f92f5b9e9b2e570b29c6ce0e9a530c531ca11a6bca4da87bbac607d3
widowx_carrot_on_plate,278,False,False,False,False,True,0.25,0.6666666666666666,60,28,93e65088caff3ad918a5ae765c681a3d8d691e0200172c9c4cdb05455861e9e8
widowx_carrot_on_plate,279,False,False,False,False,True,0.25,0.8333333333333334,60,41,831c746c5cd2bce13f177bacc4c8fa727e55d17d8ef88f63208168ce5739b416
widowx_carrot_on_plate,280,False,False,False,False,True,0.25,0.6666666666666666,60,38,2b5c7449ef4d9bf35115458e23dfa04bce2b2f4602a01e0597468df3fc5dab0e
widowx_carrot_on_plate,281,True,False,False,False,True,0.25,0.8333333333333334,60,43,9d999e67fffe7e787e0fba65091da63f8482bad45ba5fe009c2488f4299c8956
widowx_carrot_on_plate,282,False,False,False,False,True,0.25,0.8333333333333334,60,45,5372615747e897aea147f147b817df6b69f6d31a604661a60e7d3becc4e93636
widowx_carrot_on_plate,283,False,False,False,False,True,0.25,1.0,60,40,08c325a398a3dc60413b06ce4fb28358f092c44cacfa70bfb7bd61d15442484c
widowx_carrot_on_plate,284,False,False,False,False,True,0.25,0.8333333333333334,60,43,b17fee7c252e5e255e2101562911d7f61df57101f37e3cd6f28db631dfa06b49
widowx_carrot_on_plate,285,False,False,False,False,True,0.25,0.8333333333333334,60,39,6783fb3cb59a65667fae6d95b9097a7a9d9d302e4b8bf9df81b219c42873c1d7
widowx_carrot_on_plate,286,False,False,False,False,True,0.25,0.8333333333333334,60,41,c4d93afa84faa7e2ac5c209d3f464756a65850b981fc4ba82aa777d927f5aaf5
widowx_carrot_on_plate,287,False,False,False,False,True,0.25,0.8333333333333334,60,41,5679e3b780c0d604d6325c0f5e78764a3ac799ce968b676736f87b3adf2ddfbe
widowx_carrot_on_plate,288,False,False,False,False,True,0.25,0.8333333333333334,60,37,ccc7c0b07566e78eaa562b8a0040e17a20efe2c92632de9f185b2f756141a2fc
widowx_carrot_on_plate,289,False,False,False,False,True,0.25,1.0,60,40,8c6d5fb70055ec63511031eca703313c26fa7c305eaca089fbe5a46d5c9d743b
widowx_carrot_on_plate,290,False,True,False,False,True,0.25,0.8333333333333334,60,43,7ee5756883065efaa67183d4929f9e198160141e85b6be72236b430dab92e5e2
widowx_carrot_on_plate,291,False,False,False,False,True,0.25,1.0,60,40,cb62b4e904f49afd5cc163db07b9dfb85bf7a27b31950531c8d532483d554090
widowx_carrot_on_plate,292,False,True,False,False,True,0.25,0.8333333333333334,60,43,65829ca20ad975c5e5246287a5b32e6b884cddd56100a8fa8129fd128841c767
widowx_carrot_on_plate,293,False,False,False,False,True,0.25,0.8333333333333334,60,43,ebdc3dce899e1b6bb98f9cd15bc4b61693af3842475906334097ddd44743b7e2
widowx_carrot_on_plate,294,False,False,False,False,True,0.25,0.8333333333333334,60,43,13aa7230655879f3c8803db88018176a4f6c6c66bed3a8bdb3c1266f457bac62
widowx_carrot_on_plate,295,False,False,False,False,True,0.25,0.6666666666666666,60,28,202c1f526bad407402521ac70df52958c3b947e5a24feec775ab790e49e49bad
widowx_carrot_on_plate,296,False,False,False,False,True,0.25,0.8333333333333334,60,43,c196c2ea089b6e857e7f92a3d4eed4bdce7b142168cdb1f5216e2f5b1ef7aca4
widowx_carrot_on_plate,297,True,True,False,False,True,0.25,0.8333333333333334,60,43,2038add5b3966478e8425c9c0eb2b5a54f49567c9f7b5312387dfaa592fd5b2b
widowx_carrot_on_plate,298,False,False,False,False,True,0.25,0.8333333333333334,60,43,41e40e5c63bc7cc16b8f9d005e11befb408264f6e8252047e7cc92e33659ac1f
widowx_carrot_on_plate,299,False,False,False,False,True,0.25,0.8333333333333334,60,36,faaf889d23da20238afebaa15b4ae4560314f678565894913d3ef507b90d7337
widowx_put_eggplant_in_basket,0,False,False,False,False,True,0.25,0.8333333333333334,120,67,2c31caca851c28c70451334587ee27301e490454371c23a879eebe048d051a52
widowx_put_eggplant_in_basket,1,False,False,False,False,True,0.25,0.8333333333333334,120,67,4974703330515b78ad3f21f70dfc577976ab729ac0c03c025d838561f2e2fede
widowx_put_eggplant_in_basket,2,False,False,False,False,True,0.25,0.5,120,51,a84047ed0db5cfb364b1af1ad13501e90d30cd41f3498223ab221f274187de9c
widowx_put_eggplant_in_basket,3,False,False,False,False,True,0.25,0.8333333333333334,120,65,64721354ff35c6e46165bf2f668e5c7e02d76079ba59a2034d7f9f3508f5deaa
widowx_put_eggplant_in_basket,4,False,False,False,False,True,0.25,0.8333333333333334,120,61,1a2af1da50896839e03f617ccd8bc28e39803fcd61b29ca1573a1d9659d4d9bc
widowx_put_eggplant_in_basket,5,False,False,False,False,True,0.25,0.6666666666666666,120,53,419c71d1859b2d853eb336d4752eccac25360fecde79fe2649e88a05b7dac690
widowx_put_eggplant_in_basket,6,False,False,False,False,True,0.25,0.6666666666666666,120,67,55ea1944cc8bdcc2457b174464eee1f6c8b738617d47cef91f8a2033519b3044
widowx_put_eggplant_in_basket,7,False,False,False,False,True,0.25,0.6666666666666666,120,54,28faccfd70dfcdf92b5e9361c02f3fcbbd35dff498776be1f2c36ea467ff608b
widowx_put_eggplant_in_basket,8,False,False,False,False,True,0.25,0.6666666666666666,120,75,0303144bc1d86b9d49a798cb8391b3f129b0608c619dd0008f6b5d0b7c39a30f
widowx_put_eggplant_in_basket,9,False,False,False,False,True,0.25,0.6666666666666666,120,66,3822cc281d9973a7a7274b832ccfb77529e6dd45e96309ce2f8ea5b7fa0fb652
widowx_put_eggplant_in_basket,10,False,False,False,False,True,0.25,0.8333333333333334,120,63,01f0cbe824acbdcecd389e02404d2ca1cf63477d69f54ce9dfff8945930c76ca
widowx_put_eggplant_in_basket,11,False,False,False,False,True,0.25,0.8333333333333334,120,71,dac2e514b79af80d3982470d732f661dc40584f6aaa88c848f7fcec3d73a12cc
widowx_put_eggplant_in_basket,12,False,False,False,False,True,0.25,0.8333333333333334,120,62,e24494e638ec00d65ab33ea73ca9b009f8b3bc93419d4d48178e1cd59adca4c6
widowx_put_eggplant_in_basket,13,False,False,False,False,True,0.25,0.8333333333333334,120,58,dd24a79fc47a520f5126b94c92a6d9677c4bb33e1858a2490ef9ee1027793ca8
widowx_put_eggplant_in_basket,14,False,False,False,False,True,0.25,0.8333333333333334,120,54,77b0e7e8cfc0e8a8c8f5246429923e39b450bcf1298a591a4606dbe87d91645d
widowx_put_eggplant_in_basket,15,False,False,False,False,True,0.25,0.8333333333333334,120,54,260f0b98971e803dbd078a186e34092a7f3620dc405eb54f92467aae609f9383
widowx_put_eggplant_in_basket,16,False,False,False,False,True,0.25,0.8333333333333334,120,57,a12d691e9a7aa861b5f3a7697bee89dfb4b450f48cf03441abea49ac43ebfd77
widowx_put_eggplant_in_basket,17,False,False,False,False,True,0.25,0.8333333333333334,120,58,44dd76d32d542fe40d5b2ea594fb30109b2ef7990e1747e5c39af231f76dfba2
widowx_put_eggplant_in_basket,18,False,False,False,False,True,0.25,0.8333333333333334,120,66,6f410f29b7c00989e41384ecc4cad480fee622685b61be2ed04fbf5f671638c4
widowx_put_eggplant_in_basket,19,False,False,False,False,True,0.25,0.8333333333333334,120,67,46394e1b2b23d994f28f1a514b9b9df2e042421726f3e169349d150b6dbc2147
widowx_put_eggplant_in_basket,20,False,False,False,False,True,0.25,1.0,120,68,55ff2ca59c0226d7b27c553b3d69c5d3ca8983f2db93012d567c89d6866d59ab
widowx_put_eggplant_in_basket,21,False,False,False,False,True,0.25,0.6666666666666666,120,64,72272baf92f2a85223aceb516f86167471f1779340a08328eecd00a5a0b21043
widowx_put_eggplant_in_basket,22,False,False,False,False,True,0.25,1.0,120,58,7d6928e0f060525d68dcd21354d51194f363915035d239c1cc1f2e586fb11ad4
widowx_put_eggplant_in_basket,23,False,False,False,False,True,0.25,0.8333333333333334,120,79,1422af98fb8dc69bb423128f5c1563f9812a34c1016c229b16419a1463de71fa
widowx_put_eggplant_in_basket,24,False,False,False,False,True,0.25,0.6666666666666666,120,73,1261a2be25a8ab10297bca8cbea5bbf548039e4f5a06568bc4942565395aa9e5
widowx_put_eggplant_in_basket,25,False,False,False,False,True,0.25,0.8333333333333334,120,76,efca0a3febf5047d8e87759162127211591805873ef5a6e83471fca6e706fa36
widowx_put_eggplant_in_basket,26,False,False,False,False,True,0.25,0.6666666666666666,120,64,6a86009be5da8f38f42387543ddfa5ac99f3e8019e2a52b80129982aed984b52
widowx_put_eggplant_in_basket,27,False,False,False,False,True,0.25,0.8333333333333334,120,68,725283e703ac714c83486b81a06f5068e7969ddd6048da771633ac3035f0fbc4
widowx_put_eggplant_in_basket,28,False,False,False,False,True,0.25,1.0,120,66,09d3464783fd33efe1df8e242e0fcbd990b8b01a8908d5d3c2c76297fbfb3001
widowx_put_eggplant_in_basket,29,False,False,False,False,True,0.25,0.8333333333333334,120,65,87d2ff19e18fa508c5ddc9adc0c6d79c8ef2df676da910952ef2b570b768013c
widowx_put_eggplant_in_basket,30,False,False,False,False,True,0.25,0.6666666666666666,120,61,8ba5dc06a1bbea3c600dac916f004cddff3ee92edb3c9d3e296823f4644dfb8e
widowx_put_eggplant_in_basket,31,False,False,False,False,True,0.25,0.8333333333333334,120,58,fb7bc327b1ddc8011355104c22d09835213e2384937b6a9cd80c6d5e873e468e
widowx_put_eggplant_in_basket,32,False,False,False,False,True,0.25,0.8333333333333334,120,51,687caafbdc4d55c82e169e54637b7fb97ac4d8126af0f7dbc0a7286c5a73d0b5
widowx_put_eggplant_in_basket,33,False,False,False,False,True,0.25,0.8333333333333334,120,61,5ad03509e03d2aff452707c1ccdec801331a5e083d9311aa140cbe47361dae8a
widowx_put_eggplant_in_basket,34,False,False,False,False,True,0.25,0.6666666666666666,120,68,c73e5d3ad815821cd78b14aef132a48caeb7289214e4b8ef4da70733e0faab99
widowx_put_eggplant_in_basket,35,False,False,False,False,True,0.25,0.6666666666666666,120,71,8b32787082caed5068edc9650687338e7588ba3ef740af0bf1ded850c44fa63c
widowx_put_eggplant_in_basket,36,False,False,False,False,True,0.25,0.6666666666666666,120,58,a5b7c3191f0111df72b85d0b92bc3972b64d639d25ba2d5b3ef92bb9f74ce537
widowx_put_eggplant_in_basket,37,False,False,False,False,True,0.25,0.8333333333333334,120,66,dd8694b459cbc7e83c891fb7e6f63cd87001c2df4301a2ba36a2b68341942c2a
widowx_put_eggplant_in_basket,38,False,False,False,False,True,0.25,0.6666666666666666,120,68,621907cdb7375d44355de190fc1448f4c2dc24c728a9eb8aaac1650e6a445bdc
widowx_put_eggplant_in_basket,39,False,False,False,False,True,0.25,0.8333333333333334,120,57,8ae0bb10260df900e77d2be107586c328f0119913adde46bf177dd8800ac834e
widowx_put_eggplant_in_basket,40,False,False,False,False,True,0.25,0.8333333333333334,120,65,61c9cad11b4fe1cea46b072e98e38d4857834902cd7e814c9ce7030129757cc5
widowx_put_eggplant_in_basket,41,False,False,False,False,True,0.25,0.6666666666666666,120,58,22a95ff51ab1ca28c318892c3f82a850013942dcc3c6e8d16e845aa733b0053f
widowx_put_eggplant_in_basket,42,False,False,False,False,True,0.25,0.8333333333333334,120,55,dd7e8130f741fd35b16cde730475b6f79b8556a118c49d01953e3b398b2f635b
widowx_put_eggplant_in_basket,43,False,False,False,False,True,0.25,0.6666666666666666,120,64,10955afb0bfe3234426db85bf24bec3d8d56217e5d3e9438c8648ce7e4f721f7
widowx_put_eggplant_in_basket,44,False,False,False,False,True,0.25,0.8333333333333334,120,59,1448c3f1a21793c601b5fc984dc52661c7b9f397998026914f6c911a85707652
widowx_put_eggplant_in_basket,45,False,False,False,False,True,0.25,1.0,120,76,f7c52ade6ce719699187b8de874b421da17ecc1bc196d214ec5afbe5bafc6826
widowx_put_eggplant_in_basket,46,False,False,False,False,True,0.25,0.8333333333333334,120,75,6a635244c952736fab325c2e09097978f77a25d8b8c31f46ce661d3a2211fa6a
widowx_put_eggplant_in_basket,47,False,False,False,False,True,0.25,0.8333333333333334,120,68,d640717798ca2afa4c9d1333e6b1580d347b72a8ab8526b7c76983fefe9dcec8
widowx_put_eggplant_in_basket,48,False,False,False,False,True,0.25,0.8333333333333334,120,71,9d9cff74646a72d511bea68c455bc45795392f698602ce3856cc63865c000fb0
widowx_put_eggplant_in_basket,49,False,False,False,False,True,0.25,0.8333333333333334,120,74,db7cdecc1495bd37ac5a9d52d9e1623c4ff07772f774267d438fd54b30ca1d7c
widowx_put_eggplant_in_basket,50,False,False,False,False,True,0.25,0.8333333333333334,120,56,97db248fce4e46357fcfe9d0938f6adcd66a567af67a9358d8d49e530fad56ab
widowx_put_eggplant_in_basket,51,False,False,False,False,True,0.25,0.8333333333333334,120,62,b4a965dea837c51bcf0e03b8f698dc4847730b95c5276d506d190feca8a478ce
widowx_put_eggplant_in_basket,52,False,False,False,False,True,0.25,0.6666666666666666,120,63,bf65a20a38d099b50a0d91b04025713829e04b3f6e46e4956e57a7f655cab213
widowx_put_eggplant_in_basket,53,False,False,False,False,True,0.25,0.8333333333333334,120,61,1de62e1d61676f57c4995b10a8a5226078fd017b02f2003e73feeb7357194dab
widowx_put_eggplant_in_basket,54,False,False,False,False,True,0.25,0.6666666666666666,120,65,5288b44ce827dc6c3778be70372547bb616f87899c41fcb4e87fd3c48415b426
widowx_put_eggplant_in_basket,55,False,False,False,False,True,0.25,0.6666666666666666,120,72,0af73f0798a83abde6f11c34de761c34793fe5e186133c5c2e917bfab717b525
widowx_put_eggplant_in_basket,56,False,False,False,False,True,0.25,0.8333333333333334,120,56,8de28109cd545e63b3c4ccd901f38cdb2d7ad8b4dd22960fe4dda9430d17d9c8
widowx_put_eggplant_in_basket,57,False,False,False,False,True,0.25,0.8333333333333334,120,63,3193be539a8dc1100d250b78ea2d0ecacf3082137d1c059e4fcaaaf0f9e16f89
widowx_put_eggplant_in_basket,58,False,False,False,False,True,0.25,0.6666666666666666,120,57,e674dbcdf70caac435681ac38554bd9fad56c92a1235a72bfa1e7524d674ad8a
widowx_put_eggplant_in_basket,59,False,False,False,False,True,0.25,0.6666666666666666,120,58,7a2ec7f2a074d2b7c5414bf94aedf4ab26d437c51dbb10b55f93fb88e6edd1e0
widowx_put_eggplant_in_basket,60,False,True,False,False,True,0.25,1.0,120,64,be0a2fdef92615ef50e10c6447ef164513db66f8d4be62f95571725ce7c490a2
widowx_put_eggplant_in_basket,61,False,False,False,False,True,0.25,0.6666666666666666,120,44,042dba9fa1b0f46973e0ddcfabbd5d74300bca3403caba309348dfbdc264b83e
widowx_put_eggplant_in_basket,62,False,False,False,False,True,0.25,0.6666666666666666,120,60,860fbcec51334fac6689ab5d5c7f4ff1641ddbb07b315ee8c5f1e704c31ea494
widowx_put_eggplant_in_basket,63,False,False,False,False,True,0.25,0.8333333333333334,120,66,a0136f77a6ef6999421a07329c7f8c69ab0815e233a108ce131c3bdebc22885c
widowx_put_eggplant_in_basket,64,False,False,False,False,True,0.25,0.8333333333333334,120,75,edc96f982dafae99e7add5f02caf7dc0ce90ba277035e3ae3474869da728929e
widowx_put_eggplant_in_basket,65,False,False,False,False,True,0.25,0.6666666666666666,120,68,7e273c68e979befc4062a25351b304789c6a205e5804d1fe09e3f730c577be0a
widowx_put_eggplant_in_basket,66,False,False,False,False,True,0.25,0.6666666666666666,120,55,a71696ba0f0f4fbb53eb01b02edcded0db3ec1d36ad0818448c981f239af5a70
widowx_put_eggplant_in_basket,67,False,False,False,False,True,0.25,0.6666666666666666,120,75,418c45b32df415452589a0cf0d8f2d1614868ea07dd1893b186317409cf35279
widowx_put_eggplant_in_basket,68,False,False,False,False,True,0.25,0.8333333333333334,120,58,5c1e01ed1ca9cec5b85df9be3a6930b82f0e7cb4c45cb7612315ad56e1fa817a
widowx_put_eggplant_in_basket,69,False,False,False,False,True,0.25,0.8333333333333334,120,76,278d56ffad6473ded227c0c8e3a048827f8f9028824dbee4efe5dc42bb42c105
widowx_put_eggplant_in_basket,70,False,False,False,False,True,0.25,0.6666666666666666,120,61,8e8df7b08bf4426ac1bd6e769e2c3d3655b6656560c0c528b35355e9f4332437
widowx_put_eggplant_in_basket,71,False,False,False,False,True,0.25,0.8333333333333334,120,58,8832f0a0affdc507271c4b02972274bb26d0f022d6378b9b604fb972e91da1fe
widowx_put_eggplant_in_basket,72,False,False,False,False,True,0.25,0.8333333333333334,120,60,6dcda0baaea1b3ed3970a43c3baa0e93e4ccdf2b30a18acef6665852d8f49aa6
widowx_put_eggplant_in_basket,73,False,False,False,False,True,0.25,1.0,120,68,106ada96d0ce9837fdbe21c3e0a4c75633b11c75bc69a3d21ee38ce9d28a86ea
widowx_put_eggplant_in_basket,74,False,False,False,False,True,0.25,0.8333333333333334,120,60,5772bdabe5e5bb26458f6bea98e8619748e68b23d54fc2b6c0af1aff187e2f6d
widowx_put_eggplant_in_basket,75,False,False,False,False,True,0.25,0.6666666666666666,120,72,ea7de337b806a00f73eb42e928ac33fe8bdc26d0c081572427f28109c4baa9c2
widowx_put_eggplant_in_basket,76,False,False,False,False,True,0.25,0.8333333333333334,120,75,92640f7f5b64c352f974279f245e175cf823511becabb92992bf816f3cff684f
widowx_put_eggplant_in_basket,77,False,False,False,False,True,0.25,0.6666666666666666,120,65,289a592d0285902a4ae2cf52f0d555066fe602a3583f466c615be67baf2a7df7
widowx_put_eggplant_in_basket,78,False,False,False,False,True,0.25,0.8333333333333334,120,60,66bcb208d2ef310bd6ccca6ea56e8e4519e88cc1405f1948f115bec9396842c1
widowx_put_eggplant_in_basket,79,False,False,False,False,True,0.25,0.8333333333333334,120,70,0ce5e1881fc102f4a95986e89eb41b9dec2ee1c76ef09076e28afda632d2a6ef
widowx_put_eggplant_in_basket,80,False,False,False,False,True,0.25,0.8333333333333334,120,63,71003ab6f91253b139b0a63b8d65508a8cbbab316e3775410ab937a8f084385d
widowx_put_eggplant_in_basket,81,False,False,False,False,True,0.25,0.8333333333333334,120,53,2aa6cd9a63a3ffb8d683201629e2220fd87740d8c154777fe78966e48cae1b56
widowx_put_eggplant_in_basket,82,False,False,False,False,True,0.25,0.6666666666666666,120,66,0570b83bb738565a0bc225005ac77f5cc006eac22d4c26d334a52c5bf3e5a21b
widowx_put_eggplant_in_basket,83,False,False,False,False,True,0.25,0.8333333333333334,120,38,da9ef402586a742a0e06d67c81bc6c61c5700b3662173b327bf0b3630360b5c6
widowx_put_eggplant_in_basket,84,False,False,False,False,True,0.25,0.8333333333333334,120,65,a01c37ec50e3dc774b3ccfbe561678eb0a0ad4ad49b3e6003876abaf097428ea
widowx_put_eggplant_in_basket,85,False,False,False,False,True,0.25,0.8333333333333334,120,74,aa1e48c29ea63f1e4106e282360696c6c491d0b91d81f170ae1cee0f67a7076a
widowx_put_eggplant_in_basket,86,False,False,False,False,True,0.25,0.8333333333333334,120,61,3baced8c23922e2a67bb94112ef364ea58385cc19558445abc9794df31b09d46
widowx_put_eggplant_in_basket,87,False,False,False,False,True,0.25,0.6666666666666666,120,52,7338a097eb487088ac3d5bec8044ef023ca8b7085015590ccceac759fcf3ebbe
widowx_put_eggplant_in_basket,88,False,False,False,False,True,0.25,0.8333333333333334,120,52,d091c3e4d1901a8728b65606f6eee4ef993dd5c73abd21774f9dfd35c72e4bd7
widowx_put_eggplant_in_basket,89,False,False,False,False,True,0.25,0.6666666666666666,120,69,3539580aaa5d67b29ebfb109d37e412cf0394eaa4eaa2ff65d7c474d576469f6
widowx_put_eggplant_in_basket,90,False,False,False,False,True,0.25,0.6666666666666666,120,58,875204ab77d95e7a8450157e23146b7bafbeb483f6a6995ba1dfb7dc08a237c5
widowx_put_eggplant_in_basket,91,False,False,False,False,True,0.25,0.8333333333333334,120,63,e48ce8bec9a988009bb0bd0668578a7d1943c85be3c8d3f9c9480e67ec0b7e82
widowx_put_eggplant_in_basket,92,False,False,False,False,True,0.25,0.8333333333333334,120,74,9b2bd4229c0fd23bf42f3369d285f19393d1ea7164fe356f542dabdc8829be9c
widowx_put_eggplant_in_basket,93,False,False,False,False,True,0.25,0.8333333333333334,120,47,7c794ddc1282372babd42c2b03db7a9b94ca28b59896c8c614919ebbb97be421
widowx_put_eggplant_in_basket,94,False,False,False,False,True,0.25,0.8333333333333334,120,72,2ef4d3809287076292e61e90d2b44b77a6872b8560ba1b2de6e386d7b8c2fed3
widowx_put_eggplant_in_basket,95,False,False,False,False,True,0.25,0.8333333333333334,120,57,2b87bda5f8d9c8b4218feb3d28f5507b835e5a24a165452d05f4f74a4de4c8f8
widowx_put_eggplant_in_basket,96,False,False,False,False,True,0.25,0.8333333333333334,120,61,bb9334564ab74671ee47c145a3054e756e7b20743b32f0f911daa3777e3468cd
widowx_put_eggplant_in_basket,97,False,False,False,False,True,0.25,0.6666666666666666,120,55,9ecc8cfc219d6a37ea41f7141932e9b0477b209f70f1cad1ecdad26219751dc2
widowx_put_eggplant_in_basket,98,False,False,False,False,True,0.25,0.8333333333333334,120,68,4c0934d9802e2a757f699d388b37266a37906c533993c1817193c08d2b8c8a7d
widowx_put_eggplant_in_basket,99,False,False,False,False,True,0.25,0.6666666666666666,120,71,ca8e3af89ab28050a5afb1b8310ed4fdb8a260f26555c451ab4274aee886b2d7
widowx_put_eggplant_in_basket,100,False,False,False,False,True,0.25,0.6666666666666666,120,53,b113dc104ba34891953ac3442c6ace1f6ba5e7076673249773fe5ae17d964c56
widowx_put_eggplant_in_basket,101,False,False,False,False,True,0.25,0.8333333333333334,120,73,6704d60c3c98ceff80947cc63bce1d38bcd13d6df17bb7af6b0cdf032aa8f6c6
widowx_put_eggplant_in_basket,102,False,False,False,False,True,0.25,0.6666666666666666,120,70,99e8a7d81054533b337384dbc3e8fd4c3c1038915e2db6743bf54e631902d19d
widowx_put_eggplant_in_basket,103,False,False,False,False,True,0.25,0.6666666666666666,120,69,3977b8a0d4ccf2587bcf45a582dd7fdc317739cf6ca5a911bb916637756a10fe
widowx_put_eggplant_in_basket,104,False,False,False,False,True,0.25,0.6666666666666666,120,67,2e64b6a746d0de94fecc5526ceba5ff16801b321e2eb7eb715f6c07b79f9907a
widowx_put_eggplant_in_basket,105,False,False,False,False,True,0.25,0.8333333333333334,120,58,9c4b8fed86ec2d77bfa0381c55e81d5194a6aee2416c856450600e883752c52a
widowx_put_eggplant_in_basket,106,False,False,False,False,True,0.25,0.8333333333333334,120,61,68f68e2dbed2e662af17366d2cc3f7f6c00c5937c83820bffb088a624fd4b278
widowx_put_eggplant_in_basket,107,False,False,False,False,True,0.25,0.8333333333333334,120,58,c602b771bb506f9bf53347b0fb00581bc00db12e0aff8f7370cd0f22acbe9cef
widowx_put_eggplant_in_basket,108,False,False,False,False,True,0.25,0.6666666666666666,120,60,388bf3216a239ed2282b17c2591f4ad6bebee4814a2e985d8ec681e2ba051c44
widowx_put_eggplant_in_basket,109,False,False,False,False,True,0.25,0.8333333333333334,120,63,94e8a4700c7c24bd6447ed74dd86955c977c2b40c132bc6354eb4fc0cc917af1
widowx_put_eggplant_in_basket,110,False,False,False,False,True,0.25,0.8333333333333334,120,68,9b260a5e231477ec1f63c14ff28922dfed099db8eb5d3abc2bd68d1216074ece
widowx_put_eggplant_in_basket,111,False,False,False,False,True,0.25,0.8333333333333334,120,63,bc3905db49d2507c6e536362f6ba7ad48f8348a0301f7cbe6377ee98ed2b5ee6
widowx_put_eggplant_in_basket,112,False,False,False,False,True,0.25,0.8333333333333334,120,54,c339c19d8ac3adf6e4451b1da3c2c2e7d6b55e71de3c50be97e52b8be48768c8
widowx_put_eggplant_in_basket,113,False,False,False,False,True,0.25,0.6666666666666666,120,54,47d59e4e0207efa6141778edd448214276900a540707c6e287ec1176d7af9f37
widowx_put_eggplant_in_basket,114,False,False,False,False,True,0.25,0.6666666666666666,120,70,3527ec1728031e2c16bfbf71593d5f0e213516ed18fa9ce8a3e130d21f197cd0
widowx_put_eggplant_in_basket,115,False,False,False,False,True,0.25,0.8333333333333334,120,38,6d8d3dcab9994138877e7176cf00aad000e6abf561ea4ff6e277ebf9cfc0ee21
widowx_put_eggplant_in_basket,116,False,False,False,False,True,0.25,0.8333333333333334,120,65,336748014c73f9008a73b60315ba7a4a6b05fea72f00ad576d8a4ce2d64b8c45
widowx_put_eggplant_in_basket,117,False,False,False,False,True,0.25,0.8333333333333334,120,66,8eb58b7c681e01c2d8f9a122bc598217529231f1f05fadee356850e17fd13981
widowx_put_eggplant_in_basket,118,False,False,False,False,True,0.25,0.6666666666666666,120,64,50e93354d7120df88aa18b42e1eeaf3dcc42de24b44d06c4a3db70fed84964c0
widowx_put_eggplant_in_basket,119,False,False,False,False,True,0.25,0.8333333333333334,120,59,116c75beb35c91350f0c02c614bf40c0efa5bfb5c6524b05081b568e31b00062
widowx_put_eggplant_in_basket,120,False,False,False,False,True,0.25,0.8333333333333334,120,62,6154c73babc5d60aef78939c04dd6e092e0602185dfa23109c3fb8e3080492fd
widowx_put_eggplant_in_basket,121,False,False,False,False,True,0.25,1.0,120,67,113e51271f49b3b0d07f2f164e39cf8a25fddef725280cc59a42f66016c7e93f
widowx_put_eggplant_in_basket,122,False,False,False,False,True,0.25,0.8333333333333334,120,63,7b43ae8594bfb7dfbec7605e1e26c7a5a83838823a9878773510214cb8a89696
widowx_put_eggplant_in_basket,123,False,False,False,False,True,0.25,0.8333333333333334,120,76,f1b21319b5d54cc6588b25abe0b44af050b2cfdaf63415e9a2e77dc2622d9365
widowx_put_eggplant_in_basket,124,False,False,False,False,True,0.25,0.8333333333333334,120,57,6311fb31074e10aa1440445a6345262d2ae0bc747eb865398a56eb7eb8c915b3
widowx_put_eggplant_in_basket,125,False,False,False,False,True,0.25,0.8333333333333334,120,67,3f0262f360fdf2effe7724a88dad653341c4ae5c349482e290baec03b7c2da2d
widowx_put_eggplant_in_basket,126,False,False,False,False,True,0.25,0.8333333333333334,120,76,26c21d2b406971a9295d927a5ed68982589705ff8d4f3b079ca1063cd4a42678
widowx_put_eggplant_in_basket,127,False,False,False,False,True,0.25,0.8333333333333334,120,63,f316a697c63b97a20107bf1652c6deadde67865857886ec01e5328b31024e6f5
widowx_put_eggplant_in_basket,128,False,False,False,False,True,0.25,0.8333333333333334,120,58,26c4f2d4c01a9dd0ae96ae182781e9478d517b96512a0d60cc4a06de946f581d
widowx_put_eggplant_in_basket,129,False,False,False,False,True,0.25,0.8333333333333334,120,56,bdae191765b8bcc10928ece2ba9158a23c88883baa0895d2a82fcd1956c7eaa9
widowx_put_eggplant_in_basket,130,False,False,False,False,True,0.25,0.6666666666666666,120,63,7b6f95fc9c9fcfc0a32ae59f34ff305ac67653931e09a30178f1be7624ae5dbd
widowx_put_eggplant_in_basket,131,False,False,False,False,True,0.25,0.6666666666666666,120,70,0824f39a62ec3f16960edef7c06729223b5183901f2e0ff801ea6a53e2bcaf61
widowx_put_eggplant_in_basket,132,False,False,False,False,True,0.25,0.8333333333333334,120,66,c4a197803553d40868aaa64274e46cf0ffac5c23fcf65fc3e3445a07b8919594
widowx_put_eggplant_in_basket,133,False,False,False,False,True,0.25,1.0,120,66,8c9a2b5e99835db7575877787e4e165dde1c9780f154c384811ebf5f19f15440
widowx_put_eggplant_in_basket,134,False,False,False,False,True,0.25,0.8333333333333334,120,59,b336aca2701b7051433f892ab876c973329bb0b72043674e5bf0722cb5d940cb
widowx_put_eggplant_in_basket,135,False,False,False,False,True,0.25,0.8333333333333334,120,62,f7b71900ce25934847a5ec9c4053d914d06d5bb9b2e396310c9194b4cb2ffc79
widowx_put_eggplant_in_basket,136,False,False,False,False,True,0.25,0.8333333333333334,120,63,b0b377f02c63ac85ea84c06def5faddf77a0bfaedb681362c2d4b2860b8d3b7b
widowx_put_eggplant_in_basket,137,False,False,False,False,True,0.25,0.8333333333333334,120,65,89514c01e839c3409a9c5de8e4ba3c97d421f7a71b86d19055d8558808b7e6a6
widowx_put_eggplant_in_basket,138,False,False,False,False,True,0.25,0.6666666666666666,120,57,4179d95bd96bb170073058736c6ad73f1907891c2b971f89ae286318e3bf49ef
widowx_put_eggplant_in_basket,139,False,False,False,False,True,0.25,0.8333333333333334,120,57,fa5fa36ae6d0190ae5da28c52db5cf88533eaa5fbacafe6e55979a8b3852391b
widowx_put_eggplant_in_basket,140,False,False,False,False,True,0.25,0.6666666666666666,120,50,d9bc622cf25c94acf753c12b0559cc820d9f944ebe66dedfa5bfc73cf9626549
widowx_put_eggplant_in_basket,141,False,False,False,False,True,0.25,0.8333333333333334,120,79,0156a74a152af547cb99d17c959913513fc79f2b8dd18f610957c5655dccc5cf
widowx_put_eggplant_in_basket,142,False,False,False,False,True,0.25,0.8333333333333334,120,59,433ff165e33643c0f219dd0159bde3db4a8790c6baf21b484ef31cab41d2079e
widowx_put_eggplant_in_basket,143,False,False,False,False,True,0.25,0.6666666666666666,120,57,246b663b652ecf92f6f3faaad0f45d2fcfc5e537a485363c3dab6ad5082db2fe
widowx_put_eggplant_in_basket,144,False,False,False,False,True,0.25,1.0,120,60,e4b826c42a832a68a9338988adb97c8e19443958cf6fa5f83743793e4035ec4f
widowx_put_eggplant_in_basket,145,False,False,False,False,True,0.25,0.8333333333333334,120,65,4ea6ee093efc513184b8a157a4b09803778956ffb2276fab6c10aaeee9cc137b
widowx_put_eggplant_in_basket,146,False,False,False,False,True,0.25,0.6666666666666666,120,73,23e05f61a4fc156d65d9f64efdd94b46186148a1bd372bad17288190d4b7c244
widowx_put_eggplant_in_basket,147,False,False,False,False,True,0.25,0.8333333333333334,120,64,42cc57d37e3a309f133a8faf65c198e10de7efa9a8b39b0194fc332592e9c977
widowx_put_eggplant_in_basket,148,False,False,False,False,True,0.25,1.0,120,74,13e8789d0b75d9a028bccedf40b9a712c00da0c9fc090870ece96724de6b634b
widowx_put_eggplant_in_basket,149,False,False,False,False,True,0.25,0.8333333333333334,120,75,3f4fde3cb24ffc80d0b78c20924ec9180ed1aa03cb3098db37ad75f2df564760
widowx_put_eggplant_in_basket,150,False,False,False,False,True,0.25,0.8333333333333334,120,61,dd73f9ca290fa7db3728751df06a5d830cccc5fbcef1c00004a592cfbc534b9f
widowx_put_eggplant_in_basket,151,False,False,False,False,True,0.25,0.8333333333333334,120,59,acb8110f0941c5ddfe36aaf4055685465a55da098e9bf382ef95b7568e65253e
widowx_put_eggplant_in_basket,152,False,False,False,False,True,0.25,0.6666666666666666,120,68,518ff52dd8d9bfa0884475469376deb1f716b01608985573b2b360af42955e3a
widowx_put_eggplant_in_basket,153,False,False,False,False,True,0.25,0.8333333333333334,120,52,54edaf6b06c31a49ebf94b6f30894a16f3f336933acf23a0080e5470a4c313ee
widowx_put_eggplant_in_basket,154,False,False,False,False,True,0.25,0.6666666666666666,120,47,dee4b186158954c7d2088cef6bde9f28c0766600b1fbbf9b03b5e6dc90c9e3e9
widowx_put_eggplant_in_basket,155,False,False,False,False,True,0.25,0.6666666666666666,120,55,a3ea3242f6b51d95a1dc1fb41d443613d724211b895f0c1823b5e5395716619b
widowx_put_eggplant_in_basket,156,False,False,False,False,True,0.25,0.6666666666666666,120,80,fc9b325af989a98b19c91eb445c368b7a61063a98fa6fcb5f350b04b7fa42fd3
widowx_put_eggplant_in_basket,157,False,False,False,False,True,0.25,0.8333333333333334,120,64,957f423ebf3d0058358e8b5be34a8b25613d33a588be911100fabcccd4275adf
widowx_put_eggplant_in_basket,158,False,False,False,False,True,0.25,0.8333333333333334,120,67,c3d595ccca1eadb530b4e9c28279239fe833ddf89b06da5644757f4e180ca293
widowx_put_eggplant_in_basket,159,False,False,False,False,True,0.25,0.6666666666666666,120,52,a54a33d554bcb3c686d5ac52fdb8778c9c9b384e7da8dd75d8763e839c29af01
widowx_put_eggplant_in_basket,160,False,False,False,False,True,0.25,0.6666666666666666,120,50,c48f8a68e0963a7cd3d14e56ec826959beb5756a43c89616749c4e51beb50991
widowx_put_eggplant_in_basket,161,False,False,False,False,True,0.25,0.8333333333333334,120,67,ee4f37979a7ce23f91d83b1f6f29552251f0f433555f173ed756bbe37d394bdb
widowx_put_eggplant_in_basket,162,False,False,False,False,True,0.25,0.8333333333333334,120,71,0ca52a2991e10460b80948addfea8a6897a5fe56449717d962bf775474c80c81
widowx_put_eggplant_in_basket,163,False,False,False,False,True,0.25,0.6666666666666666,120,71,3ce3acf2bfd4c58920ab3a0f7400bbdf1958f5642212180264af65a20481e13f
widowx_put_eggplant_in_basket,164,False,False,False,False,True,0.25,0.8333333333333334,120,67,0f666b677fe19a7f5ad9ab24f265fecbcbda4d83dbb7599485aa1575a910dcfd
widowx_put_eggplant_in_basket,165,False,False,False,False,True,0.25,0.6666666666666666,120,64,1a389c27f8b05e1f623f6078cdd122c7611bdbe2a12f5cfbdb34ddafd980abd3
widowx_put_eggplant_in_basket,166,False,False,False,False,True,0.25,0.6666666666666666,120,55,bd960c521de9ff018ff4790deb035c0d5aae1d694f0fafea847210548ab3427f
widowx_put_eggplant_in_basket,167,False,False,False,False,True,0.25,0.8333333333333334,120,66,fdddd78572065fb9e291b825f7e7eccf7b3ecdd8707a009810d12414766fb54f
widowx_put_eggplant_in_basket,168,False,False,False,False,True,0.25,0.8333333333333334,120,68,f85dad7f2c3bd4b6a90aeccf987783dd964cf349ceb4c2d2a384b5cf9937f153
widowx_put_eggplant_in_basket,169,False,False,False,False,True,0.25,0.6666666666666666,120,58,fb2241203400d202f51e53e80f9060092d3fca0a3fe05f81728263aff11bc600
widowx_put_eggplant_in_basket,170,False,False,False,False,True,0.25,0.6666666666666666,120,70,28ab5fe71b0c05e5f6bd9b424d4e1b91e6d733f33eabcc293dc4c9e240a47380
widowx_put_eggplant_in_basket,171,False,False,False,False,True,0.25,0.8333333333333334,120,69,6fecac25e0d0fcab64dd410f0eec82c598ef2cdb9ea257512f5085035d0a6e95
widowx_put_eggplant_in_basket,172,False,False,False,False,True,0.25,0.6666666666666666,120,47,0b4e52dffe29f494a8a59b69f696ffbc9ae831b0a330daece79c5a004b684be7
widowx_put_eggplant_in_basket,173,False,False,False,False,True,0.25,0.6666666666666666,120,61,39846e913e6ce0ee4b16827174a8b7b9228fa121d3ae001a33f75ee6ffd218b6
widowx_put_eggplant_in_basket,174,False,False,False,False,True,0.25,0.8333333333333334,120,64,b391477e54d2745bbc7aa91b8f98a5331f342b42bc28d21d3e9423212eab13b4
widowx_put_eggplant_in_basket,175,False,False,False,False,True,0.25,0.8333333333333334,120,64,d2342df9d83f2f5d80999c8982d52e1ed031025465f58b325fffa4cae9084511
widowx_put_eggplant_in_basket,176,False,False,False,False,True,0.25,0.8333333333333334,120,59,6df82c18edaa8bfb98091a3802397c0acc25679d2fe6aa4db9b5a2d0fc91b528
widowx_put_eggplant_in_basket,177,False,False,False,False,True,0.25,0.6666666666666666,120,61,8b584611747f4769c03b49fe13fb106d5d0e24c0e9423f1522c43be91d81be1d
widowx_put_eggplant_in_basket,178,False,False,False,False,True,0.25,0.6666666666666666,120,63,78d27d07dd6d6db30370c10edfc6141a329e0ac1e39e3efb443df78dd10142a2
widowx_put_eggplant_in_basket,179,False,False,False,False,True,0.25,0.6666666666666666,120,69,ce37c6047d87062904b0bcf3a4bf09b265e874d84d17f199b0b12aa80bacbdea
widowx_put_eggplant_in_basket,180,False,False,False,False,True,0.25,0.8333333333333334,120,69,1808bdd0a9cfe1a674973d014be2c1b484f5572025f035224c2f75698ef14fd8
widowx_put_eggplant_in_basket,181,False,False,False,False,True,0.25,1.0,120,76,e4d67769da069aff22f48f14f544e98608985613af0c26b0bb7a0934f42f0d17
widowx_put_eggplant_in_basket,182,False,False,False,False,True,0.25,0.8333333333333334,120,62,92e1057ad9144d91151c41ee8074ab828b98955adde1c9242fbb68925c618923
widowx_put_eggplant_in_basket,183,False,False,False,False,True,0.25,0.8333333333333334,120,66,b367bac4eeef03f42b69395d0a8970711a9c545ac3eecaf56afc668be1075a35
widowx_put_eggplant_in_basket,184,False,False,False,False,True,0.25,0.6666666666666666,120,74,d390ee89fc6c794e67cb1b847a09a3fac57658cfa7db55543105b1173c4938fd
widowx_put_eggplant_in_basket,185,False,False,False,False,True,0.25,0.8333333333333334,120,67,1355a9b1bdbe8880e59caef0c21fc414816e9eb2ca5d8552d7b55ca1ed4d6a96
widowx_put_eggplant_in_basket,186,False,False,False,False,True,0.25,0.8333333333333334,120,66,36d2432e8fe99ce6e385004b1cd643a9bbf9f35180651693fa81b1bd634eb8fd
widowx_put_eggplant_in_basket,187,False,False,False,False,True,0.25,0.6666666666666666,120,48,5bc5180036cb1a11a9c24e9a7ee71a0092865c61844370bd8c55923eee596b75
widowx_put_eggplant_in_basket,188,False,False,False,False,True,0.25,0.8333333333333334,120,66,1d571e3450a34708c7eb4ff09c47954f31d2c6ab9d139dc08758fadd4f92fe5a
widowx_put_eggplant_in_basket,189,False,False,False,False,True,0.25,0.8333333333333334,120,56,cb6561475c99aad1932753fe7ab5be660da6b1edbed9221da93d2b7300b20895
widowx_put_eggplant_in_basket,190,False,False,False,False,True,0.25,0.8333333333333334,120,67,f7e5a811e9893dbe548778263861a3a3f1c2e3dc5f56b40ea88d91acd282aba6
widowx_put_eggplant_in_basket,191,False,False,False,False,True,0.25,0.6666666666666666,120,65,d06d99b1f71528d5207c862773af91ec7acaa18f035b687711a19eae7142cb2d
widowx_put_eggplant_in_basket,192,False,False,False,False,True,0.25,0.6666666666666666,120,73,a13cdbe589bbc95199db6a4e0b43a336b7693dc333228f7668826d3dd8103c4f
widowx_put_eggplant_in_basket,193,False,False,False,False,True,0.25,0.8333333333333334,120,67,865a2f0eebb92fb910a7b2acb7410c84209aeb9f3fbe36f4c5eba61c166069b9
widowx_put_eggplant_in_basket,194,False,False,False,False,True,0.25,1.0,120,66,118148bd5458e4107e0cdcc065d32e3f13fe3e5499ccfc1f4cbf5d016b5caafe
widowx_put_eggplant_in_basket,195,False,False,False,False,True,0.25,0.8333333333333334,120,66,b7a5be544f8ab37f7bef1a5ecb7bab16ec8a2dda28fc266292456fbcc126a26f
widowx_put_eggplant_in_basket,196,False,False,False,False,True,0.25,0.6666666666666666,120,50,c3f495b5081933335019b74008767419239967ee270e2cf96033c851b1049927
widowx_put_eggplant_in_basket,197,False,False,False,False,True,0.25,0.6666666666666666,120,63,f0463671e0fbd1256ce1856c963dd72b2fbfab78fcfa282530eb77c78c8f4dd8
widowx_put_eggplant_in_basket,198,False,False,False,False,True,0.25,0.6666666666666666,120,69,909f87626bcd2bf580f76d63b688a9bdfc6e90af45cd2ee72e17f38903f5eb14
widowx_put_eggplant_in_basket,199,False,False,False,False,True,0.25,0.8333333333333334,120,76,f91039fe7b13dbe8707f8dd356babd790694214f75cc358d946976a3fd850d79
widowx_put_eggplant_in_basket,200,False,False,False,False,True,0.25,0.8333333333333334,120,57,f9dfdafd29035053d3921f39f899eb8fb65ae24be24d64b5ff9a170ee556b7a5
widowx_put_eggplant_in_basket,201,False,False,False,False,True,0.25,0.6666666666666666,120,64,62af2a7ddb3912537a7d7767e1e3501927670f55f58a0c8d21ba80167cab9e8d
widowx_put_eggplant_in_basket,202,False,False,False,False,True,0.25,0.8333333333333334,120,68,6344fbeefa03d3b3de2e0e8fcf8b6d6ba07f08a5f26eabbf19a9b04453e0d90d
widowx_put_eggplant_in_basket,203,False,False,False,False,True,0.25,0.8333333333333334,120,70,1b13f957865531d5665cb79a1d204fe46a30f9e87eb8c75f50e66cc15307f685
widowx_put_eggplant_in_basket,204,False,False,False,False,True,0.25,0.8333333333333334,120,66,46e826eebcaf8f2220a130e69d971bf3b2a3c1b0aa012cd873583d2f187304e5
widowx_put_eggplant_in_basket,205,False,False,False,False,True,0.25,0.6666666666666666,120,56,26076a25892ca3aed78af85f48f47bb51ecc9961348cef36e5c7c2af4845fe6f
widowx_put_eggplant_in_basket,206,False,False,False,False,True,0.25,0.6666666666666666,120,63,d127b1a81e5e3cd193c9a839b9869d429e4967e622f00c16fec26105733c15c5
widowx_put_eggplant_in_basket,207,False,False,False,False,True,0.25,0.8333333333333334,120,64,d0da900c5dc399730080b85b56903d388fc1d1699fc8f56e2b94788f80e24e5f
widowx_put_eggplant_in_basket,208,False,False,False,False,True,0.25,0.8333333333333334,120,73,2d975b5a2a4a66cd2a7f46e16ce81ea300522127f6cd90dc03896c6ad97bfc72
widowx_put_eggplant_in_basket,209,True,False,False,False,True,0.25,0.8333333333333334,120,70,78c9521378af35dfea8f73f94111057f340fbd19421b576689f77f9127d6009d
widowx_put_eggplant_in_basket,210,False,False,False,False,True,0.25,0.6666666666666666,120,61,99e0d41033ef3add9b71adce4a14978b0f4bc1d9725bf260e1f2dc4901062bc9
widowx_put_eggplant_in_basket,211,False,False,False,False,True,0.25,1.0,120,71,9acb5ff38c0e5532a4b682361d132889157c796c6610fa6153dcbd0d1bbb3f0e
widowx_put_eggplant_in_basket,212,False,False,False,False,True,0.25,0.6666666666666666,120,74,800e287c48b5d7de93c83cf51c455f0d1ecdaa78cf81668c29cbbb5278f24983
widowx_put_eggplant_in_basket,213,False,False,False,False,True,0.25,0.8333333333333334,120,54,4640aafc04774a668a95c471780308f93653f50932cc006a1117e00d22715fd8
widowx_put_eggplant_in_basket,214,False,False,False,False,True,0.25,0.8333333333333334,120,68,bd7ee15e2b96846819335bd9ae6f958c3171146277a5114ea2e6eaf9cb06f738
widowx_put_eggplant_in_basket,215,False,False,False,False,True,0.25,0.8333333333333334,120,63,7dbfd1a5d0098a68650224011d3412b6dbd3f715af8d9e4c1c195d41b8338281
widowx_put_eggplant_in_basket,216,False,False,False,False,True,0.25,0.8333333333333334,120,55,8e27cf2f9ac9929da339d08f4bf420b55225f9fbb72df3de37ae0ec8c2a4ed7f
widowx_put_eggplant_in_basket,217,False,False,False,False,True,0.25,0.8333333333333334,120,72,f2324dbad6ddb2730028d152cdae0568d6a6747c5300f5d45b265fce4bcab64a
widowx_put_eggplant_in_basket,218,False,False,False,False,True,0.25,0.8333333333333334,120,78,c0d595a44e292373fdfed35ec5e137668b0efe55d644ff7056c6a52704eac31d
widowx_put_eggplant_in_basket,219,False,False,False,False,True,0.25,0.8333333333333334,120,70,787f477e0c7ab06c9e93cad81fa9575ddabbe0609fe3f7ed5d8ab40e9a874739
widowx_put_eggplant_in_basket,220,False,False,False,False,True,0.25,0.8333333333333334,120,68,3d807e54ca5e95e28cb886d66e3b4dff9113759b49bff0371bad1d372d05c735
widowx_put_eggplant_in_basket,221,False,False,False,False,True,0.25,1.0,120,69,db6e0866ca83faf9164b5878d7a9198f01591f192ee30003f93f57345ebf548a
widowx_put_eggplant_in_basket,222,False,False,False,False,True,0.25,0.8333333333333334,120,63,6564da7a8a07d1a6e1d05dee4db50018a39aad09260c720e888b4eb17c7697a5
widowx_put_eggplant_in_basket,223,False,False,False,False,True,0.25,0.8333333333333334,120,67,5db7633c1428ac6d7f7bf46e91c19df82cbf7770e5bd219bf53d668260d15ca3
widowx_put_eggplant_in_basket,224,False,False,False,False,True,0.25,0.6666666666666666,120,76,6926a0b5e0c84e14447d7e7d161b9fe217adb18aa61ebcfabbe3f670ac7de8c1
widowx_put_eggplant_in_basket,225,False,False,False,False,True,0.25,0.8333333333333334,120,41,cb1b62bfc26a52822636a2e911302341f5dc46262b358992b0dc3bec8311c472
widowx_put_eggplant_in_basket,226,False,False,False,False,True,0.25,0.8333333333333334,120,69,f449450f6beb774ea82a80ed93bcef560b2f52ccb11620507760be7dd25f81da
widowx_put_eggplant_in_basket,227,False,False,False,False,True,0.25,0.8333333333333334,120,52,0965f79777fe6506ad9d6aea5601213a02caa918453662d56c0e0ad6ddc34c5c
widowx_put_eggplant_in_basket,228,False,False,False,False,True,0.25,0.6666666666666666,120,51,9071b5000ef71d3008a7f76e6149aa8b1841b336ab716a22a3fa05c7eb3827a3
widowx_put_eggplant_in_basket,229,False,False,False,False,True,0.25,0.8333333333333334,120,73,156fa9a3ab0a4328e33988f7091810a7f0fcae8574e5fa9fbfe12edc2f8b4905
widowx_put_eggplant_in_basket,230,False,False,False,False,True,0.25,0.8333333333333334,120,67,251eaebd7bc5ee503331fdd78997b3afab39d9cd362feb55136bdbdcdd9696e2
widowx_put_eggplant_in_basket,231,False,False,False,False,True,0.25,0.8333333333333334,120,70,c848a6475ea02a40e03f7d47684caf2ec917f19321fd17afe7ab512576ca63a0
widowx_put_eggplant_in_basket,232,False,False,False,False,True,0.25,0.6666666666666666,120,65,1e9ad2280cad5cdca760bd7e12a2527e55ca9a72579a568bda1f8d19899b2a3b
widowx_put_eggplant_in_basket,233,False,False,False,False,True,0.25,0.8333333333333334,120,63,c4a8ceafefc890d7e19a6dc9b1417d015b4e21a1264b22aaf96541babd7c0881
widowx_put_eggplant_in_basket,234,False,False,False,False,True,0.25,0.6666666666666666,120,50,942b41f5d14611c5eeb50372d05cc8feec4788b7ef125d1c95486cbb856a0c37
widowx_put_eggplant_in_basket,235,False,False,False,False,True,0.25,0.6666666666666666,120,61,6d317ee292ccb8e362677de723a84f97d5e0b7c0d5d499fee6a21eeca7570ca8
widowx_put_eggplant_in_basket,236,False,False,False,True,True,0.25,0.8333333333333334,120,70,c36d3aa0046c2a0d2383d2e70f7d23172ec1da155b8da77263db4aca85d11f2f
widowx_put_eggplant_in_basket,237,False,False,False,False,True,0.25,0.8333333333333334,120,62,51d0b1b8e93d5247188e9b6cf4b95f378900bdf850d0de73b1d3f63d9183b5e1
widowx_put_eggplant_in_basket,238,False,False,False,False,True,0.25,0.8333333333333334,120,60,2cbffc90f60f38faa0db48ef12bea3e1ea05183e2dfe0aec43f5281c693ad8d8
widowx_put_eggplant_in_basket,239,False,False,False,False,True,0.25,0.8333333333333334,120,72,1493e21ac66a5efe57e8d5e0cb07c0abbb845dfa76bd4cb9f752eb2475246e54
widowx_put_eggplant_in_basket,240,False,False,False,False,True,0.25,0.8333333333333334,120,63,6d4ba67e162d616da0d970c5cc55e099542eb5ce8dfe41768b70e9a69df7f7b8
widowx_put_eggplant_in_basket,241,False,False,False,False,True,0.25,0.8333333333333334,120,70,1f41efe9143b40ead311143f1bd4bbf4336b6deeba1bbf43970e23a5c845f7f5
widowx_put_eggplant_in_basket,242,False,False,False,False,True,0.25,0.6666666666666666,120,67,ea1a5473978ff09a58f575ea55be80cc082a7f49b8d0ed8c38799d3b5517e758
widowx_put_eggplant_in_basket,243,False,False,False,False,True,0.25,1.0,120,61,dab3ebd7c10791efdf6dbbdc4b842f211628770c55e02aaee52dde80312eb9ba
widowx_put_eggplant_in_basket,244,False,False,False,False,True,0.25,0.8333333333333334,120,55,e0cd5ea5512af22a5661340ea124857390a4790335c80f46c72a1203679bd5e4
widowx_put_eggplant_in_basket,245,False,False,False,False,True,0.25,0.6666666666666666,120,63,67dd24c4ef520389fada6edc1ca4c2a63b3f938b92c9d6390122f858ad603edd
widowx_put_eggplant_in_basket,246,False,False,False,False,True,0.25,1.0,120,67,628e8391e58782c2ea4e31a411b2c318459268986b72804ec899797c43672051
widowx_put_eggplant_in_basket,247,False,False,False,False,True,0.25,0.8333333333333334,120,64,4fa6f7ff4f3a77929ed9e8302655d9c3f392c52b040268594cd051d2c41f0f1c
widowx_put_eggplant_in_basket,248,False,False,False,False,True,0.25,0.8333333333333334,120,70,90bfcfe35cba290afb0ed3516856bfec489dedde963b9c7c588b311c7ec9bb05
widowx_put_eggplant_in_basket,249,False,False,False,False,True,0.25,0.6666666666666666,120,60,97755014be18a37f25e40c5fa468542cce7b806b27e26190b1d9472cb67003fa
widowx_put_eggplant_in_basket,250,False,False,False,False,True,0.25,0.8333333333333334,120,66,784cd005d6a548feecb9e6dcb38432af05bc3507e76e9161fb580051ee37ba0e
widowx_put_eggplant_in_basket,251,False,False,False,False,True,0.25,0.8333333333333334,120,80,58e787a20d002cb0db3148c3d5e1ad2a7e6273f59c580c630f0fc342c760c789
widowx_put_eggplant_in_basket,252,False,False,False,False,True,0.25,0.6666666666666666,120,67,73fa791fa4f61274a362e5e2c9795cf52275777c9b3624e0b2afa3c57ae6c04f
widowx_put_eggplant_in_basket,253,False,False,False,False,True,0.25,0.8333333333333334,120,71,5d56dca2c8eaee63410dab1cd0c802cce0961853c4d6c1c27658f937b75a6ca4
widowx_put_eggplant_in_basket,254,False,False,False,False,True,0.25,0.8333333333333334,120,66,952172518486bc0e115eac95175cc23d681a1beff9d3e9b0f9eac95c0bc2133e
widowx_put_eggplant_in_basket,255,False,False,False,False,True,0.25,0.6666666666666666,120,77,960d402f1df457b3a1abe7a6039710e27a8b1046a805aaa76c50b28db2dd69cb
widowx_put_eggplant_in_basket,256,False,False,False,False,True,0.25,0.8333333333333334,120,71,f3bb26279fb40246911e03368265aa2002b25019f2fd90fbad2f91909cbd0875
widowx_put_eggplant_in_basket,257,False,False,False,False,True,0.25,0.6666666666666666,120,70,77a85511edcac49f6d519a50003628debada8af6ded573ce8914506d35bfe66a
widowx_put_eggplant_in_basket,258,False,False,False,False,True,0.25,0.8333333333333334,120,66,431e8f74f2a1397d0516dae9e682dd466eecf55c09cbfe8eb4e3d1f9aaadf08c
widowx_put_eggplant_in_basket,259,False,False,False,False,True,0.25,0.6666666666666666,120,53,b10eaf2228c06a214712e9480d494d9503e43dc8c63b03b81b8a06b6651ff9d6
widowx_put_eggplant_in_basket,260,False,False,False,False,True,0.25,0.6666666666666666,120,70,9ff59b6b96da12c1c94786fe9f2a824608ad1bb27ea0b94d9a7eaf87fd63030d
widowx_put_eggplant_in_basket,261,False,False,False,False,True,0.25,0.8333333333333334,120,59,c8882a06d75dd5aef59477982d4ba6adf5eede5596aa6079bae3ffe710bfa204
widowx_put_eggplant_in_basket,262,False,False,False,False,True,0.25,0.6666666666666666,120,69,843e13490ae3ef9f72ccd72360e0c86ba508500ad663e0055838b126a27528ad
widowx_put_eggplant_in_basket,263,False,False,False,False,True,0.25,0.6666666666666666,120,54,f04997af91cbba662d327e7cc3da8043a514a98e76a2d1160cf6b20af398c5f5
widowx_put_eggplant_in_basket,264,False,False,False,False,True,0.25,0.6666666666666666,120,71,b9f3eedc532691b05fa99c600f6f2a6c0867fbdd6db687f88a43a5383d5aaa9d
widowx_put_eggplant_in_basket,265,False,False,False,False,True,0.25,0.8333333333333334,120,61,5ac359e14a3e5d6f26fb5fd3a2961509859a78bc3eb73fa1e078329ba12490ee
widowx_put_eggplant_in_basket,266,False,False,False,False,True,0.25,0.8333333333333334,120,66,a29fede8c93d4cefcee4facc81a8c75dea37df249cbe450dbef3be3875dfecc7
widowx_put_eggplant_in_basket,267,False,False,False,False,True,0.25,0.8333333333333334,120,63,5e73d10b9952a82b707e16b89b08e082ef32f1d2d1a1bd6ee66d3144dc938e6a
widowx_put_eggplant_in_basket,268,False,False,False,False,True,0.25,0.8333333333333334,120,55,c5ae677459265cc9deaf7b4136216d5862ce3b0841367194c1df3fd9e2f1b222
widowx_put_eggplant_in_basket,269,False,False,False,False,True,0.25,0.8333333333333334,120,72,b999b0ad349247a9993af99097c0a62fb22e8fab80d4efbc193102306e3d6792
widowx_put_eggplant_in_basket,270,False,False,False,False,True,0.25,0.8333333333333334,120,65,4663f5a97ed45bff468768e915296d7eaa9dba1a39e9fc112ad06db047d77c25
widowx_put_eggplant_in_basket,271,False,False,False,False,True,0.25,0.6666666666666666,120,64,75b9e677935f203c2e7ce475cbefdc70e38fbaf34f6637209e39964f8c91cb6e
widowx_put_eggplant_in_basket,272,False,False,False,False,True,0.25,0.8333333333333334,120,53,caa3d59f98f8fb25de8e77a4299027b2a1708499ea6e197ab22e54502e4896e3
widowx_put_eggplant_in_basket,273,False,False,False,False,True,0.25,0.8333333333333334,120,56,9f1c890f1ecb8db72e5684e8cd210dd3641b62dee59c37ac76fad0a6ccd13dbf
widowx_put_eggplant_in_basket,274,False,False,False,False,True,0.25,0.8333333333333334,120,48,1280bc3cba0527af302bf7735eb3438446321d7457e6de7e0c3472523ba657e0
widowx_put_eggplant_in_basket,275,False,False,False,False,True,0.25,1.0,120,61,05fdaedef362efe2504fe03eb3fba384e699c3532547d2a4863121b4512683dd
widowx_put_eggplant_in_basket,276,False,False,False,False,True,0.25,1.0,120,59,40d0cb799d7871100ad7805520c4a2376026ab467333c218c3a1b3f58530291f
widowx_put_eggplant_in_basket,277,False,False,False,False,True,0.25,0.6666666666666666,120,71,8c7cb2cbcb710ce52712055549284d7d5fa8b85137a055ae3f0b83cd4a7a0e5d
widowx_put_eggplant_in_basket,278,False,False,False,False,True,0.25,0.8333333333333334,120,63,2ccca59fe8dc2058e3f116bd92e70c40413c96fd778ffb215d6ee3503fbf259d
widowx_put_eggplant_in_basket,279,False,False,False,False,True,0.25,0.8333333333333334,120,65,4727ef6cc36f1ded4d9356b93c70f13109cc166f0dcb1595965352f8c7e1b6f0
widowx_put_eggplant_in_basket,280,False,False,False,False,True,0.25,0.6666666666666666,120,61,d784f2d9fcd9c4935358fe5417b54ccbe8d513901b46b62783db596af18e5c64
widowx_put_eggplant_in_basket,281,False,False,False,False,True,0.25,0.6666666666666666,120,81,eba34d993d79e4f791ee346537c3a3677ab8b7838207fcce0824e2f17e49d5cb
widowx_put_eggplant_in_basket,282,False,False,False,False,True,0.25,0.8333333333333334,120,54,e756675cff42224d3b83ef930150af76a11c0423ed5c11de1e4568d3472f117e
widowx_put_eggplant_in_basket,283,False,False,False,False,True,0.25,0.8333333333333334,120,70,d4149c5a3713767dd94275a7166091e47f1458f2f769708c0c3177fa62a6abd5
widowx_put_eggplant_in_basket,284,False,False,False,False,True,0.25,0.8333333333333334,120,73,5c63ef9856f9cd045e4ebf736c89bd7dc29c09704c0a6e6dbd4ac6ea613b0f04
widowx_put_eggplant_in_basket,285,False,False,False,False,True,0.25,0.6666666666666666,120,68,d8428ba073b354ec243d97d8a9200b7600fd632c11d1a4698219f2580b6f7bf2
widowx_put_eggplant_in_basket,286,False,False,False,False,True,0.25,0.6666666666666666,120,72,5be8c42ba13b52db276ea8cee6c0bdf29f2e904dc4a7aa487b031c7af6b64223
widowx_put_eggplant_in_basket,287,False,False,False,False,True,0.25,0.8333333333333334,120,64,407357e5e9c9374da5bf923e866283093c2c0dbffc8b94c23381abdd0e250546
widowx_put_eggplant_in_basket,288,False,False,False,False,True,0.25,0.6666666666666666,120,69,7f1d8331b46d7cf5313788a0fda84f9faee236ab882e7e0ddd8e25ed6000ad52
widowx_put_eggplant_in_basket,289,False,False,False,False,True,0.25,0.6666666666666666,120,57,262b33d49ea61251097ad3b5f88443588d1b5815602943b710421149756423cc
widowx_put_eggplant_in_basket,290,False,False,False,False,True,0.25,0.8333333333333334,120,66,47b6dbc5cf34d60f62cb10ede269ba0a54831acf9d5bbda51518e127410fbd7e
widowx_put_eggplant_in_basket,291,False,False,False,False,True,0.25,0.8333333333333334,120,46,45086dcfea53a5898633322b5de53ab596ad632a991d5ce614457f1e894e52e8
widowx_put_eggplant_in_basket,292,False,False,False,False,True,0.25,0.8333333333333334,120,65,a25e698f1cb58e96885445b7cb1f896fc9de2f6119af6bae59c86ba6e7eae987
widowx_put_eggplant_in_basket,293,False,False,False,False,True,0.25,0.6666666666666666,120,52,9002cbd6f093dd631859147622e4638f3b8e491c73ca49dc13daac5af778b798
widowx_put_eggplant_in_basket,294,False,False,False,False,True,0.25,0.8333333333333334,120,56,5fb563438b91c7ed224d7c3732fdf5f8c777017a946ece7d23cbaf438d667e95
widowx_put_eggplant_in_basket,295,False,False,False,False,True,0.25,0.8333333333333334,120,71,6d95a073478852362d41996610ec7ed8bfd899048ba40b9488d1a57bef81eaad
widowx_put_eggplant_in_basket,296,False,False,False,False,True,0.25,0.6666666666666666,120,55,5d70d8b2c227fb1ee01212a344cc7e5030154fc198c98a9f40a4626d40af2805
widowx_put_eggplant_in_basket,297,False,False,False,False,True,0.25,0.8333333333333334,120,76,f8eca5b6a3aa2df805ec241b4981288955a4f9bfd8209fb1c31bbe14433deded
widowx_put_eggplant_in_basket,298,False,False,False,False,True,0.25,1.0,120,69,024b4e8f2910c1a99a31b8d902a82eba8ad377a12135910d6a8c84478717330c
widowx_put_eggplant_in_basket,299,False,False,False,False,True,0.25,1.0,120,73,f7998e2403372c53e23beb2e2716162aab5d7d1dfb75ab4ce7b3be4e3beb3fb3
widowx_spoon_on_towel,0,False,False,False,False,True,0.25,0.8333333333333334,60,47,7740205a8440ed9b70a49605ad5488095daf2bb9c61a64521436f0f27cb52ffa
widowx_spoon_on_towel,1,False,False,False,False,True,0.25,0.6666666666666666,60,43,bda716249a35094df38d88d8f841cafce6ee1280bb5a5d7b9b7cb2a334fb2bd0
widowx_spoon_on_towel,2,False,False,False,False,True,0.25,0.8333333333333334,60,45,92e694d202413a32ea791d47a9a6fa7c8c254c91329c47400173a8939a0d1cad
widowx_spoon_on_towel,3,False,False,False,False,True,0.25,0.8333333333333334,60,34,21cbe8971aef1fa84586b92493dfaa9c7a15429e9bf1abaf56aebbec1312f012
widowx_spoon_on_towel,4,False,False,False,False,True,0.25,0.8333333333333334,60,40,76d71699d3d227c526d7effc00ba08cda066be4557e131de67af9bbf64f722e8
widowx_spoon_on_towel,5,False,False,False,False,True,0.25,1.0,60,32,36179ac360cc1e69a3cc52a38b67ab58406a3ea0e569c374cf0a88db1a97e607
widowx_spoon_on_towel,6,False,False,False,False,True,0.25,0.6666666666666666,60,39,5135d58671502d36ae0837919a412e26ff93f48a9e1675467117af93725e2c9a
widowx_spoon_on_towel,7,False,False,False,False,True,0.25,0.8333333333333334,60,35,f7378541f5b7234744291b4ca5a13ccacb2c7d35872975cd11cd2741d5179c72
widowx_spoon_on_towel,8,False,False,False,False,True,0.25,0.8333333333333334,60,37,4ff71d565f2629d22b052cd4df6f9b5aceaf87a70aee7b7ee20790e07b45a875
widowx_spoon_on_towel,9,False,False,False,False,True,0.25,0.8333333333333334,60,44,5aeff495e2b7da4fabbb7c989e96de1e79d518b876c1af76d7188c90a556a271
widowx_spoon_on_towel,10,False,False,False,False,True,0.25,0.6666666666666666,60,33,bde008580f5ed5b306dbba58aae6c246b70aa3ad1fec4771a80858e88eb54c3b
widowx_spoon_on_towel,11,False,False,False,False,True,0.25,0.8333333333333334,60,33,b11c702acbad6fe4dc7b37e7edde60efe480b77b7005b365535d8f1e0d1339f3
widowx_spoon_on_towel,12,False,False,False,False,True,0.25,0.8333333333333334,60,37,8f51b1e0320abe21912d077692ab8b7a5e81f8a5ad9128f40cdc677b5bc39d72
widowx_spoon_on_towel,13,False,False,False,False,True,0.25,0.6666666666666666,60,42,d74ec286734ac8fd91d208ef6cc6cb674adbedc8930c904c2b061322f2009aa4
widowx_spoon_on_towel,14,False,False,False,False,True,0.25,1.0,60,44,02fded78042ec74d3ee468f879fb61d9af0ad9f8bd7c6a34a7fbfdbc51063afd
widowx_spoon_on_towel,15,False,False,False,False,True,0.25,1.0,60,40,de2a0746a194c9fd82fc56efcdf6bda52cc593371738abd1583b78ae527c75c2
widowx_spoon_on_towel,16,False,False,False,False,True,0.25,0.8333333333333334,60,37,82f33cddfc53563c6939add623bca0b1e06c2b376c4cf710a84c5812936f5ea6
widowx_spoon_on_towel,17,False,False,False,False,True,0.25,0.8333333333333334,60,40,adb1e52841bea1e680de34a0c5f7b9826b56a03c1d29113f90e91bc9ab34ec73
widowx_spoon_on_towel,18,False,False,False,False,True,0.25,0.8333333333333334,60,42,79341261c77c76aceb2e85d9fb843736385bc91b2a0454b18449564810c3332f
widowx_spoon_on_towel,19,False,False,False,False,True,0.25,0.8333333333333334,60,24,c2bc0701e6734d02fdca947de9af7222d969e4a4149b1e587a96761a9425543a
widowx_spoon_on_towel,20,False,False,False,False,True,0.25,0.8333333333333334,60,37,d7a604b63e49773f26d99f89c4884febdb844b22db06622824ab017936308c43
widowx_spoon_on_towel,21,False,False,False,False,True,0.25,1.0,60,42,80860c27e4d30fa5223995709e4e0da72c888897d77419336c68c53f40f19a6d
widowx_spoon_on_towel,22,False,False,False,False,True,0.25,0.8333333333333334,60,40,62b2cc3fef17a4685436040f8e91fe0e24d62d507a9624e9371e91a35e5cdd40
widowx_spoon_on_towel,23,False,False,False,False,True,0.25,0.8333333333333334,60,44,c849fb09a1d61361672498c365426ab3ef35fe7eb127fdec7a0b2c696f70fa7f
widowx_spoon_on_towel,24,False,False,False,False,True,0.25,0.8333333333333334,60,47,cf9bf5e1fc78aacc617f3a6cfc9ec8bb3accfc0cece6c8b7a105fd70719ef1df
widowx_spoon_on_towel,25,False,False,False,False,True,0.25,0.8333333333333334,60,43,044a43296bf778b907d5057ccd6436cd6e5f7ad12c386024b69e0104e8988d40
widowx_spoon_on_towel,26,False,False,False,False,True,0.25,0.8333333333333334,60,45,1940be823e0ab940580031bc15cdf26ce5e2385ade1561aebee7392953a35eb7
widowx_spoon_on_towel,27,False,False,False,False,True,0.25,0.8333333333333334,60,45,6adde54805e170dc0d533d21fd08375276c9b72ae81443451fe4515be1243ce4
widowx_spoon_on_towel,28,False,False,False,False,True,0.25,0.8333333333333334,60,21,d4062f23731da5fe5bfd9c9a3e00190a4784d0f6a775c44a229cdb183c2a473c
widowx_spoon_on_towel,29,False,False,False,False,True,0.25,0.8333333333333334,60,44,409a41105d3157e0f03d5110972d1459c23b0ffd09e4bf630fc2650353ebb438
widowx_spoon_on_towel,30,False,False,False,False,True,0.25,0.8333333333333334,60,41,c684bbb667764059b10a791cc6b9c760066cd3406de2ad60a729212aba51a195
widowx_spoon_on_towel,31,False,False,False,False,True,0.25,0.8333333333333334,60,32,82ded75fb944964a3922ed96371ac65497be147fe4a3f774249e2861bbb8550b
widowx_spoon_on_towel,32,False,False,False,False,True,0.25,0.8333333333333334,60,44,ba10d3496b407d1381348b45d119f609434a2ddee2fb69a8b400d3844cec2e97
widowx_spoon_on_towel,33,False,False,False,False,True,0.25,0.8333333333333334,60,42,08d8e22fe60557e81601590eb2b9dfc2ea2d5a37c268260c5dbd64d15c41ea48
widowx_spoon_on_towel,34,False,False,False,False,True,0.25,0.8333333333333334,60,39,8d33548a44255c89ba252f3a606eab406fca1fc264de1e09791c1467e2bdeed8
widowx_spoon_on_towel,35,False,False,False,False,True,0.25,0.8333333333333334,60,27,d4785f3bd193f8f8476dded9086396e599973dbf7785b7f16b96dee2d31bd500
widowx_spoon_on_towel,36,False,False,False,False,True,0.25,0.8333333333333334,60,37,39c2dc824a95ae6d71d408f72b839a9b12140dfaa5efe7a5e24334a6fca70ef9
widowx_spoon_on_towel,37,False,False,False,False,True,0.25,0.8333333333333334,60,34,23a830231af565ca00f347baf6d8a1dfe7126e081e94bc81f1ae0e8671e0005e
widowx_spoon_on_towel,38,False,False,False,False,True,0.25,0.6666666666666666,60,34,4f6aa6e797eab80b94ef2f7965e7fea8bbee00c841e6257bed7a494a5012f92a
widowx_spoon_on_towel,39,False,False,False,False,True,0.25,0.8333333333333334,60,41,26284f08c6afb0d9cb38f06f605bec814b53c4fa80dedb754b19c56e12f36d63
widowx_spoon_on_towel,40,False,False,False,False,True,0.25,0.6666666666666666,60,34,2dd716a0d74d5fb1c976c0d014a3f97b65b27ea7ff3d050b0df6d862ce58fc06
widowx_spoon_on_towel,41,False,False,False,False,True,0.25,0.8333333333333334,60,32,a6eb5a6e735975dd4ac5f9499a678fc87c62e5458e723fe5601cea150ac02ce6
widowx_spoon_on_towel,42,False,False,False,False,True,0.25,0.8333333333333334,60,42,be2993ac1aaf9da34ad5772c0cb0a026749aa315254f22b7374276deebbbff59
widowx_spoon_on_towel,43,False,False,False,False,True,0.25,0.6666666666666666,60,27,43a2903477a4c89e3a3331fa7a0980dd22f7f9a8f807707a78675689710533c8
widowx_spoon_on_towel,44,False,False,False,False,True,0.25,1.0,60,38,7611508a4f242e539a11c6149a50ce91b17babded3869d069543c689e1b84d7a
widowx_spoon_on_towel,45,False,False,False,False,True,0.25,0.6666666666666666,60,25,2891e7448d961d4803304e59817ee95a43ec92a445aa08047f99712fa898024f
widowx_spoon_on_towel,46,False,False,False,False,True,0.25,0.6666666666666666,60,37,faf53ea71145257f3226cd432d88482f66257e89ebe8d8953259d5c55c5d4daa
widowx_spoon_on_towel,47,False,False,False,False,True,0.25,0.8333333333333334,60,38,564fd2f27a51ac9d5f032563f885ce125551c40f6a98b7a3882824f1dc913413
widowx_spoon_on_towel,48,False,False,False,False,True,0.25,0.6666666666666666,60,39,71432d90b2891b976bce694ccbdab2e9cf3945aecd3b9fe8c7cde6ba9ab7c0e3
widowx_spoon_on_towel,49,False,False,False,False,True,0.25,0.8333333333333334,60,41,a1ce1770dc4f5c497b54b080b2d974e3d490e796708819dfe693f4eb3ac50685
widowx_spoon_on_towel,50,False,False,False,False,True,0.25,0.8333333333333334,60,40,8e2a3b6ca2198b7a646a244c528f770dbabe2e573ee80aebb73a5f1dcc85a87d
widowx_spoon_on_towel,51,False,False,False,False,True,0.25,0.6666666666666666,60,32,c8118e4b9d9fb87125857ce26656be9452b5cd88197dddc4913deaf6f3101415
widowx_spoon_on_towel,52,False,False,False,False,True,0.25,0.8333333333333334,60,35,163a030cc4da07162d48335f5d28d052e470afb6894e38a981bf33a51b0b1b1e
widowx_spoon_on_towel,53,False,False,False,False,True,0.25,0.6666666666666666,60,40,179b6e96045ec8de5953a185e3f56d4b0964137e1d798d02ea676a3dc01fa733
widowx_spoon_on_towel,54,False,False,False,False,True,0.25,0.8333333333333334,60,44,89b6c3f5424cacf4a986b88a0545539e509a6e94405b29894d490395d14519e7
widowx_spoon_on_towel,55,False,False,False,False,True,0.25,0.8333333333333334,60,45,c4774e9480d8e3c555906411e99f9f46c01ea7435a83e01f94bbafb349738101
widowx_spoon_on_towel,56,False,False,False,False,True,0.25,1.0,60,33,e307457c1d214f31689d91b410397a53ee67524ed53d4ee333545b2e6665e71a
widowx_spoon_on_towel,57,False,False,False,False,True,0.25,0.8333333333333334,60,38,d13a5f825fba3774212ecec6738f83eb4a6e6b942409f7ed49e834a516c39e8f
widowx_spoon_on_towel,58,False,False,False,False,True,0.25,0.8333333333333334,60,41,8a91f68f81006578278145d2d74f7a0cd8087cc3950cd0c4a78311985be888d9
widowx_spoon_on_towel,59,False,False,False,False,True,0.25,0.5,60,28,8f48f4c5a517b562b1eb66ffadce1ac605b10d380969050ee9ceba87f7a634d0
widowx_spoon_on_towel,60,False,False,False,False,True,0.25,0.8333333333333334,60,46,db64d00cb7d14b323a5ee5b7c0ff25589f61372d4c66e3cd5ad4b20db40d3010
widowx_spoon_on_towel,61,False,False,False,False,True,0.25,0.8333333333333334,60,37,4b47a02392946e8724f149838c94b251dd79a9469c27d63c2b37e8e283772634
widowx_spoon_on_towel,62,False,False,False,False,True,0.25,1.0,60,40,eb0dcec1dcbfe8333afebec6830705039fd22c59e329aafc194c595609b08ce7
widowx_spoon_on_towel,63,False,False,False,False,True,0.25,0.8333333333333334,60,39,80174eca6ddb0b71eb144db7e663db562b8d07a591d0b3b75cf126e201bbfc6d
widowx_spoon_on_towel,64,False,False,False,False,True,0.25,0.8333333333333334,60,36,b87f9254e4253e6144aa346002df6873d75c465cc84417232ff9a37a2d5ea057
widowx_spoon_on_towel,65,False,False,False,False,True,0.25,0.8333333333333334,60,37,021bfa01056f59cbf0e3ef7b090607bff17df400e67623a1173c385dc8871c07
widowx_spoon_on_towel,66,False,False,False,False,True,0.25,0.8333333333333334,60,45,ae1c1d1eb460aa73ef721d08ffcda747ecfcc7f8fccebc97f57a0524480898c5
widowx_spoon_on_towel,67,False,False,False,False,True,0.25,0.8333333333333334,60,44,c5bba64ac1eaf40fad96bb3708ab2edaa02065e340141613217587e18a7be454
widowx_spoon_on_towel,68,False,False,False,False,True,0.25,0.8333333333333334,60,45,500d89324426a666152026452b2cfd4f0417223bda9ae69dafcab63846759d68
widowx_spoon_on_towel,69,False,False,False,False,True,0.25,0.8333333333333334,60,46,226637c712c5be29841b8c088ce4a357cbd5acace9a1e5203fdffba4f685a193
widowx_spoon_on_towel,70,False,False,False,False,True,0.25,0.8333333333333334,60,40,04e6365de0ae6b85b2cb5e07ef748e21905bde908b9b2715f5959499885bc415
widowx_spoon_on_towel,71,False,False,False,False,True,0.25,0.8333333333333334,60,43,c72628a86cd2a3f8a74ccd6e13a55ba146172848060ede038aa1d449062f3eee
widowx_spoon_on_towel,72,False,False,False,False,True,0.25,0.6666666666666666,60,49,34f3cc4d29c229e1654fb22a5bdd01890db26e40c2353b68206f1d460224dd5b
widowx_spoon_on_towel,73,False,False,False,False,True,0.25,0.6666666666666666,60,41,86904e301ab027b0bb511d5fd41a2ebcbd18ea88e7c6290ea7f63a4ca5e506c2
widowx_spoon_on_towel,74,False,False,False,False,True,0.25,0.6666666666666666,60,26,b642746401861f95140e4fc64a86fb32511680ce9f8d4a0ac14214480185d610
widowx_spoon_on_towel,75,False,False,False,False,True,0.25,0.8333333333333334,60,40,55c1dbf52047225726edb455b0481fd43a99cf189c8527ef627034765c744cdd
widowx_spoon_on_towel,76,False,False,False,False,True,0.25,0.6666666666666666,60,30,eecf474307ef89d4d26c12c7b9077abdb8ca0f477ea9e7736aae7cc7823867dc
widowx_spoon_on_towel,77,False,False,False,False,True,0.25,0.8333333333333334,60,40,8559495312ebee15e1315118b24d7598ade2ffa271a4a4b16f15c67094689ddd
widowx_spoon_on_towel,78,False,False,False,False,True,0.25,0.8333333333333334,60,36,d710ab50beaf99ed2460b663fb53094f6b38463a8834c926bf52aa8aee71b47a
widowx_spoon_on_towel,79,False,False,False,False,True,0.25,1.0,60,40,1a1853a1bb988441378813e2b99e64314e19fd4b63ee0870c8f8d981650dbfc6
widowx_spoon_on_towel,80,False,False,False,False,True,0.25,0.8333333333333334,60,37,37324cb98d162fd938496ea46c258927ea69a2a1bc4454428aa7bdd367580f9f
widowx_spoon_on_towel,81,False,False,False,False,True,0.25,0.8333333333333334,60,36,9fcda62b08759c71b0261f16d8e7eaa821f2ec492754865ec1a6c9dd0a5449c5
widowx_spoon_on_towel,82,False,False,False,False,True,0.25,0.8333333333333334,60,42,691257cec9b1795ad6c955f28677a000bc26ca72c9d609ed037fe036c8c96bb7
widowx_spoon_on_towel,83,False,True,False,False,True,0.25,0.6666666666666666,60,35,c882ea64f8cc18e614deac7991a36c52e86da869c7616b5673a125dc56ee2a38
widowx_spoon_on_towel,84,False,False,False,False,True,0.25,0.6666666666666666,60,38,a4599fcb0ab9c6afa85d66dc706289ecf0228b91edd2ba95a06bb03b0146983d
widowx_spoon_on_towel,85,False,False,False,False,True,0.25,1.0,60,42,0eb836fcff714c58ecc274caa7e5607a9bc184e67174190778ef6ab56fe86adb
widowx_spoon_on_towel,86,False,False,False,False,True,0.25,0.8333333333333334,60,40,707ea6e6cc87b6c950544738a76a7c4532a007b80f7cb48f541d60e283cb760b
widowx_spoon_on_towel,87,False,False,False,False,True,0.25,0.8333333333333334,60,47,19d5bc80de21234410e36888cc3ef4402dd3505238808270237c62818c950420
widowx_spoon_on_towel,88,False,False,False,False,True,0.25,0.8333333333333334,60,40,6468d683757b403ce6a29ac0bb2a24b066cf9663301731eac1ee554b21f8daab
widowx_spoon_on_towel,89,False,False,False,False,True,0.25,0.8333333333333334,60,42,2e98e93bc4adb7453154546bec2370084605d66233c1153b11c62e045a4bffdb
widowx_spoon_on_towel,90,False,False,False,False,True,0.25,0.8333333333333334,60,46,0c4d06516ce9eb24d122a7dce11403bcab7b800f47b2c99cf6eabb4b3f7a0475
widowx_spoon_on_towel,91,False,False,False,False,True,0.25,0.8333333333333334,60,38,a3a3faa09a1741c5bddded6c78c77de69b080e799fb6157a99ff1f2475affdb2
widowx_spoon_on_towel,92,False,False,False,False,True,0.25,0.8333333333333334,60,31,cc85c88f1e054246cd49e414a57cf76f38f381b89bb04662f3ef728d3881174c
widowx_spoon_on_towel,93,False,False,False,False,True,0.25,0.6666666666666666,60,40,f3b4b5258a34f062f183ccd91ebc32a429534f9d3024e375d8642a8b55280729
widowx_spoon_on_towel,94,False,False,False,False,True,0.25,0.6666666666666666,60,45,c61470ed289bae67d7ff4bed7f3dae952f2f13c6611c82cadbacfa1dc33680aa
widowx_spoon_on_towel,95,False,False,False,False,True,0.25,0.8333333333333334,60,43,95e0cec81e10817c638160793ea1d84ee2315c0ecc445e45717e1fca89609150
widowx_spoon_on_towel,96,False,False,False,False,True,0.25,1.0,60,39,d85b2261589e3c330343f08d344801fff8faa44322574668af32930cc9c1b47a
widowx_spoon_on_towel,97,False,False,False,False,True,0.25,0.8333333333333334,60,31,7b6d4965f4bfea54637e3b72af2ce16ccd3237b560fd0c921600826603021c33
widowx_spoon_on_towel,98,False,False,False,False,True,0.25,0.6666666666666666,60,45,65626c7dce3c59b9940627997ad725d3b2fa26de014df3aeec7042ffeb1d8f94
widowx_spoon_on_towel,99,False,False,False,False,True,0.25,0.6666666666666666,60,40,ee7d5376972fa975dc5f4679e854b6c9516e119aeab9811a10b6a9ec025005c7
widowx_spoon_on_towel,100,False,False,False,False,True,0.25,1.0,60,22,9b6d320392ac507a837063207d8f4becd94c74b27790ed9fd944f3eb313c6163
widowx_spoon_on_towel,101,False,False,False,False,True,0.25,0.6666666666666666,60,32,60ff490bffd4817e1a415979eb138558d1118b1559aa6e872a58118d46cacb01
widowx_spoon_on_towel,102,False,False,False,False,True,0.25,0.6666666666666666,60,28,4f917407a33c670a8affa18e81e74074b3b96a51f7253ece9898d18b6d672304
widowx_spoon_on_towel,103,False,False,False,False,True,0.25,0.8333333333333334,60,44,d3124d95457bde17107f4502da4fcbbfc1f33cee3a46dfe50acdf456acc6d669
widowx_spoon_on_towel,104,False,False,False,False,True,0.25,0.8333333333333334,60,43,aa97849c76ca466d7f87ab1ed9f1acaf306c659dfa62c5e48273ac1fb3e235c4
widowx_spoon_on_towel,105,False,False,False,False,True,0.25,0.6666666666666666,60,33,2c9c9490de4424ff0afac1cc8b6269019e12698927e623bb9aec51bf2f6ac220
widowx_spoon_on_towel,106,False,False,False,False,True,0.25,0.8333333333333334,60,38,e74241eb30580f9c74d078ab5ed47f4acb594330403822ebccd38afc5c82d5d6
widowx_spoon_on_towel,107,False,False,False,False,True,0.25,0.6666666666666666,60,36,5e12ad69a7f6f06c737feee4b28f8ea99425055a277be22ad53a0a160d7c2403
widowx_spoon_on_towel,108,False,False,False,False,True,0.25,0.8333333333333334,60,33,c8be2e0c48dc6afc4fc721f80f776f7d857e829d9f1a24ab36bc98bb3373cc88
widowx_spoon_on_towel,109,False,False,False,False,True,0.25,0.8333333333333334,60,34,ccad9dcb6db5b32f09391664aaee31d54b0010d22baf724906b2f2b7d57f74e9
widowx_spoon_on_towel,110,False,False,False,False,True,0.25,0.8333333333333334,60,37,b22b4d3b06dca0aacf9b25515ab20bd9792a27fcdc50b1f37255e5ee8e59c39d
widowx_spoon_on_towel,111,False,False,False,False,True,0.25,0.8333333333333334,60,43,469f3cf32a7ad377904940284d3010c95783c576d9c653c1c295cf3da498f919
widowx_spoon_on_towel,112,False,False,False,False,True,0.25,0.8333333333333334,60,38,e4a51afb3428c63dbcfa1704e88453385cc1bb67433b8f526e709dcd7b9a0d1d
widowx_spoon_on_towel,113,False,False,False,False,True,0.25,1.0,60,43,d5d35fc93ceba7f193910bd47795c6de0a5102a1405fb6b76275da729c1e1b99
widowx_spoon_on_towel,114,False,False,False,False,True,0.25,0.8333333333333334,60,37,6a2f48ce509d010a7c05d7f2f9afeebb189aa213d40fa016fd63892325eb26bb
widowx_spoon_on_towel,115,False,False,False,False,True,0.25,0.8333333333333334,60,37,58ea60ac3a5c0cf4ef6cc8e24bce95035460030f88d91a4db130397f749eaaf3
widowx_spoon_on_towel,116,False,False,False,False,True,0.25,0.6666666666666666,60,26,ba2299867551043ea9630012302dad0e367d93a27987f006b7fe9b0877ca9c22
widowx_spoon_on_towel,117,False,False,False,False,True,0.25,0.8333333333333334,60,36,895318d13b36cc0a1fb28346745f95d88717f9deb5d6ee4568624a5ba050c4b6
widowx_spoon_on_towel,118,False,False,False,False,True,0.25,0.6666666666666666,60,28,431e8dd870389f6d059758bf7369e36d3ce6a5f18d2515a128f7ac1ceefdb372
widowx_spoon_on_towel,119,False,False,False,False,True,0.25,0.8333333333333334,60,36,075cf66022e0dfce68d0dd1d2dd962a8e7c1384565b47d2e0df495ebb80c7b85
widowx_spoon_on_towel,120,False,False,False,False,True,0.25,1.0,60,40,9d6b6e1d0511cb7b04b9ee86415d9f9c4ae96666852d728ae0360b8780b1150c
widowx_spoon_on_towel,121,False,False,False,False,True,0.25,0.8333333333333334,60,41,24ad307b47df6a952d18df4c04b422d92af37690bb08263c67e7a5c53b870b17
widowx_spoon_on_towel,122,False,False,False,False,True,0.25,0.6666666666666666,60,31,1f9c3414dc1a28ff77c0f03a5b0583ac198ad25f45a7c2e241c45ad72289cc5c
widowx_spoon_on_towel,123,False,False,False,False,True,0.25,1.0,60,37,0d3257802f7c2f3d6bc847316c33560edd778adb723ad26af638116c86152548
widowx_spoon_on_towel,124,False,False,False,False,True,0.25,0.8333333333333334,60,44,157ea3e009904e2856b1947fba86144717c6627f9a59ef88cab39341151ce575
widowx_spoon_on_towel,125,False,False,False,False,True,0.25,0.8333333333333334,60,40,f5eb4e9234921526f73b003c0eb53579984672863bda4924f28d92e4ba463728
widowx_spoon_on_towel,126,False,False,False,False,True,0.25,0.8333333333333334,60,44,a4fbaeefe41ee7c32a90955820077e57d4de78eb70a4d316ccf4064926d75830
widowx_spoon_on_towel,127,False,False,False,False,True,0.25,0.6666666666666666,60,36,2346af99d4ce9774687ec08d4a703558266088b00a618ea920db97d25b9cdcb3
widowx_spoon_on_towel,128,False,False,False,False,True,0.25,1.0,60,32,92a201775195f886b6e703431690f20e6b43ce026628bbdee3c2a08646c04355
widowx_spoon_on_towel,129,False,False,False,False,True,0.25,0.6666666666666666,60,35,8b5e4e0fd1107bf89027ecc613cb671507d9dc890a210bb895a1d95f85139b9b
widowx_spoon_on_towel,130,False,False,False,False,True,0.25,0.8333333333333334,60,41,e214555598032c9b47831d60e5c2b43e80b7130e0e23f8482d704057a99f6616
widowx_spoon_on_towel,131,False,False,False,False,True,0.25,0.8333333333333334,60,39,ad1acc7dd9794082d36aaf152956be8f135c6fd9687f60e9d11a001d1b06e58d
widowx_spoon_on_towel,132,False,False,False,False,True,0.25,0.8333333333333334,60,33,d4661c2c3343de0d5f0e8be9f21a13ad22b28b825c5701f8f76efb06d14a7015
widowx_spoon_on_towel,133,False,False,False,False,True,0.25,0.8333333333333334,60,35,53d1aaf19ebcd94a82a6ed842fe845c9241a964777dffbcf2d6d463e09e4daf7
widowx_spoon_on_towel,134,False,False,False,False,True,0.25,0.8333333333333334,60,35,8ffeb5efdbafeaac900d9d360446bb8b555539dcde8eeea91f205df119b28205
widowx_spoon_on_towel,135,False,False,False,False,True,0.25,0.6666666666666666,60,37,7031a9d786fefc06b0f5c233d530ed180acc5c620cbf0214245be07055f58dd3
widowx_spoon_on_towel,136,False,False,False,False,True,0.25,0.6666666666666666,60,35,6090933c084096167b5f28e309e1ff9e0ed46a7a148194f9e82e7fb3ac85f265
widowx_spoon_on_towel,137,False,False,False,False,True,0.25,0.8333333333333334,60,38,321ae4af10ba7b2a75fb3ff7a9565d1e9e11a0b5b961db730db39769058dfba1
widowx_spoon_on_towel,138,False,False,False,False,True,0.25,0.5,60,33,6e02ebbd53a50b6ce2cbfb2c8574617cbc246047464340e2013ad371622e2407
widowx_spoon_on_towel,139,False,False,False,False,True,0.25,1.0,60,40,59bd6c8fd13ae222a3185766a314cd98f424e95bc41959536c35070f227f0ed2
widowx_spoon_on_towel,140,False,False,False,False,True,0.25,0.8333333333333334,60,43,85eb17827b8bbac7d3271b533cf98d0074ef85154c3e1910bf3b9d3e0721c80a
widowx_spoon_on_towel,141,False,False,False,False,True,0.25,0.6666666666666666,60,38,9a2bf52f068bfe4e950b88aefb96be0833854f51cdbf7a2665a97503751f6337
widowx_spoon_on_towel,142,False,False,False,False,True,0.25,0.8333333333333334,60,43,2a5b849ee6141d1349f4021f8da37e412400a8e5b0340e77448496eaee7f8f35
widowx_spoon_on_towel,143,False,False,False,False,True,0.25,0.8333333333333334,60,40,d60baa579a20424bd93365763c0cbac1399ac0dde91e1a7470e2c659b214b506
widowx_spoon_on_towel,144,False,False,False,False,True,0.25,0.8333333333333334,60,35,0f90c4b86e180b7c3509109e0e92a0a1721f8b5f413c583df35dc4285903c83a
widowx_spoon_on_towel,145,False,False,False,False,True,0.25,0.6666666666666666,60,45,5d929ca4e0ec4003f04bffb98f4e0e939af3c7d8cccd6cb1e30b873d354ab76b
widowx_spoon_on_towel,146,False,False,False,False,True,0.25,0.8333333333333334,60,36,65c5b97cffe13b2645a92df6d8a0e19694bc874fd1ff974fb8f23ae6df2a1caf
widowx_spoon_on_towel,147,False,False,False,False,True,0.25,0.6666666666666666,60,42,911aeb691b3b05d743137fd96f8ccfe91322085150f05399e21a0b5513b5ea98
widowx_spoon_on_towel,148,False,False,False,False,True,0.25,0.6666666666666666,60,42,763aa8c759ed6954b9e275dfc3dfcf4d0468b150de2717bf0e43a6229ba9ca71
widowx_spoon_on_towel,149,False,False,False,False,True,0.25,0.6666666666666666,60,36,a6bd3210dac8cb6f355d026a6eebbedd1fdfe93b530d1a616b20c506adf40512
widowx_spoon_on_towel,150,False,False,False,False,True,0.25,0.8333333333333334,60,40,40b0f3a66d39a655d4b7e2e23faa79326fde0394af6bd44a2090fcbff6a97f83
widowx_spoon_on_towel,151,False,False,False,False,True,0.25,0.6666666666666666,60,32,cee5593c8920817fd1ad5beaeada56d403924d5f0c32e47fbe66cb83ff3d8ece
widowx_spoon_on_towel,152,False,False,False,False,True,0.25,0.8333333333333334,60,40,c3088e905eff14fe0ce0f06da0544685071ad29328d6648ac27a1a56af5d2fa7
widowx_spoon_on_towel,153,False,False,False,False,True,0.25,0.6666666666666666,60,38,a42d4ebf8fe30305b6eae840d8c565e7cde31d221036ef4965e76c97a9e4e213
widowx_spoon_on_towel,154,False,False,False,False,True,0.25,0.6666666666666666,60,42,0cbf20a9572e2dc479e44c2f01c97d09c9f230031e6f2f2a75cb5ff8ff2086e4
widowx_spoon_on_towel,155,False,False,False,False,True,0.25,0.8333333333333334,60,46,fb23b2d922b99d7e71c1b60835ce495009670a86b07c93efab62099c0e4b390b
widowx_spoon_on_towel,156,False,False,False,False,True,0.25,1.0,60,30,8a5f2e1b8ec48fc2048b435a3e90717c50d0d05cea4da42fd741a93a0e1d7663
widowx_spoon_on_towel,157,False,False,False,False,True,0.25,0.8333333333333334,60,40,6134db178a86201e108449e3f840f640e461e92a8ccf71b7d3032de083c6738e
widowx_spoon_on_towel,158,False,False,False,False,True,0.25,0.8333333333333334,60,41,a61bb03ea9b8f8926cc51669323018e05674d55d6703c42e70647eb35a1f5049
widowx_spoon_on_towel,159,False,False,False,False,True,0.25,0.6666666666666666,60,25,d3a28494dd20bc3f27fb6a899505910c28c9a48c2f6432316515bf14f30e53ff
widowx_spoon_on_towel,160,False,False,False,False,True,0.25,0.8333333333333334,60,46,8434165da78ca551c094b2af489ae962380ac07fd7b35317ebe2a41d42ebf82d
widowx_spoon_on_towel,161,False,False,False,False,True,0.25,0.8333333333333334,60,36,17a101eb8b9307d8df169f87ae8dff9e3f38782d3aa60de32503a4bb5206a1e6
widowx_spoon_on_towel,162,False,False,False,False,True,0.25,0.6666666666666666,60,36,19ee0c926b05a40cf2055209af5fef35870311ef4d8512474fbbfa5e75ad26ec
widowx_spoon_on_towel,163,False,False,False,False,True,0.25,0.6666666666666666,60,40,2eae926fd19b1fafe0aa8d32090ae86098779bfcc5257e941510046c33053a6f
widowx_spoon_on_towel,164,False,False,False,False,True,0.25,0.8333333333333334,60,40,f8dc0c2b68cbf7f5a61e593cad1a2e1dae61c4268c45d6159cf94d10d17cdcd1
widowx_spoon_on_towel,165,False,False,False,False,True,0.25,0.8333333333333334,60,32,ca14ded58d4a560e8722074dff737e95106d7df8a0a9ab11bb53a685fb5dd094
widowx_spoon_on_towel,166,False,False,False,False,True,0.25,0.8333333333333334,60,40,15dca49d6bd482c0f09832e0f5571394bed1a316322e1731431e0bdb527a94de
widowx_spoon_on_towel,167,False,False,False,False,True,0.25,0.8333333333333334,60,39,99490b8bc942f03bfd7f4e4cbf22d613f891da2fa4c7a67a5f0c055f37e2153f
widowx_spoon_on_towel,168,False,False,False,False,True,0.25,0.6666666666666666,60,33,7e35db734faa19f9a198d2a0e4de8ddaabfb9a46dd716243cdce5cc911488ea4
widowx_spoon_on_towel,169,False,False,False,False,True,0.25,0.8333333333333334,60,46,a4b7d3cdcec5f9b277978343166fc5a6dd162f139e6b3b952e54da1bc4ba2dc9
widowx_spoon_on_towel,170,False,False,False,False,True,0.25,0.8333333333333334,60,41,55e2d0389494c6c121e204186212abbbb4905c98907b807c6d203c0de88d8899
widowx_spoon_on_towel,171,False,False,False,False,True,0.25,0.6666666666666666,60,37,d2760c76150b08eb6227af6493b5dd06c59a39774f2587f91d64c2f03e13ca8f
widowx_spoon_on_towel,172,False,False,False,False,True,0.25,0.8333333333333334,60,44,1a872ce24b6f6369ff578d80cd75f0b551ec625ca80f309f7b79703d70175357
widowx_spoon_on_towel,173,False,False,False,False,True,0.25,0.6666666666666666,60,43,ce1b997bdf01e891fcf68de9a264ebeea21d3672d4b1b2407251e5d75f856178
widowx_spoon_on_towel,174,False,False,False,False,True,0.25,0.8333333333333334,60,41,46097ee207698fd1f65e8baee969b9c5b3225f2599cfcac644ad287454d8cfd8
widowx_spoon_on_towel,175,False,False,False,False,True,0.25,0.6666666666666666,60,41,0551b2c78b5f77dd1162121cfa1d3357181aa246ec77777f72686ee90792e962
widowx_spoon_on_towel,176,False,False,False,False,True,0.25,0.6666666666666666,60,39,b951e6baf39bc9955fdc6d5c7b4656a31c1624cec202c45796804ee231379b78
widowx_spoon_on_towel,177,False,False,False,False,True,0.25,0.8333333333333334,60,37,1393029ab6f49cd2081e2574ec777f45992803acb4e70955bad9e781a7dd5fbd
widowx_spoon_on_towel,178,False,False,False,False,True,0.25,0.8333333333333334,60,44,6458d8c1a0d4575c5936db83cd6c9ac736360170c6ca87e01d8b2548fae7bcac
widowx_spoon_on_towel,179,False,False,False,False,True,0.25,0.6666666666666666,60,44,0b8676c32c93be2aa4ef788fade11cb1f8fe689e863a25d6c0ecfd980c495f6a
widowx_spoon_on_towel,180,False,False,False,False,True,0.25,0.8333333333333334,60,39,9cbb64cf312d5d858f0ec060ae2265de418f83c296844b5e969dc4e7647fcc00
widowx_spoon_on_towel,181,False,False,False,False,True,0.25,1.0,60,40,d87626a160b43a05948b072792892034cb62b51de1e408348078e08c6918e19f
widowx_spoon_on_towel,182,False,False,False,False,True,0.25,0.8333333333333334,60,41,06481bb77be35992a6d386ece33105029fdb831c51f2b6f8e79eae6c0bdbb579
widowx_spoon_on_towel,183,False,False,False,False,True,0.25,0.8333333333333334,60,44,656c8fb7944c163c111f03173b5e0e5cb079cd43e49bf4ba1ccb1ef3735b6a18
widowx_spoon_on_towel,184,False,False,False,False,True,0.25,0.6666666666666666,60,43,2fa9aeb6bc0318688a63e23760c11d2e8da107c2bd0bc37c04db83f63cd30449
widowx_spoon_on_towel,185,False,False,False,False,True,0.25,0.8333333333333334,60,31,3b204f155048e0357eeb605949f7d05d10594f6468ededa798272f4690b24223
widowx_spoon_on_towel,186,False,False,False,False,True,0.25,1.0,60,38,01eb8282ae4ae21c9401f4c7379480fb70c5f2a25baba201b933358b3e694738
widowx_spoon_on_towel,187,False,False,False,False,True,0.25,0.8333333333333334,60,39,a6338cc4f8f65a6002c2c0441b5c34d7752b7143bdef413135526f09934ee25c
widowx_spoon_on_towel,188,False,False,False,False,True,0.25,0.8333333333333334,60,39,5d58a9ad4ec80effca9c1d3ea4a5024dfbe3fc8463dc09a3a04316817d2e92c0
widowx_spoon_on_towel,189,False,False,False,False,True,0.25,0.6666666666666666,60,35,ab3520fbd11e5463e512ca6e07889e56226be75d20730d2dbc543def8458c266
widowx_spoon_on_towel,190,False,False,False,False,True,0.25,0.6666666666666666,60,42,9eb6d7778103c166063676e5ee7514b8c15660d1ea9d5b7953344e0e400a6e1d
widowx_spoon_on_towel,191,False,False,False,False,True,0.25,0.8333333333333334,60,42,b48cb26bc0e58a9f9e33825007f39b3d6d01fd9c0ba5a844c0d15f95adb4b905
widowx_spoon_on_towel,192,False,False,False,False,True,0.25,0.8333333333333334,60,43,7e173a64c2746316078121adb2baf4e29e174ed36d891395f4470c39138fda69
widowx_spoon_on_towel,193,False,False,False,False,True,0.25,0.8333333333333334,60,33,9eb5665539b2d8e577f6f494e2d65e5ffdbd296a924adf8841265061dbbb2962
widowx_spoon_on_towel,194,False,False,False,False,True,0.25,0.6666666666666666,60,32,3c2f4d917810db22e8688357f130597e391b7fb2e2f19137ab30cb8099225a2c
widowx_spoon_on_towel,195,False,False,False,False,True,0.25,0.6666666666666666,60,27,2f90e59b581022340fbfa3e2c35d1a451fd1bf4deb791f1dcfc8d74a11780a81
widowx_spoon_on_towel,196,False,False,False,False,True,0.25,0.6666666666666666,60,43,a25ec46a42270c2cb0d3b6399f440557cd99232b8428a00245f0980451077303
widowx_spoon_on_towel,197,False,False,False,False,True,0.25,0.8333333333333334,60,36,382aab6bdf3493eec3a6b26dba53df2994d28e3bb5de54a8d9f9024b1286ebaa
widowx_spoon_on_towel,198,False,False,False,False,True,0.25,1.0,60,46,6966028427b2049aa89dc21efebc4ae363abef2d35f8eb1f1bac6ace4af2af9a
widowx_spoon_on_towel,199,False,False,False,False,True,0.25,0.8333333333333334,60,40,8a14cd5e35b6eb5742363f61e5be9ecca928705d25bda867734d1402e07a4c13
widowx_spoon_on_towel,200,False,False,False,False,True,0.25,1.0,60,42,bb21a14555cff7bb5b93558c2120cbcf7f62d9d64a77328ba263a0e1056ade8a
widowx_spoon_on_towel,201,False,False,False,False,True,0.25,0.6666666666666666,60,28,0d1c9f71b84c365ef0408054840ba9e25385c5202fe664c159b1d46cd01d066a
widowx_spoon_on_towel,202,False,False,False,False,True,0.25,0.8333333333333334,60,51,762d79df1137ec582df290c7e5bbde6047d16931e8cac97a7023c49f5f63c5af
widowx_spoon_on_towel,203,False,False,False,False,True,0.25,0.6666666666666666,60,33,06b0a3ee0cb57951ba21f739ec1590c186c3190c93e83b5ccb24546f5d4fa0b3
widowx_spoon_on_towel,204,False,False,False,False,True,0.25,0.6666666666666666,60,38,e0049d14e89a6ef8ae8cfca82fcb0eab1df3666ace3ab5063ba75e4d5acb3151
widowx_spoon_on_towel,205,False,False,False,False,True,0.25,0.6666666666666666,60,36,a9d5eca23da1a28c465d8b261a80a6267566549bd4be614088dd7f67c31739c3
widowx_spoon_on_towel,206,False,False,False,False,True,0.25,0.6666666666666666,60,41,d2551c27f335b98f61f118b8ba66e964a2b603f096c4f6ca4911bd9c74034976
widowx_spoon_on_towel,207,False,False,False,False,True,0.25,0.8333333333333334,60,39,d7c5386ee026572e73bd48b8383a5bbf1666c9361b3455a8cc59e428cdcfa335
widowx_spoon_on_towel,208,False,False,False,False,True,0.25,0.6666666666666666,60,33,b24acf3fa6dfe5081b63071e37acb67aee66a75e01f1c58d04b67e23cacd2321
widowx_spoon_on_towel,209,False,False,True,False,True,0.25,0.8333333333333334,60,37,b8bdb13fce25edf312eb38bf106304d02a8f76a457f692690b96d9c218660fda
widowx_spoon_on_towel,210,False,False,False,False,True,0.25,0.8333333333333334,60,42,a92e5355fda199626b7c53948f3aa4520d0b87ea80d61c7c57d432cfd386ac69
widowx_spoon_on_towel,211,False,False,False,False,True,0.25,0.6666666666666666,60,39,a2493acabff2d86c855b40d7e15e927824846f88e8d879671cceeb70ff3403e7
widowx_spoon_on_towel,212,False,False,False,False,True,0.25,0.8333333333333334,60,45,79b981ec0aef61a2c14139a512bbb1c138d93f363cfe208c1df01e70a3fce1a2
widowx_spoon_on_towel,213,False,False,False,False,True,0.25,0.6666666666666666,60,30,448457bc6e257c42e23326a6b0401a6e2376060fd2de5243296bf6410ffac37a
widowx_spoon_on_towel,214,False,False,False,False,True,0.25,0.8333333333333334,60,41,58ef689cd241855f040c06a81e59155a269c172421e5641edec1f8165906608e
widowx_spoon_on_towel,215,False,False,False,False,True,0.25,0.6666666666666666,60,37,5cc05290106f9413957a086ed1ecc675c20cf79a4f2321933e88eef22c6c6c8d
widowx_spoon_on_towel,216,False,False,False,False,True,0.25,0.6666666666666666,60,33,160f6eea0c5182575e98ae3120b6599bcd502d66ce03b84084ff5107e8bdce34
widowx_spoon_on_towel,217,False,False,False,False,True,0.25,0.8333333333333334,60,28,87766513dc761481be9d5d19ec787cb22eb5679bf84290e13309d3241fde424d
widowx_spoon_on_towel,218,False,False,False,False,True,0.25,0.8333333333333334,60,27,3f5482fe4257b9f4d6af45cfc0951c4d45c0ac6dd50a26a46d10af7f468a0212
widowx_spoon_on_towel,219,False,False,False,False,True,0.25,0.6666666666666666,60,35,635d7e986716ca2376669a1045aeb9209a34aec2c028c0d4ea56f81f195902c1
widowx_spoon_on_towel,220,False,False,False,False,True,0.25,1.0,60,44,2f5485b945db36544a542770238af5e2f0353753666aa3bdd4339e60599d8f90
widowx_spoon_on_towel,221,False,False,False,False,True,0.25,0.8333333333333334,60,38,102e76f4395e00c1c5994b9db83e5aaa6d16bcbcdd4522ffaba5d7a63e7b69fa
widowx_spoon_on_towel,222,False,False,False,False,True,0.25,0.6666666666666666,60,34,b89622ce38ebcec64a436c3bba138bfd8c176f0312f98733f39ca275256b2049
widowx_spoon_on_towel,223,False,False,False,False,True,0.25,0.8333333333333334,60,30,25f76121db0e0daa3db6b48cb2cdfb9281a3b84e6b3a6eb9689e90e73b46a0b5
widowx_spoon_on_towel,224,False,False,False,False,True,0.25,0.8333333333333334,60,36,ef0e69edbf22fd172d0dea4df02737b173aa7c44be7ea42f33f6a33c9a71840e
widowx_spoon_on_towel,225,False,False,False,False,True,0.25,0.6666666666666666,60,39,5e1dddbd36cf32af3edc8b2dead14cb1ad48683a54d58756ab5eca0adca99310
widowx_spoon_on_towel,226,False,False,False,False,True,0.25,0.8333333333333334,60,36,acb30123dd7fc08234c56daccb22cb9c4fd546cfaae926c2b2a9ecc875727fb9
widowx_spoon_on_towel,227,False,False,False,False,True,0.25,0.6666666666666666,60,33,e89cb612fcd1fbcf96bc8673724b012f718eee7cab09137c4c93bd12ef10f2ff
widowx_spoon_on_towel,228,False,False,False,False,True,0.25,0.6666666666666666,60,43,825f89d7ddbf31b92c541cdfc6d745e298ed3a094aebef648f2900f917a7d41f
widowx_spoon_on_towel,229,False,False,False,False,True,0.25,0.8333333333333334,60,42,ac67fd1c7331692edaf8f4bca3d92708060241c10030eed4ea1e9d98d067c496
widowx_spoon_on_towel,230,False,False,False,False,True,0.25,0.8333333333333334,60,37,3484515ca0d2002535a48c2b179bf9acb8e257936ab4f82dcc2c3b8a3b44bb8a
widowx_spoon_on_towel,231,False,False,False,False,True,0.25,0.6666666666666666,60,42,ba189733d3f69f846f28d353f1b1e154b4f3b8c2d2674ec04c6954d22fd795e1
widowx_spoon_on_towel,232,False,False,False,False,True,0.25,0.8333333333333334,60,43,42f4917ae717c4a7bff7fdc5642a6114c9f63d9219c265ad6b68ad60ddbf1e98
widowx_spoon_on_towel,233,False,False,False,False,True,0.25,0.6666666666666666,60,35,f1688965196159b9b78545176937a863cf779640c92031d5e8bbd897c48ab513
widowx_spoon_on_towel,234,False,False,False,False,True,0.25,0.6666666666666666,60,38,71ea21699027b93a97eb545cfc773513a4fbdd387a00d3a3c6284e419c7e76b2
widowx_spoon_on_towel,235,False,False,False,False,True,0.25,0.8333333333333334,60,34,55f5436227b362682714101ec688f906a2c39892f491f020122f3a6086c20f26
widowx_spoon_on_towel,236,False,False,False,False,True,0.25,0.6666666666666666,60,34,06264e47e50c339efaf8afc6d5f829c97ac545bf27e70f0ecd32747be8705849
widowx_spoon_on_towel,237,False,False,False,False,True,0.25,0.8333333333333334,60,43,7e40bdd8e123569a9eeb84070a4115cf525137a4ebd90cd54a32c675e55998b8
widowx_spoon_on_towel,238,False,False,False,False,True,0.25,1.0,60,44,5784c8f1841af74914ebd5738433f8a7f51f1be036bbfc3883bc1a5e37ef0fe5
widowx_spoon_on_towel,239,False,False,False,False,True,0.25,0.8333333333333334,60,37,b6ffd80145bde6812e78e2b121a233c949eb09e1abc198d3f99fce389cbc59b4
widowx_spoon_on_towel,240,False,False,False,False,True,0.25,0.6666666666666666,60,38,450bfcee1f4d82ae86319d18e5e58664f41e152a9687783cd8c8e151301b2e7d
widowx_spoon_on_towel,241,False,False,False,False,True,0.25,0.8333333333333334,60,40,63ca2efa7bc90923eb35882ce5ac033a1f3ffaeed2c59cba7dc8abcd2f319034
widowx_spoon_on_towel,242,False,False,False,False,True,0.25,0.8333333333333334,60,39,4ea2f81f8f04277d1ba27d377c36adea1e55b623bcc50a59f710903e178623d3
widowx_spoon_on_towel,243,False,False,False,False,True,0.25,0.8333333333333334,60,38,45c5ddb1575711796f2df62e2dac9ab409b51180eaeda1b40f1f183d8a9bfb9a
widowx_spoon_on_towel,244,False,False,False,False,True,0.25,0.6666666666666666,60,36,8a9b81b9f174bea20943ea824de1d5661ac2d6c1e49538e28e80edbdd5022092
widowx_spoon_on_towel,245,False,False,False,False,True,0.25,0.8333333333333334,60,41,70c92499b78bbd791c589d002bdf0329eaa05f7feb861fef2256446b987d768e
widowx_spoon_on_towel,246,False,False,False,False,True,0.25,0.6666666666666666,60,40,9001b019980b6f45032e55c4e5cbf1bc377b4c5632de7835d823bded74a428e9
widowx_spoon_on_towel,247,False,False,False,False,True,0.25,1.0,60,36,f9e0a85481b3104bd28df7020da6de7df22d5d80a84aee2f1ae9830d0cc853b0
widowx_spoon_on_towel,248,False,False,False,False,True,0.25,0.8333333333333334,60,45,7f3215f8ebf7a0b87d59eebae0fc4e50c1728721f848343d0941c2b96cd313a1
widowx_spoon_on_towel,249,False,False,False,False,True,0.25,0.8333333333333334,60,36,1d81e75ec9bbaa4d7296cd12618e11a1c9c4d1006d68b952a05a1e0cf723476c
widowx_spoon_on_towel,250,False,False,False,False,True,0.25,0.8333333333333334,60,43,493e93554b164feb3eb83267b89e53cc2d8456df23bf025efe5ffb94135f48dc
widowx_spoon_on_towel,251,False,False,False,False,True,0.25,0.8333333333333334,60,42,ddda85fb2ce91a319fe0216a0d1ab78dd5ade68540888d32dbffb8bfe49147db
widowx_spoon_on_towel,252,False,False,False,False,True,0.25,0.8333333333333334,60,39,01d310b889ce30454e8eddf3ea7369b9d07a11fccc9ef4cccaca45529318c03d
widowx_spoon_on_towel,253,False,False,False,False,True,0.25,1.0,60,43,b75d4ddd795d6e9eb4333d76c719c0c45ec1e54df7c06bd51fcfea4bcab4297f
widowx_spoon_on_towel,254,False,False,False,False,True,0.25,0.8333333333333334,60,32,98e3ead5ebfd3761c7167884a2afc1bbff53e6adbf055a79b14dbc94b46951e1
widowx_spoon_on_towel,255,False,False,False,False,True,0.25,0.8333333333333334,60,45,79d50b7c3424b47f7bb436ee41c08683c77690530589a918919cb4d0cc882416
widowx_spoon_on_towel,256,False,False,False,False,True,0.25,0.8333333333333334,60,30,ccc08f1ab522169bda82aa0707861e13203a849ec69327ce59d59867cb7b6ad6
widowx_spoon_on_towel,257,False,False,False,False,True,0.25,0.6666666666666666,60,26,c6ea906ac894bc1ca2c3a989623a5c2243d6f0e8a6eecf66a686fc22beee3365
widowx_spoon_on_towel,258,False,False,False,False,True,0.25,0.8333333333333334,60,39,de8b1e91f37a506d4346f8d6a35c6790656e25c251e44c04971adc66675c89b9
widowx_spoon_on_towel,259,False,False,False,False,True,0.25,1.0,60,45,f58441428c2655ac5bae1fa0c0806bab62ecee248b1ad94ab2e22bd8564ce9b6
widowx_spoon_on_towel,260,False,False,False,False,True,0.25,0.6666666666666666,60,39,715dab0161602188097706914b53fc061c66513d08dc3ec1ecac789988f0debf
widowx_spoon_on_towel,261,False,False,False,False,True,0.25,0.6666666666666666,60,39,a39c2ddffafabf8e73e31e54ebc80a412b98b266037614522fa5dcb129de2723
widowx_spoon_on_towel,262,False,False,False,False,True,0.25,0.8333333333333334,60,43,826d3176c551ff93d408bd37c391aa249e48a55c3f3fe142fa684bc846324871
widowx_spoon_on_towel,263,False,False,False,False,True,0.25,0.6666666666666666,60,32,728bc248ca6b1784def9dda1a3a0eb97c32b9b40d6a0e5da8735dab6f6cf1d80
widowx_spoon_on_towel,264,False,False,False,False,True,0.25,0.8333333333333334,60,42,6bb1d6f2c317d74aaa775ceb0c31344d5520311797a84dd5af7df1b05a9181a7
widowx_spoon_on_towel,265,False,False,False,False,True,0.25,1.0,60,43,8b8e4bb7e6b0069464b5b5cf5372fbf550c29d21522ed148891e348aa1cd6bb4
widowx_spoon_on_towel,266,False,False,False,False,True,0.25,0.8333333333333334,60,37,6af84a9c39ceffc065edd1e15563503f85e06f5b8c0bbd095b1e71f7a190aa20
widowx_spoon_on_towel,267,False,False,False,False,True,0.25,0.6666666666666666,60,37,0f0c6f6c353c7765f8e810350e252fcd5be6ee8939a2864d403e9abab5729432
widowx_spoon_on_towel,268,False,False,False,False,True,0.25,0.8333333333333334,60,38,b2d03e0e5cec483e3d8f46aa7fa764a32f8f26ae2e693228ddc5d1b1963098c6
widowx_spoon_on_towel,269,False,False,False,False,True,0.25,0.8333333333333334,60,37,78bb5b389cbc28162e4c86fa551d000c4c5047aa3b01a700b6ad51585391ef45
widowx_spoon_on_towel,270,False,False,False,False,True,0.25,0.6666666666666666,60,33,101e3184b6f364c96764e1c6dc3d31c6c925cf18cd8846985a9aba31c70557b7
widowx_spoon_on_towel,271,False,False,False,False,True,0.25,0.6666666666666666,60,25,c04e57c83f64b22278c9418661c0c91193938c32667b7bdec6ed8bad2faa2322
widowx_spoon_on_towel,272,False,False,False,False,True,0.25,0.6666666666666666,60,41,5cba72ea897c1b2e8a14ea7a9613e58b851ecc8c93fb9675e6e1817d941a38d1
widowx_spoon_on_towel,273,False,False,False,False,True,0.25,0.8333333333333334,60,37,b885435badf45f9c08295d9f6983a5f4450de8f8003aabafb87e0ef524fe9648
widowx_spoon_on_towel,274,False,False,False,True,True,0.25,0.8333333333333334,60,29,300b20a3cdbd3b683fb21f3f6cefa38fb65be54bb2617ade96933b4a1fd0cc8e
widowx_spoon_on_towel,275,False,False,False,False,True,0.25,1.0,60,41,c68b2cf921ddc09165a31ee40db04421270032c4392d1977cd7ed99bc7de548e
widowx_spoon_on_towel,276,False,False,False,False,True,0.25,0.6666666666666666,60,38,54df503436d60fc0487fecb7b6d44163761c694c362e12ac09ea869d1fe19459
widowx_spoon_on_towel,277,False,False,False,False,True,0.25,0.8333333333333334,60,43,ec2c14921b23f410da4e04720b7a0f2507bac67b432a90cdcad3a92ca0cbdbea
widowx_spoon_on_towel,278,False,False,False,False,True,0.25,0.8333333333333334,60,43,c1f4b591e7bd5d3c1066c19e59f9921287652dc1e4effbbe3afc6b1b72472947
widowx_spoon_on_towel,279,False,False,False,False,True,0.25,0.6666666666666666,60,46,e720e2f596c9263716712441036ddfb7c8e558091752fcfe2163f16435134780
widowx_spoon_on_towel,280,False,False,False,False,True,0.25,1.0,60,41,84ad2fdb38a4370816d05d442986ffda82906841c26b11d4ff8840b13c4e372c
widowx_spoon_on_towel,281,False,False,False,False,True,0.25,0.8333333333333334,60,43,8b855882b90b54ee70c6725a7e9eb370a827f74e3effb0e345dc3f97528fc265
widowx_spoon_on_towel,282,False,False,False,False,True,0.25,0.8333333333333334,60,45,684374a9bb05d255da2e10ab4c9268b31f77b9032082e272137bf3058b9891dc
widowx_spoon_on_towel,283,False,False,False,False,True,0.25,0.8333333333333334,60,43,9d64713a75d0eb1d009bd7b8c6bd0f8f38f5ab75797ff969fd47ea6e8a7b5cad
widowx_spoon_on_towel,284,False,False,False,False,True,0.25,0.8333333333333334,60,44,2798f05559015d496c0d75e959ebad9cc446402030bac5315944c5ace82e0270
widowx_spoon_on_towel,285,False,False,False,False,True,0.25,0.8333333333333334,60,38,6537b5e3b2fdb95d15f31b21eae81822eae8355555f9fbaf5b9de5b5e6f0bc93
widowx_spoon_on_towel,286,False,False,False,False,True,0.25,0.6666666666666666,60,42,c1a5c08004be581f3d15d9f0dee57fc26644bf42eb5d879435b57efb1f140d20
widowx_spoon_on_towel,287,False,False,False,False,True,0.25,0.8333333333333334,60,47,5c7894442fc861a83c3f35a1d6fb83bb716578c031d16be0009f72d4164458f4
widowx_spoon_on_towel,288,False,False,False,False,True,0.25,0.6666666666666666,60,34,77a0d2684e99aa667f42c8b553a6004c5ad843f87753bd6cd3dc77767fe2be5d
widowx_spoon_on_towel,289,False,False,False,False,True,0.25,0.6666666666666666,60,37,0c514f4ff21fe72fb8ad695b2d1d1d458b34fadc72050d797d609da9e7929971
widowx_spoon_on_towel,290,False,False,False,False,True,0.25,0.8333333333333334,60,37,3b049ec57d879b4bcac44ed09bd7dd5f103f12c7e6f74b2cf0b44808ba88ecf8
widowx_spoon_on_towel,291,False,False,False,False,True,0.25,0.6666666666666666,60,36,1bfe8581c2b5369f0588b57efcc94ae9327f3558d56c709e46723ff352583699
widowx_spoon_on_towel,292,False,False,False,False,True,0.25,0.8333333333333334,60,39,fc3c741fbe7118fe33d778e4e90347082d1ac99c56a8de903104c1264a43f136
widowx_spoon_on_towel,293,False,False,False,False,True,0.25,0.8333333333333334,60,39,312799b66cb0fbec4d3a1ea6178e576e3a0d2779037aa35b69d45e337cc94cab
widowx_spoon_on_towel,294,False,False,False,True,True,0.25,0.8333333333333334,60,38,3a9177b8762683e4071f8b0401bc88241fb5ddbbbb3c1a703bba90f078edbdff
widowx_spoon_on_towel,295,False,False,False,False,True,0.25,0.8333333333333334,60,43,83ff25c88648684c7cf7ea7ea951de0000949e01024fb6404c959611eae478c3
widowx_spoon_on_towel,296,False,False,False,False,True,0.25,0.8333333333333334,60,40,ff2d0d239eecb7ff86339489845ff5b2282d99347d62b1878b3d329e450bf1f6
widowx_spoon_on_towel,297,False,False,False,False,True,0.25,0.6666666666666666,60,35,cc19f4f969dcec8c3d8e01ba6aa91a961f841b5c3ac51927604e41ff4d07a74a
widowx_spoon_on_towel,298,False,False,False,False,True,0.25,0.8333333333333334,60,49,7341077d90c5ad2f1051801cc0d7982f9330b167bd665ab28468e8267d62cdb7
widowx_spoon_on_towel,299,False,False,False,False,True,0.25,0.8333333333333334,60,45,0bdd0e3ba1ac70332c0f166238316d5ec7491fa45b9a0c601af3559292334a98
widowx_stack_cube,0,False,False,False,False,True,0.25,0.6666666666666666,60,26,c3ef53abc20357a0c3c32fc913bf1be9e2e57bf0ee9474458db96facf489ac51
widowx_stack_cube,1,False,False,False,False,True,0.25,0.8333333333333334,60,24,a1cc3c29f294642c6951e5d9d034d8fec4515fb94732de1e34a9276596b1c4cf
widowx_stack_cube,2,False,False,False,False,True,0.25,0.8333333333333334,60,35,70f3178e9e13c0946b61d403217ccc9c021ef6ac034503ffe85539c9bd0955d3
widowx_stack_cube,3,False,False,False,False,True,0.25,0.8333333333333334,60,44,5685c23cd945f92d56aa384b3b9ba1877f783beeb3c609757b5c909aada8c665
widowx_stack_cube,4,False,False,False,False,True,0.25,0.6666666666666666,60,38,e7c6ed89b5d2900a53bdfe98daefb498bba3471d9ab1fe9fc33e8285a71fe4ca
widowx_stack_cube,5,False,False,False,False,True,0.25,0.8333333333333334,60,33,d7e9d393cc7cc40e40473d68255fc7871e93665908817abe197c63381a2613b8
widowx_stack_cube,6,False,False,False,False,True,0.25,0.8333333333333334,60,44,cf1be0d2f88cc6be384c5830b00b94fb491b330ede5bbef389137d3b2a36c783
widowx_stack_cube,7,False,False,False,False,True,0.25,0.6666666666666666,60,38,921f3d5afade3cec5ca8657766cb9307ca0141bb18a7cda63398e704fc51d3d2
widowx_stack_cube,8,False,False,False,False,True,0.25,0.8333333333333334,60,33,683cfffae665e9dc36879b2e51674925166c96c2b46d2c424fa337fc254360a1
widowx_stack_cube,9,False,False,False,False,True,0.25,0.8333333333333334,60,42,b47abc658a88e62b86626c9c452af98d85540a6d795d08abc8490e2cf7888fd0
widowx_stack_cube,10,False,False,False,False,True,0.25,0.8333333333333334,60,38,d5ba3178f254dd4b4cae77741013b84f6bb4886a1d333849258339acf1e1f21a
widowx_stack_cube,11,False,False,False,False,True,0.25,0.6666666666666666,60,37,76557f23cf946003a713033c189f4eea9b2af469d72c77cbf8ae052436d6b99c
widowx_stack_cube,12,False,False,False,True,True,0.25,0.8333333333333334,60,30,b84f3fdfa7bf87fd4ccf0ac9a454f79b6ac4048ec2262c45e3fd045ef95c7f17
widowx_stack_cube,13,False,False,False,False,True,0.25,0.8333333333333334,60,34,47ce2f87faa8c038e8911815ff16bcfaf6e2649b940c6a214ab18ef6f69ff8ae
widowx_stack_cube,14,False,False,False,True,True,0.25,0.8333333333333334,60,30,6a507211d62fd41c87d4fb95f5bc3485a19a14f84ee6d02cce7b0121f3b1316c
widowx_stack_cube,15,False,False,False,False,True,0.25,0.8333333333333334,60,35,8e21e2e21ebd02ee5525ab2f880121c9ca426b8373c79e142abe2d0fffc76910
widowx_stack_cube,16,False,False,False,False,True,0.25,0.8333333333333334,60,38,61d0ec5c01417e5b9287c5b4dca9bb4d743f0a7509a2e8bc9486692f4057f6a2
widowx_stack_cube,17,False,False,False,False,True,0.25,0.6666666666666666,60,38,17574c5d27370d427cdf55af486e606331e5062ef78963da91c308872d20271f
widowx_stack_cube,18,False,False,False,False,True,0.25,0.8333333333333334,60,44,73b09392c19e2748c81c52f0afe04f9b3393f1745957152cdc04cc01bfe2d6e0
widowx_stack_cube,19,False,False,False,False,True,0.25,0.6666666666666666,60,38,0a58bfd3ffb91a7a5436582746a17c2376deb1701c6e3b363847442c15186db6
widowx_stack_cube,20,False,False,False,False,True,0.25,0.8333333333333334,60,33,a23271dcee6714addba76d56388ecc80449b7461b40fbb96de0a18ae6e5b50c0
widowx_stack_cube,21,False,False,False,False,True,0.25,0.8333333333333334,60,38,789f46841b6d18ab1def3a343cdf7199cf3e9d945209eb95463e5ffafac13ebf
widowx_stack_cube,22,False,False,False,False,True,0.25,0.8333333333333334,60,42,eaa8d6f8c2cc31903cede851bedf84b60824aee9bbfb497251f827e947a1cce5
widowx_stack_cube,23,False,False,False,False,True,0.25,0.6666666666666666,60,31,2812f41568b38334f4164de311a2126516f9ada03cfa2c7d0fcff1902545f193
widowx_stack_cube,24,False,False,False,False,True,0.25,0.6666666666666666,60,46,d42a0fb75f95d5e83f94e348d11de1e6172bbe2b8d3e01b3707fbb57567cb760
widowx_stack_cube,25,False,False,False,False,True,0.25,0.8333333333333334,60,43,9f3c76659814dd4b2aaefaec822cd0924a40e9e058004b58aadffac9ca6f1e9a
widowx_stack_cube,26,False,False,False,False,True,0.25,0.8333333333333334,60,42,2e1ff1ac51c5b4a20809d7ffd90bb595082d8e469302c144e0f905312b66fe85
widowx_stack_cube,27,False,False,False,False,True,0.25,0.6666666666666666,60,31,451f84e094b389cc5f69978a808b2e280c8791006303658077b411373e41f361
widowx_stack_cube,28,False,False,False,False,True,0.25,0.8333333333333334,60,35,80d35bfa10a2de3020c02bbc90e6578816d7df0e3b3340d3885cd2d9659933cd
widowx_stack_cube,29,False,False,False,False,True,0.25,0.8333333333333334,60,42,b63f899b9f59e7076f06f86d0e9760240fe67a71765f65c30dc905aec8d9c288
widowx_stack_cube,30,False,False,False,False,True,0.25,0.8333333333333334,60,24,f7ee69524547f2e53d9978f3f62e8cc552b064a90efe9e5a8cf7cf31c5cb07d7
widowx_stack_cube,31,False,False,False,False,True,0.25,0.8333333333333334,60,34,1dc30086fffea73fa75dd81b7893f38fbde89d0635301d0089c0376219686023
widowx_stack_cube,32,False,False,False,False,True,0.25,0.8333333333333334,60,42,178f2844cedfd342e8ff8eb72b693a2bf55e8f866708ea2a2e3b9d2d1d36fc25
widowx_stack_cube,33,False,False,False,False,True,0.25,0.6666666666666666,60,36,bfdd65890430192bf939b25509877d64ffca05c015857afc2ea21b9f3b1dd4de
widowx_stack_cube,34,False,False,False,False,True,0.25,0.8333333333333334,60,35,728597982e1ef23ca76e43184cf771befe489bcf566b04a6278e1654e454fd43
widowx_stack_cube,35,False,False,False,False,True,0.25,0.8333333333333334,60,38,ff0219b3661c47872e8aa0a6e256954ec572a8f049640467cbb97e0a3b92d6d9
widowx_stack_cube,36,False,False,False,False,True,0.25,0.8333333333333334,60,24,92445f82ab272b342e59c571d26e67585f65675ca53ff8e88009f956ec7f16e3
widowx_stack_cube,37,False,False,False,False,True,0.25,0.6666666666666666,60,38,e1f94c49e125eaa60dce2c640dddd12719154638c1b45e1ba5ac8b74487bb95b
widowx_stack_cube,38,False,False,False,False,True,0.25,0.8333333333333334,60,35,9eb2a7747c20edd07da2dc66fe4c05d6c8b52a42109f80cb9d451b8165bfd8c5
widowx_stack_cube,39,False,False,False,False,True,0.25,0.8333333333333334,60,38,67eaa32a53437860b0f81a1b321e2a9ae7197e2b85a880775f015bd92437324c
widowx_stack_cube,40,False,False,False,False,True,0.25,0.8333333333333334,60,33,2f02c2fa63b31952f3d687ef8a80f8ac1808f243b9b73324d60feec69a95b0c6
widowx_stack_cube,41,False,False,False,False,True,0.25,0.6666666666666666,60,40,11080315158f79a2472c23164c9c1a3faaa1d72fd583a875ac1571a0bf0706a3
widowx_stack_cube,42,False,False,False,False,True,0.25,0.8333333333333334,60,33,024ce8ddc39de9c872383b4e210c826efc561ee0b6c2c135f2de23e1dbd757c4
widowx_stack_cube,43,False,False,False,False,True,0.25,0.8333333333333334,60,43,06b7630cbfcf427c4376f3a7b1d0e416fec012defeef01af36292cafcf6f4f0f
widowx_stack_cube,44,False,False,False,False,True,0.25,0.6666666666666666,60,36,676b65ba473953b1e4c7ba2c6bbf5c7a6e09b3e0722a835df00123fa68d1b688
widowx_stack_cube,45,False,False,False,True,True,0.25,0.8333333333333334,60,30,ff1e73e3dd97e1d2d09cab315e95ed4b5b4217fc7c1124ccecefb0edb9a650d0
widowx_stack_cube,46,False,False,False,False,True,0.25,0.8333333333333334,60,24,4607b004b2725e18c4d064be0f5a1b94e6ba6905c82ce089ec3f425d8e83101b
widowx_stack_cube,47,False,False,False,False,True,0.25,0.8333333333333334,60,41,f774ebb8b9fd4bb0a33b2a59b68e61a80a925e3513f17ddcba51f35d9219e521
widowx_stack_cube,48,False,False,False,False,True,0.25,0.6666666666666666,60,40,83bd2277f1a3d349b91817d2cc47fe41cd12dc9445a046cf355447e5c117dac8
widowx_stack_cube,49,False,False,False,False,True,0.25,0.8333333333333334,60,44,c8b99fee9a6962e206889bd47a33753b8c20789c05aacc47b1a480a636d1550b
widowx_stack_cube,50,False,False,False,False,True,0.25,0.6666666666666666,60,37,4909a8fddf1e830e62e3dbadb4d39baf30c0ce7561d77bab935d0ee86d43a30c
widowx_stack_cube,51,False,False,False,False,True,0.25,0.8333333333333334,60,24,a6564caee24a3c0f8d29b00ea6b8ece5ed5e36ae936e6985b333351dbd3d3a49
widowx_stack_cube,52,False,False,False,False,True,0.25,0.8333333333333334,60,42,43d70afed06e4e93a411d966ba311394830bf411c477509d3aab4f8205e41f72
widowx_stack_cube,53,False,False,False,False,True,0.25,0.8333333333333334,60,42,4de8df80710cdc094a90be7dab76e8e8e27959113167f044e4a94088b7477404
widowx_stack_cube,54,False,False,False,False,True,0.25,0.6666666666666666,60,38,88435dedae5306e75b670eaa2f7d75c532ef5bd47eb0473571c027b4ce8feb84
widowx_stack_cube,55,False,False,False,False,True,0.25,0.6666666666666666,60,35,c9fb36521f57a8db7fb23a15a479c66afbd3d2ca17e86b0da4282f2dcf1cdc9a
widowx_stack_cube,56,False,False,False,False,True,0.25,0.8333333333333334,60,42,d37cb3166f6bf991a396794eaf9b77c65c644af5ec8e1e13553d0ef0604c1bd3
widowx_stack_cube,57,False,False,False,False,True,0.25,0.6666666666666666,60,38,e3c3528a4e182a2306e82f0e10021207ba027ac8477e6dcc52bb6e4623ae11e7
widowx_stack_cube,58,False,False,False,False,True,0.25,0.8333333333333334,60,33,7190df6784c81e676d8c0f2f4ae128e5e23e3cb90dfaf2518e2bc1abaa0104f6
widowx_stack_cube,59,False,False,False,False,True,0.25,0.8333333333333334,60,49,abc6f2dbaacd490b98633c92cf3f2326ef6c57a6ac5bdeef780c29174401551c
widowx_stack_cube,60,False,False,False,False,True,0.25,0.6666666666666666,60,35,021d967b6945ce91963442f98081ca6729c4f7b4f89e7a2ceb51d5d18205d576
widowx_stack_cube,61,False,False,False,False,True,0.25,0.8333333333333334,60,33,9050c699cc9652b3ba3750c85a5f87eaba5d17091f2620982de75628352855d7
widowx_stack_cube,62,False,False,False,False,True,0.25,0.8333333333333334,60,34,808ab63a218cf2ddccedf64d5cbc1b227d8a9b9420d500f8bd91516e9488684f
widowx_stack_cube,63,False,False,False,False,True,0.25,0.6666666666666666,60,26,c1e1f1c34ae212cf7bcf881f0dbd7dbfd64444a54ec53f2f016cd25fd2d873af
widowx_stack_cube,64,False,False,False,False,True,0.25,0.8333333333333334,60,43,589c8f878e8a36c4febe41601e7443f8e4f7afe9f886f0d4812f53b2c30f31df
widowx_stack_cube,65,False,False,False,False,True,0.25,0.6666666666666666,60,38,f36d7e44d9dab4a0a912e26feef552b14f25648f7e08590cf5010bb10ce96e30
widowx_stack_cube,66,False,False,False,False,True,0.25,0.6666666666666666,60,36,12e080ac9ee26dc6b29857bee6e5532e237b8302a28adb04a60222d65cdb8c98
widowx_stack_cube,67,False,False,False,False,True,0.25,0.8333333333333334,60,33,a96dde8c9d4a698faa0630fa9f87e632c9fbd01f0abc441d5fde91159fe564c0
widowx_stack_cube,68,False,False,False,False,True,0.25,0.8333333333333334,60,34,e38268af30d9c3c2b4e5645ab0cf5ae68d969ff75bb184c086db020122f7548e
widowx_stack_cube,69,False,False,False,False,True,0.25,0.8333333333333334,60,37,f4f5bfca774b1e671003ca5166c5736fec6b5b50f20df7b79cf476e7973a396b
widowx_stack_cube,70,False,False,False,False,True,0.25,0.6666666666666666,60,38,b15fadc06f71e110938a930665740e8b4adda895c242440afb9d80444df1a04b
widowx_stack_cube,71,False,False,False,True,True,0.25,0.8333333333333334,60,30,fb79a9d3b5c407677ea66515e549db92f1bce6436823b32f614eabdbd5ebe0e5
widowx_stack_cube,72,False,False,False,False,True,0.25,0.6666666666666666,60,31,28652f53c2e738539afc582b40dd28322b1390d4eb0819121c916a633b02288f
widowx_stack_cube,73,False,False,False,False,True,0.25,0.8333333333333334,60,37,610c1c92e4fee4cf1a41cb37c912b9001e0fb12522df021b5786ae2adec0549d
widowx_stack_cube,74,False,False,False,False,True,0.25,0.8333333333333334,60,38,6659b627c6e1a4884868578206daccac025acc6ef3af697c3ad33ec9148c194b
widowx_stack_cube,75,False,False,False,False,True,0.25,0.6666666666666666,60,37,754daab364241641548885a93a0155d576af06f74b98ac2ca13491344926c83e
widowx_stack_cube,76,False,False,False,False,True,0.25,0.8333333333333334,60,35,1f0b2ca8307ca148098f52f0f6680c8a6721a2307de154c6658b073eca685588
widowx_stack_cube,77,False,False,False,False,True,0.25,0.8333333333333334,60,42,1b29a4e0975c230f575de7c7eaee3c08ca64d94a21e397601414f43d9c4ad6c0
widowx_stack_cube,78,False,False,False,False,True,0.25,0.8333333333333334,60,24,f6c668119d5aefc66a2728865947cb576501102ce38e8369b25286d251fc0d78
widowx_stack_cube,79,False,False,False,False,True,0.25,0.8333333333333334,60,42,900a797d5da11a5f665c4a5b35b1e9d665d3b1bcb1041706bb5088150874a206
widowx_stack_cube,80,False,False,False,False,True,0.25,0.6666666666666666,60,38,399259a8143118663df6887b12961d0a7e88eef2eb9a83cf4738357902bcaafe
widowx_stack_cube,81,False,False,False,False,True,0.25,0.8333333333333334,60,33,640501389d9072af52aa42c9e53202a1a15a3ce6c07ec31144e0525ffc2d79f2
widowx_stack_cube,82,False,False,False,False,True,0.25,0.8333333333333334,60,33,eafbc4d8aaaf14ce7dd98a2ca579f11c01e5b52e6f3674bd817b23ea73f9d3e7
widowx_stack_cube,83,False,False,False,False,True,0.25,0.8333333333333334,60,34,dd378388ce1fac7fe5d81b3780d41bbdc9cc8ccaa1b95b9561cb4d81f9be9934
widowx_stack_cube,84,False,False,False,False,True,0.25,0.8333333333333334,60,44,1ce351a5f42d75abc218597a8713bad13f390a381f57dd5d73908aafed1be75c
widowx_stack_cube,85,False,False,False,False,True,0.25,0.8333333333333334,60,44,2dd0ba1c9780d2c82389446e78dc1db557de28b5f92bbfb76e1558f058db2858
widowx_stack_cube,86,False,False,False,False,True,0.25,0.6666666666666666,60,36,70230f766c05d79f1c54380d4c9034185e90d1a95f0c7ba1933be35c8fea763f
widowx_stack_cube,87,False,False,False,False,True,0.25,0.8333333333333334,60,33,2ee21d500e29ccb12b9708911e12d30fd1696c39edfdcd5ecbe08b6a0367f883
widowx_stack_cube,88,False,False,False,False,True,0.25,0.6666666666666666,60,40,3aa45967e6ce93ec799fe3cfad0b5a2f35a0da3416c5abbbe438015166d35e35
widowx_stack_cube,89,False,False,False,False,True,0.25,0.6666666666666666,60,31,e79a677c3f2298b37fe54e0f855b27f3bc9059af1d66f4f27f6ce3ee70f4c408
widowx_stack_cube,90,False,False,False,False,True,0.25,0.8333333333333334,60,34,5f3440aa8e191dc1e8fa20d6c32c6b50e8b3718e31be388e5a99148c11ecd0da
widowx_stack_cube,91,False,False,False,False,True,0.25,0.8333333333333334,60,34,ebb69300f75f5cbf760599260b37f794a36a50c3cd8d97c6dee6bd7545dc7236
widowx_stack_cube,92,False,False,False,False,True,0.25,0.8333333333333334,60,44,7fa8b475511919430878aa66427b2848d710c084a30b72ea097a9df86235aa5c
widowx_stack_cube,93,False,False,False,False,True,0.25,0.8333333333333334,60,24,fd00f594ba355ec1f77f4943e20152daa9971c595b3eebf8d12d49c955acfb0a
widowx_stack_cube,94,False,False,False,False,True,0.25,0.8333333333333334,60,34,dc91f87d542ec6772a6ad992346835a40f0392f5f03891e1382814a1242cff98
widowx_stack_cube,95,False,False,False,False,True,0.25,0.8333333333333334,60,37,8e90dad8f51b934700f614dfa7cb3bed7d88adde29bfbb4dddc433707dc098aa
widowx_stack_cube,96,False,False,False,False,True,0.25,0.6666666666666666,60,36,b7637a3ba097a76404b8e199e135cc84c080ba6ec6e4c0d609d4301d20adb967
widowx_stack_cube,97,False,False,False,False,True,0.25,0.8333333333333334,60,33,f13944b9370e2bfba4135f4142123cce01b611fb72af7c7d66efab52570d244d
widowx_stack_cube,98,False,False,False,False,True,0.25,0.8333333333333334,60,44,a758ad6eced61d314c289635acb4db98429b87715717cddd25fa6310244b5a9a
widowx_stack_cube,99,False,False,False,False,True,0.25,0.8333333333333334,60,35,dd74e4b9627ddac659f939ee582c40e216c5c3f150d3a6f5740abe99f30203f9
widowx_stack_cube,100,False,False,False,False,True,0.25,0.8333333333333334,60,35,298412904553005b49aa449ebdb38cc5b4a2aae87fb75b313ff49083aad0a27c
widowx_stack_cube,101,False,False,False,True,True,0.25,0.8333333333333334,60,30,633f9be34463c78bbbb55f531b6bc72ba27162c0409b751f1e8b1f02a617871e
widowx_stack_cube,102,False,False,False,False,True,0.25,0.6666666666666666,60,40,ad2387299db0773cf60c7db0aec1942c1be8959abb965985f4b6f1db9b473096
widowx_stack_cube,103,False,False,False,False,True,0.25,0.8333333333333334,60,41,b53440e062a6bb2ce6d31d54a482d01fcb9512e20b1abb029cd1da3d741b2e76
widowx_stack_cube,104,False,False,False,False,True,0.25,0.8333333333333334,60,24,d9ed977edc11e6d96d3a9cbcd479a1d21c293b3e11bc563a0e050bbd74df07c3
widowx_stack_cube,105,False,False,False,False,True,0.25,0.6666666666666666,60,40,9502813a9f4116a38c8430106966905d2c519fa9009c8098d9e7eb40ca20c511
widowx_stack_cube,106,False,False,False,False,True,0.25,0.6666666666666666,60,38,1588bb5c049af35dcfbb02c2444245e7a97743e365e1733d397a137b78f09cc5
widowx_stack_cube,107,False,False,False,False,True,0.25,0.6666666666666666,60,37,a57e2d6abdc50ea7e8733a4423540956f9fdab6a613a6fbdfd21eb2e2a9ff163
widowx_stack_cube,108,False,False,False,False,True,0.25,0.8333333333333334,60,33,3b61af05cdd630fca716d95c844900b37f2f2b55cf0eb98a23d1595e8c1f7cce
widowx_stack_cube,109,False,False,False,False,True,0.25,0.8333333333333334,60,33,a4f1dd496077e632496e7cf3f355fb06cb12fe0538c5fcca530f52be5eec6ae2
widowx_stack_cube,110,False,False,False,False,True,0.25,0.6666666666666666,60,40,1b3dd689ae1e3717a6c74899b1478602a6748518dd72d2392b10c5fd8c7f4c49
widowx_stack_cube,111,False,False,False,False,True,0.25,0.6666666666666666,60,36,4f0e3475b86d121712c6b2546ceaa2d3369dd79f65be21cf80aa98e0a0285431
widowx_stack_cube,112,False,False,False,False,True,0.25,0.8333333333333334,60,43,0cca8bb454b027290921b59f5bc434e881b0c9f0d4fac1d7ed9d58230c239c06
widowx_stack_cube,113,False,False,False,False,True,0.25,0.8333333333333334,60,24,2ad563467fc6e6934325756b2a0a81cbfce41fb26a53ce792a147c93ea5bee52
widowx_stack_cube,114,False,False,False,False,True,0.25,0.8333333333333334,60,44,69f7718677ab69b7eaa269b9f6132b8bb315e905a142d7343ce2d96926de943e
widowx_stack_cube,115,False,False,False,False,True,0.25,0.8333333333333334,60,34,b31f3b58176ea700e291758a170f522a1d168aedc03efc8bddf55e14d42d68bf
widowx_stack_cube,116,False,False,False,False,True,0.25,0.8333333333333334,60,42,e88c6b39a3102ff835ee29aa4e0a39540630745466dcca525f5632793fcf87d6
widowx_stack_cube,117,False,False,False,False,True,0.25,0.6666666666666666,60,38,7a8bbcff433e13ea5a9a5de9d461da914993c02ed9e03b08b1973c468eb76f87
widowx_stack_cube,118,False,False,False,False,True,0.25,0.6666666666666666,60,40,11bfed53e633cea8cd96506f587ecfd63beecf107ea1b9f46aa60dd6d8cb32de
widowx_stack_cube,119,False,False,False,False,True,0.25,0.6666666666666666,60,46,b33d446b5ee84d6085e603d92990b6aee0eafd28c7cd629dd71942628f4aa8c7
widowx_stack_cube,120,False,False,False,False,True,0.25,0.8333333333333334,60,41,f99c398ea3ff84900af66d1ef1281dffa05142b4d48b0af333518932083b3334
widowx_stack_cube,121,False,False,False,False,True,0.25,0.6666666666666666,60,46,c4b7dd796f582e05d457226bd72c209246d43e65e1a725484b76c3af375a5be8
widowx_stack_cube,122,False,False,False,False,True,0.25,0.6666666666666666,60,38,99c740fbff563e3ff495058339e894dbb5b37b472343cc53dbee14f92348aceb
widowx_stack_cube,123,False,False,False,False,True,0.25,0.6666666666666666,60,35,0723de9425a7696ac091ebc271cf0c7165b36010cb2a3ca73e33d0f32dbff8f6
widowx_stack_cube,124,False,False,False,False,True,0.25,0.6666666666666666,60,38,a73aa9e8e28c1dc868904ea71dbaa2fabd858c6c58cd10eae36d3d90f44700c7
widowx_stack_cube,125,False,False,False,False,True,0.25,0.6666666666666666,60,46,b203890238a2e45845d3aecabd6a090b9fbd8c1673468413df8c31767f926de5
widowx_stack_cube,126,False,False,False,False,True,0.25,0.8333333333333334,60,33,baddb5890f6d23905e89fcdefb5688cf0bcc9712b809303513c1746a6222d3f5
widowx_stack_cube,127,False,False,False,False,True,0.25,0.8333333333333334,60,38,eb62fc06f042a81e460415c859381b0e036473d0aa163f9f3c3920b61bd16069
widowx_stack_cube,128,False,False,False,False,True,0.25,0.8333333333333334,60,34,b0c170b0e510d90b4a837b44ec779b40de33872f01e7a7582d0df22defd7b566
widowx_stack_cube,129,False,False,False,False,True,0.25,0.8333333333333334,60,41,c84ada8323ee69142a69e54d439c878113c893e1e6152cbe2061a9ac71d932db
widowx_stack_cube,130,False,False,False,False,True,0.25,0.8333333333333334,60,42,dd96ea48e1217c3d03a97952e1809a4bd1661481d4b3144c00e9c353041d683c
widowx_stack_cube,131,False,False,False,False,True,0.25,0.6666666666666666,60,31,1656e3d5068a355e94e6910c8ac71469c91e55cf4262f2785c2625c58beb8e21
widowx_stack_cube,132,False,False,False,False,True,0.25,0.8333333333333334,60,35,e0258beb667ad9dd443b3361118bc4ac8a886f65607440d4c56357c69f9305f6
widowx_stack_cube,133,False,False,False,False,True,0.25,0.8333333333333334,60,35,4731d0e7117bb4cf2b0e0defc81245f917fdb4cb64052dbf72654da979277175
widowx_stack_cube,134,False,False,False,False,True,0.25,0.8333333333333334,60,33,c8fddb69134f78d7d09da3872cf998ab90081b8454ad7e1dd1786c0cccb13f05
widowx_stack_cube,135,False,False,False,True,True,0.25,0.8333333333333334,60,30,8f22b330fd7b7ea3dfd2fe32d13b3cd88ee8d3d9fd772f87a0eee8bb78f64e7e
widowx_stack_cube,136,False,False,False,False,True,0.25,0.8333333333333334,60,38,d92eb5d808a373c9e4104eed92a2257dbcc58e8f7f0708e0c71e10a400ffa433
widowx_stack_cube,137,False,False,False,False,True,0.25,0.8333333333333334,60,33,a7b37bc6f9f6863d1089d204f3f61dd2eb77b9c9390305e9aa14a58b81146897
widowx_stack_cube,138,False,False,False,False,True,0.25,0.8333333333333334,60,38,9b2581d4dd4b293a7a88497cd5be130e9a0f6a126decc2ccbda8025766d32909
widowx_stack_cube,139,False,False,False,False,True,0.25,0.8333333333333334,60,43,e45c7547c006ad5b5a9f6cc69d4ce6d4dd14ba231f00c6d75fdc8201e52ce10e
widowx_stack_cube,140,False,False,False,False,True,0.25,0.8333333333333334,60,35,bd0e6a89c8c85b609686b2b8e632eb9212825ac544e83573a17030e4d85eebd7
widowx_stack_cube,141,False,False,False,False,True,0.25,0.8333333333333334,60,37,91561e15be9a12589cb62b052bbd9f15e110741b61917ce3f2788392578b3538
widowx_stack_cube,142,False,False,False,False,True,0.25,0.8333333333333334,60,42,766008ab9aa660611184e96a283a96f5ec3c9373935dccffab81b4c9a73b4fb0
widowx_stack_cube,143,False,False,False,False,True,0.25,0.6666666666666666,60,38,ffe59aff2fbb9e09cc76246ee945f408629f1409387c73f0c6ad9cd380cbc7ae
widowx_stack_cube,144,False,False,False,False,True,0.25,0.8333333333333334,60,41,2dac264c66e2e53d20baac92f67537f408143c8f8fd30900b25f2c7e23b667bc
widowx_stack_cube,145,False,False,False,False,True,0.25,0.8333333333333334,60,42,8f44843e312ef769cf51c57ed13691b84da588f5cf523df0c03748298632ebc3
widowx_stack_cube,146,False,False,False,False,True,0.25,0.6666666666666666,60,46,127f9cce3184a6d23f6f0c91098234588fde40c0999f94855341af6a3e289fd7
widowx_stack_cube,147,False,False,False,False,True,0.25,0.8333333333333334,60,37,0cb5bed0635206d42add9ec67aa3da85a63e3ecf5ce6823d56e429720c573754
widowx_stack_cube,148,False,False,False,False,True,0.25,0.6666666666666666,60,31,6523e4c87a0c36061a61378e566f319d7cf62a52a69e6d9a5da79d0e88a40b48
widowx_stack_cube,149,False,False,False,False,True,0.25,0.8333333333333334,60,49,820f696daccd9d96ac9afd1fce0537d22c03afe91043198a9610801ca26de7a4
widowx_stack_cube,150,False,False,False,False,True,0.25,0.8333333333333334,60,43,4340c30af700198a8d45fed3a589df579505030e5f80a1afa6a1022f2fa66696
widowx_stack_cube,151,False,False,False,False,True,0.25,0.8333333333333334,60,42,826eafc380cf561c37e5358d7cb2c1ab6fcebb758eec5363d7bac5c60c513cd4
widowx_stack_cube,152,False,False,False,False,True,0.25,0.8333333333333334,60,41,432faa231cf089bf1dea4e477b62ab37fbc498fc8dfd29dabb25991adeec2a8d
widowx_stack_cube,153,False,False,False,False,True,0.25,0.6666666666666666,60,40,20f1581e03db2ed11f6612dc2713dded123415ac6e12930244330e88b9f68f36
widowx_stack_cube,154,False,False,False,False,True,0.25,0.8333333333333334,60,38,e416df786e6a4f43a6062a85f69db5f4b68b3e97ac51cfc23ad5da117325187c
widowx_stack_cube,155,False,False,False,False,True,0.25,0.6666666666666666,60,36,6235c4999d7781ab49dcb28801d7ffc391d9a23a22f2df1dbf1a611e6ed8e45d
widowx_stack_cube,156,False,False,False,False,True,0.25,0.6666666666666666,60,26,4c4b8c1b876ea9f573c1c0001c75a08b76da8ca5b2b43cd8d31274d098e1167c
widowx_stack_cube,157,False,False,False,False,True,0.25,0.8333333333333334,60,35,fcce3d3371846f196118ae8786274050a703a3dbaccb58dbb5ad93a6d6b710ed
widowx_stack_cube,158,False,False,False,False,True,0.25,0.6666666666666666,60,38,d21af3767ba1a3cefaa8583a2039edc2cdddf6900ac24431e507745a3ce93f9f
widowx_stack_cube,159,False,False,False,True,True,0.25,0.8333333333333334,60,30,73e3d689e5e5b3404f745924c99b4f64a195613936fbf239e9aafa329bf14b1e
widowx_stack_cube,160,False,False,False,False,True,0.25,0.8333333333333334,60,35,8c4ddd09fc0b3d5c4c5bd18cf1acdeb565a5d93a9299ec747b20334b4c8968e8
widowx_stack_cube,161,False,False,False,False,True,0.25,0.6666666666666666,60,38,bb3744edefbcb7372562ae06181820896d407db761a61ad1477e1d75ff4c6d1c
widowx_stack_cube,162,False,False,False,True,True,0.25,0.8333333333333334,60,30,ce23bd30592734ece661d16bcecd106ab5730df5c2cf92d733a65aaa2f4fc92a
widowx_stack_cube,163,False,False,False,False,True,0.25,0.8333333333333334,60,35,c5415d58b90db201f1e96c7443f375fbc575d3592d87f0fa7f433a198290b103
widowx_stack_cube,164,False,False,False,False,True,0.25,0.6666666666666666,60,46,3efd3f82227a9bc0114b5f408b6c9c3e4374e3772a6f7ce11ce50d8b8d819020
widowx_stack_cube,165,False,False,False,False,True,0.25,0.6666666666666666,60,40,e9308e7e9334dafb593cebab20e2355344810759bb56a020185ee41fb9d9878f
widowx_stack_cube,166,False,False,False,False,True,0.25,0.8333333333333334,60,24,02c0b3ee36f02b80226bf50d0c92327c569f115d5dc27ae6871d6301fa3b5770
widowx_stack_cube,167,False,False,False,False,True,0.25,0.8333333333333334,60,35,37682fc71e2c3daf538ec729af8d804b7868b578b705631d023d57959099fd14
widowx_stack_cube,168,False,False,False,False,True,0.25,0.8333333333333334,60,42,ad88046fa436e1f8532d63efc4126456225df72239be507a656c4b8f843a2977
widowx_stack_cube,169,False,False,False,False,True,0.25,0.8333333333333334,60,33,e17ef09e090fa3e0f6c62da3f47d0ded427866810bdd75954d2b3a2e9acefd30
widowx_stack_cube,170,False,False,False,False,True,0.25,0.8333333333333334,60,41,b370cb948e74ba08eeae00db57f3bd1815c79f9e3899531b89d017caff943d42
widowx_stack_cube,171,False,False,False,False,True,0.25,0.6666666666666666,60,37,df606d1ce4178913e1dedcbf753b001026df9201d12b90f83310085678b61b0c
widowx_stack_cube,172,False,False,False,False,True,0.25,0.8333333333333334,60,38,5fbe2f6361b051b263c56b05a2a920cc278e8b0b9b5447859882b0273520529c
widowx_stack_cube,173,False,False,False,False,True,0.25,0.8333333333333334,60,24,21083080cea73c099aa3d6cad8ce89ebf3dbd91487e7dff2f8272adf228b009e
widowx_stack_cube,174,False,False,False,False,True,0.25,0.6666666666666666,60,35,c1ad29656e5e2d06a9ad3d9a117164087d92c9dee2607ad95950ffc0e2aa07a8
widowx_stack_cube,175,False,False,False,False,True,0.25,0.6666666666666666,60,36,ffde1a853b59533005c435daea6000e66523c2959f0f5b2e64ec62e62ab09659
widowx_stack_cube,176,False,False,False,False,True,0.25,0.6666666666666666,60,40,d9582ee939060e333341c05dd04ff22ed99fac515fb0392f9342b9193374a16b
widowx_stack_cube,177,False,False,False,False,True,0.25,0.8333333333333334,60,49,386781f2af3a3744031b5feef498e0dd4491f3b59c80e5e50230936776820ae6
widowx_stack_cube,178,False,False,False,False,True,0.25,0.8333333333333334,60,37,6163615e2fa7df4f5b46195bbb170a57bfc0fc00a70f035d1ce4bac98e366ceb
widowx_stack_cube,179,False,False,False,False,True,0.25,0.6666666666666666,60,31,caa3f3c5347fa1567ce453b7584c1cd5d6ea5f2977148c214adc82ade6dcb6bb
widowx_stack_cube,180,False,False,False,False,True,0.25,0.8333333333333334,60,49,41e1962b9b6098344f6bd29a7cee2a1c01c6aaf2437a18dc21a1a4fd01a2efb0
widowx_stack_cube,181,False,False,False,False,True,0.25,0.8333333333333334,60,35,57dc577f27ac9a16f627e881574919361d8c3cf4f0924bd1ebfc721f48b3b17c
widowx_stack_cube,182,False,False,False,False,True,0.25,0.8333333333333334,60,35,b3b6c33d9d272c42aec504d6ec5387c207496f1c87595aec1d05425328a7db10
widowx_stack_cube,183,False,False,False,False,True,0.25,0.8333333333333334,60,24,9422a31de661b24f50f33ed67124f53d6294c103d9b0095f44e02a0c1b24b748
widowx_stack_cube,184,False,False,False,False,True,0.25,0.6666666666666666,60,38,cf7fd660dd7df052d7d0e3dc4c7a753620e3a455a5fbfb538dcd196d92072007
widowx_stack_cube,185,False,False,False,False,True,0.25,0.6666666666666666,60,40,004367e5a05a89e9dcd5c5f7de366424abb3c5a52eac98803b0b6656803daacf
widowx_stack_cube,186,False,False,False,False,True,0.25,0.6666666666666666,60,35,850a3da74ec5585771aa47006d71ea8f57063607c7a1a786612dd45f378d90ef
widowx_stack_cube,187,False,False,False,True,True,0.25,0.8333333333333334,60,30,db723c6c361eab0ccb021057848785b245dd367bf1e939be036cc54723a53100
widowx_stack_cube,188,False,False,False,False,True,0.25,0.8333333333333334,60,34,69f8b0dab70f6e8c89a10e9a90199918c7b6e4a93052553a9adc4ac158c8e4c3
widowx_stack_cube,189,False,False,False,False,True,0.25,0.6666666666666666,60,40,97723fe57588e464a0cecd6bb19dee950454f2b1a08864425cab68c416d1af05
widowx_stack_cube,190,False,False,False,False,True,0.25,0.6666666666666666,60,38,d77402c319a4fa41f42c0df67be07783d0ca31d2d114d80c51b9fb0571b5753e
widowx_stack_cube,191,False,False,False,False,True,0.25,0.8333333333333334,60,49,5bab753857918dc645049dd360997f95eee033f2f5ecdedd9d08a4942faf4337
widowx_stack_cube,192,False,False,False,False,True,0.25,0.6666666666666666,60,46,458283792390d2d50d7bda480119da1becea012fd2dc3b9a2a78eb82bb80cef5
widowx_stack_cube,193,False,False,False,False,True,0.25,0.6666666666666666,60,38,8a807d2d1c01477708813923974ebc847e3da4125b9c179aa2d621747f803059
widowx_stack_cube,194,False,False,False,False,True,0.25,0.8333333333333334,60,35,6c51cda8568840e6c059e2fb117fd4f326ca75b53bf5f08fe7f2413f8d2b81da
widowx_stack_cube,195,False,False,False,False,True,0.25,0.8333333333333334,60,38,d31841202c41feb5f92759d0bd54997f928d6c47640191658ea709781179e2e9
widowx_stack_cube,196,False,False,False,False,True,0.25,0.8333333333333334,60,35,3f4c97cb7f896b4ca939146d6ca2f2bcabd40884abc71887343ab87fbe0fbadb
widowx_stack_cube,197,False,False,False,False,True,0.25,0.8333333333333334,60,49,e5a4eb55a3d253d3771be9a82af465227c94caf2c2718f1e4666e92d04288024
widowx_stack_cube,198,False,False,False,False,True,0.25,0.8333333333333334,60,41,20b209e5993d31e9f8e8c5b875cde3e9db6d4a7ad438d3f1194111394a815ea4
widowx_stack_cube,199,False,False,False,False,True,0.25,0.8333333333333334,60,43,49fb7ecad85dc19b921243ced6cafd11ff8cc2077e889e64e95a5212b6ba241b
widowx_stack_cube,200,False,False,False,False,True,0.25,0.8333333333333334,60,38,c050c77c7f548dfcaedf4bb56949c3fb01f13ca69bcb067945d0c2338277a8b7
widowx_stack_cube,201,False,False,False,False,True,0.25,0.6666666666666666,60,40,2dec94434270fd7d448fcf8699b9edc1c60a6c4abc3465638103778b8ab2c345
widowx_stack_cube,202,False,False,False,False,True,0.25,0.6666666666666666,60,31,868dd88d270833631f67cc67a178cb48660bfc3b4467694f352eb9870874fba5
widowx_stack_cube,203,False,False,False,False,True,0.25,0.6666666666666666,60,26,daca2e31e785663af177e3e64737e6f2e1b7a97945548f0a39dc01261d219415
widowx_stack_cube,204,False,False,False,False,True,0.25,0.8333333333333334,60,35,f595b0b7331055e1b735e69438c1d46da4a09c8c4ca1cd2991c245ba6b26e6e4
widowx_stack_cube,205,False,False,False,False,True,0.25,0.6666666666666666,60,46,0dce3c4e08dd378cf4b107909fa901a70326d87e1098a2d88e26886bdf83ac44
widowx_stack_cube,206,False,False,False,False,True,0.25,0.8333333333333334,60,42,2ec621187229a171ea455a51af3dd2b430efc26a55f3821fa91faaa91e471126
widowx_stack_cube,207,False,False,False,False,True,0.25,0.8333333333333334,60,33,68d538ae59cdf7c76fc250a0111cfc7cd4be5bd3093c44a9fc6723a5d24bb131
widowx_stack_cube,208,False,False,False,False,True,0.25,0.8333333333333334,60,33,e0e71fb64d00d3a6fa6282b26f51b8358cfc47a5c7bb7a0bf94791062a49a04f
widowx_stack_cube,209,False,False,False,False,True,0.25,0.6666666666666666,60,37,67c478f57b29f9eabdc019655377bd84998e7084f9486342da45fe45b611014b
widowx_stack_cube,210,False,False,False,False,True,0.25,0.8333333333333334,60,44,ea1fd11cbb391e2c92cf989c3e95b970adbbd08577582b5a479f09f7ea6825e7
widowx_stack_cube,211,False,False,False,False,True,0.25,0.8333333333333334,60,33,f5e790b89a219b0425b8ed6d081ea7ce9299f34e0a347838a10da79bdd1a07b4
widowx_stack_cube,212,False,False,False,False,True,0.25,0.6666666666666666,60,46,c9b77f5322171badb07be15b703b8d8fbda3aa1d1e054b5fcca0b118a5aba5c0
widowx_stack_cube,213,False,False,False,True,True,0.25,0.8333333333333334,60,30,e8ab1ee3178ae48445971df69a60709c31536f18490ea1cdaf9c8d8a3d766cdd
widowx_stack_cube,214,False,False,False,False,True,0.25,0.8333333333333334,60,42,078eacc8d24503055d668fe01fb013cb0c8023b2a3bd96b1143661336cb9ced5
widowx_stack_cube,215,False,False,False,False,True,0.25,0.8333333333333334,60,33,80724f86bf87809a7ada0d5ea2b81857ed598666fb6dc6f4811627f715adde37
widowx_stack_cube,216,False,False,False,False,True,0.25,0.6666666666666666,60,37,2903fa65ac23a436e0efb9740b2ebf782ce75e189fa72b6740487a0f50bd0e80
widowx_stack_cube,217,False,False,False,False,True,0.25,0.8333333333333334,60,34,39dd1aaf40894bd04059a796c32f8e2df2ae23f2968faaac91238337719a2b44
widowx_stack_cube,218,False,False,False,False,True,0.25,0.6666666666666666,60,35,899b0d7d2a152dd4d4268c3a3923ef00e3fffb8c8e214669b6433cc5b107029f
widowx_stack_cube,219,False,False,False,False,True,0.25,0.8333333333333334,60,35,cb512b4534e409debb0f74f42157212c78480fbd337721e38868c20e5ee74992
widowx_stack_cube,220,False,False,False,False,True,0.25,0.6666666666666666,60,31,8f21ce9e99ed10d2611b277c3cc5a1a5f592374c2ad148390c7b233369ecc076
widowx_stack_cube,221,False,False,False,False,True,0.25,0.6666666666666666,60,26,b769a9cdfff85c5e63f228c0ae12586fba99a2b83c518b5df4de80cdf96d77dd
widowx_stack_cube,222,False,False,False,False,True,0.25,0.8333333333333334,60,33,b745a74892b9301d2a5183f013f0831095671d451b141744beb6b7afd40192ec
widowx_stack_cube,223,False,False,False,False,True,0.25,0.8333333333333334,60,49,e88d717d5b2d9ac7932b958ed550ab9d307c558132fe12de49c0f8f0b14e79a5
widowx_stack_cube,224,False,False,False,False,True,0.25,0.8333333333333334,60,41,f8c316fc30388c05ea366e53c1573b89b7f7dd31cb0d1e1720f6a5a13468655f
widowx_stack_cube,225,False,False,False,False,True,0.25,0.8333333333333334,60,33,436f31c9741fbc29b5644fcb207e214604f730ed0c44049df634f6e1ce351e92
widowx_stack_cube,226,False,False,False,False,True,0.25,0.6666666666666666,60,40,3dd9ac6f97f791ee030b9de1ac0ba8662965e697b96da806e0180f6c31fad844
widowx_stack_cube,227,False,False,False,False,True,0.25,0.6666666666666666,60,40,37625bcb5ba36333b5c5097274cadb3b3805cb78fc1a02e6663ad2df7bdac594
widowx_stack_cube,228,False,False,False,False,True,0.25,0.8333333333333334,60,24,0626906a097ce5e37bcfd1d3ee091b88853af39557877d25e69be9e1b7537d24
widowx_stack_cube,229,False,False,False,False,True,0.25,0.6666666666666666,60,35,d67dc8d62ce9941c568dc5c3118781c41efc3474d8b4a48097f5da160ff99e08
widowx_stack_cube,230,False,False,False,False,True,0.25,0.6666666666666666,60,40,c7004103629f0cc23f9e33b97ed4c39754566059893cc0ab82002f2cbe2bb524
widowx_stack_cube,231,False,False,False,False,True,0.25,0.8333333333333334,60,42,762db19625f578192db59d538ddda86435b912f3aaafc64c61d1fc79b2790b87
widowx_stack_cube,232,False,False,False,False,True,0.25,0.8333333333333334,60,42,811d4ddb8e6a29843b293915f5d4fe250b424c5d42c1e97e246c66e6cd941112
widowx_stack_cube,233,False,False,False,False,True,0.25,0.8333333333333334,60,41,0e427c539d359d70c7ffd3c921c4ec296d6b8634bc7b0d82979a3dbdf988cee8
widowx_stack_cube,234,False,False,False,False,True,0.25,0.8333333333333334,60,35,3b4c5d714213e45b73dac36a1145ae424c97f9956149e0388a11cd916378dce8
widowx_stack_cube,235,False,False,False,False,True,0.25,0.8333333333333334,60,49,73e3c27f15774a7d97e0c73cefce9649091148d041e3d6b9d514a25fcb9708e9
widowx_stack_cube,236,False,False,False,False,True,0.25,0.8333333333333334,60,35,a30e3087822cde93708c79115b5ed06f263ed2251e6f58d6cf6119de00686965
widowx_stack_cube,237,False,False,False,False,True,0.25,0.6666666666666666,60,26,727de271edf55d3559aea50557c294b8416b0eda2291a1baa05828d9c6a88c47
widowx_stack_cube,238,False,False,False,False,True,0.25,0.8333333333333334,60,33,439dfe0b221b32ba8624b84ff16e2852df15dd015597c89ced70b61fdeebebc2
widowx_stack_cube,239,False,False,False,False,True,0.25,0.8333333333333334,60,35,d9274f71a8ab3bc96175f802f9835ed6c375b80db196a90c036edc6c143ef046
widowx_stack_cube,240,False,False,False,False,True,0.25,0.6666666666666666,60,38,de417449ea40d4c02cd6699136c78f92c271354639260aa0c3724ed2dff307a7
widowx_stack_cube,241,False,False,False,False,True,0.25,0.6666666666666666,60,26,8234e0421e601ff0d58d3328bbfdd0d8c69979b1f1304b3ca34c191f13bb6fad
widowx_stack_cube,242,False,False,False,False,True,0.25,0.6666666666666666,60,38,a9ffcfae27f73a5c59d479898b9119847d20bc4e13c463fd40424a416dadaa8e
widowx_stack_cube,243,False,False,False,False,True,0.25,0.8333333333333334,60,42,ea70638a8091b345a9ee10910da38e13d4d86e14dd3b9693f0d1f07ba83b40ae
widowx_stack_cube,244,False,False,False,False,True,0.25,0.8333333333333334,60,44,904f17dd785380a696d41e30936af897f77731279d11f8b18c3a06b69e7ed0ac
widowx_stack_cube,245,False,False,False,False,True,0.25,0.8333333333333334,60,42,44e9e774e6377c748557abdf288dfd98ca355149d6495398af45e48bef4fbe2a
widowx_stack_cube,246,False,False,False,False,True,0.25,0.8333333333333334,60,43,e381cebbc83c6728eaf4c1ff0213995a1b87a6c665326bb8514681fdaf712604
widowx_stack_cube,247,False,False,False,True,True,0.25,0.8333333333333334,60,30,00bd8234396881276f7a9a70d8b500fb0269c3afdbccf80077fd71c0f813b75a
widowx_stack_cube,248,False,False,False,False,True,0.25,0.8333333333333334,60,37,cc56819676a6a6217b34836fac86eacb244097fcc726ffad97e4e98c609cee13
widowx_stack_cube,249,False,False,False,False,True,0.25,0.6666666666666666,60,37,98fc26880cea192321a79ff36bf5f36619dbd2f11bc9f28d12c57f8133bcc4d1
widowx_stack_cube,250,False,False,False,False,True,0.25,0.6666666666666666,60,38,5c6299cc61b96ee3884f8f0867a525a1e444bdcf7a427220a15dfb87db7395b3
widowx_stack_cube,251,False,False,False,True,True,0.25,0.8333333333333334,60,30,169317399e123b58f728047618b0e58864b798e2fdd4af6b1835fe4d3f240ba1
widowx_stack_cube,252,False,False,False,False,True,0.25,0.6666666666666666,60,38,8b906094e89189e061da68389669f2a66d3df0192bdfce52c5591ed1a1d74370
widowx_stack_cube,253,False,False,False,True,True,0.25,0.8333333333333334,60,30,73deea6df789be649f48eff7144cf30ea3d1bf4351b0b109c9d8c5d8a3de2b1f
widowx_stack_cube,254,False,False,False,False,True,0.25,0.8333333333333334,60,33,0ce35ce4329587a347f1fcd980441757863165e9e549631bc85ec4c312aa6c80
widowx_stack_cube,255,False,False,False,False,True,0.25,0.6666666666666666,60,31,87af85fc70035837f8a704a671fdbac118d945f3afb9b4b134b58067cb78537b
widowx_stack_cube,256,False,False,False,False,True,0.25,0.6666666666666666,60,40,499e41afa38c511ce0047359b2a3d5fd96f464e3b78fab6ba65f8285c9a5ce64
widowx_stack_cube,257,False,False,False,False,True,0.25,0.8333333333333334,60,33,bf2ebd6b331d9f7e305602fbcb12ffb93b6a2927fe7aa72f7cf49a7ecbcb3ac1
widowx_stack_cube,258,False,False,False,False,True,0.25,0.8333333333333334,60,41,03e6e3a863c658db34808a51474153081576619a9b35230304671d8a3eb42a62
widowx_stack_cube,259,False,False,False,False,True,0.25,0.8333333333333334,60,35,ae427c89d41088d2b3ef9fbe2c17cfa3a88c308ee326fc04e61a00098d29036f
widowx_stack_cube,260,False,False,False,False,True,0.25,0.8333333333333334,60,44,b1522dda9ab73e3254af26919092483cb634c2d3617dbfa1a4629c198dfd42e3
widowx_stack_cube,261,False,False,False,False,True,0.25,0.6666666666666666,60,40,959b6ed61d38e300b1508322c0a74fbeaefebd471fe72be5c5b7fdaa1feef2df
widowx_stack_cube,262,False,False,False,False,True,0.25,0.6666666666666666,60,35,88581e8a6509bcb2c23bc29dc431b70201e696af376f4da4ac41d7c37b6e5987
widowx_stack_cube,263,False,False,False,False,True,0.25,0.8333333333333334,60,24,442d248d737d8be33f87e78772bc8bff99666dcd69bab36a0feb71aed99dfca8
widowx_stack_cube,264,False,False,False,False,True,0.25,0.6666666666666666,60,38,8eb5105a77031857c2906c2f55fea1b39c864a9a5e8bd7201182bb90cd622e07
widowx_stack_cube,265,False,False,False,False,True,0.25,0.8333333333333334,60,42,26afa33e9f8e9fff775613f03e96a96b43750cae10a4b5c7a61237709e7f144d
widowx_stack_cube,266,False,False,False,False,True,0.25,0.8333333333333334,60,34,11c5fba227d1c3894787fdbcfe082afbf756463cee0c10d4ddcb35312173ec30
widowx_stack_cube,267,False,False,False,False,True,0.25,0.8333333333333334,60,38,39ea194e8d92ae1b9651cd56bb0bb3fcbc5119da91495719763ab2e2f3fa88c5
widowx_stack_cube,268,False,False,False,False,True,0.25,0.6666666666666666,60,38,f755d922c53b2575505403f87e6e5f6c1bc4279f23114b44aaaa35609a07a349
widowx_stack_cube,269,False,False,False,False,True,0.25,0.8333333333333334,60,35,55bd1ff71761115a7750113f9e880d87f7526e72a413400473a9753b718fe54e
widowx_stack_cube,270,False,False,False,False,True,0.25,0.6666666666666666,60,40,72db81804dd8af6b5f2105476650d61b2401dbef39767ddf657308ea202e791c
widowx_stack_cube,271,False,False,False,False,True,0.25,0.8333333333333334,60,38,2975af86d2a68b074f82f1f33fc7b2769dc72130c71b016226ecb57392b64562
widowx_stack_cube,272,False,False,False,False,True,0.25,0.8333333333333334,60,34,eef5f87119790e93e3b842d781911b5864e801e24f9c2b3959cd17b34bce0d30
widowx_stack_cube,273,False,False,False,False,True,0.25,0.6666666666666666,60,38,255d49d22d7c71725fd54280639dede72c1f8582857b4dfe67b962ca4decea79
widowx_stack_cube,274,False,False,False,False,True,0.25,0.8333333333333334,60,34,2e675ca48b21d75dc0b4feeee5e8de6b8eeaa88de857bd28fc77a075315f2757
widowx_stack_cube,275,False,False,False,False,True,0.25,0.8333333333333334,60,42,1edf1f70f561b16b8cc5255e357668604bacf1089e0f9398b9a5a6bb63d19237
widowx_stack_cube,276,False,False,False,False,True,0.25,0.6666666666666666,60,46,a709a3cc072b9425bb11eb6c741a4581530df638a4b96c3991e90f0045b8198b
widowx_stack_cube,277,False,False,False,False,True,0.25,0.8333333333333334,60,42,1788bc6ed5ae192d5299c636e24e7a97424f277489af14f9be881ad8ac7839e3
widowx_stack_cube,278,False,False,False,False,True,0.25,0.6666666666666666,60,40,aea3c0a85114d5afbfcbb09b8f0cb741783379b532bb253c38a1449305fe0d61
widowx_stack_cube,279,False,False,False,False,True,0.25,0.8333333333333334,60,49,8a304c591854cf07d923fd8fd0cdf62aa3cba7a9017c25c1941fbfb89131a325
widowx_stack_cube,280,False,False,False,False,True,0.25,0.8333333333333334,60,24,d6c1744c4c7b8840e167e41f604450e54b4c2e02d5f025bca8ff474bf105b560
widowx_stack_cube,281,False,False,False,False,True,0.25,0.6666666666666666,60,36,13fe22ec6079d9b503d8fdaf8eae5600d3700a33f82f02f95e9e50fd89323260
widowx_stack_cube,282,False,False,False,False,True,0.25,0.8333333333333334,60,35,dac4b952d951baa348e2a1a6875c7941655b8e63e0b2facd8d2a4da054c2d4d3
widowx_stack_cube,283,False,False,False,False,True,0.25,0.6666666666666666,60,38,c4fbbad82e8e19c773892ea7d4963e13afbb91ebcdfb64d9a061e8b5ce11cac4
widowx_stack_cube,284,False,False,False,False,True,0.25,0.6666666666666666,60,26,c9d442da803e3339fc2a47e6b97229bc401af8b347f39bb8e4a0b429bcd9f1b3
widowx_stack_cube,285,False,False,False,False,True,0.25,0.8333333333333334,60,35,13d039de1fcc5b9a305a0171b76eb2f851b50d2f0423aba4da9cfadb85910dc0
widowx_stack_cube,286,False,False,False,False,True,0.25,0.6666666666666666,60,35,6409e4dc16809781fbaefacf8f2a599402315d554463f5eca27e342b811960ec
widowx_stack_cube,287,False,False,False,False,True,0.25,0.8333333333333334,60,42,35d6498ed4a1fc2edc6d8f6967cd7f25dc9cb5d8ccfc9264a6bb4e2ebf008e8c
widowx_stack_cube,288,False,False,False,False,True,0.25,0.6666666666666666,60,46,88e54cdc5f1cc21a8accf8dd5e52793028d53242bb7fcb6701815949bedfedbe
widowx_stack_cube,289,False,False,False,False,True,0.25,0.6666666666666666,60,38,7b3de85c32faa6519f12f096f02779fd9f29e63ee8804a1cfc864534bd587f50
widowx_stack_cube,290,False,False,False,False,True,0.25,0.6666666666666666,60,26,f264dff211940aa8d8404818afbd4a175ad9761c73278980cf8d0eb481a16e3e
widowx_stack_cube,291,False,False,False,False,True,0.25,0.6666666666666666,60,38,8a37fd8598e1f82866cc3f9bb9948eb17bd8d0eb1b983d6755c8b8998fe57963
widowx_stack_cube,292,False,False,False,False,True,0.25,0.6666666666666666,60,26,e98aad9844bbe973e0a0583a9f2e4a2a5b4a4b850e729c0d4a9753e8e737fae0
widowx_stack_cube,293,False,False,False,False,True,0.25,0.8333333333333334,60,33,3ce1bc9da0b5a956715e99b5290aab51e5c056663a28cf8b7d658b8267bce867
widowx_stack_cube,294,False,False,False,False,True,0.25,0.8333333333333334,60,42,8681a2a195542eda4100020f5f24250d347f8447679bd14f9d3fa863a8f75e51
widowx_stack_cube,295,False,False,False,False,True,0.25,0.6666666666666666,60,40,baff5f04b5d63ed59065e0bffafaa95e15788f5242e05968befde03f9dba49f5
widowx_stack_cube,296,False,False,False,False,True,0.25,0.6666666666666666,60,36,f1f5eb69e771c4bddad7832df59259e2ccf3506aa08827cd13bc03bc4308f8cf
widowx_stack_cube,297,False,False,False,False,True,0.25,0.8333333333333334,60,33,1e2e0df42bfdad82afe64c013dfcc228f48a542b772658c386521fa0dfeb93d2
widowx_stack_cube,298,False,False,False,False,True,0.25,0.6666666666666666,60,26,e624ddf9233b7554f17a2b5ed644a642f70859de2e308cbb70552ccec1601770
widowx_stack_cube,299,False,False,False,False,True,0.25,0.8333333333333334,60,44,5122e1dedbe2d59f7abd499f1306cd452feb1b5f40004de4fbd1cf1895722ba5
