state_id,task,seed,split,matched_count,layer,scale,count,top_alignment,top_minus_random,synonym_residual_cosine,target_residual_cosine,semantic_separation,synonym_mask_jaccard,target_mask_jaccard,mask_jaccard_separation
google_robot_move_near__seed000__step008,move_near,0,validation,43,9,0.75,32,0.2901896882474074,0.07478433112884894,1.0000000000000002,0.8982439023723304,0.1017560976276698,1.0,0.8823529411764706,0.11764705882352944
google_robot_move_near__seed000__step008,move_near,0,validation,43,11,0.75,32,0.6132925531008812,0.3978871959823227,0.5165313927653622,0.445538895121961,0.07099249764340121,0.8823529411764706,0.7777777777777778,0.10457516339869277
google_robot_move_near__seed000__step008,move_near,0,validation,43,14,0.75,32,0.11826788034268243,-0.097137476775876,0.744059285858966,0.7297255474418382,0.014333738417127817,0.8285714285714286,0.6,0.22857142857142865
google_robot_move_near__seed000__step008,move_near,0,validation,43,9,1.0,43,0.24410320192024357,-0.031357233141280555,0.9463900474200136,0.9614627547424525,-0.015072707322438816,0.9111111111111111,0.9111111111111111,0.0
google_robot_move_near__seed000__step008,move_near,0,validation,43,11,1.0,43,0.6229500637596898,0.34748962869816563,0.995125505231346,0.9535484597296343,0.04157704550171171,0.9545454545454546,0.8297872340425532,0.12475822050290142
google_robot_move_near__seed000__step008,move_near,0,validation,43,14,1.0,43,0.19495388703711747,-0.08050654802440665,0.8325871552711891,0.8368531564230457,-0.004266001151856602,0.9111111111111111,0.6862745098039216,0.22483660130718952
google_robot_move_near__seed000__step008,move_near,0,validation,43,9,1.25,54,0.36769715264377384,0.08065593127506432,1.0,0.8461935576461245,0.15380644235387553,1.0,0.8947368421052632,0.10526315789473684
google_robot_move_near__seed000__step008,move_near,0,validation,43,11,1.25,54,0.6029344531780899,0.3158932318093804,0.9935090782223758,0.8931486445379503,0.10036043368442549,0.9285714285714286,0.8947368421052632,0.03383458646616544
google_robot_move_near__seed000__step008,move_near,0,validation,43,14,1.25,54,0.31751859451612036,0.030477373147410836,0.9844516173494683,0.9127506843961042,0.0717009329533641,0.9636363636363636,0.6875,0.2761363636363636
google_robot_move_near__seed000__step040,move_near,0,validation,26,9,0.75,20,0.014591712988823538,-0.028376343977676792,0.9375363197953902,0.8603513002547863,0.07718501954060386,0.8181818181818182,0.7391304347826086,0.07905138339920958
google_robot_move_near__seed000__step040,move_near,0,validation,26,11,0.75,20,0.03881577015214044,-0.00415228681435989,0.8827558468251314,0.7720676367235827,0.11068821010154872,0.8181818181818182,0.7391304347826086,0.07905138339920958
google_robot_move_near__seed000__step040,move_near,0,validation,26,14,0.75,20,0.0780575837128164,0.035089526746316074,1.0,0.9637918215707814,0.03620817842921864,1.0,0.9047619047619048,0.09523809523809523
google_robot_move_near__seed000__step040,move_near,0,validation,26,9,1.0,26,0.142826572986213,0.107409147451042,0.9173785378846611,0.8276864850416151,0.08969205284304593,0.9259259259259259,0.7333333333333333,0.19259259259259265
google_robot_move_near__seed000__step040,move_near,0,validation,26,11,1.0,26,0.10771253300667498,0.07229510747150397,0.9498452312751787,0.88940866340953,0.06043656786564877,0.9259259259259259,0.6774193548387096,0.2485065710872163
google_robot_move_near__seed000__step040,move_near,0,validation,26,14,1.0,26,0.15329703222811283,0.11787960669294183,0.9170730025201039,0.9873675507415914,-0.07029454822148751,0.7931034482758621,0.9259259259259259,-0.13282247765006383
google_robot_move_near__seed000__step040,move_near,0,validation,26,9,1.25,32,0.12326450382939269,0.18559924548279885,0.9538559635277023,0.8886982927395511,0.06515767078815116,0.8823529411764706,0.7777777777777778,0.10457516339869277
google_robot_move_near__seed000__step040,move_near,0,validation,26,11,1.25,32,0.11331323528632924,0.17564797693973538,0.9608975275398878,0.883358151012955,0.07753937652693277,0.8823529411764706,0.7297297297297297,0.15262321144674085
google_robot_move_near__seed000__step040,move_near,0,validation,26,14,1.25,32,0.1037620769310767,0.16609681858448286,0.8578297788497903,0.9036714403689703,-0.04584166151918001,0.8285714285714286,0.8823529411764706,-0.05378151260504194
google_robot_move_near__seed000__step071,move_near,0,validation,42,9,0.75,32,-0.26359318410733956,-0.004130238829888888,1.0,0.9517351845346388,0.04826481546536121,1.0,0.9393939393939394,0.06060606060606055
google_robot_move_near__seed000__step071,move_near,0,validation,42,11,0.75,32,-0.39198070740018287,-0.1325177621227322,0.9141440133179671,0.9162210529032415,-0.0020770395852743873,0.8285714285714286,0.8285714285714286,0.0
google_robot_move_near__seed000__step071,move_near,0,validation,42,14,0.75,32,-0.29908739395419254,-0.039624448676741864,0.9880739003478856,0.9910666127535785,-0.0029927124056929877,0.8823529411764706,0.8823529411764706,0.0
google_robot_move_near__seed000__step071,move_near,0,validation,42,9,1.0,42,-0.38178593362609986,-0.3858629166516188,0.9559407994992962,0.9367116133294516,0.019229186169844592,0.9534883720930233,0.8666666666666667,0.08682170542635659
google_robot_move_near__seed000__step071,move_near,0,validation,42,11,1.0,42,-0.4024790276836292,-0.40655601070914815,1.0,0.8794399594169668,0.12056004058303316,1.0,0.9090909090909091,0.09090909090909094
google_robot_move_near__seed000__step071,move_near,0,validation,42,14,1.0,42,-0.319136615312334,-0.32321359833785296,0.9341948345810326,0.9191417580257294,0.015053076555303191,0.9090909090909091,0.9090909090909091,0.0
google_robot_move_near__seed000__step071,move_near,0,validation,42,9,1.25,52,-0.39185908812642745,-0.42872937021597857,1.0,0.9647179301370246,0.03528206986297544,1.0,0.9259259259259259,0.07407407407407407
google_robot_move_near__seed000__step071,move_near,0,validation,42,11,1.25,52,-0.38868799819839217,-0.4255582802879433,0.9449528453270766,0.8439619824979645,0.10099086282911207,0.8909090909090909,0.8909090909090909,0.0
google_robot_move_near__seed000__step071,move_near,0,validation,42,14,1.25,52,-0.28658018719640266,-0.3234504692859538,0.9672448896997574,0.9833183848404635,-0.016073495140706107,0.8909090909090909,0.9259259259259259,-0.03501683501683506
google_robot_move_near__seed001__step008,move_near,1,exploration,18,9,0.75,14,0.072455687777484,0.2105395452294232,0.9688368437686196,0.9861298163844782,-0.017292972615858604,0.8666666666666667,0.8666666666666667,0.0
google_robot_move_near__seed001__step008,move_near,1,exploration,18,11,0.75,14,0.30150805640406886,0.43959191385600804,0.8949637441875934,0.8993344801800954,-0.0043707359925020395,0.75,0.75,0.0
google_robot_move_near__seed001__step008,move_near,1,exploration,18,14,0.75,14,0.07518530306001697,0.21326916051195619,0.6431189594927931,0.5167958918038689,0.1263230676889242,0.75,0.5555555555555556,0.19444444444444442
google_robot_move_near__seed001__step008,move_near,1,exploration,18,9,1.0,18,0.17557046346789776,0.29861455411881965,0.995163862907162,0.9355668896656429,0.059596973241519025,0.8947368421052632,0.8947368421052632,0.0
google_robot_move_near__seed001__step008,move_near,1,exploration,18,11,1.0,18,0.268485713484864,0.39152980413578586,0.8978444944364651,0.8321734938988544,0.06567100053761066,0.8,0.6363636363636364,0.1636363636363637
google_robot_move_near__seed001__step008,move_near,1,exploration,18,14,1.0,18,0.21693713609700938,0.33998122674793124,0.9911121834779855,0.5281285386170977,0.4629836448608877,0.8947368421052632,0.6363636363636364,0.2583732057416268
google_robot_move_near__seed001__step008,move_near,1,exploration,18,9,1.25,22,0.16458271982218345,0.2719654529430109,0.9330745927774678,0.9786510639267053,-0.04557647114923746,0.8333333333333334,0.9130434782608695,-0.07971014492753614
google_robot_move_near__seed001__step008,move_near,1,exploration,18,11,1.25,22,0.30181633058148255,0.40919906370231,0.36839111410143643,0.4738895101463027,-0.10549839604486627,0.76,0.6296296296296297,0.13037037037037036
google_robot_move_near__seed001__step008,move_near,1,exploration,18,14,1.25,22,0.1409097266043954,0.24829245972522287,0.9843253378964447,0.8025975972360114,0.1817277406604333,0.9130434782608695,0.76,0.1530434782608695
google_robot_move_near__seed001__step040,move_near,1,exploration,30,9,0.75,22,0.3395172629418111,0.5880758573984666,0.9567181393365823,0.4779039999391886,0.47881413939739376,0.9130434782608695,0.8333333333333334,0.07971014492753614
google_robot_move_near__seed001__step040,move_near,1,exploration,30,11,0.75,22,0.2698077841937648,0.5183663786504202,0.73298266977866,0.6203528228982144,0.11262984688044564,0.8333333333333334,0.6923076923076923,0.14102564102564108
google_robot_move_near__seed001__step040,move_near,1,exploration,30,14,0.75,22,0.31145489918229974,0.5600134936389551,1.0,0.37427514238068166,0.6257248576193184,1.0,0.76,0.24
google_robot_move_near__seed001__step040,move_near,1,exploration,30,9,1.0,30,0.33587508438980845,0.48599888027235794,1.0,0.9624811167293575,0.037518883270642456,1.0,0.9354838709677419,0.06451612903225812
google_robot_move_near__seed001__step040,move_near,1,exploration,30,11,1.0,30,0.7119211216195453,0.8620449175020948,0.9289770009507491,0.8187915597029246,0.11018544124782448,0.9354838709677419,0.875,0.06048387096774188
google_robot_move_near__seed001__step040,move_near,1,exploration,30,14,1.0,30,0.510872487285846,0.6609962831683954,0.9469572173347539,0.38770984193222174,0.5592473754025322,0.875,0.8181818181818182,0.05681818181818177
google_robot_move_near__seed001__step040,move_near,1,exploration,30,9,1.25,38,0.4944496089467505,0.5299082755905865,0.9602154442937954,0.9317875115015443,0.028427932792251087,0.9,0.7674418604651163,0.1325581395348837
google_robot_move_near__seed001__step040,move_near,1,exploration,30,11,1.25,38,0.6429775991235055,0.6784362657673415,0.8652527282860434,0.4275722541900214,0.437680474096022,0.9,0.9,0.0
google_robot_move_near__seed001__step040,move_near,1,exploration,30,14,1.25,38,0.5244350123641145,0.5598936790079505,0.969038198916631,0.7770047419495496,0.1920334569670814,0.9487179487179487,0.9,0.048717948717948656
google_robot_move_near__seed001__step071,move_near,1,exploration,23,9,0.75,17,-0.09774069106946082,-0.4297019207039266,0.8780309657486844,0.8686131874555839,0.009417778293100532,0.8888888888888888,0.7894736842105263,0.09941520467836251
google_robot_move_near__seed001__step071,move_near,1,exploration,23,11,0.75,17,0.629254789514948,0.29729355988048217,0.9713522871001846,0.7477321814586079,0.22362010564157675,0.8888888888888888,0.7,0.18888888888888888
google_robot_move_near__seed001__step071,move_near,1,exploration,23,14,0.75,17,0.08598898842424586,-0.24597224121021993,0.9067540942452271,0.4386857516778764,0.46806834256735075,0.8888888888888888,0.5454545454545454,0.3434343434343434
google_robot_move_near__seed001__step071,move_near,1,exploration,23,9,1.0,23,0.19747917414225177,-0.10837310324115138,0.9377407596673536,0.39904806902746737,0.5386926906398862,0.9166666666666666,0.7692307692307693,0.14743589743589736
google_robot_move_near__seed001__step071,move_near,1,exploration,23,11,1.0,23,0.07625235270062132,-0.22959992468278184,0.5589229303579568,0.5642287204796667,-0.005305790121709841,0.84,0.7692307692307693,0.0707692307692307
google_robot_move_near__seed001__step071,move_near,1,exploration,23,14,1.0,23,0.38644421081890723,0.08059193343550408,1.0,0.5331178781601476,0.46688212183985245,1.0,0.84,0.16000000000000003
google_robot_move_near__seed001__step071,move_near,1,exploration,23,9,1.25,29,0.409489360430393,0.14962688253720202,1.0,0.9489673037434069,0.051032696256593124,1.0,0.9333333333333333,0.06666666666666665
google_robot_move_near__seed001__step071,move_near,1,exploration,23,11,1.25,29,0.46266345945024523,0.20280098155705423,1.0,0.6966377362747919,0.30336226372520814,1.0,0.8709677419354839,0.12903225806451613
google_robot_move_near__seed001__step071,move_near,1,exploration,23,14,1.25,29,0.48715562165773424,0.22729314376454324,0.8337900769994174,0.903896805534126,-0.07010672853470856,0.8709677419354839,0.8125,0.058467741935483875
google_robot_move_near__seed002__step008,move_near,2,exploration,37,9,0.75,28,0.28281297019670776,0.4444787404843932,0.6905067294992907,0.6925392462739021,-0.0020325167746113593,0.8064516129032258,0.8064516129032258,0.0
google_robot_move_near__seed002__step008,move_near,2,exploration,37,11,0.75,28,0.514625503282721,0.6762912735704065,0.9748573623109348,0.8812569730007965,0.09360038931013825,0.9310344827586207,0.8064516129032258,0.1245828698553949
google_robot_move_near__seed002__step008,move_near,2,exploration,37,14,0.75,28,0.4280585028122946,0.58972427309998,0.950585877845627,0.6789233808265612,0.27166249701906575,0.9310344827586207,0.75,0.18103448275862066
google_robot_move_near__seed002__step008,move_near,2,exploration,37,9,1.0,37,0.3561260025576772,0.44957765831159135,0.7550004353997378,0.7355430063191436,0.019457429080594224,0.85,0.7619047619047619,0.08809523809523812
google_robot_move_near__seed002__step008,move_near,2,exploration,37,11,1.0,37,0.6056815000329545,0.6991331557868686,0.9950661460283351,0.6805569291089576,0.3145092169193775,0.9473684210526315,0.8974358974358975,0.04993252361673406
google_robot_move_near__seed002__step008,move_near,2,exploration,37,14,1.0,37,0.5086628914766855,0.6021145472305997,0.9724908152627103,0.8049728116083211,0.16751800365438918,0.9473684210526315,0.7209302325581395,0.22643818849449204
google_robot_move_near__seed002__step008,move_near,2,exploration,37,9,1.25,46,0.36554576704963093,0.43044331930287577,0.7489005742479257,0.6005298817714574,0.14837069247646828,0.84,0.84,0.0
google_robot_move_near__seed002__step008,move_near,2,exploration,37,11,1.25,46,0.6298689715539046,0.6947665238071494,0.9789771566676055,0.9374220431970434,0.04155511347056218,0.9574468085106383,0.84,0.11744680851063838
google_robot_move_near__seed002__step008,move_near,2,exploration,37,14,1.25,46,0.5340299697622858,0.5989275220155306,0.9920422485052831,0.8059181647742323,0.18612408373105083,0.9574468085106383,0.7692307692307693,0.18821603927986907
google_robot_move_near__seed002__step040,move_near,2,exploration,55,9,0.75,41,0.13253900382315884,0.016719248220448166,0.754794658015657,0.747852062963739,0.006942595051918077,0.8636363636363636,0.8636363636363636,0.0
google_robot_move_near__seed002__step040,move_near,2,exploration,55,11,0.75,41,0.12452700542378807,0.0087072498210774,1.0,0.6888238674862243,0.31117613251377574,1.0,0.8636363636363636,0.13636363636363635
google_robot_move_near__seed002__step040,move_near,2,exploration,55,14,0.75,41,-0.05564362611116197,-0.17146338171387265,0.9633617127947965,0.8372021237450324,0.1261595890497641,0.9523809523809523,0.8222222222222222,0.13015873015873014
google_robot_move_near__seed002__step040,move_near,2,exploration,55,9,1.0,55,0.1460204852003424,0.14248790652516702,0.9746023891169893,0.7681307004323169,0.20647168868467236,0.9642857142857143,0.8333333333333334,0.13095238095238093
google_robot_move_near__seed002__step040,move_near,2,exploration,55,11,1.0,55,0.0024842909427278217,-0.0010482877324475377,0.8676480982212028,0.9026864429717273,-0.035038344750524475,0.9298245614035088,0.864406779661017,0.0654177817424918
google_robot_move_near__seed002__step040,move_near,2,exploration,55,14,1.0,55,-0.02907201539273648,-0.032604594067911837,0.9973098581490886,0.9931696000397495,0.004140258109339046,0.9642857142857143,0.9642857142857143,0.0
google_robot_move_near__seed002__step040,move_near,2,exploration,55,9,1.25,69,0.12271913748392123,0.15205466635925172,0.9740540972098662,0.8005906539534057,0.17346344325646057,0.8904109589041096,0.9436619718309859,-0.053251012926876284
google_robot_move_near__seed002__step040,move_near,2,exploration,55,11,1.25,69,0.022695800648119723,0.052031329523450215,0.9801453259220877,0.924190107526803,0.05595521839528472,0.9436619718309859,0.8904109589041096,0.053251012926876284
google_robot_move_near__seed002__step040,move_near,2,exploration,55,14,1.25,69,-0.0680735983787913,-0.038738069503460815,0.9495742418993559,0.918974301964297,0.03059993993505894,0.9166666666666666,0.9166666666666666,0.0
google_robot_move_near__seed002__step071,move_near,2,exploration,25,9,0.75,19,-0.052664645264249445,-0.4460522721192555,0.884431938456015,0.9241150977885889,-0.039683159332573936,0.8095238095238095,0.8095238095238095,0.0
google_robot_move_near__seed002__step071,move_near,2,exploration,25,11,0.75,19,0.2279829518468206,-0.16540467500818545,0.9794477649976328,0.8636831122460965,0.11576465275153625,0.9,0.8095238095238095,0.09047619047619049
google_robot_move_near__seed002__step071,move_near,2,exploration,25,14,0.75,19,0.24935191019886419,-0.14403571665614187,0.9640697497228329,0.7880012982050847,0.1760684515177482,0.9,0.8095238095238095,0.09047619047619049
google_robot_move_near__seed002__step071,move_near,2,exploration,25,9,1.0,25,0.381804556090626,-0.017753903788959968,0.6139138389068902,0.6408859221419017,-0.026972083235011435,0.7857142857142857,0.8518518518518519,-0.06613756613756616
google_robot_move_near__seed002__step071,move_near,2,exploration,25,11,1.0,25,0.1917615601210848,-0.20779689975850119,0.8981784218268167,0.7546021100621413,0.14357631176467545,0.8518518518518519,0.7857142857142857,0.06613756613756616
google_robot_move_near__seed002__step071,move_near,2,exploration,25,14,1.0,25,0.28169551436053236,-0.11786294551905363,0.8973597027503853,0.8881437799303905,0.009215922819994837,0.9230769230769231,0.7857142857142857,0.13736263736263743
google_robot_move_near__seed002__step071,move_near,2,exploration,25,9,1.25,31,0.42206324269788226,0.14654753384639901,0.8175728624674315,0.8059026462050589,0.011670216262372635,0.8787878787878788,0.8235294117647058,0.05525846702317294
google_robot_move_near__seed002__step071,move_near,2,exploration,25,11,1.25,31,0.12671023350199548,-0.14880547534948776,0.9983802551517332,0.7799431625183967,0.21843709263333655,0.9375,0.8787878787878788,0.058712121212121215
google_robot_move_near__seed002__step071,move_near,2,exploration,25,14,1.25,31,0.1024605054884447,-0.17305520336303853,0.9324059614406176,0.7299599193146752,0.20244604212594242,0.9375,0.6756756756756757,0.26182432432432434
google_robot_move_near__seed013__step008,move_near,13,validation,24,9,0.75,18,0.210743248764472,0.17668635654939507,0.8616192666708895,0.9141698122507361,-0.05255054557984662,0.8,0.6363636363636364,0.1636363636363637
google_robot_move_near__seed013__step008,move_near,13,validation,24,11,0.75,18,0.22240966404434995,0.188352771829273,0.7515417254881877,0.8932303241932412,-0.14168859870505357,0.8,0.7142857142857143,0.08571428571428574
google_robot_move_near__seed013__step008,move_near,13,validation,24,14,0.75,18,0.07429132740486087,0.040234435189783944,0.9522556469759312,0.6608120455768807,0.29144360139905057,0.8,0.44,0.36000000000000004
google_robot_move_near__seed013__step008,move_near,13,validation,24,9,1.0,24,0.22570386848214366,0.2545216220245539,0.9379416115111199,0.9438933394304531,-0.005951727919333183,0.7777777777777778,0.7142857142857143,0.06349206349206349
google_robot_move_near__seed013__step008,move_near,13,validation,24,11,1.0,24,0.2732980063071723,0.3021157598495826,0.8543040520956197,0.92901175706392,-0.07470770496830037,0.92,0.7777777777777778,0.14222222222222225
google_robot_move_near__seed013__step008,move_near,13,validation,24,14,1.0,24,0.18665257820007208,0.21547033174248237,0.9734080278325554,0.6295806571468603,0.34382737068569513,0.92,0.45454545454545453,0.4654545454545455
google_robot_move_near__seed013__step008,move_near,13,validation,24,9,1.25,30,0.22596134622414124,0.13175757039582758,0.9398641018811027,0.8412387877912884,0.09862531408981434,0.875,0.7142857142857143,0.1607142857142857
google_robot_move_near__seed013__step008,move_near,13,validation,24,11,1.25,30,0.2927914987441304,0.19858772291581672,0.8127096522356236,0.5829051308931205,0.22980452134250318,0.875,0.7142857142857143,0.1607142857142857
google_robot_move_near__seed013__step008,move_near,13,validation,24,14,1.25,30,0.1703110084253111,0.07610723259699743,0.9717488948990399,0.7058178509498304,0.2659310439492095,0.9354838709677419,0.5,0.4354838709677419
google_robot_move_near__seed013__step040,move_near,13,validation,48,9,0.75,36,0.2367017516139341,0.002462396333955452,1.0,0.8979507238029036,0.10204927619709636,1.0,0.8947368421052632,0.10526315789473684
google_robot_move_near__seed013__step040,move_near,13,validation,48,11,0.75,36,0.24829443741493193,0.014055082134953267,0.9591803270959942,0.9902522823379497,-0.031071955241955496,0.8461538461538461,0.8947368421052632,-0.04858299595141702
google_robot_move_near__seed013__step040,move_near,13,validation,48,14,0.75,36,0.2860131627137215,0.05177380743374285,0.911688024435429,0.9697444585899614,-0.05805643415453243,0.9459459459459459,0.8947368421052632,0.05120910384068278
google_robot_move_near__seed013__step040,move_near,13,validation,48,9,1.0,48,0.27735083312924463,-0.027708262013444673,0.8422000282607005,0.9199061066773006,-0.07770607841660004,0.92,0.8823529411764706,0.03764705882352948
google_robot_move_near__seed013__step040,move_near,13,validation,48,11,1.0,48,0.3134121805011895,0.008353085358500212,0.9936420132348748,0.9814002469134496,0.012241766321425152,0.92,0.8113207547169812,0.10867924528301887
google_robot_move_near__seed013__step040,move_near,13,validation,48,14,1.0,48,0.24847114785643445,-0.05658794728625485,0.9903783705110993,0.9947767401225578,-0.0043983696114584525,0.92,0.9591836734693877,-0.03918367346938767
google_robot_move_near__seed013__step040,move_near,13,validation,48,9,1.25,60,0.3221510180771641,0.05753674887673299,0.6884416359545767,0.9968848190217415,-0.3084431830671648,0.875,0.9354838709677419,-0.06048387096774188
google_robot_move_near__seed013__step040,move_near,13,validation,48,11,1.25,60,0.36311759847039865,0.09850332926996752,0.9970591193845304,0.9469707017695703,0.05008841761496008,0.9672131147540983,0.7910447761194029,0.1761683386346954
google_robot_move_near__seed013__step040,move_near,13,validation,48,14,1.25,60,0.3944096182639886,0.1297953490635575,0.9751593056659829,0.9749069566306332,0.0002523490353496527,0.9354838709677419,0.9354838709677419,0.0
google_robot_move_near__seed013__step071,move_near,13,validation,23,9,0.75,17,0.35515037112464215,0.157840700760964,0.899646189879793,0.9410282791996959,-0.04138208931990295,0.7,0.7894736842105263,-0.08947368421052637
google_robot_move_near__seed013__step071,move_near,13,validation,23,11,0.75,17,0.3928476516599388,0.19553798129626063,0.9461411330989389,0.967864899728114,-0.02172376662917508,0.8888888888888888,0.8888888888888888,0.0
google_robot_move_near__seed013__step071,move_near,13,validation,23,14,0.75,17,0.41274500941309317,0.215435339049415,1.0,0.9491974671170462,0.05080253288295378,1.0,0.8888888888888888,0.11111111111111116
google_robot_move_near__seed013__step071,move_near,13,validation,23,9,1.0,23,0.34498056426009044,0.2775178639426572,1.0,0.9795672474346441,0.020432752565355927,1.0,0.9166666666666666,0.08333333333333337
google_robot_move_near__seed013__step071,move_near,13,validation,23,11,1.0,23,0.3699221713247649,0.3024594710073317,0.9417725134797349,0.9925640158938521,-0.05079150241411723,0.84,0.9166666666666666,-0.07666666666666666
google_robot_move_near__seed013__step071,move_near,13,validation,23,14,1.0,23,0.41727987502772157,0.3498171747102884,0.9805360724960304,0.9644842068733612,0.016051865622669137,0.84,0.7692307692307693,0.0707692307692307
google_robot_move_near__seed013__step071,move_near,13,validation,23,9,1.25,29,0.41458077562885154,0.3005397500300631,0.9398695168908224,0.9133246381487762,0.026544878742046252,0.9333333333333333,0.8125,0.12083333333333335
google_robot_move_near__seed013__step071,move_near,13,validation,23,11,1.25,29,0.44557785630887087,0.33153683071008244,0.9100599435893062,0.9059912017221748,0.0040687418671313536,0.9333333333333333,0.8125,0.12083333333333335
google_robot_move_near__seed013__step071,move_near,13,validation,23,14,1.25,29,0.39908411088942014,0.2850430852906317,0.8235193187870885,0.7672051471429254,0.05631417164416308,0.8709677419354839,0.8125,0.058467741935483875
google_robot_move_near__seed031__step008,move_near,31,exploration,60,9,0.75,45,0.381200480453523,0.053104804578325615,0.9750603292432177,0.5478836579783233,0.42717667126489445,0.9148936170212766,0.7647058823529411,0.15018773466833546
google_robot_move_near__seed031__step008,move_near,31,exploration,60,11,0.75,45,0.2916129927162788,-0.036482683158918616,0.9760356484804018,0.8105917370425536,0.1654439114378482,0.9565217391304348,0.8,0.15652173913043477
google_robot_move_near__seed031__step008,move_near,31,exploration,60,14,0.75,45,0.2739865176047821,-0.05410915827041529,0.9645394762531723,0.61756499351994,0.3469744827332323,0.875,0.6666666666666666,0.20833333333333337
google_robot_move_near__seed031__step008,move_near,31,exploration,60,9,1.0,60,0.3360499845869936,0.030877957160923453,0.7628098893158475,0.9987612359787733,-0.23595134666292583,0.9672131147540983,0.9672131147540983,0.0
google_robot_move_near__seed031__step008,move_near,31,exploration,60,11,1.0,60,0.3581624639610556,0.052990436534985474,0.9782985477672853,0.9437647616307153,0.03453378613656999,0.875,0.7142857142857143,0.1607142857142857
google_robot_move_near__seed031__step008,move_near,31,exploration,60,14,1.0,60,0.3436132570381735,0.03844122961210339,0.8082830007387548,0.5915599448773259,0.21672305586142893,0.9354838709677419,0.7391304347826086,0.19635343618513323
google_robot_move_near__seed031__step008,move_near,31,exploration,60,9,1.25,75,0.36211562936080544,0.05699665875623422,0.8428911094624191,0.9891657525866844,-0.1462746431242653,0.9230769230769231,0.9230769230769231,0.0
google_robot_move_near__seed031__step008,move_near,31,exploration,60,11,1.25,75,0.35212692793307987,0.047007957328508654,0.9300881180523648,0.8580481614194104,0.07203995663295437,0.9230769230769231,0.7857142857142857,0.13736263736263743
google_robot_move_near__seed031__step008,move_near,31,exploration,60,14,1.25,75,0.3333621819066453,0.028243211302074078,0.9826667868138491,0.6721373506343792,0.31052943617946993,0.9736842105263158,0.8518518518518519,0.12183235867446396
google_robot_move_near__seed031__step040,move_near,31,exploration,45,9,0.75,34,0.4423035102101644,0.3079561308654719,0.980989075618667,0.961596677273059,0.01939239834560802,0.9428571428571428,0.8378378378378378,0.10501930501930501
google_robot_move_near__seed031__step040,move_near,31,exploration,45,11,0.75,34,0.4071247516606859,0.2727773723159934,0.9503899734333326,0.9338328483837582,0.016557125049574406,0.8888888888888888,0.7435897435897436,0.14529914529914523
google_robot_move_near__seed031__step040,move_near,31,exploration,45,14,0.75,34,0.5155578993524292,0.3812105200077367,0.9928227047626326,0.9501997880023062,0.04262291676032637,0.8888888888888888,0.8378378378378378,0.05105105105105101
google_robot_move_near__seed031__step040,move_near,31,exploration,45,9,1.0,45,0.41970407008395805,0.2646453490350368,0.9706950253891269,0.9127274056747812,0.05796761971434572,0.9148936170212766,0.7307692307692307,0.18412438625204586
google_robot_move_near__seed031__step040,move_near,31,exploration,45,11,1.0,45,0.4508726624533122,0.295813941404391,0.9110729352665592,0.7942941411768737,0.1167787940896855,0.8367346938775511,0.7647058823529411,0.07202881152460994
google_robot_move_near__seed031__step040,move_near,31,exploration,45,14,1.0,45,0.4952755528741996,0.3402168318252784,0.9688876329944628,0.955639708859848,0.013247924134614841,0.9148936170212766,0.8367346938775511,0.07815892314372552
google_robot_move_near__seed031__step040,move_near,31,exploration,45,9,1.25,56,0.4045304422828722,0.23084012948416147,0.9872007946469575,0.8902922178707938,0.09690857677616371,0.9649122807017544,0.8064516129032258,0.15846066779852863
google_robot_move_near__seed031__step040,move_near,31,exploration,45,11,1.25,56,0.5161800041285232,0.34248969132981244,0.7782818279622231,0.6631381951722205,0.11514363279000261,0.8666666666666667,0.8064516129032258,0.06021505376344094
google_robot_move_near__seed031__step040,move_near,31,exploration,45,14,1.25,56,0.3797517522437039,0.20606143944499314,0.9808509783553302,0.8466105242653511,0.1342404540899791,0.9649122807017544,0.8666666666666667,0.09824561403508769
google_robot_move_near__seed031__step071,move_near,31,exploration,35,9,0.75,26,0.5353285023275102,0.06713211920632667,0.9676685243384768,0.9527193754251754,0.014949148913301458,0.8571428571428571,0.7931034482758621,0.064039408866995
google_robot_move_near__seed031__step071,move_near,31,exploration,35,11,0.75,26,0.5117213518165603,0.04352496869537681,0.9507902015042297,0.8678487045498096,0.0829414969544201,0.7333333333333333,0.6774193548387096,0.05591397849462365
google_robot_move_near__seed031__step071,move_near,31,exploration,35,14,0.75,26,0.5276113503758141,0.05941496725463058,0.9508693798055763,0.938169141277832,0.012700238527744268,0.8571428571428571,0.7333333333333333,0.12380952380952381
google_robot_move_near__seed031__step071,move_near,31,exploration,35,9,1.0,35,0.5372263545526128,0.13185157712390594,0.9900319024863062,0.9699411985692188,0.02009070391708745,0.8918918918918919,0.8421052631578947,0.049786628733997196
google_robot_move_near__seed031__step071,move_near,31,exploration,35,11,1.0,35,0.6048845496867459,0.199509772258039,0.9553744326161486,0.8924357572960314,0.06293867532011721,0.8918918918918919,0.75,0.14189189189189189
google_robot_move_near__seed031__step071,move_near,31,exploration,35,14,1.0,35,0.439847514178663,0.03447273674995616,0.9486762905294547,0.9238285884759253,0.024847702053529375,0.8918918918918919,0.8421052631578947,0.049786628733997196
google_robot_move_near__seed031__step071,move_near,31,exploration,35,9,1.25,44,0.4688969457876116,0.11081893814697452,0.9894708319974597,0.9708422736226567,0.018628558374802928,0.9555555555555556,0.8723404255319149,0.08321513002364067
google_robot_move_near__seed031__step071,move_near,31,exploration,35,11,1.25,44,0.48100168114144265,0.12292367350080557,0.9493830958601229,0.9079213127097346,0.04146178315038829,0.9130434782608695,0.7959183673469388,0.11712511091393074
google_robot_move_near__seed031__step071,move_near,31,exploration,35,14,1.25,44,0.600426537636083,0.24234852999544593,0.9921889523748031,0.9801442021113437,0.012044750263459414,0.9130434782608695,0.9130434782608695,0.0
google_robot_move_near__seed073__step008,move_near,73,exploration,39,9,0.75,29,0.5102844700598012,0.48794072159560614,0.9845672060983491,0.983148073618669,0.001419132479680174,0.8125,0.8125,0.0
google_robot_move_near__seed073__step008,move_near,73,exploration,39,11,0.75,29,0.4847372476380865,0.4623934991738915,0.9852836179728426,0.9095110358754187,0.07577258209742388,0.8125,0.6111111111111112,0.20138888888888884
google_robot_move_near__seed073__step008,move_near,73,exploration,39,14,0.75,29,0.4548079383461742,0.4324641898819792,0.9523646276569812,0.8565087266860815,0.09585590097089969,0.9333333333333333,0.5263157894736842,0.40701754385964917
google_robot_move_near__seed073__step008,move_near,73,exploration,39,9,1.0,39,0.5208051951041496,0.22945243954393224,0.9888422386672341,0.9925850575108015,-0.0037428188435674192,0.8571428571428571,0.8571428571428571,0.0
google_robot_move_near__seed073__step008,move_near,73,exploration,39,11,1.0,39,0.3991120223911719,0.10775926683095455,0.938933013311353,0.7968908731165686,0.14204214019478445,0.9024390243902439,0.7333333333333333,0.16910569105691065
google_robot_move_near__seed073__step008,move_near,73,exploration,39,14,1.0,39,0.37940505643717315,0.08805230087695581,1.0,0.6508423746228291,0.3491576253771709,1.0,0.625,0.375
google_robot_move_near__seed073__step008,move_near,73,exploration,39,9,1.25,49,0.5314770548268202,0.20289433411747204,0.9902239264682674,0.956626823045509,0.033597103422758456,0.9215686274509803,0.8490566037735849,0.0725120236773954
google_robot_move_near__seed073__step008,move_near,73,exploration,39,11,1.25,49,0.4537792578966798,0.12519653718733165,0.9577626993449501,0.6688096836008737,0.2889530157440764,0.9215686274509803,0.6896551724137931,0.2319134550371872
google_robot_move_near__seed073__step008,move_near,73,exploration,39,14,1.25,49,0.4777777089186996,0.14919498820935145,0.9963570151832378,0.7682339272408502,0.22812308794238767,0.96,0.6333333333333333,0.32666666666666666
google_robot_move_near__seed073__step040,move_near,73,exploration,69,9,0.75,52,0.43866259414687137,0.4118533053906756,0.7556521317937142,0.8996164513048569,-0.14396431951114275,0.8909090909090909,0.8909090909090909,0.0
google_robot_move_near__seed073__step040,move_near,73,exploration,69,11,0.75,52,0.3371862719105197,0.31037698315432394,0.9884161340720173,0.647249513534888,0.3411666205371293,0.9622641509433962,0.8245614035087719,0.1377027474346243
google_robot_move_near__seed073__step040,move_near,73,exploration,69,14,0.75,52,0.4412717682719262,0.41446247951573045,0.9857325624711303,0.887068932142676,0.09866363032845427,0.9259259259259259,0.8245614035087719,0.10136452241715399
google_robot_move_near__seed073__step040,move_near,73,exploration,69,9,1.0,69,0.4712360289669295,0.46137917215071267,0.7625625899758884,0.7687248340297278,-0.006162244053839361,0.8648648648648649,0.8904109589041096,-0.025546094039244682
google_robot_move_near__seed073__step040,move_near,73,exploration,69,11,1.0,69,0.33157673907183555,0.3217198822556187,0.9908174888936231,0.7836662852219581,0.20715120367166495,0.9166666666666666,0.8157894736842105,0.10087719298245612
google_robot_move_near__seed073__step040,move_near,73,exploration,69,14,1.0,69,0.41121044513952526,0.4013535883233084,0.990498242863734,0.9976952063944989,-0.007196963530764933,0.9714285714285714,0.9714285714285714,0.0
google_robot_move_near__seed073__step040,move_near,73,exploration,69,9,1.25,86,0.41206501777106846,0.3905914850793472,0.9882869758285434,0.9650707859807927,0.023216189847750757,0.9545454545454546,0.9545454545454546,0.0
google_robot_move_near__seed073__step040,move_near,73,exploration,69,11,1.25,86,0.39511711534030963,0.3736435826485884,0.9887548093020496,0.9212934278021746,0.06746138149987502,0.9770114942528736,0.8901098901098901,0.08690160414298354
google_robot_move_near__seed073__step040,move_near,73,exploration,69,14,1.25,86,0.31552644928432466,0.2940529165926034,0.9891348804906764,0.968196373643799,0.02093850684687748,0.9770114942528736,0.9111111111111111,0.0659003831417625
google_robot_move_near__seed073__step071,move_near,73,exploration,46,9,0.75,34,0.3915904514160726,-0.27093346527577133,0.6821820389603462,0.6807270804138047,0.0014549585465415404,0.8888888888888888,0.8378378378378378,0.05105105105105101
google_robot_move_near__seed073__step071,move_near,73,exploration,46,11,0.75,34,0.6740780745466117,0.011554157854767766,1.0,0.628332141091594,0.37166785890840603,1.0,0.9428571428571428,0.05714285714285716
google_robot_move_near__seed073__step071,move_near,73,exploration,46,14,0.75,34,0.6573111376005106,-0.0052127790913333305,0.9015086942409014,0.589510968009758,0.3119977262311434,0.9428571428571428,0.8378378378378378,0.10501930501930501
google_robot_move_near__seed073__step071,move_near,73,exploration,46,9,1.0,46,0.5995584218468061,0.32480346467543303,1.0,0.9925511554088681,0.007448844591131931,1.0,0.9166666666666666,0.08333333333333337
google_robot_move_near__seed073__step071,move_near,73,exploration,46,11,1.0,46,0.16537955051758826,-0.10937540665378478,0.6186934811692306,0.5133843117881804,0.10530916938105017,0.8775510204081632,0.803921568627451,0.07362945178071223
google_robot_move_near__seed073__step071,move_near,73,exploration,46,14,1.0,46,0.439357216362445,0.16460225919107196,0.9896394689258589,0.9111505409375278,0.07848892798833107,0.9574468085106383,0.9166666666666666,0.04078014184397172
google_robot_move_near__seed073__step071,move_near,73,exploration,46,9,1.25,58,0.631490283795571,0.41152947253066374,0.9952341753243833,0.9477103885189777,0.04752378680540559,0.9333333333333333,0.9016393442622951,0.031693989071038264
google_robot_move_near__seed073__step071,move_near,73,exploration,46,11,1.25,58,0.008869953723963578,-0.21109085754094375,0.9896262256703423,0.44531516984840014,0.5443110558219422,0.9333333333333333,0.9016393442622951,0.031693989071038264
google_robot_move_near__seed073__step071,move_near,73,exploration,46,14,1.25,58,0.6084440355302578,0.38848322426535054,0.9824977104546276,0.9972530707169079,-0.014755360262280304,0.9016393442622951,0.9661016949152542,-0.06446235065295913
google_robot_move_near__seed089__step008,move_near,89,validation,38,9,0.75,28,0.3732113555671947,0.1579603921316592,0.9601171678761963,0.9177195082732812,0.04239765960291508,0.9310344827586207,0.8064516129032258,0.1245828698553949
google_robot_move_near__seed089__step008,move_near,89,validation,38,11,0.75,28,0.32819273510208985,0.11294177166655434,0.8239316087004741,0.5727541105964186,0.25117749810405554,0.75,0.5555555555555556,0.19444444444444442
google_robot_move_near__seed089__step008,move_near,89,validation,38,14,0.75,28,0.2237375341964156,0.00848657076088008,0.9872058979905208,0.45893746885961684,0.528268429130904,0.8666666666666667,0.47368421052631576,0.39298245614035093
google_robot_move_near__seed089__step008,move_near,89,validation,38,9,1.0,38,0.39794857735529815,0.14735017879514284,1.0,0.9364262518460613,0.06357374815393868,1.0,0.8536585365853658,0.14634146341463417
google_robot_move_near__seed089__step008,move_near,89,validation,38,11,1.0,38,0.3147255827972237,0.06412718423706837,0.615659418038212,0.5923394432011159,0.023319974837096136,0.8536585365853658,0.7272727272727273,0.12638580931263854
google_robot_move_near__seed089__step008,move_near,89,validation,38,14,1.0,38,0.2995543392912826,0.0489559407311273,0.9774391761654502,0.6752918975825724,0.3021472785828778,0.9487179487179487,0.5833333333333334,0.3653846153846153
google_robot_move_near__seed089__step008,move_near,89,validation,38,9,1.25,48,0.4562677451522314,0.22896431810843468,0.976078407757182,0.8922566847982464,0.08382172295893564,0.9591836734693877,0.8461538461538461,0.11302982731554156
google_robot_move_near__seed089__step008,move_near,89,validation,38,11,1.25,48,0.3802463875116724,0.15294296046787567,0.8248827465210731,0.7047792678898053,0.1201034786312678,0.8823529411764706,0.7454545454545455,0.13689839572192508
google_robot_move_near__seed089__step008,move_near,89,validation,38,14,1.25,48,0.43088962907222594,0.20358620202842923,0.8926672230446825,0.6851343231154398,0.20753289992924273,0.8461538461538461,0.5737704918032787,0.2723833543505675
google_robot_move_near__seed089__step040,move_near,89,validation,31,9,0.75,23,0.3378542151656739,0.32269146234833757,0.9750694301571959,0.9750694301571959,0.0,0.9166666666666666,0.9166666666666666,0.0
google_robot_move_near__seed089__step040,move_near,89,validation,31,11,0.75,23,0.2835596122023103,0.268396859384974,0.8799510586098912,0.7273692426224255,0.15258181598746567,0.84,0.6428571428571429,0.19714285714285706
google_robot_move_near__seed089__step040,move_near,89,validation,31,14,0.75,23,0.32854683774209187,0.31338408492475556,0.9691171945403343,0.9676983911042804,0.0014188034360539392,0.9166666666666666,0.9166666666666666,0.0
google_robot_move_near__seed089__step040,move_near,89,validation,31,9,1.0,31,0.30586795832074504,0.18091506622823222,0.8037225028557119,0.8510156668500569,-0.04729316399434502,0.8235294117647058,0.8235294117647058,0.0
google_robot_move_near__seed089__step040,move_near,89,validation,31,11,1.0,31,0.3326151316567631,0.20766223956425028,0.7716717654051636,0.8268548490172615,-0.055183083612097894,0.7714285714285715,0.7714285714285715,0.0
google_robot_move_near__seed089__step040,move_near,89,validation,31,14,1.0,31,0.24185475465617498,0.11690186256366215,0.9699542456551501,0.9736129082479931,-0.003658662592842976,0.9375,0.9375,0.0
google_robot_move_near__seed089__step040,move_near,89,validation,31,9,1.25,39,0.1548645714552033,-0.062235708952841695,0.9378467678658482,0.9348262020594357,0.003020565806412523,0.95,0.9024390243902439,0.04756097560975603
google_robot_move_near__seed089__step040,move_near,89,validation,31,11,1.25,39,0.1555462035145835,-0.061554076893461485,0.9400548636286166,0.9277322170837351,0.012322646544881466,0.9024390243902439,0.8571428571428571,0.04529616724738683
google_robot_move_near__seed089__step040,move_near,89,validation,31,14,1.25,39,0.222347249066939,0.005246968658894013,0.9737951980561353,0.9125362242793402,0.06125897377679512,0.8571428571428571,0.7727272727272727,0.08441558441558439
google_robot_move_near__seed089__step071,move_near,89,validation,46,9,0.75,34,0.13526822848994066,0.12442424164974679,0.9937872827928182,0.6704685630837082,0.3233187197091101,0.9428571428571428,0.8378378378378378,0.10501930501930501
google_robot_move_near__seed089__step071,move_near,89,validation,46,11,0.75,34,0.32331204686242304,0.31246806002222915,0.8250846721840855,0.9531966519064129,-0.12811197972232735,0.7894736842105263,0.8378378378378378,-0.0483641536273115
google_robot_move_near__seed089__step071,move_near,89,validation,46,14,0.75,34,0.23415619605892024,0.22331220921872638,0.9607936672160178,0.9144869464143889,0.0463067208016289,0.8888888888888888,0.8888888888888888,0.0
google_robot_move_near__seed089__step071,move_near,89,validation,46,9,1.0,46,0.17271909905881666,0.042088857909853145,0.9915495472891358,0.9123015054233305,0.07924804186580525,0.9574468085106383,0.8775510204081632,0.07989578810247511
google_robot_move_near__seed089__step071,move_near,89,validation,46,11,1.0,46,0.3005433180266815,0.16991307687771798,0.9750324605243463,0.7860824329495685,0.18895002757477786,0.9166666666666666,0.84,0.07666666666666666
google_robot_move_near__seed089__step071,move_near,89,validation,46,14,1.0,46,0.21260969459182044,0.08197945344285693,0.9907589888447651,0.8959849709354947,0.09477401790927042,0.9574468085106383,0.8775510204081632,0.07989578810247511
google_robot_move_near__seed089__step071,move_near,89,validation,46,9,1.25,58,0.17882705814839062,0.11495143644640438,0.9231299130804462,0.9634594417006449,-0.040329528620198674,0.9016393442622951,0.8709677419354839,0.03067160232681121
google_robot_move_near__seed089__step071,move_near,89,validation,46,11,1.25,58,0.2704708281816855,0.20659520647969926,1.0000000000000002,0.937980759184328,0.06201924081567223,1.0,0.9016393442622951,0.09836065573770492
google_robot_move_near__seed089__step071,move_near,89,validation,46,14,1.25,58,0.1761315873179031,0.11225596561591686,0.9503673369675284,0.9418991663285993,0.008468170638929129,0.9333333333333333,0.8709677419354839,0.062365591397849474
google_robot_move_near__seed095__step008,move_near,95,exploration,39,9,0.75,29,0.5102844700598012,0.34469677080120475,0.9845672060983491,0.983148073618669,0.001419132479680174,0.8125,0.8125,0.0
google_robot_move_near__seed095__step008,move_near,95,exploration,39,11,0.75,29,0.4847372476380865,0.31914954837949006,0.9852836179728426,0.9095110358754187,0.07577258209742388,0.8125,0.6111111111111112,0.20138888888888884
google_robot_move_near__seed095__step008,move_near,95,exploration,39,14,0.75,29,0.4548079383461742,0.28922023908757777,0.9523646276569812,0.8565087266860815,0.09585590097089969,0.9333333333333333,0.5263157894736842,0.40701754385964917
google_robot_move_near__seed095__step008,move_near,95,exploration,39,9,1.0,39,0.5208051951041496,0.40869968848261934,0.9888422386672341,0.9925850575108015,-0.0037428188435674192,0.8571428571428571,0.8571428571428571,0.0
google_robot_move_near__seed095__step008,move_near,95,exploration,39,11,1.0,39,0.3991120223911719,0.28700651576964165,0.938933013311353,0.7968908731165686,0.14204214019478445,0.9024390243902439,0.7333333333333333,0.16910569105691065
google_robot_move_near__seed095__step008,move_near,95,exploration,39,14,1.0,39,0.37940505643717315,0.2672995498156429,1.0,0.6508423746228291,0.3491576253771709,1.0,0.625,0.375
google_robot_move_near__seed095__step008,move_near,95,exploration,39,9,1.25,49,0.5314770548268202,0.32322744652443847,0.9902239264682674,0.956626823045509,0.033597103422758456,0.9215686274509803,0.8490566037735849,0.0725120236773954
google_robot_move_near__seed095__step008,move_near,95,exploration,39,11,1.25,49,0.4537792578966798,0.24552964959429807,0.9577626993449501,0.6688096836008737,0.2889530157440764,0.9215686274509803,0.6896551724137931,0.2319134550371872
google_robot_move_near__seed095__step008,move_near,95,exploration,39,14,1.25,49,0.4777777089186996,0.2695281006163179,0.9963570151832378,0.7682339272408502,0.22812308794238767,0.96,0.6333333333333333,0.32666666666666666
google_robot_move_near__seed095__step040,move_near,95,exploration,69,9,0.75,52,0.43866259414687137,0.31645951036845554,0.7556521317937142,0.8996164513048569,-0.14396431951114275,0.8909090909090909,0.8909090909090909,0.0
google_robot_move_near__seed095__step040,move_near,95,exploration,69,11,0.75,52,0.3371862719105197,0.21498318813210388,0.9884161340720173,0.647249513534888,0.3411666205371293,0.9622641509433962,0.8245614035087719,0.1377027474346243
google_robot_move_near__seed095__step040,move_near,95,exploration,69,14,0.75,52,0.4412717682719262,0.3190686844935104,0.9857325624711303,0.887068932142676,0.09866363032845427,0.9259259259259259,0.8245614035087719,0.10136452241715399
google_robot_move_near__seed095__step040,move_near,95,exploration,69,9,1.0,69,0.4712360289669295,0.3275331689000384,0.7625625899758884,0.7687248340297278,-0.006162244053839361,0.8648648648648649,0.8904109589041096,-0.025546094039244682
google_robot_move_near__seed095__step040,move_near,95,exploration,69,11,1.0,69,0.33157673907183555,0.18787387900494446,0.9908174888936231,0.7836662852219581,0.20715120367166495,0.9166666666666666,0.8157894736842105,0.10087719298245612
google_robot_move_near__seed095__step040,move_near,95,exploration,69,14,1.0,69,0.41121044513952526,0.26750758507263417,0.990498242863734,0.9976952063944989,-0.007196963530764933,0.9714285714285714,0.9714285714285714,0.0
google_robot_move_near__seed095__step040,move_near,95,exploration,69,9,1.25,86,0.41206501777106846,0.23442747216075338,0.9882869758285434,0.9650707859807927,0.023216189847750757,0.9545454545454546,0.9545454545454546,0.0
google_robot_move_near__seed095__step040,move_near,95,exploration,69,11,1.25,86,0.39511711534030963,0.21747956972999455,0.9887548093020496,0.9212934278021746,0.06746138149987502,0.9770114942528736,0.8901098901098901,0.08690160414298354
google_robot_move_near__seed095__step040,move_near,95,exploration,69,14,1.25,86,0.31552644928432466,0.13788890367400958,0.9891348804906764,0.968196373643799,0.02093850684687748,0.9770114942528736,0.9111111111111111,0.0659003831417625
google_robot_move_near__seed095__step071,move_near,95,exploration,46,9,0.75,34,0.3915904514160726,0.20754588278437305,0.6821820389603462,0.6807270804138047,0.0014549585465415404,0.8888888888888888,0.8378378378378378,0.05105105105105101
google_robot_move_near__seed095__step071,move_near,95,exploration,46,11,0.75,34,0.6740780745466117,0.4900335059149121,1.0,0.628332141091594,0.37166785890840603,1.0,0.9428571428571428,0.05714285714285716
google_robot_move_near__seed095__step071,move_near,95,exploration,46,14,0.75,34,0.6573111376005106,0.47326656896881103,0.9015086942409014,0.589510968009758,0.3119977262311434,0.9428571428571428,0.8378378378378378,0.10501930501930501
google_robot_move_near__seed095__step071,move_near,95,exploration,46,9,1.0,46,0.5995584218468061,0.3604738614080405,1.0,0.9925511554088681,0.007448844591131931,1.0,0.9166666666666666,0.08333333333333337
google_robot_move_near__seed095__step071,move_near,95,exploration,46,11,1.0,46,0.16537955051758826,-0.07370500992117732,0.6186934811692306,0.5133843117881804,0.10530916938105017,0.8775510204081632,0.803921568627451,0.07362945178071223
google_robot_move_near__seed095__step071,move_near,95,exploration,46,14,1.0,46,0.439357216362445,0.20027265592367943,0.9896394689258589,0.9111505409375278,0.07848892798833107,0.9574468085106383,0.9166666666666666,0.04078014184397172
google_robot_move_near__seed095__step071,move_near,95,exploration,46,9,1.25,58,0.631490283795571,0.012730129145559488,0.9952341753243833,0.9477103885189777,0.04752378680540559,0.9333333333333333,0.9016393442622951,0.031693989071038264
google_robot_move_near__seed095__step071,move_near,95,exploration,46,11,1.25,58,0.008869953723963578,-0.609890200926048,0.9896262256703423,0.44531516984840014,0.5443110558219422,0.9333333333333333,0.9016393442622951,0.031693989071038264
google_robot_move_near__seed095__step071,move_near,95,exploration,46,14,1.25,58,0.6084440355302578,-0.01031611911975372,0.9824977104546276,0.9972530707169079,-0.014755360262280304,0.9016393442622951,0.9661016949152542,-0.06446235065295913
google_robot_move_near__seed098__step008,move_near,98,exploration,59,9,0.75,44,0.4537124183461915,0.14661479695980306,0.8044923241208233,0.7265109684014509,0.07798135571937237,0.9130434782608695,0.7959183673469388,0.11712511091393074
google_robot_move_near__seed098__step008,move_near,98,exploration,59,11,0.75,44,0.476439355904738,0.16934173451834955,0.9458798506538879,0.9729590207208688,-0.027079170066980907,0.9130434782608695,0.8723404255319149,0.04070305272895458
google_robot_move_near__seed098__step008,move_near,98,exploration,59,14,0.75,44,0.5925858078270093,0.28548818644062085,0.983118016293839,0.5945965790802051,0.38852143721363386,0.9130434782608695,0.7254901960784313,0.18755328218243816
google_robot_move_near__seed098__step008,move_near,98,exploration,59,9,1.0,59,0.4896566120507424,0.20866519113550025,0.8899529257525103,0.908875011339148,-0.01892208558663777,0.9344262295081968,0.9344262295081968,0.0
google_robot_move_near__seed098__step008,move_near,98,exploration,59,11,1.0,59,0.4424871192845679,0.16149569836932576,0.987373036696611,0.9067486364201264,0.08062440027648465,0.9032258064516129,0.873015873015873,0.030209933435739855
google_robot_move_near__seed098__step008,move_near,98,exploration,59,14,1.0,59,0.5953700720614832,0.31437865114624103,0.978148160515003,0.8007406440913433,0.1774075164236597,0.873015873015873,0.7352941176470589,0.13772175536881415
google_robot_move_near__seed098__step008,move_near,98,exploration,59,9,1.25,74,0.4609663467554186,0.1540113499920544,0.8423437646517881,0.8523275073541106,-0.009983742702322496,0.9473684210526315,0.9473684210526315,0.0
google_robot_move_near__seed098__step008,move_near,98,exploration,59,11,1.25,74,0.4131073856306579,0.10615238886729372,0.9891488281559555,0.9731232138677147,0.016025614288240786,0.8974358974358975,0.85,0.04743589743589749
google_robot_move_near__seed098__step008,move_near,98,exploration,59,14,1.25,74,0.514795982926504,0.20784098616313978,0.876699011896728,0.7951546326276345,0.08154437926909353,0.9473684210526315,0.8734177215189873,0.07395069953364419
google_robot_move_near__seed098__step040,move_near,98,exploration,91,9,0.75,68,0.2382741527020238,-0.035564950816847685,0.9866666059075216,0.9991370138703028,-0.012470407962781205,0.9710144927536232,0.9710144927536232,0.0
google_robot_move_near__seed098__step040,move_near,98,exploration,91,11,0.75,68,0.3879638426573244,0.11412473913845295,0.903271205470933,0.9995296943578157,-0.09625848888688271,0.8888888888888888,0.9710144927536232,-0.08212560386473433
google_robot_move_near__seed098__step040,move_near,98,exploration,91,14,0.75,68,0.3660938363071822,0.0922547327883107,0.9915633668991708,0.940076016066621,0.05148735083254985,0.9428571428571428,0.9154929577464789,0.027364185110663963
google_robot_move_near__seed098__step040,move_near,98,exploration,91,9,1.0,91,0.2519799768191843,-0.14862957023846324,0.9664034564292475,0.9591974585804346,0.007205997848812928,0.9782608695652174,0.9782608695652174,0.0
google_robot_move_near__seed098__step040,move_near,98,exploration,91,11,1.0,91,0.4525882303802158,0.05197868332256822,0.981753370517651,0.9744430895958192,0.007310280921831835,0.956989247311828,0.9157894736842105,0.04119977362761751
google_robot_move_near__seed098__step040,move_near,98,exploration,91,14,1.0,91,0.3593515789058077,-0.04125796815183985,0.9960127857375732,0.8912902136956223,0.1047225720419509,0.956989247311828,0.8958333333333334,0.061155913978494625
google_robot_move_near__seed098__step040,move_near,98,exploration,91,9,1.25,114,0.47342114573150607,0.050837849382406874,0.9294001046843264,0.9913815613353437,-0.061981456651017286,0.9826086956521739,0.9487179487179487,0.033890746934225224
google_robot_move_near__seed098__step040,move_near,98,exploration,91,11,1.25,114,0.4902158627363997,0.06763256638730053,0.9933500964873273,0.9858865796165762,0.007463516870751086,0.9487179487179487,0.9487179487179487,0.0
google_robot_move_near__seed098__step040,move_near,98,exploration,91,14,1.25,114,0.37317877405357763,-0.04940452229552156,0.9875493498129231,0.9316175315779841,0.05593181823493898,0.9826086956521739,0.9322033898305084,0.05040530582166547
google_robot_move_near__seed098__step071,move_near,98,exploration,19,9,0.75,14,0.13926429085885061,0.08738576022175856,1.0,0.4395364074004901,0.5604635925995098,1.0,0.75,0.25
google_robot_move_near__seed098__step071,move_near,98,exploration,19,11,0.75,14,0.5429789315424106,0.4911004009053186,0.9721494763124922,0.31489078715819374,0.6572586891542984,0.75,0.47368421052631576,0.27631578947368424
google_robot_move_near__seed098__step071,move_near,98,exploration,19,14,0.75,14,0.5259465054804746,0.4740679748433826,0.973595044343233,0.8423765677484353,0.13121847659479768,0.8666666666666667,0.75,0.1166666666666667
google_robot_move_near__seed098__step071,move_near,98,exploration,19,9,1.0,19,0.5252768961166848,0.4384429914469077,1.0,1.0,0.0,1.0,1.0,0.0
google_robot_move_near__seed098__step071,move_near,98,exploration,19,11,1.0,19,0.7770608762248109,0.6902269715550338,0.9158026201109152,0.8752903569439369,0.04051226316697831,0.7272727272727273,0.7272727272727273,0.0
google_robot_move_near__seed098__step071,move_near,98,exploration,19,14,1.0,19,0.5273284033299876,0.4404944986602105,0.991786815758581,0.2850919285950936,0.7066948871634874,0.9,0.7272727272727273,0.17272727272727273
google_robot_move_near__seed098__step071,move_near,98,exploration,19,9,1.25,24,0.6990294464154264,0.743595285672686,0.8051327490861353,0.8542211400122426,-0.049088390926107284,0.8461538461538461,0.8461538461538461,0.0
google_robot_move_near__seed098__step071,move_near,98,exploration,19,11,1.25,24,0.810850857498259,0.8554166967555186,0.972034558963423,0.922077673401574,0.04995688556184896,0.8461538461538461,0.7777777777777778,0.06837606837606836
google_robot_move_near__seed098__step071,move_near,98,exploration,19,14,1.25,24,0.5869282371095789,0.6314940763668384,0.9848254462516076,0.5070988400186135,0.4777266062329941,0.92,0.8461538461538461,0.0738461538461539
google_robot_move_near__seed099__step008,move_near,99,exploration,42,9,0.75,32,0.35516208974711877,0.3007661532156154,0.8749010838887276,0.7663973087111676,0.10850377517755994,0.8823529411764706,0.8285714285714286,0.05378151260504194
google_robot_move_near__seed099__step008,move_near,99,exploration,42,11,0.75,32,0.35182316566880373,0.29742722913730035,1.0,0.8240857710197197,0.1759142289802803,1.0,0.8285714285714286,0.17142857142857137
google_robot_move_near__seed099__step008,move_near,99,exploration,42,14,0.75,32,0.2771782818400425,0.22278234530853916,1.0,0.7345013293646901,0.26549867063530985,1.0,0.6,0.4
google_robot_move_near__seed099__step008,move_near,99,exploration,42,9,1.0,42,0.4320510127822141,0.34353652507656907,0.9735255765257689,0.9700838862728555,0.0034416902529134097,0.9534883720930233,0.8260869565217391,0.12740141557128415
google_robot_move_near__seed099__step008,move_near,99,exploration,42,11,1.0,42,0.3444619488641076,0.25594746115846256,1.0,0.9317209659547928,0.06827903404520719,1.0,0.9090909090909091,0.09090909090909094
google_robot_move_near__seed099__step008,move_near,99,exploration,42,14,1.0,42,0.18773080484630192,0.0992163171406569,0.7221973846911034,0.6198960017254073,0.10230138296569613,0.9534883720930233,0.7142857142857143,0.23920265780730898
google_robot_move_near__seed099__step008,move_near,99,exploration,42,9,1.25,52,0.46525077430782985,0.348245780808441,0.9975032364972588,0.9370027133129318,0.06050052318432697,0.9622641509433962,0.8909090909090909,0.07135506003430536
google_robot_move_near__seed099__step008,move_near,99,exploration,42,11,1.25,52,0.33357339842068273,0.21656840492129387,0.9316448458212436,0.9149123290659592,0.01673251675528442,0.9622641509433962,0.7931034482758621,0.16916070266753414
google_robot_move_near__seed099__step008,move_near,99,exploration,42,14,1.25,52,0.2681620489103807,0.15115705541099184,0.9638303515753579,0.9377177785960727,0.026112572979285154,0.8909090909090909,0.7931034482758621,0.09780564263322877
google_robot_move_near__seed099__step040,move_near,99,exploration,9,9,0.75,7,0.037034583482083626,-0.13973470059613202,0.9121926230053673,0.4706408460353198,0.4415517769700475,0.75,0.4,0.35
google_robot_move_near__seed099__step040,move_near,99,exploration,9,11,0.75,7,0.04408685492010744,-0.1326824291581082,0.7652335202824935,0.8342190255533243,-0.0689855052708308,0.75,0.4,0.35
google_robot_move_near__seed099__step040,move_near,99,exploration,9,14,0.75,7,0.0906610637850734,-0.08610822029314226,0.6362528201732688,0.8277282380185736,-0.19147541784530486,0.75,0.5555555555555556,0.19444444444444442
google_robot_move_near__seed099__step040,move_near,99,exploration,9,9,1.0,9,0.030368670188718482,-0.16827632216321195,0.7276893774732475,0.47919730489040663,0.24849207258284084,0.8,0.38461538461538464,0.4153846153846154
google_robot_move_near__seed099__step040,move_near,99,exploration,9,11,1.0,9,0.23485023119276058,0.036205238840830156,1.0,0.4856058482021568,0.5143941517978432,1.0,0.38461538461538464,0.6153846153846154
google_robot_move_near__seed099__step040,move_near,99,exploration,9,14,1.0,9,0.1573277484080339,-0.04131724394389652,0.5430858077890772,0.781563874048179,-0.23847806625910173,0.8,0.38461538461538464,0.4153846153846154
google_robot_move_near__seed099__step040,move_near,99,exploration,9,9,1.25,11,0.11681672432113609,0.03997289748188686,0.5110006821765178,0.20583546292175212,0.3051652192547657,0.8333333333333334,0.29411764705882354,0.5392156862745099
google_robot_move_near__seed099__step040,move_near,99,exploration,9,11,1.25,11,0.21057240039225933,0.1337285735530101,1.0,0.40556041824585587,0.5944395817541441,1.0,0.375,0.625
google_robot_move_near__seed099__step040,move_near,99,exploration,9,14,1.25,11,0.20471097817745446,0.12786715133820523,0.6577240873407474,0.688677006133696,-0.03095291879294859,0.8333333333333334,0.4666666666666667,0.3666666666666667
google_robot_move_near__seed099__step071,move_near,99,exploration,27,9,0.75,20,0.17146378511139201,0.15416273370345174,0.9451721535864412,0.9841644855913246,-0.03899233200488339,0.9047619047619048,0.9047619047619048,0.0
google_robot_move_near__seed099__step071,move_near,99,exploration,27,11,0.75,20,0.188555053031678,0.17125400162373772,0.9409240532654536,0.8635345257044809,0.07738952756097273,0.9047619047619048,0.7391304347826086,0.16563146997929612
google_robot_move_near__seed099__step071,move_near,99,exploration,27,14,0.75,20,0.17142812997535128,0.154127078567411,0.8726231228872292,0.7469754693211392,0.12564765356608998,0.9047619047619048,0.8181818181818182,0.08658008658008653
google_robot_move_near__seed099__step071,move_near,99,exploration,27,9,1.0,27,0.13456644515733623,0.15149588583024712,0.9916488444936946,0.9908413066062663,0.0008075378874282668,0.9285714285714286,0.8620689655172413,0.06650246305418728
google_robot_move_near__seed099__step071,move_near,99,exploration,27,11,1.0,27,0.17659151508125503,0.19352095575416592,0.6321541441750004,0.9939743872423814,-0.36182024306738103,0.8,0.9285714285714286,-0.12857142857142856
google_robot_move_near__seed099__step071,move_near,99,exploration,27,14,1.0,27,0.18849449797789833,0.2054239386508092,0.978058499768898,0.770795143074699,0.20726335669419904,0.8620689655172413,0.8,0.06206896551724128
google_robot_move_near__seed099__step071,move_near,99,exploration,27,9,1.25,34,0.2398775637767184,0.2969350694419825,0.9886527365443888,0.9981365303677611,-0.009483793823372277,0.9428571428571428,0.9428571428571428,0.0
google_robot_move_near__seed099__step071,move_near,99,exploration,27,11,1.25,34,0.109281592160064,0.1663390978253281,0.8501135751878968,0.9928884101900542,-0.14277483500215749,0.9428571428571428,0.8888888888888888,0.053968253968254
google_robot_move_near__seed099__step071,move_near,99,exploration,27,14,1.25,34,0.16241828068411282,0.21947578634937692,0.9917956844723497,0.756871934998467,0.23492374947388261,0.9428571428571428,0.8378378378378378,0.10501930501930501
google_robot_open_drawer__seed000__step011,open_drawer,0,validation,35,9,0.75,26,0.30535623137262813,0.11992638787962573,1.0,0.9581178158515281,0.04188218414847189,1.0,0.7333333333333333,0.2666666666666667
google_robot_open_drawer__seed000__step011,open_drawer,0,validation,35,11,0.75,26,0.23159955157901194,0.04616970808600954,0.9779732392534574,0.6169442025989409,0.36102903665451647,0.8571428571428571,0.4857142857142857,0.3714285714285714
google_robot_open_drawer__seed000__step011,open_drawer,0,validation,35,14,0.75,26,0.28057938622655654,0.09514954273355414,0.7285097697020241,0.7886152982139084,-0.06010552851188433,0.8571428571428571,0.7333333333333333,0.12380952380952381
google_robot_open_drawer__seed000__step011,open_drawer,0,validation,35,9,1.0,35,0.18558607123683216,0.0579331610431095,1.0,0.8477848178796842,0.15221518212031582,1.0,0.7948717948717948,0.20512820512820518
google_robot_open_drawer__seed000__step011,open_drawer,0,validation,35,11,1.0,35,0.1864697174197882,0.058816807226065554,0.9937997719659076,0.8606950321402493,0.1331047398256583,0.8918918918918919,0.5217391304347826,0.3701527614571093
google_robot_open_drawer__seed000__step011,open_drawer,0,validation,35,14,1.0,35,0.17208618422046093,0.04443327402673827,0.8417021226332184,0.7066124545504721,0.13508966808274636,0.8918918918918919,0.7948717948717948,0.09702009702009706
google_robot_open_drawer__seed000__step011,open_drawer,0,validation,35,9,1.25,44,0.18278300110049409,0.05700545785848393,0.9778937815011218,0.9540741730137802,0.02381960848734166,0.9555555555555556,0.76,0.1955555555555556
google_robot_open_drawer__seed000__step011,open_drawer,0,validation,35,11,1.25,44,0.21270703423645906,0.08692949099444891,0.960703538221099,0.9142293832976298,0.04647415492346918,0.8333333333333334,0.6296296296296297,0.20370370370370372
google_robot_open_drawer__seed000__step011,open_drawer,0,validation,35,14,1.25,44,0.18251900720516936,0.05674146396315921,0.99566232066955,0.9302035465178098,0.06545877415174017,0.9555555555555556,0.7254901960784313,0.23006535947712425
google_robot_open_drawer__seed000__step056,open_drawer,0,validation,40,9,0.75,30,0.22073561944424913,0.06940999713740029,0.9741586677356316,0.9773516649824607,-0.003192997246829088,0.9354838709677419,0.9354838709677419,0.0
google_robot_open_drawer__seed000__step056,open_drawer,0,validation,40,11,0.75,30,0.2518036077068504,0.10047798540000155,1.0,0.9257765707046443,0.07422342929535575,1.0,0.875,0.125
google_robot_open_drawer__seed000__step056,open_drawer,0,validation,40,14,0.75,30,0.20695244925143083,0.055626826944581986,0.9702771571205311,0.8966403849882144,0.07363677213231667,0.875,0.875,0.0
google_robot_open_drawer__seed000__step056,open_drawer,0,validation,40,9,1.0,40,0.22006178072271546,0.04012161816703169,0.88091009784403,0.8779327961078606,0.002977301736169391,0.9047619047619048,0.9512195121951219,-0.04645760743321714
google_robot_open_drawer__seed000__step056,open_drawer,0,validation,40,11,1.0,40,0.2593837857020033,0.07944362314631956,0.9142775263478357,0.945066897864063,-0.030789371516227293,0.9512195121951219,0.9047619047619048,0.04645760743321714
google_robot_open_drawer__seed000__step056,open_drawer,0,validation,40,14,1.0,40,0.21242151713912136,0.032481354583437594,0.9642671061133465,0.8893618803688682,0.07490522574447833,0.9047619047619048,0.9047619047619048,0.0
google_robot_open_drawer__seed000__step056,open_drawer,0,validation,40,9,1.25,50,0.3269762799136824,0.05185223658157906,0.9442685379637855,0.9040064527285262,0.040262085235259315,0.9230769230769231,0.9607843137254902,-0.037707390648567096
google_robot_open_drawer__seed000__step056,open_drawer,0,validation,40,11,1.25,50,0.2417976289790992,-0.033326414353004125,0.9450546688927215,0.9540877247150551,-0.009033055822333602,0.9230769230769231,0.8867924528301887,0.036284470246734424
google_robot_open_drawer__seed000__step056,open_drawer,0,validation,40,14,1.25,50,0.24399764251372047,-0.03112640081838286,0.9587470459620162,0.9508574401539169,0.007889605808099276,0.9230769230769231,0.9230769230769231,0.0
google_robot_open_drawer__seed000__step101,open_drawer,0,validation,23,9,0.75,17,0.43025055698975634,0.6417494859166989,0.8184480725286524,0.9598204446953235,-0.1413723721666711,0.6190476190476191,0.7894736842105263,-0.17042606516290726
google_robot_open_drawer__seed000__step101,open_drawer,0,validation,23,11,0.75,17,0.6738646067787836,0.8853635357057261,0.9936738343364264,0.9816225485770013,0.012051285759425157,0.8888888888888888,0.6190476190476191,0.26984126984126977
google_robot_open_drawer__seed000__step101,open_drawer,0,validation,23,14,0.75,17,0.6317739618016037,0.8432728907285463,0.998746111166927,0.9976851078063808,0.0010610033605462643,0.8888888888888888,0.8888888888888888,0.0
google_robot_open_drawer__seed000__step101,open_drawer,0,validation,23,9,1.0,23,0.4065244684104768,0.7173552576498067,0.9925220757964509,0.7382004553169326,0.25432162047951834,0.84,0.7692307692307693,0.0707692307692307
google_robot_open_drawer__seed000__step101,open_drawer,0,validation,23,11,1.0,23,0.6784897788665472,0.989320568105877,0.9957985181531464,0.9045595360735658,0.09123898207958059,0.9166666666666666,0.6428571428571429,0.2738095238095237
google_robot_open_drawer__seed000__step101,open_drawer,0,validation,23,14,1.0,23,0.6378384079059848,0.9486691971453147,1.0,0.9960904226157431,0.0039095773842569015,1.0,0.9166666666666666,0.08333333333333337
google_robot_open_drawer__seed000__step101,open_drawer,0,validation,23,9,1.25,29,0.5177864992126269,0.5250884598169296,0.9676296287059435,0.9467049949335397,0.020924633772403833,0.7575757575757576,0.9333333333333333,-0.17575757575757578
google_robot_open_drawer__seed000__step101,open_drawer,0,validation,23,11,1.25,29,0.6575371677689087,0.6648391283732115,0.9152272357241474,0.8640094176660976,0.05121781805804981,0.9333333333333333,0.7575757575757576,0.17575757575757578
google_robot_open_drawer__seed000__step101,open_drawer,0,validation,23,14,1.25,29,0.6160953777451774,0.6233973383494802,0.9961204372772126,0.98107893711098,0.015041500166232513,0.9333333333333333,0.8709677419354839,0.062365591397849474
google_robot_open_drawer__seed001__step011,open_drawer,1,validation,40,9,0.75,30,0.4652891304636884,0.27817181450948886,1.0,0.9167846031679024,0.08321539683209755,1.0,0.7647058823529411,0.23529411764705888
google_robot_open_drawer__seed001__step011,open_drawer,1,validation,40,11,0.75,30,0.5139584403967047,0.3268411244425051,0.9305220044795002,0.9072971080613881,0.023224896418112095,0.6666666666666666,0.6216216216216216,0.04504504504504503
google_robot_open_drawer__seed001__step011,open_drawer,1,validation,40,14,0.75,30,0.5586148970277648,0.37149758107356523,0.9785869338795732,0.8246270393544788,0.1539598945250944,0.875,0.7142857142857143,0.1607142857142857
google_robot_open_drawer__seed001__step011,open_drawer,1,validation,40,9,1.0,40,0.5057905319122752,0.32121725957012426,0.9821786327557956,0.9076817521219168,0.07449688063387883,0.9047619047619048,0.7777777777777778,0.12698412698412698
google_robot_open_drawer__seed001__step011,open_drawer,1,validation,40,11,1.0,40,0.44796871590615717,0.26339544356400624,0.9595099653760233,0.8654057874857006,0.09410417789032266,0.8604651162790697,0.7021276595744681,0.15833745670460164
google_robot_open_drawer__seed001__step011,open_drawer,1,validation,40,14,1.0,40,0.4810230025972957,0.29644973025514476,0.9638288855389822,0.8828344092984867,0.0809944762404955,0.7777777777777778,0.6666666666666666,0.11111111111111116
google_robot_open_drawer__seed001__step011,open_drawer,1,validation,40,9,1.25,50,0.4071506641097262,0.2200788080994451,0.9407152702788553,0.9210359009912713,0.01967936928758396,0.8867924528301887,0.8518518518518519,0.034940600978336844
google_robot_open_drawer__seed001__step011,open_drawer,1,validation,40,11,1.25,50,0.4797590404046248,0.2926871843943437,0.9613239670013506,0.9023267577497114,0.058997209251639204,0.8518518518518519,0.7543859649122807,0.09746588693957114
google_robot_open_drawer__seed001__step011,open_drawer,1,validation,40,14,1.25,50,0.43777814130980036,0.2507062852995192,0.9392860771452232,0.9405505977997907,-0.0012645206545675025,0.8518518518518519,0.7857142857142857,0.06613756613756616
google_robot_open_drawer__seed001__step056,open_drawer,1,validation,37,9,0.75,28,0.06563237407031529,-0.14136931192383528,0.9509581222290958,0.9863472655994188,-0.03538914337032295,0.8666666666666667,0.9310344827586207,-0.06436781609195397
google_robot_open_drawer__seed001__step056,open_drawer,1,validation,37,11,0.75,28,0.13205431849876,-0.07494736749539055,0.9522985560023692,0.9706324012485784,-0.01833384524620918,0.9310344827586207,0.8666666666666667,0.06436781609195397
google_robot_open_drawer__seed001__step056,open_drawer,1,validation,37,14,0.75,28,0.20813707117894495,0.0011353851847943908,0.9270121415027752,0.8230949975707728,0.10391714393200246,0.8666666666666667,0.8666666666666667,0.0
google_robot_open_drawer__seed001__step056,open_drawer,1,validation,37,9,1.0,37,0.06014337092074059,-0.11512117839943262,0.9755669232385425,0.9755669232385425,0.0,0.9473684210526315,0.9473684210526315,0.0
google_robot_open_drawer__seed001__step056,open_drawer,1,validation,37,11,1.0,37,0.16071480535555316,-0.014549743964620054,0.963708365774378,0.951190879371027,0.012517486403351041,0.8974358974358975,0.85,0.04743589743589749
google_robot_open_drawer__seed001__step056,open_drawer,1,validation,37,14,1.0,37,0.2020765512847035,0.02681200196453029,1.0,0.9437094857221057,0.05629051427789433,1.0,0.9473684210526315,0.052631578947368474
google_robot_open_drawer__seed001__step056,open_drawer,1,validation,37,9,1.25,46,0.12509192505305813,-0.11432407169250089,0.9677234316217566,0.9009114607328025,0.06681197088895408,0.9166666666666666,0.9574468085106383,-0.04078014184397172
google_robot_open_drawer__seed001__step056,open_drawer,1,validation,37,11,1.25,46,0.1684117808927106,-0.07100421585284841,0.955556734050767,0.9595028130975396,-0.003946079046772577,0.84,0.803921568627451,0.03607843137254896
google_robot_open_drawer__seed001__step056,open_drawer,1,validation,37,14,1.25,46,0.148814977624777,-0.09060101912078203,0.991242624237436,0.899299988299425,0.091942635938011,0.8775510204081632,0.9166666666666666,-0.03911564625850339
google_robot_open_drawer__seed001__step101,open_drawer,1,validation,31,9,0.75,23,0.3482467634216624,0.043745766139513254,0.940031946295071,0.9078847267015405,0.03214721959353051,0.9166666666666666,0.84,0.07666666666666666
google_robot_open_drawer__seed001__step101,open_drawer,1,validation,31,11,0.75,23,0.2382010189759672,-0.06629997830618192,0.9697119344591464,0.9273465779243318,0.04236535653481455,0.9166666666666666,0.84,0.07666666666666666
google_robot_open_drawer__seed001__step101,open_drawer,1,validation,31,14,0.75,23,0.2402627912702112,-0.06423820601193794,0.9289361375102119,0.9289361375102119,0.0,0.9166666666666666,0.9166666666666666,0.0
google_robot_open_drawer__seed001__step101,open_drawer,1,validation,31,9,1.0,31,0.36691526195122814,0.20823005595421154,0.9461388880662777,0.9721681496325775,-0.02602926156629981,0.9375,0.9375,0.0
google_robot_open_drawer__seed001__step101,open_drawer,1,validation,31,11,1.0,31,0.256347726656244,0.0976625206592274,0.7506227604712475,0.7953976724980851,-0.04477491202683759,0.7714285714285715,0.6756756756756757,0.0957528957528958
google_robot_open_drawer__seed001__step101,open_drawer,1,validation,31,14,1.0,31,0.4370733307384114,0.27838812474139485,1.0,0.8319764225311296,0.16802357746887042,1.0,0.8787878787878788,0.12121212121212122
google_robot_open_drawer__seed001__step101,open_drawer,1,validation,31,9,1.25,39,0.3327473871105589,0.15999282542946927,0.9923639682557012,0.993484367255561,-0.0011203989998598285,0.95,0.95,0.0
google_robot_open_drawer__seed001__step101,open_drawer,1,validation,31,11,1.25,39,0.4543320125031232,0.28157745082203356,0.8975875222312385,0.9003432041170735,-0.0027556818858349708,0.9024390243902439,0.8571428571428571,0.04529616724738683
google_robot_open_drawer__seed001__step101,open_drawer,1,validation,31,14,1.25,39,0.562143400001198,0.3893888383201084,0.8859515850500217,0.841107610337252,0.044843974712769685,0.95,0.9024390243902439,0.04756097560975603
google_robot_open_drawer__seed002__step011,open_drawer,2,validation,37,9,0.75,28,0.1678946048364236,8.26321890190218e-05,0.9510682701090504,0.9224885932922038,0.02857967681684659,0.9310344827586207,0.75,0.18103448275862066
google_robot_open_drawer__seed002__step011,open_drawer,2,validation,37,11,0.75,28,0.06934875041069201,-0.09846322223671257,0.9935489958758107,0.4382117921382515,0.5553372037375592,0.9310344827586207,0.6,0.3310344827586207
google_robot_open_drawer__seed002__step011,open_drawer,2,validation,37,14,0.75,28,0.11440781224528551,-0.053404160402119066,0.9688916364036609,0.8090270858609182,0.15986455054274273,0.9310344827586207,0.6470588235294118,0.28397565922920887
google_robot_open_drawer__seed002__step011,open_drawer,2,validation,37,9,1.0,37,0.20915218668780344,0.030942873427175277,1.0,0.9722134385069893,0.02778656149301073,1.0,0.8974358974358975,0.10256410256410253
google_robot_open_drawer__seed002__step011,open_drawer,2,validation,37,11,1.0,37,0.03866084372104947,-0.1395484695395787,0.9530585398682073,0.9652039223557951,-0.012145382487587786,0.8048780487804879,0.7209302325581395,0.08394781622234837
google_robot_open_drawer__seed002__step011,open_drawer,2,validation,37,14,1.0,37,0.061021505618679694,-0.11718780764194847,1.0,0.6187069233521979,0.3812930766478021,1.0,0.8048780487804879,0.19512195121951215
google_robot_open_drawer__seed002__step011,open_drawer,2,validation,37,9,1.25,46,0.08689197186388413,-0.03980536114162071,1.0,0.9243869371621051,0.07561306283789493,1.0,0.7692307692307693,0.23076923076923073
google_robot_open_drawer__seed002__step011,open_drawer,2,validation,37,11,1.25,46,0.11584488199398224,-0.010852451011522601,0.8358350418898107,0.7234016780869682,0.11243336380284252,0.84,0.7358490566037735,0.10415094339622644
google_robot_open_drawer__seed002__step011,open_drawer,2,validation,37,14,1.25,46,0.12164667655142887,-0.005050656454075972,0.9760335357490962,0.9653247547269483,0.010708781022147895,0.8775510204081632,0.8775510204081632,0.0
google_robot_open_drawer__seed002__step056,open_drawer,2,validation,42,9,0.75,32,0.2480529526973766,0.02910192598143893,0.9813029722797998,0.9676829382476481,0.013620034032151729,0.9393939393939394,0.8823529411764706,0.057040998217468886
google_robot_open_drawer__seed002__step056,open_drawer,2,validation,42,11,0.75,32,0.23867467371697612,0.019723647001038458,0.7819302095104348,0.8171809230868173,-0.03525071357638254,0.7297297297297297,0.6410256410256411,0.08870408870408863
google_robot_open_drawer__seed002__step056,open_drawer,2,validation,42,14,0.75,32,0.3057121169780433,0.08676109026210563,0.9820664232785766,0.9465647023310729,0.0355017209475037,0.8823529411764706,0.7777777777777778,0.10457516339869277
google_robot_open_drawer__seed002__step056,open_drawer,2,validation,42,9,1.0,42,0.22594039372062288,-0.018266059884493924,0.9701130311841969,0.9646206529352255,0.005492378248971419,0.9090909090909091,0.9090909090909091,0.0
google_robot_open_drawer__seed002__step056,open_drawer,2,validation,42,11,1.0,42,0.1601067934334914,-0.0840996601716254,0.9924862885620837,0.7429178050230331,0.2495684835390506,0.9534883720930233,0.8260869565217391,0.12740141557128415
google_robot_open_drawer__seed002__step056,open_drawer,2,validation,42,14,1.0,42,0.3402994143465378,0.09609296074142101,0.9825902707176818,0.9743350073671158,0.008255263350566033,0.8666666666666667,0.8666666666666667,0.0
google_robot_open_drawer__seed002__step056,open_drawer,2,validation,42,9,1.25,52,0.11739141586896597,-0.11258707015157866,1.0,0.9937174442135722,0.006282555786427779,1.0,0.9622641509433962,0.037735849056603765
google_robot_open_drawer__seed002__step056,open_drawer,2,validation,42,11,1.25,52,0.26826507786886794,0.03828659184832331,0.9902712456359849,0.8155372501167882,0.17473399551919666,0.9622641509433962,0.7931034482758621,0.16916070266753414
google_robot_open_drawer__seed002__step056,open_drawer,2,validation,42,14,1.25,52,0.24258657990721275,0.012608093886668115,0.9961132804572587,0.9535646249910875,0.04254865546617115,0.9622641509433962,0.8909090909090909,0.07135506003430536
google_robot_open_drawer__seed002__step101,open_drawer,2,validation,20,9,0.75,15,0.31580897697125204,0.10821732283281163,1.0,1.0,0.0,1.0,1.0,0.0
google_robot_open_drawer__seed002__step101,open_drawer,2,validation,20,11,0.75,15,0.14307571394983254,-0.06451594018860787,0.7374856130594987,0.653436359164513,0.08404925389498563,0.6666666666666666,0.5,0.16666666666666663
google_robot_open_drawer__seed002__step101,open_drawer,2,validation,20,14,0.75,15,0.04313662189705623,-0.1644550322413842,0.9610063028376491,0.9610063028376491,0.0,0.875,0.875,0.0
google_robot_open_drawer__seed002__step101,open_drawer,2,validation,20,9,1.0,20,0.15119830812277013,-0.0016483766165577285,0.720907648742119,0.9933264145837963,-0.27241876584167735,0.8181818181818182,0.9047619047619048,-0.08658008658008653
google_robot_open_drawer__seed002__step101,open_drawer,2,validation,20,11,1.0,20,0.07084052963458605,-0.08200615510474181,0.9502634265589173,0.9589832695882597,-0.008719843029342478,0.7391304347826086,0.6666666666666666,0.07246376811594202
google_robot_open_drawer__seed002__step101,open_drawer,2,validation,20,14,1.0,20,0.028768426476046882,-0.12407825826328098,0.9721983579024432,0.9694042813648411,0.002794076537602108,0.9047619047619048,0.8181818181818182,0.08658008658008653
google_robot_open_drawer__seed002__step101,open_drawer,2,validation,20,9,1.25,25,0.17238401862262223,0.018921227162517346,0.9442845240795368,1.0,-0.05571547592046322,0.9230769230769231,1.0,-0.07692307692307687
google_robot_open_drawer__seed002__step101,open_drawer,2,validation,20,11,1.25,25,0.17512026822898352,0.021657476768878636,0.9863232172718766,0.8668836189241921,0.11943959834768447,0.8518518518518519,0.7857142857142857,0.06613756613756616
google_robot_open_drawer__seed002__step101,open_drawer,2,validation,20,14,1.25,25,0.13935719998175122,-0.014105591478353663,0.9999999999999999,0.9843164055535105,0.01568359444648937,1.0,0.8518518518518519,0.14814814814814814
google_robot_open_drawer__seed011__step011,open_drawer,11,exploration,48,9,0.75,36,0.048050424458806605,-0.22888359101823127,0.976277856204356,0.8247307733330027,0.15154708287135332,0.8947368421052632,0.6744186046511628,0.2203182374541004
google_robot_open_drawer__seed011__step011,open_drawer,11,exploration,48,11,0.75,36,0.1191073319886198,-0.1578266834884181,0.9328932975084244,0.7261723552932082,0.2067209422152162,0.8947368421052632,0.7142857142857143,0.18045112781954886
google_robot_open_drawer__seed011__step011,open_drawer,11,exploration,48,14,0.75,36,0.16155511202198267,-0.11537890345505522,0.9090756973263828,0.8442380338292974,0.06483766349708542,0.8,0.7560975609756098,0.04390243902439028
google_robot_open_drawer__seed011__step011,open_drawer,11,exploration,48,9,1.0,48,0.13293735427807662,-0.13562265176626626,0.9643795503167802,0.86187454230631,0.10250500801047024,0.92,0.8461538461538461,0.0738461538461539
google_robot_open_drawer__seed011__step011,open_drawer,11,exploration,48,11,1.0,48,0.15927590010510637,-0.10928410593923651,0.758461032505886,0.8164379085077295,-0.057976876001843425,0.8823529411764706,0.8461538461538461,0.03619909502262442
google_robot_open_drawer__seed011__step011,open_drawer,11,exploration,48,14,1.0,48,0.3688567636482014,0.10029675760385853,0.8171246651661898,0.7432645106136172,0.07386015455257255,0.92,0.8113207547169812,0.10867924528301887
google_robot_open_drawer__seed011__step011,open_drawer,11,exploration,48,9,1.25,60,0.1619505862563651,-0.11999022677014287,0.8807864561942761,0.9547787164673137,-0.07399226027303762,0.9354838709677419,0.9354838709677419,0.0
google_robot_open_drawer__seed011__step011,open_drawer,11,exploration,48,11,1.25,60,0.2935850842753244,0.011644271248816451,0.9016752054649406,0.8957387387268678,0.005936466738072799,0.875,0.8461538461538461,0.028846153846153855
google_robot_open_drawer__seed011__step011,open_drawer,11,exploration,48,14,1.25,60,0.32093383123484825,0.03899301820834028,0.9912547863535891,0.9868506827965361,0.004404103557053007,0.9672131147540983,0.9047619047619048,0.06245120999219356
google_robot_open_drawer__seed011__step056,open_drawer,11,exploration,52,9,0.75,39,0.10035456009893355,-0.043339282256865216,0.9937027814311318,0.8408279700112296,0.15287481141990222,0.95,0.9024390243902439,0.04756097560975603
google_robot_open_drawer__seed011__step056,open_drawer,11,exploration,52,11,0.75,39,0.11397359348966969,-0.029720248866129076,0.8028881752777637,0.9197859827609537,-0.11689780748319001,0.95,0.9024390243902439,0.04756097560975603
google_robot_open_drawer__seed011__step056,open_drawer,11,exploration,52,14,0.75,39,0.24046710177287015,0.09677325941707138,0.8178415296392402,0.7962311382646946,0.021610391374545568,0.95,0.9024390243902439,0.04756097560975603
google_robot_open_drawer__seed011__step056,open_drawer,11,exploration,52,9,1.0,52,0.16155592369452923,0.0054320577015605775,0.8889373527289334,0.8997790190012077,-0.010841666272274342,0.9259259259259259,0.8571428571428571,0.06878306878306883
google_robot_open_drawer__seed011__step056,open_drawer,11,exploration,52,11,1.0,52,0.25405772268738436,0.0979338566944157,0.8896429696524545,0.9294780273773219,-0.039835057724867395,0.9259259259259259,0.8909090909090909,0.03501683501683506
google_robot_open_drawer__seed011__step056,open_drawer,11,exploration,52,14,1.0,52,0.14699140268222782,-0.00913246331074083,0.9899445775770518,0.9299233605763519,0.060021217000699845,0.9622641509433962,0.9259259259259259,0.036338225017470305
google_robot_open_drawer__seed011__step056,open_drawer,11,exploration,52,9,1.25,65,0.25238996641557115,0.13001607840616514,0.9981764032823502,0.8173433935166979,0.1808330097656523,0.9696969696969697,0.8840579710144928,0.08563899868247693
google_robot_open_drawer__seed011__step056,open_drawer,11,exploration,52,11,1.25,65,0.37090380215943847,0.24852991415003245,1.0,0.6040753827732617,0.39592461722673833,1.0,0.9117647058823529,0.08823529411764708
google_robot_open_drawer__seed011__step056,open_drawer,11,exploration,52,14,1.25,65,0.12013354232937735,-0.002240345680028649,0.81746117602667,0.9974942253821159,-0.18003304935544584,0.9696969696969697,0.9402985074626866,0.029398462234283107
google_robot_open_drawer__seed011__step101,open_drawer,11,exploration,35,9,0.75,26,0.6411083959955126,0.24501601006612478,0.9399519935675618,0.8970959248131298,0.04285606875443193,0.7931034482758621,0.8571428571428571,-0.064039408866995
google_robot_open_drawer__seed011__step101,open_drawer,11,exploration,35,11,0.75,26,0.5857822101957485,0.18968982426636066,0.9593742358949077,0.8424617430142473,0.11691249288066041,0.8571428571428571,0.6774193548387096,0.17972350230414746
google_robot_open_drawer__seed011__step101,open_drawer,11,exploration,35,14,0.75,26,0.1062200213757201,-0.2898723645536677,1.0,0.8578391542967295,0.14216084570327048,1.0,0.8571428571428571,0.1428571428571429
google_robot_open_drawer__seed011__step101,open_drawer,11,exploration,35,9,1.0,35,0.73528558426908,0.643743222789043,1.0,0.9747535930002643,0.025246406999735682,1.0,0.9444444444444444,0.05555555555555558
google_robot_open_drawer__seed011__step101,open_drawer,11,exploration,35,11,1.0,35,0.5394925083422534,0.44795014686221635,0.9624062326979955,0.7961630935546605,0.166243139143335,0.8918918918918919,0.8918918918918919,0.0
google_robot_open_drawer__seed011__step101,open_drawer,11,exploration,35,14,1.0,35,0.7449188375191937,0.6533764760391567,0.9340112100997592,0.8484494529688088,0.08556175713095038,0.8918918918918919,0.8421052631578947,0.049786628733997196
google_robot_open_drawer__seed011__step101,open_drawer,11,exploration,35,9,1.25,44,0.8009153940086667,0.6868085359904662,0.9935617568589311,0.9765306053017061,0.01703115155722501,0.9130434782608695,0.9130434782608695,0.0
google_robot_open_drawer__seed011__step101,open_drawer,11,exploration,35,11,1.25,44,0.7807098221019273,0.6666029640837268,0.9722681330547474,0.7877195259303621,0.18454860712438526,0.9130434782608695,0.8333333333333334,0.07971014492753614
google_robot_open_drawer__seed011__step101,open_drawer,11,exploration,35,14,1.25,44,0.6977746185101688,0.5836677604919682,0.9544873300233071,0.8219777058192212,0.13250962420408585,0.9130434782608695,0.9130434782608695,0.0
google_robot_open_drawer__seed032__step011,open_drawer,32,exploration,31,9,0.75,23,0.1945636194326151,0.034021612244257926,0.9098900072754462,0.9019525555181743,0.007937451757271896,0.84,0.7037037037037037,0.13629629629629625
google_robot_open_drawer__seed032__step011,open_drawer,32,exploration,31,11,0.75,23,0.2662827557014283,0.10574074851307111,0.7697111380160632,0.6521888313076248,0.11752230670843833,0.84,0.5333333333333333,0.30666666666666664
google_robot_open_drawer__seed032__step011,open_drawer,32,exploration,31,14,0.75,23,0.29525324363274913,0.13471123644439195,0.7229322403292548,0.799684784766758,-0.07675254443750312,0.9166666666666666,0.7692307692307693,0.14743589743589736
google_robot_open_drawer__seed032__step011,open_drawer,32,exploration,31,9,1.0,31,0.24533494398280953,0.011994553956550774,0.8778300970660561,0.8277483197401071,0.050081777325948984,0.8787878787878788,0.8235294117647058,0.05525846702317294
google_robot_open_drawer__seed032__step011,open_drawer,32,exploration,31,11,1.0,31,0.23039920328515553,-0.002941186741103219,0.9476717326552829,0.7546935146086903,0.19297821804659265,0.8787878787878788,0.631578947368421,0.24720893141945777
google_robot_open_drawer__seed032__step011,open_drawer,32,exploration,31,14,1.0,31,0.2487161391549515,0.015375749128692745,0.9886008650106785,0.9948595765096413,-0.006258711498962843,0.8787878787878788,0.9375,-0.058712121212121215
google_robot_open_drawer__seed032__step011,open_drawer,32,exploration,31,9,1.25,39,0.2037351846244443,0.0710122475104942,1.0,0.6303110150297714,0.3696889849702286,1.0,0.9024390243902439,0.09756097560975607
google_robot_open_drawer__seed032__step011,open_drawer,32,exploration,31,11,1.25,39,0.24364753793624538,0.1109246008222953,0.8076611582099663,0.696022920301386,0.1116382379085803,0.95,0.8571428571428571,0.09285714285714286
google_robot_open_drawer__seed032__step011,open_drawer,32,exploration,31,14,1.25,39,0.30896678681557815,0.17624384970162807,0.9851303556347516,0.8287314961908261,0.1563988594439255,0.95,0.8571428571428571,0.09285714285714286
google_robot_open_drawer__seed032__step056,open_drawer,32,exploration,25,9,0.75,19,0.09098136084224584,-0.0003786916904293808,0.9136235615016594,0.9777243783829976,-0.06410081688133829,0.9,0.8095238095238095,0.09047619047619049
google_robot_open_drawer__seed032__step056,open_drawer,32,exploration,25,11,0.75,19,0.33942631243842003,0.24806625990574482,0.7851911830742754,0.8715050515127071,-0.0863138684384317,0.6521739130434783,0.6521739130434783,0.0
google_robot_open_drawer__seed032__step056,open_drawer,32,exploration,25,14,0.75,19,0.15476939776633875,0.06340934523366352,0.9929224455569594,0.9403421818656598,0.052580263691299645,0.9,0.8095238095238095,0.09047619047619049
google_robot_open_drawer__seed032__step056,open_drawer,32,exploration,25,9,1.0,25,0.15544132630801724,0.0851517770462811,0.9906864636397361,0.9402118267620647,0.0504746368776714,0.8518518518518519,0.7857142857142857,0.06613756613756616
google_robot_open_drawer__seed032__step056,open_drawer,32,exploration,25,11,1.0,25,0.31921731150513727,0.24892776224340113,0.8871663277671971,0.9596836343256888,-0.07251730655849176,0.7241379310344828,0.7857142857142857,-0.061576354679802936
google_robot_open_drawer__seed032__step056,open_drawer,32,exploration,25,14,1.0,25,0.21975243685468984,0.1494628875929537,0.9441381091818052,0.9335590290884133,0.010579080093391924,0.8518518518518519,0.7857142857142857,0.06613756613756616
google_robot_open_drawer__seed032__step056,open_drawer,32,exploration,25,9,1.25,31,0.17281212975281499,0.09304200501630346,0.9586881632490402,0.905026215427267,0.05366194782177314,0.8787878787878788,0.8235294117647058,0.05525846702317294
google_robot_open_drawer__seed032__step056,open_drawer,32,exploration,25,11,1.25,31,0.34976007183366026,0.26998994709714874,0.8854096163610362,0.9174043157678669,-0.03199469940683064,0.6756756756756757,0.7222222222222222,-0.04654654654654655
google_robot_open_drawer__seed032__step056,open_drawer,32,exploration,25,14,1.25,31,0.281253784386658,0.20148365965014647,0.9719709284154648,0.9574217879903282,0.014549140425136664,0.9375,0.8787878787878788,0.058712121212121215
google_robot_open_drawer__seed032__step101,open_drawer,32,exploration,30,9,0.75,22,0.4654846100944238,0.5709935614750846,0.9821188713815281,0.5611426502246043,0.4209762211569238,0.8333333333333334,0.9130434782608695,-0.07971014492753614
google_robot_open_drawer__seed032__step101,open_drawer,32,exploration,30,11,0.75,22,0.4577532461592552,0.563262197539916,0.9572114915225894,0.8692947476883677,0.08791674383422177,0.6296296296296297,0.5714285714285714,0.05820105820105825
google_robot_open_drawer__seed032__step101,open_drawer,32,exploration,30,14,0.75,22,0.467778437082764,0.5732873884634249,0.9960307559978782,0.7849815786289991,0.21104917736887907,0.9130434782608695,0.8333333333333334,0.07971014492753614
google_robot_open_drawer__seed032__step101,open_drawer,32,exploration,30,9,1.0,30,0.40603024609252514,0.469980869495584,0.9701683786065566,0.8417457367937344,0.12842264181282215,0.875,0.7647058823529411,0.11029411764705888
google_robot_open_drawer__seed032__step101,open_drawer,32,exploration,30,11,1.0,30,0.48674540422432333,0.5506960276273821,0.9529458938244129,0.9679318559318494,-0.014985962107436523,0.7647058823529411,0.7142857142857143,0.05042016806722682
google_robot_open_drawer__seed032__step101,open_drawer,32,exploration,30,14,1.0,30,0.35227701839714604,0.4162276418002049,0.9638601442909517,0.9739595080389538,-0.010099363748002133,0.875,0.7647058823529411,0.11029411764705888
google_robot_open_drawer__seed032__step101,open_drawer,32,exploration,30,9,1.25,38,0.47791084523998,0.5036105062029769,1.0,0.9333903537590209,0.06660964624097909,1.0,0.8536585365853658,0.14634146341463417
google_robot_open_drawer__seed032__step101,open_drawer,32,exploration,30,11,1.25,38,0.4139615476544085,0.4396612086174053,0.980537314767946,0.995923975650075,-0.015386660882128922,0.9,0.9,0.0
google_robot_open_drawer__seed032__step101,open_drawer,32,exploration,30,14,1.25,38,0.4123223741422059,0.4380220351052027,0.9337783927124664,0.9757295598226476,-0.04195116711018121,0.8095238095238095,0.8536585365853658,-0.0441347270615563
google_robot_open_drawer__seed056__step011,open_drawer,56,exploration,45,9,0.75,34,0.27812542148330727,0.25523113589272417,0.9435729777652663,0.7724275568633548,0.17114542090191143,0.8888888888888888,0.7,0.18888888888888888
google_robot_open_drawer__seed056__step011,open_drawer,56,exploration,45,11,0.75,34,0.24264909147220462,0.21975480588162152,0.9214348470445174,0.7685816558416304,0.15285319120288698,0.7894736842105263,0.6585365853658537,0.13093709884467264
google_robot_open_drawer__seed056__step011,open_drawer,56,exploration,45,14,0.75,34,0.18533474366789834,0.16244045807731525,0.8848996411018552,0.9565544394167058,-0.07165479831485067,0.8888888888888888,0.8378378378378378,0.05105105105105101
google_robot_open_drawer__seed056__step011,open_drawer,56,exploration,45,9,1.0,45,0.24155479711574854,0.2459393308566763,0.9139579137355134,0.9497077947472663,-0.035749881011752915,0.9148936170212766,0.875,0.039893617021276584
google_robot_open_drawer__seed056__step011,open_drawer,56,exploration,45,11,1.0,45,0.15962485389192801,0.16400938763285577,0.9537628415564775,0.8202021393046545,0.13356070225182304,0.9148936170212766,0.7647058823529411,0.15018773466833546
google_robot_open_drawer__seed056__step011,open_drawer,56,exploration,45,14,1.0,45,0.2619307808263987,0.26631531456732643,0.9502283935871652,0.9042322648694934,0.04599612871767178,0.875,0.8,0.07499999999999996
google_robot_open_drawer__seed056__step011,open_drawer,56,exploration,45,9,1.25,56,0.20569662516667306,0.045369989582993236,1.0,0.7995641662419514,0.20043583375804863,1.0,0.8666666666666667,0.1333333333333333
google_robot_open_drawer__seed056__step011,open_drawer,56,exploration,45,11,1.25,56,0.2884463105326212,0.1281196749489414,0.950504381158459,0.7885068501654197,0.16199753099303937,0.9310344827586207,0.8666666666666667,0.06436781609195397
google_robot_open_drawer__seed056__step011,open_drawer,56,exploration,45,14,1.25,56,0.24719260769017373,0.08686597210649391,0.9912608783001641,0.9302204878964582,0.0610403904037059,0.9310344827586207,0.9310344827586207,0.0
google_robot_open_drawer__seed056__step056,open_drawer,56,exploration,49,9,0.75,37,0.22415663577367562,0.13396153645742992,0.9121100753800762,0.7774261225646867,0.13468395281538947,0.8974358974358975,0.85,0.04743589743589749
google_robot_open_drawer__seed056__step056,open_drawer,56,exploration,49,11,0.75,37,0.1956945576246951,0.1054994583084494,0.9048527376890059,0.8313682656057114,0.07348447208329445,0.8048780487804879,0.8048780487804879,0.0
google_robot_open_drawer__seed056__step056,open_drawer,56,exploration,49,14,0.75,37,0.2886472841593675,0.19845218484312183,1.0,0.8953299244073732,0.10467007559262675,1.0,0.8974358974358975,0.10256410256410253
google_robot_open_drawer__seed056__step056,open_drawer,56,exploration,49,9,1.0,49,0.24188472292384347,0.108656389812121,0.9162409933393123,0.8954112237844404,0.020829769554871924,0.8846153846153846,0.8846153846153846,0.0
google_robot_open_drawer__seed056__step056,open_drawer,56,exploration,49,11,1.0,49,0.20707847438804106,0.07385014127631859,0.8667491058082336,0.9659356574313631,-0.0991865516231295,0.96,0.9215686274509803,0.03843137254901963
google_robot_open_drawer__seed056__step056,open_drawer,56,exploration,49,14,1.0,49,0.24156373456486316,0.10833540145314069,0.9562553965181708,0.8023941849635564,0.1538612115546144,0.9215686274509803,0.8846153846153846,0.036953242835595757
google_robot_open_drawer__seed056__step056,open_drawer,56,exploration,49,9,1.25,61,0.23322367431793015,0.09030795067165331,0.9965119439687061,0.9845705125435767,0.011941431425129378,0.9365079365079365,0.9365079365079365,0.0
google_robot_open_drawer__seed056__step056,open_drawer,56,exploration,49,11,1.25,61,0.23030431496894058,0.08738859132266374,0.98651370156698,0.9852466580828837,0.0012670434840963418,0.90625,0.9365079365079365,-0.03025793650793651
google_robot_open_drawer__seed056__step056,open_drawer,56,exploration,49,14,1.25,61,0.2123723572452214,0.06945663359894458,0.9580933420704145,0.8402231802505078,0.11787016181990673,0.9365079365079365,0.9365079365079365,0.0
google_robot_open_drawer__seed056__step101,open_drawer,56,exploration,17,9,0.75,13,-0.011949286128637007,0.07525451842680642,0.7116007593050031,0.9164584222965514,-0.20485766299154828,0.5294117647058824,0.7333333333333333,-0.20392156862745092
google_robot_open_drawer__seed056__step101,open_drawer,56,exploration,17,11,0.75,13,0.44492686329947545,0.5321306678549189,0.8367351393395008,0.6928296943946065,0.14390544494489432,0.625,0.5294117647058824,0.09558823529411764
google_robot_open_drawer__seed056__step101,open_drawer,56,exploration,17,14,0.75,13,0.6776788676061801,0.7648826721616235,0.3767246575333081,0.7146451730158319,-0.3379205154825238,0.7333333333333333,0.7333333333333333,0.0
google_robot_open_drawer__seed056__step101,open_drawer,56,exploration,17,9,1.0,17,0.5387000026718906,0.6090899927185205,0.8788531359692736,0.9393654522504509,-0.06051231628117726,0.7894736842105263,0.7894736842105263,0.0
google_robot_open_drawer__seed056__step101,open_drawer,56,exploration,17,11,1.0,17,0.48257491720939266,0.5529649072560225,0.9456632505714279,0.8464401750546745,0.09922307551675336,0.7894736842105263,0.7,0.08947368421052637
google_robot_open_drawer__seed056__step101,open_drawer,56,exploration,17,14,1.0,17,0.6973206793083753,0.7677106693550052,0.9301632331186971,0.9213746383374396,0.008788594781257486,0.8888888888888888,0.7894736842105263,0.09941520467836251
google_robot_open_drawer__seed056__step101,open_drawer,56,exploration,17,9,1.25,21,0.5203978803824808,0.6548103193794257,1.0,0.9042286473076303,0.0957713526923697,1.0,0.8260869565217391,0.17391304347826086
google_robot_open_drawer__seed056__step101,open_drawer,56,exploration,17,11,1.25,21,0.6180207899317675,0.7524332289287123,0.8272381297247876,0.8232872119873096,0.003950917737478021,0.68,0.6153846153846154,0.06461538461538463
google_robot_open_drawer__seed056__step101,open_drawer,56,exploration,17,14,1.25,21,0.5810633915625266,0.7154758305594715,0.9802915697434703,0.9867070964853929,-0.006415526741922584,0.9090909090909091,0.8260869565217391,0.08300395256916993
google_robot_open_drawer__seed093__step011,open_drawer,93,exploration,43,9,0.75,32,0.44878708200600886,0.16897115713643696,0.9153086275536603,0.8366830551143681,0.07862557243929214,0.8823529411764706,0.8285714285714286,0.05378151260504194
google_robot_open_drawer__seed093__step011,open_drawer,93,exploration,43,11,0.75,32,0.3493766110527691,0.06956068618319722,0.9576458524858644,0.9148279937010383,0.042817858784826135,0.8823529411764706,0.8285714285714286,0.05378151260504194
google_robot_open_drawer__seed093__step011,open_drawer,93,exploration,43,14,0.75,32,0.4566317247283611,0.1768157998587892,0.9927523598435525,0.9825570440681176,0.010195315775434866,0.9393939393939394,0.9393939393939394,0.0
google_robot_open_drawer__seed093__step011,open_drawer,93,exploration,43,9,1.0,43,0.4740182947691342,0.09159968062999935,0.8044076332282968,0.734568424199657,0.06983920902863983,0.8695652173913043,0.8297872340425532,0.039777983348751156
google_robot_open_drawer__seed093__step011,open_drawer,93,exploration,43,11,1.0,43,0.35641934404087894,-0.025999270098255922,0.9274305466334725,0.8811366200657552,0.04629392656771725,0.9545454545454546,0.8297872340425532,0.12475822050290142
google_robot_open_drawer__seed093__step011,open_drawer,93,exploration,43,14,1.0,43,0.469839706952635,0.08742109281350013,0.972747276268599,0.9963737439556118,-0.02362646768701282,0.9111111111111111,0.9545454545454546,-0.04343434343434349
google_robot_open_drawer__seed093__step011,open_drawer,93,exploration,43,9,1.25,54,0.3881420957594159,-0.012799647857596963,0.8404759012146908,0.927345612429086,-0.08686971121439513,0.8947368421052632,0.9285714285714286,-0.03383458646616544
google_robot_open_drawer__seed093__step011,open_drawer,93,exploration,43,11,1.25,54,0.3865702950036116,-0.014371448613401228,0.9636604250445547,0.7665725800836799,0.19708784496087484,0.9636363636363636,0.8620689655172413,0.1015673981191223
google_robot_open_drawer__seed093__step011,open_drawer,93,exploration,43,14,1.25,54,0.42946486321847316,0.02852311960146031,0.9485917502418855,0.947546502737329,0.001045247504556479,0.9285714285714286,0.8947368421052632,0.03383458646616544
google_robot_open_drawer__seed093__step056,open_drawer,93,exploration,51,9,0.75,38,0.03385489298187333,0.07774899116485487,0.9450349530668954,0.995832537864879,-0.050797584797983575,0.9,0.9487179487179487,-0.048717948717948656
google_robot_open_drawer__seed093__step056,open_drawer,93,exploration,51,11,0.75,38,0.017514301370404283,0.061408399553385826,0.9281069243310335,0.7823927108597615,0.145714213471272,0.7674418604651163,0.7272727272727273,0.04016913319238902
google_robot_open_drawer__seed093__step056,open_drawer,93,exploration,51,14,0.75,38,0.17822819806343546,0.222122296246417,0.9853656636072173,0.8753631618987443,0.11000250170847303,0.9487179487179487,0.8536585365853658,0.09505941213258284
google_robot_open_drawer__seed093__step056,open_drawer,93,exploration,51,9,1.0,51,0.06375005067896673,0.13421031625623137,0.9867803752434449,0.9049412819069508,0.08183909333649408,0.9245283018867925,0.9245283018867925,0.0
google_robot_open_drawer__seed093__step056,open_drawer,93,exploration,51,11,1.0,51,0.059727844667521464,0.13018811024478608,0.8943754919788699,0.9137176070875478,-0.019342115108677893,0.8888888888888888,0.8888888888888888,0.0
google_robot_open_drawer__seed093__step056,open_drawer,93,exploration,51,14,1.0,51,0.07212782285801302,0.14258808843527765,1.0,0.9518718970723216,0.04812810292767844,1.0,0.9245283018867925,0.07547169811320753
google_robot_open_drawer__seed093__step056,open_drawer,93,exploration,51,9,1.25,64,0.07177302952084119,0.24081913693555188,0.9635101558297013,1.0,-0.03648984417029866,0.9104477611940298,1.0,-0.08955223880597019
google_robot_open_drawer__seed093__step056,open_drawer,93,exploration,51,11,1.25,64,0.0960809131391364,0.26512702055384707,0.9404149588578079,0.9638207612275616,-0.023405802369753648,0.8823529411764706,0.8823529411764706,0.0
google_robot_open_drawer__seed093__step056,open_drawer,93,exploration,51,14,1.25,64,0.0595842509895369,0.22863035840424759,0.9933366672479504,0.9806642164490156,0.012672450798934864,0.9692307692307692,0.9393939393939394,0.02983682983682978
google_robot_open_drawer__seed093__step101,open_drawer,93,exploration,20,9,0.75,15,0.3454813428452477,0.4040978182396905,0.951074681103146,0.9434935016512359,0.007581179451910058,0.6666666666666666,0.7647058823529411,-0.0980392156862745
google_robot_open_drawer__seed093__step101,open_drawer,93,exploration,20,11,0.75,15,0.4229883076307525,0.4816047830251953,0.8717494046529753,0.8728690165101924,-0.0011196118572170954,0.6666666666666666,0.5789473684210527,0.08771929824561397
google_robot_open_drawer__seed093__step101,open_drawer,93,exploration,20,14,0.75,15,0.35221588930769226,0.4108323647021351,0.8577567059483275,0.6371059208788848,0.2206507850694427,0.875,0.7647058823529411,0.11029411764705888
google_robot_open_drawer__seed093__step101,open_drawer,93,exploration,20,9,1.0,20,0.3867192706265771,0.4071416144106335,0.8792742853107933,1.0,-0.12072571468920668,0.9047619047619048,1.0,-0.09523809523809523
google_robot_open_drawer__seed093__step101,open_drawer,93,exploration,20,11,1.0,20,0.4308878210857768,0.45131016486983316,1.0,0.9142791167260392,0.08572088327396077,1.0,0.6,0.4
google_robot_open_drawer__seed093__step101,open_drawer,93,exploration,20,14,1.0,20,0.3582647314168657,0.3786870752009221,0.9815975675469807,0.8586132769267095,0.12298429062027116,0.9047619047619048,0.8181818181818182,0.08658008658008653
google_robot_open_drawer__seed093__step101,open_drawer,93,exploration,20,9,1.25,25,0.4044462666143364,0.3819581082811478,0.943200159344542,0.919220884731417,0.02397927461312499,0.9230769230769231,0.9230769230769231,0.0
google_robot_open_drawer__seed093__step101,open_drawer,93,exploration,20,11,1.25,25,0.4533914870512088,0.4309033287180202,0.9536853964511117,0.6213548669927503,0.3323305294583614,0.8518518518518519,0.6666666666666666,0.18518518518518523
google_robot_open_drawer__seed093__step101,open_drawer,93,exploration,20,14,1.25,25,0.4125611082871224,0.39007294995393377,0.849809032158749,0.959015110343553,-0.10920607818480399,0.7857142857142857,0.7857142857142857,0.0
google_robot_open_drawer__seed095__step011,open_drawer,95,exploration,47,9,0.75,35,0.3242517856966897,0.23454131709805554,0.9134504991259327,0.785246358801419,0.12820414032451366,0.9444444444444444,0.5217391304347826,0.4227053140096618
google_robot_open_drawer__seed095__step011,open_drawer,95,exploration,47,11,0.75,35,0.44855447866074466,0.3588440100621105,0.8551228434782484,0.7083062355329526,0.14681660794529583,0.8421052631578947,0.32075471698113206,0.5213505461767627
google_robot_open_drawer__seed095__step011,open_drawer,95,exploration,47,14,0.75,35,0.2812506315647264,0.19154016296609222,0.8081310426438376,0.6786828963230951,0.12944814632074253,0.8421052631578947,0.5909090909090909,0.25119617224880375
google_robot_open_drawer__seed095__step011,open_drawer,95,exploration,47,9,1.0,47,0.44435464068781516,0.3239645590574051,0.82581151190977,0.8835134678785321,-0.05770195596876215,0.8431372549019608,0.6491228070175439,0.1940144478844169
google_robot_open_drawer__seed095__step011,open_drawer,95,exploration,47,11,1.0,47,0.5099985271013027,0.38960844547089263,1.0,0.8272588339555237,0.1727411660444763,1.0,0.5161290322580645,0.4838709677419355
google_robot_open_drawer__seed095__step011,open_drawer,95,exploration,47,14,1.0,47,0.3154363038614016,0.19504622223099155,0.8457439835908557,0.8655721675093937,-0.019828183918538023,0.9183673469387755,0.6491228070175439,0.26924453992123165
google_robot_open_drawer__seed095__step011,open_drawer,95,exploration,47,9,1.25,59,0.5252770226355716,0.4408745511869154,0.9458779666179798,0.8985907718122864,0.04728719480569343,0.9032258064516129,0.84375,0.05947580645161288
google_robot_open_drawer__seed095__step011,open_drawer,95,exploration,47,11,1.25,59,0.5746133825303353,0.4902109110816791,0.9692612761666936,0.85238793002874,0.11687334613795353,0.9344262295081968,0.6388888888888888,0.2955373406193079
google_robot_open_drawer__seed095__step011,open_drawer,95,exploration,47,14,1.25,59,0.5239820514432109,0.4395795799945546,0.9221502251589352,0.8124884043377477,0.10966182082118747,0.9344262295081968,0.7101449275362319,0.22428130197196483
google_robot_open_drawer__seed095__step056,open_drawer,95,exploration,47,9,0.75,35,0.5411858753716576,0.521591026303767,0.9960698196042569,0.9185798659735064,0.07748995363075051,0.9444444444444444,0.8421052631578947,0.10233918128654973
google_robot_open_drawer__seed095__step056,open_drawer,95,exploration,47,11,0.75,35,0.5464279352791398,0.5268330862112491,0.8877346744940331,0.8371651222669203,0.05056955222711279,0.8918918918918919,0.7073170731707317,0.18457481872116022
google_robot_open_drawer__seed095__step056,open_drawer,95,exploration,47,14,0.75,35,0.4393599780654112,0.4197651289975206,0.990582273719737,0.9842807335522251,0.006301540167511832,0.8918918918918919,0.8918918918918919,0.0
google_robot_open_drawer__seed095__step056,open_drawer,95,exploration,47,9,1.0,47,0.5135114947539385,0.478373655295744,0.8919095571026383,0.9014341941650161,-0.009524637062377828,0.88,0.9183673469387755,-0.038367346938775526
google_robot_open_drawer__seed095__step056,open_drawer,95,exploration,47,11,1.0,47,0.4339021553082083,0.39876431585001376,0.9333507645621061,0.9619893066363362,-0.02863854207423011,0.8431372549019608,0.7735849056603774,0.06955234924158338
google_robot_open_drawer__seed095__step056,open_drawer,95,exploration,47,14,1.0,47,0.4717097069078504,0.43657186744965587,0.9589519910918609,0.9498660952930699,0.009085895798791044,0.9183673469387755,0.9183673469387755,0.0
google_robot_open_drawer__seed095__step056,open_drawer,95,exploration,47,9,1.25,59,0.3681767145589516,0.3095494275600826,0.9668540237395195,0.9600836861862897,0.006770337553229755,0.9032258064516129,0.9032258064516129,0.0
google_robot_open_drawer__seed095__step056,open_drawer,95,exploration,47,11,1.25,59,0.3343834020593999,0.2757561150605309,0.9894069623737406,0.8663961348705947,0.12301082750314585,0.84375,0.8153846153846154,0.028365384615384626
google_robot_open_drawer__seed095__step056,open_drawer,95,exploration,47,14,1.25,59,0.3587825918808763,0.30015530488200726,0.9316755929108841,0.9373393394224588,-0.005663746511574752,0.9344262295081968,0.84375,0.09067622950819676
google_robot_open_drawer__seed095__step101,open_drawer,95,exploration,48,9,0.75,36,0.2706984502856358,0.15476919871970996,0.644394398233045,0.6439325171364884,0.0004618810965566489,0.8947368421052632,0.8461538461538461,0.04858299595141702
google_robot_open_drawer__seed095__step101,open_drawer,95,exploration,48,11,0.75,36,0.3186830871077376,0.2027538355418117,0.9224574796483123,0.979953666089223,-0.0574961864409107,0.8461538461538461,0.8947368421052632,-0.04858299595141702
google_robot_open_drawer__seed095__step101,open_drawer,95,exploration,48,14,0.75,36,0.35461808619442586,0.2386888346285,0.9298730233918738,0.9464391409442405,-0.0165661175523667,0.8947368421052632,0.8947368421052632,0.0
google_robot_open_drawer__seed095__step101,open_drawer,95,exploration,48,9,1.0,48,0.35840569745026346,0.22676470963571513,0.9599600241788776,0.8115435758944396,0.148416448284438,0.8823529411764706,0.8461538461538461,0.03619909502262442
google_robot_open_drawer__seed095__step101,open_drawer,95,exploration,48,11,1.0,48,0.3130693207677612,0.1814283329532129,0.9933772253515274,0.9239390596440874,0.06943816570743999,0.92,0.7454545454545455,0.17454545454545456
google_robot_open_drawer__seed095__step101,open_drawer,95,exploration,48,14,1.0,48,0.3274274724978506,0.19578648468330226,0.9527760313266936,0.897530169653637,0.05524586167305667,0.9591836734693877,0.8461538461538461,0.11302982731554156
google_robot_open_drawer__seed095__step101,open_drawer,95,exploration,48,9,1.25,60,0.29090138882385536,0.06891826523491182,0.8971697915796767,0.8678316391744731,0.029338152405203544,0.875,0.8461538461538461,0.028846153846153855
google_robot_open_drawer__seed095__step101,open_drawer,95,exploration,48,11,1.25,60,0.2929227585577027,0.07093963496875919,0.9918223120677309,0.6781121467205754,0.31371016534715546,0.9354838709677419,0.7647058823529411,0.17077798861480076
google_robot_open_drawer__seed095__step101,open_drawer,95,exploration,48,14,1.25,60,0.3081446706046545,0.08616154701571097,0.8446522142560574,0.8534947174818508,-0.008842503225793386,0.9047619047619048,0.9047619047619048,0.0
google_robot_open_drawer__seed097__step011,open_drawer,97,exploration,52,9,0.75,39,0.44083163484375326,0.25313188762699756,0.9935906112161584,0.8591637069677605,0.13442690424839798,0.95,0.625,0.32499999999999996
google_robot_open_drawer__seed097__step011,open_drawer,97,exploration,52,11,0.75,39,0.46654789959934845,0.27884815238259275,0.9675549826166465,0.5435614951754677,0.4239934874411788,0.95,0.41818181818181815,0.5318181818181817
google_robot_open_drawer__seed097__step011,open_drawer,97,exploration,52,14,0.75,39,0.30040387048679545,0.11270412327003973,0.8879096718659126,0.5488479347145733,0.33906173715133936,0.9024390243902439,0.56,0.3424390243902439
google_robot_open_drawer__seed097__step011,open_drawer,97,exploration,52,9,1.0,52,0.37739021523464067,0.226548678230839,0.879917754759633,0.7348355105749523,0.14508224418468063,0.8571428571428571,0.7627118644067796,0.09443099273607747
google_robot_open_drawer__seed097__step011,open_drawer,97,exploration,52,11,1.0,52,0.3635824121762399,0.2127408751724382,0.909224890551962,0.8470332179081551,0.06219167264380687,0.9622641509433962,0.6,0.36226415094339626
google_robot_open_drawer__seed097__step011,open_drawer,97,exploration,52,14,1.0,52,0.3456350750369949,0.19479353803319324,0.7524226583375282,0.753678038703455,-0.0012553803659267615,0.8571428571428571,0.7627118644067796,0.09443099273607747
google_robot_open_drawer__seed097__step011,open_drawer,97,exploration,52,9,1.25,65,0.2709529138691574,0.08207570244313828,0.9793138004180871,0.8851758882564075,0.09413791216167966,0.9402985074626866,0.8055555555555556,0.13474295190713104
google_robot_open_drawer__seed097__step011,open_drawer,97,exploration,52,11,1.25,65,0.26722328900064135,0.07834607757462225,0.9715698278430643,0.8605532256014453,0.11101660224161902,0.9402985074626866,0.6883116883116883,0.2519868191509983
google_robot_open_drawer__seed097__step011,open_drawer,97,exploration,52,14,1.25,65,0.22303679152858283,0.03415958010256373,0.9814779220295861,0.8527218205085533,0.12875610152103278,0.9117647058823529,0.7105263157894737,0.20123839009287925
google_robot_open_drawer__seed097__step056,open_drawer,97,exploration,26,9,0.75,20,0.2991702052303758,0.380839829413617,0.8542438045972996,0.7919141421342283,0.06232966246307137,0.9047619047619048,0.8181818181818182,0.08658008658008653
google_robot_open_drawer__seed097__step056,open_drawer,97,exploration,26,11,0.75,20,0.3963775680872334,0.4780471922704746,0.9710850492376751,0.9571628466345566,0.013922202603118494,0.9047619047619048,0.8181818181818182,0.08658008658008653
google_robot_open_drawer__seed097__step056,open_drawer,97,exploration,26,14,0.75,20,0.36616824820663524,0.44783787238987643,0.9624876159482368,0.9580080755645476,0.004479540383689251,0.8181818181818182,0.8181818181818182,0.0
google_robot_open_drawer__seed097__step056,open_drawer,97,exploration,26,9,1.0,26,0.38097020959655703,0.4806667864476468,1.0,0.8204786104641255,0.1795213895358745,1.0,0.9259259259259259,0.07407407407407407
google_robot_open_drawer__seed097__step056,open_drawer,97,exploration,26,11,1.0,26,0.3741893324965175,0.47388590934760727,0.9872674460098686,0.9635042336392208,0.023763212370647824,0.9259259259259259,0.8571428571428571,0.06878306878306883
google_robot_open_drawer__seed097__step056,open_drawer,97,exploration,26,14,1.0,26,0.34387404347112877,0.44357062032221856,0.8751086339915916,0.9658763714655535,-0.09076773747396194,0.8571428571428571,0.8571428571428571,0.0
google_robot_open_drawer__seed097__step056,open_drawer,97,exploration,26,9,1.25,32,0.37068817683939786,0.4621874552536321,0.8463873263335621,0.849038622953547,-0.0026512966199849775,0.8285714285714286,0.8823529411764706,-0.05378151260504194
google_robot_open_drawer__seed097__step056,open_drawer,97,exploration,26,11,1.25,32,0.3626263441444972,0.4541256225587314,0.9570317448953304,0.9837706706497052,-0.026738925754374865,0.8823529411764706,0.8285714285714286,0.05378151260504194
google_robot_open_drawer__seed097__step056,open_drawer,97,exploration,26,14,1.25,32,0.3859523897694243,0.47745166818365853,0.9493316634000419,0.8485043855379298,0.1008272778621121,0.9393939393939394,0.7777777777777778,0.16161616161616166
google_robot_open_drawer__seed097__step101,open_drawer,97,exploration,20,9,0.75,15,0.3507041713962568,0.34581743907661666,0.7972259273483157,0.9682729328177141,-0.17104700546939844,0.875,0.7647058823529411,0.11029411764705888
google_robot_open_drawer__seed097__step101,open_drawer,97,exploration,20,11,0.75,15,0.474889399841892,0.47000266752225184,0.9313916530064597,0.5228775955241246,0.40851405748233505,0.875,0.6666666666666666,0.20833333333333337
google_robot_open_drawer__seed097__step101,open_drawer,97,exploration,20,14,0.75,15,0.1684952635041508,0.16360853118451066,1.0,0.917863574011323,0.08213642598867699,1.0,0.875,0.125
google_robot_open_drawer__seed097__step101,open_drawer,97,exploration,20,9,1.0,20,0.41320551056060806,0.40319362383422475,1.0,0.9921995386483858,0.007800461351614163,1.0,0.9047619047619048,0.09523809523809523
google_robot_open_drawer__seed097__step101,open_drawer,97,exploration,20,11,1.0,20,0.21542842288342579,0.2054165361570425,0.9020016650706748,0.793088807733162,0.10891285733751277,0.8181818181818182,0.8181818181818182,0.0
google_robot_open_drawer__seed097__step101,open_drawer,97,exploration,20,14,1.0,20,0.15913871572752578,0.1491268290011425,0.9735913801522593,0.960064990055983,0.01352639009627632,0.9047619047619048,0.8181818181818182,0.08658008658008653
google_robot_open_drawer__seed097__step101,open_drawer,97,exploration,20,9,1.25,25,0.39608272187782106,0.4902548374370723,1.0,0.98796980929282,0.012030190707180033,1.0,0.9230769230769231,0.07692307692307687
google_robot_open_drawer__seed097__step101,open_drawer,97,exploration,20,11,1.25,25,0.32261760930915967,0.4167897248684109,0.9955833067718363,0.9770240251114667,0.018559281660369575,0.9230769230769231,0.8518518518518519,0.07122507122507127
google_robot_open_drawer__seed097__step101,open_drawer,97,exploration,20,14,1.25,25,0.2787295478522927,0.37290166341154396,0.9757645720979616,0.9217325287613316,0.05403204333663003,0.8518518518518519,0.7857142857142857,0.06613756613756616
google_robot_open_drawer__seed099__step011,open_drawer,99,exploration,42,9,0.75,32,0.2400729692396996,0.11410145960054596,0.9975058155864395,0.9028208834880322,0.09468493209840723,0.9393939393939394,0.8285714285714286,0.11082251082251082
google_robot_open_drawer__seed099__step011,open_drawer,99,exploration,42,11,0.75,32,0.20569266066623468,0.07972115102708105,0.9517841747539721,0.7932840119368915,0.15850016281708068,0.7777777777777778,0.7777777777777778,0.0
google_robot_open_drawer__seed099__step011,open_drawer,99,exploration,42,14,0.75,32,0.28274736964047875,0.15677586000132512,0.9691553961860806,0.955770807313678,0.01338458887240257,0.8823529411764706,0.7777777777777778,0.10457516339869277
google_robot_open_drawer__seed099__step011,open_drawer,99,exploration,42,9,1.0,42,0.2185938486978107,0.03964727547801916,0.9491759018776005,0.9479907149245692,0.0011851869530312698,0.9090909090909091,0.8666666666666667,0.042424242424242364
google_robot_open_drawer__seed099__step011,open_drawer,99,exploration,42,11,1.0,42,0.22349716619220059,0.04455059297240904,0.9636143182615142,0.9029796588516102,0.06063465940990398,0.9090909090909091,0.7872340425531915,0.12185686653771755
google_robot_open_drawer__seed099__step011,open_drawer,99,exploration,42,14,1.0,42,0.2696208995758031,0.09067432635601155,0.9952557752872151,0.9603067378387135,0.03494903744850164,0.9534883720930233,0.9090909090909091,0.044397463002114224
google_robot_open_drawer__seed099__step011,open_drawer,99,exploration,42,9,1.25,52,0.22958145267539345,0.00840639521156955,0.9375474576946297,0.8782499563527294,0.05929750134190026,0.9622641509433962,0.8245614035087719,0.1377027474346243
google_robot_open_drawer__seed099__step011,open_drawer,99,exploration,42,11,1.25,52,0.26327338795504607,0.04209833049122216,0.9535536863036133,0.9409489555384353,0.012604730765177985,0.9259259259259259,0.8571428571428571,0.06878306878306883
google_robot_open_drawer__seed099__step011,open_drawer,99,exploration,42,14,1.25,52,0.2927461880147784,0.07157113055095451,0.9560338584878988,0.982542799078748,-0.026508940590849184,0.8909090909090909,0.8909090909090909,0.0
google_robot_open_drawer__seed099__step056,open_drawer,99,exploration,51,9,0.75,38,0.43592284592173813,0.5679585954898383,0.7519515445041828,0.9236689194015527,-0.17171737489736993,0.9,0.9,0.0
google_robot_open_drawer__seed099__step056,open_drawer,99,exploration,51,11,0.75,38,0.39014001410253574,0.5221757636706359,0.9928820317976528,0.9848806658856611,0.008001365911991631,0.9,0.8536585365853658,0.04634146341463419
google_robot_open_drawer__seed099__step056,open_drawer,99,exploration,51,14,0.75,38,0.4835329120747167,0.6155686616428169,0.9608898374716003,0.9947832219140421,-0.03389338444244183,0.9487179487179487,0.9487179487179487,0.0
google_robot_open_drawer__seed099__step056,open_drawer,99,exploration,51,9,1.0,51,0.4081161962911217,0.42412912618403115,0.9839589070977958,0.9867507358563725,-0.002791828758576753,0.9245283018867925,0.8545454545454545,0.06998284734133797
google_robot_open_drawer__seed099__step056,open_drawer,99,exploration,51,11,1.0,51,0.3779614135989731,0.39397434349188254,0.9645916834446987,0.9645308241281669,6.085931653176946e-05,0.8545454545454545,0.8214285714285714,0.0331168831168831
google_robot_open_drawer__seed099__step056,open_drawer,99,exploration,51,14,1.0,51,0.4157408796213275,0.4317538095142369,0.9638490578099,0.9647322000367572,-0.0008831422268571476,0.9615384615384616,0.9615384615384616,0.0
google_robot_open_drawer__seed099__step056,open_drawer,99,exploration,51,9,1.25,64,0.39791055000860226,0.3281620802089793,0.9794856814236069,0.9517688435602065,0.0277168378634004,0.8823529411764706,0.8823529411764706,0.0
google_robot_open_drawer__seed099__step056,open_drawer,99,exploration,51,11,1.25,64,0.37545814493746965,0.3057096751378467,0.9821730615199086,0.9741007539406429,0.008072307579265692,0.9393939393939394,0.8823529411764706,0.057040998217468886
google_robot_open_drawer__seed099__step056,open_drawer,99,exploration,51,14,1.25,64,0.39814999357507763,0.3284015237754547,0.9898368052502456,0.9876684179910199,0.002168387259225746,0.9393939393939394,0.9104477611940298,0.028946178199909633
google_robot_open_drawer__seed099__step101,open_drawer,99,exploration,18,9,0.75,14,0.11001690190882796,0.20163291743981004,0.9885793580570182,1.0,-0.011420641942981757,0.8666666666666667,1.0,-0.1333333333333333
google_robot_open_drawer__seed099__step101,open_drawer,99,exploration,18,11,0.75,14,0.11264664060146075,0.20426265613244282,0.9036865010144913,0.952990938161145,-0.04930443714665367,0.75,0.75,0.0
google_robot_open_drawer__seed099__step101,open_drawer,99,exploration,18,14,0.75,14,0.3923487315578151,0.48396474708879716,0.8842512473359632,0.9019318020819105,-0.01768055474594732,0.8666666666666667,0.75,0.1166666666666667
google_robot_open_drawer__seed099__step101,open_drawer,99,exploration,18,9,1.0,18,0.2802880968390165,0.2026693655723601,0.9715197387989715,0.8520439119468833,0.11947582685208813,0.8,0.8,0.0
google_robot_open_drawer__seed099__step101,open_drawer,99,exploration,18,11,1.0,18,0.27509058869327613,0.1974718574266197,0.9280051978722691,0.9207011375751998,0.007304060297069315,0.8947368421052632,0.8947368421052632,0.0
google_robot_open_drawer__seed099__step101,open_drawer,99,exploration,18,14,1.0,18,0.29670913891542466,0.21909040764876825,0.940043744026736,0.864096484820136,0.07594725920659995,0.8,0.8,0.0
google_robot_open_drawer__seed099__step101,open_drawer,99,exploration,18,9,1.25,22,0.22462568261593904,0.2902735155528365,0.8882359211886183,0.8882359211886183,0.0,0.8333333333333334,0.8333333333333334,0.0
google_robot_open_drawer__seed099__step101,open_drawer,99,exploration,18,11,1.25,22,0.22673912739315585,0.2923869603300533,0.8332630096426374,0.796220301901082,0.03704270774155549,0.8333333333333334,0.76,0.07333333333333336
google_robot_open_drawer__seed099__step101,open_drawer,99,exploration,18,14,1.25,22,0.17288716290844827,0.2385349958453457,0.9689183888875741,0.9328252857266531,0.03609310316092096,0.9130434782608695,0.8333333333333334,0.07971014492753614
google_robot_pick_coke_can__seed000__step008,pick_coke_can,0,exploration,19,9,0.75,14,0.3703214625027062,0.25052883157715333,0.6418918054289863,0.3645447798050971,0.2773470256238892,0.75,0.4,0.35
google_robot_pick_coke_can__seed000__step008,pick_coke_can,0,exploration,19,11,0.75,14,0.2450990063370095,0.12530637541145662,0.9569922632994446,0.6156999217390049,0.34129234156043975,0.8666666666666667,0.3333333333333333,0.5333333333333334
google_robot_pick_coke_can__seed000__step008,pick_coke_can,0,exploration,19,14,0.75,14,0.2813534009142173,0.16156076998866442,1.0,0.2294529788118345,0.7705470211881655,1.0,0.2727272727272727,0.7272727272727273
google_robot_pick_coke_can__seed000__step008,pick_coke_can,0,exploration,19,9,1.0,19,0.3497103752837481,0.22929487340496796,0.8340610899207007,0.4340813373261092,0.3999797525945915,0.8095238095238095,0.4074074074074074,0.40211640211640215
google_robot_pick_coke_can__seed000__step008,pick_coke_can,0,exploration,19,11,1.0,19,0.36129749638633246,0.24088199450755232,0.7949536654378574,0.6341684257941814,0.16078523964367597,0.8095238095238095,0.46153846153846156,0.34798534798534797
google_robot_pick_coke_can__seed000__step008,pick_coke_can,0,exploration,19,14,1.0,19,0.35500648573597454,0.2345909838571944,0.9800279123061514,0.30952628372788515,0.6705016285782662,0.9,0.46153846153846156,0.43846153846153846
google_robot_pick_coke_can__seed000__step008,pick_coke_can,0,exploration,19,9,1.25,24,0.5387905203788518,0.39859551905286905,0.5750093310997615,0.38357598201856985,0.19143334908119164,0.8461538461538461,0.5,0.34615384615384615
google_robot_pick_coke_can__seed000__step008,pick_coke_can,0,exploration,19,11,1.25,24,0.39528059924102815,0.2550855979150455,0.8951641241600431,0.598086956827513,0.2970771673325301,0.7777777777777778,0.5,0.2777777777777778
google_robot_pick_coke_can__seed000__step008,pick_coke_can,0,exploration,19,14,1.25,24,0.30997808445968683,0.16978308313370413,0.8279123164934722,0.4259009613939268,0.4020113550995454,0.7777777777777778,0.6,0.1777777777777778
google_robot_pick_coke_can__seed000__step040,pick_coke_can,0,exploration,20,9,0.75,15,0.5875916549103813,0.600292383370014,0.9410703155594039,0.6508179097459845,0.2902524058134194,0.7647058823529411,0.42857142857142855,0.3361344537815126
google_robot_pick_coke_can__seed000__step040,pick_coke_can,0,exploration,20,11,0.75,15,0.6557692149670015,0.6684699434266341,0.9807777776339152,0.9055957643509508,0.07518201328296437,0.875,0.36363636363636365,0.5113636363636364
google_robot_pick_coke_can__seed000__step040,pick_coke_can,0,exploration,20,14,0.75,15,0.6519301281103639,0.6646308565699965,0.9849686972271833,0.6709348750751616,0.3140338221520217,0.875,0.42857142857142855,0.44642857142857145
google_robot_pick_coke_can__seed000__step040,pick_coke_can,0,exploration,20,9,1.0,20,0.47992358478144714,0.4584240200677986,0.9717701446923281,0.5107759830853401,0.46099416160698803,0.9047619047619048,0.3793103448275862,0.5254515599343186
google_robot_pick_coke_can__seed000__step040,pick_coke_can,0,exploration,20,11,1.0,20,0.6292393254178262,0.6077397607041777,0.9775407260659694,0.764743388778832,0.21279733728713746,0.9047619047619048,0.3793103448275862,0.5254515599343186
google_robot_pick_coke_can__seed000__step040,pick_coke_can,0,exploration,20,14,1.0,20,0.6210212834633709,0.5995217187497224,0.988867404284233,0.6278670725190795,0.36100033176515356,0.9047619047619048,0.48148148148148145,0.4232804232804233
google_robot_pick_coke_can__seed000__step040,pick_coke_can,0,exploration,20,9,1.25,25,0.41968614373158175,0.40358086434514673,0.8069256687675012,0.33135485574407175,0.4755708130234294,0.7857142857142857,0.3888888888888889,0.3968253968253968
google_robot_pick_coke_can__seed000__step040,pick_coke_can,0,exploration,20,11,1.25,25,0.6659307082456488,0.6498254288592138,0.9562981725530468,0.7936309577089008,0.16266721484414604,0.9230769230769231,0.5151515151515151,0.407925407925408
google_robot_pick_coke_can__seed000__step040,pick_coke_can,0,exploration,20,14,1.25,25,0.5270888490887619,0.5109835697023268,0.9625062125727023,0.7331541772403792,0.22935203533232307,0.8518518518518519,0.5151515151515151,0.3367003367003367
google_robot_pick_coke_can__seed000__step071,pick_coke_can,0,exploration,19,9,0.75,14,0.23510704924415618,0.11507904858221334,0.7619751337235926,0.2662804827468758,0.4956946509767168,0.75,0.4,0.35
google_robot_pick_coke_can__seed000__step071,pick_coke_can,0,exploration,19,11,0.75,14,0.40774343207356295,0.2877154314116201,0.9421840760918826,0.7218623931286756,0.22032168296320698,0.8666666666666667,0.5555555555555556,0.3111111111111111
google_robot_pick_coke_can__seed000__step071,pick_coke_can,0,exploration,19,14,0.75,14,0.5156934255619444,0.39566542490000156,0.7206036251309008,0.7777905095382814,-0.05718688440738062,0.8666666666666667,0.6470588235294118,0.2196078431372549
google_robot_pick_coke_can__seed000__step071,pick_coke_can,0,exploration,19,9,1.0,19,0.5443535830080978,0.4750143512099816,0.9302689235771379,0.37169645247055083,0.558572471106587,0.9,0.46153846153846156,0.43846153846153846
google_robot_pick_coke_can__seed000__step071,pick_coke_can,0,exploration,19,11,1.0,19,0.29397607713809487,0.22463684533997869,1.0,0.7838558527463414,0.2161441472536586,1.0,0.52,0.48
google_robot_pick_coke_can__seed000__step071,pick_coke_can,0,exploration,19,14,1.0,19,0.08575487121881793,0.016415639420701733,0.6313686282377265,0.5359497404528958,0.09541888778483076,0.8095238095238095,0.52,0.2895238095238095
google_robot_pick_coke_can__seed000__step071,pick_coke_can,0,exploration,19,9,1.25,24,0.2783793091058023,0.3705301908675103,0.9652569066060064,0.6219774065545776,0.3432795000514288,0.8461538461538461,0.5,0.34615384615384615
google_robot_pick_coke_can__seed000__step071,pick_coke_can,0,exploration,19,11,1.25,24,0.23816732150063258,0.3303182032623406,0.9668021333956699,0.6396773416776579,0.327124791718012,0.92,0.5483870967741935,0.37161290322580653
google_robot_pick_coke_can__seed000__step071,pick_coke_can,0,exploration,19,14,1.25,24,0.4277113996856829,0.519862281447391,0.5580891162336948,0.504122545503788,0.05396657072990685,0.8461538461538461,0.5483870967741935,0.29776674937965264
google_robot_pick_coke_can__seed001__step008,pick_coke_can,1,exploration,27,9,0.75,20,0.3291329136962768,0.07644693724158946,0.9687040065373717,0.9216258795284499,0.04707812700892178,0.8181818181818182,0.7391304347826086,0.07905138339920958
google_robot_pick_coke_can__seed001__step008,pick_coke_can,1,exploration,27,11,0.75,20,0.4495009311788823,0.19681495472419497,1.0,0.5889762067393159,0.41102379326068406,1.0,0.6,0.4
google_robot_pick_coke_can__seed001__step008,pick_coke_can,1,exploration,27,14,0.75,20,0.5401053484209078,0.2874193719662205,1.0,0.43496503288894334,0.5650349671110566,1.0,0.5384615384615384,0.46153846153846156
google_robot_pick_coke_can__seed001__step008,pick_coke_can,1,exploration,27,9,1.0,27,0.39372465971648607,0.091355354375169,0.973899800406144,0.800700505250472,0.173199295155672,0.8620689655172413,0.8620689655172413,0.0
google_robot_pick_coke_can__seed001__step008,pick_coke_can,1,exploration,27,11,1.0,27,0.3994317197328355,0.09706241439151841,0.946186188724497,0.8115977956903326,0.13458839303416437,0.9285714285714286,0.6875,0.2410714285714286
google_robot_pick_coke_can__seed001__step008,pick_coke_can,1,exploration,27,14,1.0,27,0.4842473307497943,0.18187802540847725,0.8969556236820445,0.5709553885815227,0.3260002351005218,0.9285714285714286,0.6875,0.2410714285714286
google_robot_pick_coke_can__seed001__step008,pick_coke_can,1,exploration,27,9,1.25,34,0.4200978862778982,0.15334030942240473,0.9943688593932305,0.5599321324218653,0.43443672697136515,0.8888888888888888,0.8378378378378378,0.05105105105105101
google_robot_pick_coke_can__seed001__step008,pick_coke_can,1,exploration,27,11,1.25,34,0.4510042270711412,0.18424665021564773,0.9125504432173556,0.9042491221689056,0.008301321048449939,0.9428571428571428,0.8888888888888888,0.053968253968254
google_robot_pick_coke_can__seed001__step008,pick_coke_can,1,exploration,27,14,1.25,34,0.4604214238206146,0.19366384696512112,0.9617776076857448,0.6063596497687532,0.3554179579169916,0.8888888888888888,0.7894736842105263,0.09941520467836251
google_robot_pick_coke_can__seed001__step040,pick_coke_can,1,exploration,30,9,0.75,22,0.21724944542627767,0.3339665658889891,0.9413714205637492,0.9715882517325918,-0.03021683116884255,0.8333333333333334,0.76,0.07333333333333336
google_robot_pick_coke_can__seed001__step040,pick_coke_can,1,exploration,30,11,0.75,22,0.2261390263101594,0.3428561467728708,0.9739759333396477,0.8451209169464735,0.1288550163931742,0.8333333333333334,0.6923076923076923,0.14102564102564108
google_robot_pick_coke_can__seed001__step040,pick_coke_can,1,exploration,30,14,0.75,22,0.22884453761874682,0.3455616580814582,0.9486190968956074,0.7761443667427605,0.17247473015284687,0.9130434782608695,0.6296296296296297,0.28341384863123986
google_robot_pick_coke_can__seed001__step040,pick_coke_can,1,exploration,30,9,1.0,30,0.07493412837884798,0.41814137565091836,0.8967834176306452,0.8853201749199874,0.011463242710657795,0.875,0.8181818181818182,0.05681818181818177
google_robot_pick_coke_can__seed001__step040,pick_coke_can,1,exploration,30,11,1.0,30,0.2640891497214117,0.607296396993482,0.9746479685124915,0.9366966506541359,0.03795131785835559,0.8181818181818182,0.7142857142857143,0.10389610389610393
google_robot_pick_coke_can__seed001__step040,pick_coke_can,1,exploration,30,14,1.0,30,0.19569132212511828,0.5388985693971886,0.9882333323454215,0.7566355609619371,0.23159777138348447,0.9354838709677419,0.7647058823529411,0.17077798861480076
google_robot_pick_coke_can__seed001__step040,pick_coke_can,1,exploration,30,9,1.25,38,0.024876412418667282,0.4836911482949586,0.6911462691887514,0.9277788038757838,-0.23663253468703238,0.8095238095238095,0.8095238095238095,0.0
google_robot_pick_coke_can__seed001__step040,pick_coke_can,1,exploration,30,11,1.25,38,0.17472817271750807,0.6335429085937994,0.9402705067909031,0.892256347778363,0.048014159012540025,0.8536585365853658,0.7674418604651163,0.08621667612024952
google_robot_pick_coke_can__seed001__step040,pick_coke_can,1,exploration,30,14,1.25,38,0.20099614792948825,0.6598108838057796,0.9521401642221701,0.8558103089474246,0.09632985527474547,0.8536585365853658,0.7272727272727273,0.12638580931263854
google_robot_pick_coke_can__seed001__step071,pick_coke_can,1,exploration,23,9,0.75,17,0.223993152743846,0.2355451753288073,0.8660432349172749,0.9099608139864978,-0.04391757906922289,0.7894736842105263,0.7894736842105263,0.0
google_robot_pick_coke_can__seed001__step071,pick_coke_can,1,exploration,23,11,0.75,17,0.300604360298353,0.3121563828833143,0.9699988659800783,0.7070461754925087,0.26295269048756964,0.8888888888888888,0.6190476190476191,0.26984126984126977
google_robot_pick_coke_can__seed001__step071,pick_coke_can,1,exploration,23,14,0.75,17,0.4371791025075145,0.4487311250924758,0.961673204742453,0.4330269802641166,0.5286462244783363,0.8888888888888888,0.5454545454545454,0.3434343434343434
google_robot_pick_coke_can__seed001__step071,pick_coke_can,1,exploration,23,9,1.0,23,0.14084143018457587,0.1426048578122928,0.8180562225290404,0.9319189864137251,-0.11386276388468464,0.9166666666666666,0.84,0.07666666666666666
google_robot_pick_coke_can__seed001__step071,pick_coke_can,1,exploration,23,11,1.0,23,0.25116440761665043,0.25292783524436735,1.0,0.6409446955660533,0.35905530443394673,1.0,0.6428571428571429,0.3571428571428571
google_robot_pick_coke_can__seed001__step071,pick_coke_can,1,exploration,23,14,1.0,23,0.4423721591609788,0.4441355867886957,0.9758931741978247,0.7214575574759605,0.2544356167218642,0.9166666666666666,0.7037037037037037,0.2129629629629629
google_robot_pick_coke_can__seed001__step071,pick_coke_can,1,exploration,23,9,1.25,29,0.05510225989104697,0.027257344031924893,1.0,0.5400013165585041,0.45999868344149586,1.0,0.8709677419354839,0.12903225806451613
google_robot_pick_coke_can__seed001__step071,pick_coke_can,1,exploration,23,11,1.25,29,0.10498836018442718,0.07714344432530511,0.7649462228003373,0.8466970712337973,-0.08175084843346003,0.7575757575757576,0.7058823529411765,0.05169340463458105
google_robot_pick_coke_can__seed001__step071,pick_coke_can,1,exploration,23,14,1.25,29,0.45843960121394667,0.4305946853548246,0.974692887879792,0.6254371584576125,0.34925572942217953,0.8709677419354839,0.7058823529411765,0.16508538899430736
google_robot_pick_coke_can__seed003__step008,pick_coke_can,3,validation,37,9,0.75,28,0.5527885036809064,0.4444595729870448,0.8846773744776611,0.7736632154733017,0.1110141590043594,0.8064516129032258,0.6470588235294118,0.15939278937381396
google_robot_pick_coke_can__seed003__step008,pick_coke_can,3,validation,37,11,0.75,28,0.4519055756148144,0.34357664492095286,0.9535051647432345,0.7043328120438295,0.24917235269940508,0.8666666666666667,0.6,0.2666666666666667
google_robot_pick_coke_can__seed003__step008,pick_coke_can,3,validation,37,14,0.75,28,0.5312614953324725,0.4229325646386109,0.9231661994645597,0.7293175077058803,0.19384869175867936,0.8666666666666667,0.696969696969697,0.16969696969696968
google_robot_pick_coke_can__seed003__step008,pick_coke_can,3,validation,37,9,1.0,37,0.401696745667119,0.3121170357703047,0.7192542958355496,0.6274883582451751,0.09176593759037444,0.7619047619047619,0.7209302325581395,0.04097452934662238
google_robot_pick_coke_can__seed003__step008,pick_coke_can,3,validation,37,11,1.0,37,0.3915489121113806,0.3019692022145663,0.9502117068138002,0.8915323284992409,0.05867937831455927,0.85,0.6818181818181818,0.1681818181818182
google_robot_pick_coke_can__seed003__step008,pick_coke_can,3,validation,37,14,1.0,37,0.4481898358072483,0.358610125910434,0.7750748475930597,0.7739617400643293,0.0011131075287303949,0.7619047619047619,0.6818181818181818,0.0800865800865801
google_robot_pick_coke_can__seed003__step008,pick_coke_can,3,validation,37,9,1.25,46,0.48864186666522524,0.5209943637141035,0.9953146230299659,0.7907882718510376,0.20452635117892826,0.9574468085106383,0.7692307692307693,0.18821603927986907
google_robot_pick_coke_can__seed003__step008,pick_coke_can,3,validation,37,11,1.25,46,0.4808244095222576,0.5131769065711358,0.9145116007804542,0.8188316599684052,0.095679940812049,0.84,0.7692307692307693,0.0707692307692307
google_robot_pick_coke_can__seed003__step008,pick_coke_can,3,validation,37,14,1.25,46,0.4530613249945421,0.4854138220434204,0.9080919592665871,0.7417344584769632,0.16635750078962397,0.8775510204081632,0.7358490566037735,0.1417019638043897
google_robot_pick_coke_can__seed003__step040,pick_coke_can,3,validation,32,9,0.75,24,0.044990450119704754,0.25476536039718956,0.9757966030550081,0.8584481579618259,0.11734844509318221,0.8461538461538461,0.8461538461538461,0.0
google_robot_pick_coke_can__seed003__step040,pick_coke_can,3,validation,32,11,0.75,24,-0.12025921897608803,0.08951569130139679,0.9958939361992917,0.9472827776818162,0.04861115851747544,0.92,0.8461538461538461,0.0738461538461539
google_robot_pick_coke_can__seed003__step040,pick_coke_can,3,validation,32,14,0.75,24,0.10716253337990699,0.3169374436573918,0.9495311122757726,0.8806461552162389,0.06888495705953368,0.8461538461538461,0.92,-0.0738461538461539
google_robot_pick_coke_can__seed003__step040,pick_coke_can,3,validation,32,9,1.0,32,0.03190021046630067,0.14058177508309125,0.9883699757153134,0.9626484519039086,0.0257215238114048,0.9393939393939394,0.8285714285714286,0.11082251082251082
google_robot_pick_coke_can__seed003__step040,pick_coke_can,3,validation,32,11,1.0,32,-0.10319594372973791,0.005485620887052664,0.8691803159417245,0.8987788905637997,-0.029598574622075158,0.8823529411764706,0.8823529411764706,0.0
google_robot_pick_coke_can__seed003__step040,pick_coke_can,3,validation,32,14,1.0,32,0.05517564807609917,0.16385721269288975,0.715172037362514,0.8996139624544616,-0.18444192509194757,0.8285714285714286,0.8823529411764706,-0.05378151260504194
google_robot_pick_coke_can__seed003__step040,pick_coke_can,3,validation,32,9,1.25,40,-0.07760029792148554,0.1373516619542847,1.0,0.7119330722627467,0.2880669277372533,1.0,0.9047619047619048,0.09523809523809523
google_robot_pick_coke_can__seed003__step040,pick_coke_can,3,validation,32,11,1.25,40,-0.18658955862198168,0.028362401253788555,0.8621717377490623,0.9388405063489788,-0.07666876859991645,0.8604651162790697,0.9047619047619048,-0.044296788482835026
google_robot_pick_coke_can__seed003__step040,pick_coke_can,3,validation,32,14,1.25,40,-0.06055673969960862,0.1543952201761616,0.40042439068848007,0.9951061998087093,-0.5946818091202293,0.8604651162790697,0.9512195121951219,-0.09075439591605217
google_robot_pick_coke_can__seed003__step071,pick_coke_can,3,validation,49,9,0.75,37,0.3601147858854181,-0.018034157509711435,0.8452492649578054,0.6589378360596815,0.1863114288981239,0.9473684210526315,0.85,0.09736842105263155
google_robot_pick_coke_can__seed003__step071,pick_coke_can,3,validation,49,11,0.75,37,0.3104059398346553,-0.06774300356047425,0.9587521432086975,0.9465993508744966,0.012152792334200857,0.8974358974358975,0.8974358974358975,0.0
google_robot_pick_coke_can__seed003__step071,pick_coke_can,3,validation,49,14,0.75,37,0.30982071217298635,-0.06832823122214321,0.9799955384196909,0.9858006163084498,-0.005805077888758947,0.85,0.9473684210526315,-0.09736842105263155
google_robot_pick_coke_can__seed003__step071,pick_coke_can,3,validation,49,9,1.0,49,0.3407945356766063,0.023433655034830636,0.9967051287294949,0.9097777237229231,0.08692740500657181,0.96,0.8846153846153846,0.07538461538461538
google_robot_pick_coke_can__seed003__step071,pick_coke_can,3,validation,49,11,1.0,49,0.3137256762982203,-0.003635204343555354,0.9643967650108909,0.7308304525488744,0.23356631246201653,0.9215686274509803,0.7818181818181819,0.13975044563279848
google_robot_pick_coke_can__seed003__step071,pick_coke_can,3,validation,49,14,1.0,49,0.3260601711225362,0.008699290480760569,0.8861295375550836,0.9286505371613796,-0.04252099960629596,0.8148148148148148,0.8846153846153846,-0.06980056980056981
google_robot_pick_coke_can__seed003__step071,pick_coke_can,3,validation,49,9,1.25,61,0.3002753384176425,0.018869271295538836,0.9893197033163824,0.9814864202537444,0.007833283062637975,0.9365079365079365,0.9365079365079365,0.0
google_robot_pick_coke_can__seed003__step071,pick_coke_can,3,validation,49,11,1.25,61,0.2987369806406917,0.017330913518588065,0.9914985617495854,0.9531458919677506,0.038352669781834825,0.9365079365079365,0.90625,0.03025793650793651
google_robot_pick_coke_can__seed003__step071,pick_coke_can,3,validation,49,14,1.25,61,0.22007323841030135,-0.06133282871180229,0.5268700807365967,0.9743168650881735,-0.4474467843515768,0.8769230769230769,0.9365079365079365,-0.059584859584859595
google_robot_pick_coke_can__seed005__step008,pick_coke_can,5,validation,13,9,0.75,10,0.44285857519476807,0.33881584440287954,0.8797958628849543,0.5283050262219765,0.35149083666297776,0.8181818181818182,0.42857142857142855,0.3896103896103897
google_robot_pick_coke_can__seed005__step008,pick_coke_can,5,validation,13,11,0.75,10,0.47787273831166915,0.3738300075197806,1.0,0.6680390154373012,0.33196098456269885,1.0,0.3333333333333333,0.6666666666666667
google_robot_pick_coke_can__seed005__step008,pick_coke_can,5,validation,13,14,0.75,10,0.3829638414609405,0.27892111066905195,0.8936421064283744,0.4405784052169664,0.453063701211408,0.8181818181818182,0.25,0.5681818181818182
google_robot_pick_coke_can__seed005__step008,pick_coke_can,5,validation,13,9,1.0,13,0.48850489889298626,0.213837908793444,0.9665298149164814,0.9152782716030625,0.05125154331341886,0.8571428571428571,0.7333333333333333,0.12380952380952381
google_robot_pick_coke_can__seed005__step008,pick_coke_can,5,validation,13,11,1.0,13,0.5942372822247776,0.3195702921252353,1.0,0.6435448037303194,0.3564551962696806,1.0,0.4444444444444444,0.5555555555555556
google_robot_pick_coke_can__seed005__step008,pick_coke_can,5,validation,13,14,1.0,13,0.5425113321430995,0.2678443420435573,0.5986520915641729,0.3406134695324907,0.25803862203168215,0.8571428571428571,0.3684210526315789,0.48872180451127817
google_robot_pick_coke_can__seed005__step008,pick_coke_can,5,validation,13,9,1.25,16,0.4391264198208769,0.20327282884246964,0.9153088253089295,0.809386290249268,0.10592253505966154,0.8823529411764706,0.6842105263157895,0.19814241486068107
google_robot_pick_coke_can__seed005__step008,pick_coke_can,5,validation,13,11,1.25,16,0.5365929368878516,0.3007393459094443,0.9932462307355175,0.671587334887814,0.3216588958477036,0.8823529411764706,0.45454545454545453,0.42780748663101603
google_robot_pick_coke_can__seed005__step008,pick_coke_can,5,validation,13,14,1.25,16,0.4869431301778404,0.2510895391994331,0.730604980645856,0.43685498788407046,0.29374999276178554,0.7777777777777778,0.45454545454545453,0.32323232323232326
google_robot_pick_coke_can__seed005__step040,pick_coke_can,5,validation,9,9,0.75,7,0.4858480390158834,0.6312471095251928,0.8477131317117633,0.8149615996074234,0.0327515321043399,0.75,0.75,0.0
google_robot_pick_coke_can__seed005__step040,pick_coke_can,5,validation,9,11,0.75,7,0.3785272700811704,0.5239263405904797,0.9694665960213341,0.7433427393660951,0.22612385665523904,0.75,0.75,0.0
google_robot_pick_coke_can__seed005__step040,pick_coke_can,5,validation,9,14,0.75,7,0.43713824547276287,0.5825373159820723,0.976402731369615,1.0,-0.023597268630385027,0.75,1.0,-0.25
google_robot_pick_coke_can__seed005__step040,pick_coke_can,5,validation,9,9,1.0,9,0.4453365775102695,0.45341625646927974,1.0,0.9298019986700211,0.07019800132997889,1.0,0.8,0.19999999999999996
google_robot_pick_coke_can__seed005__step040,pick_coke_can,5,validation,9,11,1.0,9,0.2897863238125435,0.29786600277155373,0.5942355865177498,0.6503413972671525,-0.056105810749402685,0.6363636363636364,0.8,-0.1636363636363637
google_robot_pick_coke_can__seed005__step040,pick_coke_can,5,validation,9,14,1.0,9,0.39606040078868826,0.4041400797476985,0.9206255404320255,1.0,-0.07937445956797451,0.8,1.0,-0.19999999999999996
google_robot_pick_coke_can__seed005__step040,pick_coke_can,5,validation,9,9,1.25,11,0.3631463470299545,0.4257143402677296,0.9542863232696543,0.9178906995583686,0.036395623711285796,0.8333333333333334,0.8333333333333334,0.0
google_robot_pick_coke_can__seed005__step040,pick_coke_can,5,validation,9,11,1.25,11,0.5991602175194694,0.6617282107572444,0.9500966038296496,0.8224956455807515,0.12760095824889806,0.8333333333333334,0.6923076923076923,0.14102564102564108
google_robot_pick_coke_can__seed005__step040,pick_coke_can,5,validation,9,14,1.25,11,0.37401704165710153,0.4365850348948766,0.7429600131544203,0.9748412464153994,-0.2318812332609791,0.8333333333333334,0.8333333333333334,0.0
google_robot_pick_coke_can__seed005__step071,pick_coke_can,5,validation,7,9,0.75,5,0.4863971139737626,0.30608349906896526,0.9034500499519376,1.0,-0.09654995004806244,0.6666666666666666,1.0,-0.33333333333333337
google_robot_pick_coke_can__seed005__step071,pick_coke_can,5,validation,7,11,0.75,5,0.5437893981341565,0.36347578322935914,1.0000000000000002,1.0000000000000002,0.0,1.0,1.0,0.0
google_robot_pick_coke_can__seed005__step071,pick_coke_can,5,validation,7,14,0.75,5,0.40592031828283764,0.22560670337804029,0.8468078659658933,1.0,-0.1531921340341067,0.6666666666666666,1.0,-0.33333333333333337
google_robot_pick_coke_can__seed005__step071,pick_coke_can,5,validation,7,9,1.0,7,0.6412705712719616,0.44852099584521055,0.7831471411529772,0.7831471411529772,0.0,0.75,0.75,0.0
google_robot_pick_coke_can__seed005__step071,pick_coke_can,5,validation,7,11,1.0,7,0.6327256598725407,0.4399760844457896,0.9462602919816612,0.9675565002360913,-0.021296208254430127,0.75,0.75,0.0
google_robot_pick_coke_can__seed005__step071,pick_coke_can,5,validation,7,14,1.0,7,0.3947755950746615,0.20202601964791042,0.9082136300546342,1.0,-0.09178636994536582,0.75,1.0,-0.25
google_robot_pick_coke_can__seed005__step071,pick_coke_can,5,validation,7,9,1.25,9,0.6586335506906543,0.4573069609749153,1.0,0.9832837976438468,0.01671620235615323,1.0,0.8,0.19999999999999996
google_robot_pick_coke_can__seed005__step071,pick_coke_can,5,validation,7,11,1.25,9,0.6705681979188411,0.4692416082031021,0.9002268785906414,0.9811376364209482,-0.08091075783030677,0.6363636363636364,0.6363636363636364,0.0
google_robot_pick_coke_can__seed005__step071,pick_coke_can,5,validation,7,14,1.25,9,0.2911645770787405,0.08983798736300144,1.0,1.0,0.0,1.0,1.0,0.0
google_robot_pick_coke_can__seed030__step008,pick_coke_can,30,exploration,18,9,0.75,14,0.2772091484362224,0.21037555580387313,0.8856745465980941,0.7718470353821631,0.11382751121593093,0.8666666666666667,0.6470588235294118,0.2196078431372549
google_robot_pick_coke_can__seed030__step008,pick_coke_can,30,exploration,18,11,0.75,14,0.5254852180351487,0.4586516254027994,0.7551222438920733,0.399960816059878,0.3551614278321953,0.75,0.47368421052631576,0.27631578947368424
google_robot_pick_coke_can__seed030__step008,pick_coke_can,30,exploration,18,14,0.75,14,0.42443930719873685,0.35760571456638757,0.8056677960026298,0.24037644732680996,0.5652913486758199,0.75,0.2727272727272727,0.4772727272727273
google_robot_pick_coke_can__seed030__step008,pick_coke_can,30,exploration,18,9,1.0,18,0.3734027757989651,0.254352984584191,1.0,0.8719272759459233,0.12807272405407666,1.0,0.7142857142857143,0.2857142857142857
google_robot_pick_coke_can__seed030__step008,pick_coke_can,30,exploration,18,11,1.0,18,0.33912929822380256,0.22007950700902845,0.8998207325948164,0.5102572545056939,0.3895634780891225,0.8,0.5,0.30000000000000004
google_robot_pick_coke_can__seed030__step008,pick_coke_can,30,exploration,18,14,1.0,18,0.5326876671325897,0.41363787591781565,0.7728838606061497,0.2903637103054825,0.48252015030066714,0.8,0.3333333333333333,0.46666666666666673
google_robot_pick_coke_can__seed030__step008,pick_coke_can,30,exploration,18,9,1.25,22,0.39175361375325474,0.259931745150022,0.9662327142961619,0.9199696813179724,0.046263032978189456,0.9130434782608695,0.8333333333333334,0.07971014492753614
google_robot_pick_coke_can__seed030__step008,pick_coke_can,30,exploration,18,11,1.25,22,0.3457864556425014,0.21396458703926863,0.7918937036964064,0.5156871006740957,0.2762066030223107,0.76,0.4666666666666667,0.29333333333333333
google_robot_pick_coke_can__seed030__step008,pick_coke_can,30,exploration,18,14,1.25,22,0.4194615292167672,0.28763966061353446,0.889684122430139,0.4551603842130805,0.4345237382170584,0.8333333333333334,0.375,0.45833333333333337
google_robot_pick_coke_can__seed030__step040,pick_coke_can,30,exploration,59,9,0.75,44,0.24787265417027862,0.0003334427540504781,0.9431125910343966,0.981201305571768,-0.03808871453737139,0.8723404255319149,0.9555555555555556,-0.08321513002364067
google_robot_pick_coke_can__seed030__step040,pick_coke_can,30,exploration,59,11,0.75,44,0.3335268370069547,0.08598762559072654,1.0,0.9423328162298393,0.05766718377016067,1.0,0.8333333333333334,0.16666666666666663
google_robot_pick_coke_can__seed030__step040,pick_coke_can,30,exploration,59,14,0.75,44,0.3586884007244271,0.11114918930819895,0.9145647432439339,0.9979054098042394,-0.08334066656030548,0.8333333333333334,0.9555555555555556,-0.12222222222222223
google_robot_pick_coke_can__seed030__step040,pick_coke_can,30,exploration,59,9,1.0,59,0.2334899264707839,-0.036450964594762464,0.9765440168633197,0.8437436011018034,0.13280041576151635,0.9344262295081968,0.9666666666666667,-0.032240437158469915
google_robot_pick_coke_can__seed030__step040,pick_coke_can,30,exploration,59,11,1.0,59,0.33464416778908707,0.0647032767235407,0.9559309027406249,0.9843897424777651,-0.02845883973714025,0.84375,0.9666666666666667,-0.12291666666666667
google_robot_pick_coke_can__seed030__step040,pick_coke_can,30,exploration,59,14,1.0,59,0.34349678501188174,0.07355589394633538,0.8331129219582022,0.9983631283647328,-0.16525020640653065,0.873015873015873,0.9666666666666667,-0.09365079365079365
google_robot_pick_coke_can__seed030__step040,pick_coke_can,30,exploration,59,9,1.25,74,0.21492393235076435,-0.05263353726472103,0.9811265906359837,0.9378347168076403,0.04329187382834343,0.9473684210526315,0.9733333333333334,-0.025964912280701857
google_robot_pick_coke_can__seed030__step040,pick_coke_can,30,exploration,59,11,1.25,74,0.2806745030096009,0.013117033394115518,0.913289104375473,0.9797081023064648,-0.06641899793099182,0.8974358974358975,0.9733333333333334,-0.07589743589743592
google_robot_pick_coke_can__seed030__step040,pick_coke_can,30,exploration,59,14,1.25,74,0.3099032191812236,0.04234574956573822,0.8859845892517674,0.9929228212778002,-0.10693823202603281,0.922077922077922,0.9733333333333334,-0.05125541125541133
google_robot_pick_coke_can__seed030__step071,pick_coke_can,30,exploration,11,9,0.75,8,0.3686275320394084,0.29884305741639355,0.9672007449529954,0.9914083324549628,-0.024207587501967498,0.6,0.7777777777777778,-0.1777777777777778
google_robot_pick_coke_can__seed030__step071,pick_coke_can,30,exploration,11,11,0.75,8,0.4436625312667514,0.3738780566437366,0.928965465433336,1.0,-0.07103453456666398,0.7777777777777778,1.0,-0.2222222222222222
google_robot_pick_coke_can__seed030__step071,pick_coke_can,30,exploration,11,14,0.75,8,0.35054989430838507,0.2807654196853702,0.8495712052621273,0.8476845903526397,0.001886614909487605,0.7777777777777778,0.7777777777777778,0.0
google_robot_pick_coke_can__seed030__step071,pick_coke_can,30,exploration,11,9,1.0,11,0.3734748039162447,0.33786532490606175,1.0,0.9659388153801952,0.034061184619804785,1.0,0.8333333333333334,0.16666666666666663
google_robot_pick_coke_can__seed030__step071,pick_coke_can,30,exploration,11,11,1.0,11,0.3277464645936159,0.29213698558343293,1.0000000000000002,1.0000000000000002,0.0,1.0,1.0,0.0
google_robot_pick_coke_can__seed030__step071,pick_coke_can,30,exploration,11,14,1.0,11,0.3411096532888244,0.30550017427864146,0.9800909719042147,1.0,-0.01990902809578532,0.8333333333333334,1.0,-0.16666666666666663
google_robot_pick_coke_can__seed030__step071,pick_coke_can,30,exploration,11,9,1.25,14,0.4325373906526077,0.15675545580173955,0.9762411081455257,0.9643043939039938,0.011936714241531865,0.8666666666666667,0.8666666666666667,0.0
google_robot_pick_coke_can__seed030__step071,pick_coke_can,30,exploration,11,11,1.25,14,0.28744736366482765,0.011665428813959489,0.7827674708691731,0.9619597887051107,-0.1791923178359376,0.8666666666666667,0.8666666666666667,0.0
google_robot_pick_coke_can__seed030__step071,pick_coke_can,30,exploration,11,14,1.25,14,0.4983709825027354,0.22258904765186727,0.9301893630002636,1.0,-0.06981063699973644,0.8666666666666667,1.0,-0.1333333333333333
google_robot_pick_coke_can__seed059__step008,pick_coke_can,59,exploration,13,9,0.75,10,0.28994069051822086,0.14065487154048464,1.0000000000000002,0.8496608647806734,0.15033913521932685,1.0,0.5384615384615384,0.46153846153846156
google_robot_pick_coke_can__seed059__step008,pick_coke_can,59,exploration,13,11,0.75,10,0.43322526380944754,0.2839394448317113,0.8797193955995982,0.06663224378566669,0.8130871518139315,0.8181818181818182,0.1111111111111111,0.7070707070707072
google_robot_pick_coke_can__seed059__step008,pick_coke_can,59,exploration,13,14,0.75,10,0.34105223051855527,0.19176641154081905,0.8228418945973287,0.3193185654350136,0.5035233291623151,0.8181818181818182,0.17647058823529413,0.6417112299465241
google_robot_pick_coke_can__seed059__step008,pick_coke_can,59,exploration,13,9,1.0,13,0.3009051089379868,0.3197769658739481,0.9094043274603368,0.8974224577939452,0.011981869666391587,0.7333333333333333,0.625,0.10833333333333328
google_robot_pick_coke_can__seed059__step008,pick_coke_can,59,exploration,13,11,1.0,13,0.5674340491669491,0.5863059061029104,0.7546393434095579,0.5561405255147988,0.1984988178947591,0.8571428571428571,0.23809523809523808,0.6190476190476191
google_robot_pick_coke_can__seed059__step008,pick_coke_can,59,exploration,13,14,1.0,13,0.4031567430272818,0.42202859996324316,0.6398834665799445,0.33703230993737227,0.3028511566425723,0.7333333333333333,0.23809523809523808,0.4952380952380952
google_robot_pick_coke_can__seed059__step008,pick_coke_can,59,exploration,13,9,1.25,16,0.23903096549023958,0.2669184993565593,1.0,0.8539307925247389,0.1460692074752611,1.0,0.7777777777777778,0.2222222222222222
google_robot_pick_coke_can__seed059__step008,pick_coke_can,59,exploration,13,11,1.25,16,0.35870977862022246,0.3865973124865422,0.9233289860712715,0.611798858348737,0.3115301277225344,0.7777777777777778,0.3333333333333333,0.4444444444444445
google_robot_pick_coke_can__seed059__step008,pick_coke_can,59,exploration,13,14,1.25,16,0.22182047460513096,0.2497080084714507,0.8832472119059074,0.6584590084898195,0.22478820341608785,0.7777777777777778,0.391304347826087,0.3864734299516908
google_robot_pick_coke_can__seed059__step040,pick_coke_can,59,exploration,64,9,0.75,48,-0.0038555960632665476,-0.3587529851703145,0.6978105954660684,0.980277462894262,-0.2824668674281936,0.8461538461538461,0.9591836734693877,-0.11302982731554156
google_robot_pick_coke_can__seed059__step040,pick_coke_can,59,exploration,64,11,0.75,48,-0.025413405608527024,-0.380310794715575,0.9642878490942254,0.9593177499910167,0.004970099103208669,0.92,0.8823529411764706,0.03764705882352948
google_robot_pick_coke_can__seed059__step040,pick_coke_can,59,exploration,64,14,0.75,48,-0.037007747911231355,-0.39190513701827934,0.9983632054957963,1.0,-0.0016367945042037313,0.9591836734693877,1.0,-0.04081632653061229
google_robot_pick_coke_can__seed059__step040,pick_coke_can,59,exploration,64,9,1.0,64,0.06982522851811442,-0.19520515718999687,0.9695819790556676,0.9948625041846446,-0.02528052512897705,0.9104477611940298,0.9692307692307692,-0.058783008036739415
google_robot_pick_coke_can__seed059__step040,pick_coke_can,59,exploration,64,11,1.0,64,-0.005668992631252682,-0.27069937833936397,0.9899012074932693,0.9753119577217367,0.014589249771532531,0.9393939393939394,0.9104477611940298,0.028946178199909633
google_robot_pick_coke_can__seed059__step040,pick_coke_can,59,exploration,64,14,1.0,64,0.08511651962181671,-0.17991386608629456,0.9531548684150906,0.9339791004131158,0.019175768001974736,0.855072463768116,0.9104477611940298,-0.05537529742591385
google_robot_pick_coke_can__seed059__step040,pick_coke_can,59,exploration,64,9,1.25,80,0.12070643778768508,-0.14311313995479008,0.8468235606675648,0.8918358189245761,-0.04501225825701127,0.8390804597701149,0.9047619047619048,-0.06568144499178985
google_robot_pick_coke_can__seed059__step040,pick_coke_can,59,exploration,64,11,1.25,80,0.0031362956174979715,-0.2606832821249772,0.9598591189838056,0.9802255421770791,-0.02036642319327353,0.9047619047619048,0.9753086419753086,-0.07054673721340388
google_robot_pick_coke_can__seed059__step040,pick_coke_can,59,exploration,64,14,1.25,80,0.07996183914434911,-0.18385773859812604,0.9026332422173861,0.9844728351475637,-0.08183959293017762,0.9047619047619048,0.9512195121951219,-0.04645760743321714
google_robot_pick_coke_can__seed059__step071,pick_coke_can,59,exploration,38,9,0.75,28,0.22498783894226315,0.2169847582288859,0.987146576432163,0.9937836162507431,-0.006637039818580104,0.9310344827586207,0.9310344827586207,0.0
google_robot_pick_coke_can__seed059__step071,pick_coke_can,59,exploration,38,11,0.75,28,0.18054482889680956,0.17254174818343232,0.9946125077829034,0.9755014962045978,0.019111011578305637,0.9310344827586207,0.8666666666666667,0.06436781609195397
google_robot_pick_coke_can__seed059__step071,pick_coke_can,59,exploration,38,14,0.75,28,0.18387768111709932,0.1758746004037221,0.9502846552369394,1.0,-0.04971534476306061,0.8666666666666667,1.0,-0.1333333333333333
google_robot_pick_coke_can__seed059__step071,pick_coke_can,59,exploration,38,9,1.0,38,0.16196245133644097,0.23683942160762525,0.8754247752457229,0.9428623542683497,-0.06743757902262681,0.9487179487179487,0.8536585365853658,0.09505941213258284
google_robot_pick_coke_can__seed059__step071,pick_coke_can,59,exploration,38,11,1.0,38,0.11218799758143083,0.18706496785261512,0.9954580923457949,0.9400391854108108,0.05541890693498408,0.9487179487179487,0.8536585365853658,0.09505941213258284
google_robot_pick_coke_can__seed059__step071,pick_coke_can,59,exploration,38,14,1.0,38,0.14353727974306352,0.2184142500142478,0.9649133175047462,1.0,-0.03508668249525382,0.9487179487179487,1.0,-0.05128205128205132
google_robot_pick_coke_can__seed059__step071,pick_coke_can,59,exploration,38,9,1.25,48,0.16064510908250249,0.40350819811963984,0.9321016455428116,0.9350161468239483,-0.0029145012811366833,0.92,0.8823529411764706,0.03764705882352948
google_robot_pick_coke_can__seed059__step071,pick_coke_can,59,exploration,38,11,1.25,48,0.014366618678290055,0.2572297077154274,0.9738426588171039,0.9486514158303182,0.025191242986785656,0.9591836734693877,0.92,0.03918367346938767
google_robot_pick_coke_can__seed059__step071,pick_coke_can,59,exploration,38,14,1.25,48,0.04848281200518099,0.29134590104231833,0.9824038148021151,0.9854781309466113,-0.0030743161444961586,0.92,0.9591836734693877,-0.03918367346938767
google_robot_pick_coke_can__seed095__step008,pick_coke_can,95,validation,10,9,0.75,8,0.821988631337912,0.4726609662868612,0.9390309021537019,-0.35098099516526643,1.2900118973189683,0.7777777777777778,0.3333333333333333,0.4444444444444445
google_robot_pick_coke_can__seed095__step008,pick_coke_can,95,validation,10,11,0.75,8,0.8021609420256985,0.45283327697464776,0.937105689208925,-0.1091677381332596,1.0462734273421845,0.7777777777777778,0.23076923076923078,0.5470085470085471
google_robot_pick_coke_can__seed095__step008,pick_coke_can,95,validation,10,14,0.75,8,0.8206446382076917,0.47131697315664095,0.027528169660335586,-0.1370832109937101,0.16461138065404568,0.7777777777777778,0.23076923076923078,0.5470085470085471
google_robot_pick_coke_can__seed095__step008,pick_coke_can,95,validation,10,9,1.0,10,0.8127421921521156,0.4361711277825822,0.9956649100628892,-0.3108503656093515,1.3065152756722407,0.8181818181818182,0.3333333333333333,0.4848484848484849
google_robot_pick_coke_can__seed095__step008,pick_coke_can,95,validation,10,11,1.0,10,0.8210896922592618,0.44451862788972835,0.991589126120941,-0.14620055551027986,1.1377896816312207,0.8181818181818182,0.3333333333333333,0.4848484848484849
google_robot_pick_coke_can__seed095__step008,pick_coke_can,95,validation,10,14,1.0,10,0.8132684453439459,0.4366973809744125,1.0000000000000002,-0.16102105506786704,1.1610210550678672,1.0,0.17647058823529413,0.8235294117647058
google_robot_pick_coke_can__seed095__step008,pick_coke_can,95,validation,10,9,1.25,12,0.7989745836307964,0.3927628628385172,0.9829393480716092,-0.24327308256376715,1.2262124306353763,0.8461538461538461,0.5,0.34615384615384615
google_robot_pick_coke_can__seed095__step008,pick_coke_can,95,validation,10,11,1.25,12,0.7783079520065606,0.3720962312142813,0.7867294655992908,-0.08532647804089195,0.8720559436401828,0.7142857142857143,0.4117647058823529,0.3025210084033614
google_robot_pick_coke_can__seed095__step008,pick_coke_can,95,validation,10,14,1.25,12,0.799058537344237,0.3928468165519578,0.9826348030983177,-0.14279722425957467,1.1254320273578924,0.8461538461538461,0.2631578947368421,0.582995951417004
google_robot_pick_coke_can__seed095__step040,pick_coke_can,95,validation,43,9,0.75,32,0.28932986625302853,0.2308324265322589,0.9891614566163005,0.6325621509296667,0.3565993056866338,0.9393939393939394,0.7777777777777778,0.16161616161616166
google_robot_pick_coke_can__seed095__step040,pick_coke_can,95,validation,43,11,0.75,32,0.25106132018985505,0.19256388046908543,0.9984758390648979,0.6107009752856226,0.3877748637792753,0.9393939393939394,0.6,0.33939393939393947
google_robot_pick_coke_can__seed095__step040,pick_coke_can,95,validation,43,14,0.75,32,-0.012618456723785143,-0.07111589644455477,0.9149750718567576,0.992054961450669,-0.07707988959391132,0.8285714285714286,0.9393939393939394,-0.11082251082251082
google_robot_pick_coke_can__seed095__step040,pick_coke_can,95,validation,43,9,1.0,43,0.2215423384509736,0.13761719048990612,0.9894383912598267,0.9489243270726,0.040514064187226695,0.9545454545454546,0.8695652173913043,0.08498023715415026
google_robot_pick_coke_can__seed095__step040,pick_coke_can,95,validation,43,11,1.0,43,0.3242091835629347,0.24028403560186723,0.9528215520215876,0.7417352840918555,0.21108626792973206,0.8695652173913043,0.7916666666666666,0.0778985507246377
google_robot_pick_coke_can__seed095__step040,pick_coke_can,95,validation,43,14,1.0,43,0.020925289504133415,-0.06299985845693405,0.9635639809916987,0.9666005961582314,-0.0030366151665326413,0.8695652173913043,0.9545454545454546,-0.08498023715415026
google_robot_pick_coke_can__seed095__step040,pick_coke_can,95,validation,43,9,1.25,54,0.4339950171922798,0.3285979312228852,0.9666981368267146,0.6827223607179927,0.2839757761087218,0.8620689655172413,0.8,0.06206896551724128
google_robot_pick_coke_can__seed095__step040,pick_coke_can,95,validation,43,11,1.25,54,0.4789341638877184,0.37353707791832386,0.9667304707290132,0.8949203734890002,0.07181009724001297,0.9285714285714286,0.8,0.12857142857142856
google_robot_pick_coke_can__seed095__step040,pick_coke_can,95,validation,43,14,1.25,54,0.4565560820073276,0.35115899603793305,0.7780415185617775,0.8498302615402852,-0.07178874297850768,0.9636363636363636,0.8620689655172413,0.1015673981191223
google_robot_pick_coke_can__seed095__step071,pick_coke_can,95,validation,56,9,0.75,42,0.30540119862264076,0.3549400434923311,0.9887352886673267,0.8368286925080551,0.1519065961592716,0.9534883720930233,0.75,0.20348837209302328
google_robot_pick_coke_can__seed095__step071,pick_coke_can,95,validation,56,11,0.75,42,0.4394128507670017,0.48895169563669205,0.9748072122106682,0.7596302576321952,0.21517695457847308,0.8666666666666667,0.68,0.18666666666666665
google_robot_pick_coke_can__seed095__step071,pick_coke_can,95,validation,56,14,0.75,42,0.3421135590595472,0.3916524039292375,0.8607418149626964,0.9616270483355928,-0.10088523337289634,0.9090909090909091,0.9090909090909091,0.0
google_robot_pick_coke_can__seed095__step071,pick_coke_can,95,validation,56,9,1.0,56,0.3814326095223676,0.40997569511161774,0.9795598842788342,0.8295555830069912,0.15000430127184305,0.8983050847457628,0.8360655737704918,0.06223951097527092
google_robot_pick_coke_can__seed095__step071,pick_coke_can,95,validation,56,11,1.0,56,0.356881865316393,0.3854249509056431,0.9640413345475857,0.7717261159103875,0.19231521863719814,0.9310344827586207,0.75,0.18103448275862066
google_robot_pick_coke_can__seed095__step071,pick_coke_can,95,validation,56,14,1.0,56,0.37561651884252095,0.40415960443177107,0.9600214267373621,0.9782966910178915,-0.01827526428052939,0.9310344827586207,0.9310344827586207,0.0
google_robot_pick_coke_can__seed095__step071,pick_coke_can,95,validation,56,9,1.25,70,0.29210496934037283,0.1590049290775861,0.8852400270843908,0.9243926133723873,-0.03915258628799656,0.8918918918918919,0.9178082191780822,-0.02591632728619031
google_robot_pick_coke_can__seed095__step071,pick_coke_can,95,validation,56,11,1.25,70,0.31202515456266994,0.1789251142998832,0.9870924628583965,0.9092081470228416,0.07788431583555488,0.971830985915493,0.8181818181818182,0.15364916773367476
google_robot_pick_coke_can__seed095__step071,pick_coke_can,95,validation,56,14,1.25,70,0.3719588973471461,0.23885885708435936,0.9320954056762898,0.9943553402295139,-0.062259934553224094,0.9178082191780822,0.971830985915493,-0.0540227667374108
google_robot_pick_coke_can__seed096__step008,pick_coke_can,96,exploration,24,9,0.75,18,0.38799799172186655,0.4687446581717795,0.639444308262182,0.8971540031200491,-0.2577096948578671,0.8947368421052632,0.6363636363636364,0.2583732057416268
google_robot_pick_coke_can__seed096__step008,pick_coke_can,96,exploration,24,11,0.75,18,0.538393038110094,0.6191397045600069,1.0,0.769977632223303,0.23002236777669705,1.0,0.6363636363636364,0.36363636363636365
google_robot_pick_coke_can__seed096__step008,pick_coke_can,96,exploration,24,14,0.75,18,0.09189440944702565,0.1726410758969386,0.7313408396677502,0.47531188920025885,0.25602895046749136,0.7142857142857143,0.3333333333333333,0.380952380952381
google_robot_pick_coke_can__seed096__step008,pick_coke_can,96,exploration,24,9,1.0,24,0.501505788765497,0.6125081496198916,0.9392993829824929,0.4665351127553156,0.4727642702271773,0.92,0.7142857142857143,0.20571428571428574
google_robot_pick_coke_can__seed096__step008,pick_coke_can,96,exploration,24,11,1.0,24,0.5042984719788767,0.6153008328332713,0.9453387405499853,0.7943515708529095,0.15098716969707582,0.92,0.6551724137931034,0.2648275862068966
google_robot_pick_coke_can__seed096__step008,pick_coke_can,96,exploration,24,14,1.0,24,0.40728682525296245,0.5182891861073571,0.559750093614296,0.21095512685018725,0.3487949667641087,0.8461538461538461,0.45454545454545453,0.3916083916083916
google_robot_pick_coke_can__seed096__step008,pick_coke_can,96,exploration,24,9,1.25,30,0.4059752398254474,0.530394084225845,1.0,0.9591999172220064,0.04080008277799363,1.0,0.875,0.125
google_robot_pick_coke_can__seed096__step008,pick_coke_can,96,exploration,24,11,1.25,30,0.44821464225562196,0.5726334866560197,1.0,0.7624068431179611,0.23759315688203886,1.0,0.5789473684210527,0.42105263157894735
google_robot_pick_coke_can__seed096__step008,pick_coke_can,96,exploration,24,14,1.25,30,0.4598801230237226,0.5842989674241202,0.8170637291469242,0.3911765484925313,0.42588718065439285,0.7647058823529411,0.5,0.2647058823529411
google_robot_pick_coke_can__seed096__step040,pick_coke_can,96,exploration,6,9,0.75,4,0.49536897230835963,0.2936760254047235,1.0,0.2725803650501159,0.727419634949884,1.0,0.3333333333333333,0.6666666666666667
google_robot_pick_coke_can__seed096__step040,pick_coke_can,96,exploration,6,11,0.75,4,0.5487238634878152,0.34703091658417906,1.0,-0.038155937953178,1.038155937953178,1.0,0.14285714285714285,0.8571428571428572
google_robot_pick_coke_can__seed096__step040,pick_coke_can,96,exploration,6,14,0.75,4,0.38763827146964497,0.18594532456600885,0.7346251373356244,0.07614685324413166,0.6584782840914928,0.6,0.14285714285714285,0.45714285714285713
google_robot_pick_coke_can__seed096__step040,pick_coke_can,96,exploration,6,9,1.0,6,0.5694209095688297,0.45900988649027735,0.9937728852863034,0.46255423159322945,0.5312186536930739,0.7142857142857143,0.5,0.2142857142857143
google_robot_pick_coke_can__seed096__step040,pick_coke_can,96,exploration,6,11,1.0,6,0.5749679223388474,0.46455689926029503,1.0,0.11806153066446373,0.8819384693355363,1.0,0.3333333333333333,0.6666666666666667
google_robot_pick_coke_can__seed096__step040,pick_coke_can,96,exploration,6,14,1.0,6,0.3690501137567293,0.2586390906781769,1.0000000000000002,0.21774052942994723,0.782259470570053,1.0,0.09090909090909091,0.9090909090909091
google_robot_pick_coke_can__seed096__step040,pick_coke_can,96,exploration,6,9,1.25,8,0.5487594504120752,0.30518827367425927,1.0,0.5019895113491185,0.4980104886508815,1.0,0.45454545454545453,0.5454545454545454
google_robot_pick_coke_can__seed096__step040,pick_coke_can,96,exploration,6,11,1.25,8,0.5547920716700817,0.3112208949322658,0.7412705360221281,0.2811012136167793,0.4601693224053488,0.7777777777777778,0.6,0.1777777777777778
google_robot_pick_coke_can__seed096__step040,pick_coke_can,96,exploration,6,14,1.25,8,0.36412672805436047,0.12055555131654452,0.6799235513612961,0.4461856795775328,0.23373787178376332,0.6,0.3333333333333333,0.26666666666666666
google_robot_pick_coke_can__seed096__step071,pick_coke_can,96,exploration,29,9,0.75,22,0.351042113672255,0.36739267877868026,0.9583500212118787,0.7172273325536939,0.24112268865818487,0.9130434782608695,0.76,0.1530434782608695
google_robot_pick_coke_can__seed096__step071,pick_coke_can,96,exploration,29,11,0.75,22,0.4728896030033691,0.4892401681097943,0.9278075475153172,0.7772913324704857,0.1505162150448316,0.8333333333333334,0.6923076923076923,0.14102564102564108
google_robot_pick_coke_can__seed096__step071,pick_coke_can,96,exploration,29,14,0.75,22,0.7714573733236945,0.7878079384301196,0.9707531686819566,0.44531052105287605,0.5254426476290806,0.8333333333333334,0.5172413793103449,0.3160919540229885
google_robot_pick_coke_can__seed096__step071,pick_coke_can,96,exploration,29,9,1.0,29,0.2750563612870285,0.16195596875855361,0.9861073121921612,0.708938963924923,0.27716834826723824,0.9333333333333333,0.8709677419354839,0.062365591397849474
google_robot_pick_coke_can__seed096__step071,pick_coke_can,96,exploration,29,11,1.0,29,0.4007727882639574,0.28767239573548253,0.9639797189783502,0.842996974604454,0.12098274437389622,0.9333333333333333,0.7575757575757576,0.17575757575757578
google_robot_pick_coke_can__seed096__step071,pick_coke_can,96,exploration,29,14,1.0,29,0.6826043611435632,0.5695039686150883,0.9683690147669487,0.35087143682336497,0.6174975779435837,0.8709677419354839,0.6111111111111112,0.2598566308243727
google_robot_pick_coke_can__seed096__step071,pick_coke_can,96,exploration,29,9,1.25,36,0.24969133685240705,0.34444989757931926,0.9785380118048956,0.9827215305206791,-0.004183518715783485,0.8461538461538461,0.8947368421052632,-0.04858299595141702
google_robot_pick_coke_can__seed096__step071,pick_coke_can,96,exploration,29,11,1.25,36,0.5154790414809672,0.6102376022078795,0.9740647951262508,0.9109662144776887,0.06309858064856211,0.8461538461538461,0.6744186046511628,0.17173524150268338
google_robot_pick_coke_can__seed096__step071,pick_coke_can,96,exploration,29,14,1.25,36,0.4540933812710464,0.5488519419979586,0.8119100603939419,0.44362738706512966,0.3682826733288122,0.8947368421052632,0.6,0.2947368421052632
google_robot_pick_coke_can__seed097__step008,pick_coke_can,97,exploration,25,9,0.75,19,0.4240938228079522,0.5239025191005607,0.9739572557328503,0.49354355247444776,0.48041370325840255,0.9,0.7272727272727273,0.17272727272727273
google_robot_pick_coke_can__seed097__step008,pick_coke_can,97,exploration,25,11,0.75,19,0.2825909473228811,0.3823996436154896,0.8983307474466772,0.5452097583836871,0.35312098906299005,0.9,0.6521739130434783,0.24782608695652175
google_robot_pick_coke_can__seed097__step008,pick_coke_can,97,exploration,25,14,0.75,19,0.2193004444807436,0.3191091407733521,0.960923053364921,0.2503595156737543,0.7105635376911668,0.9,0.52,0.38
google_robot_pick_coke_can__seed097__step008,pick_coke_can,97,exploration,25,9,1.0,25,0.13871381997092488,0.16163129328629602,0.7130945775543945,0.4675068251705154,0.24558775238387914,0.9230769230769231,0.7857142857142857,0.13736263736263743
google_robot_pick_coke_can__seed097__step008,pick_coke_can,97,exploration,25,11,1.0,25,0.1043443276720921,0.12726180098746323,0.9878347826280404,0.5447817306093313,0.44305305201870904,0.9230769230769231,0.7241379310344828,0.19893899204244037
google_robot_pick_coke_can__seed097__step008,pick_coke_can,97,exploration,25,14,1.0,25,0.08696633054426317,0.1098838038596343,0.9451047556601418,0.47098225984005526,0.4741224958200866,0.8518518518518519,0.5625,0.28935185185185186
google_robot_pick_coke_can__seed097__step008,pick_coke_can,97,exploration,25,9,1.25,31,0.1903215367563115,0.21181984862716546,0.9906049852814456,0.907792863513977,0.08281212176746855,0.9375,0.9375,0.0
google_robot_pick_coke_can__seed097__step008,pick_coke_can,97,exploration,25,11,1.25,31,0.19218927317993809,0.21368758505079205,1.0,0.715703685492383,0.28429631450761705,1.0,0.7714285714285715,0.22857142857142854
google_robot_pick_coke_can__seed097__step008,pick_coke_can,97,exploration,25,14,1.25,31,0.09959851048348432,0.12109682235433829,0.9071375183807042,0.5680908999821022,0.33904661839860206,0.7714285714285715,0.7222222222222222,0.049206349206349254
google_robot_pick_coke_can__seed097__step040,pick_coke_can,97,exploration,24,9,0.75,18,0.35920434226023296,0.13106901851618893,1.0,0.7026366903974471,0.29736330960255286,1.0,0.7142857142857143,0.2857142857142857
google_robot_pick_coke_can__seed097__step040,pick_coke_can,97,exploration,24,11,0.75,18,0.3718418208713683,0.14370649712732428,0.7955387744629562,0.4287737051934835,0.36676506926947267,0.8947368421052632,0.5652173913043478,0.3295194508009154
google_robot_pick_coke_can__seed097__step040,pick_coke_can,97,exploration,24,14,0.75,18,0.2529446189790013,0.024809295234957257,0.9322976522063794,0.5403061144923818,0.39199153771399764,0.8,0.5,0.30000000000000004
google_robot_pick_coke_can__seed097__step040,pick_coke_can,97,exploration,24,9,1.0,24,0.4445055665279474,0.0826048229165684,1.0,0.8970225120435508,0.10297748795644923,1.0,0.8461538461538461,0.15384615384615385
google_robot_pick_coke_can__seed097__step040,pick_coke_can,97,exploration,24,11,1.0,24,0.30758046354762336,-0.054320280063755666,0.9221232571943109,0.09765716171590179,0.8244660954784091,0.92,0.7142857142857143,0.20571428571428574
google_robot_pick_coke_can__seed097__step040,pick_coke_can,97,exploration,24,14,1.0,24,0.21286290222184137,-0.14903784138953766,0.7842650514377795,0.6339097610725014,0.15035529036527806,0.8461538461538461,0.5,0.34615384615384615
google_robot_pick_coke_can__seed097__step040,pick_coke_can,97,exploration,24,9,1.25,30,0.2568449822830697,-0.012235220112196799,1.0,0.8736965357645258,0.12630346423547423,1.0,0.875,0.125
google_robot_pick_coke_can__seed097__step040,pick_coke_can,97,exploration,24,11,1.25,30,0.15830456292785097,-0.1107756394674155,0.9707989881116204,0.4324935358026028,0.5383054523090176,0.9354838709677419,0.7647058823529411,0.17077798861480076
google_robot_pick_coke_can__seed097__step040,pick_coke_can,97,exploration,24,14,1.25,30,0.3016288042728113,0.032548601877544825,0.9425082433730568,0.5517602484215377,0.39074799495151913,0.875,0.6216216216216216,0.2533783783783784
google_robot_pick_coke_can__seed097__step071,pick_coke_can,97,exploration,8,9,0.75,6,0.3226401867674718,0.23686076285362695,1.0,1.0,0.0,1.0,1.0,0.0
google_robot_pick_coke_can__seed097__step071,pick_coke_can,97,exploration,8,11,0.75,6,0.14486144568941076,0.0590820217755659,1.0,0.5786251260159515,0.4213748739840485,1.0,0.5,0.5
google_robot_pick_coke_can__seed097__step071,pick_coke_can,97,exploration,8,14,0.75,6,0.16914281157355404,0.08336338765970919,1.0,0.924378131875312,0.07562186812468796,1.0,0.7142857142857143,0.2857142857142857
google_robot_pick_coke_can__seed097__step071,pick_coke_can,97,exploration,8,9,1.0,8,0.5166463637416635,0.25013941546914953,1.0,0.9746723502270971,0.025327649772902916,1.0,0.7777777777777778,0.2222222222222222
google_robot_pick_coke_can__seed097__step071,pick_coke_can,97,exploration,8,11,1.0,8,0.4282688543116793,0.16176190603916535,0.8238250942849543,0.8643257304941317,-0.04050063620917743,0.7777777777777778,0.6,0.1777777777777778
google_robot_pick_coke_can__seed097__step071,pick_coke_can,97,exploration,8,14,1.0,8,0.21035190629550013,-0.05615504197701385,0.7844808549630592,0.8681085442857688,-0.08362768932270959,0.7777777777777778,0.6,0.1777777777777778
google_robot_pick_coke_can__seed097__step071,pick_coke_can,97,exploration,8,9,1.25,10,0.576979215537924,0.3153502569101097,0.9815573794374295,0.9265556313550863,0.05500174808234315,0.8181818181818182,0.6666666666666666,0.1515151515151516
google_robot_pick_coke_can__seed097__step071,pick_coke_can,97,exploration,8,11,1.25,10,0.5307929890370111,0.26916403040919684,0.8408163883008757,0.7348227889458009,0.1059935993550748,0.8181818181818182,0.42857142857142855,0.3896103896103897
google_robot_pick_coke_can__seed097__step071,pick_coke_can,97,exploration,8,14,1.25,10,0.22715774430012062,-0.03447121432769365,0.7523816604954785,0.8728127425601392,-0.12043108206466069,0.8181818181818182,0.5384615384615384,0.2797202797202798
google_robot_pick_coke_can__seed099__step008,pick_coke_can,99,validation,8,9,0.75,6,0.06892607224043772,0.032168700854344916,0.8241756579218985,0.7623002620672809,0.061875395854617654,0.7142857142857143,0.7142857142857143,0.0
google_robot_pick_coke_can__seed099__step008,pick_coke_can,99,validation,8,11,0.75,6,0.48539971773407364,0.44864234634798084,0.9433688487171619,0.660266504477677,0.2831023442394849,0.7142857142857143,0.7142857142857143,0.0
google_robot_pick_coke_can__seed099__step008,pick_coke_can,99,validation,8,14,0.75,6,0.47823770387874237,0.44148033249264956,0.8789204592305259,0.1172710326494304,0.7616494265810955,0.7142857142857143,0.3333333333333333,0.380952380952381
google_robot_pick_coke_can__seed099__step008,pick_coke_can,99,validation,8,9,1.0,8,0.2167432843294729,0.16794760044804047,0.7383311605673621,0.756427245027866,-0.018096084460503814,0.45454545454545453,0.6,-0.14545454545454545
google_robot_pick_coke_can__seed099__step008,pick_coke_can,99,validation,8,11,1.0,8,0.44261884359136855,0.39382315970993614,0.9596656248618164,0.9698083244675259,-0.01014269960570946,0.7777777777777778,0.7777777777777778,0.0
google_robot_pick_coke_can__seed099__step008,pick_coke_can,99,validation,8,14,1.0,8,0.4992859521337163,0.4504902682522839,1.0,0.7036484486799349,0.2963515513200651,1.0,0.45454545454545453,0.5454545454545454
google_robot_pick_coke_can__seed099__step008,pick_coke_can,99,validation,8,9,1.25,10,0.09445459206869698,-0.022083368597252545,0.5957669272063745,0.5629974576017506,0.0327694696046239,0.6666666666666666,0.5384615384615384,0.1282051282051282
google_robot_pick_coke_can__seed099__step008,pick_coke_can,99,validation,8,11,1.25,10,0.4459415339045801,0.32940357323863056,0.9045431384040749,0.9112521993729988,-0.0067090609689239855,0.8181818181818182,0.6666666666666666,0.1515151515151516
google_robot_pick_coke_can__seed099__step008,pick_coke_can,99,validation,8,14,1.25,10,0.49084448604314335,0.37430652537719383,0.9647055211060209,0.7436939557618317,0.2210115653441892,0.8181818181818182,0.42857142857142855,0.3896103896103897
google_robot_pick_coke_can__seed099__step040,pick_coke_can,99,validation,41,9,0.75,31,0.12214846686973051,0.12830879601637057,0.7270294213487727,0.899125353641898,-0.17209593229312536,0.8235294117647058,0.8235294117647058,0.0
google_robot_pick_coke_can__seed099__step040,pick_coke_can,99,validation,41,11,0.75,31,0.5244138293486821,0.5305741584953222,0.6520805348401918,0.8823244140756265,-0.23024387923543466,0.8787878787878788,0.7222222222222222,0.15656565656565657
google_robot_pick_coke_can__seed099__step040,pick_coke_can,99,validation,41,14,0.75,31,0.5690196168598856,0.5751799460065257,0.9948748204322903,0.3146302688182789,0.6802445516140114,0.9375,0.8235294117647058,0.11397058823529416
google_robot_pick_coke_can__seed099__step040,pick_coke_can,99,validation,41,9,1.0,41,0.04246533650350898,0.01670391592051616,0.9815473259552454,0.9235973627997636,0.05794996315548184,0.9069767441860465,0.9069767441860465,0.0
google_robot_pick_coke_can__seed099__step040,pick_coke_can,99,validation,41,11,1.0,41,0.16423265099242254,0.1384712304094297,0.9699270363580358,0.9560456730433576,0.013881363314678152,0.9523809523809523,0.782608695652174,0.16977225672877838
google_robot_pick_coke_can__seed099__step040,pick_coke_can,99,validation,41,14,1.0,41,0.44606591104155235,0.42030449045855955,0.9735481766588588,0.94122910641513,0.03231907024372882,0.8636363636363636,0.782608695652174,0.0810276679841897
google_robot_pick_coke_can__seed099__step040,pick_coke_can,99,validation,41,9,1.25,51,0.023794649461894652,-0.3828458959517164,0.9436420855091253,0.9627992322115658,-0.01915714670244051,0.8888888888888888,0.8545454545454545,0.03434343434343434
google_robot_pick_coke_can__seed099__step040,pick_coke_can,99,validation,41,11,1.25,51,0.09248358361955533,-0.3141569617940557,0.9358631649978918,0.9465529188801286,-0.010689753882236808,0.9245283018867925,0.8214285714285714,0.10309973045822107
google_robot_pick_coke_can__seed099__step040,pick_coke_can,99,validation,41,14,1.25,51,0.28271308098303494,-0.12392746443057612,0.8572646553272124,0.8714132540771341,-0.014148598749921693,0.8888888888888888,0.8214285714285714,0.06746031746031744
google_robot_pick_coke_can__seed099__step071,pick_coke_can,99,validation,7,9,0.75,5,0.30410509256864476,0.3747669366299145,0.7674252697299629,0.7170219722864287,0.05040329744353422,0.6666666666666666,0.6666666666666666,0.0
google_robot_pick_coke_can__seed099__step071,pick_coke_can,99,validation,7,11,0.75,5,0.02829918226563442,0.09896102632690415,0.8285454107337517,0.7811954620332248,0.04734994870052689,0.6666666666666666,0.42857142857142855,0.23809523809523808
google_robot_pick_coke_can__seed099__step071,pick_coke_can,99,validation,7,14,0.75,5,-0.02923784873444531,0.04142399532682442,1.0,1.0,0.0,1.0,1.0,0.0
google_robot_pick_coke_can__seed099__step071,pick_coke_can,99,validation,7,9,1.0,7,0.24534354935827826,0.609714976146357,0.8761810214542857,0.8561869941293256,0.01999402732496003,0.75,0.75,0.0
google_robot_pick_coke_can__seed099__step071,pick_coke_can,99,validation,7,11,1.0,7,0.16434222483779726,0.5287136516258759,1.0,0.4143513784285655,0.5856486215714345,1.0,0.5555555555555556,0.4444444444444444
google_robot_pick_coke_can__seed099__step071,pick_coke_can,99,validation,7,14,1.0,7,-0.01276584727121701,0.35160557951686167,0.992220526325755,0.9812327855313754,0.010987740794379586,0.75,0.75,0.0
google_robot_pick_coke_can__seed099__step071,pick_coke_can,99,validation,7,9,1.25,9,0.2901033066215441,0.5095430387874835,0.8800141610707141,0.8288732945492012,0.05114086652151284,0.6363636363636364,0.6363636363636364,0.0
google_robot_pick_coke_can__seed099__step071,pick_coke_can,99,validation,7,11,1.25,9,0.3019314869062017,0.5213712190721411,0.8322354093813805,0.9167570847787486,-0.0845216753973681,0.8,0.6363636363636364,0.1636363636363637
google_robot_pick_coke_can__seed099__step071,pick_coke_can,99,validation,7,14,1.25,9,0.3552322527911785,0.5746719849571179,0.9699269768410416,0.6070794998926855,0.36284747694835606,0.8,0.5,0.30000000000000004
