split,task,seed,layer,top_alignment,top_minus_random,synonym_residual_cosine,target_residual_cosine,semantic_separation,synonym_mask_jaccard,target_mask_jaccard,mask_jaccard_separation
exploration,move_near,1,0,0.46625047121143454,0.32925801873337973,1.0,1.0,0.0,1.0,1.0,0.0
exploration,move_near,1,1,0.5083083596083581,0.3713159071303032,1.0,0.9933628973875194,0.006637102612480628,1.0,0.9649122807017544,0.03508771929824561
exploration,move_near,1,2,0.4952549044774004,0.3582624519993456,0.9088411299562903,0.8962176057178626,0.012623524238427644,0.8353174603174603,0.7803594255207158,0.05495803479674447
exploration,move_near,1,3,0.4750746078281245,0.3380821553500697,0.9585240788309313,0.8810039814502794,0.07752009738065198,0.9371345029239766,0.911578947368421,0.025555555555555554
exploration,move_near,1,4,0.43553184915386095,0.29853939667580615,1.0,0.9419585447057862,0.05804145529421375,1.0,0.9232456140350878,0.07675438596491228
exploration,move_near,1,5,0.4519866531306939,0.3149942006526391,1.0,1.0,0.0,1.0,1.0,0.0
exploration,move_near,1,6,0.3756455901208098,0.23865313764275498,0.9487674170889834,0.9302791632834078,0.018488253805575616,0.9507168458781362,0.9371345029239766,0.013582342954159573
exploration,move_near,1,7,0.32539615892492335,0.18840370644686857,0.8948862638516722,0.7333881994995662,0.16149806435210604,0.8699122807017544,0.7958041958041958,0.07410808489755853
exploration,move_near,1,8,0.5003061004440239,0.3633136479659691,0.9190993780250137,0.7455884637935815,0.17351091423143228,0.88,0.8584946236559139,0.02150537634408604
exploration,move_near,1,9,0.23630824066665268,0.09931578818859788,0.9776348741915052,0.7656986918074894,0.2119361823840159,0.9371345029239766,0.8664838274345915,0.07065067548938515
exploration,move_near,1,10,0.3399878961082145,0.20299544363015973,0.9185627622693994,0.7746377103670955,0.14392505190230395,0.8584946236559139,0.7837878787878787,0.07470674486803519
exploration,move_near,1,11,0.35221972926834355,0.21522727679028875,0.795248141915057,0.7383979246938153,0.05685021722124176,0.8584946236559139,0.7601981351981352,0.09829648845777876
exploration,move_near,1,12,0.3109354847024712,0.17394303222441643,0.9448039068455077,0.8857210039190032,0.0590829029265045,0.978494623655914,0.8916666666666666,0.08682795698924728
exploration,move_near,1,13,0.37009903478564427,0.23310658230758943,0.878300121127945,0.8396418862231391,0.03865823490480602,0.890073571024335,0.8584946236559139,0.03157894736842104
exploration,move_near,1,14,0.3714179447339208,0.2344254922558661,0.9793564669375798,0.4829854195698224,0.49637104736775745,0.9232456140350878,0.7648484848484848,0.15839712918660287
exploration,move_near,1,15,0.3083295894392384,0.1713371369611836,0.903647038751477,0.9077934579198547,-0.004146419168377695,0.8463225371120108,0.8638888888888889,-0.01756635177687808
exploration,move_near,1,16,0.19789627426771758,0.06090382178966277,0.9280738200531901,0.7865874297694032,0.1414863902837867,0.9333333333333332,0.7672327672327673,0.1661005661005661
exploration,move_near,1,17,0.23279767943831522,0.09580522696026045,0.9366632591282188,0.8136503994862246,0.12301285964199431,0.9507168458781362,0.7929012345679013,0.15781561131023492
exploration,move_near,1,18,0.17053225348238843,0.033539801004333646,0.9537970461631611,0.87407647954454,0.07972056661862119,0.9434069043576683,0.8353174603174603,0.10808944404020804
exploration,move_near,1,19,0.19436789918141129,0.05737544670335649,0.9731608037741495,0.8753746304743726,0.09778617329977694,0.9371345029239766,0.8699122807017544,0.06722222222222222
exploration,move_near,1,20,0.15809082804391292,0.021098375565858103,0.9866922324680073,0.9574558297689361,0.029236402699071313,0.978494623655914,0.9305555555555555,0.04793906810035842
exploration,move_near,1,21,0.21880839324804938,0.08181594076999459,0.9970968556259336,0.967754766132316,0.029342089493617607,0.978494623655914,0.9055555555555556,0.0729390681003584
exploration,move_near,1,22,0.1391614339057529,0.002168981427698132,0.9614461363887304,0.8353018473721859,0.12614428901654443,0.9649122807017544,0.8383333333333334,0.12657894736842104
exploration,move_near,1,23,0.27891937889805235,0.14192692641999752,0.9427813148406942,0.9004316748249687,0.04234964001572542,0.9251612903225807,0.890073571024335,0.03508771929824561
exploration,move_near,1,24,0.178317871029427,0.04132541855137223,1.0,0.9301846391181819,0.06981536088181801,1.0,0.890073571024335,0.109926428975665
exploration,move_near,1,25,0.11825309832782403,-0.018739354150230748,1.0,0.8825963559983374,0.11740364400166263,1.0,0.9371345029239766,0.0628654970760234
exploration,move_near,1,26,0.20002497159888752,0.06303251912083273,0.9744194423982598,0.9807166117442606,-0.006297169346000812,0.9507168458781362,0.9371345029239766,0.013582342954159573
exploration,move_near,1,27,0.18219817094676183,0.045205718468707044,0.9925045823581082,0.9878382835738487,0.004666298784259504,0.9649122807017544,0.9333333333333332,0.03157894736842104
exploration,move_near,1,28,0.23544855605974602,0.09845610358169121,0.9831294051715022,0.9720611067974055,0.011068298374096655,0.9156291265798906,0.9156291265798906,0.0
exploration,move_near,1,29,0.11490890799287784,-0.022083544485176937,0.9879795735813373,0.9476234400022677,0.040356133579069454,0.9434069043576683,0.8840501792114694,0.05935672514619883
exploration,move_near,1,30,0.202952804982051,0.06596035250399622,0.9979478840301838,0.9797871756829856,0.018160708347198223,0.978494623655914,0.9434069043576683,0.03508771929824561
exploration,move_near,1,31,0.13914384988914727,0.0021513974110924836,0.9018150067082717,0.8939556799319184,0.007859326776353334,0.9507168458781362,0.9156291265798906,0.03508771929824561
exploration,move_near,2,0,0.1262766146450046,0.14270497870634652,0.9988863313024933,0.8876467798182855,0.11123955148420783,0.9743589743589745,0.9743589743589745,0.0
exploration,move_near,2,1,0.09277780211491964,0.1092061661762616,0.9516292130613446,0.9588071378184377,-0.007177924757093075,0.9282661782661782,0.9449103528050896,-0.016644174538911354
exploration,move_near,2,2,0.07277014798854882,0.08919851204989078,0.9849426830984439,0.9443101286774748,0.040632554420969136,0.9824561403508771,0.9330734243014943,0.04938271604938271
exploration,move_near,2,3,0.21775868239531707,0.23418704645665897,0.9817363749456476,0.9093056808252079,0.07243069412043975,0.9880952380952381,0.9449103528050896,0.043184885290148446
exploration,move_near,2,4,0.015602082479372864,0.032030446540714796,0.8529594360218874,0.8058248427942836,0.0471345932276039,0.9743589743589745,0.9124542124542124,0.06190476190476191
exploration,move_near,2,5,-0.03370492001552436,-0.017276555954182427,0.9475483088564393,0.9842633026038429,-0.036714993747403724,0.9167791273054432,0.922332356089162,-0.005553228783718778
exploration,move_near,2,6,0.10911175121282557,0.1255401152741675,0.9630543614319659,0.9033350269728048,0.05971933445916111,0.9568151147098515,0.8930374368970861,0.06377767781276551
exploration,move_near,2,7,0.08243875754458868,0.09886712160593063,0.9694280066626361,0.9688989024727843,0.0005291041898517849,0.9509671614934773,0.9056881815502505,0.04527897994322675
exploration,move_near,2,8,0.22013743433656766,0.23656579839790962,0.9927605547730907,0.9746176934451447,0.01814286132794592,0.9449103528050896,0.9449103528050896,0.0
exploration,move_near,2,9,0.29465034794954853,0.3110787120108905,0.7811722211412059,0.7148532096311208,0.06631901151008505,0.8666666666666667,0.8156966490299823,0.050970017636684295
exploration,move_near,2,10,0.24886833385487728,0.26529669791621924,0.9439749097805334,0.8648595888621541,0.07911532091837936,0.9045244878578211,0.8666666666666667,0.03785782119115455
exploration,move_near,2,11,0.26664245036558903,0.283070814426931,0.9202975553587849,0.7792818273809421,0.14101572797784281,0.9096816114359975,0.8491856542704,0.06049595716559734
exploration,move_near,2,12,0.1318073856306353,0.14823574969197725,0.9472454360093382,0.8233416464748357,0.12390378953450265,0.9045244878578211,0.8478603917200408,0.056664096137780375
exploration,move_near,2,13,0.253986108669849,0.27041447273119096,0.9106922809269129,0.9258496011853327,-0.015157320258419796,0.9590643274853802,0.840378893431119,0.1186854340542612
exploration,move_near,2,14,0.25376213014816046,0.2701904942095024,0.9557201253873947,0.8954287305261537,0.06029139486124102,0.9449103528050896,0.8236434108527132,0.12126694195237649
exploration,move_near,2,15,0.07101498491146539,0.08744334897280732,0.9403658309738331,0.949731996367134,-0.00936616539330093,0.9282661782661782,0.9334233018443546,-0.0051571235781761775
exploration,move_near,2,16,0.09629501292841774,0.11272337698975969,0.9040524482568034,0.895545524513378,0.008506923743425321,0.9449103528050896,0.9479733817301875,-0.0030630289250978735
exploration,move_near,2,17,0.2971000455818915,0.3135284096432334,0.9792938925020701,0.8533767022183644,0.12591719028370565,0.9449103528050896,0.8748355653317806,0.07007478747330897
exploration,move_near,2,18,0.27489543456763743,0.29132379862897934,0.8738464937565094,0.7256107485053113,0.14823574525119806,0.9282661782661782,0.8661345253299277,0.06213165293625067
exploration,move_near,2,19,0.11992435779090382,0.13635272185224578,0.8724693637715588,0.870127748946074,0.0023416148254847835,0.8940886699507389,0.8510938749234236,0.042994795027315326
exploration,move_near,2,20,0.10860099042833372,0.12502935448967567,0.9904593620505135,0.875346311332524,0.11511305071798945,0.9705513784461153,0.8930374368970861,0.07751394154902924
exploration,move_near,2,21,0.09679678641476804,0.11322515047611,0.9787446586685515,0.9364891124106052,0.04225554625794644,0.9449103528050896,0.8859265110869732,0.0589838417181164
exploration,move_near,2,22,0.05872235870096998,0.07515072276231191,0.8482468649831393,0.9244641682029041,-0.07621730321976487,0.9334233018443546,0.8991228070175438,0.034300494826810635
exploration,move_near,2,23,0.013814473281686031,0.030242837343027962,0.957738890583708,0.9839919949168562,-0.026253104333148276,0.9056881815502505,0.9705513784461153,-0.06486319689586473
exploration,move_near,2,24,0.08874284873025662,0.10517121279159856,0.9141624699996315,0.9915468900806035,-0.07738442008097195,0.9167791273054432,0.9449103528050896,-0.02813122549964653
exploration,move_near,2,25,0.022016310688712376,0.03844467475005433,0.9927595859965977,0.9199542234509841,0.07280536254561372,0.9705513784461153,0.9334233018443546,0.0371280766017608
exploration,move_near,2,26,0.09684763152058318,0.11327599558192514,0.998496852336226,0.9763688396756286,0.022128012660597312,0.9743589743589745,0.9568151147098515,0.017543859649122823
exploration,move_near,2,27,0.013060467602518439,0.029488831663860387,0.995132629391614,0.9532864006744518,0.041846228717162114,0.9705513784461153,0.9658119658119658,0.004739412634149454
exploration,move_near,2,28,-0.0029762047975331607,0.013452159263808772,0.8867183892783533,0.9714291546865814,-0.08471076540822804,0.9590643274853802,0.9387125220458555,0.020351805439524712
exploration,move_near,2,29,0.05692136663659072,0.07334973069793267,0.9287338618317329,0.9951219871188499,-0.06638812528711709,0.9449103528050896,0.9705513784461153,-0.025641025641025623
exploration,move_near,2,30,0.06706168384846627,0.08349004790980818,0.9689024105370843,0.9658042155469501,0.0030981949901340475,0.9880952380952381,0.9705513784461153,0.017543859649122823
exploration,move_near,2,31,0.0659706585680768,0.08239902262941874,0.9916760536489853,0.9916348964425702,4.1157206415065595e-05,0.9766081871345028,0.9590643274853802,0.017543859649122823
exploration,move_near,31,0,0.4352723882648985,0.46424622651323905,0.9749877654207921,1.0,-0.02501223457920787,0.9814814814814815,1.0,-0.018518518518518528
exploration,move_near,31,1,0.4066264030546201,0.43560024130296077,0.9997432312971494,0.997456904959675,0.00228632633747435,0.9855072463768115,0.9890710382513661,-0.003563791874554504
exploration,move_near,31,2,0.3304447556540224,0.3594185939023631,0.9781879224496673,0.9264409244920143,0.051746997957653106,0.9560597661096591,0.9560597661096591,0.0
exploration,move_near,31,3,0.3635910893488828,0.39256492759722345,0.9738809554523202,0.9684659619170425,0.005414993535277746,0.9474043715846995,0.945483351514207,0.0019210200704924036
exploration,move_near,31,4,0.3909482576754651,0.41992209592380575,0.9579938790970898,0.9661977093714595,-0.008203830274369772,0.9705525197328475,0.9560597661096591,0.014492753623188396
exploration,move_near,31,5,0.4046002878838517,0.4335741261321923,0.995348462227447,0.9521686612469389,0.043179800980508075,0.9705525197328475,0.9421837254066064,0.028368794326241138
exploration,move_near,31,6,0.3635216076214624,0.39249544586980306,0.9837282564834794,0.9794041069864415,0.004324149497037892,0.9745782846281777,0.9398851739277271,0.03469311070045059
exploration,move_near,31,7,0.5069599455393989,0.5359337837877395,0.9634433395436686,0.9577366256427081,0.005706713900960447,0.9177251785947439,0.9222972972972974,-0.004572118702553474
exploration,move_near,31,8,0.3887045054358269,0.41767834368416756,0.977371557471443,0.9679630842112564,0.009408473260186493,0.9421837254066064,0.911370291085357,0.030813434321249316
exploration,move_near,31,9,0.43099346974118813,0.4599673079895288,0.9078456057304268,0.9604766134075912,-0.05263100767716422,0.9246662078890889,0.846695869560408,0.07797033832868101
exploration,move_near,31,10,0.4252902656729714,0.45426410392131206,0.9327150018469993,0.8956075405968181,0.037107461250181197,0.8820176905965148,0.8556967865723625,0.026320904024152103
exploration,move_near,31,11,0.47130655870037125,0.5002803969487118,0.9482486385499977,0.8768315533678734,0.07141708518212424,0.8678755285898143,0.7429971988795518,0.12487832971026251
exploration,move_near,31,12,0.3808788983775564,0.40985273662589705,0.9815492535199479,0.9528126012199317,0.02873665230001617,0.9279658339966895,0.8635327635327634,0.06443307046392599
exploration,move_near,31,13,0.4158675506446756,0.4448413888930163,0.9874327579762073,0.8908214769587316,0.0966112810174757,0.9494712103407755,0.8612006205991168,0.08827058974165873
exploration,move_near,31,14,0.4262454413636787,0.45521927961201936,0.9086156414208908,0.8236760807376996,0.08493956068319104,0.9140897932936367,0.8059901306060181,0.10809966268761866
exploration,move_near,31,15,0.4046259473999397,0.4335997856482803,0.9690971219049608,0.8730393854894426,0.09605773641551807,0.9501258293296728,0.8512799856784818,0.09884584365119091
exploration,move_near,31,16,0.38086864019748257,0.4098424784458232,0.9834292307442416,0.8375963223445387,0.14583290839970284,0.9501258293296728,0.8806306306306307,0.0694951986990422
exploration,move_near,31,17,0.3210856312620577,0.3500594695103983,0.9826219743210217,0.8999010424957002,0.08272093182532154,0.9745782846281777,0.8678755285898143,0.10670275603836339
exploration,move_near,31,18,0.41863288613240224,0.4476067243807429,0.8844900578349506,0.7717304065260996,0.11275965130885106,0.9560597661096591,0.9080706649777565,0.047989101131902655
exploration,move_near,31,19,0.38108083477143956,0.4100546730197802,0.9165483386461485,0.8071097689229436,0.1094385697232048,0.966988727858293,0.9080687830687829,0.058919944789510015
exploration,move_near,31,20,0.4180304379315484,0.4470042761798891,0.9841240783917398,0.9857215876136162,-0.0015975092218763292,0.945483351514207,0.9497354497354497,-0.004252098221242691
exploration,move_near,31,21,0.34715626272703876,0.3761301009753793,0.9312497240413036,0.8474073932446539,0.08384233079664975,0.9640018700327255,0.8843131183556716,0.07968875167705403
exploration,move_near,31,22,0.37404766430036135,0.403021502548702,0.9900594149982248,0.9850384868968908,0.005020928101334143,0.9560597661096591,0.9560597661096591,0.0
exploration,move_near,31,23,0.3349708123014444,0.36394465054978503,0.9882749367045283,0.985044796486014,0.0032301402185141623,0.9705525197328475,0.9705525197328475,0.0
exploration,move_near,31,24,0.36386366481750193,0.3928375030658426,0.9929941400608185,0.9798887643562625,0.01310537570455624,0.9814814814814815,0.9279658339966895,0.05351564748479195
exploration,move_near,31,25,0.3707507702184047,0.39972460846674523,0.9826182797802804,0.945603278479366,0.03701500130091436,0.9855072463768115,0.9560597661096591,0.02944748026715242
exploration,move_near,31,26,0.35639429286575175,0.38536813111409235,0.9912609947338303,0.979478863899618,0.011782130834212201,0.9745782846281777,0.9855072463768115,-0.010928961748633892
exploration,move_near,31,27,0.3234045616631991,0.3523783999115397,0.9911771831535763,0.9540392618774806,0.03713792127609572,0.9745782846281777,0.9716312056737588,0.0029470789544188505
exploration,move_near,31,28,0.3671838912437433,0.39615772949208394,0.9967806871197045,0.935048375436009,0.061732311683695494,0.9716312056737588,0.9745782846281777,-0.0029470789544188505
exploration,move_near,31,29,0.3825127477059654,0.41148658595430604,1.0,0.9701314136154594,0.029868586384540558,1.0,0.9560597661096591,0.04394023389034082
exploration,move_near,31,30,0.3791377525789612,0.40811159082730186,0.9219647989802046,0.977544247192902,-0.05557944821269748,0.9640018700327255,0.9607022439251249,0.003299626107600595
exploration,move_near,31,31,0.34586324444582806,0.37483708269416866,0.9743182175080688,0.9796193378862879,-0.005301120378219022,0.978494623655914,0.9890710382513661,-0.010576414595452147
exploration,move_near,73,0,0.5382615823557687,0.46432768592617313,0.9851217827823734,1.0,-0.01487821721762661,0.9858156028368795,1.0,-0.014184397163120551
exploration,move_near,73,1,0.5502827088371279,0.4763488124075324,0.9972223765117505,0.9879163297049552,0.00930604680679518,0.9833333333333334,0.9691489361702127,0.014184397163120551
exploration,move_near,73,2,0.5040588469286262,0.4301249504990307,0.9832690362113542,0.9923009552754917,-0.009031919064137436,0.9670362601138748,0.97629179331307,-0.00925553319919518
exploration,move_near,73,3,0.5095113884162886,0.43557749198669304,1.0,0.9879336024742732,0.012066397525726802,1.0,0.9904761904761905,0.009523809523809526
exploration,move_near,73,4,0.5364859640192466,0.4625520675896511,0.9856100048296944,0.9745723650843833,0.011037639745311245,0.9738095238095238,0.9596251266464032,0.014184397163120551
exploration,move_near,73,5,0.5355923688008466,0.46165847237125107,0.995500246117358,0.9744845402999794,0.021015705817378622,0.9738095238095238,0.9645539906103285,0.00925553319919518
exploration,move_near,73,6,0.5660517594945936,0.49211786306499805,0.9769245134339447,0.9685676786260996,0.00835683480784514,0.9367762128325507,0.9367762128325507,0.0
exploration,move_near,73,7,0.5121669521771929,0.43823305574759736,0.9409203240742379,0.9067210572187996,0.034199266855438205,0.9255174998558496,0.9119241192411924,0.013593380614657239
exploration,move_near,73,8,0.4325730282023012,0.3586391317727056,0.9917944287570474,0.9690181831644934,0.02277624559255398,0.9674796747967479,0.9286727456940223,0.038806929102725686
exploration,move_near,73,9,0.5305332153059618,0.45659931887636623,0.9171349428810408,0.9179536823164658,-0.0008187394354249496,0.9073359073359074,0.8880734942378777,0.019262413098029563
exploration,move_near,73,10,0.5747889311522165,0.500855034722621,0.9491247840072944,0.8700750770106986,0.0790497069965957,0.941371158392435,0.8736770379809564,0.06769412041147856
exploration,move_near,73,11,0.2986894373268652,0.22475554089726968,0.8494813277914023,0.6979804900422358,0.15150083774916653,0.8988855704883579,0.7843481252149983,0.11453744527335967
exploration,move_near,73,12,0.52299248184551,0.44905858541591437,0.983109362644195,0.8991354654547586,0.08397389718943642,0.9345159349106228,0.8968253968253967,0.03769053808522593
exploration,move_near,73,13,0.545528223165287,0.47159432673569146,0.9784181727376827,0.9626796612880514,0.01573851144963127,0.9468036529680365,0.8457142857142856,0.10108936725375084
exploration,move_near,73,14,0.4099909059797145,0.3360570095501189,0.9933792372631977,0.853229373984952,0.14014986327824566,0.97629179331307,0.8376984126984127,0.13859338061465723
exploration,move_near,73,15,0.5861624975071101,0.5122286010775147,0.9622511050288494,0.9483359994852991,0.013915105543550207,0.9345159349106228,0.8555555555555555,0.07896037935506721
exploration,move_near,73,16,0.5865596301541239,0.5126257337245285,0.984042952608553,0.9339890536972199,0.05005389891133324,0.9904761904761905,0.8750349454850433,0.11544124499114716
exploration,move_near,73,17,0.4831875323025907,0.40925363587299524,0.8638428224970189,0.9530757536944541,-0.08923293119743518,0.9301780874951606,0.8968253968253967,0.033352690669763874
exploration,move_near,73,18,0.3389542086814081,0.2650203122518125,0.9470384128981261,0.951715508392046,-0.004677095493919925,0.9670362601138748,0.9437714681098179,0.023264792004056845
exploration,move_near,73,19,0.4834791808026299,0.40954528437303434,0.919993152710294,0.9389199473030206,-0.018926794592726504,0.9503695934472081,0.9468036529680365,0.003565940479171544
exploration,move_near,73,20,0.34040033001831166,0.2664664335887162,0.866852846228234,0.9887698294041503,-0.12191698317591622,0.9367762128325507,0.9460317460317459,-0.00925553319919518
exploration,move_near,73,21,0.43376430700980695,0.3598304105802114,0.9369064043222656,0.901571205883473,0.0353351984387927,0.9596251266464032,0.9209225542959655,0.03870257235043776
exploration,move_near,73,22,0.49389087368176976,0.4199569772521743,0.9473737166305228,0.906372106491045,0.04100161013947775,0.9329931972789115,0.8863685636856369,0.0466246335932747
exploration,move_near,73,23,0.47980579263071926,0.4058718962011238,0.9453748392313739,0.9742070632961481,-0.028832224064774297,0.97629179331307,0.9626984126984127,0.013593380614657239
exploration,move_near,73,24,0.5254905447631374,0.45155664833354187,0.9399757542168583,0.9297094319552522,0.010266322261606101,0.9534428794992175,0.9209225542959655,0.03252032520325202
exploration,move_near,73,25,0.4139070084115679,0.3399731119819724,0.9654867807165396,0.9655965987044924,-0.00010981798795291671,0.9738095238095238,0.9738095238095238,0.0
exploration,move_near,73,26,0.4846476480501322,0.41071375162053664,0.9731027277902728,0.9770106484112885,-0.003907920621015637,0.9555555555555556,0.9626984126984127,-0.007142857142857155
exploration,move_near,73,27,0.44780210801153547,0.3738682115819399,0.9718509918037309,0.8891976486839525,0.08265334311977846,0.9596251266464032,0.9460317460317459,0.013593380614657239
exploration,move_near,73,28,0.4937298923864488,0.4197959959568533,0.9750629731748338,0.9569441529962779,0.018118820178555966,0.9503695934472081,0.9579558652729384,-0.007586271825730388
exploration,move_near,73,29,0.3038396208707818,0.2299057244411863,0.9896358496928781,0.9600970269925182,0.029538822700359863,0.9626984126984127,0.9367762128325507,0.02592219986586186
exploration,move_near,73,30,0.27979231795719245,0.2058584215275969,0.9862135034208562,0.9527911542548719,0.033422349165984265,0.9645539906103285,0.9345159349106228,0.030038055699705895
exploration,move_near,73,31,0.21305453619087364,0.1391206397612781,0.9546421835584201,0.9522655642855299,0.002376619272890198,0.9670362601138748,0.9367762128325507,0.03026004728132392
exploration,move_near,95,0,0.5382615823557687,0.3801402733599339,0.9851217827823734,1.0,-0.01487821721762661,0.9858156028368795,1.0,-0.014184397163120551
exploration,move_near,95,1,0.5502827088371279,0.39216139984129317,0.9972223765117505,0.9879163297049552,0.00930604680679518,0.9833333333333334,0.9691489361702127,0.014184397163120551
exploration,move_near,95,2,0.5040588469286262,0.34593753793279153,0.9832690362113542,0.9923009552754917,-0.009031919064137436,0.9670362601138748,0.97629179331307,-0.00925553319919518
exploration,move_near,95,3,0.5095113884162886,0.35139007942045386,1.0,0.9879336024742732,0.012066397525726802,1.0,0.9904761904761905,0.009523809523809526
exploration,move_near,95,4,0.5364859640192466,0.3783646550234119,0.9856100048296944,0.9745723650843833,0.011037639745311245,0.9738095238095238,0.9596251266464032,0.014184397163120551
exploration,move_near,95,5,0.5355923688008466,0.3774710598050118,0.995500246117358,0.9744845402999794,0.021015705817378622,0.9738095238095238,0.9645539906103285,0.00925553319919518
exploration,move_near,95,6,0.5660517594945936,0.4079304504987588,0.9769245134339447,0.9685676786260996,0.00835683480784514,0.9367762128325507,0.9367762128325507,0.0
exploration,move_near,95,7,0.5121669521771929,0.3540456431813581,0.9409203240742379,0.9067210572187996,0.034199266855438205,0.9255174998558496,0.9119241192411924,0.013593380614657239
exploration,move_near,95,8,0.4325730282023012,0.27445171920646644,0.9917944287570474,0.9690181831644934,0.02277624559255398,0.9674796747967479,0.9286727456940223,0.038806929102725686
exploration,move_near,95,9,0.5305332153059618,0.372411906310127,0.9171349428810408,0.9179536823164658,-0.0008187394354249496,0.9073359073359074,0.8880734942378777,0.019262413098029563
exploration,move_near,95,10,0.5747889311522165,0.4166676221563818,0.9491247840072944,0.8700750770106986,0.0790497069965957,0.941371158392435,0.8736770379809564,0.06769412041147856
exploration,move_near,95,11,0.2986894373268652,0.1405681283310305,0.8494813277914023,0.6979804900422358,0.15150083774916653,0.8988855704883579,0.7843481252149983,0.11453744527335967
exploration,move_near,95,12,0.52299248184551,0.3648711728496752,0.983109362644195,0.8991354654547586,0.08397389718943642,0.9345159349106228,0.8968253968253967,0.03769053808522593
exploration,move_near,95,13,0.545528223165287,0.3874069141694523,0.9784181727376827,0.9626796612880514,0.01573851144963127,0.9468036529680365,0.8457142857142856,0.10108936725375084
exploration,move_near,95,14,0.4099909059797145,0.25186959698387973,0.9933792372631977,0.853229373984952,0.14014986327824566,0.97629179331307,0.8376984126984127,0.13859338061465723
exploration,move_near,95,15,0.5861624975071101,0.4280411885112754,0.9622511050288494,0.9483359994852991,0.013915105543550207,0.9345159349106228,0.8555555555555555,0.07896037935506721
exploration,move_near,95,16,0.5865596301541239,0.42843832115828917,0.984042952608553,0.9339890536972199,0.05005389891133324,0.9904761904761905,0.8750349454850433,0.11544124499114716
exploration,move_near,95,17,0.4831875323025907,0.32506622330675594,0.8638428224970189,0.9530757536944541,-0.08923293119743518,0.9301780874951606,0.8968253968253967,0.033352690669763874
exploration,move_near,95,18,0.3389542086814081,0.18083289968557334,0.9470384128981261,0.951715508392046,-0.004677095493919925,0.9670362601138748,0.9437714681098179,0.023264792004056845
exploration,move_near,95,19,0.4834791808026299,0.32535787180679515,0.919993152710294,0.9389199473030206,-0.018926794592726504,0.9503695934472081,0.9468036529680365,0.003565940479171544
exploration,move_near,95,20,0.34040033001831166,0.18227902102247692,0.866852846228234,0.9887698294041503,-0.12191698317591622,0.9367762128325507,0.9460317460317459,-0.00925553319919518
exploration,move_near,95,21,0.43376430700980695,0.27564299801397224,0.9369064043222656,0.901571205883473,0.0353351984387927,0.9596251266464032,0.9209225542959655,0.03870257235043776
exploration,move_near,95,22,0.49389087368176976,0.33576956468593505,0.9473737166305228,0.906372106491045,0.04100161013947775,0.9329931972789115,0.8863685636856369,0.0466246335932747
exploration,move_near,95,23,0.47980579263071926,0.3216844836348845,0.9453748392313739,0.9742070632961481,-0.028832224064774297,0.97629179331307,0.9626984126984127,0.013593380614657239
exploration,move_near,95,24,0.5254905447631374,0.3673692357673026,0.9399757542168583,0.9297094319552522,0.010266322261606101,0.9534428794992175,0.9209225542959655,0.03252032520325202
exploration,move_near,95,25,0.4139070084115679,0.2557856994157332,0.9654867807165396,0.9655965987044924,-0.00010981798795291671,0.9738095238095238,0.9738095238095238,0.0
exploration,move_near,95,26,0.4846476480501322,0.32652633905429745,0.9731027277902728,0.9770106484112885,-0.003907920621015637,0.9555555555555556,0.9626984126984127,-0.007142857142857155
exploration,move_near,95,27,0.44780210801153547,0.28968079901570065,0.9718509918037309,0.8891976486839525,0.08265334311977846,0.9596251266464032,0.9460317460317459,0.013593380614657239
exploration,move_near,95,28,0.4937298923864488,0.335608583390614,0.9750629731748338,0.9569441529962779,0.018118820178555966,0.9503695934472081,0.9579558652729384,-0.007586271825730388
exploration,move_near,95,29,0.3038396208707818,0.1457183118749471,0.9896358496928781,0.9600970269925182,0.029538822700359863,0.9626984126984127,0.9367762128325507,0.02592219986586186
exploration,move_near,95,30,0.27979231795719245,0.12167100896135767,0.9862135034208562,0.9527911542548719,0.033422349165984265,0.9645539906103285,0.9345159349106228,0.030038055699705895
exploration,move_near,95,31,0.21305453619087364,0.05493322719503887,0.9546421835584201,0.9522655642855299,0.002376619272890198,0.9670362601138748,0.9367762128325507,0.03026004728132392
exploration,move_near,98,0,0.25834559221842907,0.16904197598592577,1.0,0.9433008118171178,0.05669918818288222,1.0,0.9666666666666667,0.033333333333333326
exploration,move_near,98,1,0.27494825379515103,0.1856446375626477,1.0,0.9967662265782619,0.0032337734217381398,1.0,0.9927536231884058,0.007246376811594198
exploration,move_near,98,2,0.24353201373510766,0.1542283975026043,0.9927503816564283,0.9505249068730257,0.04222547478340255,0.9412186379928316,0.9888888888888889,-0.04767025089605733
exploration,move_near,98,3,0.14440851138419378,0.055104895151690446,0.9701970233651726,0.9826759088453833,-0.012478885480210625,0.9594202898550724,0.9745519713261649,-0.015131681471092414
exploration,move_near,98,4,0.15773722738571042,0.06843361115320708,0.9284616091852708,0.9864827192707241,-0.05802111008545319,0.9555555555555556,0.967612293144208,-0.01205673758865248
exploration,move_near,98,5,0.1216236405958856,0.03232002436338224,0.8905657358822984,0.9767302599504938,-0.08616452406819541,0.9708956996911381,0.9448087431693989,0.02608695652173913
exploration,move_near,98,6,0.2887682103390204,0.19946459410651707,0.9910426902513015,0.998955304866103,-0.007912614614801453,0.9412186379928316,0.9816425120772947,-0.04042387408446313
exploration,move_near,98,7,0.2818202930701407,0.1925166768376374,0.8220602064845655,0.9041912932344713,-0.08213108674990588,0.9412186379928316,0.9344086021505377,0.006810035842293931
exploration,move_near,98,8,0.2575481658195597,0.16824454958705637,0.9750565576050021,0.9717978884881573,0.0032586691168447293,0.9816425120772947,0.9304718256066749,0.051170686470619765
exploration,move_near,98,9,0.4223044949955372,0.3330008787630338,0.9521187940605859,0.9560241566398608,-0.003905362579274948,0.9708956996911381,0.9708956996911381,0.0
exploration,move_near,98,10,0.39948576761118276,0.3101821513786795,0.9456014382866846,0.9268661777368731,0.018735260549811523,0.9271622253389434,0.9170922475270301,0.010069977811913286
exploration,move_near,98,11,0.5573787419631983,0.4680751257306948,0.9616430091083924,0.9188273609866274,0.042815648121764936,0.8624959270120561,0.8386926913242703,0.02380323568778579
exploration,move_near,98,12,0.3870730781343578,0.29776946190185444,0.891612021214701,0.8866046308739196,0.005007390340781311,0.8979797979797981,0.8145161290322581,0.08346366894753991
exploration,move_near,98,13,0.38336609639201463,0.29406248015951125,0.9563183100194766,0.9323753370290456,0.023942972990430984,0.9181504485852313,0.8273930111237263,0.09075743746150478
exploration,move_near,98,14,0.4940166847657595,0.4047130685332562,0.9886492540037191,0.6590409287940197,0.32960832520969935,0.9100017067759003,0.7861333927510398,0.1238683140248605
exploration,move_near,98,15,0.2903315961239548,0.2010279798914514,0.8752437950392498,0.8387299507133569,0.03651384432589285,0.9708956996911381,0.8631480074299223,0.10774769226121572
exploration,move_near,98,16,0.2901752613108857,0.2008716450783824,0.9919957946816053,0.8094648313687349,0.18253096331287044,0.9412186379928316,0.8630127585897457,0.07820587940308595
exploration,move_near,98,17,0.23135947692831962,0.1420558606958163,0.9905124392656234,0.9367930958316045,0.053719343434019,0.9708956996911381,0.9271622253389434,0.04373347435219462
exploration,move_near,98,18,0.15419113587692979,0.06488751964442646,0.9664487877390936,0.9831027604515885,-0.016653972712494986,0.9200716845878136,0.9708956996911381,-0.050824015103324426
exploration,move_near,98,19,0.17996149125198177,0.0906578750194784,0.9255137545162498,0.9592813448204861,-0.033767590304236185,0.9304718256066749,0.9412186379928316,-0.010746812386156638
exploration,move_near,98,20,0.2351955924423534,0.14589197620985006,0.9214044431326744,0.8845157181799149,0.036888724952759556,0.9448087431693989,0.9074036361990746,0.03740510697032436
exploration,move_near,98,21,0.2762290951725163,0.186925478940013,0.9868534788887517,0.9507281308686618,0.03612534802008993,0.9483091787439614,0.9073369565217391,0.04097222222222222
exploration,move_near,98,22,0.1329188868694557,0.04361527063695234,0.9993945387890845,0.9355215487994456,0.06387298998963875,0.9888888888888889,0.9375623663578048,0.05132652253108416
exploration,move_near,98,23,0.13369676356426932,0.04439314733176602,0.9740594712631735,0.9894987557505918,-0.015439284487418234,0.9375623663578048,0.9638051589400082,-0.026242792582203522
exploration,move_near,98,24,0.17174991353096622,0.08244629729846287,0.958678658621098,0.9760345777602261,-0.017355919139128113,0.9483091787439614,0.9464653397391901,0.0018438390047712527
exploration,move_near,98,25,0.1626475814455671,0.07334396521306376,1.0,0.9885026227384213,0.01149737726157877,1.0,0.9523297491039426,0.04767025089605733
exploration,move_near,98,26,0.19136591191165775,0.10206229567915441,0.9623365989443936,0.9458828667654643,0.016453732178929315,0.9319444444444445,0.8906746031746032,0.04126984126984127
exploration,move_near,98,27,0.19606129862733465,0.10675768239483134,0.9341318940252745,0.933795219013863,0.00033667501141150985,0.9453900709219858,0.9221710189452125,0.02321905197677332
exploration,move_near,98,28,0.24391701019878406,0.1546133939662807,0.9851021020601379,0.999066811762218,-0.013964709702080155,0.9453900709219858,0.9745519713261649,-0.02916190040417906
exploration,move_near,98,29,0.25342520448743305,0.16412158825492967,0.9510146656241862,0.9688233535095091,-0.017808687885322787,0.9143184421534937,0.9041202296521446,0.01019821250134915
exploration,move_near,98,30,0.1929163119635454,0.10361269573104204,0.9891233316929666,0.9842537246535948,0.004869607039371855,0.9385964912280702,0.927485380116959,0.011111111111111108
exploration,move_near,98,31,0.2877661584360775,0.19846254220357418,0.8790898956647326,0.9621745161630395,-0.0830846204983069,0.9292615596963424,0.9074036361990746,0.021857923497267746
exploration,move_near,99,0,0.25343355409330287,0.22432244859601322,1.0,1.0,0.0,1.0,1.0,0.0
exploration,move_near,99,1,0.24477213948697715,0.21566103398968753,0.9993245523519522,0.9993519063777287,-2.7354025776619533e-05,0.9844961240310077,0.9761904761904763,0.00830564784053156
exploration,move_near,99,2,0.14616050651196247,0.11704940101467283,0.9426259099743125,0.9459119816436314,-0.0032860716693188983,0.9178294573643412,0.8787878787878788,0.03904157857646232
exploration,move_near,99,3,0.2720377581429023,0.24292665264561264,0.995429188822203,0.9892859066552003,0.006143282167002735,0.9844961240310077,0.9696969696969697,0.014799154334038075
exploration,move_near,99,4,0.3115963930340538,0.2824852875367642,0.9383679255752871,0.9783103459438234,-0.03994242036853616,0.8940199335548172,0.960686600221484,-0.06666666666666665
exploration,move_near,99,5,0.2575171815300626,0.22840607603277296,0.9526966313362233,0.9931711073340602,-0.04047447599783701,0.960686600221484,0.9761904761904763,-0.01550387596899224
exploration,move_near,99,6,0.313493284211115,0.2843821787138254,1.0,0.8553963531259354,0.14460364687406455,1.0,0.8025078369905957,0.19749216300940442
exploration,move_near,99,7,0.29576721798053246,0.2666561124832428,0.9874074772398528,0.8449650754193261,0.14244240182052678,0.9844961240310077,0.85705329153605,0.1274428324949576
exploration,move_near,99,8,0.19069272248393346,0.16158161698664386,0.8803793680553974,0.7843788804495745,0.09600048760582292,0.9178294573643412,0.85705329153605,0.060776165828290964
exploration,move_near,99,9,0.19899537604275627,0.16988427054546665,0.897621266164237,0.8133741659231761,0.08424710024106084,0.8940199335548172,0.6909237688847885,0.20309616467002897
exploration,move_near,99,10,0.24155562793385102,0.2124445224365614,0.876488081401737,0.7985377954145833,0.07795028598715366,0.8246753246753246,0.7970073404856013,0.02766798418972331
exploration,move_near,99,11,0.2519678983793744,0.2228567928820848,0.8773847147250001,0.8037670671331103,0.07361764759188978,0.9333333333333332,0.7407592407592407,0.1925740925740926
exploration,move_near,99,12,0.17041683978498934,0.1413057342876997,0.9268455789127835,0.7508845965667493,0.17596098234603416,0.903030303030303,0.7888888888888889,0.11414141414141414
exploration,move_near,99,13,0.2258778706008426,0.19676676510355295,0.9720790090975999,0.9004091596936954,0.07166984940390449,0.960686600221484,0.7375727720555307,0.2231138281659533
exploration,move_near,99,14,0.17785101707741138,0.14873991158012176,0.7477805640830262,0.7240850062827616,0.023695557800264482,0.8718524458700884,0.632967032967033,0.23888541290305523
exploration,move_near,99,15,0.17497256396680783,0.1458614584695182,0.9353064200350043,0.7698932557965836,0.1654131642384207,0.945887445887446,0.761888881478023,0.18399856440942283
exploration,move_near,99,16,0.1449244106610628,0.1158133051637732,0.9641576316875486,0.832605110607104,0.1315525210804447,0.8940199335548172,0.6806896551724139,0.2133302783824035
exploration,move_near,99,17,0.1273834906189513,0.09827238512166168,0.9098346453636398,0.7582893730081541,0.15154527235548565,0.8940199335548172,0.7040229885057471,0.1899969450490702
exploration,move_near,99,18,0.16256508953486962,0.13345398403758,0.8323312369271539,0.7682309005583859,0.06410033636876815,0.8650793650793651,0.5775910364145659,0.2874883286647993
exploration,move_near,99,19,0.10209254893135439,0.07298144343406475,0.9687136702785651,0.963008748399762,0.005704921878803115,0.8650793650793651,0.8650793650793651,0.0
exploration,move_near,99,20,0.08404959510631087,0.05493848960902122,0.9636143016264945,0.8021257175806996,0.16148858404579483,0.960686600221484,0.742911877394636,0.21777472282684796
exploration,move_near,99,21,0.1500126616078463,0.12090155611055664,0.9652046869362064,0.8328392406420457,0.1323654462941607,0.9761904761904763,0.7883664228491813,0.18782405334129473
exploration,move_near,99,22,0.1749330779568353,0.14582197245954565,0.9773790156111887,0.9303906029043048,0.04698841270688392,0.9095238095238095,0.8484848484848485,0.06103896103896108
exploration,move_near,99,23,0.1984109690940725,0.16929986359678284,0.9868108998551546,0.9868724023462384,-6.150249108379431e-05,0.945887445887446,0.9696969696969697,-0.023809523809523798
exploration,move_near,99,24,0.19034147088342027,0.16123036538613064,0.9861035805259976,0.939840347066292,0.046263233459705545,0.960686600221484,0.8792207792207792,0.08146582100070472
exploration,move_near,99,25,0.17951017966451496,0.15039907416722534,0.9630096365916225,0.922826315687089,0.040183320904533616,0.8940199335548172,0.8940199335548172,0.0
exploration,move_near,99,26,0.15907544286843125,0.12996433737114163,0.9950218528883945,0.9027916198566972,0.09223023303169726,0.9555555555555556,0.9095238095238095,0.046031746031746014
exploration,move_near,99,27,0.23872407995908937,0.20961297446179974,0.9788962060501954,0.9162461334957436,0.06265007255445194,0.9761904761904763,0.888888888888889,0.08730158730158728
exploration,move_near,99,28,0.2088170574253175,0.17970595192802788,0.9772792210731197,0.9765892409053013,0.0006899801678184048,0.960686600221484,0.945887445887446,0.014799154334038075
exploration,move_near,99,29,0.20207180020079876,0.17296069470350914,0.9931243337843182,0.9763097957148107,0.0168145380695075,0.9333333333333332,0.9540229885057471,-0.02068965517241376
exploration,move_near,99,30,0.1020173983593116,0.07290629286202195,0.9617217560972599,0.9950561820014311,-0.03333442590417124,0.9696969696969697,0.9761904761904763,-0.006493506493506514
exploration,move_near,99,31,0.08100463616130411,0.051893530664014496,0.9927979921795548,0.9985345288356985,-0.005736536656143672,0.9333333333333332,0.9696969696969697,-0.03636363636363634
exploration,open_drawer,11,0,0.462236129125364,0.12614654548644497,1.0,1.0,0.0,1.0,1.0,0.0
exploration,open_drawer,11,1,0.3953049508078923,0.05921536716897324,0.9480488405511535,0.950006087628905,-0.0019572470777515414,0.973815941470928,0.9874213836477987,-0.013605442176870763
exploration,open_drawer,11,2,0.39856796660660265,0.06247838296768362,0.9508066877755872,0.9422034442965304,0.008603243479056832,0.9431846812799195,0.9422361984626134,0.0009484828173057883
exploration,open_drawer,11,3,0.3647304740477442,0.028640890408825226,0.9697486126405837,0.9303160110504209,0.0394326015901626,0.9513853476117626,0.9422361984626134,0.009149149149149141
exploration,open_drawer,11,4,0.3671692498354778,0.031079666196558792,0.9826250582100432,0.9678460408753615,0.014779017334681713,0.9139948854234569,0.9226770630279403,-0.008682177604483384
exploration,open_drawer,11,5,0.3727432367661588,0.03665365312723982,0.929939613104842,0.7942053471503833,0.13573426595445862,0.95679012345679,0.8072528063453653,0.1495373171114248
exploration,open_drawer,11,6,0.2997930575153383,-0.03629652612358072,0.9521911746966669,0.9572244846230736,-0.005033309926406604,0.9301234567901234,0.9301234567901234,0.0
exploration,open_drawer,11,7,0.3140272833075772,-0.022062300331341878,0.9726784471278803,0.9308062062514142,0.04187224087646609,0.9360929557007989,0.8894878706199462,0.04660508508085274
exploration,open_drawer,11,8,0.3809507635506157,0.04486117991169664,0.9716904009728579,0.9542587850676038,0.017431615905254032,0.948641975308642,0.8834613767534304,0.06518059855521159
exploration,open_drawer,11,9,0.34325962074722866,0.007170037108309583,0.9511056343485712,0.912135718102594,0.0389699162459772,0.948641975308642,0.8825803825803825,0.06606159272825944
exploration,open_drawer,11,10,0.45804933153733507,0.12195974789841606,0.9377535217798427,0.8987923214921376,0.03896120028770511,0.9372972972972974,0.8327228327228328,0.10457446457446462
exploration,open_drawer,11,11,0.31760871037824806,-0.018480873260670983,0.8701700782854455,0.847359676479904,0.02281040180554139,0.9000569196647629,0.8763182763182762,0.023738643346486493
exploration,open_drawer,11,12,0.2944874824917321,-0.04160210114718685,0.9907688935862383,0.926726506167452,0.0640423874187862,0.9733333333333333,0.856152233510724,0.11718109982260927
exploration,open_drawer,11,13,0.39279409261955345,0.05670450898063444,0.9533361444242493,0.7820143627660677,0.17132178165818154,0.948205697373289,0.8763795241782665,0.0718261731950226
exploration,open_drawer,11,14,0.42025566794987435,0.0841660843109553,0.9136934842810002,0.8405457747195926,0.07314770956140759,0.9247186809450959,0.859783981266934,0.06493469967816212
exploration,open_drawer,11,15,0.304711199855274,-0.03137838378364504,0.8973205256773661,0.7620782704502974,0.1352422552270687,0.8685936285936285,0.8298319327731093,0.03876169582051936
exploration,open_drawer,11,16,0.2156912981705151,-0.12039828546840392,0.9559011891189707,0.7608970447047754,0.19500414441419534,0.9431846812799195,0.9301234567901234,0.01306122448979589
exploration,open_drawer,11,17,0.33057562558076364,-0.00551395805815541,0.973318048145988,0.9065774271443584,0.06674062100162959,0.937779905434892,0.925667163762402,0.012112741672490102
exploration,open_drawer,11,18,0.18420871092123012,-0.1518808727176889,0.8858493657191163,0.7819138226144294,0.10393554310468689,0.9090716208510695,0.8834613767534304,0.02561024409763905
exploration,open_drawer,11,19,0.3250170296748586,-0.011072553964060372,0.916648354642872,0.904052961466686,0.01259539317618589,0.925667163762402,0.9301234567901234,-0.004456293027721621
exploration,open_drawer,11,20,0.30136402785655503,-0.03472555578236395,0.9888880327739581,0.9189682294073472,0.06991980336661097,0.9451178451178451,0.8923786486050637,0.052739196512781396
exploration,open_drawer,11,21,0.29645051530292554,-0.0396390683359935,0.8961020152456753,0.9756788208459063,-0.07957680560023095,0.925667163762402,0.937779905434892,-0.012112741672490102
exploration,open_drawer,11,22,0.2785498621728942,-0.0575397214660248,0.8702877059625319,0.9766652479716819,-0.10637754200914995,0.9211843625235595,0.9552974229524095,-0.03411306042884991
exploration,open_drawer,11,23,0.32962365226123985,-0.006465931377679164,0.8916902464587252,0.9898416386636493,-0.09815139220492397,0.9247186809450959,0.937779905434892,-0.01306122448979589
exploration,open_drawer,11,24,0.25455016418250787,-0.08153941945641113,0.9580879663385966,0.9618532684956489,-0.003765302157052212,0.9126059392726059,0.8923786486050637,0.020227290667542253
exploration,open_drawer,11,25,0.2005189373065398,-0.1355706463323792,0.9816242755110994,0.9971300074666637,-0.015505731955564225,0.9190453152717303,0.9689028651292801,-0.049857549857549865
exploration,open_drawer,11,26,0.19486349278733148,-0.14122609085158755,0.9988460790795327,0.991353146325955,0.0074929327535778745,0.9814814814814815,0.9552974229524095,0.02618405852907202
exploration,open_drawer,11,27,0.2241713679147345,-0.11191821572418452,0.9911925575353098,0.96702870857029,0.024163848965019812,0.9689028651292801,0.937779905434892,0.031122959694388275
exploration,open_drawer,11,28,0.19556277717115877,-0.14052680646776025,0.994843719197224,0.9841244359317772,0.010719283265446874,0.9617031997984379,0.9301234567901234,0.03157974300831442
exploration,open_drawer,11,29,0.38492036350965336,0.048830779870734316,0.9309515800552387,0.9939733997305895,-0.06302181967535088,0.9431846812799195,0.9315124029409744,0.011672278338945019
exploration,open_drawer,11,30,0.2778761541155519,-0.05821342952336711,0.9262668167872,0.9992047241854273,-0.07293790739822725,0.9678760393046106,0.9814814814814815,-0.013605442176870763
exploration,open_drawer,11,31,0.22996335528420678,-0.10612622835471221,0.8860873083470825,0.9987268151736503,-0.11263950682656758,0.9552974229524095,0.973815941470928,-0.018518518518518528
exploration,open_drawer,32,0,0.31327769461177213,0.3076762398728828,1.0,1.0,0.0,1.0,1.0,0.0
exploration,open_drawer,32,1,0.3393846069000938,0.33378315216120447,0.9696894993090033,0.9949583073153536,-0.025268808006350302,0.8922882672882673,0.9743589743589745,-0.08207070707070707
exploration,open_drawer,32,2,0.3555337867315886,0.34993233199269924,0.9619232307982951,0.9949472071966291,-0.0330239763983341,0.9339549339549339,0.9291119076065312,0.004843026348402724
exploration,open_drawer,32,3,0.32725191951302773,0.32165046477413833,0.9192245857860074,0.9519153851248118,-0.03269079933880444,0.9124495576108479,0.8293067226890756,0.08314283492177232
exploration,open_drawer,32,4,0.26892383012844756,0.2633223753895582,0.9700619049073463,0.8130538099229954,0.15700809498435098,0.8721859114015977,0.8685465768799102,0.0036393345216874464
exploration,open_drawer,32,5,0.2176333338956311,0.2120318791567417,0.7977755164726892,0.9240691229737638,-0.12629360650107455,0.8685465768799102,0.7194525904203323,0.14909398645957786
exploration,open_drawer,32,6,0.3483822663094666,0.3427808115705772,0.9445219084496451,0.9552022360518926,-0.010680327602247427,0.8929195804195804,0.8565018315018316,0.036417748917748925
exploration,open_drawer,32,7,0.26686767111617327,0.2612662163772839,0.9694546879851341,0.9395494992214664,0.029905188763667694,0.9124495576108479,0.8266065830721003,0.0858429745387476
exploration,open_drawer,32,8,0.30800881327360524,0.30240735853471595,0.9048833143385758,0.8622037748203466,0.04267953951822926,0.8733488733488733,0.7712494402149574,0.1020994331339159
exploration,open_drawer,32,9,0.2689355054611173,0.26333405072222793,0.9462283131041161,0.8699019610986354,0.07632635200548084,0.8685465768799102,0.7913165266106442,0.07723005026926599
exploration,open_drawer,32,10,0.27515118894487195,0.26954973420598255,0.874073746907832,0.837805808405612,0.03626793850221995,0.8091418385536033,0.7342670401493931,0.07487479840421019
exploration,open_drawer,32,11,0.3454539730048721,0.3398525182659826,0.9292613180822976,0.8941030016220761,0.03515831646022146,0.7892105640584343,0.7105263157894738,0.07868424826896055
exploration,open_drawer,32,12,0.3482220391071646,0.3426205843682752,0.982395100587464,0.9564552325131274,0.02593986807433668,0.9118589743589745,0.8365193150139386,0.07533965934503573
exploration,open_drawer,32,13,0.29772915655485693,0.2921277018159676,0.9691276420690578,0.9415216636691643,0.027605978399893427,0.9082785742731979,0.8496071829405163,0.05867139133268162
exploration,open_drawer,32,14,0.2735818648022625,0.26798041006337314,0.9655330394944784,0.9674593712123362,-0.001926331717857684,0.8685465768799102,0.8293067226890756,0.03923985419083461
exploration,open_drawer,32,15,0.2957615432861769,0.29016008854728753,0.9679478504822344,0.951108572043065,0.016839278439169474,0.8881172839506174,0.8465007215007215,0.04161656244989579
exploration,open_drawer,32,16,0.24425669862819613,0.23865524388930678,0.9691650079686854,0.9650704006895473,0.004094607279138092,0.8887078672024908,0.8482425228155779,0.04046534438691304
exploration,open_drawer,32,17,0.25863457334145107,0.2530331186025617,0.961413839897929,0.9358519077131495,0.025561932184779385,0.8685465768799102,0.773786717752235,0.09475985912767522
exploration,open_drawer,32,18,0.30134463775855297,0.29574318301966357,0.9432596150374888,0.9324117632618414,0.010847851775647399,0.8917937545388526,0.8702883781947666,0.02150537634408604
exploration,open_drawer,32,19,0.2553499847175095,0.24974852997862018,0.9872250084533104,0.9775801568584893,0.009644851594821091,0.9326923076923078,0.8744268077601411,0.0582654999321666
exploration,open_drawer,32,20,0.21471707120478803,0.2091156164658987,0.9211369133802946,0.8816823712067436,0.03945454217355101,0.8513525780682644,0.8887078672024908,-0.03735528913422651
exploration,open_drawer,32,21,0.19011112398113936,0.18450966924224996,0.9838466774387808,0.9488835194794141,0.034963157959366775,0.9380905832518737,0.8565018315018316,0.08158875175004203
exploration,open_drawer,32,22,0.22059643413175536,0.21499497939286605,0.8600944832347331,0.8684046363762029,-0.008310153141469915,0.9179292929292929,0.8513525780682644,0.0665767148610286
exploration,open_drawer,32,23,0.21424378698946978,0.20864233225058046,0.8607745289586006,0.8514320327918669,0.009342496166733697,0.9375,0.9185606060606061,0.018939393939393923
exploration,open_drawer,32,24,0.2579144221915654,0.252312967452676,0.9231633050949667,0.8150361672156313,0.10812713787933532,0.9077380952380952,0.8471320346320347,0.06060606060606059
exploration,open_drawer,32,25,0.26526789733024225,0.25966644259135285,0.8904467444888118,0.9790016673715293,-0.08855492288271734,0.932020264681555,0.9124495576108479,0.019570707070707072
exploration,open_drawer,32,26,0.2501075534039871,0.24450609866509768,0.9772043533450115,0.9869472778006242,-0.009742924455612608,0.8492224475997295,0.9082785742731979,-0.05905612667346838
exploration,open_drawer,32,27,0.21601866027215885,0.21041720553326948,0.873482807798216,0.9828747735332506,-0.10939196573503467,0.932020264681555,0.9124495576108479,0.019570707070707072
exploration,open_drawer,32,28,0.20652997434574147,0.2009285196068521,0.8915559434079595,0.9847589234029875,-0.09320297999502809,0.9118589743589745,0.9124495576108479,-0.0005905832518735554
exploration,open_drawer,32,29,0.2937847793684685,0.28818332462957913,0.9934895255324222,0.9968650054781,-0.0033754799456778097,0.932020264681555,0.9535256410256411,-0.02150537634408604
exploration,open_drawer,32,30,0.325261911291319,0.31966045655242964,0.9127271747455318,0.8933888965174668,0.01933827822806496,0.932020264681555,0.8685465768799102,0.0634736878016448
exploration,open_drawer,32,31,0.23518871368452254,0.22958725894563317,0.9813474246539208,0.9827346522589568,-0.0013872276050360677,0.9179292929292929,0.8995098039215685,0.018419489007724315
exploration,open_drawer,56,0,0.38424199703217704,0.4134758915025567,1.0,1.0,0.0,1.0,1.0,0.0
exploration,open_drawer,56,1,0.21325810762795772,0.24249200209833735,0.9658782866420363,0.9653492863012807,0.0005290003407556476,0.9629629629629629,0.9629629629629629,0.0
exploration,open_drawer,56,2,0.16350650066489297,0.19274039513527264,0.9910632322072729,0.9021454956398713,0.08891773656740154,0.9721739130434782,0.910008670878236,0.062165242165242184
exploration,open_drawer,56,3,0.22322228515975837,0.25245617963013806,0.9549902747329041,0.8896314166938155,0.06535885803908854,0.9496296296296296,0.9084503777870486,0.04117925184258101
exploration,open_drawer,56,4,0.23549327482848623,0.2647271692988658,0.960044040848736,0.951773440841404,0.00827060000733204,0.9164912280701755,0.9084503777870486,0.008040850283126844
exploration,open_drawer,56,5,0.15863456364733836,0.187868458117718,0.957853597477664,0.7349089775315285,0.22294461994613554,0.901998474446987,0.7945906432748538,0.10740783117213322
exploration,open_drawer,56,6,0.28712884333747296,0.31636273780785257,0.8965190949810896,0.8369353592672567,0.059583735713832985,0.8828347578347578,0.7830188679245284,0.0998158899102295
exploration,open_drawer,56,7,0.21377595074950959,0.24300984521988922,0.9316179967543904,0.887710851350172,0.04390714540421836,0.9212608353033884,0.7838498362307886,0.13741099907259988
exploration,open_drawer,56,8,0.2873446441937934,0.316578538664173,0.9376695454904947,0.9319682800306572,0.005701265459837586,0.907962962962963,0.8513931888544892,0.05656977410847378
exploration,open_drawer,56,9,0.3407131742371609,0.3699470687075405,0.9030173476813664,0.9281614902607193,-0.02514414257935275,0.8629942286157292,0.8496963562753036,0.013297872340425529
exploration,open_drawer,56,10,0.4016268391663423,0.430860733636722,0.9461479396676168,0.973551069341365,-0.02740312967374825,0.9084503777870486,0.8828347578347578,0.02561561995229078
exploration,open_drawer,56,11,0.2830927484964539,0.31232664296683355,0.9220583993120464,0.8775259905968974,0.04453240871514896,0.8881224337439342,0.795424836601307,0.09269759714262715
exploration,open_drawer,56,12,0.2730849466322154,0.302318841102595,0.9514531729497769,0.8824006841293723,0.06905248882040449,0.9351368760064412,0.8701525054466231,0.06498437055981814
exploration,open_drawer,56,13,0.34610168213306136,0.375335576603441,0.9179715221924716,0.8748446532687767,0.04312686892369488,0.9084503777870486,0.8582267288466751,0.05022364894037364
exploration,open_drawer,56,14,0.4002717315665458,0.4295056260369254,0.9455490077413443,0.8760003627234965,0.0695486450178479,0.8951525054466231,0.8246963562753037,0.07045614917131941
exploration,open_drawer,56,15,0.37685134797904213,0.40608524244942185,0.9363094798346765,0.9741919273567087,-0.037882447522032216,0.9454874148240856,0.8961326301751833,0.049354784648902306
exploration,open_drawer,56,16,0.2511620283536072,0.28039592282398684,0.9309051342403896,0.9342237880303433,-0.0033186537899536628,0.9866666666666667,0.9331696672122204,0.05349699945444627
exploration,open_drawer,56,17,0.22574070199576327,0.25497459646614296,0.915375422623447,0.9305303975495914,-0.015154974926144482,0.9582978723404255,0.9454874148240856,0.012810457516339876
exploration,open_drawer,56,18,0.3273361512640081,0.3565700457343877,0.9989242145253406,0.8634822073322578,0.13544200719308297,0.9866666666666667,0.8881224337439342,0.09854423292273236
exploration,open_drawer,56,19,0.31125444963551213,0.34048834410589174,0.9875757024150172,0.9688374061903557,0.0187382962246615,0.9345941686367217,0.8952637658837119,0.03933040275300981
exploration,open_drawer,56,20,0.28013417452491757,0.30936806899529723,0.9204561416343185,0.9904539075742541,-0.06999776593993563,0.9223264184901013,0.9212608353033884,0.001065583186712867
exploration,open_drawer,56,21,0.21463925529919337,0.24387314976957306,0.9727123157428665,0.957012037343108,0.015700278399758443,0.9351368760064412,0.901998474446987,0.03313840155945417
exploration,open_drawer,56,22,0.2469414261459668,0.2761753206163465,0.9360675608428246,0.9790051432294375,-0.04293758238661297,0.9593634555271384,0.907962962962963,0.05140049256417545
exploration,open_drawer,56,23,0.3167971102280374,0.346031004698417,0.9328950358490985,0.9904386759897631,-0.05754364014066471,0.8952078609221467,0.9470457079152732,-0.05183784699312651
exploration,open_drawer,56,24,0.3240037209975479,0.3532376154679275,0.9760635393705318,0.9770772626934011,-0.0010137233228692348,0.9470457079152732,0.9245014245014245,0.02254428341384866
exploration,open_drawer,56,25,0.22131274217523558,0.2505466366456152,0.9980977807406936,0.9498938484334863,0.04820393230720732,0.9866666666666667,0.9582978723404255,0.028368794326241138
exploration,open_drawer,56,26,0.22364776834965197,0.2528816628200316,0.9683532320477952,0.987003018424199,-0.018649786376403837,0.9593634555271384,0.9331696672122204,0.026193788314917994
exploration,open_drawer,56,27,0.29471322659700505,0.3239471210673847,0.9105735622244238,0.9354166842626244,-0.024843122038200643,0.9351368760064412,0.9223264184901013,0.012810457516339876
exploration,open_drawer,56,28,0.1883379314508542,0.2175718259212338,0.9191024474593803,0.9311496247743508,-0.012047177314970514,0.9351368760064412,0.9721739130434782,-0.037037037037037056
exploration,open_drawer,56,29,0.29628998803457174,0.3255238825049514,0.9914544973233111,0.9894899753920591,0.001964521931252109,0.9855072463768115,0.9582978723404255,0.027209374036386087
exploration,open_drawer,56,30,0.19746736603930626,0.2267012605096859,0.941218697077092,0.9810456500364051,-0.03982695295931297,0.9223264184901013,0.9345941686367217,-0.012267750146620479
exploration,open_drawer,56,31,0.15032467233524602,0.17955856680562565,0.9847043689636684,0.9980963093622357,-0.013391940398567245,0.901998474446987,0.9484702093397747,-0.04647173489278752
exploration,open_drawer,93,0,0.27220498273860455,0.18515197897741922,1.0,1.0,0.0,1.0,1.0,0.0
exploration,open_drawer,93,1,0.3255728232827534,0.2385198195215681,1.0,1.0,0.0,1.0,1.0,0.0
exploration,open_drawer,93,2,0.3586054839934382,0.271552480232253,0.9770177174674628,0.9234216903223108,0.053596027145151916,0.9333333333333332,0.9720279720279721,-0.03869463869463874
exploration,open_drawer,93,3,0.31593618488906267,0.2288831811278773,0.9738527759934071,0.9323500478521329,0.04150272814127424,0.9333333333333332,0.9575498575498576,-0.024216524216524243
exploration,open_drawer,93,4,0.3741720506318809,0.28711904687069567,0.9609763712430562,0.9589140045349952,0.002062366708060851,0.9720279720279721,0.9575498575498576,0.014478114478114498
exploration,open_drawer,93,5,0.3838512379271007,0.2967982341659154,0.9804935147165498,0.7329102381430056,0.24758327657354415,0.9575498575498576,0.825740239927883,0.1318096176219746
exploration,open_drawer,93,6,0.3510175543755712,0.26396455061438595,0.9487274409806999,0.9499127427117392,-0.0011853017310392566,0.8990851915380218,0.9194847020933977,-0.02039951055537596
exploration,open_drawer,93,7,0.30902217020302897,0.22196916644184372,0.9329135360080452,0.910474800815007,0.022438735193038146,0.8830951657038614,0.8341715022566086,0.04892366344725274
exploration,open_drawer,93,8,0.30508197008651144,0.2180289663253261,0.9767398563568447,0.9541250413662739,0.02261481499057083,0.8846070770599073,0.8069940675320041,0.07761300952790318
exploration,open_drawer,93,9,0.30816253869155935,0.22110953493037408,0.8901540979275117,0.8798365687022026,0.010317529225309078,0.8996184746800004,0.9181051786431151,-0.018486703963114692
exploration,open_drawer,93,10,0.3025091164142922,0.21545611265310693,0.9035907565683488,0.9297189715526432,-0.026128214984294445,0.8588786414873372,0.8083735909822866,0.05050505050505053
exploration,open_drawer,93,11,0.2823450032647257,0.19529199950354048,0.9406020128707807,0.9030444479597808,0.03755756491100004,0.9478114478114478,0.7728920409771473,0.1749194068343005
exploration,open_drawer,93,12,0.332571096355402,0.24551809259421672,0.8711708743844153,0.892238016561196,-0.021067142176780667,0.8574991180370546,0.8463768115942027,0.011122306442851762
exploration,open_drawer,93,13,0.332332886604372,0.24527988284318672,0.9324015565764882,0.975445397951303,-0.0430438413748148,0.9097643097643098,0.9596912521440824,-0.049926942379772576
exploration,open_drawer,93,14,0.30007742040917124,0.213024416647986,0.9847816146051933,0.9356196393182143,0.04916197528697893,0.9386243386243386,0.8990851915380218,0.03953914708631686
exploration,open_drawer,93,15,0.32649828744298376,0.2394452836817984,0.9565205690003756,0.9105497892390936,0.045970779761282055,0.9596912521440824,0.9554334554334555,0.004257796710626908
exploration,open_drawer,93,16,0.3213094256677233,0.23425642190653795,0.9586738374587337,0.9245530307770684,0.03412080668166536,0.8872053872053872,0.8546002687879118,0.03260511841747541
exploration,open_drawer,93,17,0.2833316576102031,0.19627865384901785,0.9066652804399303,0.9601966789772166,-0.053531398537286355,0.9015873015873015,0.9333333333333332,-0.031746031746031744
exploration,open_drawer,93,18,0.2944037071159212,0.20735070335473585,0.8993630684430785,0.9399324012449387,-0.04056933280186015,0.8363918690005647,0.8707584458199716,-0.034366576819407024
exploration,open_drawer,93,19,0.2957564499427528,0.20870344618156753,0.968981791925807,0.7788755338525059,0.1901062580733012,0.9430967355495657,0.9015873015873015,0.041509433962264176
exploration,open_drawer,93,20,0.2912248315778954,0.20417182781671017,0.8979126579394904,0.9716793457028966,-0.07376668776340634,0.9134671059199361,0.9279452203980506,-0.014478114478114498
exploration,open_drawer,93,21,0.26993653482691243,0.18288353106572716,0.9681264850882366,0.9564861344432057,0.011640350645030958,0.9386243386243386,0.896943796943797,0.04168054168054166
exploration,open_drawer,93,22,0.26390924857675463,0.17685624481556936,0.8635770611028093,0.8924302464375189,-0.028853185334709597,0.8990851915380218,0.9142367066895369,-0.015151515151515138
exploration,open_drawer,93,23,0.2538420245027723,0.16678902074158705,0.9586122652244643,0.9719969561673844,-0.013384690942919978,0.89013949013949,0.9596912521440824,-0.06955176200459223
exploration,open_drawer,93,24,0.2823974206604518,0.19534441689926654,0.8561921869366745,0.8698108901275665,-0.013618703190891979,0.8608549260723173,0.8727272727272727,-0.011872346654955365
exploration,open_drawer,93,25,0.30649443103417084,0.21944142727298557,0.7922520591675402,0.9766400040826094,-0.18438794491506927,0.9242424242424243,0.9279452203980506,-0.0037027961556263347
exploration,open_drawer,93,26,0.2859893105464921,0.19893630678530685,0.8688503709220354,0.8856284941469892,-0.016778123224953794,0.8707584458199716,0.896943796943797,-0.02618535112382529
exploration,open_drawer,93,27,0.2848713901258361,0.19781838636465085,0.986740939738949,0.9849157799190066,0.001825159819942505,0.9402819402819403,0.9258038258038258,0.014478114478114498
exploration,open_drawer,93,28,0.2821578763258384,0.19510487256465311,0.9592183960325752,0.9811825667508045,-0.021964170718229314,0.9402819402819403,0.9402819402819403,0.0
exploration,open_drawer,93,29,0.2579235014742942,0.17087049771310894,0.8744871132592479,0.8271191629078642,0.047367950351383636,0.9402819402819403,0.9114219114219115,0.028860028860028846
exploration,open_drawer,93,30,0.29957445000139943,0.21252144624021416,0.9982236622257269,0.9736686596967551,0.024555002528971765,0.9720279720279721,0.9258038258038258,0.046224146224146244
exploration,open_drawer,93,31,0.321244821498025,0.23419181773683975,0.9924535614492651,0.9941833962160378,-0.0017298347667727605,0.9720279720279721,0.9720279720279721,0.0
exploration,open_drawer,95,0,0.2699663441628896,0.08980479493226494,0.99918312697256,1.0,-0.000816873027440009,0.9861111111111112,1.0,-0.013888888888888876
exploration,open_drawer,95,1,0.25989277836097996,0.0797312291303553,0.997678855431375,0.9933404720296569,0.0043383834017181044,0.9586167800453514,0.9861111111111112,-0.02749433106575964
exploration,open_drawer,95,2,0.2792139788164332,0.09905242958580851,0.9982302902596375,0.9987706908422037,-0.000540400582566177,0.9725056689342404,0.9863945578231292,-0.013888888888888876
exploration,open_drawer,95,3,0.2333271969317332,0.05316564770110854,0.9680749632048689,0.9948357687458004,-0.02676080554093156,0.9452947845804989,0.9725056689342404,-0.02721088435374149
exploration,open_drawer,95,4,0.23674341387901374,0.05658186464838905,0.9886959396332399,0.9687824613679891,0.019913478265250806,0.9455555555555556,0.9322335600907029,0.013321995464852613
exploration,open_drawer,95,5,0.24933504839403606,0.06917349916341135,0.9940254219759285,0.923520404297253,0.07050501767867534,0.9591836734693877,0.8755359719645434,0.08364770150484435
exploration,open_drawer,95,6,0.21623718030345165,0.03607563107282699,0.9675306060233256,0.9524192308293186,0.01511137519400707,0.9322335600907029,0.8807843137254903,0.05144924636521279
exploration,open_drawer,95,7,0.28127968681802257,0.10111813758739786,0.9643606178774554,0.8716852650426521,0.09267535283480333,0.9322335600907029,0.859702695893172,0.0725308641975309
exploration,open_drawer,95,8,0.37868479804325855,0.19852324881263386,0.9409602989665218,0.8702809184536487,0.07067938051287297,0.8935734293717488,0.7557210763093116,0.13785235306243707
exploration,open_drawer,95,9,0.43875727763067235,0.2585957284000477,0.8925603643970953,0.8654970793126626,0.027063285084432676,0.8684967320261437,0.8045480000367219,0.06394873198942193
exploration,open_drawer,95,10,0.3867501704766907,0.20658862124606603,0.865282448885286,0.8482538517350614,0.017028597150224607,0.8687179487179487,0.769993585409407,0.0987243633085418
exploration,open_drawer,95,11,0.41899000105909073,0.23882845182846604,0.9755759966378778,0.9043957334119824,0.0711802632258954,0.9210457516339869,0.6783894944576625,0.24265625717632447
exploration,open_drawer,95,12,0.37101627126645204,0.19085472203582735,0.9532024381438212,0.8873106822041429,0.06589175593967826,0.9191836734693878,0.8139028944911297,0.10528077897825794
exploration,open_drawer,95,13,0.36699023800475,0.18682868877412528,0.9289087406205523,0.9087207448186144,0.020187995801938013,0.9189115646258504,0.8013538748832866,0.11755768974256371
exploration,open_drawer,95,14,0.3715244944223675,0.19136294519174282,0.91915733533647,0.9043228108187003,0.014834524517769898,0.9319727891156463,0.8045480000367219,0.1274247890789244
exploration,open_drawer,95,15,0.4228625794243213,0.24270103019369668,0.9806368007382303,0.94599569084845,0.03464110988978023,0.9452947845804989,0.8624747474747475,0.08282003710575137
exploration,open_drawer,95,16,0.3695447528113675,0.18938320358074281,0.9091727533052154,0.8827800263656854,0.026392726939530025,0.9196845404828599,0.7678602722121619,0.15182426827069787
exploration,open_drawer,95,17,0.4113217828511484,0.23116023362052365,0.9956963737850456,0.9509336624068614,0.044762711378184106,0.9463945578231292,0.8950811093668237,0.05131344845630559
exploration,open_drawer,95,18,0.4492030718042233,0.26904152257359865,0.9956193193844683,0.9618015606754441,0.033817758709024405,0.9591836734693877,0.8953418803418803,0.06384179312750737
exploration,open_drawer,95,19,0.4074142694258048,0.22725272019518009,0.9876455322768468,0.91604788700452,0.07159764527232686,0.9325056689342404,0.8938348672802454,0.03867080165399491
exploration,open_drawer,95,20,0.4138219997731143,0.2336604505424896,0.9616169942587952,0.9016293130102969,0.05998768124849848,0.9063625450180073,0.8810457516339869,0.025316793384020264
exploration,open_drawer,95,21,0.4364709119603996,0.25630936272977495,0.9820589951341508,0.940041697627365,0.042017297506785845,0.9330065359477123,0.8860859158478206,0.04692062009989184
exploration,open_drawer,95,22,0.4095344041085405,0.22937285487791578,0.9129110564715881,0.9287571762502352,-0.015846119778647066,0.9461224489795917,0.9071568627450981,0.03896558623449379
exploration,open_drawer,95,23,0.41691130630617806,0.23674975707555337,0.925445038732147,0.9615862902439192,-0.0361412515117722,0.9589002267573696,0.9477124183006537,0.011187808456716039
exploration,open_drawer,95,24,0.4126466322506672,0.23248508302004253,0.9122802772605564,0.9678041524353143,-0.05552387517475773,0.9586167800453514,0.9202180872348938,0.038398692810457526
exploration,open_drawer,95,25,0.4279783931915324,0.24781684396090772,0.9922745155333731,0.9868387866686871,0.005435728864686092,0.9586167800453514,0.9452947845804989,0.013321995464852613
exploration,open_drawer,95,26,0.2942050958979992,0.11404354666737455,0.8426946873273394,0.8828305908290023,-0.040135903501662774,0.9068954248366013,0.9202180872348938,-0.013322662398292643
exploration,open_drawer,95,27,0.38074010282338405,0.20057855359275936,0.9410369942522233,0.9141313519068754,0.02690564234534783,0.9725056689342404,0.9325056689342404,0.04
exploration,open_drawer,95,28,0.3550201946257881,0.1748586453951634,0.9625455059602763,0.9733205052463801,-0.010774999286103926,0.9594444444444444,0.9071568627450981,0.05228758169934641
exploration,open_drawer,95,29,0.4316938807857207,0.25153233155509597,0.8869280338124877,0.8686855774700614,0.018242456342426383,0.9461224489795917,0.9191836734693878,0.02693877551020411
exploration,open_drawer,95,30,0.32143630784931515,0.14127475861869046,0.9372008056967496,0.987976705905313,-0.05077590020856341,0.9191836734693878,0.9452947845804989,-0.026111111111111123
exploration,open_drawer,95,31,0.34643817876680316,0.1662766295361785,0.9731046372543899,0.9230173397994118,0.05008729745497812,0.9322335600907029,0.9191836734693878,0.013049886621315232
exploration,open_drawer,97,0,0.15706832763205683,0.21499259722310718,0.9700013991171077,1.0,-0.02999860088289234,0.9682539682539683,1.0,-0.031746031746031744
exploration,open_drawer,97,1,0.17743120765191822,0.23535547724296857,0.9977448875181284,0.9997816031144867,-0.0020367155963582815,0.9627300256231074,0.9874213836477987,-0.024691358024691357
exploration,open_drawer,97,2,0.26783880144841915,0.3257630710394695,0.9997312940783801,0.9845316602568152,0.015199633821565047,0.9874213836477987,0.9276895943562611,0.05973178929153774
exploration,open_drawer,97,3,0.17050272272096859,0.22842699231201893,0.8852470371796836,0.8603278912027927,0.024919145976890784,0.9206349206349206,0.9309839938770756,-0.010349073242155024
exploration,open_drawer,97,4,0.15852529747515273,0.21644956706620308,1.0,0.9944321333999063,0.005567866600093674,1.0,0.9627300256231074,0.03726997437689261
exploration,open_drawer,97,5,0.1975338375188124,0.2554581071098628,0.9541427104035689,0.8294182717634785,0.12472443864009031,0.9276895943562611,0.8634920634920634,0.06419753086419755
exploration,open_drawer,97,6,0.2703615229177549,0.3282857925088052,0.9429547012662699,0.8710849610311514,0.07186974023511856,0.9071989738656404,0.8340647857889237,0.07313418807671679
exploration,open_drawer,97,7,0.4297679853441187,0.487692254935169,0.9734696696101043,0.7392184465938234,0.23425122301628074,0.9309839938770756,0.7089474330631295,0.2220365608139462
exploration,open_drawer,97,8,0.39048430126661193,0.44840857085766234,0.794526950745042,0.7490668652181031,0.04546008552693881,0.9188712522045855,0.79133237695482,0.12753887524976557
exploration,open_drawer,97,9,0.39052197846393527,0.44844624805498556,0.9599725849198776,0.8491712198958212,0.11080136502405642,0.9523809523809524,0.8644665650315367,0.08791438734941559
exploration,open_drawer,97,10,0.4111443463923033,0.4690686159833537,0.9103753930323301,0.894271600309318,0.0161037927230121,0.9389450056116723,0.8518518518518517,0.08709315375982041
exploration,open_drawer,97,11,0.3177333891853944,0.3756576587764447,0.9328313338775018,0.8678754197601793,0.06495591411732249,0.9021239650170468,0.7584415584415584,0.14368240657548836
exploration,open_drawer,97,12,0.30828606031803935,0.3662103299090897,0.9833121341885995,0.845215039498188,0.13809709469041143,0.955675351901767,0.7753727753727754,0.18030257652899162
exploration,open_drawer,97,13,0.309843807861231,0.36776807745228135,0.8970127892244352,0.904298779378836,-0.007285990154400827,0.9309839938770756,0.845201954491572,0.08578203938550366
exploration,open_drawer,97,14,0.28288261141188314,0.3408068810029335,0.8670408908271264,0.8932064667416638,-0.02616557591453746,0.873015873015873,0.8126788465771516,0.06033702643872133
exploration,open_drawer,97,15,0.34755389613495247,0.40547816572600287,0.9659691908441119,0.8796676775516005,0.08630151329251146,0.9268153230417382,0.845201954491572,0.08161336855016617
exploration,open_drawer,97,16,0.366237751507883,0.42416202109893336,0.9684646731075048,0.8937242637808079,0.07474040932669701,0.9206349206349206,0.8190476190476191,0.1015873015873016
exploration,open_drawer,97,17,0.3022817670245276,0.36020603661557793,0.8340462571890415,0.8457767601875408,-0.011730502998499351,0.8959435626102293,0.8228093745335125,0.07313418807671679
exploration,open_drawer,97,18,0.33887545530032764,0.396799724891378,0.8665808877050719,0.9380051964269446,-0.0714243087218727,0.9071989738656404,0.916829109811566,-0.009630135945925433
exploration,open_drawer,97,19,0.16948363011355985,0.2274078997046102,0.9687387211676187,0.9057531069639845,0.06298561420363424,0.9753086419753086,0.8959435626102293,0.07936507936507937
exploration,open_drawer,97,20,0.27165616572465096,0.3295804353157013,0.9643714432257623,0.9894763297386161,-0.025104886512853697,0.8959435626102293,0.916829109811566,-0.02088554720133669
exploration,open_drawer,97,21,0.21991330321428196,0.27783757280533233,0.9657513006143074,0.9580137003344739,0.007737600279833427,0.9435626102292769,0.8644665650315367,0.07909604519774012
exploration,open_drawer,97,22,0.2279249254553899,0.2858491950464403,0.8308166803636015,0.9342043962362321,-0.10338771587263063,0.9021239650170468,0.9071989738656404,-0.005075008848593725
exploration,open_drawer,97,23,0.1835002928657198,0.24142456245677013,0.926053253584631,0.9145166933490468,0.011536560235584137,0.9188712522045855,0.8900112233445566,0.028860028860028846
exploration,open_drawer,97,24,0.0747775694083645,0.13270183899941482,0.9771928871470901,0.9522620945823644,0.024930792564725524,0.8757735038839769,0.8900112233445566,-0.01423771946057976
exploration,open_drawer,97,25,0.10465762518317506,0.16258189477422538,0.9868665831802641,0.9713121145288426,0.015554468651421627,0.955675351901767,0.9071989738656404,0.04847637803612648
exploration,open_drawer,97,26,0.08566672902125748,0.1435909986123078,0.9171728723818435,0.99475210722257,-0.07757923484072653,0.9309839938770756,0.9389450056116723,-0.007961011734596624
exploration,open_drawer,97,27,0.06644820743952545,0.12437247703057579,0.90849818373453,0.9174818335163167,-0.008983649781786748,0.9309839938770756,0.9188712522045855,0.012112741672490102
exploration,open_drawer,97,28,0.2449365782398416,0.302860847830892,0.8773694068928158,0.9164708388798379,-0.03910143198702202,0.9021239650170468,0.8850830780655342,0.017040886951512586
exploration,open_drawer,97,29,0.18172032848994193,0.23964459808099225,0.9658254057689338,0.9754613255241807,-0.009635919755246839,0.8900112233445566,0.8959435626102293,-0.005932339265672566
exploration,open_drawer,97,30,0.1674538555779762,0.22537812516902656,0.9685576711209539,0.908814023091251,0.059743648029702855,0.9021239650170468,0.8554112554112554,0.0467127096057914
exploration,open_drawer,97,31,0.26008453789884883,0.3180088074898992,0.9500283580185679,0.9262710181258035,0.023757339892764334,0.8900112233445566,0.8290607942781856,0.06095042906637116
exploration,open_drawer,99,0,0.41598612808422136,0.31814765310646737,1.0,1.0,0.0,1.0,1.0,0.0
exploration,open_drawer,99,1,0.2931519946378982,0.19531351966014424,0.9985066555561558,0.9987919974582059,-0.0002853419020500218,0.9365878919122493,0.9494084047327621,-0.012820512820512811
exploration,open_drawer,99,2,0.3907971359361446,0.2929586609583906,0.9600597717131188,0.9546126749115323,0.005447096801586467,0.9365878919122493,0.9242511720283596,0.012336719883889699
exploration,open_drawer,99,3,0.344222029976828,0.24638355499907402,0.9885808564789599,0.9543444526978536,0.03423640378110623,0.9871794871794872,0.9871794871794872,0.0
exploration,open_drawer,99,4,0.357818940594548,0.25998046561679394,0.9374479526343014,0.9086386614765863,0.028809291157715022,0.9217887375782112,0.9365878919122493,-0.014799154334038075
exploration,open_drawer,99,5,0.42223896233946717,0.3244004873617132,0.9047292838286282,0.7881435837277668,0.11658570010086138,0.9094520176943216,0.7304213840691364,0.17903063362518512
exploration,open_drawer,99,6,0.20465014720126248,0.10681167222350847,0.9447767407186706,0.8332367268907056,0.11154001382796501,0.9326599326599326,0.840773180308064,0.0918867523518686
exploration,open_drawer,99,7,0.3395580598311882,0.24171958485343423,0.9854473134572852,0.9663333037782412,0.019114009679043975,0.9696969696969697,0.8817840335045983,0.08791293619237144
exploration,open_drawer,99,8,0.35505418826901053,0.25721571329125653,0.9104002073183906,0.9488772907777324,-0.03847708345934194,0.8953106035529075,0.8699042291719637,0.02540637438094373
exploration,open_drawer,99,9,0.30233271394264966,0.20449423896489563,0.968218182591456,0.9289284542426084,0.03928972834884755,0.8778730703259005,0.8404040404040405,0.03746902992186011
exploration,open_drawer,99,10,0.24156481954256273,0.14372634456480873,0.944256444163508,0.9259858778993643,0.018270566264143622,0.8609440267335003,0.7483420834484664,0.11260194328503399
exploration,open_drawer,99,11,0.29218305616148327,0.1943445811837293,0.9520703998594939,0.9294038735183258,0.022666526341168353,0.8861244019138756,0.8344664853623421,0.051657916551533546
exploration,open_drawer,99,12,0.2951086023018466,0.19727012732409258,0.8923882873286533,0.9171376155471598,-0.024749328218506467,0.917829457364341,0.9094520176943216,0.008377439670019545
exploration,open_drawer,99,13,0.3076741484222553,0.20983567344450127,0.9937869594248726,0.9785777969635764,0.015209162461296222,0.956876456876457,0.9185185185185185,0.03835793835793836
exploration,open_drawer,99,14,0.3273569727041851,0.22951849772643107,0.9663828590412837,0.9297118075652021,0.03667105147608148,0.9050089445438282,0.8902097902097902,0.014799154334038075
exploration,open_drawer,99,15,0.2729858565367948,0.17514738155904075,0.9714421266548289,0.9483407783129678,0.023101348341860988,0.9346092503987241,0.894120753388488,0.04048849701023612
exploration,open_drawer,99,16,0.2845990227959746,0.1867605478182206,0.9888770688417302,0.9611601947100009,0.027716874131729446,0.9050089445438282,0.8625418060200669,0.04246713852376138
exploration,open_drawer,99,17,0.2754103005491833,0.17757182557142934,0.9874729341611977,0.970103713460721,0.01736922070047686,0.8902097902097902,0.849301641754472,0.04090814845531828
exploration,open_drawer,99,18,0.257649142387061,0.159810667409307,0.943309921821773,0.9836367829657954,-0.0403268611440224,0.9101731601731601,0.9445397369925672,-0.034366576819407024
exploration,open_drawer,99,19,0.21571640117528545,0.11787792619753144,0.9940366662374523,0.9757128335040522,0.018323832733400103,0.9278752436647174,0.8861244019138756,0.04175084175084176
exploration,open_drawer,99,20,0.14674008564487656,0.04890161066712254,0.9689650557960509,0.9671762162185726,0.0017888395774782924,0.86410079608851,0.8778730703259005,-0.013772274237390506
exploration,open_drawer,99,21,0.128173279556296,0.030334804578542023,0.9965312993588328,0.9764199534977656,0.02011134586106726,0.9365878919122493,0.8637316561844864,0.07285623572776294
exploration,open_drawer,99,22,0.18641151482441853,0.08857303984666452,0.9923616554600182,0.9816692885093644,0.010692366950653823,0.9365878919122493,0.8699042291719637,0.06668366274028563
exploration,open_drawer,99,23,0.19860453449062457,0.10076605951287056,0.9582987058893643,0.9843842465404351,-0.026085540651070865,0.8926722246599385,0.891941391941392,0.0007308327185466442
exploration,open_drawer,99,24,0.17986388896385272,0.08202541398609871,0.9815282608053012,0.9620639760872164,0.019464284718084812,0.8536306460834763,0.9076473234367972,-0.054016677353320865
exploration,open_drawer,99,25,0.16786127603237522,0.0700228010546212,0.9970030951786614,0.9811467176510549,0.015856377527606602,0.9242511720283596,0.971675611210495,-0.04742443918213531
exploration,open_drawer,99,26,0.18512626776776694,0.08728779279001296,0.9699244366236836,0.954465967427015,0.015458469196668526,0.9593388913266052,0.8975722133616871,0.06176667796491823
exploration,open_drawer,99,27,0.19833062077613062,0.1004921457983766,0.979989309814724,0.9660161410193208,0.013973168795403224,0.9365878919122493,0.9696969696969697,-0.03310907778472035
exploration,open_drawer,99,28,0.18239028457465326,0.08455180959689924,0.9781479289789087,0.9887715022646005,-0.010623573285691856,0.9242511720283596,0.9242511720283596,0.0
exploration,open_drawer,99,29,0.21481722020628746,0.11697874522853347,0.9473249818305245,0.986581600903529,-0.03925661907300456,0.8616383616383616,0.9696969696969697,-0.10805860805860805
exploration,open_drawer,99,30,0.1910054069101851,0.0931669319324311,0.9595464971016816,0.968586692785654,-0.009040195683972444,0.9242511720283596,0.9303983228511531,-0.006147150822793416
exploration,open_drawer,99,31,0.16239704327007679,0.06455856829232277,0.9943012741629628,0.9742166540183672,0.020084620144595555,0.9365878919122493,0.9217887375782112,0.014799154334038075
exploration,pick_coke_can,0,0,0.28727214738004353,0.2375723643847348,1.0,0.8295207980111456,0.17047920198885436,1.0,0.9365079365079364,0.06349206349206349
exploration,pick_coke_can,0,1,0.41321329273050034,0.3635135097351916,0.9807876617739222,1.0,-0.019212338226077857,0.9682539682539683,1.0,-0.031746031746031744
exploration,pick_coke_can,0,2,0.17704250504384758,0.1273427220485389,0.7574928805587212,0.9276289341738275,-0.17013605361510634,0.8138528138528139,0.9349206349206348,-0.12106782106782106
exploration,pick_coke_can,0,3,0.3434779789476958,0.2937781959523871,0.9655876813818601,0.9518446024874335,0.013743078894426683,0.9015873015873016,0.8727272727272727,0.028860028860028846
exploration,pick_coke_can,0,4,0.46301036293371767,0.413310579938409,0.9367433657200775,0.6583759097039267,0.2783674560161508,0.9015873015873016,0.7586423238597151,0.14294497772758644
exploration,pick_coke_can,0,5,0.5015818410119884,0.45188205801667974,0.9720574744025324,0.9469415331624006,0.025115941240131796,0.9015873015873016,0.9047619047619048,-0.0031746031746031633
exploration,pick_coke_can,0,6,0.42055499832108967,0.370855215325781,0.997268633064892,0.8419373438034653,0.15533128926142678,0.9333333333333332,0.8138528138528139,0.11948051948051948
exploration,pick_coke_can,0,7,0.4944616947170015,0.4447619117216928,0.9675221180678465,0.17091102460654806,0.7966110934612983,0.9015873015873016,0.7095959595959597,0.19199134199134196
exploration,pick_coke_can,0,8,0.4526914904989699,0.40299170750366126,0.8964773850814677,0.898667709235678,-0.002190324154210277,0.9015873015873016,0.6590909090909092,0.24249639249639252
exploration,pick_coke_can,0,9,0.4579958476910977,0.408296064695789,0.9120333860633889,0.43885125762733335,0.47318212843605556,0.8714285714285714,0.4160854045911517,0.4553431668374197
exploration,pick_coke_can,0,10,0.393160739513146,0.3434609565178373,0.9732679633541262,0.7722267482063351,0.2010412151477912,0.9060606060606061,0.6226617826617826,0.28339882339882344
exploration,pick_coke_can,0,11,0.4281709663140845,0.3784711833187758,0.9241647971679422,0.727589222439785,0.19657557472815734,0.9047619047619048,0.4536162687886826,0.45114563597322216
exploration,pick_coke_can,0,12,0.45327848002266585,0.40357869702735716,0.8865714296892176,0.7267230872805316,0.15984834240868592,0.8714285714285714,0.6340579710144928,0.23737060041407868
exploration,pick_coke_can,0,13,0.43237878970116045,0.3826790067058518,0.9679605070473958,0.722774048141794,0.24518645890560167,0.9349206349206348,0.7061923583662715,0.22872827655436354
exploration,pick_coke_can,0,14,0.3539275468060545,0.3042277638107458,0.866754648276037,0.49111436556662014,0.3756402827094169,0.8714285714285714,0.487673314339981,0.38375525708859043
exploration,pick_coke_can,0,15,0.3275381810201106,0.2778383980248019,0.9086665687318524,0.7317864869937369,0.17688008173811534,0.8455988455988456,0.6653968253968253,0.18020202020202022
exploration,pick_coke_can,0,16,0.36708233091093545,0.31738254791562676,0.8712562225939715,0.8677101200330943,0.0035461025608771366,0.784992784992785,0.6832454984628896,0.10174728652989525
exploration,pick_coke_can,0,17,0.3177457750403026,0.26804599204499385,0.9940705113135103,0.6850746135792667,0.30899589773424363,0.9349206349206348,0.5934596804162021,0.34146095450443276
exploration,pick_coke_can,0,18,0.2515289085608021,0.20182912556549346,0.8994146352307709,0.8521393127774836,0.04727532245328736,0.9015873015873016,0.7888010540184452,0.11278624756885629
exploration,pick_coke_can,0,19,0.2081861427985329,0.1584863598032242,0.9306312465367804,0.9265208868885079,0.004110359648272666,0.8151515151515151,0.8773448773448774,-0.06219336219336217
exploration,pick_coke_can,0,20,0.23870054182799627,0.1890007588326876,0.8148916813270805,0.7817108329647015,0.03318084836237908,0.7901185770750988,0.7095959595959597,0.0805226174791392
exploration,pick_coke_can,0,21,0.2718225569142769,0.2221227739189682,0.8802383283431289,0.825884267133269,0.054354061209859784,0.7888010540184452,0.5472649572649573,0.24153609675348806
exploration,pick_coke_can,0,22,0.22422073524983407,0.17452095225452538,0.7051297161079414,0.8537524736269274,-0.14862275751898593,0.7586423238597151,0.7586423238597151,0.0
exploration,pick_coke_can,0,23,0.19516039108452746,0.14546060808921876,0.8188172024268586,0.824961019788891,-0.006143817362032437,0.7575757575757575,0.8162180814354727,-0.05864232385971513
exploration,pick_coke_can,0,24,0.221524379913852,0.17182459691854332,0.8814390940096036,0.7629201997794605,0.11851889423014324,0.7888010540184452,0.7325428194993412,0.056258234519104056
exploration,pick_coke_can,0,25,0.26410495045463817,0.2144051674593295,0.9379689370590447,0.8188488446650082,0.11912009239403658,0.8714285714285714,0.8151515151515151,0.05627705627705626
exploration,pick_coke_can,0,26,0.28740844622250344,0.23770866322719475,0.8873457026775456,0.9171564813620057,-0.029810778684460065,0.8425685425685426,0.8124098124098124,0.030158730158730163
exploration,pick_coke_can,0,27,0.26664104113552184,0.21694125814021317,0.8634576341908528,0.9156170107052654,-0.05215937651441257,0.8714285714285714,0.8727272727272727,-0.0012987012987013176
exploration,pick_coke_can,0,28,0.2510944764151091,0.20139469341980046,0.9060169275966525,0.7624700075670957,0.1435469200295569,0.8727272727272727,0.7646464646464647,0.10808080808080811
exploration,pick_coke_can,0,29,0.2617811689063388,0.21208138591103007,0.8339492462921901,0.8054234281689111,0.028525818123278885,0.849551414768806,0.8124098124098124,0.03714160235899363
exploration,pick_coke_can,0,30,0.27178099061640154,0.22208120762109287,0.9504454832219396,0.9106050083580858,0.039840474863853705,0.9333333333333332,0.9047619047619048,0.02857142857142858
exploration,pick_coke_can,0,31,0.1454270377520971,0.0957272547567884,0.9254393336642197,0.8855959636480167,0.03984337001620305,0.8412698412698413,0.7888010540184455,0.052468787251395956
exploration,pick_coke_can,1,0,0.16154388391297328,0.07557395748359727,0.8564928570941545,0.8584741274877953,-0.0019812703936408957,0.9484126984126985,0.9722222222222222,-0.023809523809523798
exploration,pick_coke_can,1,1,0.07972212345541348,-0.006247802973962537,0.8496870011072817,0.986131579738658,-0.13644457863137627,0.9269073220686123,0.978494623655914,-0.05158730158730159
exploration,pick_coke_can,1,2,0.014155601236561214,-0.07181432519281479,0.9414525577730019,0.9880827387548837,-0.046630180981881875,0.8791842788283276,0.978494623655914,-0.09931034482758623
exploration,pick_coke_can,1,3,0.09894334357797756,0.012973417148601544,0.9778550704716804,0.9781584566926936,-0.0003033862210132243,0.8811904761904762,0.9067460317460317,-0.025555555555555554
exploration,pick_coke_can,1,4,0.15561657859239114,0.06964665216301512,0.9530337525421396,0.9363547643727356,0.016678988169404052,0.9047398343838832,0.8590229885057471,0.04571684587813618
exploration,pick_coke_can,1,5,0.12083916501053803,0.03486923858116201,0.912942233669523,0.9461632365732165,-0.0332210029036936,0.8656391501219086,0.8878066378066377,-0.022167487684729092
exploration,pick_coke_can,1,6,0.1924997580488685,0.10652983161949248,0.9799375489487132,0.9643380418220396,0.015599507126673537,0.9507168458781362,0.8656391501219086,0.08507769575622744
exploration,pick_coke_can,1,7,0.34340936197302047,0.2574394355436445,0.8349194617990566,0.9141917398885009,-0.07927227808944419,0.8354332449160036,0.8811904761904762,-0.045757231274472655
exploration,pick_coke_can,1,8,0.13099920302424806,0.04502927659487205,0.8541125055148434,0.9182611751304894,-0.06414866961564603,0.9345238095238096,0.8576007326007327,0.07692307692307691
exploration,pick_coke_can,1,9,0.20316673942663666,0.11719681299726063,0.8962464801886099,0.8726465555280615,0.023599924660548388,0.8845785440613027,0.8400835945663531,0.044494949494949476
exploration,pick_coke_can,1,10,0.250352385073245,0.164382458643869,0.9433741801549059,0.8327556464460785,0.11061853370882742,0.8103174603174602,0.7818939393939394,0.028423520923520924
exploration,pick_coke_can,1,11,0.3048950923569658,0.21892516592758984,0.9736113857456629,0.7964130473035073,0.17719833844215557,0.9155844155844156,0.6815476190476191,0.23403679653679654
exploration,pick_coke_can,1,12,0.3880247890324811,0.30205486260310516,0.9672775961870944,0.8027626209515476,0.1645149752355468,0.8845785440613027,0.7186365286855483,0.16594201537575437
exploration,pick_coke_can,1,13,0.3841095042586912,0.29813957782931516,0.9845397072720486,0.7268852599136443,0.2576544473584043,0.9546850998463902,0.864695340501792,0.08998975934459807
exploration,pick_coke_can,1,14,0.3741036040119638,0.28813367758258773,0.9536940434084302,0.6830161690064734,0.27067787440195684,0.9269073220686123,0.7186365286855483,0.2082707933830641
exploration,pick_coke_can,1,15,0.20403119377249815,0.11806126734312213,0.9634628301482926,0.9162420282964816,0.047220801851810955,0.9262452107279694,0.8039491691104593,0.12229604161750991
exploration,pick_coke_can,1,16,0.24384250227233864,0.15787257584296263,0.9694486023831487,0.9078408003992973,0.06160780198385144,0.9251612903225807,0.7554012345679012,0.16976005575467937
exploration,pick_coke_can,1,17,0.3556112320214952,0.2696413055921192,0.9236539512501977,0.6963815698762779,0.22727238137391995,0.8400835945663531,0.6847843514510181,0.15529924311533505
exploration,pick_coke_can,1,18,0.3076633231209967,0.22169339669162066,0.8254359415114788,0.7809150435051003,0.04452089800637837,0.782213788741303,0.7236721611721612,0.05854162756914175
exploration,pick_coke_can,1,19,0.4232687108249269,0.33729878439555083,0.9733984521653861,0.91937693650232,0.05402151566306609,0.8445340501792115,0.8840501792114694,-0.03951612903225806
exploration,pick_coke_can,1,20,0.1803821040221779,0.09441217759280192,0.9626428127634715,0.8516783392973583,0.11096447346611334,0.8584946236559139,0.8727272727272727,-0.014232649071358794
exploration,pick_coke_can,1,21,0.3317027922832106,0.2457328658538346,0.7776972129933007,0.8535089528814308,-0.07581173988812999,0.8656391501219086,0.8777620229233132,-0.012122872801404524
exploration,pick_coke_can,1,22,0.2843238195947132,0.19835389316533722,0.8102421203313699,0.9230576336161485,-0.1128155132847785,0.7779788838612368,0.8656391501219086,-0.08766026626067192
exploration,pick_coke_can,1,23,0.24266866378067606,0.15669873735130002,0.930866744367755,0.8642909625941751,0.06657578177357988,0.8622510822510822,0.8699813258636788,-0.007730243612596517
exploration,pick_coke_can,1,24,0.3118310639377341,0.22586113750835804,0.945162772979046,0.9309592938330961,0.01420347914595014,0.8878066378066377,0.8811904761904762,0.006616161616161631
exploration,pick_coke_can,1,25,0.38712778293266364,0.30115785650328764,0.9727017167422245,0.9204233449976077,0.05227837174461695,0.8444257703081233,0.9305555555555555,-0.08612978524743231
exploration,pick_coke_can,1,26,0.3618511075276629,0.2758811810982869,0.9522928937286013,0.9849376520068168,-0.03264475827821559,0.8386613386613386,0.9049999999999999,-0.06633866133866129
exploration,pick_coke_can,1,27,0.3730326682971534,0.2870627418677774,0.9689721957344175,0.9736481525202046,-0.004675956785787101,0.9546850998463902,0.8814102564102564,0.07327484343613373
exploration,pick_coke_can,1,28,0.403505805022673,0.317535878593297,0.9654501195152397,0.869822923556297,0.09562719595894272,0.8860606060606061,0.9067460317460317,-0.02068542568542568
exploration,pick_coke_can,1,29,0.3618045848939484,0.2758346584645724,0.9948690993180138,0.9954198897260986,-0.0005507904080848484,0.9269073220686123,0.9269073220686123,0.0
exploration,pick_coke_can,1,30,0.319382011133239,0.23341208470386296,0.9956233303328941,0.9823933510644883,0.013229979268405708,0.9583333333333334,0.9067460317460317,0.05158730158730159
exploration,pick_coke_can,1,31,0.47524837262248787,0.3892784461931118,0.9676707728662436,0.971959805365325,-0.004289032499081376,0.8845785440613027,0.9013517665130567,-0.016773222451754166
exploration,pick_coke_can,30,0,0.26714657266719444,0.19866452917761243,0.9876015995185781,0.9953513213192801,-0.007749721800701955,0.9781420765027322,0.9538011695906432,0.024340906912088973
exploration,pick_coke_can,30,1,0.21964959361241973,0.15116755012283775,0.9773810101207392,0.9907746832863978,-0.013393673165658574,0.9093567251461989,0.9649122807017544,-0.055555555555555546
exploration,pick_coke_can,30,2,0.08153002512777179,0.013047981638189779,0.8961159715752621,0.8763254420801988,0.019790529495063287,0.9430543572044866,0.9010752688172042,0.041979088387282336
exploration,pick_coke_can,30,3,0.11257832542963601,0.044096281940054015,0.9474940979940626,0.9809053465435073,-0.033411248549444626,0.9222222222222222,0.9538011695906432,-0.03157894736842104
exploration,pick_coke_can,30,4,0.21295098482447652,0.14446894133489455,0.8979864626684373,0.8701734254781471,0.02781303719029023,0.9538011695906432,0.840490254640384,0.1133109149502592
exploration,pick_coke_can,30,5,0.28171936870810277,0.21323732521852076,0.9097575175317983,0.909546874712511,0.00021064281928732478,0.9114754098360657,0.9222222222222222,-0.010746812386156638
exploration,pick_coke_can,30,6,0.31789699849846875,0.2494149550088868,0.9457156145394455,0.9261794265392423,0.01953618800020333,0.8770986606300698,0.8559198542805101,0.021178806349559747
exploration,pick_coke_can,30,7,0.2534419116491405,0.18495986815955848,0.9869282567099728,0.8135114275485743,0.17341682916139853,0.9538011695906432,0.7803398787005346,0.17346129089010884
exploration,pick_coke_can,30,8,0.3428245467841253,0.27434250329454324,0.876473403174439,0.9604182979348574,-0.08394489476041844,0.8455197132616488,0.8874988016489311,-0.041979088387282336
exploration,pick_coke_can,30,9,0.3267891687286646,0.25830712523908256,0.9921813389544399,0.893869897475974,0.09831144147846593,0.9781420765027322,0.8380952380952381,0.14004683840749413
exploration,pick_coke_can,30,10,0.3243526296244401,0.25587058613485814,0.978945577838317,0.8828655678345031,0.0960800100038139,0.8455197132616488,0.88125,-0.03573028673835125
exploration,pick_coke_can,30,11,0.33383997686883515,0.2653579333792532,0.9519172117784805,0.8315489989944864,0.12036821278399408,0.88125,0.8222222222222223,0.05902777777777779
exploration,pick_coke_can,30,12,0.32617627117563047,0.2576942276860485,0.9618245315630872,0.791160360139897,0.17066417142319032,0.9114754098360657,0.7256944444444445,0.18578096539162114
exploration,pick_coke_can,30,13,0.3017737393913227,0.2332916959017407,0.941143261298823,0.861737162351305,0.07940609894751804,0.808911307271963,0.8232323232323232,-0.01432101596036021
exploration,pick_coke_can,30,14,0.40576470181109864,0.33728265832151666,0.8620292514895221,0.7629089462234052,0.09912030526611705,0.8354497354497354,0.7666666666666666,0.06878306878306882
exploration,pick_coke_can,30,15,0.3180904552499864,0.2496084117604044,0.9576798153444547,0.9110486746213686,0.046631140723085975,0.8770986606300698,0.9114754098360657,-0.034376749205995795
exploration,pick_coke_can,30,16,0.3568136727363847,0.2883316292468027,0.9288921820025142,0.8534254733957939,0.07546670860672033,0.8624338624338624,0.7571888658845181,0.10524499654934438
exploration,pick_coke_can,30,17,0.3886371758156017,0.32015513232601966,0.9005023549832919,0.7619521730370064,0.13855018194628552,0.8874988016489311,0.7571888658845181,0.13030993576441305
exploration,pick_coke_can,30,18,0.30925062847672474,0.24076858498714274,0.8611817708735418,0.962400240178639,-0.10121846930509722,0.7985111662531018,0.8114754098360656,-0.01296424358296385
exploration,pick_coke_can,30,19,0.29668022924360393,0.22819818575402193,0.90453671073203,0.917917322011001,-0.013380611278970908,0.808911307271963,0.8273484257090815,-0.018437118437118444
exploration,pick_coke_can,30,20,0.30951985032776125,0.24103780683817924,0.9191036087504162,0.87745878023766,0.04164482851275634,0.8666666666666667,0.7803398787005346,0.08632678796613225
exploration,pick_coke_can,30,21,0.3286402752615207,0.26015823177193864,0.9540275458249448,0.8297427237515839,0.12428482207336096,0.7884057971014493,0.8013743997350554,-0.012968602633606219
exploration,pick_coke_can,30,22,0.29052936451111794,0.222047321021536,0.9264462801753934,0.9448912079256431,-0.018444927750249678,0.8232323232323232,0.882903981264637,-0.05967165803231378
exploration,pick_coke_can,30,23,0.19780265160466945,0.12932060811508742,0.9869500375969579,0.9260841363640342,0.060865901232923715,0.9538011695906432,0.8777777777777778,0.07602339181286548
exploration,pick_coke_can,30,24,0.24907316338239227,0.18059111989281026,0.873760152624127,0.8534586902995024,0.020301462324624635,0.7699397376816731,0.7296466973886329,0.040293040293040296
exploration,pick_coke_can,30,25,0.2717207002789436,0.2032386567893616,0.861858744289785,0.9277685148543567,-0.06590977056457177,0.8196581196581197,0.8512370670265407,-0.03157894736842104
exploration,pick_coke_can,30,26,0.28126765051984837,0.21278560703026636,0.9338773971850735,0.9556572008465641,-0.02177980366149072,0.7897970733284825,0.8512370670265407,-0.06143999369805823
exploration,pick_coke_can,30,27,0.3185371563080943,0.2500551128185123,0.9402892597595959,0.9705091905587873,-0.030219930799191497,0.8755779739386297,0.9114754098360657,-0.035897435897435916
exploration,pick_coke_can,30,28,0.24423309987035946,0.17575105638077745,0.9760311635559336,0.9836712595359182,-0.007640095979984533,0.9093567251461989,0.9649122807017544,-0.055555555555555546
exploration,pick_coke_can,30,29,0.2877535458888885,0.2192715023993065,0.8778420713020573,0.9581585845251496,-0.08031651322309237,0.9114754098360657,0.9430543572044866,-0.03157894736842104
exploration,pick_coke_can,30,30,0.3000364588750783,0.2315544153854963,1.0,0.9927237950695491,0.007276204930450891,1.0,0.9538011695906432,0.04619883040935672
exploration,pick_coke_can,30,31,0.2698738351397332,0.20139179165015117,0.9919252021569543,0.9744040435865625,0.017521158570391753,0.9114754098360657,0.9538011695906432,-0.042325759754577676
exploration,pick_coke_can,59,0,0.16345445397747269,0.058788121585808366,0.9565830309567157,0.9975846234580024,-0.04100159250128654,0.925030525030525,0.9897435897435898,-0.06471306471306475
exploration,pick_coke_can,59,1,0.10622171241050031,0.0015553800188359927,0.9883649429361555,0.8866114745150333,0.10175346842112225,0.9464646464646465,0.982905982905983,-0.0364413364413364
exploration,pick_coke_can,59,2,0.2248309661768432,0.12016463378517894,0.8987114844168258,0.9459628064811048,-0.04725132206427899,0.9054361890182786,0.9225302061122956,-0.017094017094017106
exploration,pick_coke_can,59,3,0.06646851313577272,-0.03819781925589158,0.8696269467974593,0.8723092230707983,-0.002682276273338946,0.890909090909091,0.8891968727789622,0.0017122181301285992
exploration,pick_coke_can,59,4,0.162457575787078,0.0577912433954137,0.9452550744111415,0.7685152344467611,0.17673983996438045,0.925030525030525,0.8294685990338163,0.09556192599670858
exploration,pick_coke_can,59,5,0.0847639978351663,-0.01990233455649799,0.9267972404992871,0.973399623200195,-0.04660238270090796,0.9087912087912088,0.8737497183074175,0.0350414904837912
exploration,pick_coke_can,59,6,0.258014826895798,0.15334849450413376,0.9465400019750142,0.9465976040701584,-5.7602095144123254e-05,0.943690296631473,0.8675213675213675,0.07616892911010557
exploration,pick_coke_can,59,7,0.18491807751620457,0.08025174512454027,0.9705497717915675,0.8819507010396336,0.088599070751934,0.9225302061122956,0.818690296631473,0.10383990948082256
exploration,pick_coke_can,59,8,0.15066775772104088,0.046001425329376594,0.8871653876890407,0.9149511425403102,-0.027785754851269624,0.847927031509121,0.8324798770375762,0.01544715447154473
exploration,pick_coke_can,59,9,0.17756426293084737,0.07289793053918309,0.9181370272539091,0.9450491054156465,-0.026912078161737425,0.8641663477484371,0.8159631019387117,0.04820324580972557
exploration,pick_coke_can,59,10,0.16117896556130035,0.056512633169636055,0.9669427459380887,0.8930477139198961,0.07389503201819263,0.925030525030525,0.8377039627039627,0.08732656232656229
exploration,pick_coke_can,59,11,0.22465101803904242,0.11998468564737812,0.9133328810828739,0.823830556215782,0.0895023248670919,0.9150849150849151,0.6674005119582113,0.24768440312670384
exploration,pick_coke_can,59,12,0.16026268588372494,0.055596353492060636,0.9006609584063409,0.8134567094007513,0.08720424900558969,0.8451492537313433,0.7359383306751729,0.10921092305617047
exploration,pick_coke_can,59,13,0.19245855449446125,0.08779222210279695,0.9401617603402586,0.8921436155040229,0.04801814483623571,0.8837606837606837,0.7874643874643873,0.09629629629629628
exploration,pick_coke_can,59,14,0.21060351413072068,0.10593718173905638,0.8526505508332605,0.7570038034501628,0.09564674738309774,0.8457079152731325,0.7161809997630894,0.12952691551004333
exploration,pick_coke_can,59,15,0.12891549217854362,0.02424915978687933,0.8568239776692752,0.860871260715872,-0.004047283046596924,0.9054361890182786,0.8377039627039627,0.06773222631431582
exploration,pick_coke_can,59,16,0.10404404092607944,-0.0006222914655848686,0.949043652599555,0.9128558550964511,0.03618779750310397,0.8798319327731092,0.8675213675213675,0.012310565251741715
exploration,pick_coke_can,59,17,0.1684659580461579,0.06379962565449361,0.909907487178371,0.831125385188724,0.07878210198964693,0.8457079152731325,0.7775187775187775,0.06818913775435513
exploration,pick_coke_can,59,18,0.1593098136217526,0.054643481230088276,0.813244739335957,0.8976982572719298,-0.08445351793597274,0.8737497183074175,0.873815073815074,-6.535550765622104e-05
exploration,pick_coke_can,59,19,0.17600197608825538,0.07133564369659107,0.8570891305962894,0.9692759494674222,-0.11218681887113287,0.8421286031042129,0.9523809523809524,-0.1102523492767395
exploration,pick_coke_can,59,20,0.15031962845339017,0.04565329606172588,0.9726331264130345,0.991302907124698,-0.018669780711663513,0.873815073815074,0.9530552366373262,-0.07924016282225237
exploration,pick_coke_can,59,21,0.2167362015966273,0.11206986920496297,0.8685902197109261,0.9608151036011782,-0.092224883890252,0.8988455988455989,0.8641663477484371,0.0346792510971616
exploration,pick_coke_can,59,22,0.15105589823564627,0.04638956584398198,0.9699020084562834,0.957157634881929,0.012744373574354206,0.8988455988455989,0.8837606837606837,0.015084915084915126
exploration,pick_coke_can,59,23,0.1753116606637025,0.07064532827203818,0.8731101263832541,0.9181007541074037,-0.044990627724149634,0.9564102564102565,0.925030525030525,0.031379731379731414
exploration,pick_coke_can,59,24,0.18304804648124015,0.07838171408957585,0.796602120014328,0.833035941514686,-0.036433821500357934,0.8140214445622717,0.8214646464646465,-0.007443201902374796
exploration,pick_coke_can,59,25,0.2333777565877598,0.12871142419609552,0.8666134293535649,0.9815390675885688,-0.11492563823500383,0.8837606837606837,0.9666666666666667,-0.08290598290598294
exploration,pick_coke_can,59,26,0.1968476334680297,0.09218130107636537,0.9639414472590905,0.9432688372137036,0.020672610045386897,0.9054361890182786,0.9564102564102565,-0.050974067391977886
exploration,pick_coke_can,59,27,0.19059958043575062,0.08593324804408635,0.9767190598083628,0.9804232363777238,-0.0037041765693610986,0.9627039627039627,0.9726495726495727,-0.009945609945609927
exploration,pick_coke_can,59,28,0.10829602073970294,0.0036296883480386364,0.9669676129538874,0.9910917572858896,-0.024124144332002235,0.9627039627039627,0.9797979797979798,-0.017094017094017106
exploration,pick_coke_can,59,29,0.25312792215584595,0.14846158976418167,0.977564988591483,0.9755053619982411,0.0020596265932418443,0.9726495726495727,0.9666666666666667,0.005982905982905962
exploration,pick_coke_can,59,30,0.23232201582417256,0.12765568343250827,0.8724843228406199,0.9595028752344351,-0.08701855239381517,0.9087912087912088,0.925030525030525,-0.01623931623931622
exploration,pick_coke_can,59,31,0.21506402584216353,0.11039769345049921,0.8410376968656944,0.856626799276689,-0.015589102410994649,0.8988455988455989,0.925030525030525,-0.026184926184926145
exploration,pick_coke_can,96,0,0.3067540877792147,0.3440187269469804,1.0,1.0,0.0,1.0,1.0,0.0
exploration,pick_coke_can,96,1,0.4852022791828865,0.5224669183506522,0.861657523065134,0.9015876670795873,-0.03993014401445327,0.8825396825396826,0.9047619047619048,-0.022222222222222216
exploration,pick_coke_can,96,2,0.2788203212434677,0.3160849604112334,0.8459452882208129,0.8580571912369099,-0.012111903016096956,0.855873015873016,0.8825396825396826,-0.026666666666666655
exploration,pick_coke_can,96,3,0.2920603335337583,0.329324972701524,0.6792867122193905,0.8120238226173235,-0.13273711039793307,0.855873015873016,0.8104691007916814,0.045403915081334456
exploration,pick_coke_can,96,4,0.36454191936032854,0.40180655852809427,0.9624658472390735,0.8175219102660737,0.14494393697299987,0.9303225806451613,0.9057071960297768,0.024615384615384633
exploration,pick_coke_can,96,5,0.4334048221564137,0.4706694613241793,0.9500125690328972,0.8258138052140414,0.1241987638188559,0.956989247311828,0.9108333333333333,0.04615591397849461
exploration,pick_coke_can,96,6,0.4041358764500344,0.4414005156178001,0.8870309523478749,0.6613960980499308,0.22563485429794397,0.8825396825396826,0.7844444444444445,0.09809523809523808
exploration,pick_coke_can,96,7,0.43882891115253525,0.476093550320301,0.9188027970014936,0.9626363663428535,-0.04383356934135996,0.7876770779996587,0.8312576312576313,-0.04358055325797261
exploration,pick_coke_can,96,8,0.3886911158700315,0.42595575503779726,0.8196009161096183,0.8560177698013653,-0.03641685369174715,0.8350844854070661,0.719551282051282,0.11553320335578403
exploration,pick_coke_can,96,9,0.4486610198737851,0.4859256590415508,0.9730598601536524,0.5460094360911559,0.42705042406249644,0.855873015873016,0.6950844854070661,0.16078853046594985
exploration,pick_coke_can,96,10,0.3620507771741311,0.3993154163418968,0.8885098057404917,0.719500447234509,0.16900935850598256,0.7909798534798534,0.7273193760262725,0.0636604774535809
exploration,pick_coke_can,96,11,0.4933463941938938,0.5306110333616595,0.9697728198427785,0.5851366920406091,0.3846361278021695,0.9511111111111111,0.5820271682340648,0.3690839428770463
exploration,pick_coke_can,96,12,0.5035397044110501,0.5408043435788158,0.9950340743177565,0.9282159678172972,0.06681810650045934,0.9733333333333333,0.7164021164021164,0.25693121693121695
exploration,pick_coke_can,96,13,0.4097005790943154,0.4469652182620811,0.8489845735256064,0.8268591809804814,0.022125392545125022,0.8312576312576313,0.7042735042735043,0.126984126984127
exploration,pick_coke_can,96,14,0.48631376671775167,0.5235784058855173,0.8427063694604149,0.2598556977011665,0.5828506717592484,0.9057071960297768,0.38552188552188554,0.5201853105078911
exploration,pick_coke_can,96,15,0.3136485406394905,0.35091317980725617,0.8932876407482787,0.785482146405187,0.10780549434309168,0.782051282051282,0.7909798534798534,-0.008928571428571433
exploration,pick_coke_can,96,16,0.3300777353574089,0.36734237452517465,0.893303055565359,0.837573701005704,0.05572935455965514,0.9259259259259259,0.8420467185761957,0.08387920734973016
exploration,pick_coke_can,96,17,0.4001331081324637,0.4373977473002295,0.908323902560103,0.8492378926495955,0.05908600991050761,0.8617511520737328,0.7675971538040504,0.09415399826968236
exploration,pick_coke_can,96,18,0.45561275351450653,0.4928773926822722,0.6664717417063354,0.7565364282166382,-0.09006468651030276,0.6950844854070661,0.7273193760262725,-0.032234890619206515
exploration,pick_coke_can,96,19,0.42909446315273797,0.4663591023205036,0.9082869753332358,0.8017847189902354,0.10650225634300048,0.7876770779996587,0.8104691007916814,-0.022792022792022786
exploration,pick_coke_can,96,20,0.373712776416067,0.4109774155838326,0.6664308989162415,0.9409739711264803,-0.2745430722102387,0.6950844854070661,0.7164021164021164,-0.021317630995050352
exploration,pick_coke_can,96,21,0.44802984544358493,0.48529448461135055,0.7956427942002259,0.7362376459222962,0.0594051482779295,0.6967592592592592,0.6558908045977011,0.04086845466155812
exploration,pick_coke_can,96,22,0.43401324777404254,0.47127788694180817,0.8744668040871066,0.8190516582324925,0.05541514585461419,0.7681878306878307,0.7904761904761904,-0.022288359788359784
exploration,pick_coke_can,96,23,0.4617731001075138,0.49903773927527956,0.8919097731834542,0.9152522467839833,-0.023342473600529063,0.8422619047619048,0.8312576312576313,0.011004273504273502
exploration,pick_coke_can,96,24,0.2714333068754519,0.3086979460432176,0.9170235383441171,0.9029007768300087,0.014122761514108295,0.7909798534798534,0.73904052936311,0.05193932411674348
exploration,pick_coke_can,96,25,0.21259887976165504,0.2498635189294207,0.8264001859924822,0.8175474904973994,0.008852695495082793,0.73904052936311,0.8104691007916814,-0.07142857142857144
exploration,pick_coke_can,96,26,0.271049107396464,0.30831374656422966,0.9963744084696722,0.9038626553996881,0.09251175306998405,0.9511111111111111,0.9511111111111111,0.0
exploration,pick_coke_can,96,27,0.4918593158224218,0.5291239549901875,0.680542687182846,0.5884667434310314,0.09207594375181442,0.7681878306878307,0.7876770779996587,-0.019489247311827957
exploration,pick_coke_can,96,28,0.35432315120063596,0.3915877903684017,0.984101302177299,0.9159221334925225,0.06817916868477647,0.9264957264957264,0.9108333333333333,0.01566239316239315
exploration,pick_coke_can,96,29,0.3202233543333945,0.3574879935011602,0.9940849771827504,0.8676256341724254,0.12645934301032494,0.9303225806451613,0.9511111111111111,-0.020788530465949823
exploration,pick_coke_can,96,30,0.22667656017108306,0.26394119933884874,0.8208181674141196,0.9254078760268722,-0.10458970861275263,0.8104691007916814,0.8350844854070661,-0.024615384615384633
exploration,pick_coke_can,96,31,0.21131306720925827,0.24857770637702395,0.9180786520866936,0.8767247553044514,0.04135389678224218,0.8350844854070661,0.8104691007916814,0.024615384615384633
exploration,pick_coke_can,97,0,0.1552297194901302,0.22588377846136146,0.9156700908072085,0.9032216813194055,0.012448409487803014,0.9743589743589745,0.9259259259259259,0.048433048433048444
exploration,pick_coke_can,97,1,0.44819683950988093,0.5188508984811122,0.8367127222030679,0.9655147734296086,-0.12880205122654056,0.849002849002849,0.9743589743589745,-0.12535612535612536
exploration,pick_coke_can,97,2,0.18031072136329354,0.2509647803345248,0.9478055161093972,0.9500605892634892,-0.0022550731540920133,0.9476923076923077,0.849002849002849,0.0986894586894587
exploration,pick_coke_can,97,3,0.24871230595866756,0.31936636492989884,0.9818707886368493,0.8025658775086487,0.17930491112820046,0.8992592592592592,0.9476923076923077,-0.048433048433048444
exploration,pick_coke_can,97,4,0.2825745010053559,0.3532285599765872,0.9515654460798307,0.8179214889562793,0.13364395712355145,0.9002849002849004,0.7669515669515671,0.13333333333333333
exploration,pick_coke_can,97,5,0.34293103863498264,0.4135850976062139,0.9946782097093848,1.0,-0.0053217902906151915,0.9259259259259259,1.0,-0.07407407407407407
exploration,pick_coke_can,97,6,0.40411350222178294,0.4747675611930142,0.8982746846524191,0.6915017736342829,0.20677291101813625,0.8262108262108262,0.743956043956044,0.08225478225478229
exploration,pick_coke_can,97,7,0.36789123981876903,0.4385452987900003,0.9904189895053923,0.8306172281576708,0.15980176134772148,0.9259259259259259,0.7660018993352327,0.15992402659069327
exploration,pick_coke_can,97,8,0.457560723669528,0.5282147826407593,0.8578378281915574,0.7355061925784901,0.1223316356130672,0.8992592592592592,0.7412587412587412,0.158000518000518
exploration,pick_coke_can,97,9,0.36662191674684524,0.43727597571807647,0.9043648591847981,0.7797338958137211,0.1246309633710771,0.9743589743589745,0.8032153032153032,0.17114367114367116
exploration,pick_coke_can,97,10,0.356627669245487,0.4272817282167183,0.9041143550941797,0.6108832249761758,0.29323113011800395,0.8736182336182337,0.8032153032153032,0.07040293040293044
exploration,pick_coke_can,97,11,0.2800645485104649,0.3507186074816962,0.9112610447024352,0.5022548742731217,0.40900617042931353,0.8736182336182337,0.6794745484400657,0.19414368517816796
exploration,pick_coke_can,97,12,0.31501635042903625,0.3856704094002676,0.6958759097044777,0.63407955676207,0.061796352942407706,0.8024691358024691,0.7936507936507936,0.008818342151675504
exploration,pick_coke_can,97,13,0.21957776337900756,0.2902318223502388,1.0,0.6528012793834487,0.34719872061655127,1.0,0.7006385696040868,0.2993614303959132
exploration,pick_coke_can,97,14,0.17006037968720156,0.24071443865843287,0.8379502206869934,0.6576668550661084,0.180283365620885,0.8252611585944919,0.5541666666666667,0.27109449192782525
exploration,pick_coke_can,97,15,0.29663042344815715,0.36728448241938844,0.9800007309403563,0.731311690767737,0.2486890401726193,0.9476923076923077,0.7813051146384479,0.16638719305385974
exploration,pick_coke_can,97,16,0.271197552208593,0.3418516111798242,0.7889184046873771,0.7925869564117094,-0.0036685517243324104,0.8498765432098766,0.738733807699325,0.11114273551055161
exploration,pick_coke_can,97,17,0.24019941676717524,0.3108534757384065,0.8828546781653728,0.7700403177445733,0.11281436042079944,0.849002849002849,0.6463560334528076,0.20264681555004138
exploration,pick_coke_can,97,18,0.12405694794962792,0.19471100692085921,0.9179103283257565,0.8774055347097477,0.04050479361600893,0.8544973544973544,0.7826898516553689,0.0718075028419856
exploration,pick_coke_can,97,19,0.2448957372033619,0.3155497961745932,0.9127975884630652,0.9974348291423453,-0.08463724067928002,0.743956043956044,0.9259259259259259,-0.18196988196988198
exploration,pick_coke_can,97,20,0.2992707721123682,0.3699248310835994,0.8400385299105321,0.82060567960347,0.019432850307062027,0.8252611585944919,0.7432098765432099,0.08205128205128205
exploration,pick_coke_can,97,21,0.3051549887939935,0.3758090477652248,0.9186722243577532,0.9007789031566983,0.01789332120105495,0.7804232804232805,0.7432098765432099,0.03721340388007055
exploration,pick_coke_can,97,22,0.3430520591238899,0.4137061180951213,0.9723452321241602,0.9487847052792199,0.023560526844940255,0.7211640211640211,0.7598978288633461,-0.03873380769932496
exploration,pick_coke_can,97,23,0.30449537862507037,0.3751494375963016,0.9452014887066555,0.8240735247776126,0.1211279639290429,0.849002849002849,0.743956043956044,0.10504680504680508
exploration,pick_coke_can,97,24,0.33940768200957017,0.41006174098080145,0.8254662008481669,0.8841257442697487,-0.058659543421581785,0.765874125874126,0.8498765432098766,-0.08400241733575066
exploration,pick_coke_can,97,25,0.23605227191425052,0.30670633088548177,0.9573452008671355,0.9347436838837093,0.0226015169834262,0.7897435897435897,0.7897435897435897,0.0
exploration,pick_coke_can,97,26,0.2130218316728734,0.28367589064410464,0.9122919511943568,0.9580089234673332,-0.045716972272976365,0.7685714285714286,0.8736182336182337,-0.10504680504680508
exploration,pick_coke_can,97,27,0.24158591943662885,0.3122399784078601,0.8152758576536797,0.9694065387401677,-0.1541306810864879,0.9259259259259259,0.8736182336182337,0.05230769230769228
exploration,pick_coke_can,97,28,0.2504186388095438,0.3210726977807751,0.7705812316006698,0.8731205506376511,-0.10253931903698126,0.8666666666666667,0.8736182336182337,-0.006951566951566994
exploration,pick_coke_can,97,29,0.1634961612083681,0.23415022017959938,1.0,0.9974463829372132,0.002553617062786784,1.0,0.9476923076923077,0.05230769230769228
exploration,pick_coke_can,97,30,0.20434065496701867,0.2749947139382499,0.9753162849026044,1.0,-0.02468371509739568,0.9743589743589745,1.0,-0.025641025641025623
exploration,pick_coke_can,97,31,0.16506466007653983,0.23571871904777109,0.9958494872663858,0.9473371361872736,0.04851235107911237,0.9476923076923077,0.9733333333333333,-0.025641025641025623
validation,move_near,0,0,0.13774425571168136,-0.10817482147994406,0.9994801483561141,1.0,-0.0005198516438859787,0.9848484848484849,1.0,-0.015151515151515138
validation,move_near,0,1,0.24494016751407574,-0.0009789096775496924,0.9988122431154887,0.9924927066607964,0.006319536454692372,0.9848484848484849,0.9753086419753086,0.009539842873176219
validation,move_near,0,2,0.30679498540457123,0.060875908212945785,0.9617063982923968,0.9793816719417724,-0.017675273649375527,0.94006734006734,0.9153759820426487,0.024691358024691357
validation,move_near,0,3,0.25273309279610906,0.006814015604483609,0.962503398732903,0.9266776292134805,0.03582576951942262,0.9601571268237935,0.9446532508548012,0.01550387596899224
validation,move_near,0,4,0.30366357192037,0.0577444947287446,0.9754793924593512,0.9632102322945624,0.012269160164788887,0.9545454545454546,0.9446532508548012,0.009892203690653282
validation,move_near,0,5,0.23296944646286674,-0.01294963072875869,0.9467565980691713,0.9130490225492487,0.033707575519922796,0.9446532508548012,0.9298540965207632,0.014799154334038075
validation,move_near,0,6,0.12843531756426038,-0.11748375962736506,0.9933871193155275,0.9644206440614583,0.028966475254069184,0.9693446088794926,0.954866494401378,0.014478114478114498
validation,move_near,0,7,0.00070160633055207,-0.24521747086107337,0.9990781411714708,0.983082041463021,0.01599609970844969,0.9848484848484849,0.9844961240310077,0.0003523608174771005
validation,move_near,0,8,0.06568031643343886,-0.18023876075818657,0.9610813647190906,0.9461096357526025,0.014971728966488055,0.921725561260445,0.9157126823793491,0.006012878881095918
validation,move_near,0,9,0.0017146137601189067,-0.2442044634315065,0.9399031282679903,0.9086202843711731,0.031282843896817236,0.9301751363766867,0.837037037037037,0.09313809933964974
validation,move_near,0,10,0.0832767232942505,-0.16264235389737494,0.8982781781083258,0.8574430559779995,0.04083512213032633,0.9318303811057435,0.8190987993943658,0.11273158171137754
validation,move_near,0,11,0.1093945230275785,-0.13652455416404694,0.9816569121688415,0.907465694185377,0.07419121798346455,0.9601571268237935,0.8054324993240574,0.15472462749973623
validation,move_near,0,12,0.03419260552027884,-0.2117264716713466,0.9898276024109219,0.9068865213554945,0.08294108105542737,0.9157126823793491,0.875561167227834,0.040151515151515195
validation,move_near,0,13,0.09788389758736739,-0.14803517960425808,0.9898977215919516,0.8910585976581146,0.09883912393383702,0.9446532508548012,0.8647803082585691,0.07987294259623216
validation,move_near,0,14,0.009704767984298776,-0.2362143092073267,0.8946183307907751,0.9144541550634555,-0.019835824272680307,0.8711018228259607,0.8404304482735855,0.03067137455237523
validation,move_near,0,15,0.021770166933409874,-0.22414891025821557,0.9676191740094738,0.9296544780497776,0.03796469595969613,0.9545454545454546,0.846086162345184,0.10845929220027055
validation,move_near,0,16,0.059036337560330256,-0.18688273963129517,0.9727601357767365,0.9146242500908032,0.05813588568593312,0.945679012345679,0.9129593810444874,0.0327196313011916
validation,move_near,0,17,0.030090667859570708,-0.21582840933205472,0.9362308571888004,0.9673108179751949,-0.03107996078639456,0.8783068783068783,0.9410178631614424,-0.06271098485456424
validation,move_near,0,18,0.16667469262531573,-0.07924438456630974,0.8375214575441033,0.9039543665438047,-0.06643290899970118,0.8859009771599987,0.8829365079365079,0.0029644692234909176
validation,move_near,0,19,0.12849409396838674,-0.11742498322323873,0.9030601231015107,0.9426108513800692,-0.039550728278558434,0.9446532508548012,0.8875562218890555,0.05709702896574579
validation,move_near,0,20,0.21161396922386888,-0.03430510796775654,0.9346033188661608,0.858772736682745,0.07583058218341583,0.9598047660063164,0.9153759820426487,0.04442878396366771
validation,move_near,0,21,0.12107418647365902,-0.12484489071796641,0.9529815476306026,0.9217407770389944,0.031240770591608197,0.9368770764119602,0.9301751363766867,0.006701940035273357
validation,move_near,0,22,0.09483633258542157,-0.15108274460620388,0.9068651168970624,0.9352775069056483,-0.028412390008585826,0.9163265051367512,0.9153759820426487,0.0009505230941024845
validation,move_near,0,23,0.16143760443232358,-0.08448147275930189,0.9963105685169884,1.0,-0.003689431483011596,0.9753086419753086,1.0,-0.024691358024691357
validation,move_near,0,24,0.1207062863143185,-0.12521279087730694,0.9699233154513811,0.9769606471808148,-0.007037331729433734,0.9598047660063164,0.921725561260445,0.03807920474587142
validation,move_near,0,25,0.12997357470057488,-0.11594550249105055,0.9840356083670146,0.9720165382537925,0.01201907011322223,0.9848484848484849,0.945679012345679,0.039169472502805856
validation,move_near,0,26,0.17073741000891404,-0.0751816671827114,0.9294069820567842,0.9573539836995172,-0.027947001642733005,0.9446532508548012,0.9368770764119602,0.00777617444284114
validation,move_near,0,27,0.16553696910864404,-0.08038210808298138,0.994534474434596,0.9295298495489582,0.06500462488563785,0.9601571268237935,0.9601571268237935,0.0
validation,move_near,0,28,0.13718404667279147,-0.10873503051883397,0.9167931633515892,1.0,-0.08320683664841082,0.9601571268237935,1.0,-0.039842873176206495
validation,move_near,0,29,0.14134529632519863,-0.10457378086642678,0.9343212539576989,0.981405899975199,-0.047084646017500176,0.9601571268237935,0.9601571268237935,0.0
validation,move_near,0,30,0.1511371842490248,-0.09478189294260063,0.9891963144542245,0.9926825091310642,-0.003486194676839638,0.9450056116722784,0.9446532508548012,0.00035236081747706355
validation,move_near,0,31,0.14073057084148138,-0.10518850635014405,0.9364573234679255,0.9534436677378796,-0.01698634426995412,0.906926406926407,0.9446532508548012,-0.03772684392839435
validation,move_near,13,0,0.29450999874307776,0.23763237833566075,0.9995451040678899,0.9995451040678899,0.0,0.9863945578231292,0.9863945578231292,0.0
validation,move_near,13,1,0.3448099010434096,0.2879322806359926,0.9691556475130411,0.9686338088226988,0.0005218386903422431,0.9733333333333333,0.9319501133786847,0.041383219954648554
validation,move_near,13,2,0.2833043620181958,0.22642674161077878,0.9633129094970725,0.9893141138246498,-0.026001204327577354,0.9073347287633001,0.9455555555555555,-0.03822082679225539
validation,move_near,13,3,0.2773119199654662,0.22043429955804925,0.9908947431229708,0.97158989726059,0.019304845862380866,0.9586167800453514,0.918888888888889,0.039727891156462546
validation,move_near,13,4,0.21237501965615369,0.15549739924873668,0.9976545259542934,0.9613757104768211,0.03627881547747228,0.9863945578231292,0.9199999999999999,0.06639455782312924
validation,move_near,13,5,0.27222899406100204,0.21535137365358506,0.9756616098165201,0.9817387053301326,-0.006077095513612722,0.9199999999999999,0.9319501133786847,-0.01195011337868479
validation,move_near,13,6,0.2632230043983796,0.20634538399096258,0.9714677800814151,0.9548214246435353,0.016646355437879883,0.9455555555555555,0.918888888888889,0.026666666666666655
validation,move_near,13,7,0.323585670996042,0.26670805058862507,0.9842242370074868,0.9913154316269089,-0.007091194619422018,0.935112506541078,0.9487179487179488,-0.013605442176870763
validation,move_near,13,8,0.3087223660846388,0.2518447456772218,0.9487044285559234,0.958331615447586,-0.009627186891662606,0.8933333333333334,0.9455555555555555,-0.052222222222222205
validation,move_near,13,9,0.2826784219571596,0.22580080154974258,0.9267138799239402,0.9477888978474659,-0.021075017923525768,0.8992592592592592,0.8377684407096172,0.06149081854964211
validation,move_near,13,10,0.25245970349465735,0.19558208308724034,0.9776813073948311,0.9376388487247324,0.0400424586700987,0.8725925925925925,0.8247619047619047,0.047830687830687814
validation,move_near,13,11,0.31887745271104223,0.2619998323036253,0.929906192936743,0.9676586732904072,-0.03775248035366415,0.8933333333333334,0.8352550663871418,0.05807826694619148
validation,move_near,13,12,0.3357566359457503,0.27887901553833333,0.9769429086147801,0.949685764327049,0.02725714428773111,0.9199999999999999,0.8050574712643678,0.1149425287356322
validation,move_near,13,13,0.2572657970485184,0.20038817664110134,0.9443498403541385,0.9000086316955055,0.04434120865863278,0.9073347287633001,0.8181186957541637,0.08921603300913646
validation,move_near,13,14,0.2841345336947427,0.2272569132873257,0.9814408236132284,0.8629472013809264,0.11849362223230193,0.8933333333333334,0.7276532990818705,0.16568003425146285
validation,move_near,13,15,0.1654964284416787,0.10861880803426172,0.9170710212259924,0.9177751207050818,-0.0007040994790896334,0.8933333333333334,0.7793298059964727,0.11400352733686066
validation,move_near,13,16,0.2791713768911929,0.22229375648377592,0.9339878518294147,0.8887877875820623,0.045200064247352456,0.935112506541078,0.8441025641025641,0.09100994243851386
validation,move_near,13,17,0.24815796015472258,0.19128033974730554,0.9343467158302706,0.9103343245205416,0.024012391309728986,0.918888888888889,0.8324915336236091,0.08639735526527981
validation,move_near,13,18,0.17314207791648642,0.11626445750906943,0.9367114793799008,0.9456113368307671,-0.0088998574508663,0.8451282051282051,0.8687179487179487,-0.023589743589743566
validation,move_near,13,19,0.12519011368721086,0.06831249327979386,0.9601905505158838,0.9625280108978284,-0.0023374603819447115,0.9319501133786847,0.8817791732077446,0.05017094017094018
validation,move_near,13,20,0.15451455338204098,0.09763693297462399,0.9968569086535263,0.9454845409213025,0.051372367732223645,0.9733333333333333,0.8633786848072562,0.10995464852607713
validation,move_near,13,21,0.27804554877442894,0.22116792836701193,0.9047992065875236,0.92151068678685,-0.016711480199326445,0.9586167800453514,0.8633786848072562,0.09523809523809523
validation,move_near,13,22,0.16607340328490475,0.10919578287748777,0.9719081612805661,0.9723748133037237,-0.0004666520231576543,0.9319501133786847,0.9063945578231292,0.025555555555555554
validation,move_near,13,23,0.19967682871232514,0.14279920830490814,0.9909642217308691,0.9504485486658986,0.04051567306497047,0.9597278911564625,0.8817244846656611,0.07800340649080147
validation,move_near,13,24,0.2050789748525438,0.14820135444512683,0.9995311459671662,0.9637971044900304,0.035734041477135735,0.9863945578231292,0.9063945578231292,0.08
validation,move_near,13,25,0.20645967133788345,0.14958205093046642,0.9859304599135168,0.9842240316111273,0.00170642830238954,0.9597278911564625,0.935112506541078,0.024615384615384633
validation,move_near,13,26,0.11227003958951352,0.055392419182096524,0.9852445932247983,0.9546904910062258,0.030554102218572392,0.918888888888889,0.918888888888889,0.0
validation,move_near,13,27,0.19131337983050248,0.1344357594230855,0.9884972048174493,0.9825347987134941,0.005962406103955191,0.9863945578231292,0.9319501133786847,0.05444444444444444
validation,move_near,13,28,0.11945859923343981,0.0625809788260228,0.9951508948311214,0.9527169478036129,0.04243394702750847,0.9586167800453514,0.9455555555555555,0.01306122448979589
validation,move_near,13,29,0.18624889957660806,0.12937127916919106,0.9952098567829162,0.9637120913760584,0.031497765406857815,0.9597278911564625,0.918888888888889,0.04083900226757368
validation,move_near,13,30,0.13900435388025648,0.0821267334728395,0.9864137099402192,0.9269058389313378,0.059507871008881254,0.9733333333333333,0.8817791732077446,0.09155416012558874
validation,move_near,13,31,0.15176459563735792,0.09488697522994094,0.945078015867738,0.9831887764951799,-0.03811076062744186,0.8817791732077446,0.9073347287633001,-0.025555555555555554
validation,move_near,89,0,0.2478894232995719,0.09756828030154235,1.0,1.0,0.0,1.0,1.0,0.0
validation,move_near,89,1,0.32850089898684887,0.17817975598881933,0.9837232004375672,0.9808244429966261,0.0028987574409412207,0.9687215857428623,0.9687215857428623,0.0
validation,move_near,89,2,0.24887333353430885,0.09855219053627932,0.9964734913816761,0.9875888769290637,0.008884614452612313,0.947888252409529,0.947888252409529,0.0
validation,move_near,89,3,0.20470105000712535,0.05437990700909583,0.9951500013448501,0.8701869484422668,0.12496305290258325,0.9620726495726496,0.9147241647241646,0.04734848484848486
validation,move_near,89,4,0.19120025515344055,0.04087911215541104,0.9898734012393917,0.9945275608282138,-0.0046541595888220195,0.9620726495726496,0.947888252409529,0.014184397163120551
validation,move_near,89,5,0.190894440687617,0.04057329768958744,0.8743658260746175,0.8989338630144345,-0.024568036939816833,0.9454115624328391,0.9318181818181818,0.013593380614657239
validation,move_near,89,6,0.2835594040193228,0.13323826102129324,0.9632358090614103,0.9720780996056186,-0.00884229054420845,0.9316489361702128,0.9212563230420373,0.010392613128175484
validation,move_near,89,7,0.1988612322492674,0.04854008925123782,0.824964724172372,0.8773830478347072,-0.052418323662335196,0.9180555555555555,0.9223235393448159,-0.00426798378926041
validation,move_near,89,8,0.2753429344161125,0.125021791418083,0.9275551543004729,0.9539326592083288,-0.026377504907855915,0.9180555555555555,0.9303861788617885,-0.01233062330623306
validation,move_near,89,9,0.29217854491161993,0.14185740191359042,0.9317573500482825,0.8999144747064829,0.03184287534179964,0.9269920734251147,0.851579656252745,0.07541241717236975
validation,move_near,89,10,0.2789945267635665,0.12867338376553694,0.9567284325885183,0.9283915412145541,0.028336891373964074,0.9342948717948718,0.8699991452604693,0.06429572653440248
validation,move_near,89,11,0.31596134416022276,0.16564020116219322,0.7874545479892406,0.7350922417226485,0.05236230626659203,0.847251258226868,0.7795670995670996,0.0676841586597684
validation,move_near,89,12,0.30464617162954644,0.1543250286315169,0.9793601553569968,0.935807228630789,0.04355292672620784,0.9454115624328391,0.9342948717948718,0.011116690637967275
validation,move_near,89,13,0.21573287199118055,0.06541172899315102,0.9712182933832838,0.9131155157862557,0.05810277759702812,0.9283175453388219,0.896631074627961,0.03168647071086095
validation,move_near,89,14,0.2513395961797594,0.10101845318172979,0.9793841368884552,0.8482965922553533,0.13108754463310177,0.947888252409529,0.7994614512471655,0.14842680116236348
validation,move_near,89,15,0.2196392370603122,0.06931809406228263,0.8618647268477795,0.8459192393049936,0.01594548754278587,0.9026084010840107,0.860479797979798,0.04212860310421285
validation,move_near,89,16,0.28248656551015744,0.1321654225121279,0.9610226760977133,0.9452029832301795,0.01581969286753393,0.9120782290995058,0.8494726935801534,0.06260553551935222
validation,move_near,89,17,0.20019360440854383,0.0498724614105143,0.939483184191885,0.8328596312027624,0.10662355298912259,0.9147241647241646,0.8368680805655595,0.07785608415860516
validation,move_near,89,18,0.21077709653914603,0.0604559535411165,0.9727686239910333,0.9108819756167819,0.06188664837425147,0.896631074627961,0.8683261183261183,0.02830495630184267
validation,move_near,89,19,0.1921667094609225,0.04184556646289298,0.9738393697372745,0.9756312037357909,-0.0017918339985164566,0.9120782290995058,0.8984848484848484,0.013593380614657239
validation,move_near,89,20,0.21068237130825576,0.06036122831022624,0.9823449477501706,0.9331912949924384,0.04915365275773217,0.9283175453388219,0.9283175453388219,0.0
validation,move_near,89,21,0.16030049192933146,0.009979348931301915,0.9159729722266937,0.9678472994350126,-0.051874327208318936,0.9147241647241646,0.9425019425019424,-0.02777777777777779
validation,move_near,89,22,0.17395388826022398,0.023632745262194426,0.9477067287679822,0.983131071890972,-0.03542434312298981,0.9342948717948718,0.9283175453388219,0.005977326456049832
validation,move_near,89,23,0.1949761998528234,0.044655056854793825,0.9827988143128668,0.983820467425804,-0.0010216531129372635,0.9342948717948718,0.9649822695035462,-0.030687397708674347
validation,move_near,89,24,0.15192192674302588,0.001600783744996337,0.948224938561375,0.9379983130935706,0.010226625467804284,0.8854462997320139,0.9014902060114826,-0.01604390627946861
validation,move_near,89,25,0.20484742646896545,0.0545262834709359,0.9753646149371472,0.9560915042730955,0.019273110664051685,0.9620726495726496,0.947888252409529,0.014184397163120551
validation,move_near,89,26,0.1850436434638397,0.03472250046581012,0.9776376750092611,0.9723641250611972,0.005273549948064023,0.9649822695035462,0.9342948717948718,0.030687397708674347
validation,move_near,89,27,0.15665354240501525,0.006332399406985721,0.9877277316786023,0.9944670916706516,-0.006739359992049147,0.947888252409529,0.947888252409529,0.0
validation,move_near,89,28,0.17062309759213679,0.020301954594107264,0.9765951700530972,0.991659211766548,-0.015064041713450771,0.9591836734693877,0.947888252409529,0.011295421059858738
validation,move_near,89,29,0.19073153816089042,0.04041039516286085,0.9804505112061331,0.9906932507179665,-0.010242739511833446,0.9687215857428623,0.9687215857428623,0.0
validation,move_near,89,30,0.20969958368994668,0.05937844069191713,0.9985214314017199,0.9927167765381935,0.0058046548635264,0.982905982905983,0.9524822695035461,0.03042371340243677
validation,move_near,89,31,0.18772559657189883,0.03740445357386927,0.983997404319787,0.9952740872117823,-0.011276682891995385,0.9620726495726496,0.9687215857428623,-0.0066489361702127825
validation,open_drawer,0,0,0.20085151752356356,0.19346477137919496,0.9896591420019117,1.0,-0.01034085799808826,0.983739837398374,1.0,-0.016260162601626032
validation,open_drawer,0,1,0.3008951394529738,0.29350839330860523,0.9708822124247766,0.9731622440881238,-0.002280031663347263,0.9537037037037037,0.9722222222222222,-0.018518518518518528
validation,open_drawer,0,2,0.2144825476603264,0.20709580151595783,0.9682861785846576,0.9998185662218312,-0.03153238763717359,0.9652213188798555,0.983739837398374,-0.018518518518518528
validation,open_drawer,0,3,0.1589082398086298,0.1515214936642612,0.9850373550206569,0.8696919687173784,0.11534538630327844,0.9374435411020777,0.8552948552948553,0.08214868580722234
validation,open_drawer,0,4,0.23970305986956827,0.23231631372519967,0.9841863669029824,0.9844110704019201,-0.00022470349893773575,0.9281481481481482,0.9199260235845602,0.008222124563587988
validation,open_drawer,0,5,0.29230954592529546,0.2849227997809269,0.9650402399042691,0.9046547473916086,0.06038549251266053,0.9199260235845602,0.7884996304508499,0.13142639313371018
validation,open_drawer,0,6,0.2244968076278775,0.2171100614835089,0.8775229020665098,0.9352230371008133,-0.05770013503430357,0.9304065040650406,0.8777749251176722,0.05263157894736844
validation,open_drawer,0,7,0.3369692928252869,0.3295825466809183,0.9552118375255345,0.9676128841817161,-0.012401046656181544,0.8728123728123728,0.7327619581614536,0.1400504146509193
validation,open_drawer,0,8,0.415244376570731,0.40785763042636236,0.8895633099925983,0.8957574958460227,-0.006194185853424498,0.8882982419567785,0.8038095238095239,0.08448871814725474
validation,open_drawer,0,9,0.27072410679000813,0.26333736064563956,0.9578107245468269,0.8213060231014925,0.13650470144533453,0.9149206349206348,0.8384406920992286,0.07647994282140624
validation,open_drawer,0,10,0.3644349117124368,0.35704816556806823,0.9968349704402275,0.9764730490386136,0.02036192140161393,0.9281481481481482,0.8016410719662752,0.12650707618187293
validation,open_drawer,0,11,0.37478109399611287,0.3673943478517443,0.9679586054889633,0.903440488692626,0.06451811679633719,0.9199260235845602,0.6897860593512767,0.2301399642332834
validation,open_drawer,0,12,0.24689990975720466,0.23951316361283606,0.8785184444421249,0.9505463212187691,-0.07202787677664431,0.8930976430976431,0.8173596593108788,0.07573798378676429
validation,open_drawer,0,13,0.30006107149057976,0.29267432534621113,0.9736917769338084,0.950645989674097,0.023045787259711403,0.8120606394033865,0.8470731707317073,-0.035012531328320794
validation,open_drawer,0,14,0.34078203642185567,0.3333952902774871,0.935323076248855,0.8640215858450278,0.0713014904038272,0.9322179322179323,0.8721001221001221,0.060117810117810144
validation,open_drawer,0,15,0.2818121733217276,0.274425427177359,0.9514683177964515,0.9823639696730878,-0.03089565187663627,0.8964021164021164,0.9038461538461537,-0.007444037444037432
validation,open_drawer,0,16,0.27726365017663374,0.2698769040322652,0.9195621830233391,0.9520153434381772,-0.03245316041483807,0.9304065040650406,0.8777749251176722,0.05263157894736844
validation,open_drawer,0,17,0.2678445235860806,0.260457777441712,0.8904404716566295,0.9705595419740645,-0.08011907031743508,0.9118879855465222,0.9118879855465222,0.0
validation,open_drawer,0,18,0.20458561725898675,0.1971988711146182,0.9066584937687853,0.7081813626337433,0.19847713113504203,0.8486029889538661,0.8849744052996086,-0.036371416345742404
validation,open_drawer,0,19,0.28093178322991846,0.27354503708554984,0.9700212494773176,0.8516790657566912,0.1183421837206265,0.9199260235845602,0.8943704680290047,0.025555555555555554
validation,open_drawer,0,20,0.24011426292113344,0.23272751677676484,0.9274920361645117,0.8983902290540512,0.029101807110460582,0.8964021164021164,0.873079015367877,0.023323101034239364
validation,open_drawer,0,21,0.2644980899520493,0.2571113438076808,0.9789219367894546,0.9659675297677617,0.01295440702169289,0.8882982419567785,0.9195906432748537,-0.03129240131807524
validation,open_drawer,0,22,0.22318420436405137,0.21579745821968277,0.8949887785212999,0.9274647235176992,-0.03247594499639935,0.9118879855465222,0.8943704680290047,0.01751751751751751
validation,open_drawer,0,23,0.1970576187403933,0.1896708725960247,0.8644123675221337,0.91263790366632,-0.04822553614418642,0.9118879855465222,0.9466666666666667,-0.03477868112014456
validation,open_drawer,0,24,0.19580342530553044,0.18841667916116187,0.9528661540987641,0.9222595957877656,0.030606558310998455,0.9304065040650406,0.8552948552948553,0.07511164877018532
validation,open_drawer,0,25,0.17842857493880682,0.17104182879443827,0.9797308171695321,0.9164523973765495,0.06327841979298277,0.9374435411020777,0.9537037037037037,-0.016260162601626032
validation,open_drawer,0,26,0.2020519539402635,0.1946652077958949,0.9840764836125481,0.9522022536364045,0.031874229976143566,0.9374435411020777,0.9559620596205961,-0.018518518518518528
validation,open_drawer,0,27,0.21724946124691372,0.20986271510254517,0.8902671232062122,0.8959521798216955,-0.005685056615483204,0.8882982419567785,0.9118879855465222,-0.023589743589743566
validation,open_drawer,0,28,0.1870076949424537,0.1796209487980851,0.9378800529147013,0.9709450891212513,-0.03306503620654996,0.9374435411020777,0.9361861861861862,0.0012573549158914805
validation,open_drawer,0,29,0.17099679597684267,0.16361004983247407,0.8982226311860927,0.9060534488151432,-0.007830817629050505,0.8788845988845989,0.8964021164021164,-0.01751751751751751
validation,open_drawer,0,30,0.16462099658126136,0.1572342504368928,0.9560027358614006,0.9859030610077212,-0.02990032514632061,0.947703801362338,0.9374435411020777,0.010260260260260279
validation,open_drawer,0,31,0.19025949741071024,0.18287275126634164,0.9929462536445461,0.9763161625520657,0.016630091092480554,0.9559620596205961,0.9118879855465222,0.04407407407407408
validation,open_drawer,1,0,0.28553666015498486,0.05815611014779463,0.9969335966143317,1.0,-0.0030664033856682518,0.9824561403508771,1.0,-0.017543859649122823
validation,open_drawer,1,1,0.4151040816210139,0.18772353161382374,0.9716142073976869,1.0,-0.02838579260231307,0.9616228070175438,1.0,-0.038377192982456156
validation,open_drawer,1,2,0.5011180998807129,0.27373754987352267,0.9876132088447432,0.9139482227724168,0.07366498607232637,0.9453626444159178,0.8752424046541694,0.07012023976174846
validation,open_drawer,1,3,0.4370945380186316,0.2097139880114414,0.9377364346744764,0.8747102854608754,0.06302614921360099,0.9433357969943336,0.8918865791930807,0.051449217801252854
validation,open_drawer,1,4,0.44581883189714855,0.21843828188995837,0.9983828862557945,0.9673589781774625,0.031023908078332035,0.9824561403508771,0.983739837398374,-0.001283697047496794
validation,open_drawer,1,5,0.4509754497227371,0.2235948997155469,0.9913474309713095,0.9380880341301666,0.05325939684114297,0.9151111791105672,0.7594780932611758,0.15563308584939128
validation,open_drawer,1,6,0.38008681870046696,0.15270626869327678,0.9855810485956028,0.9941694970609993,-0.0085884484653966,0.9507101086048454,0.9453626444159178,0.00534746418892762
validation,open_drawer,1,7,0.3444423189275556,0.11706176892036542,0.955331062857525,0.986777882227832,-0.03144681937030706,0.9218500797448166,0.9132326007326007,0.008617479012215842
validation,open_drawer,1,8,0.24390652134601634,0.016525971338826145,0.9380418718999589,0.953169333836925,-0.01512746193696605,0.929876775271512,0.8875487329434698,0.042328042328042326
validation,open_drawer,1,9,0.310949721594748,0.08356917158755776,0.9679614813535387,0.9518056083310124,0.01615587302252634,0.929876775271512,0.8875487329434698,0.042328042328042326
validation,open_drawer,1,10,0.3644052079801919,0.1370246579730017,0.9826176700889127,0.9385267951729492,0.04409087491596327,0.9130843316889828,0.8671023965141611,0.04598193517482163
validation,open_drawer,1,11,0.2883437493059848,0.060963199298794575,0.891280363873883,0.8706647797849376,0.02061558408894537,0.8431098617145129,0.742601111750048,0.10050874996446497
validation,open_drawer,1,12,0.3932547678717409,0.16587421786455075,0.9799794208843231,0.9174574397410634,0.06252198114325969,0.9495518032103397,0.8443897884356995,0.10516201477464031
validation,open_drawer,1,13,0.3772367956271972,0.14985624562000707,0.9770406424424793,0.9450853557189633,0.03195528672351585,0.9474206349206349,0.8788962975009488,0.06852433741968626
validation,open_drawer,1,14,0.3733909615401369,0.14601041153294667,0.9879429618463273,0.8861734391839073,0.10176952266242008,0.9259259259259259,0.8309409888357256,0.09498493709020028
validation,open_drawer,1,15,0.3550596803630232,0.12767913035583298,0.9543375704041711,0.9531096383778711,0.0012279320263000049,0.9507101086048454,0.8984670045716557,0.05224310403318969
validation,open_drawer,1,16,0.2920278509788817,0.0646473009716915,0.9445974748721001,0.9725468714439969,-0.02794939657189684,0.9010167464114832,0.8778499278499279,0.02316681856155541
validation,open_drawer,1,17,0.2914493883702032,0.06406883836301297,0.8891662432804169,0.9701007945089404,-0.08093455122852351,0.8814460393407763,0.8604768084932243,0.02096923084755183
validation,open_drawer,1,18,0.3091829118240339,0.08180236181684371,0.9624064330062952,0.9678538224140705,-0.0054473894077752645,0.8984670045716557,0.8826550387596899,0.01581196581196583
validation,open_drawer,1,19,0.32341542848263277,0.09603487847544258,0.9589736123838052,0.9651562353866354,-0.006182623002830345,0.8630843316889828,0.8594304388422035,0.0036538928467793053
validation,open_drawer,1,20,0.3072439317595232,0.07986338175233294,0.9805286678299542,0.9739288538647727,0.0065998139651816485,0.8978658536585366,0.8196248196248197,0.07824103403371696
validation,open_drawer,1,21,0.2593721644079079,0.03199161440071769,0.9649156116237142,0.8059851045860714,0.15893050703764275,0.9132326007326007,0.8936618936618936,0.019570707070707072
validation,open_drawer,1,22,0.30961902499220156,0.08223847498501133,0.9835587174194379,0.9878151153664317,-0.004256397946993766,0.9254079254079254,0.910306068200805,0.015101857207120392
validation,open_drawer,1,23,0.33597664529177096,0.10859609528458077,0.9733314168175835,0.9771799454530061,-0.003848528635422732,0.910306068200805,0.9433357969943336,-0.033029728793528536
validation,open_drawer,1,24,0.32376352278785125,0.09638297278066103,0.9896501618838837,0.9929474025175494,-0.0032972406336658024,0.9433357969943336,0.9453626444159178,-0.002026847421584247
validation,open_drawer,1,25,0.3843147859381218,0.15693423593093156,0.9891712641912532,0.8368127102253423,0.15235855396591091,0.9616228070175438,0.910306068200805,0.051316738816738816
validation,open_drawer,1,26,0.36049678844849425,0.13311623844130413,0.8104719023057977,0.9684390058362814,-0.1579671035304838,0.9453626444159178,0.929876775271512,0.015485869144405714
validation,open_drawer,1,27,0.341942089657725,0.1145615396505348,0.9779020603613975,0.9916964041571367,-0.01379434379573922,0.9132326007326007,0.9449786324786325,-0.031746031746031744
validation,open_drawer,1,28,0.3309991345886371,0.10361858458144689,1.0,0.8127368846296811,0.18726311537031903,1.0,0.9257919373452107,0.07420806265478926
validation,open_drawer,1,29,0.33762721076767804,0.11024666076048788,0.9869525346475175,0.99068400058749,-0.0037314659399723484,0.9616228070175438,0.9791666666666666,-0.017543859649122823
validation,open_drawer,1,30,0.3866971681603471,0.15931661815315692,0.9880713979657405,0.9885261794282383,-0.00045478146249781454,0.9616228070175438,0.9257919373452107,0.0358308696723331
validation,open_drawer,1,31,0.37470030839658436,0.14731975838939418,0.9035789573471901,0.9749348605165232,-0.07135590316933309,0.9474206349206349,0.9132326007326007,0.03418803418803418
validation,open_drawer,2,0,0.19496406322843715,0.1574696674990315,1.0,1.0,0.0,1.0,1.0,0.0
validation,open_drawer,2,1,0.24084780830910532,0.20335341257969963,0.8408280801989968,0.8408280801989968,0.0,0.9507101086048454,0.9507101086048454,0.0
validation,open_drawer,2,2,0.1928302673486705,0.15533587161926485,0.9669350506311357,0.9323277176798158,0.03460733295131998,0.9352062326358532,0.9204070783018151,0.014799154334038075
validation,open_drawer,2,3,0.2228273150225563,0.18533291929315066,0.9916575755775265,0.9884311383464883,0.003226437231038141,0.966952264381885,0.9204070783018151,0.04654518608006982
validation,open_drawer,2,4,0.2373666950856539,0.19987229935624826,0.8242031428122006,0.9651956473586153,-0.14099250454641477,0.9352062326358532,0.9352062326358532,0.0
validation,open_drawer,2,5,0.20211395387532635,0.1646195581459207,0.9809867384068002,0.9600398271980167,0.020946911208783447,0.9507101086048454,0.8640373637778932,0.08667274482695231
validation,open_drawer,2,6,0.22747199024947698,0.18997759452007132,0.9879740680473096,0.9762762659279874,0.011697802119322254,0.966952264381885,0.9352062326358532,0.031746031746031744
validation,open_drawer,2,7,0.1410762344041541,0.10358183867474846,0.9796661447142568,0.9211556256792619,0.05851051903499482,0.9062656641604009,0.7888888888888889,0.1173767752715121
validation,open_drawer,2,8,0.17387316301788336,0.13637876728847773,0.981001706999001,0.8946457481303383,0.08635595886866261,0.9521531100478469,0.817699797551335,0.13445331249651168
validation,open_drawer,2,9,0.1954302961770655,0.15793590044765982,0.897006893308772,0.9767201686753371,-0.07971327536656507,0.9090909090909092,0.9037629037629037,0.005328005328005332
validation,open_drawer,2,10,0.16898475914753353,0.13149036341812786,0.9581985346404962,0.8366883587594173,0.12151017588107893,0.8827404479578392,0.7755757780024716,0.10716466995536762
validation,open_drawer,2,11,0.08986938892970897,0.05237499320030333,0.965269418329736,0.8890349989890293,0.07623441934070678,0.8324989518853734,0.7378946185821817,0.09460433330319151
validation,open_drawer,2,12,0.19792533218508687,0.1604309364556812,0.9356107448335597,0.8787142804889273,0.05689646434463232,0.8915470494417863,0.844949494949495,0.046597554492291304
validation,open_drawer,2,13,0.22785629349669875,0.1903618977672931,0.9697896333548918,0.9022182713069316,0.06757136204796022,0.952750092284976,0.7900318133616118,0.16271827892336413
validation,open_drawer,2,14,0.14336311548042147,0.10586871975101582,0.984929542873375,0.8541487373613849,0.1307808055119901,0.9238095238095237,0.8299088445429909,0.0939006792665329
validation,open_drawer,2,15,0.25822018228394333,0.22072578655453765,0.9821829232910791,0.9887741322933663,-0.00659120900228712,0.9196969696969696,0.8449276821369844,0.07476928755998524
validation,open_drawer,2,16,0.3115091794302581,0.2740147837008524,0.8099917095114937,0.7818674406366082,0.028124268874885616,0.9062656641604009,0.8299088445429909,0.07635681961741007
validation,open_drawer,2,17,0.27181986682276044,0.23432547109335475,0.9844066428217083,0.9611419541009244,0.02326468872078402,0.9027500922849759,0.8625322997416021,0.04021779254337395
validation,open_drawer,2,18,0.273175082123493,0.23568068639408732,0.9730871349982344,0.9724796037264682,0.0006075312717661226,0.9355089355089355,0.8729102875444338,0.06259864796450161
validation,open_drawer,2,19,0.3025219153641857,0.26502751963478005,0.9885446840869335,0.9791030374444171,0.009441646642516455,0.9503080898429737,0.8738095238095238,0.07649856603344977
validation,open_drawer,2,20,0.24346868895290155,0.2059742932234959,0.9751114678961795,0.8844346189789395,0.09067684891724,0.8444444444444444,0.8920289855072463,-0.04758454106280193
validation,open_drawer,2,21,0.2552347720895776,0.217740376360172,0.9800668462768384,0.9386040246481757,0.04146282162866277,0.9027500922849759,0.8444444444444444,0.05830564784053157
validation,open_drawer,2,22,0.32810428230755684,0.29060988657815123,0.8557402815013725,0.9908875715127881,-0.13514729001141543,0.9500000000000001,0.966952264381885,-0.016952264381884945
validation,open_drawer,2,23,0.2055565558548941,0.16806216012548844,0.9403146357048429,0.9198340141449893,0.020480621559853602,0.9196969696969696,0.8903318903318903,0.029365079365079372
validation,open_drawer,2,24,0.24353309376160784,0.2060386980322022,0.9659957498725401,0.9858751818633432,-0.019879431990803147,0.9503080898429737,0.9503080898429737,0.0
validation,open_drawer,2,25,0.2778926611230306,0.24039826539362497,0.9671035535596076,0.9522908948053638,0.014812658754243757,0.9185620580969419,0.9185620580969419,0.0
validation,open_drawer,2,26,0.2648650595476216,0.2273706638182159,0.9528196975656775,0.9438788036578619,0.008940893907815642,0.9204070783018151,0.9352062326358532,-0.014799154334038075
validation,open_drawer,2,27,0.27646999550036505,0.2389755997709594,0.9879286526092383,0.9900177456413619,-0.0020890930321236048,0.966952264381885,0.952750092284976,0.01420217209690892
validation,open_drawer,2,28,0.27457527818635247,0.2370808824569468,0.996653291625048,0.9648582161858906,0.03179507543915731,0.9824561403508771,0.934065934065934,0.048390206284943095
validation,open_drawer,2,29,0.235040584054541,0.19754618832513535,0.9662198876530094,0.9126116789280977,0.05360820872491171,0.9521531100478469,0.934065934065934,0.018087175981912784
validation,open_drawer,2,30,0.24373303505110058,0.20623863932169492,0.9860869905709299,0.994163705837937,-0.008076715267007225,0.9844961240310077,0.9521531100478469,0.0323430139831609
validation,open_drawer,2,31,0.25775850278169926,0.2202641070522936,0.9868257778615913,0.9883724058592152,-0.0015466279976239135,0.9521531100478469,0.9658119658119658,-0.01365885576411896
validation,pick_coke_can,3,0,0.1335464050037497,-0.05649172636605158,1.0,0.9975616209374234,0.002438379062576601,1.0,0.9866666666666667,0.013333333333333345
validation,pick_coke_can,3,1,0.36092257447928233,0.17088444310948103,0.9646978357795167,0.9891930296932645,-0.02449519391374777,0.9489207868155236,0.9824561403508771,-0.03353535353535353
validation,pick_coke_can,3,2,0.38206644557999403,0.1920283142101927,0.9363794569211766,0.9800628820646243,-0.04368342514344766,0.9194661547602724,0.9738562091503268,-0.054390054390054364
validation,pick_coke_can,3,3,0.17927116601184814,-0.010766965357953148,0.9795355916800162,0.9832361512694328,-0.0037005595894166188,0.9824561403508771,0.9299071207430339,0.05254901960784316
validation,pick_coke_can,3,4,0.18244329719656815,-0.007594834173233145,0.9157679184025816,0.8897905929176116,0.025977325484969893,0.9622541201488569,0.8702075702075702,0.09204654994128676
validation,pick_coke_can,3,5,0.17940869319815697,-0.010629438171644337,0.8812294442636497,0.9400076319515889,-0.058778187687939076,0.884640522875817,0.9346405228758169,-0.05000000000000001
validation,pick_coke_can,3,6,0.32469509948765923,0.1346569681178579,0.9784686078727955,0.8624883812524065,0.11598022662038913,0.9299071207430339,0.9004524886877827,0.02945463205525123
validation,pick_coke_can,3,7,0.15216586896447268,-0.037872262405328615,0.9091710850456834,0.7561624762642382,0.15300860878144532,0.9194661547602724,0.8454291979101812,0.0740369568500913
validation,pick_coke_can,3,8,0.25721079820943477,0.06717266683963348,0.9204108059437935,0.8768506863781336,0.043560119565660006,0.9132629462041226,0.8634920634920635,0.04977088271205917
validation,pick_coke_can,3,9,0.25813049727000864,0.06809236590020734,0.901443133426786,0.8333048446240022,0.06813828880278368,0.887099567099567,0.811372348581651,0.0757272185179162
validation,pick_coke_can,3,10,0.22065875629382256,0.030620624924021272,0.9080671629333534,0.8507486826767262,0.05731848025662708,0.9047789156148288,0.8425426774483379,0.06223623816649104
validation,pick_coke_can,3,11,0.20069288155995432,0.010654750190153031,0.9279295959221385,0.8403805572039716,0.08754903871816688,0.884640522875817,0.7819964349376113,0.10264408793820556
validation,pick_coke_can,3,12,0.22868722224648894,0.03864909087668764,0.9625575692983545,0.9322164128695342,0.030341156428820255,0.9164646464646465,0.868515205724508,0.04794944074013844
validation,pick_coke_can,3,13,0.2219636962561785,0.03192556488637721,0.9322446872362717,0.8316892297154275,0.1005554575208442,0.8991694923583468,0.8667133520074697,0.03245614035087718
validation,pick_coke_can,3,14,0.27647521833529454,0.08643708696549325,0.7921254741702191,0.8674087465600567,-0.07528327238983772,0.8017636684303352,0.8162621692033456,-0.01449850077301055
validation,pick_coke_can,3,15,0.426849985343374,0.23681185397357266,0.9795767938475528,0.8463260327234442,0.13325076112410872,0.9047789156148288,0.8552754435107376,0.049503472104091305
validation,pick_coke_can,3,16,0.3283590044741827,0.13832087310438143,0.8738294186007383,0.8364353249869135,0.037394093613824696,0.884640522875817,0.8604040404040404,0.024236482471776566
validation,pick_coke_can,3,17,0.2571873744065584,0.06714924303675712,0.9232985149872807,0.8645819326050924,0.05871658238218828,0.9322766122766123,0.9036541889483066,0.028622423328305707
validation,pick_coke_can,3,18,0.26852918979236756,0.07849105842256622,0.8669773411931364,0.8649154982720035,0.0020618429211329836,0.8913364413364414,0.8572821248574476,0.03405431647899367
validation,pick_coke_can,3,19,0.23454927858745392,0.044511147217652626,0.9501079516264778,0.9103785978856779,0.039729353740799965,0.8762818141286509,0.9119396547400519,-0.03565784061140098
validation,pick_coke_can,3,20,0.1973892677915694,0.007351136421768083,0.8253781607883011,0.8588240046779667,-0.03344584388966557,0.8501184350240955,0.8483131855224878,0.0018052495016075791
validation,pick_coke_can,3,21,0.13218088099079864,-0.057857250379002655,0.9421271299242577,0.7788474880756432,0.1632796418486146,0.9036541889483066,0.9036541889483066,0.0
validation,pick_coke_can,3,22,0.10891532912166142,-0.08112280224813989,0.8694438973025317,0.9300347710802622,-0.0605908737777305,0.9014239960581424,0.8913364413364414,0.010087554721701086
validation,pick_coke_can,3,23,0.11811889464961806,-0.07191923672018324,0.8937641686047854,0.9838489831789273,-0.09008481457414197,0.884640522875817,0.9691228070175438,-0.08448228414172687
validation,pick_coke_can,3,24,0.0780265979585937,-0.11201153341120758,0.9549713842025832,0.9861025292415478,-0.031131145038964525,0.9238562091503267,0.9691228070175438,-0.04526659786721706
validation,pick_coke_can,3,25,0.08604656962591511,-0.10399156174388619,0.9856388379723579,0.9925132877221098,-0.006874449749751895,0.9194661547602724,0.9413364413364413,-0.021870286576168924
validation,pick_coke_can,3,26,0.05674965408682247,-0.13328847728297885,0.9556301789505416,0.9799881023193945,-0.024357923368853045,0.8952954802011406,0.9456099456099456,-0.05031446540880502
validation,pick_coke_can,3,27,0.10758657409432078,-0.0824515572754805,0.9904997834842185,1.0,-0.009500216515781479,0.9474509803921568,1.0,-0.05254901960784316
validation,pick_coke_can,3,28,0.11552346746119709,-0.07451466390860421,0.9324640174070676,0.9916382254388748,-0.05917420803180721,0.9132629462041226,0.9622541201488569,-0.048991173944734324
validation,pick_coke_can,3,29,0.08689923794994318,-0.10313889341985812,0.9783031733004162,0.9851952267228632,-0.006892053422447031,0.9036541889483066,0.9164646464646465,-0.012810457516339876
validation,pick_coke_can,3,30,0.09120659673470298,-0.0988315346350983,0.9904815364099219,0.990525886685795,-4.435027587312845e-05,0.9361103292991837,0.9563123495012039,-0.020202020202020183
validation,pick_coke_can,3,31,0.17533987376094898,-0.01469825760885233,0.9211776958784431,0.9301439465235172,-0.008966250645074022,0.8991694923583468,0.9664646464646465,-0.06729515410629965
validation,pick_coke_can,5,0,0.46081085211533485,0.5790944583472937,0.9657049167855282,1.0,-0.0342950832144718,0.9523809523809524,1.0,-0.04761904761904764
validation,pick_coke_can,5,1,0.5193313543948095,0.6376149606267684,0.9799450818592906,1.0,-0.020054918140709515,0.9333333333333332,1.0,-0.06666666666666665
validation,pick_coke_can,5,2,0.13004515043091125,0.24832875666287013,0.8645339131265567,1.0,-0.1354660868734434,0.9111111111111111,1.0,-0.0888888888888889
validation,pick_coke_can,5,3,0.38879721284541763,0.5070808190773765,0.8243443490004106,0.9014636204583906,-0.07711927145798003,0.8023809523809523,0.7954545454545454,0.006926406926406929
validation,pick_coke_can,5,4,0.2912610264583723,0.40954463269033115,0.8720844110662592,0.6853265697154796,0.18675784135077966,0.9523809523809524,0.6375661375661376,0.3148148148148148
validation,pick_coke_can,5,5,0.2613014118873363,0.3795850181192952,0.9403225819443817,0.8172229066320158,0.12309967531236587,0.7851851851851852,0.7954545454545454,-0.010269360269360242
validation,pick_coke_can,5,6,0.47166621235474016,0.589949818586699,0.9787223287226433,0.8446549318777993,0.13406739684484406,0.8690476190476191,0.8444444444444444,0.02460317460317459
validation,pick_coke_can,5,7,0.29284870679030933,0.4111323130222682,0.8500150102008779,0.9088111011421534,-0.058796090941275504,0.85,0.8444444444444444,0.005555555555555573
validation,pick_coke_can,5,8,0.5390218434848751,0.657305449716834,0.9752994058024949,0.9444514844115438,0.03084792139095094,0.9111111111111111,0.8083333333333332,0.10277777777777775
validation,pick_coke_can,5,9,0.5250373492250725,0.6433209554570314,0.9165589853564863,0.876075803808687,0.04048318154779925,0.8690476190476191,0.7611111111111111,0.10793650793650793
validation,pick_coke_can,5,10,0.5419289904885057,0.6602125967204646,0.9009607996414412,0.7982260447872229,0.10273475485421835,0.762962962962963,0.7314814814814815,0.03148148148148148
validation,pick_coke_can,5,11,0.5055830886366205,0.6238666948685795,0.8468319594998036,0.7538142337445212,0.0930177257552826,0.7954545454545454,0.6648148148148149,0.13063973063973064
validation,pick_coke_can,5,12,0.4650780793025919,0.5833616855345507,0.9729405128186138,0.9143393433460547,0.058601169472559035,0.9523809523809524,0.8083333333333332,0.144047619047619
validation,pick_coke_can,5,13,0.38245739686336777,0.5007410030953267,1.0,0.9102010622692718,0.08979893773072826,1.0,0.7481481481481481,0.2518518518518518
validation,pick_coke_can,5,14,0.44444910933548304,0.5627327155674421,0.8091637540169442,0.7802044898441635,0.028959264172780608,0.8023809523809523,0.7894736842105262,0.01290726817042607
validation,pick_coke_can,5,15,0.43417992396404115,0.552463530196,0.9859304788824604,0.8543732153493099,0.13155726353315045,0.8690476190476191,0.8444444444444444,0.02460317460317459
validation,pick_coke_can,5,16,0.40393541361180096,0.5222190198437598,0.9558387202521036,0.8820090038001629,0.07382971645194077,0.8023809523809523,0.725,0.07738095238095237
validation,pick_coke_can,5,17,0.29802940599114597,0.41631301222310485,0.8975852276432544,0.8390235747442495,0.05856165289900506,0.8857142857142857,0.7611111111111111,0.1246031746031746
validation,pick_coke_can,5,18,0.3862433087056532,0.5045269149376121,0.8183200451068694,0.9105025770284124,-0.09218253192154298,0.7065656565656565,0.8444444444444444,-0.1378787878787879
validation,pick_coke_can,5,19,0.2660489077885198,0.38433251402047874,0.9178123063723098,0.9276772393467746,-0.009864932974464854,0.8444444444444444,0.8690476190476191,-0.02460317460317459
validation,pick_coke_can,5,20,0.14578341811469397,0.2640670243466529,0.9439164630829456,0.9409581869068796,0.0029582761760660325,0.8023809523809523,0.8023809523809523,0.0
validation,pick_coke_can,5,21,0.2586475553638232,0.37693116159578205,0.8845657126272838,0.7942340857913789,0.09033162683590483,0.8311688311688311,0.7898989898989899,0.04126984126984127
validation,pick_coke_can,5,22,0.26564573290283505,0.383929339134794,0.8521911168916815,0.9802368947146927,-0.12804577782301121,0.8083333333333332,0.9523809523809524,-0.144047619047619
validation,pick_coke_can,5,23,0.27834109727057216,0.39662470350253104,0.962306557717016,0.995456754599766,-0.033150196882750005,0.8690476190476191,0.9523809523809524,-0.08333333333333333
validation,pick_coke_can,5,24,0.2466890935580548,0.36497269979001373,0.8987798226683245,0.9607594456973635,-0.06197962302903907,0.7611111111111111,0.8277777777777778,-0.06666666666666665
validation,pick_coke_can,5,25,0.43931239629626684,0.5575960025282257,0.761944974918543,0.8012224213292755,-0.03927744641073242,0.8311688311688311,0.7898989898989899,0.04126984126984127
validation,pick_coke_can,5,26,0.3734468690857089,0.4917304753176677,0.9328705766252008,0.9418348145179839,-0.008964237892783075,0.8023809523809523,0.9523809523809524,-0.15
validation,pick_coke_can,5,27,0.22460522717075249,0.3428888334027113,0.9781843464559835,0.9959537509375035,-0.01776940448151994,0.8042328042328043,0.9166666666666666,-0.11243386243386244
validation,pick_coke_can,5,28,0.24187618320185578,0.36015978943381466,0.9413679995205104,0.8891784244974149,0.052189575023095514,0.7375661375661376,0.8023809523809523,-0.06481481481481481
validation,pick_coke_can,5,29,0.24950762033208393,0.36779122656404284,0.957955014268972,0.9507111799369413,0.007243834332030759,0.9523809523809524,0.9523809523809524,0.0
validation,pick_coke_can,5,30,0.3138811763166281,0.432164782548587,0.9170705057120787,0.9878218558305171,-0.07075135011843836,0.8023809523809523,0.9523809523809524,-0.15
validation,pick_coke_can,5,31,0.2810892294300223,0.39937283566198123,0.9925198687502298,0.8405928127567344,0.15192705599349543,0.9166666666666666,0.85,0.06666666666666665
validation,pick_coke_can,95,0,0.31672329585005454,0.1319451500386205,1.0,0.9983989265758665,0.0016010734241335145,1.0,0.9883040935672515,0.011695906432748537
validation,pick_coke_can,95,1,0.276967286809879,0.09218914099844495,0.9676558694645756,0.9541575719927863,0.013498297471789433,0.8903441191576785,0.9276980329611909,-0.03735391380351235
validation,pick_coke_can,95,2,0.13293209334949185,-0.05184605246194218,0.9961730720316627,1.0,-0.0038269279683372424,0.9618599791013583,1.0,-0.03814002089864158
validation,pick_coke_can,95,3,0.24038205058243814,0.0556039047710041,1.0,0.9905823693742569,0.009417630625743042,1.0,0.9242424242424243,0.07575757575757573
validation,pick_coke_can,95,4,0.44267030358588394,0.25789215777444996,0.969217273804333,0.9221553134242993,0.04706196038003363,0.9393939393939394,0.8659003831417623,0.07349355625217698
validation,pick_coke_can,95,5,0.392977160064127,0.2081990142526929,0.9019068356090022,0.9087856542023333,-0.006878818593331097,0.8507488679902472,0.8771929824561403,-0.026444114465893048
validation,pick_coke_can,95,6,0.39237101648133205,0.20759287066989804,0.9343069759526627,0.9035872575856626,0.03071971836700012,0.9125465178096758,0.8475633528265107,0.06498316498316503
validation,pick_coke_can,95,7,0.5703310878490535,0.3855529420376194,0.7251790400930832,0.6763690014082907,0.048810038684792445,0.8362707535121329,0.8080138252552045,0.028256928256928233
validation,pick_coke_can,95,8,0.42044366813310435,0.23566552232167037,0.9367010332190601,0.6359207691288704,0.30078026409018965,0.8620173734396284,0.7188879157865816,0.14312945765304694
validation,pick_coke_can,95,9,0.4719057133751523,0.2871275675637182,0.9882210618671833,0.48920984815674656,0.4990112137104368,0.8903441191576785,0.6796547081650433,0.21068941099263538
validation,pick_coke_can,95,10,0.22520627726696593,0.04042813145553192,0.964644791998464,0.7591271017745403,0.2055176902239236,0.9012539184952978,0.7509303561935141,0.15032356230178373
validation,pick_coke_can,95,11,0.5007269137128632,0.3159487679014291,0.9694840042300381,0.4557536148306544,0.5137303893993836,0.8729271727772477,0.625,0.24792717277724774
validation,pick_coke_can,95,12,0.23168808730594845,0.046909941494514384,0.7574831599395474,0.8697078961248089,-0.11222473618526152,0.7582311408398364,0.7297977151242008,0.02843342571563569
validation,pick_coke_can,95,13,0.17701118582817418,-0.007766959983259862,0.9568995854547536,0.8117048982447428,0.14519468721001091,0.9075670498084291,0.6853448275862069,0.22222222222222224
validation,pick_coke_can,95,14,0.40327008456353347,0.21849193875209938,0.9745284692430204,0.594625410702752,0.37990305854026846,0.9335332333833083,0.6873501751797898,0.24618305820351852
validation,pick_coke_can,95,15,0.2678779101881634,0.08309976437672938,0.9461723267308292,0.8230137425793327,0.12315858415149646,0.9012539184952978,0.7459958748094341,0.15525804368586368
validation,pick_coke_can,95,16,0.31148899964043153,0.12671085382899752,0.9588990532449938,0.9573627645255925,0.0015362887194013315,0.8867758040171833,0.875866004679564,0.0109097993376193
validation,pick_coke_can,95,17,0.26588921952222133,0.0811110737107873,0.9024689284920973,0.7638162827613876,0.13865264573070957,0.9120772946859903,0.8009661835748793,0.11111111111111112
validation,pick_coke_can,95,18,0.1699911929773581,-0.014786952834075958,0.9153443166603298,0.94892835395112,-0.033584037290790146,0.8224221222721972,0.9012539184952978,-0.07883179622310062
validation,pick_coke_can,95,19,0.29307127026643137,0.10829312445499732,0.9035863164752871,0.8999451695261499,0.0036411469491371604,0.8980684033315612,0.8737373737373737,0.0243310295941875
validation,pick_coke_can,95,20,0.21262380599748706,0.02784566018605303,0.8618244776842232,0.9463544437025934,-0.08452996601837011,0.8091627944892802,0.8620173734396284,-0.052854578950348285
validation,pick_coke_can,95,21,0.21103721032831668,0.02625906451688266,0.950411090254089,0.9141641402185599,0.03624695003552906,0.9586744639376218,0.7909796788515324,0.16769478508608945
validation,pick_coke_can,95,22,0.26619449248959,0.08141634667815595,0.9739718928233315,0.9467234479743126,0.027248444849018966,0.9012539184952978,0.8659003831417623,0.035353535353535394
validation,pick_coke_can,95,23,0.309849344689616,0.125071198878182,0.9956219573142048,0.922380540058877,0.0732414172553278,0.9097643097643098,0.9242424242424243,-0.014478114478114498
validation,pick_coke_can,95,24,0.19182315094745786,0.007045005136023834,0.9579417555047084,0.9582570308381847,-0.00031527533347626885,0.8362707535121329,0.9315665049147692,-0.0952957514026364
validation,pick_coke_can,95,25,0.2574492835199584,0.07267113770852436,0.9165214735837517,0.8844708570996774,0.03205061648407422,0.8709604443087086,0.8080138252552045,0.06294661905350403
validation,pick_coke_can,95,26,0.21912433456798378,0.034346188756549746,0.928097879109573,0.9491932047745227,-0.02109532566494976,0.8959156785243741,0.9097643097643098,-0.01384863123993559
validation,pick_coke_can,95,27,0.3584747242679609,0.1736965784565269,0.847860482570031,0.8476907633963778,0.00016971917365316003,0.8888888888888888,0.9125465178096758,-0.02365762892078686
validation,pick_coke_can,95,28,0.28054990264031177,0.09577175682887773,0.9194975249246023,0.9276488894624878,-0.008151364537885378,0.8867758040171833,0.8737373737373737,0.01303843027980959
validation,pick_coke_can,95,29,0.42282525733868503,0.23804711152725097,0.8074617205546958,0.9790319343330941,-0.17157021377839843,0.8867758040171833,0.8980684033315612,-0.011292599314377908
validation,pick_coke_can,95,30,0.36245632369477887,0.17767817788334486,0.9379156564762708,0.956284425771979,-0.01836876929570826,0.8867758040171833,0.9125465178096758,-0.025770713792492406
validation,pick_coke_can,95,31,0.3255171883431877,0.1407390425317537,0.9451566388605116,0.9759412549892895,-0.03078461612877792,0.9164054336468129,0.8620173734396284,0.05438806020718453
validation,pick_coke_can,99,0,0.045329641926162643,-0.05118879628358816,0.9934649998054517,1.0,-0.006535000194548298,0.9841269841269842,1.0,-0.01587301587301589
validation,pick_coke_can,99,1,0.18810209761345842,0.0915836594037076,0.9923468249921208,0.9938533133899429,-0.00150648839782197,0.9166666666666666,0.9841269841269842,-0.06746031746031744
validation,pick_coke_can,99,2,0.07306975121163017,-0.02344868699812065,0.7510845925278639,0.8063528174757257,-0.0552682249478618,0.9007936507936508,0.8425925925925926,0.05820105820105818
validation,pick_coke_can,99,3,0.20776226313378934,0.11124382492403855,0.7256706144359114,0.7708181439372117,-0.04514752950130039,0.8212121212121213,0.8212121212121213,0.0
validation,pick_coke_can,99,4,0.1810352075375682,0.08451676932781738,0.8479498723789697,0.6720154784803288,0.17593439389864085,0.8949181739879414,0.724074074074074,0.17084409991386737
validation,pick_coke_can,99,5,-0.009910587225028493,-0.10642902543477929,0.9925648993630273,0.9871308344318918,0.005434064931135518,0.9689922480620154,0.9259259259259259,0.04306632213608955
validation,pick_coke_can,99,6,0.21450320540140044,0.11798476719164967,0.9287517149970225,0.9180646186453779,0.01068709635164459,0.8425925925925926,0.7467700258397932,0.09582256675279932
validation,pick_coke_can,99,7,0.37277267313971013,0.2762542349299593,0.9142410414717753,0.6992272763249465,0.21501376514682888,0.8267195767195767,0.5445232466509062,0.2821963300686705
validation,pick_coke_can,99,8,0.3436634112350531,0.24714497302530225,0.796924001167767,0.7533791990857565,0.04354480208201043,0.8949181739879414,0.6107744107744107,0.28414376321353063
validation,pick_coke_can,99,9,0.16818405673042006,0.07166561852066923,0.8653531693256311,0.8454038673189851,0.01994930200664602,0.7038407329105003,0.7523255813953488,-0.048484848484848485
validation,pick_coke_can,99,10,0.19243179103952968,0.09591335282977886,0.9803308175016042,0.8153707275217915,0.1649600899798127,0.9407407407407407,0.7971380471380471,0.1436026936026936
validation,pick_coke_can,99,11,0.25706457314052944,0.16054613493077863,0.9765308870732841,0.780068458646483,0.19646242842680106,0.9100529100529101,0.7053140096618358,0.20473890039107426
validation,pick_coke_can,99,12,0.2520329116235612,0.15551447341381033,0.9308682256264572,0.8690802262445421,0.06178799938191504,0.9007936507936508,0.811584840654608,0.0892088101390427
validation,pick_coke_can,99,13,0.32946455873214175,0.23294612052239097,0.7549621401444851,0.8918763213596034,-0.13691418121511825,0.7378787878787879,0.8507936507936508,-0.1129148629148629
validation,pick_coke_can,99,14,0.31086200530135055,0.2143435670915997,0.9885895676615379,0.8753701135421469,0.11321945411939116,0.8712121212121212,0.6623847167325428,0.20882740447957837
validation,pick_coke_can,99,15,0.33083650842517104,0.23431807021542028,0.9462024184190777,0.853155356800254,0.09304706161882359,0.8507936507936508,0.8356589147286821,0.015134736064968624
validation,pick_coke_can,99,16,0.27413658936477775,0.17761815115502697,0.6981640725770341,0.9193743681579427,-0.22121029558090852,0.7378787878787879,0.8442028985507246,-0.10632411067193677
validation,pick_coke_can,99,17,0.3576766626907055,0.26115822448095477,0.9614264438221908,0.6566130474224109,0.3048133963997799,0.9100529100529101,0.673063973063973,0.23698893698893697
validation,pick_coke_can,99,18,0.26881099861847274,0.1722925604087219,0.8414707555094402,0.8658367213559327,-0.024365965846492643,0.6592592592592592,0.7971380471380471,-0.1378787878787879
validation,pick_coke_can,99,19,0.33287997481107606,0.23636153660132522,0.8250199813274333,0.8805070120124109,-0.05548703068497762,0.7378787878787879,0.8356589147286821,-0.09778012684989427
validation,pick_coke_can,99,20,0.31299920604255566,0.21648076783280482,0.9141812318231085,0.5779544449196686,0.33622678690343993,0.811584840654608,0.7833333333333333,0.028251507321274755
validation,pick_coke_can,99,21,0.2572040221256369,0.16068558391588614,0.9843772212724815,0.8835107753077861,0.10086644596469556,0.9841269841269842,0.7971380471380471,0.18698893698893695
validation,pick_coke_can,99,22,0.2263517570278983,0.1298333188181475,0.8569211017599893,0.8770323504925512,-0.020111248732561943,0.8856589147286821,0.811584840654608,0.07407407407407407
validation,pick_coke_can,99,23,0.27085982454222507,0.17434138633247429,0.7741782704220426,0.7899835793861846,-0.015805308964141968,0.8856589147286821,0.9007936507936508,-0.015134736064968624
validation,pick_coke_can,99,24,0.22851178380191536,0.13199334559216455,0.9966607306047462,0.9138535724998235,0.08280715810492283,0.9841269841269842,0.8804713804713805,0.10365560365560363
validation,pick_coke_can,99,25,0.25806567349904497,0.16154723528929413,0.9663633595512695,1.0,-0.03363664044873046,0.9007936507936508,1.0,-0.09920634920634923
validation,pick_coke_can,99,26,0.3256686702266132,0.22915023201686238,0.9312060284748944,0.928253317126647,0.002952711348247372,0.9166666666666666,0.8856589147286821,0.031007751937984513
validation,pick_coke_can,99,27,0.17662537200448256,0.08010693379473172,1.0,0.9658089899523876,0.034191010047612415,1.0,0.9007936507936508,0.09920634920634923
validation,pick_coke_can,99,28,0.26568805483690133,0.1691696166271505,0.9975677020749595,0.9958666999857377,0.0017010020892217852,0.9841269841269842,0.9545454545454546,0.02958152958152956
validation,pick_coke_can,99,29,0.24712018608688732,0.15060174787713648,0.9978278508644153,0.7593041758126873,0.23852367505172797,0.9841269841269842,0.9007936507936508,0.08333333333333333
validation,pick_coke_can,99,30,0.310788718995358,0.2142702807856072,0.8734782312072588,0.9536644756009568,-0.08018624439369797,0.811584840654608,0.8949181739879414,-0.08333333333333333
validation,pick_coke_can,99,31,0.28380971859375237,0.18729128038400158,0.9913284181262775,1.0,-0.008671581873722523,0.9689922480620154,1.0,-0.031007751937984513
