state_id,task,seed,split,layer,top_alignment,top_minus_random,synonym_residual_cosine,target_residual_cosine,semantic_separation,synonym_mask_jaccard,target_mask_jaccard,mask_jaccard_separation
google_robot_move_near__seed000__step008,move_near,0,validation,0,0.4522247957127605,0.26066735745905406,0.9984404450683421,1.0,-0.001559554931657936,0.9545454545454546,1.0,-0.045454545454545414
google_robot_move_near__seed000__step008,move_near,0,validation,1,0.3931549709660323,0.2015975327123259,0.9964367293464661,1.0,-0.003563270653533901,0.9545454545454546,1.0,-0.045454545454545414
google_robot_move_near__seed000__step008,move_near,0,validation,2,0.42111702170127346,0.22955958344756705,0.8947925453402662,0.9900821411549758,-0.09528959581470964,0.9111111111111111,0.9111111111111111,0.0
google_robot_move_near__seed000__step008,move_near,0,validation,3,0.4013525639201771,0.20979512566647068,0.998594373496077,0.9882411724123115,0.010353201083765584,0.9545454545454546,0.9545454545454546,0.0
google_robot_move_near__seed000__step008,move_near,0,validation,4,0.5151910140584562,0.32363357580474983,0.9985705082375259,0.9848359958774656,0.013734512360060291,0.9545454545454546,0.9545454545454546,0.0
google_robot_move_near__seed000__step008,move_near,0,validation,5,0.38499761963668994,0.19344018138298352,0.9120218979368652,0.945069856413085,-0.033047958476219885,0.9545454545454546,0.9545454545454546,0.0
google_robot_move_near__seed000__step008,move_near,0,validation,6,0.43096766030976336,0.23941022205605694,0.9967770992374781,0.9712753911379597,0.02550170809951846,0.9545454545454546,0.9111111111111111,0.04343434343434349
google_robot_move_near__seed000__step008,move_near,0,validation,7,0.2852853992594482,0.09372796100574177,0.9972344235144123,1.0,-0.0027655764855877285,0.9545454545454546,1.0,-0.045454545454545414
google_robot_move_near__seed000__step008,move_near,0,validation,8,0.36868211280438307,0.17712467455067665,0.9840767705481076,0.9684863362764675,0.015590434271640086,0.9545454545454546,0.9545454545454546,0.0
google_robot_move_near__seed000__step008,move_near,0,validation,9,0.24410320192024357,0.052545763666537154,0.9463900474200136,0.9614627547424525,-0.015072707322438816,0.9111111111111111,0.9111111111111111,0.0
google_robot_move_near__seed000__step008,move_near,0,validation,10,0.40403690849303847,0.21247947023933206,0.7299238171283395,0.7501840079159269,-0.02026019078758734,0.8695652173913043,0.7551020408163265,0.11446317657497784
google_robot_move_near__seed000__step008,move_near,0,validation,11,0.6229500637596898,0.43139262550598334,0.995125505231346,0.9535484597296343,0.04157704550171171,0.9545454545454546,0.8297872340425532,0.12475822050290142
google_robot_move_near__seed000__step008,move_near,0,validation,12,0.3539580678069394,0.16240062955323298,0.9972989678226765,0.8412991227246933,0.15599984509798315,0.9545454545454546,0.7916666666666666,0.16287878787878796
google_robot_move_near__seed000__step008,move_near,0,validation,13,0.4248509029357191,0.23329346468201267,0.9892718220522259,0.72645469909349,0.2628171229587358,0.9545454545454546,0.9111111111111111,0.04343434343434349
google_robot_move_near__seed000__step008,move_near,0,validation,14,0.19495388703711747,0.0033964487834110546,0.8325871552711891,0.8368531564230457,-0.004266001151856602,0.9111111111111111,0.6862745098039216,0.22483660130718952
google_robot_move_near__seed000__step008,move_near,0,validation,15,0.15867878000426475,-0.03287865824944167,0.9927108533676322,0.8850955000308859,0.10761535333674632,0.9545454545454546,0.7916666666666666,0.16287878787878796
google_robot_move_near__seed000__step008,move_near,0,validation,16,0.3888048135084403,0.1972473752547339,0.9341988905410545,0.8211444024186788,0.11305448812237573,0.9111111111111111,0.8297872340425532,0.08132387706855793
google_robot_move_near__seed000__step008,move_near,0,validation,17,0.2177733735280247,0.026215935274318286,0.9593096050884905,0.9121148291411005,0.047194775947389966,0.9111111111111111,0.8695652173913043,0.04154589371980677
google_robot_move_near__seed000__step008,move_near,0,validation,18,0.31953220406238697,0.12797476580868056,0.675236928891816,0.7756860403568754,-0.10044911146505942,0.9111111111111111,0.7916666666666666,0.11944444444444446
google_robot_move_near__seed000__step008,move_near,0,validation,19,0.2920196384581161,0.10046220020440971,0.7863571493102673,0.942289668545447,-0.1559325192351797,0.9545454545454546,0.8695652173913043,0.08498023715415026
google_robot_move_near__seed000__step008,move_near,0,validation,20,0.40657647489530063,0.21501903664159422,1.0,0.8272249448969591,0.17277505510304092,1.0,0.9111111111111111,0.0888888888888889
google_robot_move_near__seed000__step008,move_near,0,validation,21,0.3343436622684697,0.14278622401476326,1.0,0.8087931545429069,0.1912068454570931,1.0,0.9111111111111111,0.0888888888888889
google_robot_move_near__seed000__step008,move_near,0,validation,22,0.30747171647612287,0.11591427822241646,0.8413361702618256,0.8323316227803569,0.009004547481468728,0.8695652173913043,0.9111111111111111,-0.04154589371980677
google_robot_move_near__seed000__step008,move_near,0,validation,23,0.34313865261407356,0.15158121436036714,1.0,1.0,0.0,1.0,1.0,0.0
google_robot_move_near__seed000__step008,move_near,0,validation,24,0.25657687389617184,0.06501943564246543,1.0,0.997983936741869,0.0020160632581309734,1.0,0.9545454545454546,0.045454545454545414
google_robot_move_near__seed000__step008,move_near,0,validation,25,0.294265827303741,0.1027083890500346,0.952106825101044,0.9529610111932643,-0.0008541860922202105,0.9545454545454546,0.9111111111111111,0.04343434343434349
google_robot_move_near__seed000__step008,move_near,0,validation,26,0.2898386330668319,0.09828119481312547,0.8092359966272431,1.0,-0.1907640033727569,0.9545454545454546,1.0,-0.045454545454545414
google_robot_move_near__seed000__step008,move_near,0,validation,27,0.31191940734791834,0.12036196909421193,0.9952299909534507,0.8002161162965371,0.19501387465691356,0.9545454545454546,0.9545454545454546,0.0
google_robot_move_near__seed000__step008,move_near,0,validation,28,0.2333308556596169,0.04177341740591048,0.8657735924798593,1.0,-0.1342264075201407,0.9545454545454546,1.0,-0.045454545454545414
google_robot_move_near__seed000__step008,move_near,0,validation,29,0.26465948572743353,0.07310204747372712,0.8557662072795237,0.9970201453320242,-0.14125393805250053,0.9545454545454546,0.9545454545454546,0.0
google_robot_move_near__seed000__step008,move_near,0,validation,30,0.2613611183484686,0.06980368009476218,1.0,0.9921371090408786,0.007862890959121405,1.0,0.9545454545454546,0.045454545454545414
google_robot_move_near__seed000__step008,move_near,0,validation,31,0.25842300700192533,0.06686556874821892,0.9916074465340078,0.8841230685250944,0.10748437800891342,0.9545454545454546,0.9545454545454546,0.0
google_robot_move_near__seed000__step040,move_near,0,validation,0,0.12831215220066292,-0.01707564898146935,1.0,1.0,0.0,1.0,1.0,0.0
google_robot_move_near__seed000__step040,move_near,0,validation,1,0.23021502585908557,0.0848272246769533,1.0,0.977478119982389,0.022521880017611018,1.0,0.9259259259259259,0.07407407407407407
google_robot_move_near__seed000__step040,move_near,0,validation,2,0.16622833544995533,0.020840534267823063,1.0,0.9868041252357599,0.013195874764240112,1.0,0.9259259259259259,0.07407407407407407
google_robot_move_near__seed000__step040,move_near,0,validation,3,0.16803091028874081,0.02264310910660855,0.888915822702632,0.888915822702632,0.0,0.9259259259259259,0.9259259259259259,0.0
google_robot_move_near__seed000__step040,move_near,0,validation,4,0.08696173003610679,-0.05842607114602548,1.0,0.9288828139193642,0.07111718608063577,1.0,0.9259259259259259,0.07407407407407407
google_robot_move_near__seed000__step040,move_near,0,validation,5,0.13171374720733495,-0.013674053974797318,0.938401797108774,0.9927041096948525,-0.05430231258607843,0.9259259259259259,0.9259259259259259,0.0
google_robot_move_near__seed000__step040,move_near,0,validation,6,0.03732552381662168,-0.10806227736551058,1.0,1.0,0.0,1.0,1.0,0.0
google_robot_move_near__seed000__step040,move_near,0,validation,7,0.05191168661971668,-0.09347611456241559,1.0,1.0,0.0,1.0,1.0,0.0
google_robot_move_near__seed000__step040,move_near,0,validation,8,-0.001793312863191205,-0.14718111404532347,0.980901162992812,0.9922888668876388,-0.011387703894826795,0.8571428571428571,0.9259259259259259,-0.06878306878306883
google_robot_move_near__seed000__step040,move_near,0,validation,9,0.142826572986213,-0.0025612281959192518,0.9173785378846611,0.8276864850416151,0.08969205284304593,0.9259259259259259,0.7333333333333333,0.19259259259259265
google_robot_move_near__seed000__step040,move_near,0,validation,10,0.04960943993696976,-0.09577836124516251,0.9649107171966378,0.8895747094915323,0.07533600770510551,0.9259259259259259,0.7931034482758621,0.13282247765006383
google_robot_move_near__seed000__step040,move_near,0,validation,11,0.10771253300667498,-0.037675268175457285,0.9498452312751787,0.88940866340953,0.06043656786564877,0.9259259259259259,0.6774193548387096,0.2485065710872163
google_robot_move_near__seed000__step040,move_near,0,validation,12,0.12949220921780377,-0.015895591964328493,0.9887600698996781,0.9502147161106439,0.03854535378903423,0.9259259259259259,0.9259259259259259,0.0
google_robot_move_near__seed000__step040,move_near,0,validation,13,0.16578557955654663,0.020397778374414366,0.9868929403567135,0.9788261647051408,0.008066775651572655,0.9259259259259259,0.8571428571428571,0.06878306878306883
google_robot_move_near__seed000__step040,move_near,0,validation,14,0.15329703222811283,0.00790923104598057,0.9170730025201039,0.9873675507415914,-0.07029454822148751,0.7931034482758621,0.9259259259259259,-0.13282247765006383
google_robot_move_near__seed000__step040,move_near,0,validation,15,0.08364169119720392,-0.06174610998492834,1.0,0.9621909785600934,0.03780902143990661,1.0,0.7931034482758621,0.2068965517241379
google_robot_move_near__seed000__step040,move_near,0,validation,16,0.08488461568901078,-0.06050318549312149,0.9840815167891547,1.0,-0.015918483210845324,0.9259259259259259,1.0,-0.07407407407407407
google_robot_move_near__seed000__step040,move_near,0,validation,17,0.11656699749674772,-0.028820803685384547,0.8786612689030924,1.0,-0.12133873109690763,0.8571428571428571,1.0,-0.1428571428571429
google_robot_move_near__seed000__step040,move_near,0,validation,18,0.25109200756741645,0.10570420638528419,0.8935887621612473,0.9361770592745385,-0.04258829711329126,0.7931034482758621,0.8571428571428571,-0.064039408866995
google_robot_move_near__seed000__step040,move_near,0,validation,19,0.23902993830670893,0.09364213712457667,0.9883906531411523,0.8855428855947604,0.10284776754639191,0.9259259259259259,0.7931034482758621,0.13282247765006383
google_robot_move_near__seed000__step040,move_near,0,validation,20,0.23657736438344243,0.09118956320131016,0.879033977875081,0.900308050442853,-0.02127407256777203,0.9259259259259259,0.9259259259259259,0.0
google_robot_move_near__seed000__step040,move_near,0,validation,21,0.17619502026321354,0.030807219081081277,0.8791980194951297,0.9841256527469188,-0.10492763325178911,0.8571428571428571,0.9259259259259259,-0.06878306878306883
google_robot_move_near__seed000__step040,move_near,0,validation,22,0.22960891094757244,0.08422110976544017,0.8864926796779441,0.9877828966096889,-0.10129021693174478,0.9259259259259259,0.9259259259259259,0.0
google_robot_move_near__seed000__step040,move_near,0,validation,23,0.19863624442125638,0.053248443239124116,0.9889317055509652,1.0,-0.011068294449034788,0.9259259259259259,1.0,-0.07407407407407407
google_robot_move_near__seed000__step040,move_near,0,validation,24,0.17191403350125345,0.026526232319121185,0.929548483144543,0.9832560375410009,-0.05370755439645791,0.9259259259259259,0.8571428571428571,0.06878306878306883
google_robot_move_near__seed000__step040,move_near,0,validation,25,0.1638294524232837,0.018441651241151436,1.0,0.9630886035681131,0.0369113964318869,1.0,0.9259259259259259,0.07407407407407407
google_robot_move_near__seed000__step040,move_near,0,validation,26,0.22022714649763253,0.07483934531550027,0.9890907721491407,0.8792617988897323,0.10982897325940832,0.9259259259259259,0.8571428571428571,0.06878306878306883
google_robot_move_near__seed000__step040,move_near,0,validation,27,0.22636543145266996,0.0809776302705377,0.9883734323503376,0.9883734323503376,0.0,0.9259259259259259,0.9259259259259259,0.0
google_robot_move_near__seed000__step040,move_near,0,validation,28,0.2171653028057161,0.07177750162358384,0.8846058975749083,1.0,-0.11539410242509174,0.9259259259259259,1.0,-0.07407407407407407
google_robot_move_near__seed000__step040,move_near,0,validation,29,0.18357550949446674,0.03818770831233448,0.9471975545935729,0.9471975545935729,0.0,0.9259259259259259,0.9259259259259259,0.0
google_robot_move_near__seed000__step040,move_near,0,validation,30,0.23070079375066246,0.0853129925685302,0.9876990055434618,0.9913280177970405,-0.0036290122535787006,0.9259259259259259,0.9259259259259259,0.0
google_robot_move_near__seed000__step040,move_near,0,validation,31,0.22084427968558162,0.07545647850344936,0.8327267832088779,0.9865898579903664,-0.15386307478148842,0.8571428571428571,0.9259259259259259,-0.06878306878306883
google_robot_move_near__seed000__step071,move_near,0,validation,0,-0.1673041807783793,-0.5681161729174169,1.0,1.0,0.0,1.0,1.0,0.0
google_robot_move_near__seed000__step071,move_near,0,validation,1,0.11145050571710935,-0.28936148642192827,1.0,1.0,0.0,1.0,1.0,0.0
google_robot_move_near__seed000__step071,move_near,0,validation,2,0.33303959906248487,-0.06777239307655275,0.9903266495369243,0.9612587494345813,0.029067900102342947,0.9090909090909091,0.9090909090909091,0.0
google_robot_move_near__seed000__step071,move_near,0,validation,3,0.1888158041794092,-0.2119961879596284,1.0,0.9028758925254977,0.09712410747450229,1.0,0.9534883720930233,0.046511627906976716
google_robot_move_near__seed000__step071,move_near,0,validation,4,0.3088379716665471,-0.09197402047249054,0.9278676691405279,0.9759118870868573,-0.048044217946329404,0.9090909090909091,0.9534883720930233,-0.044397463002114224
google_robot_move_near__seed000__step071,move_near,0,validation,5,0.18219697254457534,-0.21861501959446228,0.9898460991618752,0.8013731015398085,0.1884729976220667,0.9534883720930233,0.9090909090909091,0.044397463002114224
google_robot_move_near__seed000__step071,move_near,0,validation,6,-0.08298723143360388,-0.4837992235726415,0.9833842587091043,0.9219865410464152,0.06139771766268909,0.9534883720930233,0.9534883720930233,0.0
google_robot_move_near__seed000__step071,move_near,0,validation,7,-0.33509226688750865,-0.7359042590265463,1.0,0.9492461243890632,0.050753875610936805,1.0,0.9534883720930233,0.046511627906976716
google_robot_move_near__seed000__step071,move_near,0,validation,8,-0.16984785064087526,-0.5706598427799129,0.9182661606163521,0.8775537040937013,0.040712456522650875,0.9534883720930233,0.8666666666666667,0.08682170542635659
google_robot_move_near__seed000__step071,move_near,0,validation,9,-0.38178593362609986,-0.7825979257651374,0.9559407994992962,0.9367116133294516,0.019229186169844592,0.9534883720930233,0.8666666666666667,0.08682170542635659
google_robot_move_near__seed000__step071,move_near,0,validation,10,-0.20381617854725673,-0.6046281706862944,1.0,0.9325704505265392,0.0674295494734608,1.0,0.9090909090909091,0.09090909090909094
google_robot_move_near__seed000__step071,move_near,0,validation,11,-0.4024790276836292,-0.8032910198226668,1.0,0.8794399594169668,0.12056004058303316,1.0,0.9090909090909091,0.09090909090909094
google_robot_move_near__seed000__step071,move_near,0,validation,12,-0.38087246046390666,-0.7816844526029443,0.9834237695104111,0.9291457252311464,0.05427804427926475,0.8666666666666667,0.9090909090909091,-0.042424242424242364
google_robot_move_near__seed000__step071,move_near,0,validation,13,-0.29698478973016357,-0.6977967818692012,0.9935284023669152,0.9678949291757126,0.02563347319120257,0.9534883720930233,0.8260869565217391,0.12740141557128415
google_robot_move_near__seed000__step071,move_near,0,validation,14,-0.319136615312334,-0.7199486074513717,0.9341948345810326,0.9191417580257294,0.015053076555303191,0.9090909090909091,0.9090909090909091,0.0
google_robot_move_near__seed000__step071,move_near,0,validation,15,-0.17700997040123903,-0.5778219625402766,0.9101466686607891,0.9416769555583536,-0.03153028689756454,0.9090909090909091,0.9534883720930233,-0.044397463002114224
google_robot_move_near__seed000__step071,move_near,0,validation,16,-0.29658041651646033,-0.6973924086554979,1.0,0.922728347853731,0.07727165214626897,1.0,0.9090909090909091,0.09090909090909094
google_robot_move_near__seed000__step071,move_near,0,validation,17,-0.2440683674460603,-0.6448803595850979,0.9707216975748182,0.9898176247844842,-0.01909592720966602,0.8666666666666667,0.9534883720930233,-0.08682170542635659
google_robot_move_near__seed000__step071,move_near,0,validation,18,-0.0706001337538563,-0.47141212589289394,0.9437386815792471,1.0,-0.05626131842075288,0.9534883720930233,1.0,-0.046511627906976716
google_robot_move_near__seed000__step071,move_near,0,validation,19,-0.14556729485966494,-0.5463792869987025,0.9344325668531125,1.0,-0.06556743314688751,0.9534883720930233,1.0,-0.046511627906976716
google_robot_move_near__seed000__step071,move_near,0,validation,20,-0.00831193160713637,-0.409123923746174,0.9247759787234014,0.8487852147084228,0.07599076401497862,0.9534883720930233,0.9090909090909091,0.044397463002114224
google_robot_move_near__seed000__step071,move_near,0,validation,21,-0.14731612311070616,-0.5481281152497438,0.9797466233966784,0.9723035238271578,0.007443099569520606,0.9534883720930233,0.9534883720930233,0.0
google_robot_move_near__seed000__step071,move_near,0,validation,22,-0.25257162966743063,-0.6533836218064683,0.9927665007514174,0.9857180013268988,0.007048499424518573,0.9534883720930233,0.9090909090909091,0.044397463002114224
google_robot_move_near__seed000__step071,move_near,0,validation,23,-0.05746208373835929,-0.4582740758773969,1.0,1.0,0.0,1.0,1.0,0.0
google_robot_move_near__seed000__step071,move_near,0,validation,24,-0.0663720484544698,-0.46718404059350743,0.9802214632096002,0.9496419672595745,0.030579495950025737,0.9534883720930233,0.9534883720930233,0.0
google_robot_move_near__seed000__step071,move_near,0,validation,25,-0.06817455562530003,-0.4689865477643377,1.0,1.0,0.0,1.0,1.0,0.0
google_robot_move_near__seed000__step071,move_near,0,validation,26,0.0021464504622777103,-0.39866554167675994,0.9898941773939689,0.9928001522088193,-0.0029059748148504427,0.9534883720930233,0.9534883720930233,0.0
google_robot_move_near__seed000__step071,move_near,0,validation,27,-0.04167393147465614,-0.44248592361369377,1.0,1.0,0.0,1.0,1.0,0.0
google_robot_move_near__seed000__step071,move_near,0,validation,28,-0.03894401844695863,-0.4397560105859962,1.0,1.0,0.0,1.0,1.0,0.0
google_robot_move_near__seed000__step071,move_near,0,validation,29,-0.02419910624630432,-0.42501109838534196,1.0,1.0,0.0,1.0,1.0,0.0
google_robot_move_near__seed000__step071,move_near,0,validation,30,-0.03865035935205665,-0.43946235149109425,0.9798899378192117,0.9945824005552734,-0.014692462736061618,0.9090909090909091,0.9534883720930233,-0.044397463002114224
google_robot_move_near__seed000__step071,move_near,0,validation,31,-0.057075574163062824,-0.4578875663021004,0.9850377406608907,0.989618076698178,-0.004580336037287358,0.9090909090909091,0.9534883720930233,-0.044397463002114224
google_robot_move_near__seed001__step008,move_near,1,exploration,0,0.001787812755524314,-0.1418585136692707,1.0,1.0,0.0,1.0,1.0,0.0
google_robot_move_near__seed001__step008,move_near,1,exploration,1,0.18515983925140003,0.04151351282660501,1.0,0.9800886921625581,0.019911307837441883,1.0,0.8947368421052632,0.10526315789473684
google_robot_move_near__seed001__step008,move_near,1,exploration,2,0.005537225343364469,-0.13810910108143054,0.780120447295208,0.8016682896452513,-0.021547842350043256,0.7142857142857143,0.6363636363636364,0.07792207792207795
google_robot_move_near__seed001__step008,move_near,1,exploration,3,0.2328176144058848,0.08917128798108978,0.9219850142618281,0.8541302607516214,0.06785475351020676,0.8947368421052632,0.8947368421052632,0.0
google_robot_move_near__seed001__step008,move_near,1,exploration,4,0.3019545519629237,0.15830822553812868,1.0,0.8641747067553923,0.13582529324460768,1.0,0.8947368421052632,0.10526315789473684
google_robot_move_near__seed001__step008,move_near,1,exploration,5,0.2008556553305502,0.05720932890575517,1.0,1.0,0.0,1.0,1.0,0.0
google_robot_move_near__seed001__step008,move_near,1,exploration,6,0.3188173396356138,0.1751710132108188,1.0,0.9695537620843684,0.030446237915631613,1.0,0.8947368421052632,0.10526315789473684
google_robot_move_near__seed001__step008,move_near,1,exploration,7,0.15329089515980052,0.009644568735005493,0.9420501822076113,0.8532854434083083,0.08876473879930302,0.8947368421052632,0.8,0.09473684210526312
google_robot_move_near__seed001__step008,move_near,1,exploration,8,0.10380069197912878,-0.039845634445666245,0.8578895306913704,0.45163107196578123,0.4062584587255892,0.8,0.8,0.0
google_robot_move_near__seed001__step008,move_near,1,exploration,9,0.17557046346789776,0.031924137043102735,0.995163862907162,0.9355668896656429,0.059596973241519025,0.8947368421052632,0.8947368421052632,0.0
google_robot_move_near__seed001__step008,move_near,1,exploration,10,0.24637706009461102,0.102730733669816,0.9305225498906452,0.6389268952382953,0.29159565465234993,0.8,0.6363636363636364,0.1636363636363637
google_robot_move_near__seed001__step008,move_near,1,exploration,11,0.268485713484864,0.12483938706006897,0.8978444944364651,0.8321734938988544,0.06567100053761066,0.8,0.6363636363636364,0.1636363636363637
google_robot_move_near__seed001__step008,move_near,1,exploration,12,0.23085774649096213,0.08721142006616711,1.0,0.8608430944244989,0.1391569055755011,1.0,0.8,0.19999999999999996
google_robot_move_near__seed001__step008,move_near,1,exploration,13,0.05206282292704578,-0.09158350349774924,0.9086380065128217,0.8999945622471438,0.008643444265677869,0.8947368421052632,0.8,0.09473684210526312
google_robot_move_near__seed001__step008,move_near,1,exploration,14,0.21693713609700938,0.07329080967221435,0.9911121834779855,0.5281285386170977,0.4629836448608877,0.8947368421052632,0.6363636363636364,0.2583732057416268
google_robot_move_near__seed001__step008,move_near,1,exploration,15,0.17401156264126016,0.03036523621646514,0.9944293578749841,0.9442278027062962,0.05020155516868785,0.8947368421052632,0.8,0.09473684210526312
google_robot_move_near__seed001__step008,move_near,1,exploration,16,0.08337671680771148,-0.06026960961708354,0.7842214601595701,0.8090606086554599,-0.024839148495889862,0.8,0.7142857142857143,0.08571428571428574
google_robot_move_near__seed001__step008,move_near,1,exploration,17,0.13448697719747474,-0.009159349227320285,1.0,0.9215453473279783,0.07845465267202167,1.0,0.8,0.19999999999999996
google_robot_move_near__seed001__step008,move_near,1,exploration,18,0.12404076051826919,-0.019605565906525832,0.9530827606924578,0.8527960005596206,0.10028676013283722,0.8947368421052632,0.7142857142857143,0.18045112781954886
google_robot_move_near__seed001__step008,move_near,1,exploration,19,0.05703169563794109,-0.08661463078685394,0.9474222986138005,0.8849154451560008,0.0625068534577996,0.8947368421052632,0.8947368421052632,0.0
google_robot_move_near__seed001__step008,move_near,1,exploration,20,0.07302087929084465,-0.07062544713395037,1.0,1.0,0.0,1.0,1.0,0.0
google_robot_move_near__seed001__step008,move_near,1,exploration,21,0.018635913927933383,-0.12501041249686165,1.0,0.9690330324012647,0.030966967598735295,1.0,0.8,0.19999999999999996
google_robot_move_near__seed001__step008,move_near,1,exploration,22,-0.003270961798262149,-0.14691728822305716,0.8843384091661904,0.8588224710076591,0.02551593815853137,0.8947368421052632,0.8,0.09473684210526312
google_robot_move_near__seed001__step008,move_near,1,exploration,23,0.07378465122613337,-0.06986167519866165,1.0,0.9183787093559564,0.08162129064404355,1.0,0.8947368421052632,0.10526315789473684
google_robot_move_near__seed001__step008,move_near,1,exploration,24,0.07263721607096749,-0.07100911035382754,1.0,0.9849913810148019,0.015008618985198119,1.0,0.8947368421052632,0.10526315789473684
google_robot_move_near__seed001__step008,move_near,1,exploration,25,0.2424059723455209,0.09875964592072586,1.0,0.926052691955098,0.07394730804490202,1.0,0.8947368421052632,0.10526315789473684
google_robot_move_near__seed001__step008,move_near,1,exploration,26,0.1376260650737501,-0.006020261351044914,1.0,0.9745910318602294,0.02540896813977056,1.0,0.8947368421052632,0.10526315789473684
google_robot_move_near__seed001__step008,move_near,1,exploration,27,0.091070210744801,-0.052576115679994026,0.9775137470743247,0.9635148507215462,0.013998896352778512,0.8947368421052632,0.8,0.09473684210526312
google_robot_move_near__seed001__step008,move_near,1,exploration,28,0.06254991081089752,-0.08109641561389751,0.9677005709394169,0.9677005709394169,0.0,0.8947368421052632,0.8947368421052632,0.0
google_robot_move_near__seed001__step008,move_near,1,exploration,29,0.07741795507014194,-0.06622837135465308,0.9713255459922405,0.9644361174132178,0.006889428579022749,0.8947368421052632,0.8,0.09473684210526312
google_robot_move_near__seed001__step008,move_near,1,exploration,30,0.10952463555082831,-0.034121690873966715,1.0,0.9597152951399459,0.04028470486005409,1.0,0.8947368421052632,0.10526315789473684
google_robot_move_near__seed001__step008,move_near,1,exploration,31,0.2071895538769658,0.06354322745217078,1.0,0.97642201967094,0.02357798032906,1.0,0.8947368421052632,0.10526315789473684
google_robot_move_near__seed001__step040,move_near,1,exploration,0,0.7587563939480712,0.5288278142226881,1.0,1.0,0.0,1.0,1.0,0.0
google_robot_move_near__seed001__step040,move_near,1,exploration,1,0.6284555148446624,0.3985269351192794,1.0,1.0,0.0,1.0,1.0,0.0
google_robot_move_near__seed001__step040,move_near,1,exploration,2,0.5923138913324211,0.362385311607038,0.9482646247388972,0.9963630827453853,-0.048098458006488154,0.875,0.9354838709677419,-0.06048387096774188
google_robot_move_near__seed001__step040,move_near,1,exploration,3,0.6451792652304776,0.4152506855050946,1.0,1.0,0.0,1.0,1.0,0.0
google_robot_move_near__seed001__step040,move_near,1,exploration,4,0.6399920143334981,0.410063434608115,1.0,0.9617009273619664,0.03829907263803356,1.0,0.875,0.125
google_robot_move_near__seed001__step040,move_near,1,exploration,5,0.5308922627106901,0.30096368298530707,1.0,1.0,0.0,1.0,1.0,0.0
google_robot_move_near__seed001__step040,move_near,1,exploration,6,0.3175487437239634,0.08762016399858039,0.9094110141116336,1.0,-0.09058898588836639,0.9354838709677419,1.0,-0.06451612903225812
google_robot_move_near__seed001__step040,move_near,1,exploration,7,0.4104775832318542,0.18054900350647116,0.8901152892747359,0.6034724150381537,0.2866428742365822,0.875,0.8181818181818182,0.05681818181818177
google_robot_move_near__seed001__step040,move_near,1,exploration,8,0.6733340664227826,0.44340548669739954,1.0,0.8806286890089755,0.11937131099102449,1.0,0.9354838709677419,0.06451612903225812
google_robot_move_near__seed001__step040,move_near,1,exploration,9,0.33587508438980845,0.10594650466442543,1.0,0.9624811167293575,0.037518883270642456,1.0,0.9354838709677419,0.06451612903225812
google_robot_move_near__seed001__step040,move_near,1,exploration,10,0.32074438351028206,0.09081580378489904,0.9512363527403775,0.7931746070170916,0.1580617457232859,0.9354838709677419,0.875,0.06048387096774188
google_robot_move_near__seed001__step040,move_near,1,exploration,11,0.7119211216195453,0.4819925418941623,0.9289770009507491,0.8187915597029246,0.11018544124782448,0.9354838709677419,0.875,0.06048387096774188
google_robot_move_near__seed001__step040,move_near,1,exploration,12,0.2001255390915536,-0.029803040633829436,0.8344117205365232,0.7963199173325108,0.0380918032040124,0.9354838709677419,0.875,0.06048387096774188
google_robot_move_near__seed001__step040,move_near,1,exploration,13,0.6370603663146263,0.4071317865892432,0.9880745063720128,0.8749071829363743,0.11316732343563851,0.9354838709677419,0.9354838709677419,0.0
google_robot_move_near__seed001__step040,move_near,1,exploration,14,0.510872487285846,0.28094390756046295,0.9469572173347539,0.38770984193222174,0.5592473754025322,0.875,0.8181818181818182,0.05681818181818177
google_robot_move_near__seed001__step040,move_near,1,exploration,15,0.27679829359719443,0.04686971387181141,0.8051992828523757,0.8545255308856108,-0.04932624803323504,0.875,0.875,0.0
google_robot_move_near__seed001__step040,move_near,1,exploration,16,-0.0029892283396538897,-0.23291780806503692,1.0,0.6280599646629895,0.3719400353370105,1.0,0.8181818181818182,0.18181818181818177
google_robot_move_near__seed001__step040,move_near,1,exploration,17,0.25783076534690585,0.02790218562152283,0.9443702313748031,0.9181608225357447,0.026209408839058423,0.9354838709677419,0.875,0.06048387096774188
google_robot_move_near__seed001__step040,move_near,1,exploration,18,-0.03922334346501031,-0.2691519231903933,0.9083083777970257,0.7772294918000929,0.13107888599693274,0.9354838709677419,0.875,0.06048387096774188
google_robot_move_near__seed001__step040,move_near,1,exploration,19,0.14352734311643,-0.08640123660895302,1.0,0.8184028400054025,0.18159715999459747,1.0,0.875,0.125
google_robot_move_near__seed001__step040,move_near,1,exploration,20,0.15643531011961465,-0.07349326960576838,0.960076697404022,0.9221917535502532,0.03788494385376884,0.9354838709677419,0.875,0.06048387096774188
google_robot_move_near__seed001__step040,move_near,1,exploration,21,0.0927690965030672,-0.13715948322231583,0.9912905668778009,1.0,-0.008709433122199073,0.9354838709677419,1.0,-0.06451612903225812
google_robot_move_near__seed001__step040,move_near,1,exploration,22,-0.0412221409346884,-0.2711507206600714,1.0000000000000002,0.7689163993951835,0.2310836006048167,1.0,0.875,0.125
google_robot_move_near__seed001__step040,move_near,1,exploration,23,0.17126099659951444,-0.05866758312586859,0.9955427380618803,0.992001880604522,0.0035408574573583262,0.9354838709677419,0.9354838709677419,0.0
google_robot_move_near__seed001__step040,move_near,1,exploration,24,0.12144517879605965,-0.10848340092932338,1.0,0.9821608312659059,0.01783916873409408,1.0,0.9354838709677419,0.06451612903225812
google_robot_move_near__seed001__step040,move_near,1,exploration,25,-0.02377858724225207,-0.25370716696763507,1.0,1.0,0.0,1.0,1.0,0.0
google_robot_move_near__seed001__step040,move_near,1,exploration,26,0.05034448681396328,-0.17958409291141975,0.9841608657754182,1.0,-0.01583913422458183,0.9354838709677419,1.0,-0.06451612903225812
google_robot_move_near__seed001__step040,move_near,1,exploration,27,-0.0052695599655945835,-0.2351981396909776,1.0,1.0,0.0,1.0,1.0,0.0
google_robot_move_near__seed001__step040,move_near,1,exploration,28,0.0894851941545916,-0.14044338557079145,0.9953137275655148,0.9621088324432249,0.03320489512228997,0.9354838709677419,0.9354838709677419,0.0
google_robot_move_near__seed001__step040,move_near,1,exploration,29,0.008914989355179759,-0.22101359037020327,0.9926131747517712,0.9904673226672863,0.0021458520844849227,0.9354838709677419,0.9354838709677419,0.0
google_robot_move_near__seed001__step040,move_near,1,exploration,30,0.04726453665739879,-0.18266404306798423,0.9938436520905515,0.9796462319090109,0.014197420181540577,0.9354838709677419,0.9354838709677419,0.0
google_robot_move_near__seed001__step040,move_near,1,exploration,31,-0.025904944357333443,-0.2558335240827165,0.9965491417509624,0.9965491417509624,0.0,0.9354838709677419,0.9354838709677419,0.0
google_robot_move_near__seed001__step071,move_near,1,exploration,0,0.6382072069307082,0.6008047556467219,1.0,1.0,0.0,1.0,1.0,0.0
google_robot_move_near__seed001__step071,move_near,1,exploration,1,0.7113097247290115,0.6739072734450252,1.0,1.0,0.0,1.0,1.0,0.0
google_robot_move_near__seed001__step071,move_near,1,exploration,2,0.8879135967564157,0.8505111454724293,0.9981383178347656,0.8906214447629512,0.10751687307181435,0.9166666666666666,0.7692307692307693,0.14743589743589736
google_robot_move_near__seed001__step071,move_near,1,exploration,3,0.547226943848011,0.5098244925640246,0.9535872222309658,0.7888816835992166,0.1647055386317492,0.9166666666666666,0.84,0.07666666666666666
google_robot_move_near__seed001__step071,move_near,1,exploration,4,0.36464898116516115,0.32724652988117486,1.0,1.0,0.0,1.0,1.0,0.0
google_robot_move_near__seed001__step071,move_near,1,exploration,5,0.6242120413508415,0.5868095900668552,1.0,1.0,0.0,1.0,1.0,0.0
google_robot_move_near__seed001__step071,move_near,1,exploration,6,0.49057068700285206,0.4531682357188658,0.9368912371553165,0.8212837277658549,0.11560750938946163,0.9166666666666666,0.9166666666666666,0.0
google_robot_move_near__seed001__step071,move_near,1,exploration,7,0.4124199983831154,0.3750175470991291,0.8524933200726696,0.7434067400522367,0.10908658002043292,0.84,0.7692307692307693,0.0707692307692307
google_robot_move_near__seed001__step071,move_near,1,exploration,8,0.7237835429301605,0.6863810916461741,0.8994086033836708,0.9045056304059876,-0.005097027022316847,0.84,0.84,0.0
google_robot_move_near__seed001__step071,move_near,1,exploration,9,0.19747917414225177,0.16007672285826546,0.9377407596673536,0.39904806902746737,0.5386926906398862,0.9166666666666666,0.7692307692307693,0.14743589743589736
google_robot_move_near__seed001__step071,move_near,1,exploration,10,0.4528422447197504,0.4154397934357641,0.8739293841771754,0.8918116288458994,-0.017882244668724012,0.84,0.84,0.0
google_robot_move_near__seed001__step071,move_near,1,exploration,11,0.07625235270062132,0.03884990141663502,0.5589229303579568,0.5642287204796667,-0.005305790121709841,0.84,0.7692307692307693,0.0707692307692307
google_robot_move_near__seed001__step071,move_near,1,exploration,12,0.5018231685248978,0.46442071724091155,1.0,1.0,0.0,1.0,1.0,0.0
google_robot_move_near__seed001__step071,move_near,1,exploration,13,0.42117391511526064,0.38377146383127436,0.7381878504990006,0.7440239134858989,-0.005836062986898316,0.84,0.84,0.0
google_robot_move_near__seed001__step071,move_near,1,exploration,14,0.38644421081890723,0.34904175953492095,1.0,0.5331178781601476,0.46688212183985245,1.0,0.84,0.16000000000000003
google_robot_move_near__seed001__step071,move_near,1,exploration,15,0.4741789120792606,0.4367764607952743,0.9113124755270711,0.924627040167657,-0.01331456464058589,0.7692307692307693,0.9166666666666666,-0.14743589743589736
google_robot_move_near__seed001__step071,move_near,1,exploration,16,0.5133013343350951,0.4758988830511088,1.0,0.9226417159897605,0.07735828401023948,1.0,0.7692307692307693,0.23076923076923073
google_robot_move_near__seed001__step071,move_near,1,exploration,17,0.3060752957705651,0.2686728444865788,0.8656195460098536,0.6012450285949508,0.2643745174149028,0.9166666666666666,0.7037037037037037,0.2129629629629629
google_robot_move_near__seed001__step071,move_near,1,exploration,18,0.4267793433939064,0.3893768921099201,1.0,0.9922039462739064,0.007796053726093599,1.0,0.9166666666666666,0.08333333333333337
google_robot_move_near__seed001__step071,move_near,1,exploration,19,0.3825446587898627,0.34514220750587643,0.9720601127086481,0.9228056062617144,0.04925450644693374,0.9166666666666666,0.84,0.07666666666666666
google_robot_move_near__seed001__step071,move_near,1,exploration,20,0.2448162947212794,0.20741384343729308,1.0,0.9501757357565549,0.049824264243445104,1.0,0.9166666666666666,0.08333333333333337
google_robot_move_near__seed001__step071,move_near,1,exploration,21,0.5450201693131476,0.5076177180291612,1.0,0.9342312659956834,0.0657687340043166,1.0,0.9166666666666666,0.08333333333333337
google_robot_move_near__seed001__step071,move_near,1,exploration,22,0.46197740445020924,0.42457495316622296,1.0000000000000002,0.878166671713715,0.12183332828628524,1.0,0.84,0.16000000000000003
google_robot_move_near__seed001__step071,move_near,1,exploration,23,0.5917124888685091,0.5543100375845228,0.8328012064602022,0.7909144345144278,0.04188677194577439,0.84,0.84,0.0
google_robot_move_near__seed001__step071,move_near,1,exploration,24,0.3408712182212539,0.3034687669372676,1.0,0.8234017050738381,0.17659829492616186,1.0,0.84,0.16000000000000003
google_robot_move_near__seed001__step071,move_near,1,exploration,25,0.13613190988020327,0.09872945859621696,1.0,0.7217363760399141,0.27826362396008586,1.0,0.9166666666666666,0.08333333333333337
google_robot_move_near__seed001__step071,move_near,1,exploration,26,0.41210436290894914,0.37470191162496286,0.9390974614193612,0.9675588033725524,-0.028461341953191166,0.9166666666666666,0.9166666666666666,0.0
google_robot_move_near__seed001__step071,move_near,1,exploration,27,0.46079386206107903,0.42339141077709275,1.0,1.0,0.0,1.0,1.0,0.0
google_robot_move_near__seed001__step071,move_near,1,exploration,28,0.5543105632137489,0.5169081119297626,0.9863739170095748,0.9863739170095748,0.0,0.9166666666666666,0.9166666666666666,0.0
google_robot_move_near__seed001__step071,move_near,1,exploration,29,0.25839377955331183,0.22099132826932552,1.0,0.8879668799262993,0.1120331200737007,1.0,0.9166666666666666,0.08333333333333337
google_robot_move_near__seed001__step071,move_near,1,exploration,30,0.45206924273792587,0.4146667914539396,1.0,1.0,0.0,1.0,1.0,0.0
google_robot_move_near__seed001__step071,move_near,1,exploration,31,0.23614694014780946,0.19874448886382315,0.7088958783738528,0.7088958783738528,0.0,0.9166666666666666,0.9166666666666666,0.0
google_robot_move_near__seed002__step008,move_near,2,exploration,0,0.34683315464685166,0.29663915026306126,1.0,1.0,0.0,1.0,1.0,0.0
google_robot_move_near__seed002__step008,move_near,2,exploration,1,0.46119077354968097,0.41099676916589056,0.9649196185041768,0.9878092308723851,-0.0228896123682083,0.8974358974358975,0.9473684210526315,-0.04993252361673406
google_robot_move_near__seed002__step008,move_near,2,exploration,2,0.19662645726963224,0.14643245288584186,0.9548280492953317,0.938127505541343,0.01670054375398866,0.9473684210526315,0.9473684210526315,0.0
google_robot_move_near__seed002__step008,move_near,2,exploration,3,0.32905496926736116,0.27886096488357076,1.0,0.9325862444340672,0.06741375556593276,1.0,0.9473684210526315,0.052631578947368474
google_robot_move_near__seed002__step008,move_near,2,exploration,4,0.3088903570819217,0.2586963526981313,1.0,0.8265257752174547,0.17347422478254526,1.0,0.85,0.15000000000000002
google_robot_move_near__seed002__step008,move_near,2,exploration,5,0.3645697324337274,0.314375728049937,0.9291127906285214,0.9701432224697557,-0.04103043184123434,0.8974358974358975,0.9473684210526315,-0.04993252361673406
google_robot_move_near__seed002__step008,move_near,2,exploration,6,0.2805151778409691,0.2303211734571787,0.9475545382008654,0.9363695674516953,0.011184970749170131,0.9473684210526315,0.8974358974358975,0.04993252361673406
google_robot_move_near__seed002__step008,move_near,2,exploration,7,0.28805994620227376,0.2378659418184834,1.0000000000000002,0.9604531867799636,0.039546813220036614,1.0,0.8974358974358975,0.10256410256410253
google_robot_move_near__seed002__step008,move_near,2,exploration,8,0.36281943462825655,0.31262543024446615,0.9914847706568253,0.9526514153121988,0.03883335534462651,0.9473684210526315,0.9473684210526315,0.0
google_robot_move_near__seed002__step008,move_near,2,exploration,9,0.3561260025576772,0.3059319981738868,0.7550004353997378,0.7355430063191436,0.019457429080594224,0.85,0.7619047619047619,0.08809523809523812
google_robot_move_near__seed002__step008,move_near,2,exploration,10,0.5001641545882998,0.44997015020450937,0.9782701255336493,0.8986550587620966,0.07961506677155272,0.8974358974358975,0.85,0.04743589743589749
google_robot_move_near__seed002__step008,move_near,2,exploration,11,0.6056815000329545,0.5554874956491641,0.9950661460283351,0.6805569291089576,0.3145092169193775,0.9473684210526315,0.8974358974358975,0.04993252361673406
google_robot_move_near__seed002__step008,move_near,2,exploration,12,0.4352863624645212,0.3850923580807308,0.9909164889161085,0.8955159634814785,0.09540052543462996,0.8974358974358975,0.7619047619047619,0.1355311355311356
google_robot_move_near__seed002__step008,move_near,2,exploration,13,0.3971933097430489,0.3469993053592585,0.777956251505875,0.9151159306995966,-0.13715967919372163,0.9473684210526315,0.8048780487804879,0.14249037227214367
google_robot_move_near__seed002__step008,move_near,2,exploration,14,0.5086628914766855,0.4584688870928951,0.9724908152627103,0.8049728116083211,0.16751800365438918,0.9473684210526315,0.7209302325581395,0.22643818849449204
google_robot_move_near__seed002__step008,move_near,2,exploration,15,0.36283865763641804,0.31264465325262764,0.9764814912887507,0.9895161169182031,-0.013034625629452345,0.8974358974358975,0.9473684210526315,-0.04993252361673406
google_robot_move_near__seed002__step008,move_near,2,exploration,16,0.42459763639189047,0.37440363200810006,0.9973956032580453,0.9050559302334116,0.09233967302463375,0.9473684210526315,0.9473684210526315,0.0
google_robot_move_near__seed002__step008,move_near,2,exploration,17,0.334458440208893,0.2842644358251026,0.9864462301377698,0.9246826129789888,0.06176361715878098,0.9473684210526315,0.8048780487804879,0.14249037227214367
google_robot_move_near__seed002__step008,move_near,2,exploration,18,0.40034201377581713,0.3501480093920267,0.8840628653528603,0.9505416169239876,-0.06647875157112737,0.8974358974358975,0.85,0.04743589743589749
google_robot_move_near__seed002__step008,move_near,2,exploration,19,0.23985959274076715,0.18966558835697678,1.0,0.7247625908486066,0.2752374091513934,1.0,0.8048780487804879,0.19512195121951215
google_robot_move_near__seed002__step008,move_near,2,exploration,20,0.17227298890628925,0.12207898452249888,0.9779997265831816,0.8568188945824599,0.12118083200072172,0.9473684210526315,0.8974358974358975,0.04993252361673406
google_robot_move_near__seed002__step008,move_near,2,exploration,21,0.18944654827495563,0.13925254389116526,0.9738600295852486,0.8912019489529871,0.08265808063226154,0.9473684210526315,0.8048780487804879,0.14249037227214367
google_robot_move_near__seed002__step008,move_near,2,exploration,22,0.1618021017364999,0.11160809735270952,0.9006275355931636,0.9955419774813143,-0.09491444188815079,0.9473684210526315,0.9473684210526315,0.0
google_robot_move_near__seed002__step008,move_near,2,exploration,23,0.32385427537376527,0.27366027098997486,0.9586108939656409,0.9733144386191855,-0.01470354465354462,0.8974358974358975,0.9473684210526315,-0.04993252361673406
google_robot_move_near__seed002__step008,move_near,2,exploration,24,0.3335393349734305,0.2833453305896401,0.9655335633738114,0.9968513104780491,-0.031317747104237736,0.8974358974358975,0.9473684210526315,-0.04993252361673406
google_robot_move_near__seed002__step008,move_near,2,exploration,25,0.14675541317685722,0.09656140879306685,0.9955538769774771,0.9927314117403507,0.0028224652371263703,0.9473684210526315,0.9473684210526315,0.0
google_robot_move_near__seed002__step008,move_near,2,exploration,26,0.2587712855215235,0.20857728113773313,1.0,0.9404816432090733,0.05951835679092665,1.0,0.9473684210526315,0.052631578947368474
google_robot_move_near__seed002__step008,move_near,2,exploration,27,0.12660731980556741,0.07641331542177704,0.9900180485734354,0.8598592020233551,0.13015884655008036,0.9473684210526315,0.8974358974358975,0.04993252361673406
google_robot_move_near__seed002__step008,move_near,2,exploration,28,0.13225378530308698,0.08205978091929661,0.677307153267721,1.0,-0.32269284673227905,0.9473684210526315,1.0,-0.052631578947368474
google_robot_move_near__seed002__step008,move_near,2,exploration,29,0.10780174002425831,0.05760773564046793,0.9955305091728933,0.9955305091728933,0.0,0.9473684210526315,0.9473684210526315,0.0
google_robot_move_near__seed002__step008,move_near,2,exploration,30,0.1561394496628322,0.10594544527904182,1.0,0.9907054150295979,0.009294584970402142,1.0,0.9473684210526315,0.052631578947368474
google_robot_move_near__seed002__step008,move_near,2,exploration,31,0.20501103388562614,0.15481702950183576,1.0,0.9929799006090629,0.007020099390937062,1.0,0.9473684210526315,0.052631578947368474
google_robot_move_near__seed002__step040,move_near,2,exploration,0,0.06799042390568112,-0.06165773335690945,1.0,1.0,0.0,1.0,1.0,0.0
google_robot_move_near__seed002__step040,move_near,2,exploration,1,-0.014854988597021437,-0.14450314585961202,0.9104403059319326,0.9187991000376918,-0.008358794105759237,0.9642857142857143,0.9642857142857143,0.0
google_robot_move_near__seed002__step040,move_near,2,exploration,2,-0.09224924761605872,-0.22189740487864928,1.0,1.0,0.0,1.0,1.0,0.0
google_robot_move_near__seed002__step040,move_near,2,exploration,3,-0.09533685399381765,-0.22498501125640824,0.9452091248369427,0.9452091248369427,0.0,0.9642857142857143,0.9642857142857143,0.0
google_robot_move_near__seed002__step040,move_near,2,exploration,4,-0.10245751133079511,-0.2321056685933857,1.0,0.9992137749901961,0.0007862250098038537,1.0,0.9642857142857143,0.0357142857142857
google_robot_move_near__seed002__step040,move_near,2,exploration,5,-0.12620886441695986,-0.25585702167955043,0.9264852919665677,0.9955998413675445,-0.06911454940097683,0.9298245614035088,0.896551724137931,0.033272837265577726
google_robot_move_near__seed002__step040,move_near,2,exploration,6,0.09720262134237934,-0.03244553592021124,1.0,0.9768225595347838,0.023177440465216193,1.0,0.9298245614035088,0.07017543859649122
google_robot_move_near__seed002__step040,move_near,2,exploration,7,0.011364591000676586,-0.11828356626191398,0.9473411903500212,0.9565327255225361,-0.00919153517251492,0.9298245614035088,0.896551724137931,0.033272837265577726
google_robot_move_near__seed002__step040,move_near,2,exploration,8,0.07384467945129676,-0.055803477811293814,0.9965764879250577,0.9824348753953335,0.014141612529724235,0.9642857142857143,0.9642857142857143,0.0
google_robot_move_near__seed002__step040,move_near,2,exploration,9,0.1460204852003424,0.016372327937751813,0.9746023891169893,0.7681307004323169,0.20647168868467236,0.9642857142857143,0.8333333333333334,0.13095238095238093
google_robot_move_near__seed002__step040,move_near,2,exploration,10,-0.011168751823503908,-0.14081690908609448,0.8814275644757757,0.9970432249006448,-0.11561566042486904,0.9642857142857143,0.9642857142857143,0.0
google_robot_move_near__seed002__step040,move_near,2,exploration,11,0.0024842909427278217,-0.12716386631986276,0.8676480982212028,0.9026864429717273,-0.035038344750524475,0.9298245614035088,0.864406779661017,0.0654177817424918
google_robot_move_near__seed002__step040,move_near,2,exploration,12,-0.07675767494162267,-0.20640583220421324,0.8950669542990308,0.9698890544708174,-0.07482210017178659,0.9642857142857143,0.9298245614035088,0.034461152882205526
google_robot_move_near__seed002__step040,move_near,2,exploration,13,0.0495148957139408,-0.08013326154864978,0.9541205912748639,0.9684718885868385,-0.014351297311974598,0.9298245614035088,0.864406779661017,0.0654177817424918
google_robot_move_near__seed002__step040,move_near,2,exploration,14,-0.02907201539273648,-0.15872017265532706,0.9973098581490886,0.9931696000397495,0.004140258109339046,0.9642857142857143,0.9642857142857143,0.0
google_robot_move_near__seed002__step040,move_near,2,exploration,15,0.04168000979085149,-0.08796814747173909,0.9680182977521432,0.8953778250110069,0.07264047274113627,0.9642857142857143,0.9298245614035088,0.034461152882205526
google_robot_move_near__seed002__step040,move_near,2,exploration,16,0.15963550400919532,0.02998734674660475,0.7632876182953002,0.7815806433067226,-0.01829302501142238,0.9642857142857143,0.896551724137931,0.06773399014778325
google_robot_move_near__seed002__step040,move_near,2,exploration,17,0.2624498760435969,0.1328017187810063,0.9945719553108027,0.6738660883863515,0.32070586692445113,0.9642857142857143,0.896551724137931,0.06773399014778325
google_robot_move_near__seed002__step040,move_near,2,exploration,18,0.30539607545651987,0.1757479181939293,0.9131739096530365,0.4932054364505524,0.41996847320248404,0.9642857142857143,0.896551724137931,0.06773399014778325
google_robot_move_near__seed002__step040,move_near,2,exploration,19,-0.1998463152571828,-0.3294944725197734,0.9227711417448075,0.9773568871824466,-0.054585745437639166,0.896551724137931,0.896551724137931,0.0
google_robot_move_near__seed002__step040,move_near,2,exploration,20,-0.17508145142516066,-0.30472960868775123,0.993378359568359,0.9946176355542157,-0.0012392759858567137,0.9642857142857143,0.9298245614035088,0.034461152882205526
google_robot_move_near__seed002__step040,move_near,2,exploration,21,-0.18033009109807518,-0.3099782483606658,0.9964539486707809,0.9768473090228441,0.01960663964793674,0.9642857142857143,0.9298245614035088,0.034461152882205526
google_robot_move_near__seed002__step040,move_near,2,exploration,22,-0.21039293125246064,-0.3400410885150512,0.9706978087080774,0.9823977116485513,-0.01169990294047385,0.9298245614035088,0.9642857142857143,-0.034461152882205526
google_robot_move_near__seed002__step040,move_near,2,exploration,23,-0.2257274535751241,-0.3553756108377147,0.969745774864394,0.9786615461313831,-0.00891577126698917,0.896551724137931,0.9642857142857143,-0.06773399014778325
google_robot_move_near__seed002__step040,move_near,2,exploration,24,-0.21039293125246064,-0.3400410885150512,0.9427761602684744,0.9979719839263899,-0.05519582365791542,0.9298245614035088,0.9642857142857143,-0.034461152882205526
google_robot_move_near__seed002__step040,move_near,2,exploration,25,-0.22378862358052007,-0.35343678084311064,0.9827248810123163,0.9762363400884242,0.006488540923892061,0.9642857142857143,0.9298245614035088,0.034461152882205526
google_robot_move_near__seed002__step040,move_near,2,exploration,26,-0.20755352756309162,-0.3372016848256822,1.0,1.0,0.0,1.0,1.0,0.0
google_robot_move_near__seed002__step040,move_near,2,exploration,27,-0.19715656189408884,-0.3268047191566794,0.995379839601406,1.0,-0.004620160398594031,0.9642857142857143,1.0,-0.0357142857142857
google_robot_move_near__seed002__step040,move_near,2,exploration,28,-0.23179402014236694,-0.36144217740495754,0.9828480145673392,0.9849454625598507,-0.0020974479925115475,0.9298245614035088,0.9642857142857143,-0.034461152882205526
google_robot_move_near__seed002__step040,move_near,2,exploration,29,-0.22776334902999654,-0.3574115062925871,0.9105918915440925,0.9898354521836566,-0.07924356063956417,0.9642857142857143,0.9642857142857143,0.0
google_robot_move_near__seed002__step040,move_near,2,exploration,30,-0.2443804204518708,-0.3740285777144614,0.9067072316112527,0.9067072316112527,0.0,0.9642857142857143,0.9642857142857143,0.0
google_robot_move_near__seed002__step040,move_near,2,exploration,31,-0.18906503833207497,-0.31871319559466554,0.9750281609469558,0.9819247887186476,-0.006896627771691866,0.9298245614035088,0.9298245614035088,0.0
google_robot_move_near__seed002__step071,move_near,2,exploration,0,-0.03599373461751904,0.19313351921288774,0.9966589939074799,0.6629403394548564,0.3337186544526235,0.9230769230769231,0.9230769230769231,0.0
google_robot_move_near__seed002__step071,move_near,2,exploration,1,-0.1680023786079006,0.061124875222506175,0.9795277147479244,0.9698130825452361,0.009714632202688311,0.9230769230769231,0.9230769230769231,0.0
google_robot_move_near__seed002__step071,move_near,2,exploration,2,0.11393323431207296,0.34306048814247975,1.0,0.8948028804910813,0.10519711950891875,1.0,0.8518518518518519,0.14814814814814814
google_robot_move_near__seed002__step071,move_near,2,exploration,3,0.4195579319124077,0.6486851857428144,1.0,0.8501216732046135,0.14987832679538649,1.0,0.9230769230769231,0.07692307692307687
google_robot_move_near__seed002__step071,move_near,2,exploration,4,-0.159626598313008,0.06950065551739878,0.5588783080656622,0.5917349781751996,-0.03285667010953741,0.9230769230769231,0.9230769230769231,0.0
google_robot_move_near__seed002__step071,move_near,2,exploration,5,-0.33947562806334064,-0.11034837423293387,0.9870468439742287,0.9870468439742287,0.0,0.9230769230769231,0.9230769230769231,0.0
google_robot_move_near__seed002__step071,move_near,2,exploration,6,-0.0503825455448717,0.17874470828553507,0.9416085460950323,0.7968129539319353,0.144795592163097,0.9230769230769231,0.8518518518518519,0.07122507122507127
google_robot_move_near__seed002__step071,move_near,2,exploration,7,-0.052108264569184326,0.17701898926122245,0.9609428296378869,0.9897107951158532,-0.02876796547796634,0.9230769230769231,0.9230769230769231,0.0
google_robot_move_near__seed002__step071,move_near,2,exploration,8,0.22374818893014967,0.45287544276055647,0.9902204057373888,0.9887667896279018,0.0014536161094870215,0.9230769230769231,0.9230769230769231,0.0
google_robot_move_near__seed002__step071,move_near,2,exploration,9,0.381804556090626,0.6109318099210328,0.6139138389068902,0.6408859221419017,-0.026972083235011435,0.7857142857142857,0.8518518518518519,-0.06613756613756616
google_robot_move_near__seed002__step071,move_near,2,exploration,10,0.25760959879983597,0.48673685263024274,0.9722270393321754,0.698880482923721,0.2733465564084544,0.8518518518518519,0.7857142857142857,0.06613756613756616
google_robot_move_near__seed002__step071,move_near,2,exploration,11,0.1917615601210848,0.4208888139514916,0.8981784218268167,0.7546021100621413,0.14357631176467545,0.8518518518518519,0.7857142857142857,0.06613756613756616
google_robot_move_near__seed002__step071,move_near,2,exploration,12,0.03689346936900737,0.26602072319941417,0.9557528648128755,0.6046199214722109,0.3511329433406646,0.8518518518518519,0.8518518518518519,0.0
google_robot_move_near__seed002__step071,move_near,2,exploration,13,0.31525012055255724,0.5443773743829641,1.0,0.8939609842695632,0.10603901573043684,1.0,0.8518518518518519,0.14814814814814814
google_robot_move_near__seed002__step071,move_near,2,exploration,14,0.28169551436053236,0.5108227681909392,0.8973597027503853,0.8881437799303905,0.009215922819994837,0.9230769230769231,0.7857142857142857,0.13736263736263743
google_robot_move_near__seed002__step071,move_near,2,exploration,15,-0.19147371269287336,0.037653541137533414,0.8765977038806052,0.9643020471721919,-0.08770434329158672,0.9230769230769231,0.9230769230769231,0.0
google_robot_move_near__seed002__step071,move_near,2,exploration,16,-0.2953481016158325,-0.06622084778542575,0.9514741232170646,1.0,-0.048525876782935407,0.9230769230769231,1.0,-0.07692307692307687
google_robot_move_near__seed002__step071,move_near,2,exploration,17,0.2943918204931847,0.5235190743235915,0.9568634920576379,0.961581405289753,-0.004717913232115123,0.9230769230769231,0.9230769230769231,0.0
google_robot_move_near__seed002__step071,move_near,2,exploration,18,0.11894821447057524,0.348075468300982,0.8243027062636314,0.7330851921413939,0.09121751412223755,0.9230769230769231,0.8518518518518519,0.07122507122507127
google_robot_move_near__seed002__step071,move_near,2,exploration,19,0.3197597958891271,0.548887049719534,0.6946369495698691,0.908263768807169,-0.21362681923729987,0.7857142857142857,0.8518518518518519,-0.06613756613756616
google_robot_move_near__seed002__step071,move_near,2,exploration,20,0.3286114338038726,0.5577386876342794,1.0,0.7746024038608966,0.22539759613910337,1.0,0.8518518518518519,0.14814814814814814
google_robot_move_near__seed002__step071,move_near,2,exploration,21,0.2812739020674237,0.5104011558978305,0.9659199977496252,0.9414180792559842,0.02450191849364103,0.9230769230769231,0.9230769230769231,0.0
google_robot_move_near__seed002__step071,move_near,2,exploration,22,0.22475790561887068,0.45388515944927743,0.6734152506481768,0.7954528154788467,-0.12203756483066996,0.9230769230769231,0.7857142857142857,0.13736263736263743
google_robot_move_near__seed002__step071,move_near,2,exploration,23,-0.05668340195358306,0.1724438518768237,0.944860002921089,1.0,-0.05513999707891104,0.9230769230769231,1.0,-0.07692307692307687
google_robot_move_near__seed002__step071,move_near,2,exploration,24,0.14308214246979997,0.3722093963002068,0.8341776863566089,0.9798173758373716,-0.14563968948076267,0.9230769230769231,0.9230769230769231,0.0
google_robot_move_near__seed002__step071,move_near,2,exploration,25,0.14308214246979997,0.3722093963002068,1.0,0.7908949185241773,0.20910508147582274,1.0,0.9230769230769231,0.07692307692307687
google_robot_move_near__seed002__step071,move_near,2,exploration,26,0.23932513660331767,0.46845239043372444,0.995490557008678,0.9886248758178127,0.00686568119086528,0.9230769230769231,0.9230769230769231,0.0
google_robot_move_near__seed002__step071,move_near,2,exploration,27,0.10973064489607674,0.33885789872648353,1.0000000000000002,1.0000000000000002,0.0,1.0,1.0,0.0
google_robot_move_near__seed002__step071,move_near,2,exploration,28,0.09061162044668047,0.31973887427708725,1.0,0.9293420014998935,0.07065799850010646,1.0,0.8518518518518519,0.14814814814814814
google_robot_move_near__seed002__step071,move_near,2,exploration,29,0.29072570891551036,0.5198529627459172,0.8800791847782129,1.0,-0.1199208152217871,0.9230769230769231,1.0,-0.07692307692307687
google_robot_move_near__seed002__step071,move_near,2,exploration,30,0.2894260223344374,0.5185532761648441,1.0,1.0,0.0,1.0,1.0,0.0
google_robot_move_near__seed002__step071,move_near,2,exploration,31,0.18196598015067922,0.411093233981086,1.0,1.0,0.0,1.0,1.0,0.0
google_robot_move_near__seed013__step008,move_near,13,validation,0,0.23808052585308329,0.24054543155590052,1.0,1.0,0.0,1.0,1.0,0.0
google_robot_move_near__seed013__step008,move_near,13,validation,1,0.3015225014593131,0.3039874071621303,0.9074669425391231,0.9241361409300691,-0.01666919839094605,0.92,0.92,0.0
google_robot_move_near__seed013__step008,move_near,13,validation,2,0.1847087513766095,0.18717365707942674,0.9326757830557412,0.9941686485835087,-0.06149286552776756,0.8461538461538461,0.92,-0.0738461538461539
google_robot_move_near__seed013__step008,move_near,13,validation,3,0.25181680672026546,0.2542817124230827,1.0,0.9890990013456967,0.010900998654303273,1.0,0.92,0.07999999999999996
google_robot_move_near__seed013__step008,move_near,13,validation,4,0.20338881494469255,0.20585372064750979,1.0,0.9289798890142645,0.07102011098573546,1.0,0.92,0.07999999999999996
google_robot_move_near__seed013__step008,move_near,13,validation,5,0.19974968853817687,0.2022145942409941,0.9859598972189482,0.997968144891804,-0.012008247672855799,0.92,0.92,0.0
google_robot_move_near__seed013__step008,move_near,13,validation,6,0.22415338937673512,0.22661829507955236,1.0,0.9879934482784177,0.01200655172158227,1.0,0.92,0.07999999999999996
google_robot_move_near__seed013__step008,move_near,13,validation,7,0.2698375574075204,0.2723024631103376,0.9600829873484913,0.9739462948807266,-0.013863307532235303,0.8461538461538461,0.8461538461538461,0.0
google_robot_move_near__seed013__step008,move_near,13,validation,8,0.27739693133472804,0.27986183703754525,0.9190855851537781,1.0,-0.08091441484622186,0.92,1.0,-0.07999999999999996
google_robot_move_near__seed013__step008,move_near,13,validation,9,0.22570386848214366,0.2281687741849609,0.9379416115111199,0.9438933394304531,-0.005951727919333183,0.7777777777777778,0.7142857142857143,0.06349206349206349
google_robot_move_near__seed013__step008,move_near,13,validation,10,0.20784976826347326,0.2103146739662905,0.9722854461345408,0.8771165330781218,0.09516891305641906,0.7777777777777778,0.7142857142857143,0.06349206349206349
google_robot_move_near__seed013__step008,move_near,13,validation,11,0.2732980063071723,0.27576291200998954,0.8543040520956197,0.92901175706392,-0.07470770496830037,0.92,0.7777777777777778,0.14222222222222225
google_robot_move_near__seed013__step008,move_near,13,validation,12,0.269741199396537,0.2722061050993542,1.0,0.9033558552398097,0.09664414476019034,1.0,0.6551724137931034,0.3448275862068966
google_robot_move_near__seed013__step008,move_near,13,validation,13,0.14899836880765785,0.1514632745104751,0.8740894326468837,0.8817522903047066,-0.00766285765782293,0.8461538461538461,0.6551724137931034,0.19098143236074272
google_robot_move_near__seed013__step008,move_near,13,validation,14,0.18665257820007208,0.18911748390288932,0.9734080278325554,0.6295806571468603,0.34382737068569513,0.92,0.45454545454545453,0.4654545454545455
google_robot_move_near__seed013__step008,move_near,13,validation,15,0.06485001055553721,0.06731491625835444,0.9819529969990395,0.8606323710437178,0.12132062595532167,0.92,0.7142857142857143,0.20571428571428574
google_robot_move_near__seed013__step008,move_near,13,validation,16,0.18121400388221046,0.1836789095850277,0.9552289650691278,0.9674137132118861,-0.012184748142758273,0.8461538461538461,0.8461538461538461,0.0
google_robot_move_near__seed013__step008,move_near,13,validation,17,0.17745557127725017,0.1799204769800674,0.9702483140406614,0.9198661292842011,0.05038218475646028,0.92,0.8461538461538461,0.0738461538461539
google_robot_move_near__seed013__step008,move_near,13,validation,18,0.22144972572631774,0.22391463142913498,0.9446496509080694,0.9559128456085069,-0.011263194700437462,0.92,0.92,0.0
google_robot_move_near__seed013__step008,move_near,13,validation,19,0.15113286532250705,0.1535977710253243,0.9769041782899756,0.9221974845593124,0.05470669373066317,0.92,0.8461538461538461,0.0738461538461539
google_robot_move_near__seed013__step008,move_near,13,validation,20,0.21793523736650777,0.220400143069325,0.9905707259605788,0.8538016527858074,0.13676907317477138,0.92,0.7142857142857143,0.20571428571428574
google_robot_move_near__seed013__step008,move_near,13,validation,21,0.1631839289421885,0.16564883464500574,1.0,0.7836665554605479,0.21633344453945214,1.0,0.7142857142857143,0.2857142857142857
google_robot_move_near__seed013__step008,move_near,13,validation,22,0.16897817150155647,0.1714430772043737,0.948514627661469,0.977375609497266,-0.028860981835796995,0.92,0.92,0.0
google_robot_move_near__seed013__step008,move_near,13,validation,23,0.18313356927972027,0.1855984749825375,0.9795542321380011,0.8926005117745808,0.0869537203634203,0.92,0.8461538461538461,0.0738461538461539
google_robot_move_near__seed013__step008,move_near,13,validation,24,0.17237030252443228,0.17483520822724952,1.0,0.9699949954586403,0.03000500454135968,1.0,0.92,0.07999999999999996
google_robot_move_near__seed013__step008,move_near,13,validation,25,0.18739144648042141,0.18985635218323865,0.9943243797113589,0.9676942796720832,0.026630100039275684,0.92,0.8461538461538461,0.0738461538461539
google_robot_move_near__seed013__step008,move_near,13,validation,26,0.2046523027100522,0.20711720841286943,0.9878383442778279,0.9775130095009458,0.010325334776882134,0.92,0.92,0.0
google_robot_move_near__seed013__step008,move_near,13,validation,27,0.16648055828161637,0.1689454639844336,1.0,0.9927638769485627,0.007236123051437282,1.0,0.92,0.07999999999999996
google_robot_move_near__seed013__step008,move_near,13,validation,28,0.20301084858428844,0.20547575428710568,1.0,1.0,0.0,1.0,1.0,0.0
google_robot_move_near__seed013__step008,move_near,13,validation,29,0.17788899170654957,0.1803538974093668,0.9962044983051298,0.9962044983051298,0.0,0.92,0.92,0.0
google_robot_move_near__seed013__step008,move_near,13,validation,30,0.17154222234815117,0.1740071280509684,0.9592411298206573,0.9457297820298968,0.013511347790760575,0.92,0.8461538461538461,0.0738461538461539
google_robot_move_near__seed013__step008,move_near,13,validation,31,0.10958370605439388,0.1120486117572111,0.8771327165486822,0.9542739541942465,-0.07714123764556435,0.8461538461538461,0.8461538461538461,0.0
google_robot_move_near__seed013__step040,move_near,13,validation,0,0.37123341598028975,0.3858727190202939,0.9986353122036699,0.9986353122036699,0.0,0.9591836734693877,0.9591836734693877,0.0
google_robot_move_near__seed013__step040,move_near,13,validation,1,0.456148289496787,0.47078759253679114,1.0,0.9984618676998264,0.0015381323001736336,1.0,0.9591836734693877,0.04081632653061229
google_robot_move_near__seed013__step040,move_near,13,validation,2,0.3894945025853553,0.40413380562535944,0.9864032262099439,1.0,-0.013596773790056083,0.9591836734693877,1.0,-0.04081632653061229
google_robot_move_near__seed013__step040,move_near,13,validation,3,0.40730576159440474,0.4219450646344089,0.9975717579381053,0.9505582190052659,0.04701353893283933,0.9591836734693877,0.92,0.03918367346938767
google_robot_move_near__seed013__step040,move_near,13,validation,4,0.2955933641675598,0.310232667207564,0.9929635778628803,1.0,-0.007036422137119747,0.9591836734693877,1.0,-0.04081632653061229
google_robot_move_near__seed013__step040,move_near,13,validation,5,0.22267534409552484,0.23731464713552897,1.0,0.9930744898959419,0.0069255101040580636,1.0,0.9591836734693877,0.04081632653061229
google_robot_move_near__seed013__step040,move_near,13,validation,6,0.2615528636756159,0.2761921667156201,0.974914724866319,0.9909631691524708,-0.01604844428615182,0.92,0.92,0.0
google_robot_move_near__seed013__step040,move_near,13,validation,7,0.29198780281380204,0.3066271058538062,0.9925897236739692,1.0,-0.007410276326030751,0.9591836734693877,1.0,-0.04081632653061229
google_robot_move_near__seed013__step040,move_near,13,validation,8,0.230034833843739,0.24467413688374312,0.9773990529172428,0.8949946898212975,0.08240436309594534,0.92,0.92,0.0
google_robot_move_near__seed013__step040,move_near,13,validation,9,0.27735083312924463,0.2919901361692488,0.8422000282607005,0.9199061066773006,-0.07770607841660004,0.92,0.8823529411764706,0.03764705882352948
google_robot_move_near__seed013__step040,move_near,13,validation,10,0.15684236209047772,0.17148166513048185,1.0,0.9635237106833943,0.03647628931660574,1.0,0.92,0.07999999999999996
google_robot_move_near__seed013__step040,move_near,13,validation,11,0.3134121805011895,0.3280514835411937,0.9936420132348748,0.9814002469134496,0.012241766321425152,0.92,0.8113207547169812,0.10867924528301887
google_robot_move_near__seed013__step040,move_near,13,validation,12,0.30545486298138724,0.3200941660213914,0.9765432611229086,0.994963303412732,-0.018420042289823413,0.92,0.92,0.0
google_robot_move_near__seed013__step040,move_near,13,validation,13,0.26765466186357084,0.282293964903575,0.9706085832876106,0.9915538078792375,-0.020945224591626954,0.9591836734693877,0.9591836734693877,0.0
google_robot_move_near__seed013__step040,move_near,13,validation,14,0.24847114785643445,0.2631104508964386,0.9903783705110993,0.9947767401225578,-0.0043983696114584525,0.92,0.9591836734693877,-0.03918367346938767
google_robot_move_near__seed013__step040,move_near,13,validation,15,0.21561848737442676,0.2302577904144309,0.9960945300110916,0.9954125369950791,0.000681993016012461,0.92,0.92,0.0
google_robot_move_near__seed013__step040,move_near,13,validation,16,0.22477034813517868,0.2394096511751828,0.8467345904191165,0.7563211335958807,0.09041345682323576,0.9591836734693877,0.8461538461538461,0.11302982731554156
google_robot_move_near__seed013__step040,move_near,13,validation,17,0.2246199476359332,0.23925925067593734,0.9039475472736321,0.860103033499502,0.04384451377413012,0.92,0.8113207547169812,0.10867924528301887
google_robot_move_near__seed013__step040,move_near,13,validation,18,0.19823953648141537,0.2128788395214195,0.9617245788894389,0.9679246101443614,-0.006200031254922522,0.8461538461538461,0.8461538461538461,0.0
google_robot_move_near__seed013__step040,move_near,13,validation,19,0.12220802714860234,0.13684733018860648,0.9187437450780621,0.9955168420114968,-0.0767730969334347,0.9591836734693877,0.9591836734693877,0.0
google_robot_move_near__seed013__step040,move_near,13,validation,20,0.25338576790213124,0.2680250709421354,1.0,0.995754362509449,0.0042456374905509575,1.0,0.9591836734693877,0.04081632653061229
google_robot_move_near__seed013__step040,move_near,13,validation,21,0.31462652837724897,0.32926583141725313,0.9939844807061369,0.9939844807061369,0.0,0.9591836734693877,0.9591836734693877,0.0
google_robot_move_near__seed013__step040,move_near,13,validation,22,0.28435071169967596,0.2989900147396801,0.991504888155499,0.9987094752272174,-0.007204587071718449,0.9591836734693877,0.9591836734693877,0.0
google_robot_move_near__seed013__step040,move_near,13,validation,23,0.21688052119337156,0.2315198242333757,0.993338433054606,0.9657389877940803,0.027599445260525712,0.9591836734693877,0.8823529411764706,0.07683073229291715
google_robot_move_near__seed013__step040,move_near,13,validation,24,0.3000880048725794,0.3147273079125836,0.9985934379014987,0.9806134375143496,0.017980000387149087,0.9591836734693877,0.9591836734693877,0.0
google_robot_move_near__seed013__step040,move_near,13,validation,25,0.14847995622623184,0.16311925926623597,0.9634670000291915,0.9849778151612986,-0.021510815132107064,0.9591836734693877,0.9591836734693877,0.0
google_robot_move_near__seed013__step040,move_near,13,validation,26,-0.02697707764401466,-0.01233777460401052,0.9741283926651997,0.9883986103761138,-0.01427021771091408,0.92,0.92,0.0
google_robot_move_near__seed013__step040,move_near,13,validation,27,0.23618664484572327,0.25082594788572743,0.9654916144523478,0.9873373095281311,-0.021845695075783378,0.9591836734693877,0.9591836734693877,0.0
google_robot_move_near__seed013__step040,move_near,13,validation,28,0.06760497012262555,0.0822442731626297,0.9920653877230742,0.8846492658960461,0.10741612182702809,0.9591836734693877,0.92,0.03918367346938767
google_robot_move_near__seed013__step040,move_near,13,validation,29,0.22650453098627946,0.2411438340262836,0.9894250720436188,0.9279101271497067,0.06151494489391218,0.9591836734693877,0.92,0.03918367346938767
google_robot_move_near__seed013__step040,move_near,13,validation,30,0.022330696160550587,0.03696999920055473,1.0,0.9789062747155078,0.02109372528449216,1.0,0.9591836734693877,0.04081632653061229
google_robot_move_near__seed013__step040,move_near,13,validation,31,0.07039356348810939,0.08503286652811354,0.9990219591638168,0.9978984529271263,0.0011235062366904414,0.9591836734693877,0.9591836734693877,0.0
google_robot_move_near__seed013__step071,move_near,13,validation,0,0.2742160543958602,0.08647898443078786,1.0,1.0,0.0,1.0,1.0,0.0
google_robot_move_near__seed013__step071,move_near,13,validation,1,0.2767589121741287,0.08902184220905632,1.0,0.9833034178382009,0.016696582161799145,1.0,0.9166666666666666,0.08333333333333337
google_robot_move_near__seed013__step071,move_near,13,validation,2,0.2757098320926225,0.08797276212755015,0.9708597192255323,0.9737736928904407,-0.0029139736649084202,0.9166666666666666,0.9166666666666666,0.0
google_robot_move_near__seed013__step071,move_near,13,validation,3,0.17281319158172848,-0.014923878383343886,0.975112471430807,0.975112471430807,0.0,0.9166666666666666,0.9166666666666666,0.0
google_robot_move_near__seed013__step071,move_near,13,validation,4,0.13814287985620863,-0.049594190108863734,1.0,0.9551472424161989,0.04485275758380114,1.0,0.84,0.16000000000000003
google_robot_move_near__seed013__step071,move_near,13,validation,5,0.3942619495493045,0.20652487958423213,0.9410249322306118,0.9541734812026522,-0.01314854897204043,0.84,0.9166666666666666,-0.07666666666666666
google_robot_move_near__seed013__step071,move_near,13,validation,6,0.30396276014278767,0.11622569017771531,0.9394886153779264,0.8855076564997172,0.053980958878209195,0.9166666666666666,0.9166666666666666,0.0
google_robot_move_near__seed013__step071,move_near,13,validation,7,0.40893165276680365,0.2211945828017313,1.0,1.0,0.0,1.0,1.0,0.0
google_robot_move_near__seed013__step071,move_near,13,validation,8,0.41873533307544947,0.2309982631103771,0.9496286475967493,0.9800001565214606,-0.0303715089247113,0.84,0.9166666666666666,-0.07666666666666666
google_robot_move_near__seed013__step071,move_near,13,validation,9,0.34498056426009044,0.15724349429501808,1.0,0.9795672474346441,0.020432752565355927,1.0,0.9166666666666666,0.08333333333333337
google_robot_move_near__seed013__step071,move_near,13,validation,10,0.39268698013002107,0.2049499101649487,0.9607584760499525,0.9722763024126811,-0.01151782636272869,0.84,0.84,0.0
google_robot_move_near__seed013__step071,move_near,13,validation,11,0.3699221713247649,0.18218510135969254,0.9417725134797349,0.9925640158938521,-0.05079150241411723,0.84,0.9166666666666666,-0.07666666666666666
google_robot_move_near__seed013__step071,move_near,13,validation,12,0.43207384545932664,0.24433677549425428,0.9542854647214317,0.9507381343286053,0.0035473303928263977,0.84,0.84,0.0
google_robot_move_near__seed013__step071,move_near,13,validation,13,0.35514436047432635,0.167407290509254,0.9883515051279209,0.8267197969025727,0.16163170822534823,0.9166666666666666,0.84,0.07666666666666666
google_robot_move_near__seed013__step071,move_near,13,validation,14,0.41727987502772157,0.2295428050626492,0.9805360724960304,0.9644842068733612,0.016051865622669137,0.84,0.7692307692307693,0.0707692307692307
google_robot_move_near__seed013__step071,move_near,13,validation,15,0.21602078739507216,0.0282837174299998,0.7731655366678457,0.8972804540764487,-0.12411491740860303,0.84,0.7037037037037037,0.13629629629629625
google_robot_move_near__seed013__step071,move_near,13,validation,16,0.43152977865618963,0.24379270869111727,0.9999999999999999,0.94262851593842,0.05737148406157988,1.0,0.84,0.16000000000000003
google_robot_move_near__seed013__step071,move_near,13,validation,17,0.3423983615509843,0.15466129158591194,0.9288442861765182,0.9510338107779216,-0.022189524601403443,0.9166666666666666,0.84,0.07666666666666666
google_robot_move_near__seed013__step071,move_near,13,validation,18,0.09973697154172616,-0.0880000984233462,0.9037602083421944,0.9129965547394333,-0.009236346397238915,0.7692307692307693,0.84,-0.0707692307692307
google_robot_move_near__seed013__step071,move_near,13,validation,19,0.10222944859052319,-0.08550762137454918,0.9849237281796133,0.9698697061226759,0.0150540220569374,0.9166666666666666,0.84,0.07666666666666666
google_robot_move_near__seed013__step071,move_near,13,validation,20,-0.007777345122516109,-0.19551441508758846,1.0,0.9868976074686514,0.013102392531348594,1.0,0.9166666666666666,0.08333333333333337
google_robot_move_near__seed013__step071,move_near,13,validation,21,0.3563261890038493,0.16858911903877696,0.7204131390564337,0.9868810241938651,-0.26646788513743147,0.9166666666666666,0.9166666666666666,0.0
google_robot_move_near__seed013__step071,move_near,13,validation,22,0.04489132665348183,-0.14284574331159053,0.9757049680247301,0.9410393551866876,0.03466561283804248,0.9166666666666666,0.84,0.07666666666666666
google_robot_move_near__seed013__step071,move_near,13,validation,23,0.19901639566388354,0.011279325698811182,1.0,0.9930061464290346,0.00699385357096538,1.0,0.9166666666666666,0.08333333333333337
google_robot_move_near__seed013__step071,move_near,13,validation,24,0.14277861716061976,-0.0449584528044526,1.0,0.9407828804971016,0.05921711950289843,1.0,0.84,0.16000000000000003
google_robot_move_near__seed013__step071,move_near,13,validation,25,0.28350761130699703,0.09577054134192467,1.0,1.0,0.0,1.0,1.0,0.0
google_robot_move_near__seed013__step071,move_near,13,validation,26,0.15913489370250303,-0.028602176262569334,0.9937670427313671,0.898159853141618,0.09560718958974912,0.9166666666666666,0.9166666666666666,0.0
google_robot_move_near__seed013__step071,move_near,13,validation,27,0.17127293636416782,-0.01646413360090454,1.0,0.9675032096637883,0.03249679033621167,1.0,0.9166666666666666,0.08333333333333337
google_robot_move_near__seed013__step071,move_near,13,validation,28,0.08775997899340542,-0.09997709097166695,0.9933872967702898,0.9735015775147925,0.019885719255497314,0.9166666666666666,0.9166666666666666,0.0
google_robot_move_near__seed013__step071,move_near,13,validation,29,0.15435317603699514,-0.033383893928077224,0.9999999999999999,0.9670216486733386,0.03297835132666127,1.0,0.9166666666666666,0.08333333333333337
google_robot_move_near__seed013__step071,move_near,13,validation,30,0.22314014313206773,0.03540307316699537,1.0,0.856081460048609,0.14391853995139103,1.0,0.84,0.16000000000000003
google_robot_move_near__seed013__step071,move_near,13,validation,31,0.2753165173695705,0.08757944740449816,0.959079371890715,0.9973939223641667,-0.03831455047345167,0.84,0.9166666666666666,-0.07666666666666666
google_robot_move_near__seed031__step008,move_near,31,exploration,0,0.4643614315015206,0.33306212880049163,1.0,1.0,0.0,1.0,1.0,0.0
google_robot_move_near__seed031__step008,move_near,31,exploration,1,0.3663990736627911,0.23509977096176216,1.0,0.992370714879025,0.007629285120975049,1.0,0.9672131147540983,0.032786885245901676
google_robot_move_near__seed031__step008,move_near,31,exploration,2,0.24994580610191797,0.118646503400889,0.9676667047301013,0.92735437592065,0.04031232880945135,0.9672131147540983,0.9672131147540983,0.0
google_robot_move_near__seed031__step008,move_near,31,exploration,3,0.37595165553610105,0.24465235283507208,0.9780720285524144,0.9675573923059148,0.01051463624649962,0.9672131147540983,0.9354838709677419,0.03172924378635644
google_robot_move_near__seed031__step008,move_near,31,exploration,4,0.3590002843684514,0.22770098166742242,0.9963149671810997,0.990301063975625,0.00601390320547468,0.9672131147540983,0.9672131147540983,0.0
google_robot_move_near__seed031__step008,move_near,31,exploration,5,0.2939893931457464,0.16269009044471744,0.9927432075171317,0.9858893750240626,0.006853832493069145,0.9672131147540983,0.9672131147540983,0.0
google_robot_move_near__seed031__step008,move_near,31,exploration,6,0.3358067863702973,0.20450748366926835,0.9963966552918951,0.9781701175770157,0.018226537714879476,0.9672131147540983,0.9047619047619048,0.06245120999219356
google_robot_move_near__seed031__step008,move_near,31,exploration,7,0.4703381014303241,0.33903879872929515,0.9472995941454606,1.0,-0.05270040585453939,0.9047619047619048,1.0,-0.09523809523809523
google_robot_move_near__seed031__step008,move_near,31,exploration,8,0.3910596020156228,0.2597602993145938,0.9793140596769375,0.9686872703487336,0.010626789328203934,0.9672131147540983,0.9354838709677419,0.03172924378635644
google_robot_move_near__seed031__step008,move_near,31,exploration,9,0.3360499845869936,0.20475068188596462,0.7628098893158475,0.9987612359787733,-0.23595134666292583,0.9672131147540983,0.9672131147540983,0.0
google_robot_move_near__seed031__step008,move_near,31,exploration,10,0.308838776773751,0.17753947407272203,0.9859876334408346,0.7694742311001161,0.21651340234071847,0.9672131147540983,0.9354838709677419,0.03172924378635644
google_robot_move_near__seed031__step008,move_near,31,exploration,11,0.3581624639610556,0.22686316126002665,0.9782985477672853,0.9437647616307153,0.03453378613656999,0.875,0.7142857142857143,0.1607142857142857
google_robot_move_near__seed031__step008,move_near,31,exploration,12,0.203076059488044,0.07177675678701503,0.973971302123484,0.9650808402092781,0.00889046191420595,0.9354838709677419,0.8461538461538461,0.08933002481389574
google_robot_move_near__seed031__step008,move_near,31,exploration,13,0.23632895651331898,0.10502965381229001,1.0,0.7847319256455125,0.21526807435448747,1.0,0.9047619047619048,0.09523809523809523
google_robot_move_near__seed031__step008,move_near,31,exploration,14,0.3436132570381735,0.21231395433714456,0.8082830007387548,0.5915599448773259,0.21672305586142893,0.9354838709677419,0.7391304347826086,0.19635343618513323
google_robot_move_near__seed031__step008,move_near,31,exploration,15,0.19812623170321955,0.06682692900219059,0.9745014999116607,0.7737264675500078,0.20077503236165284,0.9354838709677419,0.875,0.06048387096774188
google_robot_move_near__seed031__step008,move_near,31,exploration,16,0.24862067581336803,0.11732137311233906,0.9852585840559523,0.6477728304095163,0.33748575364643607,0.9354838709677419,0.875,0.06048387096774188
google_robot_move_near__seed031__step008,move_near,31,exploration,17,0.3311116804159679,0.19981237771493893,0.9542637160044651,0.9305356827420873,0.023728033262377823,0.9672131147540983,0.875,0.09221311475409832
google_robot_move_near__seed031__step008,move_near,31,exploration,18,0.45743301971742006,0.3261337170163911,0.8442537280813817,0.9567328087860992,-0.11247908070471757,0.9672131147540983,0.9672131147540983,0.0
google_robot_move_near__seed031__step008,move_near,31,exploration,19,0.3731442715612392,0.24184496886021023,1.0,0.7291710660221778,0.27082893397782215,1.0,0.9047619047619048,0.09523809523809523
google_robot_move_near__seed031__step008,move_near,31,exploration,20,0.5122111397076118,0.3809118370065828,0.9783196559451461,0.964471808482472,0.01384784746267409,0.9354838709677419,0.9047619047619048,0.030721966205837115
google_robot_move_near__seed031__step008,move_near,31,exploration,21,0.3724788606869797,0.24117955798595075,0.986228859536022,0.9420459549314532,0.04418290460456886,0.9354838709677419,0.8461538461538461,0.08933002481389574
google_robot_move_near__seed031__step008,move_near,31,exploration,22,0.4212776173785098,0.28997831467748086,0.9889026312613588,0.9871329785962648,0.0017696526650939903,0.9672131147540983,0.9672131147540983,0.0
google_robot_move_near__seed031__step008,move_near,31,exploration,23,0.4445305573004563,0.31323125459942736,0.9889439822536138,0.989037254029792,-9.327177617823867e-05,0.9672131147540983,0.9672131147540983,0.0
google_robot_move_near__seed031__step008,move_near,31,exploration,24,0.4296213100167751,0.29832200731574615,1.0,0.984580702077963,0.015419297922037,1.0,0.9354838709677419,0.06451612903225812
google_robot_move_near__seed031__step008,move_near,31,exploration,25,0.41530387677049996,0.284004574069471,1.0,0.9309434883793942,0.06905651162060578,1.0,0.9672131147540983,0.032786885245901676
google_robot_move_near__seed031__step008,move_near,31,exploration,26,0.4565532255462375,0.32525392284520854,0.9929848174645354,1.0,-0.007015182535464626,0.9672131147540983,1.0,-0.032786885245901676
google_robot_move_near__seed031__step008,move_near,31,exploration,27,0.4326194366671723,0.3013201339661433,0.9955683801745613,1.0,-0.004431619825438715,0.9672131147540983,1.0,-0.032786885245901676
google_robot_move_near__seed031__step008,move_near,31,exploration,28,0.43537894423806817,0.3040796415370392,1.0,0.9967939340500531,0.003206065949946879,1.0,0.9672131147540983,0.032786885245901676
google_robot_move_near__seed031__step008,move_near,31,exploration,29,0.42602708154635865,0.2947277788453297,1.0,0.9461979588889982,0.05380204111100184,1.0,0.9672131147540983,0.032786885245901676
google_robot_move_near__seed031__step008,move_near,31,exploration,30,0.4677085080143541,0.33640920531332513,0.7726945341976256,0.9576773107940136,-0.18498277659638807,0.9354838709677419,0.9672131147540983,-0.03172924378635644
google_robot_move_near__seed031__step008,move_near,31,exploration,31,0.42339908922112984,0.2920997865201009,0.9229546525242065,0.9388580136588636,-0.015903361134657068,0.9354838709677419,0.9672131147540983,-0.03172924378635644
google_robot_move_near__seed031__step040,move_near,31,exploration,0,0.3301086864594178,0.27325049392858625,1.0,1.0,0.0,1.0,1.0,0.0
google_robot_move_near__seed031__step040,move_near,31,exploration,1,0.3929223510687623,0.3360641585379307,0.999229693891448,1.0,-0.0007703061085519991,0.9565217391304348,1.0,-0.04347826086956519
google_robot_move_near__seed031__step040,move_near,31,exploration,2,0.36950857826940275,0.3126503857385712,0.9941371915975097,0.9970721245344909,-0.002934932936981216,0.9565217391304348,0.9565217391304348,0.0
google_robot_move_near__seed031__step040,move_near,31,exploration,3,0.26638676563932123,0.20952857310848963,0.9435708378045461,0.9957817094587892,-0.052210871654243096,0.875,0.9565217391304348,-0.08152173913043481
google_robot_move_near__seed031__step040,move_near,31,exploration,4,0.34703715449387246,0.2901789619630409,1.0,0.9353847389849154,0.06461526101508464,1.0,0.9565217391304348,0.04347826086956519
google_robot_move_near__seed031__step040,move_near,31,exploration,5,0.3643949799590687,0.30753678742823715,1.0,0.8756204349808644,0.12437956501913561,1.0,0.9148936170212766,0.08510638297872342
google_robot_move_near__seed031__step040,move_near,31,exploration,6,0.3343513833332646,0.277493190802433,0.9547881141585429,0.9600422033823087,-0.005254089223765801,0.9565217391304348,0.9148936170212766,0.04162812210915823
google_robot_move_near__seed031__step040,move_near,31,exploration,7,0.43262385367135886,0.3757656611405273,0.9819209639307251,0.9254690735835327,0.056451890347192446,0.9565217391304348,0.875,0.08152173913043481
google_robot_move_near__seed031__step040,move_near,31,exploration,8,0.32873060147972666,0.2718724089488951,0.9609842046118332,0.9813809264510177,-0.020396721839184506,0.9148936170212766,0.9565217391304348,-0.04162812210915823
google_robot_move_near__seed031__step040,move_near,31,exploration,9,0.41970407008395805,0.3628458775531265,0.9706950253891269,0.9127274056747812,0.05796761971434572,0.9148936170212766,0.7307692307692307,0.18412438625204586
google_robot_move_near__seed031__step040,move_near,31,exploration,10,0.4456502425739109,0.3887920500430793,0.9026631736982688,0.9517959087566771,-0.04913273505840832,0.8367346938775511,0.8367346938775511,0.0
google_robot_move_near__seed031__step040,move_near,31,exploration,11,0.4508726624533122,0.3940144699224806,0.9110729352665592,0.7942941411768737,0.1167787940896855,0.8367346938775511,0.7647058823529411,0.07202881152460994
google_robot_move_near__seed031__step040,move_near,31,exploration,12,0.3961798252456343,0.3393216327148027,0.9973550271550837,0.9085741849469198,0.08878084220816396,0.9565217391304348,0.8,0.15652173913043477
google_robot_move_near__seed031__step040,move_near,31,exploration,13,0.555565932030767,0.4987077394999354,0.9827322729312741,0.9507679717044839,0.03196430122679017,0.9565217391304348,0.8367346938775511,0.11978704525288375
google_robot_move_near__seed031__step040,move_near,31,exploration,14,0.4952755528741996,0.43841736034336803,0.9688876329944628,0.955639708859848,0.013247924134614841,0.9148936170212766,0.8367346938775511,0.07815892314372552
google_robot_move_near__seed031__step040,move_near,31,exploration,15,0.5012321400469274,0.4443739475160958,0.9327898658032215,0.9424428677581788,-0.009653001954957219,0.9148936170212766,0.8367346938775511,0.07815892314372552
google_robot_move_near__seed031__step040,move_near,31,exploration,16,0.4184850062235008,0.36162681369266925,0.9650291081767723,0.8810326820882214,0.08399642608855096,0.9148936170212766,0.875,0.039893617021276584
google_robot_move_near__seed031__step040,move_near,31,exploration,17,0.2942473449935021,0.23738915246267048,0.9936022069586002,0.8746768293856034,0.11892537757299682,0.9565217391304348,0.8367346938775511,0.11978704525288375
google_robot_move_near__seed031__step040,move_near,31,exploration,18,0.2939406951773979,0.2370825026465663,0.9977592079726655,0.721452419365074,0.2763067886075915,0.9565217391304348,0.9148936170212766,0.04162812210915823
google_robot_move_near__seed031__step040,move_near,31,exploration,19,0.32689234864183225,0.2700341561110007,0.8228812363658257,0.7409603701983615,0.08192086616746419,0.9565217391304348,0.875,0.08152173913043481
google_robot_move_near__seed031__step040,move_near,31,exploration,20,0.2763149768716901,0.2194567843408585,0.9792601835215282,1.0,-0.020739816478471784,0.9565217391304348,1.0,-0.04347826086956519
google_robot_move_near__seed031__step040,move_near,31,exploration,21,0.258681900136823,0.20182370760599141,0.8075203125878888,0.7376123603208612,0.06990795226702762,0.9565217391304348,0.9148936170212766,0.04162812210915823
google_robot_move_near__seed031__step040,move_near,31,exploration,22,0.240882180445517,0.1840239879146854,0.9954456835541929,0.9797023907229039,0.015743292831289057,0.9565217391304348,0.9565217391304348,0.0
google_robot_move_near__seed031__step040,move_near,31,exploration,23,0.2281458732062014,0.17128768067536979,1.0,1.0,0.0,1.0,1.0,0.0
google_robot_move_near__seed031__step040,move_near,31,exploration,24,0.252856220613685,0.1959980280828534,1.0,0.9757592397314196,0.024240760268580352,1.0,0.9565217391304348,0.04347826086956519
google_robot_move_near__seed031__step040,move_near,31,exploration,25,0.28752559090679647,0.23066739837596487,0.9478548393408411,0.9601518566268078,-0.01229701728596666,0.9565217391304348,0.9565217391304348,0.0
google_robot_move_near__seed031__step040,move_near,31,exploration,26,0.21859766542587047,0.16173947289503887,0.9807981667369555,0.9384365916988543,0.04236157503810123,0.9565217391304348,0.9565217391304348,0.0
google_robot_move_near__seed031__step040,move_near,31,exploration,27,0.1435622606972777,0.0867040681664461,0.9779631692861676,0.8621177856324417,0.11584538365372588,0.9565217391304348,0.9148936170212766,0.04162812210915823
google_robot_move_near__seed031__step040,move_near,31,exploration,28,0.3000854506282305,0.2432272580973989,0.9903420613591135,0.8083511922579739,0.1819908691011396,0.9148936170212766,0.9565217391304348,-0.04162812210915823
google_robot_move_near__seed031__step040,move_near,31,exploration,29,0.2316426460781741,0.1747844535473425,1.0,0.9986738419583051,0.0013261580416948915,1.0,0.9565217391304348,0.04347826086956519
google_robot_move_near__seed031__step040,move_near,31,exploration,30,0.17983623422916614,0.12297804169833454,0.9931998627429879,0.9749554307846923,0.018244431958295615,0.9565217391304348,0.9148936170212766,0.04162812210915823
google_robot_move_near__seed031__step040,move_near,31,exploration,31,0.18567858080082014,0.12882038826998854,1.0,1.0,0.0,1.0,1.0,0.0
google_robot_move_near__seed031__step071,move_near,31,exploration,0,0.511347046833757,0.7864260568106394,0.9249632962623764,1.0,-0.07503670373762361,0.9444444444444444,1.0,-0.05555555555555558
google_robot_move_near__seed031__step071,move_near,31,exploration,1,0.46055778443230705,0.7356367944091895,1.0,1.0,0.0,1.0,1.0,0.0
google_robot_move_near__seed031__step071,move_near,31,exploration,2,0.3718798825907465,0.646958892567629,0.972759871021391,0.8548962730209019,0.11786359800048918,0.9444444444444444,0.9444444444444444,0.0
google_robot_move_near__seed031__step071,move_near,31,exploration,3,0.44843484687122603,0.7235138568481085,1.0,0.9420587839864233,0.05794121601357671,1.0,0.9444444444444444,0.05555555555555558
google_robot_move_near__seed031__step071,move_near,31,exploration,4,0.46680733416407144,0.7418863441409539,0.8776666701101695,0.9729073251538382,-0.09524065504366863,0.9444444444444444,0.9444444444444444,0.0
google_robot_move_near__seed031__step071,move_near,31,exploration,5,0.5554164905467399,0.8304955005236223,0.9933021791652091,0.9949961737358897,-0.0016939945706805348,0.9444444444444444,0.9444444444444444,0.0
google_robot_move_near__seed031__step071,move_near,31,exploration,6,0.4204066531608253,0.6954856631377078,1.0,1.0,0.0,1.0,1.0,0.0
google_robot_move_near__seed031__step071,move_near,31,exploration,7,0.6179178815165137,0.8929968914933961,0.9611094605548202,0.9477408033445919,0.013368657210228285,0.8918918918918919,0.8918918918918919,0.0
google_robot_move_near__seed031__step071,move_near,31,exploration,8,0.44632331281213133,0.7214023227890138,0.9918164081255583,0.9538210558340182,0.03799535229154005,0.9444444444444444,0.8421052631578947,0.10233918128654973
google_robot_move_near__seed031__step071,move_near,31,exploration,9,0.5372263545526128,0.8123053645294953,0.9900319024863062,0.9699411985692188,0.02009070391708745,0.8918918918918919,0.8421052631578947,0.049786628733997196
google_robot_move_near__seed031__step071,move_near,31,exploration,10,0.5213817776712525,0.7964607876481349,0.9094941984018945,0.965552481933661,-0.05605828353176656,0.8421052631578947,0.7948717948717948,0.04723346828609987
google_robot_move_near__seed031__step071,move_near,31,exploration,11,0.6048845496867459,0.8799635596636284,0.9553744326161486,0.8924357572960314,0.06293867532011721,0.8918918918918919,0.75,0.14189189189189189
google_robot_move_near__seed031__step071,move_near,31,exploration,12,0.5433808103989909,0.8184598203758733,0.9733214312812759,0.9847827785035973,-0.011461347222321394,0.8918918918918919,0.9444444444444444,-0.052552552552552534
google_robot_move_near__seed031__step071,move_near,31,exploration,13,0.4557077633899409,0.7307867733668234,0.979566000997348,0.9369645335261986,0.04260146747114946,0.8918918918918919,0.8421052631578947,0.049786628733997196
google_robot_move_near__seed031__step071,move_near,31,exploration,14,0.439847514178663,0.7149265241555455,0.9486762905294547,0.9238285884759253,0.024847702053529375,0.8918918918918919,0.8421052631578947,0.049786628733997196
google_robot_move_near__seed031__step071,move_near,31,exploration,15,0.5145194704496722,0.7895984804265546,1.0,0.9029488211601414,0.09705117883985859,1.0,0.8421052631578947,0.1578947368421053
google_robot_move_near__seed031__step071,move_near,31,exploration,16,0.4755002385555788,0.7505792485324613,1.0,0.9839834545358785,0.016016545464121457,1.0,0.8918918918918919,0.10810810810810811
google_robot_move_near__seed031__step071,move_near,31,exploration,17,0.3378978683767031,0.6129768783535856,1.0,0.89449061535941,0.10550938464059001,1.0,0.8918918918918919,0.10810810810810811
google_robot_move_near__seed031__step071,move_near,31,exploration,18,0.5045249435023889,0.7796039534792714,0.8114572374508047,0.6370059914271254,0.17445124602367923,0.9444444444444444,0.8421052631578947,0.10233918128654973
google_robot_move_near__seed031__step071,move_near,31,exploration,19,0.4432058841112471,0.7182848940881296,0.9267637795726195,0.9511978705482914,-0.02443409097567195,0.9444444444444444,0.9444444444444444,0.0
google_robot_move_near__seed031__step071,move_near,31,exploration,20,0.46556519721534334,0.7406442071922258,0.9947923957085449,0.9926929543583762,0.002099441350168707,0.9444444444444444,0.9444444444444444,0.0
google_robot_move_near__seed031__step071,move_near,31,exploration,21,0.4103080273573135,0.6853870373341959,1.0,0.8625638644816472,0.13743613551835276,1.0,0.8918918918918919,0.10810810810810811
google_robot_move_near__seed031__step071,move_near,31,exploration,22,0.4599831950770572,0.7350622050539397,0.985829930179123,0.9882800913715036,-0.0024501611923806177,0.9444444444444444,0.9444444444444444,0.0
google_robot_move_near__seed031__step071,move_near,31,exploration,23,0.33223600639767553,0.607315016374558,0.9758808278599708,0.96609713542825,0.009783692431720725,0.9444444444444444,0.9444444444444444,0.0
google_robot_move_near__seed031__step071,move_near,31,exploration,24,0.4091134638220455,0.684192473798928,0.9789824201824558,0.9793263512594045,-0.0003439310769486337,0.9444444444444444,0.8918918918918919,0.052552552552552534
google_robot_move_near__seed031__step071,move_near,31,exploration,25,0.4094228429779176,0.6845018529548,1.0,0.945714490431896,0.05428550956810396,1.0,0.9444444444444444,0.05555555555555558
google_robot_move_near__seed031__step071,move_near,31,exploration,26,0.3940319876251472,0.6691109976020296,1.0,1.0,0.0,1.0,1.0,0.0
google_robot_move_near__seed031__step071,move_near,31,exploration,27,0.3940319876251472,0.6691109976020296,1.0,1.0,0.0,1.0,1.0,0.0
google_robot_move_near__seed031__step071,move_near,31,exploration,28,0.3660872788649312,0.6411662888418137,1.0,1.0,0.0,1.0,1.0,0.0
google_robot_move_near__seed031__step071,move_near,31,exploration,29,0.48986851549336347,0.7649475254702459,1.0,0.965522439999075,0.034477560000924945,1.0,0.9444444444444444,0.05555555555555558
google_robot_move_near__seed031__step071,move_near,31,exploration,30,0.48986851549336347,0.7649475254702459,1.0,1.0,0.0,1.0,1.0,0.0
google_robot_move_near__seed031__step071,move_near,31,exploration,31,0.4285120633155341,0.7035910732924165,1.0,1.0,0.0,1.0,1.0,0.0
google_robot_move_near__seed073__step008,move_near,73,exploration,0,0.528942805323382,0.2809078563619476,0.9999999999999999,0.9999999999999999,0.0,1.0,1.0,0.0
google_robot_move_near__seed073__step008,move_near,73,exploration,1,0.504946095622966,0.2569111466615316,0.9916671295352514,0.9916671295352514,0.0,0.95,0.95,0.0
google_robot_move_near__seed073__step008,move_near,73,exploration,2,0.4111792034511545,0.1631442544897201,1.0,1.0,0.0,1.0,1.0,0.0
google_robot_move_near__seed073__step008,move_near,73,exploration,3,0.47303617887149835,0.22500122991006394,1.0,1.0,0.0,1.0,1.0,0.0
google_robot_move_near__seed073__step008,move_near,73,exploration,4,0.4841938070506318,0.2361588580891974,0.9976085371008865,0.9976085371008865,0.0,0.95,0.95,0.0
google_robot_move_near__seed073__step008,move_near,73,exploration,5,0.4901178219896325,0.2420828730281981,0.9925342072453001,0.9925342072453001,0.0,0.95,0.95,0.0
google_robot_move_near__seed073__step008,move_near,73,exploration,6,0.514637230124857,0.26660228116342255,0.9905268025335504,0.9985356896124603,-0.008008887078909899,0.95,0.95,0.0
google_robot_move_near__seed073__step008,move_near,73,exploration,7,0.5393835285223246,0.2913485795608902,0.9811598594356767,0.9939156972131601,-0.012755837777483348,0.9024390243902439,0.9024390243902439,0.0
google_robot_move_near__seed073__step008,move_near,73,exploration,8,0.4954495935089585,0.2474146445475241,0.9753832862711421,0.9437782845347723,0.03160500173636982,0.9024390243902439,0.8571428571428571,0.04529616724738683
google_robot_move_near__seed073__step008,move_near,73,exploration,9,0.5208051951041496,0.27277024614271517,0.9888422386672341,0.9925850575108015,-0.0037428188435674192,0.8571428571428571,0.8571428571428571,0.0
google_robot_move_near__seed073__step008,move_near,73,exploration,10,0.5349341664304901,0.28689921746905567,0.9671903999132149,0.9367623048730304,0.03042809504018451,0.95,0.813953488372093,0.13604651162790693
google_robot_move_near__seed073__step008,move_near,73,exploration,11,0.3991120223911719,0.15107707342973747,0.938933013311353,0.7968908731165686,0.14204214019478445,0.9024390243902439,0.7333333333333333,0.16910569105691065
google_robot_move_near__seed073__step008,move_near,73,exploration,12,0.5272798690927812,0.27924492013134683,0.9709649183715894,0.940306448910679,0.03065846946091033,0.9024390243902439,0.8571428571428571,0.04529616724738683
google_robot_move_near__seed073__step008,move_near,73,exploration,13,0.46092443424548724,0.21288948528405283,0.9898167381398917,0.9881219688882181,0.0016947692516735557,0.95,0.8571428571428571,0.09285714285714286
google_robot_move_near__seed073__step008,move_near,73,exploration,14,0.37940505643717315,0.13137010747573874,1.0,0.6508423746228291,0.3491576253771709,1.0,0.625,0.375
google_robot_move_near__seed073__step008,move_near,73,exploration,15,0.5278983997840406,0.2798634508226062,0.9863202184873815,0.9015467718418053,0.08477344664557618,0.9024390243902439,0.7333333333333333,0.16910569105691065
google_robot_move_near__seed073__step008,move_near,73,exploration,16,0.5456095679892866,0.2975746190278522,1.0000000000000002,0.9665253145007346,0.03347468549926558,1.0,0.8571428571428571,0.1428571428571429
google_robot_move_near__seed073__step008,move_near,73,exploration,17,0.40157067284816267,0.15353572388672826,0.987999220928416,0.9852742119646428,0.0027250089637731456,0.9024390243902439,0.8571428571428571,0.04529616724738683
google_robot_move_near__seed073__step008,move_near,73,exploration,18,0.3867521378275233,0.13871718886608891,1.0,0.981792642412067,0.018207357587933015,1.0,0.9024390243902439,0.09756097560975607
google_robot_move_near__seed073__step008,move_near,73,exploration,19,0.452688906398635,0.2046539574372006,0.9839244062513055,0.9971029544681279,-0.013178548216822406,0.95,0.95,0.0
google_robot_move_near__seed073__step008,move_near,73,exploration,20,0.3930824700584518,0.1450475210970174,0.9833416642500373,0.9971246642160937,-0.013782999966056364,0.95,0.95,0.0
google_robot_move_near__seed073__step008,move_near,73,exploration,21,0.4302960925689449,0.1822611436075105,0.8411241843646753,0.9830168202183197,-0.14189263585364442,0.95,0.9024390243902439,0.04756097560975603
google_robot_move_near__seed073__step008,move_near,73,exploration,22,0.4578282103742468,0.2097932614128124,0.9979502101401683,0.9904875241956944,0.007462685944473857,0.95,0.9024390243902439,0.04756097560975603
google_robot_move_near__seed073__step008,move_near,73,exploration,23,0.35695302009897567,0.10891807113754126,1.0,1.0,0.0,1.0,1.0,0.0
google_robot_move_near__seed073__step008,move_near,73,exploration,24,0.4133038656394181,0.1652689166779837,1.0,0.9057149978086789,0.09428500219132108,1.0,0.9024390243902439,0.09756097560975607
google_robot_move_near__seed073__step008,move_near,73,exploration,25,0.38293495504840663,0.13490000608697222,0.9245318199758382,0.9245318199758382,0.0,0.95,0.95,0.0
google_robot_move_near__seed073__step008,move_near,73,exploration,26,0.5151408929188439,0.2671059439574095,0.9253290622344775,1.0000000000000002,-0.0746709377655227,0.95,1.0,-0.050000000000000044
google_robot_move_near__seed073__step008,move_near,73,exploration,27,0.4488069887364698,0.20077203977503538,0.9965904422940627,0.9726859359402403,0.023904506353822352,0.95,0.95,0.0
google_robot_move_near__seed073__step008,move_near,73,exploration,28,0.5486159468066145,0.3005809978451801,0.9861435324268982,0.9052980972040108,0.08084543522288745,0.95,0.9024390243902439,0.04756097560975603
google_robot_move_near__seed073__step008,move_near,73,exploration,29,0.48562201089910034,0.23758706193766593,1.0,0.9703722679039012,0.029627732096098813,1.0,0.95,0.050000000000000044
google_robot_move_near__seed073__step008,move_near,73,exploration,30,0.34648092976563744,0.09844598080420303,0.9854661418113039,0.8819052441188354,0.10356089769246846,0.95,0.9024390243902439,0.04756097560975603
google_robot_move_near__seed073__step008,move_near,73,exploration,31,0.353777320590077,0.10574237162864258,1.0,0.9006626127362686,0.09933738726373142,1.0,0.95,0.050000000000000044
google_robot_move_near__seed073__step040,move_near,73,exploration,0,0.32111037096297435,0.3977812117262769,1.0,1.0,0.0,1.0,1.0,0.0
google_robot_move_near__seed073__step040,move_near,73,exploration,1,0.4133432062386697,0.49001404700197226,1.0,1.0,0.0,1.0,1.0,0.0
google_robot_move_near__seed073__step040,move_near,73,exploration,2,0.4173021588559502,0.4939729996192527,0.9643522255178958,0.9810632951249532,-0.01671106960705737,0.9436619718309859,0.9714285714285714,-0.02776659959758554
google_robot_move_near__seed073__step040,move_near,73,exploration,3,0.37128749760620156,0.44795833836950405,1.0,0.9638008074228196,0.036199192577180406,1.0,0.9714285714285714,0.02857142857142858
google_robot_move_near__seed073__step040,move_near,73,exploration,4,0.40946820098838094,0.48613904175168343,0.959221477388197,0.9317865562323607,0.027434921155836234,0.9714285714285714,0.9714285714285714,0.0
google_robot_move_near__seed073__step040,move_near,73,exploration,5,0.3755310186353377,0.4522018593986402,0.9939665311067741,0.9309194136546383,0.06304711745213587,0.9714285714285714,0.9436619718309859,0.02776659959758554
google_robot_move_near__seed073__step040,move_near,73,exploration,6,0.412446458480986,0.4891172992442885,0.9756143810228112,0.9772721789415578,-0.0016577979187466507,0.9436619718309859,0.9436619718309859,0.0
google_robot_move_near__seed073__step040,move_near,73,exploration,7,0.4029646123976421,0.4796354531609446,0.9398754825918793,0.9295713776034727,0.010304104988406504,0.9166666666666666,0.9166666666666666,0.0
google_robot_move_near__seed073__step040,move_near,73,exploration,8,0.39526933617038745,0.47194017693368995,1.0,0.9794691754140782,0.020530824585921814,1.0,0.9714285714285714,0.02857142857142858
google_robot_move_near__seed073__step040,move_near,73,exploration,9,0.4712360289669295,0.5479068697302321,0.7625625899758884,0.7687248340297278,-0.006162244053839361,0.8648648648648649,0.8904109589041096,-0.025546094039244682
google_robot_move_near__seed073__step040,move_near,73,exploration,10,0.4122529327574629,0.48892377352076544,0.8891538805416598,0.710476212129009,0.17867766841265076,0.9166666666666666,0.8904109589041096,0.026255707762557035
google_robot_move_near__seed073__step040,move_near,73,exploration,11,0.33157673907183555,0.40824757983513804,0.9908174888936231,0.7836662852219581,0.20715120367166495,0.9166666666666666,0.8157894736842105,0.10087719298245612
google_robot_move_near__seed073__step040,move_near,73,exploration,12,0.4134702619845503,0.49014110274785283,0.9919216672337204,0.9716646768158599,0.020256990417860554,0.9436619718309859,0.9166666666666666,0.02699530516431925
google_robot_move_near__seed073__step040,move_near,73,exploration,13,0.38255434224372237,0.45922518300702486,0.9454377800731564,0.9311792424156168,0.014258537657539594,0.8904109589041096,0.84,0.050410958904109626
google_robot_move_near__seed073__step040,move_near,73,exploration,14,0.41121044513952526,0.48788128590282775,0.990498242863734,0.9976952063944989,-0.007196963530764933,0.9714285714285714,0.9714285714285714,0.0
google_robot_move_near__seed073__step040,move_near,73,exploration,15,0.4492329484170105,0.525903789180313,0.9144129712082482,0.9675871092950626,-0.05317413808681448,0.9436619718309859,0.9166666666666666,0.02699530516431925
google_robot_move_near__seed073__step040,move_near,73,exploration,16,0.3952021595179929,0.4718730002812954,0.9521288578256587,0.8753460767688476,0.07678278105681113,0.9714285714285714,0.8904109589041096,0.08101761252446182
google_robot_move_near__seed073__step040,move_near,73,exploration,17,0.3895875966063143,0.4662584373696168,0.9962465478234629,0.9788030740487915,0.01744347377467137,0.9714285714285714,0.9166666666666666,0.05476190476190479
google_robot_move_near__seed073__step040,move_near,73,exploration,18,0.37293167718171344,0.44960251794501593,0.9622319113625917,0.9944705554322845,-0.03223864406969279,0.9436619718309859,0.9714285714285714,-0.02776659959758554
google_robot_move_near__seed073__step040,move_near,73,exploration,19,0.42417358948964373,0.5008444302529462,0.9792559884612203,0.8196568874409338,0.15959910102028652,0.9436619718309859,0.8904109589041096,0.053251012926876284
google_robot_move_near__seed073__step040,move_near,73,exploration,20,0.4324253304592645,0.509096171222567,0.9750915089663329,0.9796913472991098,-0.004599838332776884,0.9436619718309859,0.9714285714285714,-0.02776659959758554
google_robot_move_near__seed073__step040,move_near,73,exploration,21,0.4074826733423446,0.4841535141056471,0.9733883734032083,0.919082296649972,0.05430607675323629,0.9714285714285714,0.9436619718309859,0.02776659959758554
google_robot_move_near__seed073__step040,move_near,73,exploration,22,0.34210747126119356,0.4187783120244961,0.9962738556054621,0.8976712112486331,0.09860264435682897,0.9714285714285714,0.9166666666666666,0.05476190476190479
google_robot_move_near__seed073__step040,move_near,73,exploration,23,0.3790877724336903,0.45575861319699285,0.8850421963206209,0.9686585190372754,-0.08361632271665453,0.9714285714285714,0.9714285714285714,0.0
google_robot_move_near__seed073__step040,move_near,73,exploration,24,0.44735228083566897,0.5240231215989715,0.8238797746047378,0.8924290701337255,-0.0685492955289877,0.9436619718309859,0.9436619718309859,0.0
google_robot_move_near__seed073__step040,move_near,73,exploration,25,0.31382983292915323,0.3905006736924558,0.9719285221737805,0.9722579761376392,-0.00032945396385875014,0.9714285714285714,0.9714285714285714,0.0
google_robot_move_near__seed073__step040,move_near,73,exploration,26,0.35360010014506976,0.43027094090837226,1.0,0.9769410843482591,0.023058915651740897,1.0,0.9714285714285714,0.02857142857142858
google_robot_move_near__seed073__step040,move_near,73,exploration,27,0.4407084447857186,0.5173792855490211,0.9202631957359785,0.9202631957359785,0.0,0.9714285714285714,0.9714285714285714,0.0
google_robot_move_near__seed073__step040,move_near,73,exploration,28,0.41512482637817394,0.4917956671414765,0.967264221533039,0.9655343617848228,0.001729859748216267,0.9436619718309859,0.9714285714285714,-0.02776659959758554
google_robot_move_near__seed073__step040,move_near,73,exploration,29,0.39297443482396055,0.4696452755872631,0.9789088850348368,0.982207851832408,-0.0032989667975712456,0.9714285714285714,0.9436619718309859,0.02776659959758554
google_robot_move_near__seed073__step040,move_near,73,exploration,30,0.2603054804992527,0.33697632126255517,0.9731743684512647,0.9832670878306905,-0.010092719379425796,0.9436619718309859,0.9436619718309859,0.0
google_robot_move_near__seed073__step040,move_near,73,exploration,31,0.27334654688347354,0.35001738764677603,0.9528381317214825,0.9673025184596774,-0.014464386738194945,0.9436619718309859,0.9436619718309859,0.0
google_robot_move_near__seed073__step071,move_near,73,exploration,0,0.7647315707809496,0.7142939896902949,0.9553653483471202,1.0,-0.04463465165287983,0.9574468085106383,1.0,-0.04255319148936165
google_robot_move_near__seed073__step071,move_near,73,exploration,1,0.732558824649748,0.6821212435590933,1.0,0.9720818595796145,0.02791814042038554,1.0,0.9574468085106383,0.04255319148936165
google_robot_move_near__seed073__step071,move_near,73,exploration,2,0.683695178478774,0.6332575973881194,0.9854548831161667,0.9958395707015216,-0.010384687585354935,0.9574468085106383,0.9574468085106383,0.0
google_robot_move_near__seed073__step071,move_near,73,exploration,3,0.6842104887711659,0.6337729076805112,1.0,1.0,0.0,1.0,1.0,0.0
google_robot_move_near__seed073__step071,move_near,73,exploration,4,0.7157958840187271,0.6653583029280724,1.0,0.9943220019199025,0.005677998080097502,1.0,0.9574468085106383,0.04255319148936165
google_robot_move_near__seed073__step071,move_near,73,exploration,5,0.7411282657775695,0.6906906846869149,1.0,1.0,0.0,1.0,1.0,0.0
google_robot_move_near__seed073__step071,move_near,73,exploration,6,0.7710715898779378,0.7206340087872831,0.9646323567454728,0.9298951673242808,0.03473718942119197,0.9166666666666666,0.9166666666666666,0.0
google_robot_move_near__seed073__step071,move_near,73,exploration,7,0.594152715611612,0.5437151345209573,0.9017256301951576,0.7966760968397661,0.10504953335539147,0.9574468085106383,0.9166666666666666,0.04078014184397172
google_robot_move_near__seed073__step071,move_near,73,exploration,8,0.40700015492755764,0.35656257383690293,1.0,0.9838070895446297,0.016192910455370302,1.0,0.9574468085106383,0.04255319148936165
google_robot_move_near__seed073__step071,move_near,73,exploration,9,0.5995584218468061,0.5491208407561514,1.0,0.9925511554088681,0.007448844591131931,1.0,0.9166666666666666,0.08333333333333337
google_robot_move_near__seed073__step071,move_near,73,exploration,10,0.7771796942686967,0.726742113178042,0.9910300715670085,0.9629867140300566,0.028043357536951863,0.9574468085106383,0.9166666666666666,0.04078014184397172
google_robot_move_near__seed073__step071,move_near,73,exploration,11,0.16537955051758826,0.11494196942693358,0.6186934811692306,0.5133843117881804,0.10530916938105017,0.8775510204081632,0.803921568627451,0.07362945178071223
google_robot_move_near__seed073__step071,move_near,73,exploration,12,0.6282273144591982,0.5777897333685436,0.9864415023272755,0.7854352706377371,0.20100623168953835,0.9574468085106383,0.9166666666666666,0.04078014184397172
google_robot_move_near__seed073__step071,move_near,73,exploration,13,0.7931058930066515,0.7426683119159968,1.0,0.9687377725603193,0.03126222743968066,1.0,0.84,0.16000000000000003
google_robot_move_near__seed073__step071,move_near,73,exploration,14,0.439357216362445,0.3889196352717903,0.9896394689258589,0.9111505409375278,0.07848892798833107,0.9574468085106383,0.9166666666666666,0.04078014184397172
google_robot_move_near__seed073__step071,move_near,73,exploration,15,0.7813561443202793,0.7309185632296247,0.9860201253909183,0.9758741173190294,0.010146008071888923,0.9574468085106383,0.9166666666666666,0.04078014184397172
google_robot_move_near__seed073__step071,move_near,73,exploration,16,0.8188671629550922,0.7684295818644375,1.0,0.960095769822077,0.039904230177922995,1.0,0.8775510204081632,0.12244897959183676
google_robot_move_near__seed073__step071,move_near,73,exploration,17,0.6584043274532951,0.6079667463626405,0.6072826987391777,0.8951499750699278,-0.28786727633075004,0.9166666666666666,0.9166666666666666,0.0
google_robot_move_near__seed073__step071,move_near,73,exploration,18,0.25717881103498735,0.20674122994433267,0.8788833273317868,0.8788833273317868,0.0,0.9574468085106383,0.9574468085106383,0.0
google_robot_move_near__seed073__step071,move_near,73,exploration,19,0.573575046519611,0.5231374654289563,0.7967990634183564,1.0,-0.20320093658164362,0.9574468085106383,1.0,-0.04255319148936165
google_robot_move_near__seed073__step071,move_near,73,exploration,20,0.1956931895372187,0.14525560844656402,0.642125365468332,0.9894934766972474,-0.3473681112289154,0.9166666666666666,0.9166666666666666,0.0
google_robot_move_near__seed073__step071,move_near,73,exploration,21,0.46351415511813143,0.4130765740274768,0.9962066551989132,0.8026145007821269,0.19359215441678623,0.9574468085106383,0.9166666666666666,0.04078014184397172
google_robot_move_near__seed073__step071,move_near,73,exploration,22,0.6817369394098689,0.6312993583192142,0.8478970841459382,0.8309575840288078,0.016939500117130413,0.8775510204081632,0.84,0.03755102040816327
google_robot_move_near__seed073__step071,move_near,73,exploration,23,0.7033765853594919,0.6529390042688372,0.9510823213735007,0.953962670851169,-0.0028803494776683536,0.9574468085106383,0.9166666666666666,0.04078014184397172
google_robot_move_near__seed073__step071,move_near,73,exploration,24,0.715815487814325,0.6653779067236704,0.9960474880458371,0.9909842279233522,0.005063260122484925,0.9166666666666666,0.9166666666666666,0.0
google_robot_move_near__seed073__step071,move_near,73,exploration,25,0.5449562372571439,0.49451865616648927,1.0,1.0,0.0,1.0,1.0,0.0
google_robot_move_near__seed073__step071,move_near,73,exploration,26,0.5852019510864829,0.5347643699958282,0.993979121136341,0.9540908608856061,0.039888260250734886,0.9166666666666666,0.9166666666666666,0.0
google_robot_move_near__seed073__step071,move_near,73,exploration,27,0.4538908905124179,0.40345330942176316,0.9986993373811517,0.7746438143756387,0.224055523005513,0.9574468085106383,0.9166666666666666,0.04078014184397172
google_robot_move_near__seed073__step071,move_near,73,exploration,28,0.517448903974558,0.46701132288390335,0.9717811655645642,1.0,-0.028218834435435824,0.9574468085106383,1.0,-0.04255319148936165
google_robot_move_near__seed073__step071,move_near,73,exploration,29,0.03292241688928462,-0.017515164201370066,0.9899986640437977,0.9277109612412456,0.062287702802552025,0.9166666666666666,0.9166666666666666,0.0
google_robot_move_near__seed073__step071,move_near,73,exploration,30,0.23259054360668716,0.18215296251603247,1.0,0.9932011308150899,0.006798869184910128,1.0,0.9574468085106383,0.04255319148936165
google_robot_move_near__seed073__step071,move_near,73,exploration,31,0.012039741099070337,-0.03839783999158435,0.9110884189537778,0.9888315616606437,-0.07774314270686589,0.9574468085106383,0.9166666666666666,0.04078014184397172
google_robot_move_near__seed089__step008,move_near,89,validation,0,0.3225574192663776,0.2310461111669393,1.0,1.0,0.0,1.0,1.0,0.0
google_robot_move_near__seed089__step008,move_near,89,validation,1,0.4694445031381747,0.3779331950387364,0.964748771041383,0.9560524987185594,0.008696272322823662,0.9487179487179487,0.9487179487179487,0.0
google_robot_move_near__seed089__step008,move_near,89,validation,2,0.31275734114381676,0.22124603304437845,0.9963174790211736,0.9971228921353382,-0.0008054131141645993,0.9487179487179487,0.9487179487179487,0.0
google_robot_move_near__seed089__step008,move_near,89,validation,3,0.2747656564520106,0.18325434835257232,0.9976626611675483,0.9976626611675483,0.0,0.9487179487179487,0.9487179487179487,0.0
google_robot_move_near__seed089__step008,move_near,89,validation,4,0.35303011076046525,0.26151880266102695,0.9749384469721513,0.9923885708692536,-0.01745012389710232,0.9487179487179487,0.9487179487179487,0.0
google_robot_move_near__seed089__step008,move_near,89,validation,5,0.29283625835633753,0.20132495025689923,1.0,1.0,0.0,1.0,1.0,0.0
google_robot_move_near__seed089__step008,move_near,89,validation,6,0.41984574520930407,0.32833443710986576,0.9340111501969846,0.9850263199771788,-0.05101516978019427,0.9,0.9487179487179487,-0.048717948717948656
google_robot_move_near__seed089__step008,move_near,89,validation,7,0.36345585267077246,0.27194454457133416,0.7491949288206228,0.8051988840396472,-0.05600395521902446,0.9,0.8095238095238095,0.09047619047619049
google_robot_move_near__seed089__step008,move_near,89,validation,8,0.48921043308168116,0.39769912498224286,0.9292988089188646,0.9183854515580506,0.010913357360814002,0.9,0.8536585365853658,0.04634146341463419
google_robot_move_near__seed089__step008,move_near,89,validation,9,0.39794857735529815,0.30643726925585985,1.0,0.9364262518460613,0.06357374815393868,1.0,0.8536585365853658,0.14634146341463417
google_robot_move_near__seed089__step008,move_near,89,validation,10,0.4175091221417397,0.3259978140423014,0.9700197529285487,0.9090510495176357,0.06096870341091298,0.9487179487179487,0.8536585365853658,0.09505941213258284
google_robot_move_near__seed089__step008,move_near,89,validation,11,0.3147255827972237,0.22321427469778538,0.615659418038212,0.5923394432011159,0.023319974837096136,0.8536585365853658,0.7272727272727273,0.12638580931263854
google_robot_move_near__seed089__step008,move_near,89,validation,12,0.4816228345529932,0.3901115264535549,1.0,0.9903531331521137,0.009646866847886293,1.0,0.9487179487179487,0.05128205128205132
google_robot_move_near__seed089__step008,move_near,89,validation,13,0.25006391685415136,0.15855260875471305,0.9773824708795726,0.827429802837388,0.14995266804218466,0.9487179487179487,0.8536585365853658,0.09505941213258284
google_robot_move_near__seed089__step008,move_near,89,validation,14,0.2995543392912826,0.2080430311918443,0.9774391761654502,0.6752918975825724,0.3021472785828778,0.9487179487179487,0.5833333333333334,0.3653846153846153
google_robot_move_near__seed089__step008,move_near,89,validation,15,0.37185880072043326,0.28034749262099495,0.7219483600744055,0.7603095828143478,-0.03836122273994225,0.8536585365853658,0.7272727272727273,0.12638580931263854
google_robot_move_near__seed089__step008,move_near,89,validation,16,0.43122361123071395,0.33971230313127565,0.9280903009122953,0.9103975990180312,0.017692701894264085,0.9,0.7674418604651163,0.1325581395348837
google_robot_move_near__seed089__step008,move_near,89,validation,17,0.3452410753714872,0.2537297672720489,0.9014607051640681,0.8655568687157431,0.035903836448324955,0.9487179487179487,0.8095238095238095,0.13919413919413914
google_robot_move_near__seed089__step008,move_near,89,validation,18,0.18673986361741304,0.09522855551797474,0.9671637335648003,0.8134040161604331,0.15375971740436722,0.8536585365853658,0.8095238095238095,0.0441347270615563
google_robot_move_near__seed089__step008,move_near,89,validation,19,0.3298711137966754,0.23835980569723708,0.9843693729058557,0.9862759639965271,-0.0019065910906713723,0.9,0.9,0.0
google_robot_move_near__seed089__step008,move_near,89,validation,20,0.28672284977370405,0.19521154167426574,0.9955460209995087,0.9816625282853769,0.013883492714131807,0.9487179487179487,0.9487179487179487,0.0
google_robot_move_near__seed089__step008,move_near,89,validation,21,0.231619688053072,0.1401083799536337,0.9703313074175911,0.9561219881067604,0.014209319310830693,0.9487179487179487,0.9487179487179487,0.0
google_robot_move_near__seed089__step008,move_near,89,validation,22,0.2611067694601458,0.16959546136070752,0.9208332428127944,0.9803964143340527,-0.05956317152125823,0.9487179487179487,0.9487179487179487,0.0
google_robot_move_near__seed089__step008,move_near,89,validation,23,0.2963689250669414,0.2048576169675031,0.9970416675372671,1.0000000000000002,-0.0029583324627331375,0.9487179487179487,1.0,-0.05128205128205132
google_robot_move_near__seed089__step008,move_near,89,validation,24,0.22827146416797384,0.13676015606853553,0.9247698442894232,0.8534150161778871,0.07135482811153615,0.9,0.8095238095238095,0.09047619047619049
google_robot_move_near__seed089__step008,move_near,89,validation,25,0.24317419421540606,0.15166288611596776,0.9300914464106045,0.9300914464106045,0.0,0.9487179487179487,0.9487179487179487,0.0
google_robot_move_near__seed089__step008,move_near,89,validation,26,0.2359364896990496,0.1444251815996113,1.0,0.9655372512757753,0.03446274872422472,1.0,0.9487179487179487,0.05128205128205132
google_robot_move_near__seed089__step008,move_near,89,validation,27,0.21940785196627957,0.12789654386684127,0.9959293462483689,0.9959293462483689,0.0,0.9487179487179487,0.9487179487179487,0.0
google_robot_move_near__seed089__step008,move_near,89,validation,28,0.2801614220667567,0.1886501139673184,1.0,0.9784450936349507,0.02155490636504931,1.0,0.9487179487179487,0.05128205128205132
google_robot_move_near__seed089__step008,move_near,89,validation,29,0.2130077170113395,0.1214964089119012,0.9453638174097473,0.9787538540819778,-0.033390036672230505,0.9487179487179487,0.9487179487179487,0.0
google_robot_move_near__seed089__step008,move_near,89,validation,30,0.23540412480529863,0.14389281670586032,0.9955642942051596,0.985125829153514,0.010438465051645585,0.9487179487179487,0.9,0.048717948717948656
google_robot_move_near__seed089__step008,move_near,89,validation,31,0.21229701314061913,0.12078570504118083,0.9659503845211543,0.9957410853814013,-0.029790700860246933,0.9487179487179487,0.9487179487179487,0.0
google_robot_move_near__seed089__step040,move_near,89,validation,0,0.18866349938038596,0.05196613330351693,1.0,1.0,0.0,1.0,1.0,0.0
google_robot_move_near__seed089__step040,move_near,89,validation,1,0.36090219029544635,0.22420482421857732,1.0,1.0,0.0,1.0,1.0,0.0
google_robot_move_near__seed089__step040,move_near,89,validation,2,0.32323720497222674,0.18653983889535772,0.9985207386491778,0.9843857839458341,0.014134954703343694,0.9375,0.9375,0.0
google_robot_move_near__seed089__step040,move_near,89,validation,3,0.34027059393869435,0.20357322786182533,0.987787342867002,0.7567370376044513,0.23105030526255066,0.9375,0.8787878787878788,0.058712121212121215
google_robot_move_near__seed089__step040,move_near,89,validation,4,0.19728983680850906,0.060592470731640036,0.994681756746024,0.9971620937658479,-0.002480337019823864,0.9375,0.9375,0.0
google_robot_move_near__seed089__step040,move_near,89,validation,5,0.1621191753620846,0.025421809285215563,0.6857283655383127,0.7534641266673548,-0.06773576112904212,0.8787878787878788,0.8787878787878788,0.0
google_robot_move_near__seed089__step040,move_near,89,validation,6,0.2915716526685624,0.15487428659169336,0.9950846025568038,0.9843461425062623,0.010738460050541465,0.9375,0.9375,0.0
google_robot_move_near__seed089__step040,move_near,89,validation,7,0.23456394042310413,0.09786657434623511,0.9773316140209207,1.0,-0.022668385979079275,0.9375,1.0,-0.0625
google_robot_move_near__seed089__step040,move_near,89,validation,8,0.27291876069623533,0.1362213946193663,0.9641191758059562,0.9434125260669358,0.020706649739020366,0.9375,0.9375,0.0
google_robot_move_near__seed089__step040,move_near,89,validation,9,0.30586795832074504,0.169170592243876,0.8037225028557119,0.8510156668500569,-0.04729316399434502,0.8235294117647058,0.8235294117647058,0.0
google_robot_move_near__seed089__step040,move_near,89,validation,10,0.2644049344154271,0.1277075683385581,0.9804597441533076,0.9631411252923288,0.01731861886097885,0.9375,0.8787878787878788,0.058712121212121215
google_robot_move_near__seed089__step040,move_near,89,validation,11,0.3326151316567631,0.19591776557989407,0.7716717654051636,0.8268548490172615,-0.055183083612097894,0.7714285714285715,0.7714285714285715,0.0
google_robot_move_near__seed089__step040,move_near,89,validation,12,0.25317448307816054,0.11647711700129151,0.940885355413246,0.961840893765107,-0.020955538351860925,0.8787878787878788,0.9375,-0.058712121212121215
google_robot_move_near__seed089__step040,move_near,89,validation,13,0.21443717588674027,0.07773980980987125,0.9414772496023267,0.9750481577178575,-0.03357090811553076,0.8787878787878788,0.8787878787878788,0.0
google_robot_move_near__seed089__step040,move_near,89,validation,14,0.24185475465617498,0.10515738857930595,0.9699542456551501,0.9736129082479931,-0.003658662592842976,0.9375,0.9375,0.0
google_robot_move_near__seed089__step040,move_near,89,validation,15,0.194848675499015,0.05815130942214597,0.9456563061013274,0.9690859423705452,-0.02342963626921779,0.9375,0.9375,0.0
google_robot_move_near__seed089__step040,move_near,89,validation,16,0.258769111949615,0.12207174587274597,0.9567480132352775,0.9600197829023979,-0.0032717696671203944,0.8787878787878788,0.8235294117647058,0.05525846702317294
google_robot_move_near__seed089__step040,move_near,89,validation,17,0.23500397406412854,0.09830660798725951,0.955670856279287,0.6539766495440125,0.3016942067352746,0.8787878787878788,0.8235294117647058,0.05525846702317294
google_robot_move_near__seed089__step040,move_near,89,validation,18,0.30808304019823374,0.1713856741213647,0.9685244553590464,0.9404685455174547,0.028055909841591675,0.8787878787878788,0.8787878787878788,0.0
google_robot_move_near__seed089__step040,move_near,89,validation,19,0.14601541346699784,0.009318047390128814,0.9446066876589754,0.9509836095641587,-0.0063769219051833526,0.8787878787878788,0.8787878787878788,0.0
google_robot_move_near__seed089__step040,move_near,89,validation,20,0.2703014883646297,0.13360412228776067,0.9554350965533326,0.9845782219676643,-0.029143125414331728,0.8787878787878788,0.8787878787878788,0.0
google_robot_move_near__seed089__step040,move_near,89,validation,21,0.15082719400895228,0.014129827932083255,0.8649597530485913,0.9474199101982772,-0.08246015714968591,0.8787878787878788,0.8787878787878788,0.0
google_robot_move_near__seed089__step040,move_near,89,validation,22,0.23833049181368685,0.10163312573681782,0.9297606136079922,0.97932118660906,-0.049560573001067754,0.9375,0.8787878787878788,0.058712121212121215
google_robot_move_near__seed089__step040,move_near,89,validation,23,0.21876597254419705,0.08206860646732803,0.9913252011131708,0.9920422712786284,-0.0007170701654576339,0.9375,0.9375,0.0
google_robot_move_near__seed089__step040,move_near,89,validation,24,0.20408878428954955,0.06739141821268052,0.9851339473820439,0.9929139338845286,-0.0077799865024847925,0.8787878787878788,0.9375,-0.058712121212121215
google_robot_move_near__seed089__step040,move_near,89,validation,25,0.27549545832897654,0.1387980922521075,0.9960023984008372,0.9800478715096076,0.01595452689122956,0.9375,0.9375,0.0
google_robot_move_near__seed089__step040,move_near,89,validation,26,0.2161989592310178,0.07950159315414879,0.9419385350820725,0.9921073157305171,-0.050168780648444655,0.9375,0.9375,0.0
google_robot_move_near__seed089__step040,move_near,89,validation,27,0.20078787485492566,0.06409050877805664,0.9974957524020392,0.9893490601241645,0.00814669227787479,0.9375,0.9375,0.0
google_robot_move_near__seed089__step040,move_near,89,validation,28,0.226451666120118,0.08975430004324897,1.0,0.9981134985685615,0.0018865014314385364,1.0,0.9375,0.0625
google_robot_move_near__seed089__step040,move_near,89,validation,29,0.32108599666121046,0.18438863058434143,1.0,1.0,0.0,1.0,1.0,0.0
google_robot_move_near__seed089__step040,move_near,89,validation,30,0.3379608678088018,0.20126350173193278,1.0,1.0,0.0,1.0,1.0,0.0
google_robot_move_near__seed089__step040,move_near,89,validation,31,0.2779035558595145,0.14120618978264546,0.9860418284382065,1.0,-0.013958171561793464,0.9375,1.0,-0.0625
google_robot_move_near__seed089__step071,move_near,89,validation,0,0.23244735125195212,0.009692596434170808,1.0,1.0,0.0,1.0,1.0,0.0
google_robot_move_near__seed089__step071,move_near,89,validation,1,0.15515600352692557,-0.06759875129085574,0.9864208302713187,0.9864208302713187,0.0,0.9574468085106383,0.9574468085106383,0.0
google_robot_move_near__seed089__step071,move_near,89,validation,2,0.1106254544868831,-0.11212930033089821,0.9945822564746768,0.981257954706019,0.013324301768657842,0.9574468085106383,0.9574468085106383,0.0
google_robot_move_near__seed089__step071,move_near,89,validation,3,-0.0009331003693288653,-0.22368785518711018,1.0,0.8561611465548009,0.1438388534451991,1.0,0.9166666666666666,0.08333333333333337
google_robot_move_near__seed089__step071,move_near,89,validation,4,0.02328081789134745,-0.19947393692643386,1.0,0.9940320178495399,0.005967982150460127,1.0,0.9574468085106383,0.04255319148936165
google_robot_move_near__seed089__step071,move_near,89,validation,5,0.11772788834442884,-0.10502686647335248,0.93736911268554,0.9433374623759484,-0.005968349690408381,0.9574468085106383,0.9166666666666666,0.04078014184397172
google_robot_move_near__seed089__step071,move_near,89,validation,6,0.13926081418010194,-0.08349394063767937,0.9606116744304423,0.9468618363334148,0.013749838097027456,0.9574468085106383,0.8775510204081632,0.07989578810247511
google_robot_move_near__seed089__step071,move_near,89,validation,7,-0.0014360963460744725,-0.2241908511638558,0.7483676296755725,0.8269502594644743,-0.07858262978890185,0.9166666666666666,0.9574468085106383,-0.04078014184397172
google_robot_move_near__seed089__step071,move_near,89,validation,8,0.06389960947042118,-0.15885514534736012,0.8892474781765979,1.0,-0.11075252182340212,0.9166666666666666,1.0,-0.08333333333333337
google_robot_move_near__seed089__step071,move_near,89,validation,9,0.17271909905881666,-0.05003565575896465,0.9915495472891358,0.9123015054233305,0.07924804186580525,0.9574468085106383,0.8775510204081632,0.07989578810247511
google_robot_move_near__seed089__step071,move_near,89,validation,10,0.15506952373353267,-0.06768523108424865,0.9197058006836984,0.9129824488336981,0.006723351850000392,0.9166666666666666,0.8775510204081632,0.03911564625850339
google_robot_move_near__seed089__step071,move_near,89,validation,11,0.3005433180266815,0.07778856320890018,0.9750324605243463,0.7860824329495685,0.18895002757477786,0.9166666666666666,0.84,0.07666666666666666
google_robot_move_near__seed089__step071,move_near,89,validation,12,0.17914119725748556,-0.04361355756029575,0.9971951106577445,0.8552276589751463,0.14196745168259817,0.9574468085106383,0.9166666666666666,0.04078014184397172
google_robot_move_near__seed089__step071,move_near,89,validation,13,0.18269752323265007,-0.04005723158513125,0.994795159667952,0.9368685868035215,0.05792657286443048,0.9574468085106383,0.9574468085106383,0.0
google_robot_move_near__seed089__step071,move_near,89,validation,14,0.21260969459182044,-0.010145060225960872,0.9907589888447651,0.8959849709354947,0.09477401790927042,0.9574468085106383,0.8775510204081632,0.07989578810247511
google_robot_move_near__seed089__step071,move_near,89,validation,15,0.09221023496148832,-0.130544519856293,0.9179895143676053,0.8083621927300877,0.10962732163751765,0.9166666666666666,0.9166666666666666,0.0
google_robot_move_near__seed089__step071,move_near,89,validation,16,0.15746697335014337,-0.06528778146763795,0.9982297141455673,0.9651915677701092,0.0330381463754581,0.9574468085106383,0.9574468085106383,0.0
google_robot_move_near__seed089__step071,move_near,89,validation,17,0.02033576379001582,-0.2024189910277655,0.9613179911322999,0.9790453753485316,-0.017727384216231767,0.9166666666666666,0.8775510204081632,0.03911564625850339
google_robot_move_near__seed089__step071,move_near,89,validation,18,0.13750838580179137,-0.08524636901598995,0.9826176830492531,0.9787733651724576,0.003844317876795511,0.9574468085106383,0.9166666666666666,0.04078014184397172
google_robot_move_near__seed089__step071,move_near,89,validation,19,0.10061360111909436,-0.12214115369868696,0.9925420486469926,0.9896340376466872,0.002908011000305355,0.9574468085106383,0.9166666666666666,0.04078014184397172
google_robot_move_near__seed089__step071,move_near,89,validation,20,0.0750227757864336,-0.14773197903134772,0.9960537256976701,0.8333331347242737,0.16272059097339642,0.9574468085106383,0.9574468085106383,0.0
google_robot_move_near__seed089__step071,move_near,89,validation,21,0.0984545937259701,-0.12430016109181122,0.9126278562138984,1.0,-0.08737214378610159,0.9166666666666666,1.0,-0.08333333333333337
google_robot_move_near__seed089__step071,move_near,89,validation,22,0.02242440350683925,-0.20033035131094207,0.9925263298831603,0.9896756147298037,0.0028507151533565533,0.9166666666666666,0.9574468085106383,-0.04078014184397172
google_robot_move_near__seed089__step071,move_near,89,validation,23,0.0697937019473317,-0.15296105287044962,0.9600295742881623,0.9594191309987833,0.0006104432893789813,0.9166666666666666,0.9574468085106383,-0.04078014184397172
google_robot_move_near__seed089__step071,move_near,89,validation,24,0.02340553177155426,-0.19934922304622704,0.934771024012658,0.9676659892182965,-0.032894965205638504,0.8775510204081632,0.9574468085106383,-0.07989578810247511
google_robot_move_near__seed089__step071,move_near,89,validation,25,0.09587262686251374,-0.12688212795526757,1.0,0.9581351948990745,0.041864805100925495,1.0,0.9574468085106383,0.04255319148936165
google_robot_move_near__seed089__step071,move_near,89,validation,26,0.10299548146145161,-0.1197592733563297,0.9909744899457112,0.9594478081772992,0.031526681768412,0.9574468085106383,0.9166666666666666,0.04078014184397172
google_robot_move_near__seed089__step071,move_near,89,validation,27,0.049764900393840565,-0.17298985442394074,0.9697580963853989,0.9981228686394211,-0.02836477225402223,0.9574468085106383,0.9574468085106383,0.0
google_robot_move_near__seed089__step071,move_near,89,validation,28,0.0052562045895357306,-0.21749855022824557,0.9297855101592917,0.9984190430961318,-0.06863353293684016,0.8775510204081632,0.9574468085106383,-0.07989578810247511
google_robot_move_near__seed089__step071,move_near,89,validation,29,0.03810090081012124,-0.18465385400766007,0.995987716208652,0.9933258980719218,0.002661818136730165,0.9574468085106383,0.9574468085106383,0.0
google_robot_move_near__seed089__step071,move_near,89,validation,30,0.0557337584557396,-0.1670209963620417,1.0,0.9930245004610664,0.006975499538933616,1.0,0.9574468085106383,0.04255319148936165
google_robot_move_near__seed089__step071,move_near,89,validation,31,0.07297622071556283,-0.14977853410221847,1.0,0.9900811762539458,0.00991882374605424,1.0,0.9574468085106383,0.04255319148936165
google_robot_move_near__seed095__step008,move_near,95,exploration,0,0.528942805323382,0.361349388457727,0.9999999999999999,0.9999999999999999,0.0,1.0,1.0,0.0
google_robot_move_near__seed095__step008,move_near,95,exploration,1,0.504946095622966,0.337352678757311,0.9916671295352514,0.9916671295352514,0.0,0.95,0.95,0.0
google_robot_move_near__seed095__step008,move_near,95,exploration,2,0.4111792034511545,0.2435857865854995,1.0,1.0,0.0,1.0,1.0,0.0
google_robot_move_near__seed095__step008,move_near,95,exploration,3,0.47303617887149835,0.30544276200584336,1.0,1.0,0.0,1.0,1.0,0.0
google_robot_move_near__seed095__step008,move_near,95,exploration,4,0.4841938070506318,0.3166003901849768,0.9976085371008865,0.9976085371008865,0.0,0.95,0.95,0.0
google_robot_move_near__seed095__step008,move_near,95,exploration,5,0.4901178219896325,0.3225244051239775,0.9925342072453001,0.9925342072453001,0.0,0.95,0.95,0.0
google_robot_move_near__seed095__step008,move_near,95,exploration,6,0.514637230124857,0.34704381325920197,0.9905268025335504,0.9985356896124603,-0.008008887078909899,0.95,0.95,0.0
google_robot_move_near__seed095__step008,move_near,95,exploration,7,0.5393835285223246,0.37179011165666964,0.9811598594356767,0.9939156972131601,-0.012755837777483348,0.9024390243902439,0.9024390243902439,0.0
google_robot_move_near__seed095__step008,move_near,95,exploration,8,0.4954495935089585,0.3278561766433035,0.9753832862711421,0.9437782845347723,0.03160500173636982,0.9024390243902439,0.8571428571428571,0.04529616724738683
google_robot_move_near__seed095__step008,move_near,95,exploration,9,0.5208051951041496,0.3532117782384946,0.9888422386672341,0.9925850575108015,-0.0037428188435674192,0.8571428571428571,0.8571428571428571,0.0
google_robot_move_near__seed095__step008,move_near,95,exploration,10,0.5349341664304901,0.3673407495648351,0.9671903999132149,0.9367623048730304,0.03042809504018451,0.95,0.813953488372093,0.13604651162790693
google_robot_move_near__seed095__step008,move_near,95,exploration,11,0.3991120223911719,0.2315186055255169,0.938933013311353,0.7968908731165686,0.14204214019478445,0.9024390243902439,0.7333333333333333,0.16910569105691065
google_robot_move_near__seed095__step008,move_near,95,exploration,12,0.5272798690927812,0.35968645222712625,0.9709649183715894,0.940306448910679,0.03065846946091033,0.9024390243902439,0.8571428571428571,0.04529616724738683
google_robot_move_near__seed095__step008,move_near,95,exploration,13,0.46092443424548724,0.29333101737983225,0.9898167381398917,0.9881219688882181,0.0016947692516735557,0.95,0.8571428571428571,0.09285714285714286
google_robot_move_near__seed095__step008,move_near,95,exploration,14,0.37940505643717315,0.21181163957151816,1.0,0.6508423746228291,0.3491576253771709,1.0,0.625,0.375
google_robot_move_near__seed095__step008,move_near,95,exploration,15,0.5278983997840406,0.36030498291838564,0.9863202184873815,0.9015467718418053,0.08477344664557618,0.9024390243902439,0.7333333333333333,0.16910569105691065
google_robot_move_near__seed095__step008,move_near,95,exploration,16,0.5456095679892866,0.3780161511236316,1.0000000000000002,0.9665253145007346,0.03347468549926558,1.0,0.8571428571428571,0.1428571428571429
google_robot_move_near__seed095__step008,move_near,95,exploration,17,0.40157067284816267,0.23397725598250768,0.987999220928416,0.9852742119646428,0.0027250089637731456,0.9024390243902439,0.8571428571428571,0.04529616724738683
google_robot_move_near__seed095__step008,move_near,95,exploration,18,0.3867521378275233,0.21915872096186834,1.0,0.981792642412067,0.018207357587933015,1.0,0.9024390243902439,0.09756097560975607
google_robot_move_near__seed095__step008,move_near,95,exploration,19,0.452688906398635,0.28509548953298003,0.9839244062513055,0.9971029544681279,-0.013178548216822406,0.95,0.95,0.0
google_robot_move_near__seed095__step008,move_near,95,exploration,20,0.3930824700584518,0.22548905319279683,0.9833416642500373,0.9971246642160937,-0.013782999966056364,0.95,0.95,0.0
google_robot_move_near__seed095__step008,move_near,95,exploration,21,0.4302960925689449,0.2627026757032899,0.8411241843646753,0.9830168202183197,-0.14189263585364442,0.95,0.9024390243902439,0.04756097560975603
google_robot_move_near__seed095__step008,move_near,95,exploration,22,0.4578282103742468,0.2902347935085918,0.9979502101401683,0.9904875241956944,0.007462685944473857,0.95,0.9024390243902439,0.04756097560975603
google_robot_move_near__seed095__step008,move_near,95,exploration,23,0.35695302009897567,0.18935960323332068,1.0,1.0,0.0,1.0,1.0,0.0
google_robot_move_near__seed095__step008,move_near,95,exploration,24,0.4133038656394181,0.24571044877376313,1.0,0.9057149978086789,0.09428500219132108,1.0,0.9024390243902439,0.09756097560975607
google_robot_move_near__seed095__step008,move_near,95,exploration,25,0.38293495504840663,0.21534153818275165,0.9245318199758382,0.9245318199758382,0.0,0.95,0.95,0.0
google_robot_move_near__seed095__step008,move_near,95,exploration,26,0.5151408929188439,0.3475474760531889,0.9253290622344775,1.0000000000000002,-0.0746709377655227,0.95,1.0,-0.050000000000000044
google_robot_move_near__seed095__step008,move_near,95,exploration,27,0.4488069887364698,0.2812135718708148,0.9965904422940627,0.9726859359402403,0.023904506353822352,0.95,0.95,0.0
google_robot_move_near__seed095__step008,move_near,95,exploration,28,0.5486159468066145,0.38102252994095953,0.9861435324268982,0.9052980972040108,0.08084543522288745,0.95,0.9024390243902439,0.04756097560975603
google_robot_move_near__seed095__step008,move_near,95,exploration,29,0.48562201089910034,0.31802859403344536,1.0,0.9703722679039012,0.029627732096098813,1.0,0.95,0.050000000000000044
google_robot_move_near__seed095__step008,move_near,95,exploration,30,0.34648092976563744,0.17888751289998245,0.9854661418113039,0.8819052441188354,0.10356089769246846,0.95,0.9024390243902439,0.04756097560975603
google_robot_move_near__seed095__step008,move_near,95,exploration,31,0.353777320590077,0.186183903724422,1.0,0.9006626127362686,0.09933738726373142,1.0,0.95,0.050000000000000044
google_robot_move_near__seed095__step040,move_near,95,exploration,0,0.32111037096297435,0.2891467681411584,1.0,1.0,0.0,1.0,1.0,0.0
google_robot_move_near__seed095__step040,move_near,95,exploration,1,0.4133432062386697,0.3813796034168538,1.0,1.0,0.0,1.0,1.0,0.0
google_robot_move_near__seed095__step040,move_near,95,exploration,2,0.4173021588559502,0.38533855603413425,0.9643522255178958,0.9810632951249532,-0.01671106960705737,0.9436619718309859,0.9714285714285714,-0.02776659959758554
google_robot_move_near__seed095__step040,move_near,95,exploration,3,0.37128749760620156,0.3393238947843856,1.0,0.9638008074228196,0.036199192577180406,1.0,0.9714285714285714,0.02857142857142858
google_robot_move_near__seed095__step040,move_near,95,exploration,4,0.40946820098838094,0.377504598166565,0.959221477388197,0.9317865562323607,0.027434921155836234,0.9714285714285714,0.9714285714285714,0.0
google_robot_move_near__seed095__step040,move_near,95,exploration,5,0.3755310186353377,0.3435674158135218,0.9939665311067741,0.9309194136546383,0.06304711745213587,0.9714285714285714,0.9436619718309859,0.02776659959758554
google_robot_move_near__seed095__step040,move_near,95,exploration,6,0.412446458480986,0.38048285565917006,0.9756143810228112,0.9772721789415578,-0.0016577979187466507,0.9436619718309859,0.9436619718309859,0.0
google_robot_move_near__seed095__step040,move_near,95,exploration,7,0.4029646123976421,0.37100100957582616,0.9398754825918793,0.9295713776034727,0.010304104988406504,0.9166666666666666,0.9166666666666666,0.0
google_robot_move_near__seed095__step040,move_near,95,exploration,8,0.39526933617038745,0.3633057333485715,1.0,0.9794691754140782,0.020530824585921814,1.0,0.9714285714285714,0.02857142857142858
google_robot_move_near__seed095__step040,move_near,95,exploration,9,0.4712360289669295,0.4392724261451136,0.7625625899758884,0.7687248340297278,-0.006162244053839361,0.8648648648648649,0.8904109589041096,-0.025546094039244682
google_robot_move_near__seed095__step040,move_near,95,exploration,10,0.4122529327574629,0.38028932993564696,0.8891538805416598,0.710476212129009,0.17867766841265076,0.9166666666666666,0.8904109589041096,0.026255707762557035
google_robot_move_near__seed095__step040,move_near,95,exploration,11,0.33157673907183555,0.2996131362500196,0.9908174888936231,0.7836662852219581,0.20715120367166495,0.9166666666666666,0.8157894736842105,0.10087719298245612
google_robot_move_near__seed095__step040,move_near,95,exploration,12,0.4134702619845503,0.38150665916273435,0.9919216672337204,0.9716646768158599,0.020256990417860554,0.9436619718309859,0.9166666666666666,0.02699530516431925
google_robot_move_near__seed095__step040,move_near,95,exploration,13,0.38255434224372237,0.35059073942190644,0.9454377800731564,0.9311792424156168,0.014258537657539594,0.8904109589041096,0.84,0.050410958904109626
google_robot_move_near__seed095__step040,move_near,95,exploration,14,0.41121044513952526,0.37924684231770933,0.990498242863734,0.9976952063944989,-0.007196963530764933,0.9714285714285714,0.9714285714285714,0.0
google_robot_move_near__seed095__step040,move_near,95,exploration,15,0.4492329484170105,0.4172693455951946,0.9144129712082482,0.9675871092950626,-0.05317413808681448,0.9436619718309859,0.9166666666666666,0.02699530516431925
google_robot_move_near__seed095__step040,move_near,95,exploration,16,0.3952021595179929,0.363238556696177,0.9521288578256587,0.8753460767688476,0.07678278105681113,0.9714285714285714,0.8904109589041096,0.08101761252446182
google_robot_move_near__seed095__step040,move_near,95,exploration,17,0.3895875966063143,0.3576239937844984,0.9962465478234629,0.9788030740487915,0.01744347377467137,0.9714285714285714,0.9166666666666666,0.05476190476190479
google_robot_move_near__seed095__step040,move_near,95,exploration,18,0.37293167718171344,0.3409680743598975,0.9622319113625917,0.9944705554322845,-0.03223864406969279,0.9436619718309859,0.9714285714285714,-0.02776659959758554
google_robot_move_near__seed095__step040,move_near,95,exploration,19,0.42417358948964373,0.3922099866678278,0.9792559884612203,0.8196568874409338,0.15959910102028652,0.9436619718309859,0.8904109589041096,0.053251012926876284
google_robot_move_near__seed095__step040,move_near,95,exploration,20,0.4324253304592645,0.4004617276374486,0.9750915089663329,0.9796913472991098,-0.004599838332776884,0.9436619718309859,0.9714285714285714,-0.02776659959758554
google_robot_move_near__seed095__step040,move_near,95,exploration,21,0.4074826733423446,0.3755190705205287,0.9733883734032083,0.919082296649972,0.05430607675323629,0.9714285714285714,0.9436619718309859,0.02776659959758554
google_robot_move_near__seed095__step040,move_near,95,exploration,22,0.34210747126119356,0.31014386843937763,0.9962738556054621,0.8976712112486331,0.09860264435682897,0.9714285714285714,0.9166666666666666,0.05476190476190479
google_robot_move_near__seed095__step040,move_near,95,exploration,23,0.3790877724336903,0.34712416961187437,0.8850421963206209,0.9686585190372754,-0.08361632271665453,0.9714285714285714,0.9714285714285714,0.0
google_robot_move_near__seed095__step040,move_near,95,exploration,24,0.44735228083566897,0.41538867801385304,0.8238797746047378,0.8924290701337255,-0.0685492955289877,0.9436619718309859,0.9436619718309859,0.0
google_robot_move_near__seed095__step040,move_near,95,exploration,25,0.31382983292915323,0.2818662301073373,0.9719285221737805,0.9722579761376392,-0.00032945396385875014,0.9714285714285714,0.9714285714285714,0.0
google_robot_move_near__seed095__step040,move_near,95,exploration,26,0.35360010014506976,0.32163649732325383,1.0,0.9769410843482591,0.023058915651740897,1.0,0.9714285714285714,0.02857142857142858
google_robot_move_near__seed095__step040,move_near,95,exploration,27,0.4407084447857186,0.40874484196390265,0.9202631957359785,0.9202631957359785,0.0,0.9714285714285714,0.9714285714285714,0.0
google_robot_move_near__seed095__step040,move_near,95,exploration,28,0.41512482637817394,0.383161223556358,0.967264221533039,0.9655343617848228,0.001729859748216267,0.9436619718309859,0.9714285714285714,-0.02776659959758554
google_robot_move_near__seed095__step040,move_near,95,exploration,29,0.39297443482396055,0.3610108320021446,0.9789088850348368,0.982207851832408,-0.0032989667975712456,0.9714285714285714,0.9436619718309859,0.02776659959758554
google_robot_move_near__seed095__step040,move_near,95,exploration,30,0.2603054804992527,0.22834187767743672,0.9731743684512647,0.9832670878306905,-0.010092719379425796,0.9436619718309859,0.9436619718309859,0.0
google_robot_move_near__seed095__step040,move_near,95,exploration,31,0.27334654688347354,0.24138294406165758,0.9528381317214825,0.9673025184596774,-0.014464386738194945,0.9436619718309859,0.9436619718309859,0.0
google_robot_move_near__seed095__step071,move_near,95,exploration,0,0.7647315707809496,0.48992466348091623,0.9553653483471202,1.0,-0.04463465165287983,0.9574468085106383,1.0,-0.04255319148936165
google_robot_move_near__seed095__step071,move_near,95,exploration,1,0.732558824649748,0.45775191734971465,1.0,0.9720818595796145,0.02791814042038554,1.0,0.9574468085106383,0.04255319148936165
google_robot_move_near__seed095__step071,move_near,95,exploration,2,0.683695178478774,0.4088882711787407,0.9854548831161667,0.9958395707015216,-0.010384687585354935,0.9574468085106383,0.9574468085106383,0.0
google_robot_move_near__seed095__step071,move_near,95,exploration,3,0.6842104887711659,0.40940358147113254,1.0,1.0,0.0,1.0,1.0,0.0
google_robot_move_near__seed095__step071,move_near,95,exploration,4,0.7157958840187271,0.44098897671869375,1.0,0.9943220019199025,0.005677998080097502,1.0,0.9574468085106383,0.04255319148936165
google_robot_move_near__seed095__step071,move_near,95,exploration,5,0.7411282657775695,0.4663213584775362,1.0,1.0,0.0,1.0,1.0,0.0
google_robot_move_near__seed095__step071,move_near,95,exploration,6,0.7710715898779378,0.49626468257790446,0.9646323567454728,0.9298951673242808,0.03473718942119197,0.9166666666666666,0.9166666666666666,0.0
google_robot_move_near__seed095__step071,move_near,95,exploration,7,0.594152715611612,0.31934580831157866,0.9017256301951576,0.7966760968397661,0.10504953335539147,0.9574468085106383,0.9166666666666666,0.04078014184397172
google_robot_move_near__seed095__step071,move_near,95,exploration,8,0.40700015492755764,0.13219324762752432,1.0,0.9838070895446297,0.016192910455370302,1.0,0.9574468085106383,0.04255319148936165
google_robot_move_near__seed095__step071,move_near,95,exploration,9,0.5995584218468061,0.32475151454677276,1.0,0.9925511554088681,0.007448844591131931,1.0,0.9166666666666666,0.08333333333333337
google_robot_move_near__seed095__step071,move_near,95,exploration,10,0.7771796942686967,0.5023727869686634,0.9910300715670085,0.9629867140300566,0.028043357536951863,0.9574468085106383,0.9166666666666666,0.04078014184397172
google_robot_move_near__seed095__step071,move_near,95,exploration,11,0.16537955051758826,-0.10942735678244506,0.6186934811692306,0.5133843117881804,0.10530916938105017,0.8775510204081632,0.803921568627451,0.07362945178071223
google_robot_move_near__seed095__step071,move_near,95,exploration,12,0.6282273144591982,0.3534204071591649,0.9864415023272755,0.7854352706377371,0.20100623168953835,0.9574468085106383,0.9166666666666666,0.04078014184397172
google_robot_move_near__seed095__step071,move_near,95,exploration,13,0.7931058930066515,0.5182989857066181,1.0,0.9687377725603193,0.03126222743968066,1.0,0.84,0.16000000000000003
google_robot_move_near__seed095__step071,move_near,95,exploration,14,0.439357216362445,0.1645503090624117,0.9896394689258589,0.9111505409375278,0.07848892798833107,0.9574468085106383,0.9166666666666666,0.04078014184397172
google_robot_move_near__seed095__step071,move_near,95,exploration,15,0.7813561443202793,0.506549237020246,0.9860201253909183,0.9758741173190294,0.010146008071888923,0.9574468085106383,0.9166666666666666,0.04078014184397172
google_robot_move_near__seed095__step071,move_near,95,exploration,16,0.8188671629550922,0.5440602556550589,1.0,0.960095769822077,0.039904230177922995,1.0,0.8775510204081632,0.12244897959183676
google_robot_move_near__seed095__step071,move_near,95,exploration,17,0.6584043274532951,0.3835974201532618,0.6072826987391777,0.8951499750699278,-0.28786727633075004,0.9166666666666666,0.9166666666666666,0.0
google_robot_move_near__seed095__step071,move_near,95,exploration,18,0.25717881103498735,-0.017628096265045967,0.8788833273317868,0.8788833273317868,0.0,0.9574468085106383,0.9574468085106383,0.0
google_robot_move_near__seed095__step071,move_near,95,exploration,19,0.573575046519611,0.2987681392195777,0.7967990634183564,1.0,-0.20320093658164362,0.9574468085106383,1.0,-0.04255319148936165
google_robot_move_near__seed095__step071,move_near,95,exploration,20,0.1956931895372187,-0.07911371776281462,0.642125365468332,0.9894934766972474,-0.3473681112289154,0.9166666666666666,0.9166666666666666,0.0
google_robot_move_near__seed095__step071,move_near,95,exploration,21,0.46351415511813143,0.1887072478180981,0.9962066551989132,0.8026145007821269,0.19359215441678623,0.9574468085106383,0.9166666666666666,0.04078014184397172
google_robot_move_near__seed095__step071,move_near,95,exploration,22,0.6817369394098689,0.4069300321098356,0.8478970841459382,0.8309575840288078,0.016939500117130413,0.8775510204081632,0.84,0.03755102040816327
google_robot_move_near__seed095__step071,move_near,95,exploration,23,0.7033765853594919,0.42856967805945856,0.9510823213735007,0.953962670851169,-0.0028803494776683536,0.9574468085106383,0.9166666666666666,0.04078014184397172
google_robot_move_near__seed095__step071,move_near,95,exploration,24,0.715815487814325,0.4410085805142917,0.9960474880458371,0.9909842279233522,0.005063260122484925,0.9166666666666666,0.9166666666666666,0.0
google_robot_move_near__seed095__step071,move_near,95,exploration,25,0.5449562372571439,0.2701493299571106,1.0,1.0,0.0,1.0,1.0,0.0
google_robot_move_near__seed095__step071,move_near,95,exploration,26,0.5852019510864829,0.31039504378644955,0.993979121136341,0.9540908608856061,0.039888260250734886,0.9166666666666666,0.9166666666666666,0.0
google_robot_move_near__seed095__step071,move_near,95,exploration,27,0.4538908905124179,0.17908398321238456,0.9986993373811517,0.7746438143756387,0.224055523005513,0.9574468085106383,0.9166666666666666,0.04078014184397172
google_robot_move_near__seed095__step071,move_near,95,exploration,28,0.517448903974558,0.24264199667452468,0.9717811655645642,1.0,-0.028218834435435824,0.9574468085106383,1.0,-0.04255319148936165
google_robot_move_near__seed095__step071,move_near,95,exploration,29,0.03292241688928462,-0.2418844904107487,0.9899986640437977,0.9277109612412456,0.062287702802552025,0.9166666666666666,0.9166666666666666,0.0
google_robot_move_near__seed095__step071,move_near,95,exploration,30,0.23259054360668716,-0.042216363693346165,1.0,0.9932011308150899,0.006798869184910128,1.0,0.9574468085106383,0.04255319148936165
google_robot_move_near__seed095__step071,move_near,95,exploration,31,0.012039741099070337,-0.26276716620096296,0.9110884189537778,0.9888315616606437,-0.07774314270686589,0.9574468085106383,0.9166666666666666,0.04078014184397172
google_robot_move_near__seed098__step008,move_near,98,exploration,0,0.4977440587938396,0.18399704832497676,1.0,1.0,0.0,1.0,1.0,0.0
google_robot_move_near__seed098__step008,move_near,98,exploration,1,0.5041219264743243,0.19037491600546147,1.0,1.0,0.0,1.0,1.0,0.0
google_robot_move_near__seed098__step008,move_near,98,exploration,2,0.5538748148845515,0.24012780441568865,0.9887789321490369,0.851574720619077,0.13720421152995987,0.9666666666666667,0.9666666666666667,0.0
google_robot_move_near__seed098__step008,move_near,98,exploration,3,0.4789220444675754,0.16517503399871258,1.0,0.9569021800183694,0.04309781998163065,1.0,0.9666666666666667,0.033333333333333326
google_robot_move_near__seed098__step008,move_near,98,exploration,4,0.4849336915895755,0.17118668112071267,0.8849328965048456,0.9776743262684074,-0.09274142976356181,0.9666666666666667,0.9666666666666667,0.0
google_robot_move_near__seed098__step008,move_near,98,exploration,5,0.4500440800882104,0.13629706961934757,0.7241965361978199,0.9368395794948509,-0.212643043297031,0.9344262295081968,0.9344262295081968,0.0
google_robot_move_near__seed098__step008,move_near,98,exploration,6,0.45798651526189743,0.1442395047930346,0.9961461960515675,0.9971968174690575,-0.0010506214174900164,0.9666666666666667,0.9666666666666667,0.0
google_robot_move_near__seed098__step008,move_near,98,exploration,7,0.557992885128595,0.2442458746597322,0.9606232017449999,0.8960962751971402,0.06452692654785974,0.9666666666666667,0.9032258064516129,0.0634408602150538
google_robot_move_near__seed098__step008,move_near,98,exploration,8,0.41491177943579466,0.10116476896693183,0.9467273393368073,0.98443678518452,-0.03770944584771274,0.9666666666666667,0.9344262295081968,0.032240437158469915
google_robot_move_near__seed098__step008,move_near,98,exploration,9,0.4896566120507424,0.17590960158187957,0.8899529257525103,0.908875011339148,-0.01892208558663777,0.9344262295081968,0.9344262295081968,0.0
google_robot_move_near__seed098__step008,move_near,98,exploration,10,0.5505981222933849,0.23685111182452206,0.8872318232961084,0.8228311905228113,0.0644006327732971,0.9032258064516129,0.873015873015873,0.030209933435739855
google_robot_move_near__seed098__step008,move_near,98,exploration,11,0.4424871192845679,0.12874010881570508,0.987373036696611,0.9067486364201264,0.08062440027648465,0.9032258064516129,0.873015873015873,0.030209933435739855
google_robot_move_near__seed098__step008,move_near,98,exploration,12,0.5870780767718852,0.27333106630302234,0.9652133764709733,0.9237332770633563,0.04148009940761699,0.9666666666666667,0.9032258064516129,0.0634408602150538
google_robot_move_near__seed098__step008,move_near,98,exploration,13,0.43469143218709877,0.12094442171823594,0.9568008186965044,0.9202953923481364,0.03650542634836795,0.9666666666666667,0.873015873015873,0.09365079365079365
google_robot_move_near__seed098__step008,move_near,98,exploration,14,0.5953700720614832,0.28162306159262035,0.978148160515003,0.8007406440913433,0.1774075164236597,0.873015873015873,0.7352941176470589,0.13772175536881415
google_robot_move_near__seed098__step008,move_near,98,exploration,15,0.5879039737652672,0.2741569632964043,0.6512465770748653,0.6443390036611417,0.006907573413723611,0.9344262295081968,0.84375,0.09067622950819676
google_robot_move_near__seed098__step008,move_near,98,exploration,16,0.505711435402357,0.19196442493349414,0.9959522690921604,0.6266887815441723,0.3692634875479881,0.9666666666666667,0.9032258064516129,0.0634408602150538
google_robot_move_near__seed098__step008,move_near,98,exploration,17,0.4343529016516509,0.12060589118278808,0.9741215591009182,0.939100638770273,0.03502092033064519,0.9344262295081968,0.9032258064516129,0.03120042305658388
google_robot_move_near__seed098__step008,move_near,98,exploration,18,0.32449668181756763,0.010749671348704803,0.9504770280332533,0.9495176713891187,0.0009593566441346013,0.9032258064516129,0.9344262295081968,-0.03120042305658388
google_robot_move_near__seed098__step008,move_near,98,exploration,19,0.43634209564538584,0.12259508517652301,0.8287146114505289,0.9237246038886323,-0.09500999243810337,0.9344262295081968,0.9666666666666667,-0.032240437158469915
google_robot_move_near__seed098__step008,move_near,98,exploration,20,0.4476691678602651,0.13392215739140229,0.9085283729211883,0.9331665756656576,-0.024638202744469373,0.9344262295081968,0.9344262295081968,0.0
google_robot_move_near__seed098__step008,move_near,98,exploration,21,0.49268576971845696,0.17893875924959413,0.9940473246841336,0.8903357861203286,0.103711538563805,0.9666666666666667,0.84375,0.12291666666666667
google_robot_move_near__seed098__step008,move_near,98,exploration,22,0.4039725318877719,0.09022552141890905,0.9981836163672532,0.8566885273049923,0.14149508906226083,0.9666666666666667,0.9344262295081968,0.032240437158469915
google_robot_move_near__seed098__step008,move_near,98,exploration,23,0.4230030709613522,0.10925606049248937,0.9971709163781693,0.9977266131130715,-0.0005556967349021891,0.9344262295081968,0.9344262295081968,0.0
google_robot_move_near__seed098__step008,move_near,98,exploration,24,0.5342079297428989,0.22046091927403605,0.9500909772486171,0.9452440229269025,0.004846954321714669,0.9666666666666667,0.9032258064516129,0.0634408602150538
google_robot_move_near__seed098__step008,move_near,98,exploration,25,0.554672230936843,0.2409252204679802,1.0,1.0,0.0,1.0,1.0,0.0
google_robot_move_near__seed098__step008,move_near,98,exploration,26,0.5689308234573528,0.25518381298848997,1.0,0.996184731211184,0.0038152687888159953,1.0,0.9666666666666667,0.033333333333333326
google_robot_move_near__seed098__step008,move_near,98,exploration,27,0.5523967494084214,0.2386497389395586,1.0,1.0,0.0,1.0,1.0,0.0
google_robot_move_near__seed098__step008,move_near,98,exploration,28,0.5598490734883406,0.24610206301947773,1.0,0.9981109423157434,0.0018890576842566231,1.0,0.9666666666666667,0.033333333333333326
google_robot_move_near__seed098__step008,move_near,98,exploration,29,0.5616932289562461,0.24794621848738324,0.9175411674845678,0.9856167250264857,-0.06807555754191785,0.9666666666666667,0.9666666666666667,0.0
google_robot_move_near__seed098__step008,move_near,98,exploration,30,0.5634825225771154,0.24973551210825257,1.0,0.9932759494326596,0.006724050567340378,1.0,0.9666666666666667,0.033333333333333326
google_robot_move_near__seed098__step008,move_near,98,exploration,31,0.557984384749754,0.24423737428089115,1.0,0.9469116051203997,0.053088394879600265,1.0,0.9344262295081968,0.06557377049180324
google_robot_move_near__seed098__step040,move_near,98,exploration,0,0.37754577695906283,0.14639920506301637,1.0,1.0,0.0,1.0,1.0,0.0
google_robot_move_near__seed098__step040,move_near,98,exploration,1,0.30287213653905276,0.0717255646430063,1.0,0.9902986797347856,0.00970132026521442,1.0,0.9782608695652174,0.021739130434782594
google_robot_move_near__seed098__step040,move_near,98,exploration,2,0.2263181306410007,-0.004828441255045751,0.994145319103623,1.0,-0.005854680896376974,0.956989247311828,1.0,-0.043010752688172005
google_robot_move_near__seed098__step040,move_near,98,exploration,3,0.07884298187122975,-0.1523035900248167,0.9973080598627343,0.9911255465177803,0.00618251334495401,0.9782608695652174,0.956989247311828,0.02127162225338941
google_robot_move_near__seed098__step040,move_near,98,exploration,4,0.04660181536487231,-0.18454475653117414,1.0,0.9817738315437646,0.01822616845623537,1.0,0.9361702127659575,0.06382978723404253
google_robot_move_near__seed098__step040,move_near,98,exploration,5,0.06821674825269713,-0.16292982364334932,0.9475006714490749,1.0,-0.052499328550925095,0.9782608695652174,1.0,-0.021739130434782594
google_robot_move_near__seed098__step040,move_near,98,exploration,6,0.2251847715748058,-0.005961800321240662,0.9928120951184374,0.9996690971292513,-0.006857002010813962,0.956989247311828,0.9782608695652174,-0.02127162225338941
google_robot_move_near__seed098__step040,move_near,98,exploration,7,0.2242030707126702,-0.0069435011833762494,0.9848019041685413,1.0,-0.015198095831458702,0.956989247311828,1.0,-0.043010752688172005
google_robot_move_near__seed098__step040,move_near,98,exploration,8,0.17904321600565756,-0.05210335589038889,0.978442333478199,0.9867455932483534,-0.008303259770154447,0.9782608695652174,0.956989247311828,0.02127162225338941
google_robot_move_near__seed098__step040,move_near,98,exploration,9,0.2519799768191843,0.02083340492313787,0.9664034564292475,0.9591974585804346,0.007205997848812928,0.9782608695652174,0.9782608695652174,0.0
google_robot_move_near__seed098__step040,move_near,98,exploration,10,0.3887936353518697,0.15764706345582327,0.9888986529178437,0.9879495371010512,0.0009491158167925784,0.9782608695652174,0.9782608695652174,0.0
google_robot_move_near__seed098__step040,move_near,98,exploration,11,0.4525882303802158,0.22144165848416933,0.981753370517651,0.9744430895958192,0.007310280921831835,0.956989247311828,0.9157894736842105,0.04119977362761751
google_robot_move_near__seed098__step040,move_near,98,exploration,12,0.44978546232184874,0.21863889042580228,1.0,0.9648377881616641,0.0351622118383359,1.0,0.956989247311828,0.043010752688172005
google_robot_move_near__seed098__step040,move_near,98,exploration,13,0.42785032902464243,0.19670375712859597,0.9971762425355402,0.9977722682925046,-0.0005960257569644911,0.9782608695652174,0.956989247311828,0.02127162225338941
google_robot_move_near__seed098__step040,move_near,98,exploration,14,0.3593515789058077,0.12820500700976126,0.9960127857375732,0.8912902136956223,0.1047225720419509,0.956989247311828,0.8958333333333334,0.061155913978494625
google_robot_move_near__seed098__step040,move_near,98,exploration,15,0.3948845554782862,0.16373798358223976,0.974484808042884,0.9565066413973285,0.017978166645555405,0.9782608695652174,0.9361702127659575,0.04209065679925994
google_robot_move_near__seed098__step040,move_near,98,exploration,16,0.3385706683157963,0.10742409641974984,0.9970177394269825,0.8666661491516104,0.13035159027537202,0.956989247311828,0.8762886597938144,0.08070058751801357
google_robot_move_near__seed098__step040,move_near,98,exploration,17,0.3539463029903953,0.12279973109434886,0.9974157586959521,0.9979850574426824,-0.0005692987467302846,0.9782608695652174,0.9782608695652174,0.0
google_robot_move_near__seed098__step040,move_near,98,exploration,18,0.23947793899997863,0.008331367103932175,0.9919643934619282,0.999790609965647,-0.00782621650371873,0.956989247311828,0.9782608695652174,-0.02127162225338941
google_robot_move_near__seed098__step040,move_near,98,exploration,19,0.18762983956545684,-0.043516732330589614,0.9894033779165144,0.9759723580671326,0.013431019849381887,0.956989247311828,0.956989247311828,0.0
google_robot_move_near__seed098__step040,move_near,98,exploration,20,0.20540155992357048,-0.025745011972475973,1.0,0.9783813819620296,0.021618618037970383,1.0,0.9782608695652174,0.021739130434782594
google_robot_move_near__seed098__step040,move_near,98,exploration,21,0.21578328449590642,-0.015363287400140035,0.9991761288361293,0.9997051290749365,-0.0005290002388071979,0.9782608695652174,0.9782608695652174,0.0
google_robot_move_near__seed098__step040,move_near,98,exploration,22,0.24655117359694537,0.015404601700898912,1.0,0.9756248686500677,0.0243751313499323,1.0,0.9782608695652174,0.021739130434782594
google_robot_move_near__seed098__step040,move_near,98,exploration,23,0.19651441593855398,-0.03463215595749247,0.9704548710595327,0.9707696541387038,-0.00031478307917109927,0.9782608695652174,0.956989247311828,0.02127162225338941
google_robot_move_near__seed098__step040,move_near,98,exploration,24,0.21101301966885563,-0.02013355222719082,0.9714632951406451,0.9828597103537758,-0.011396415213130728,0.9782608695652174,0.9361702127659575,0.04209065679925994
google_robot_move_near__seed098__step040,move_near,98,exploration,25,0.22921672136254087,-0.0019298505335055838,1.0,0.9886758371973339,0.011324162802666127,1.0,0.956989247311828,0.043010752688172005
google_robot_move_near__seed098__step040,move_near,98,exploration,26,0.20797261288666138,-0.02317395900938507,0.9323675700543318,0.9485194408665313,-0.016151870812199487,0.8958333333333334,0.8958333333333334,0.0
google_robot_move_near__seed098__step040,move_near,98,exploration,27,0.2242490710528531,-0.006897500843193349,0.9453411627411284,0.9706483404150054,-0.025307177673876913,0.9361702127659575,0.956989247311828,-0.02081903454587053
google_robot_move_near__seed098__step040,move_near,98,exploration,28,0.22108967623822026,-0.010056895657826193,0.9602577060584343,0.9990894929709108,-0.03883178691247646,0.9361702127659575,0.956989247311828,-0.02081903454587053
google_robot_move_near__seed098__step040,move_near,98,exploration,29,0.2556936202938254,0.024547048397778964,0.9564982125460567,0.9803463374558299,-0.023848124909773172,0.8762886597938144,0.9361702127659575,-0.05988155297214304
google_robot_move_near__seed098__step040,move_near,98,exploration,30,0.22848535153612456,-0.0026612203599218898,0.9881152707565738,0.9785484183236459,0.009566852432927875,0.9157894736842105,0.9157894736842105,0.0
google_robot_move_near__seed098__step040,move_near,98,exploration,31,0.2213518501449249,-0.00979472175112156,0.9992504869860882,0.9958136696561128,0.0034368173299753613,0.9782608695652174,0.9782608695652174,0.0
google_robot_move_near__seed098__step071,move_near,98,exploration,0,-0.10025305909761519,0.1767296745697841,1.0,0.8299024354513533,0.17009756454864666,1.0,0.9,0.09999999999999998
google_robot_move_near__seed098__step071,move_near,98,exploration,1,0.017850698372075997,0.29483343203947526,1.0,1.0,0.0,1.0,1.0,0.0
google_robot_move_near__seed098__step071,move_near,98,exploration,2,-0.04959690432022923,0.22738582934717005,0.9953268937166247,1.0,-0.00467310628337525,0.9,1.0,-0.09999999999999998
google_robot_move_near__seed098__step071,move_near,98,exploration,3,-0.12453949218622384,0.15244324148117544,0.9132830102327835,1.0,-0.08671698976721653,0.9,1.0,-0.09999999999999998
google_robot_move_near__seed098__step071,move_near,98,exploration,4,-0.058323824797316605,0.21865890887008269,0.9004519310509669,1.0,-0.09954806894903312,0.9,1.0,-0.09999999999999998
google_robot_move_near__seed098__step071,move_near,98,exploration,5,-0.15338990655325083,0.12359282711414846,1.0000000000000002,0.9933512003566304,0.00664879964336984,1.0,0.9,0.09999999999999998
google_robot_move_near__seed098__step071,move_near,98,exploration,6,0.18313334418035798,0.46011607784775727,0.9841697795838996,1.0,-0.015830220416100382,0.9,1.0,-0.09999999999999998
google_robot_move_near__seed098__step071,move_near,98,exploration,7,0.06326492336915697,0.34024765703655624,0.520755513540155,0.8164776045062737,-0.2957220909661187,0.9,0.9,0.0
google_robot_move_near__seed098__step071,move_near,98,exploration,8,0.17868950201722691,0.4556722356846262,1.0,0.9442112870315986,0.05578871296840138,1.0,0.9,0.09999999999999998
google_robot_move_near__seed098__step071,move_near,98,exploration,9,0.5252768961166848,0.802259629784084,1.0,1.0,0.0,1.0,1.0,0.0
google_robot_move_near__seed098__step071,move_near,98,exploration,10,0.25906554518829383,0.5360482788556931,0.9606738386461017,0.9698178055867568,-0.009143966940655113,0.9,0.9,0.0
google_robot_move_near__seed098__step071,move_near,98,exploration,11,0.7770608762248109,1.0540436098922101,0.9158026201109152,0.8752903569439369,0.04051226316697831,0.7272727272727273,0.7272727272727273,0.0
google_robot_move_near__seed098__step071,move_near,98,exploration,12,0.12435569530933949,0.40133842897673877,0.7096226871731296,0.7712428273967386,-0.061620140223608955,0.7272727272727273,0.5833333333333334,0.14393939393939392
google_robot_move_near__seed098__step071,move_near,98,exploration,13,0.28755652796430253,0.5645392616317018,0.9149778688263853,0.8790583504464958,0.03591951837988949,0.8095238095238095,0.6521739130434783,0.15734989648033126
google_robot_move_near__seed098__step071,move_near,98,exploration,14,0.5273284033299876,0.804311136997387,0.991786815758581,0.2850919285950936,0.7066948871634874,0.9,0.7272727272727273,0.17272727272727273
google_robot_move_near__seed098__step071,move_near,98,exploration,15,-0.11179374087168907,0.1651889927957102,1.0,0.9153442070816005,0.08465579291839953,1.0,0.8095238095238095,0.19047619047619047
google_robot_move_near__seed098__step071,move_near,98,exploration,16,0.026243680214503906,0.3032264138819032,0.9830173755256731,0.9350395634104219,0.047977812115251206,0.9,0.8095238095238095,0.09047619047619049
google_robot_move_near__seed098__step071,move_near,98,exploration,17,-0.09422077385708737,0.1827619598103119,1.0,0.8732935912818579,0.1267064087181421,1.0,0.9,0.09999999999999998
google_robot_move_near__seed098__step071,move_near,98,exploration,18,-0.10140121318675688,0.1755815204806424,0.9569049417220992,1.0,-0.04309505827790083,0.9,1.0,-0.09999999999999998
google_robot_move_near__seed098__step071,move_near,98,exploration,19,-0.08408746145489747,0.1928952722125018,0.9584232741817061,0.9781470725056932,-0.019723798323987074,0.9,0.9,0.0
google_robot_move_near__seed098__step071,move_near,98,exploration,20,0.05251604954322461,0.32949878321062387,0.8556849564768352,0.7419991969120575,0.11368575956477767,0.9,0.8095238095238095,0.09047619047619049
google_robot_move_near__seed098__step071,move_near,98,exploration,21,0.12021823130318561,0.3972009649705849,0.9673369831459921,0.9621434774107201,0.005193505735271997,0.9,0.9,0.0
google_robot_move_near__seed098__step071,move_near,98,exploration,22,-0.2517670448763502,0.025215688791049073,1.0,0.9742512504432769,0.025748749556723127,1.0,0.9,0.09999999999999998
google_robot_move_near__seed098__step071,move_near,98,exploration,23,-0.21842719620709813,0.05855553746030115,0.9545526263518186,1.0,-0.04544737364818141,0.9,1.0,-0.09999999999999998
google_robot_move_near__seed098__step071,move_near,98,exploration,24,-0.2299712088188559,0.04701152484854337,0.9544817034740317,1.0,-0.04551829652596828,0.9,1.0,-0.09999999999999998
google_robot_move_near__seed098__step071,move_near,98,exploration,25,-0.2959462079626826,-0.018963474295283334,1.0,0.9768320310179298,0.023167968982070186,1.0,0.9,0.09999999999999998
google_robot_move_near__seed098__step071,move_near,98,exploration,26,-0.20280570060904093,0.07417703305835835,0.9546422267788488,0.8929444282186774,0.061697798560171435,0.9,0.8095238095238095,0.09047619047619049
google_robot_move_near__seed098__step071,move_near,98,exploration,27,-0.18846192457927055,0.08852080908812873,0.857054519334695,0.8307373166265836,0.026317202708111442,0.9,0.8095238095238095,0.09047619047619049
google_robot_move_near__seed098__step071,move_near,98,exploration,28,-0.049187719130208696,0.2277950145371906,0.9950486001219794,1.0,-0.004951399878020624,0.9,1.0,-0.09999999999999998
google_robot_move_near__seed098__step071,move_near,98,exploration,29,-0.05711123578777244,0.21987149787962684,0.9790046168419343,0.9405069980462116,0.038497618795722666,0.9,0.8095238095238095,0.09047619047619049
google_robot_move_near__seed098__step071,move_near,98,exploration,30,-0.21321893822260382,0.06376379544479546,0.9792547243223262,0.9809368062044789,-0.0016820818821526862,0.9,0.9,0.0
google_robot_move_near__seed098__step071,move_near,98,exploration,31,0.08396224041355373,0.360944974080953,0.6380192000081096,0.9437982737126059,-0.3057790737044963,0.8095238095238095,0.8095238095238095,0.0
google_robot_move_near__seed099__step008,move_near,99,exploration,0,0.34079023295255023,0.188429315934278,1.0,1.0,0.0,1.0,1.0,0.0
google_robot_move_near__seed099__step008,move_near,99,exploration,1,0.3237509348694379,0.17139001785116567,0.9979736570558563,1.0,-0.002026342944143722,0.9534883720930233,1.0,-0.046511627906976716
google_robot_move_near__seed099__step008,move_near,99,exploration,2,0.277412847338144,0.12505193031987175,0.966468934336388,1.0,-0.03353106566361197,0.9534883720930233,1.0,-0.046511627906976716
google_robot_move_near__seed099__step008,move_near,99,exploration,3,0.27236362369963407,0.12000270668136184,0.986287566466609,0.9678577199656008,0.018429846501008207,0.9534883720930233,0.9090909090909091,0.044397463002114224
google_robot_move_near__seed099__step008,move_near,99,exploration,4,0.3678286656693066,0.21546774865103438,0.9802699002321925,0.9413640868064563,0.03890581342573618,0.9534883720930233,0.9534883720930233,0.0
google_robot_move_near__seed099__step008,move_near,99,exploration,5,0.2694609517159043,0.11710003469763205,0.9577755144414172,1.0,-0.042224485558582825,0.9534883720930233,1.0,-0.046511627906976716
google_robot_move_near__seed099__step008,move_near,99,exploration,6,0.39731731765781597,0.24495640063954374,1.0,0.9568598474420232,0.04314015255797676,1.0,0.9090909090909091,0.09090909090909094
google_robot_move_near__seed099__step008,move_near,99,exploration,7,0.40654583315679926,0.254184916138527,0.9622224317195586,0.8121473236407345,0.15007510807882407,0.9534883720930233,0.9090909090909091,0.044397463002114224
google_robot_move_near__seed099__step008,move_near,99,exploration,8,0.2749167800009572,0.12255586298268498,0.8963561450761423,0.8540883780424582,0.04226776703368407,0.9534883720930233,0.9090909090909091,0.044397463002114224
google_robot_move_near__seed099__step008,move_near,99,exploration,9,0.4320510127822141,0.2796900957639419,0.9735255765257689,0.9700838862728555,0.0034416902529134097,0.9534883720930233,0.8260869565217391,0.12740141557128415
google_robot_move_near__seed099__step008,move_near,99,exploration,10,0.26239536094207394,0.11003444392380171,0.8997056148823065,0.8039749957534087,0.0957306191288978,0.9090909090909091,0.8260869565217391,0.08300395256916993
google_robot_move_near__seed099__step008,move_near,99,exploration,11,0.3444619488641076,0.19210103184583535,1.0,0.9317209659547928,0.06827903404520719,1.0,0.9090909090909091,0.09090909090909094
google_robot_move_near__seed099__step008,move_near,99,exploration,12,0.18928895144721103,0.0369280344289388,0.8317584123823857,0.971457342057688,-0.13969892967530229,0.9090909090909091,0.8666666666666667,0.042424242424242364
google_robot_move_near__seed099__step008,move_near,99,exploration,13,0.38210798026153997,0.22974706324326774,0.9457575344527466,0.8462411347345872,0.0995163997181594,0.9534883720930233,0.7142857142857143,0.23920265780730898
google_robot_move_near__seed099__step008,move_near,99,exploration,14,0.18773080484630192,0.03536988782802969,0.7221973846911034,0.6198960017254073,0.10230138296569613,0.9534883720930233,0.7142857142857143,0.23920265780730898
google_robot_move_near__seed099__step008,move_near,99,exploration,15,0.16622998887504362,0.013869071856771387,0.893725089147743,0.7286360890823841,0.16508900006535887,0.9090909090909091,0.7872340425531915,0.12185686653771755
google_robot_move_near__seed099__step008,move_near,99,exploration,16,0.10553934758251209,-0.046821569435760144,0.9911885836926694,0.7384740618786229,0.2527145218140465,0.9534883720930233,0.68,0.27348837209302324
google_robot_move_near__seed099__step008,move_near,99,exploration,17,0.14026861125577247,-0.012092305762499755,0.9815306821505355,0.8819873446498318,0.09954333750070377,0.9534883720930233,0.75,0.20348837209302328
google_robot_move_near__seed099__step008,move_near,99,exploration,18,0.09486728984278886,-0.05749362717548337,0.9566002928739671,0.8514341181107512,0.10516617476321588,0.8666666666666667,0.6470588235294118,0.2196078431372549
google_robot_move_near__seed099__step008,move_near,99,exploration,19,0.15687658864302825,0.004515671624756024,0.9559736363060276,0.947832632652274,0.008141003653753587,0.8666666666666667,0.8666666666666667,0.0
google_robot_move_near__seed099__step008,move_near,99,exploration,20,0.10813011521020856,-0.04423080180806367,0.9144755798740044,0.9006581922774582,0.01381738759654616,0.9534883720930233,0.8666666666666667,0.08682170542635659
google_robot_move_near__seed099__step008,move_near,99,exploration,21,0.16859040600804945,0.01622948898977722,1.0,0.9865058980556268,0.013494101944373171,1.0,0.8666666666666667,0.1333333333333333
google_robot_move_near__seed099__step008,move_near,99,exploration,22,0.1925547137790091,0.040193796760736866,1.0,0.988675443292249,0.01132455670775101,1.0,0.9090909090909091,0.09090909090909094
google_robot_move_near__seed099__step008,move_near,99,exploration,23,0.18519648670273406,0.03283556968446183,0.9700332385325118,0.960617207038715,0.009416031493796773,0.9090909090909091,0.9090909090909091,0.0
google_robot_move_near__seed099__step008,move_near,99,exploration,24,0.19822083630443688,0.045859919286164647,0.9940939160906349,0.9066166856846948,0.08747723040594013,0.9534883720930233,0.9090909090909091,0.044397463002114224
google_robot_move_near__seed099__step008,move_near,99,exploration,25,0.20358929726291286,0.05122838024464063,0.9965414181967077,0.9972585503871608,-0.0007171321904531069,0.9534883720930233,0.9534883720930233,0.0
google_robot_move_near__seed099__step008,move_near,99,exploration,26,0.17279915026905424,0.020438233250782006,0.9850655586651836,1.0,-0.014934441334816362,0.8666666666666667,1.0,-0.1333333333333333
google_robot_move_near__seed099__step008,move_near,99,exploration,27,0.27471561341692957,0.12235469639865734,1.0,0.9276642580058624,0.07233574199413761,1.0,0.8666666666666667,0.1333333333333333
google_robot_move_near__seed099__step008,move_near,99,exploration,28,0.2661159424803083,0.11375502546203606,0.9811996110939306,0.9791296705904754,0.0020699405034552143,0.9534883720930233,0.9090909090909091,0.044397463002114224
google_robot_move_near__seed099__step008,move_near,99,exploration,29,0.1832688166683376,0.03090789965006538,1.0,1.0,0.0,1.0,1.0,0.0
google_robot_move_near__seed099__step008,move_near,99,exploration,30,0.17566918765218778,0.02330827063391555,0.8851652682917792,1.0,-0.11483473170822078,0.9090909090909091,1.0,-0.09090909090909094
google_robot_move_near__seed099__step008,move_near,99,exploration,31,0.19864214694199614,0.04628122992372391,1.0,0.9956035865070952,0.0043964134929047605,1.0,0.9090909090909091,0.09090909090909094
google_robot_move_near__seed099__step040,move_near,99,exploration,0,0.14298044039114802,0.04743454929341577,1.0,1.0,0.0,1.0,1.0,0.0
google_robot_move_near__seed099__step040,move_near,99,exploration,1,0.07175886770169461,-0.023787023396037638,1.0,1.0,0.0,1.0,1.0,0.0
google_robot_move_near__seed099__step040,move_near,99,exploration,2,-0.09872425743955422,-0.19427014853728647,0.8614087955865496,0.8377359449308943,0.023672850655655275,0.8,0.6363636363636364,0.1636363636363637
google_robot_move_near__seed099__step040,move_near,99,exploration,3,0.25071946717959737,0.1551735760818651,1.0,1.0,0.0,1.0,1.0,0.0
google_robot_move_near__seed099__step040,move_near,99,exploration,4,0.26221285454333254,0.16666696344560028,0.9783690023908237,1.0,-0.021630997609176306,0.8,1.0,-0.19999999999999996
google_robot_move_near__seed099__step040,move_near,99,exploration,5,0.2777723124211176,0.18222642132338535,1.0,1.0,0.0,1.0,1.0,0.0
google_robot_move_near__seed099__step040,move_near,99,exploration,6,0.33308284217925826,0.237536951081526,1.0,0.6211874299590149,0.3788125700409851,1.0,0.6363636363636364,0.36363636363636365
google_robot_move_near__seed099__step040,move_near,99,exploration,7,0.2603554352528969,0.16480954415516463,1.0,0.8292727018628018,0.17072729813719822,1.0,0.8,0.19999999999999996
google_robot_move_near__seed099__step040,move_near,99,exploration,8,0.17597993813900817,0.08043404704127592,0.7447819590900501,0.7519173392689007,-0.0071353801788506255,0.8,0.8,0.0
google_robot_move_near__seed099__step040,move_near,99,exploration,9,0.030368670188718482,-0.06517722090901376,0.7276893774732475,0.47919730489040663,0.24849207258284084,0.8,0.38461538461538464,0.4153846153846154
google_robot_move_near__seed099__step040,move_near,99,exploration,10,0.1151374205264269,0.01959152942869466,0.7941461404265143,0.6893146987735594,0.10483144165295488,0.6363636363636364,0.6363636363636364,0.0
google_robot_move_near__seed099__step040,move_near,99,exploration,11,0.23485023119276058,0.13930434009502835,1.0,0.4856058482021568,0.5143941517978432,1.0,0.38461538461538464,0.6153846153846154
google_robot_move_near__seed099__step040,move_near,99,exploration,12,0.17020677415742302,0.07466088305969078,0.9487783243559648,0.2811964476425601,0.6675818767134047,0.8,0.5,0.30000000000000004
google_robot_move_near__seed099__step040,move_near,99,exploration,13,0.04664589057950802,-0.048900000518224226,1.0,0.8954374980740046,0.10456250192599537,1.0,0.6363636363636364,0.36363636363636365
google_robot_move_near__seed099__step040,move_near,99,exploration,14,0.1573277484080339,0.061781857310301655,0.5430858077890772,0.781563874048179,-0.23847806625910173,0.8,0.38461538461538464,0.4153846153846154
google_robot_move_near__seed099__step040,move_near,99,exploration,15,0.11038199379751622,0.01483610269978397,1.0,0.664496211686476,0.335503788313524,1.0,0.6363636363636364,0.36363636363636365
google_robot_move_near__seed099__step040,move_near,99,exploration,16,0.08864005518610496,-0.006905835911627287,0.903125295965784,0.8339535231266355,0.06917177283914844,0.8,0.5,0.30000000000000004
google_robot_move_near__seed099__step040,move_near,99,exploration,17,0.03699352708793562,-0.058552364009796624,0.7693391531653391,0.4892431933747592,0.2800959597905799,0.8,0.5,0.30000000000000004
google_robot_move_near__seed099__step040,move_near,99,exploration,18,0.11902783997536086,0.02348194887762861,0.5897803326636681,0.5317229744250858,0.05805735823858238,0.8,0.2857142857142857,0.5142857142857143
google_robot_move_near__seed099__step040,move_near,99,exploration,19,-0.0647397199969406,-0.16028561109467285,0.9567168175775129,0.9507984817261055,0.005918335851407441,0.8,0.8,0.0
google_robot_move_near__seed099__step040,move_near,99,exploration,20,-0.044279634172602444,-0.1398255252703347,1.0,0.5413317354016025,0.4586682645983975,1.0,0.5,0.5
google_robot_move_near__seed099__step040,move_near,99,exploration,21,-0.047258502999049,-0.14280439409678125,1.0,0.597754550198179,0.402245449801821,1.0,0.6363636363636364,0.36363636363636365
google_robot_move_near__seed099__step040,move_near,99,exploration,22,0.10199026627051166,0.006444375172779418,0.9532896247746395,0.8024963654206653,0.15079325935397425,0.8,0.6363636363636364,0.1636363636363637
google_robot_move_near__seed099__step040,move_near,99,exploration,23,0.18351539899334188,0.08796950789560963,1.0,1.0,0.0,1.0,1.0,0.0
google_robot_move_near__seed099__step040,move_near,99,exploration,24,0.10118378179274794,0.00563789069501569,1.0,0.9495419468876355,0.05045805311236451,1.0,0.8,0.19999999999999996
google_robot_move_near__seed099__step040,move_near,99,exploration,25,0.10689606982159218,0.011350178723859933,0.9542066045095824,0.8329395096055284,0.12126709490405396,0.8,0.8,0.0
google_robot_move_near__seed099__step040,move_near,99,exploration,26,0.10689606982159218,0.011350178723859933,1.0,0.7778261455932004,0.2221738544067996,1.0,0.8,0.19999999999999996
google_robot_move_near__seed099__step040,move_near,99,exploration,27,0.22960252644519516,0.13405663534746293,1.0,0.8210741424813683,0.17892585751863166,1.0,0.8,0.19999999999999996
google_robot_move_near__seed099__step040,move_near,99,exploration,28,0.20146613304372593,0.10592024194599368,1.0,1.0,0.0,1.0,1.0,0.0
google_robot_move_near__seed099__step040,move_near,99,exploration,29,0.18602287411698926,0.09047698301925701,1.0,1.0,0.0,1.0,1.0,0.0
google_robot_move_near__seed099__step040,move_near,99,exploration,30,-0.030457527643652504,-0.12600341874138477,1.0,1.0,0.0,1.0,1.0,0.0
google_robot_move_near__seed099__step040,move_near,99,exploration,31,-0.08712256010280561,-0.18266845120053787,0.9783939765386642,1.0,-0.021606023461335777,0.8,1.0,-0.19999999999999996
google_robot_move_near__seed099__step071,move_near,99,exploration,0,0.2765299889362103,0.43710348056034587,1.0,1.0,0.0,1.0,1.0,0.0
google_robot_move_near__seed099__step071,move_near,99,exploration,1,0.33880661588979893,0.4993801075139345,1.0,0.9980557191331861,0.0019442808668138634,1.0,0.9285714285714286,0.0714285714285714
google_robot_move_near__seed099__step071,move_near,99,exploration,2,0.2597929296372976,0.4203664212614332,1.0,1.0,0.0,1.0,1.0,0.0
google_robot_move_near__seed099__step071,move_near,99,exploration,3,0.29303018354947546,0.45360367517361105,1.0,1.0,0.0,1.0,1.0,0.0
google_robot_move_near__seed099__step071,move_near,99,exploration,4,0.3047476588895223,0.4653211505136579,0.8564648741028454,0.9935669510250138,-0.13710207692216836,0.9285714285714286,0.9285714285714286,0.0
google_robot_move_near__seed099__step071,move_near,99,exploration,5,0.2253182804531659,0.3858917720773015,0.9003143795672526,0.9795133220021808,-0.0791989424349282,0.9285714285714286,0.9285714285714286,0.0
google_robot_move_near__seed099__step071,move_near,99,exploration,6,0.21007969279627078,0.3706531844204064,1.0,0.9881417819767683,0.011858218023231726,1.0,0.8620689655172413,0.13793103448275867
google_robot_move_near__seed099__step071,move_near,99,exploration,7,0.22040038553190108,0.3809738771560367,1.0,0.893475200754442,0.10652479924555802,1.0,0.8620689655172413,0.13793103448275867
google_robot_move_near__seed099__step071,move_near,99,exploration,8,0.1211814493118351,0.2817549409359707,1.0,0.7471309240373647,0.2528690759626353,1.0,0.8620689655172413,0.13793103448275867
google_robot_move_near__seed099__step071,move_near,99,exploration,9,0.13456644515733623,0.2951399367814718,0.9916488444936946,0.9908413066062663,0.0008075378874282668,0.9285714285714286,0.8620689655172413,0.06650246305418728
google_robot_move_near__seed099__step071,move_near,99,exploration,10,0.34713410233305225,0.5077075939571878,0.93561248889639,0.9023236917167817,0.03328879717960831,0.9285714285714286,0.9285714285714286,0.0
google_robot_move_near__seed099__step071,move_near,99,exploration,11,0.17659151508125503,0.3371650067053906,0.6321541441750004,0.9939743872423814,-0.36182024306738103,0.8,0.9285714285714286,-0.12857142857142856
google_robot_move_near__seed099__step071,move_near,99,exploration,12,0.15175479375033396,0.31232828537446955,1.0,1.0,0.0,1.0,1.0,0.0
google_robot_move_near__seed099__step071,move_near,99,exploration,13,0.24887974096147977,0.4094532325856154,0.9704794928400533,0.9595488462724946,0.01093064656755871,0.9285714285714286,0.8620689655172413,0.06650246305418728
google_robot_move_near__seed099__step071,move_near,99,exploration,14,0.18849449797789833,0.3490679896020339,0.978058499768898,0.770795143074699,0.20726335669419904,0.8620689655172413,0.8,0.06206896551724128
google_robot_move_near__seed099__step071,move_near,99,exploration,15,0.24830570922786363,0.40887920085199925,0.9121941709572701,0.9165474666208908,-0.004353295663620749,0.9285714285714286,0.8620689655172413,0.06650246305418728
google_robot_move_near__seed099__step071,move_near,99,exploration,16,0.24059382921457137,0.401167320838707,0.9981590154041928,0.9253877468160536,0.0727712685881392,0.9285714285714286,0.8620689655172413,0.06650246305418728
google_robot_move_near__seed099__step071,move_near,99,exploration,17,0.2048883335131458,0.3654618251372814,0.9786341007750448,0.9036375809998715,0.0749965197751733,0.9285714285714286,0.8620689655172413,0.06650246305418728
google_robot_move_near__seed099__step071,move_near,99,exploration,18,0.2738001387864591,0.4343736304105947,0.9506130852438268,0.9215356091393206,0.029077476104506172,0.9285714285714286,0.8,0.12857142857142856
google_robot_move_near__seed099__step071,move_near,99,exploration,19,0.21414077814797552,0.3747142697721111,0.9934505569521547,0.9903951308209064,0.0030554261312483177,0.9285714285714286,0.9285714285714286,0.0
google_robot_move_near__seed099__step071,move_near,99,exploration,20,0.18829830428132646,0.348871795905462,0.9763673250054793,0.9643872250630384,0.01198009994244087,0.9285714285714286,0.8620689655172413,0.06650246305418728
google_robot_move_near__seed099__step071,move_near,99,exploration,21,0.32870608181453836,0.48927957343867395,0.895614060808619,0.9142572736723311,-0.018643212863712066,0.9285714285714286,0.8620689655172413,0.06650246305418728
google_robot_move_near__seed099__step071,move_near,99,exploration,22,0.2302542538209851,0.39082774544512067,0.9788474220589265,1.0,-0.021152577941073503,0.9285714285714286,1.0,-0.0714285714285714
google_robot_move_near__seed099__step071,move_near,99,exploration,23,0.2265210215861415,0.3870945132102771,0.9903994610329518,1.0,-0.009600538967048156,0.9285714285714286,1.0,-0.0714285714285714
google_robot_move_near__seed099__step071,move_near,99,exploration,24,0.271619794553076,0.4321932861772116,0.9642168254873579,0.9633624086265459,0.0008544168608120017,0.9285714285714286,0.9285714285714286,0.0
google_robot_move_near__seed099__step071,move_near,99,exploration,25,0.2280451719090398,0.3886186635331754,0.9382808870685776,0.9382808870685776,0.0,0.9285714285714286,0.9285714285714286,0.0
google_robot_move_near__seed099__step071,move_near,99,exploration,26,0.19753110851464742,0.358104600138783,1.0,0.9305487139768914,0.06945128602310857,1.0,0.9285714285714286,0.0714285714285714
google_robot_move_near__seed099__step071,move_near,99,exploration,27,0.2118541000151434,0.37242759163927897,0.9366886181505866,1.0,-0.06331138184941343,0.9285714285714286,1.0,-0.0714285714285714
google_robot_move_near__seed099__step071,move_near,99,exploration,28,0.15886909675191835,0.31944258837605394,0.9506380521254285,0.9506380521254285,0.0,0.9285714285714286,0.9285714285714286,0.0
google_robot_move_near__seed099__step071,move_near,99,exploration,29,0.23692370981706948,0.39749720144120504,0.9793730013529546,0.9289293871444321,0.0504436142085225,0.8,0.8620689655172413,-0.06206896551724128
google_robot_move_near__seed099__step071,move_near,99,exploration,30,0.1608405350693995,0.3214140266935351,1.0000000000000002,0.9851685460042932,0.014831453995707067,1.0,0.9285714285714286,0.0714285714285714
google_robot_move_near__seed099__step071,move_near,99,exploration,31,0.13149432164472183,0.29206781326885745,1.0,1.0,0.0,1.0,1.0,0.0
google_robot_open_drawer__seed000__step011,open_drawer,0,validation,0,0.15744679393042232,0.0075795356798473434,1.0000000000000002,1.0000000000000002,0.0,1.0,1.0,0.0
google_robot_open_drawer__seed000__step011,open_drawer,0,validation,1,0.18916785669474048,0.0393005984441655,0.9993312081202438,1.0,-0.0006687918797562142,0.9444444444444444,1.0,-0.05555555555555558
google_robot_open_drawer__seed000__step011,open_drawer,0,validation,2,0.1462398870319742,-0.0036273712186007945,0.957899288384959,1.0,-0.04210071161504103,0.9444444444444444,1.0,-0.05555555555555558
google_robot_open_drawer__seed000__step011,open_drawer,0,validation,3,0.18862217568882747,0.03875491743825249,0.9786346854888454,0.7740038353012425,0.20463085018760285,0.9444444444444444,0.8918918918918919,0.052552552552552534
google_robot_open_drawer__seed000__step011,open_drawer,0,validation,4,0.15513996671595523,0.005272708465380249,0.9815689053322066,0.9695162991384504,0.012052606193756255,0.9444444444444444,0.8918918918918919,0.052552552552552534
google_robot_open_drawer__seed000__step011,open_drawer,0,validation,5,0.2276548444660221,0.07778758621544712,0.9544771867901919,0.9171874572555323,0.03728972953465959,0.8918918918918919,0.7073170731707317,0.18457481872116022
google_robot_open_drawer__seed000__step011,open_drawer,0,validation,6,0.17628814550137228,0.026420887250797304,1.0,0.933729168029747,0.06627083197025296,1.0,0.8421052631578947,0.1578947368421053
google_robot_open_drawer__seed000__step011,open_drawer,0,validation,7,0.18602776164239132,0.03616050339181634,0.975703497343566,0.9307816210663389,0.0449218762772271,0.9444444444444444,0.7073170731707317,0.23712737127371275
google_robot_open_drawer__seed000__step011,open_drawer,0,validation,8,0.20520090967402435,0.05533365142344937,0.9983347639591491,0.9447314208189037,0.053603343140245396,0.9444444444444444,0.6666666666666666,0.2777777777777778
google_robot_open_drawer__seed000__step011,open_drawer,0,validation,9,0.18558607123683216,0.035718812986257176,1.0,0.8477848178796842,0.15221518212031582,1.0,0.7948717948717948,0.20512820512820518
google_robot_open_drawer__seed000__step011,open_drawer,0,validation,10,0.18588145997870595,0.03601420172813097,0.9974487327647461,0.9653133472200878,0.032135385544658335,0.9444444444444444,0.75,0.19444444444444442
google_robot_open_drawer__seed000__step011,open_drawer,0,validation,11,0.1864697174197882,0.03660245916921323,0.9937997719659076,0.8606950321402493,0.1331047398256583,0.8918918918918919,0.5217391304347826,0.3701527614571093
google_robot_open_drawer__seed000__step011,open_drawer,0,validation,12,0.20358994247831796,0.053722684227742984,0.9974188417326131,0.9700065036135648,0.027412338119048307,0.9444444444444444,0.7073170731707317,0.23712737127371275
google_robot_open_drawer__seed000__step011,open_drawer,0,validation,13,0.20758599162818447,0.057718733377609494,0.9859798247693329,0.9205313423660347,0.06544848240329815,0.8421052631578947,0.75,0.09210526315789469
google_robot_open_drawer__seed000__step011,open_drawer,0,validation,14,0.17208618422046093,0.02221892596988595,0.8417021226332184,0.7066124545504721,0.13508966808274636,0.8918918918918919,0.7948717948717948,0.09702009702009706
google_robot_open_drawer__seed000__step011,open_drawer,0,validation,15,0.17554820298038434,0.025680944729809363,0.9910225280035809,0.9744660369869355,0.01655649101664547,0.9444444444444444,0.7948717948717948,0.1495726495726496
google_robot_open_drawer__seed000__step011,open_drawer,0,validation,16,0.23065899909321486,0.08079174084263988,1.0,0.981584215830302,0.018415784169698024,1.0,0.8421052631578947,0.1578947368421053
google_robot_open_drawer__seed000__step011,open_drawer,0,validation,17,0.1988449659831796,0.048977707732604625,0.9866740929831023,0.9949340912934294,-0.008259998310327088,0.9444444444444444,0.9444444444444444,0.0
google_robot_open_drawer__seed000__step011,open_drawer,0,validation,18,0.2026693953964678,0.052802137145892825,0.8244249333380912,1.0,-0.1755750666619088,0.8421052631578947,1.0,-0.1578947368421053
google_robot_open_drawer__seed000__step011,open_drawer,0,validation,19,0.2500306016020805,0.10016334335150553,0.948991335887134,0.9388022507034623,0.010189085183671676,0.8918918918918919,0.8918918918918919,0.0
google_robot_open_drawer__seed000__step011,open_drawer,0,validation,20,0.10855056329918918,-0.041316694951385805,0.977562975105088,0.9180592061555779,0.05950376894951015,0.9444444444444444,0.8421052631578947,0.10233918128654973
google_robot_open_drawer__seed000__step011,open_drawer,0,validation,21,0.15485291326497866,0.004985655014403678,0.971935654175815,0.9060692425828828,0.06586641159293216,0.9444444444444444,0.8421052631578947,0.10233918128654973
google_robot_open_drawer__seed000__step011,open_drawer,0,validation,22,0.14538883190439236,-0.004478426346182618,0.9325763984671577,0.8582675553145509,0.07430884315260677,0.9444444444444444,0.8918918918918919,0.052552552552552534
google_robot_open_drawer__seed000__step011,open_drawer,0,validation,23,0.20439488562769811,0.05452762737712313,0.8244054598224021,1.0,-0.1755945401775979,0.9444444444444444,1.0,-0.05555555555555558
google_robot_open_drawer__seed000__step011,open_drawer,0,validation,24,0.11504329999470923,-0.03482395825586575,1.0,0.9560679436152134,0.04393205638478659,1.0,0.8918918918918919,0.10810810810810811
google_robot_open_drawer__seed000__step011,open_drawer,0,validation,25,0.013491548738475792,-0.13637570951209918,0.9711498304243368,0.9236344979911543,0.04751533243318251,0.9444444444444444,0.9444444444444444,0.0
google_robot_open_drawer__seed000__step011,open_drawer,0,validation,26,0.03164876587582654,-0.11821849237474844,0.9905087004827409,1.0,-0.009491299517259133,0.9444444444444444,1.0,-0.05555555555555558
google_robot_open_drawer__seed000__step011,open_drawer,0,validation,27,0.02046924604990027,-0.1293980122006747,0.9064003090501948,0.9064003090501948,0.0,0.9444444444444444,0.9444444444444444,0.0
google_robot_open_drawer__seed000__step011,open_drawer,0,validation,28,0.0529306041736786,-0.09693665407689639,0.9639408717586515,0.9334635533967495,0.03047731836190204,0.9444444444444444,0.8918918918918919,0.052552552552552534
google_robot_open_drawer__seed000__step011,open_drawer,0,validation,29,0.08463631680793669,-0.06523094144263829,0.9540900628810887,0.9929304050763835,-0.038840342195294864,0.8918918918918919,0.9444444444444444,-0.052552552552552534
google_robot_open_drawer__seed000__step011,open_drawer,0,validation,30,0.03867999797527904,-0.11118726027529593,0.9216139618961177,0.9694246214032028,-0.047810659507085185,0.8918918918918919,0.9444444444444444,-0.052552552552552534
google_robot_open_drawer__seed000__step011,open_drawer,0,validation,31,0.08837119048991587,-0.06149606776065911,1.0,0.9724822234687842,0.027517776531215787,1.0,0.9444444444444444,0.05555555555555558
google_robot_open_drawer__seed000__step056,open_drawer,0,validation,0,0.19780698200522917,0.12687324185227508,0.9689774260057352,1.0,-0.03102257399426478,0.9512195121951219,1.0,-0.04878048780487809
google_robot_open_drawer__seed000__step056,open_drawer,0,validation,1,0.16496667967453635,0.09403293952158226,1.0000000000000002,1.0000000000000002,0.0,1.0,1.0,0.0
google_robot_open_drawer__seed000__step056,open_drawer,0,validation,2,0.1330830965346288,0.06214935638167471,0.9469592473690138,0.9994556986654936,-0.05249645129647973,0.9512195121951219,0.9512195121951219,0.0
google_robot_open_drawer__seed000__step056,open_drawer,0,validation,3,0.17046991923780194,0.09953617908484785,0.9893491622836948,0.8815712606815299,0.10777790160216494,0.9512195121951219,0.9047619047619048,0.04645760743321714
google_robot_open_drawer__seed000__step056,open_drawer,0,validation,4,0.030733420708848002,-0.040200319444106083,1.0,0.9961198129527068,0.0038801870472932043,1.0,0.9512195121951219,0.04878048780487809
google_robot_open_drawer__seed000__step056,open_drawer,0,validation,5,0.18431729184778844,0.11338355169483436,0.9418852380704293,0.8168294853569947,0.1250557527134346,0.9512195121951219,0.8181818181818182,0.13303769401330368
google_robot_open_drawer__seed000__step056,open_drawer,0,validation,6,0.24673002531414281,0.17579628516118873,0.8720261826426023,0.9569695086539564,-0.08494332601135401,0.9512195121951219,0.9512195121951219,0.0
google_robot_open_drawer__seed000__step056,open_drawer,0,validation,7,0.2505466526588108,0.17961291250585673,0.9020455540323987,0.9907465800050907,-0.08870102597269203,0.9047619047619048,0.9047619047619048,0.0
google_robot_open_drawer__seed000__step056,open_drawer,0,validation,8,0.2921529931522426,0.2212192529992885,0.8938787705262334,0.9751644963840645,-0.08128572585783111,0.9512195121951219,0.9047619047619048,0.04645760743321714
google_robot_open_drawer__seed000__step056,open_drawer,0,validation,9,0.22006178072271546,0.14912804056976137,0.88091009784403,0.8779327961078606,0.002977301736169391,0.9047619047619048,0.9512195121951219,-0.04645760743321714
google_robot_open_drawer__seed000__step056,open_drawer,0,validation,10,0.2432816780986621,0.17234793794570802,1.0,0.9719433054407078,0.02805669455929216,1.0,0.9512195121951219,0.04878048780487809
google_robot_open_drawer__seed000__step056,open_drawer,0,validation,11,0.2593837857020033,0.18845004554904923,0.9142775263478357,0.945066897864063,-0.030789371516227293,0.9512195121951219,0.9047619047619048,0.04645760743321714
google_robot_open_drawer__seed000__step056,open_drawer,0,validation,12,0.19779777838973747,0.12686403823678338,0.8467448729860622,0.9594250397512701,-0.11268016676520798,0.8181818181818182,0.9047619047619048,-0.08658008658008653
google_robot_open_drawer__seed000__step056,open_drawer,0,validation,13,0.26551434617787195,0.19458060602491786,0.971554314978734,0.957028217753728,0.014526097225005974,0.9512195121951219,0.9512195121951219,0.0
google_robot_open_drawer__seed000__step056,open_drawer,0,validation,14,0.21242151713912136,0.14148777698616727,0.9642671061133465,0.8893618803688682,0.07490522574447833,0.9047619047619048,0.9047619047619048,0.0
google_robot_open_drawer__seed000__step056,open_drawer,0,validation,15,0.2796247474179077,0.20869100726495363,0.8877971780037811,1.0000000000000002,-0.11220282199621912,0.9047619047619048,1.0,-0.09523809523809523
google_robot_open_drawer__seed000__step056,open_drawer,0,validation,16,0.29333899551181736,0.22240525535886327,0.983209133708998,0.909957357333017,0.07325177637598101,0.9512195121951219,0.9512195121951219,0.0
google_robot_open_drawer__seed000__step056,open_drawer,0,validation,17,0.2239452945919466,0.1530115544389925,0.9342688811463629,0.9487258316018411,-0.014456950455478235,0.9512195121951219,0.9512195121951219,0.0
google_robot_open_drawer__seed000__step056,open_drawer,0,validation,18,0.22159970075680993,0.15066596060385584,1.0,0.9044284900907894,0.0955715099092106,1.0,0.9512195121951219,0.04878048780487809
google_robot_open_drawer__seed000__step056,open_drawer,0,validation,19,0.24747984166548784,0.17654610151253375,0.9857567513492635,0.8166801262307888,0.16907662511847477,0.9512195121951219,0.9512195121951219,0.0
google_robot_open_drawer__seed000__step056,open_drawer,0,validation,20,0.2540946091187692,0.1831608689658151,0.907805649982855,0.9122067942593265,-0.004401144276471536,0.9047619047619048,0.8604651162790697,0.044296788482835026
google_robot_open_drawer__seed000__step056,open_drawer,0,validation,21,0.22144723123836121,0.15051349108540713,0.9916120320560915,1.0,-0.008387967943908503,0.9512195121951219,1.0,-0.04878048780487809
google_robot_open_drawer__seed000__step056,open_drawer,0,validation,22,0.22063676679757438,0.1497030266446203,0.9413594635449091,0.9506716131804053,-0.009312149635496203,0.9512195121951219,0.9512195121951219,0.0
google_robot_open_drawer__seed000__step056,open_drawer,0,validation,23,0.22510053460634627,0.15416679445339218,0.9008647087266685,1.0,-0.09913529127333154,0.9512195121951219,1.0,-0.04878048780487809
google_robot_open_drawer__seed000__step056,open_drawer,0,validation,24,0.24286904201332046,0.17193530186036637,0.8794283121679537,0.9895086866294456,-0.11008037446149188,0.9512195121951219,0.9047619047619048,0.04645760743321714
google_robot_open_drawer__seed000__step056,open_drawer,0,validation,25,0.25164821543535904,0.18071447528240495,0.9879350015426552,1.0,-0.012064998457344767,0.9512195121951219,1.0,-0.04878048780487809
google_robot_open_drawer__seed000__step056,open_drawer,0,validation,26,0.2290626069431724,0.15812886679021831,0.988773128078161,0.8804524101294228,0.10832071794873821,0.9512195121951219,0.9512195121951219,0.0
google_robot_open_drawer__seed000__step056,open_drawer,0,validation,27,0.24310767177671214,0.17217393162375805,0.9453516009298973,0.9534822864492353,-0.008130685519337932,0.9512195121951219,0.9512195121951219,0.0
google_robot_open_drawer__seed000__step056,open_drawer,0,validation,28,0.2550453547654159,0.1841116146124618,0.872035022981971,1.0,-0.127964977018029,0.9512195121951219,1.0,-0.04878048780487809
google_robot_open_drawer__seed000__step056,open_drawer,0,validation,29,0.19666633115545132,0.12573259100249723,0.8276841044729877,0.7877472174544611,0.0399368870185266,0.9047619047619048,0.9047619047619048,0.0
google_robot_open_drawer__seed000__step056,open_drawer,0,validation,30,0.22126696344723143,0.15033322329427734,0.9463942456880843,0.9957539233261604,-0.04935967763807614,0.9512195121951219,0.9512195121951219,0.0
google_robot_open_drawer__seed000__step056,open_drawer,0,validation,31,0.18458861538814353,0.11365487523518944,0.9918672755847338,0.9918672755847338,0.0,0.9512195121951219,0.9512195121951219,0.0
google_robot_open_drawer__seed000__step101,open_drawer,0,validation,0,0.24730077663503922,0.44594153660546254,1.0,1.0,0.0,1.0,1.0,0.0
google_robot_open_drawer__seed000__step101,open_drawer,0,validation,1,0.5485508819896446,0.7471916419600679,0.9133154291540859,0.9194867322643715,-0.006171303110285575,0.9166666666666666,0.9166666666666666,0.0
google_robot_open_drawer__seed000__step101,open_drawer,0,validation,2,0.36412465941437616,0.5627654193847995,1.0,1.0,0.0,1.0,1.0,0.0
google_robot_open_drawer__seed000__step101,open_drawer,0,validation,3,0.11763262449925997,0.3162733844696833,0.9871282172894306,0.9535008101693631,0.03362740712006751,0.9166666666666666,0.7692307692307693,0.14743589743589736
google_robot_open_drawer__seed000__step101,open_drawer,0,validation,4,0.5332357921839016,0.7318765521543249,0.9709901953767406,0.9875970991146032,-0.016606903737862666,0.84,0.9166666666666666,-0.07666666666666666
google_robot_open_drawer__seed000__step101,open_drawer,0,validation,5,0.4649565014620758,0.6635972614324991,0.9987582948521861,0.9799472995622988,0.01881099528988739,0.9166666666666666,0.84,0.07666666666666666
google_robot_open_drawer__seed000__step101,open_drawer,0,validation,6,0.25047225206811735,0.4491130120385407,0.7605425235569273,0.914970434618737,-0.15442791106180964,0.84,0.84,0.0
google_robot_open_drawer__seed000__step101,open_drawer,0,validation,7,0.5743334641746586,0.7729742241450819,0.9878864612006387,0.9813104514737184,0.0065760097269202955,0.7692307692307693,0.5862068965517241,0.18302387267904519
google_robot_open_drawer__seed000__step101,open_drawer,0,validation,8,0.748379226885926,0.9470199868563492,0.7764763954924124,0.7673765703351002,0.009099825157312225,0.7692307692307693,0.84,-0.0707692307692307
google_robot_open_drawer__seed000__step101,open_drawer,0,validation,9,0.4065244684104768,0.6051652283809001,0.9925220757964509,0.7382004553169326,0.25432162047951834,0.84,0.7692307692307693,0.0707692307692307
google_robot_open_drawer__seed000__step101,open_drawer,0,validation,10,0.6641415970599424,0.8627823570303657,0.9930561785559365,0.9921624944550452,0.000893684100891301,0.84,0.7037037037037037,0.13629629629629625
google_robot_open_drawer__seed000__step101,open_drawer,0,validation,11,0.6784897788665472,0.8771305388369705,0.9957985181531464,0.9045595360735658,0.09123898207958059,0.9166666666666666,0.6428571428571429,0.2738095238095237
google_robot_open_drawer__seed000__step101,open_drawer,0,validation,12,0.3393120084035586,0.5379527683739819,0.7913916186076994,0.9222074202914726,-0.13081580168377327,0.9166666666666666,0.84,0.07666666666666666
google_robot_open_drawer__seed000__step101,open_drawer,0,validation,13,0.42708287666568273,0.6257236366361061,0.9635411910533582,0.9743784089025281,-0.010837217849169911,0.6428571428571429,0.84,-0.19714285714285706
google_robot_open_drawer__seed000__step101,open_drawer,0,validation,14,0.6378384079059848,0.8364791678764081,1.0,0.9960904226157431,0.0039095773842569015,1.0,0.9166666666666666,0.08333333333333337
google_robot_open_drawer__seed000__step101,open_drawer,0,validation,15,0.39026356956689073,0.5889043295373141,0.9755852473819925,0.9726258720323276,0.002959375349664839,0.84,0.9166666666666666,-0.07666666666666666
google_robot_open_drawer__seed000__step101,open_drawer,0,validation,16,0.30779295592486905,0.5064337158952924,0.7754774153610194,0.9645044571512127,-0.18902704179019325,0.84,0.84,0.0
google_robot_open_drawer__seed000__step101,open_drawer,0,validation,17,0.3807433101831155,0.5793840701535389,0.7503784408404233,0.9680187030269232,-0.2176402621864999,0.84,0.84,0.0
google_robot_open_drawer__seed000__step101,open_drawer,0,validation,18,0.18948775562368256,0.3881285155941059,0.8955505479682647,0.22011559781044043,0.6754349501578243,0.7037037037037037,0.7037037037037037,0.0
google_robot_open_drawer__seed000__step101,open_drawer,0,validation,19,0.34528490642218695,0.5439256663926103,0.9753156611955555,0.7995548203358224,0.1757608408597331,0.9166666666666666,0.84,0.07666666666666666
google_robot_open_drawer__seed000__step101,open_drawer,0,validation,20,0.35769761634544195,0.5563383763158652,0.8971074834055921,0.864904686747249,0.032202796658343136,0.84,0.9166666666666666,-0.07666666666666666
google_robot_open_drawer__seed000__step101,open_drawer,0,validation,21,0.4171941253528082,0.6158348853232315,0.9732181241364573,0.9918333467204022,-0.01861522258394499,0.7692307692307693,0.9166666666666666,-0.14743589743589736
google_robot_open_drawer__seed000__step101,open_drawer,0,validation,22,0.30352701439018737,0.5021677743606107,0.8110304735518326,0.9734550020581412,-0.16242452850630862,0.84,0.84,0.0
google_robot_open_drawer__seed000__step101,open_drawer,0,validation,23,0.16167743598713544,0.36031819595755876,0.8679669340173303,0.7379137109989601,0.1300532230183702,0.84,0.84,0.0
google_robot_open_drawer__seed000__step101,open_drawer,0,validation,24,0.22949793390856163,0.42813869387898495,0.9791701501283384,0.8212021571186378,0.15796799300970066,0.84,0.7692307692307693,0.0707692307692307
google_robot_open_drawer__seed000__step101,open_drawer,0,validation,25,0.2701459606425856,0.46878672061300897,0.9801076195416046,0.8257226941384941,0.15438492540311055,0.9166666666666666,0.9166666666666666,0.0
google_robot_open_drawer__seed000__step101,open_drawer,0,validation,26,0.3454444890017916,0.5440852489722149,0.9729476222767423,0.9761543507797906,-0.0032067285030483728,0.9166666666666666,0.9166666666666666,0.0
google_robot_open_drawer__seed000__step101,open_drawer,0,validation,27,0.3881714659141288,0.5868122258845522,0.8190494596385446,0.8279739439656563,-0.008924484327111681,0.7692307692307693,0.84,-0.0707692307692307
google_robot_open_drawer__seed000__step101,open_drawer,0,validation,28,0.25304712588826656,0.4516878858586899,0.9776642640034816,0.9793717139670045,-0.0017074499635229001,0.9166666666666666,0.9166666666666666,0.0
google_robot_open_drawer__seed000__step101,open_drawer,0,validation,29,0.23168773996713998,0.4303284999375633,0.9128937262042015,0.9374827239145848,-0.024588997710383254,0.84,0.84,0.0
google_robot_open_drawer__seed000__step101,open_drawer,0,validation,30,0.23391602832127367,0.43255678829169697,1.0,0.9925306382938005,0.0074693617061994955,1.0,0.9166666666666666,0.08333333333333337
google_robot_open_drawer__seed000__step101,open_drawer,0,validation,31,0.2978186863540713,0.4964594463244947,0.9869714853489047,0.9645989886026788,0.02237249674622588,0.9166666666666666,0.84,0.07666666666666666
google_robot_open_drawer__seed001__step011,open_drawer,1,validation,0,0.4451792095915903,0.2056554986817967,1.0,1.0,0.0,1.0,1.0,0.0
google_robot_open_drawer__seed001__step011,open_drawer,1,validation,1,0.5313398772404874,0.29181616633069374,1.0,1.0,0.0,1.0,1.0,0.0
google_robot_open_drawer__seed001__step011,open_drawer,1,validation,2,0.501949214448013,0.26242550353821936,0.9934717860975489,0.9838504669398701,0.009621319157678832,0.9512195121951219,0.9047619047619048,0.04645760743321714
google_robot_open_drawer__seed001__step011,open_drawer,1,validation,3,0.5236065277977453,0.2840828168879517,0.9849414438284682,0.8922121023956494,0.09272934143281875,0.9512195121951219,0.9047619047619048,0.04645760743321714
google_robot_open_drawer__seed001__step011,open_drawer,1,validation,4,0.44878635210274126,0.20926264119294766,1.0,0.9020769345323875,0.09792306546761254,1.0,0.9512195121951219,0.04878048780487809
google_robot_open_drawer__seed001__step011,open_drawer,1,validation,5,0.39654757817330416,0.15702386726351056,0.9879517222310685,0.9652097148235589,0.022742007407509646,0.8604651162790697,0.7021276595744681,0.15833745670460164
google_robot_open_drawer__seed001__step011,open_drawer,1,validation,6,0.4580387081245718,0.2185149972147782,0.9742005275729945,0.9975371086412199,-0.023336581068225448,0.9047619047619048,0.9512195121951219,-0.04645760743321714
google_robot_open_drawer__seed001__step011,open_drawer,1,validation,7,0.5393109350966937,0.29978722418690007,0.9630896250577944,0.9938018833910824,-0.030712258333288056,0.8181818181818182,0.9047619047619048,-0.08658008658008653
google_robot_open_drawer__seed001__step011,open_drawer,1,validation,8,0.38492571043323265,0.14540199952343905,0.9758877717876459,0.8873309213891165,0.08855685039852934,0.9047619047619048,0.7777777777777778,0.12698412698412698
google_robot_open_drawer__seed001__step011,open_drawer,1,validation,9,0.5057905319122752,0.26626682100248156,0.9821786327557956,0.9076817521219168,0.07449688063387883,0.9047619047619048,0.7777777777777778,0.12698412698412698
google_robot_open_drawer__seed001__step011,open_drawer,1,validation,10,0.5155116913378118,0.2759879804280182,0.9654115304776129,0.9233938717082976,0.04201765876931529,0.8604651162790697,0.7777777777777778,0.08268733850129195
google_robot_open_drawer__seed001__step011,open_drawer,1,validation,11,0.44796871590615717,0.20844500499636356,0.9595099653760233,0.8654057874857006,0.09410417789032266,0.8604651162790697,0.7021276595744681,0.15833745670460164
google_robot_open_drawer__seed001__step011,open_drawer,1,validation,12,0.392049207120951,0.15252549621115738,0.9826203317348181,0.9891844458892115,-0.006564114154393397,0.9512195121951219,0.9047619047619048,0.04645760743321714
google_robot_open_drawer__seed001__step011,open_drawer,1,validation,13,0.5071873316635048,0.2676636207537112,0.9639389525909253,0.9616562786429973,0.0022826739479280267,0.9047619047619048,0.8604651162790697,0.044296788482835026
google_robot_open_drawer__seed001__step011,open_drawer,1,validation,14,0.4810230025972957,0.2414992916875021,0.9638288855389822,0.8828344092984867,0.0809944762404955,0.7777777777777778,0.6666666666666666,0.11111111111111116
google_robot_open_drawer__seed001__step011,open_drawer,1,validation,15,0.47336511131270415,0.23384140040291054,0.8913163657304858,0.9312117262148498,-0.03989536048436404,0.9047619047619048,0.8604651162790697,0.044296788482835026
google_robot_open_drawer__seed001__step011,open_drawer,1,validation,16,0.5269709971909483,0.2874472862811547,0.8954440091718919,0.9892542796219055,-0.09381027045001356,0.8181818181818182,0.9047619047619048,-0.08658008658008653
google_robot_open_drawer__seed001__step011,open_drawer,1,validation,17,0.4863042482911572,0.2467805373813636,0.8963482617938001,0.9669181135507948,-0.0705698517569947,0.8181818181818182,0.8604651162790697,-0.04228329809725151
google_robot_open_drawer__seed001__step011,open_drawer,1,validation,18,0.46451717567858003,0.22499346476878643,0.981656113705592,0.9856485057972098,-0.003992392091617725,0.8604651162790697,0.8604651162790697,0.0
google_robot_open_drawer__seed001__step011,open_drawer,1,validation,19,0.4836614919535778,0.24413778104378422,0.9956361505593087,0.9956996068929093,-6.345633360060887e-05,0.8604651162790697,0.9047619047619048,-0.044296788482835026
google_robot_open_drawer__seed001__step011,open_drawer,1,validation,20,0.48188327174801354,0.24235956083821994,0.9969779228635235,0.9655986468817845,0.03137927598173895,0.9512195121951219,0.8181818181818182,0.13303769401330368
google_robot_open_drawer__seed001__step011,open_drawer,1,validation,21,0.48425327330335444,0.24472956239356083,0.9982287391296305,0.9966810038608115,0.0015477352688190171,0.9047619047619048,0.9047619047619048,0.0
google_robot_open_drawer__seed001__step011,open_drawer,1,validation,22,0.5002849378264491,0.2607612269166555,1.0000000000000002,0.9968454659325808,0.00315453406741939,1.0,0.9047619047619048,0.09523809523809523
google_robot_open_drawer__seed001__step011,open_drawer,1,validation,23,0.49126686984004175,0.2517431589302481,0.9685128245837631,0.9983936769039975,-0.029880852320234408,0.9047619047619048,0.9512195121951219,-0.04645760743321714
google_robot_open_drawer__seed001__step011,open_drawer,1,validation,24,0.47666205251559046,0.23713834160579686,0.9891185681645845,0.9912971701651304,-0.0021786020005458706,0.9512195121951219,0.9512195121951219,0.0
google_robot_open_drawer__seed001__step011,open_drawer,1,validation,25,0.4863287797180608,0.24680506880826722,1.0,0.9963952437582347,0.003604756241765261,1.0,0.9047619047619048,0.09523809523809523
google_robot_open_drawer__seed001__step011,open_drawer,1,validation,26,0.4890340655559178,0.24951035464612417,0.9981089649052787,0.9979135531905449,0.00019541171473380636,0.9512195121951219,0.9047619047619048,0.04645760743321714
google_robot_open_drawer__seed001__step011,open_drawer,1,validation,27,0.5002849378264491,0.2607612269166555,0.9972322207403882,1.0000000000000002,-0.0027677792596120243,0.9047619047619048,1.0,-0.09523809523809523
google_robot_open_drawer__seed001__step011,open_drawer,1,validation,28,0.4940059575996389,0.2544822466898453,1.0,0.9957793492844028,0.004220650715597185,1.0,0.9512195121951219,0.04878048780487809
google_robot_open_drawer__seed001__step011,open_drawer,1,validation,29,0.4940059575996389,0.2544822466898453,1.0,1.0,0.0,1.0,1.0,0.0
google_robot_open_drawer__seed001__step011,open_drawer,1,validation,30,0.48429374489703125,0.24477003398723765,1.0,0.9991557882224206,0.0008442117775794289,1.0,0.9512195121951219,0.04878048780487809
google_robot_open_drawer__seed001__step011,open_drawer,1,validation,31,0.4686490584675668,0.22912534755777322,0.7370282100348686,0.9921568388280884,-0.25512862879321974,0.9047619047619048,0.9047619047619048,0.0
google_robot_open_drawer__seed001__step056,open_drawer,1,validation,0,0.23360967213237846,-0.003920160776051118,0.9908007898429952,1.0,-0.009199210157004756,0.9473684210526315,1.0,-0.052631578947368474
google_robot_open_drawer__seed001__step056,open_drawer,1,validation,1,0.29117050192799954,0.05364066901956996,0.9242678038987345,1.0,-0.07573219610126547,0.9473684210526315,1.0,-0.052631578947368474
google_robot_open_drawer__seed001__step056,open_drawer,1,validation,2,0.3867701906531152,0.1492403577446856,0.9907714274758704,0.9622573018657038,0.02851412561016664,0.9473684210526315,0.8974358974358975,0.04993252361673406
google_robot_open_drawer__seed001__step056,open_drawer,1,validation,3,0.2676947256393797,0.030164892730950105,1.0,0.772382292026654,0.22761770797334602,1.0,0.9473684210526315,0.052631578947368474
google_robot_open_drawer__seed001__step056,open_drawer,1,validation,4,0.30172493573140374,0.06419510282297416,0.9951486587673836,1.0,-0.004851341232616435,0.9473684210526315,1.0,-0.052631578947368474
google_robot_open_drawer__seed001__step056,open_drawer,1,validation,5,0.359552313537615,0.12202248062918544,0.9919593255129949,0.910375796313677,0.08158352919931788,0.9473684210526315,0.8048780487804879,0.14249037227214367
google_robot_open_drawer__seed001__step056,open_drawer,1,validation,6,0.24444466537177792,0.0069148324633483416,0.982542618213814,0.9919936182949166,-0.009451000081102667,0.9473684210526315,0.9473684210526315,0.0
google_robot_open_drawer__seed001__step056,open_drawer,1,validation,7,0.16741413279081976,-0.07011570011760981,0.9029035635147803,0.9697141811108899,-0.06681061759610962,0.9473684210526315,0.8974358974358975,0.04993252361673406
google_robot_open_drawer__seed001__step056,open_drawer,1,validation,8,0.07133260354906633,-0.16619722935936326,0.8477218979848109,0.9844844299937535,-0.13676253200894262,0.9473684210526315,0.9473684210526315,0.0
google_robot_open_drawer__seed001__step056,open_drawer,1,validation,9,0.06014337092074059,-0.17738646198768898,0.9755669232385425,0.9755669232385425,0.0,0.9473684210526315,0.9473684210526315,0.0
google_robot_open_drawer__seed001__step056,open_drawer,1,validation,10,0.19131442020069522,-0.046215412707734355,1.0,1.0,0.0,1.0,1.0,0.0
google_robot_open_drawer__seed001__step056,open_drawer,1,validation,11,0.16071480535555316,-0.07681502755287642,0.963708365774378,0.951190879371027,0.012517486403351041,0.8974358974358975,0.85,0.04743589743589749
google_robot_open_drawer__seed001__step056,open_drawer,1,validation,12,0.2677056848258873,0.030175851917457724,0.9573179309181513,0.8245093546701382,0.13280857624801312,0.8974358974358975,0.8048780487804879,0.09255784865540961
google_robot_open_drawer__seed001__step056,open_drawer,1,validation,13,0.23996768957564063,0.0024378566672110524,1.0,0.9754274625791624,0.024572537420837648,1.0,0.8974358974358975,0.10256410256410253
google_robot_open_drawer__seed001__step056,open_drawer,1,validation,14,0.2020765512847035,-0.035453281623726074,1.0,0.9437094857221057,0.05629051427789433,1.0,0.9473684210526315,0.052631578947368474
google_robot_open_drawer__seed001__step056,open_drawer,1,validation,15,0.2579533527309687,0.02042351982253912,0.9716963454820274,0.9584299457220732,0.01326639975995425,0.9473684210526315,0.8974358974358975,0.04993252361673406
google_robot_open_drawer__seed001__step056,open_drawer,1,validation,16,0.06862845555253679,-0.16890137735589278,0.9977948100500051,0.9855277749688639,0.012267035081141242,0.9473684210526315,0.85,0.09736842105263155
google_robot_open_drawer__seed001__step056,open_drawer,1,validation,17,0.11493523606105964,-0.12259459684736994,0.9776763508148409,0.9700645749397059,0.007611775875135063,0.9473684210526315,0.8974358974358975,0.04993252361673406
google_robot_open_drawer__seed001__step056,open_drawer,1,validation,18,0.11454959707492925,-0.12298023583350033,0.9960675930227403,0.9885373857154119,0.00753020730732834,0.8974358974358975,0.85,0.04743589743589749
google_robot_open_drawer__seed001__step056,open_drawer,1,validation,19,0.15585169049088451,-0.08167814241754506,0.9566544637728827,0.9545107142718674,0.0021437495010152574,0.85,0.85,0.0
google_robot_open_drawer__seed001__step056,open_drawer,1,validation,20,0.11339407721618848,-0.1241357556922411,0.9625758984324179,0.9729334964420423,-0.010357598009624436,0.8048780487804879,0.7619047619047619,0.04297328687572599
google_robot_open_drawer__seed001__step056,open_drawer,1,validation,21,0.09134421313073197,-0.14618561977769762,0.9031714454298477,0.5502219758191554,0.3529494696106923,0.8974358974358975,0.8974358974358975,0.0
google_robot_open_drawer__seed001__step056,open_drawer,1,validation,22,0.14823586135677644,-0.08929397155165314,0.9742931158848388,0.9805018452228671,-0.006208729338028296,0.8974358974358975,0.9473684210526315,-0.04993252361673406
google_robot_open_drawer__seed001__step056,open_drawer,1,validation,23,0.19688631988312386,-0.04064351302530572,0.9821695738658208,1.0,-0.017830426134179178,0.9473684210526315,1.0,-0.052631578947368474
google_robot_open_drawer__seed001__step056,open_drawer,1,validation,24,0.20294384032695412,-0.03458599258147546,1.0,0.9961536786756878,0.003846321324312174,1.0,0.9473684210526315,0.052631578947368474
google_robot_open_drawer__seed001__step056,open_drawer,1,validation,25,0.3620721049871862,0.12454227207875665,0.9948822650452568,0.5672670464550768,0.42761521859018004,0.9473684210526315,0.9473684210526315,0.0
google_robot_open_drawer__seed001__step056,open_drawer,1,validation,26,0.32959770573095637,0.09206787282252679,0.5350100952894897,0.9954525832023174,-0.4604424879128277,0.9473684210526315,0.9473684210526315,0.0
google_robot_open_drawer__seed001__step056,open_drawer,1,validation,27,0.24197546933530445,0.004445636426874872,0.984725707327987,0.983276564396002,0.001449142931985059,0.8974358974358975,0.8974358974358975,0.0
google_robot_open_drawer__seed001__step056,open_drawer,1,validation,28,0.2196181135154993,-0.017911719392930264,1.0,0.57106078094816,0.42893921905183996,1.0,0.9473684210526315,0.052631578947368474
google_robot_open_drawer__seed001__step056,open_drawer,1,validation,29,0.23950234205262222,0.0019725091441926412,0.9956795285411477,1.0,-0.004320471458852282,0.9473684210526315,1.0,-0.052631578947368474
google_robot_open_drawer__seed001__step056,open_drawer,1,validation,30,0.37630443037111966,0.13877459746269008,0.9878013196730797,0.9954430450367241,-0.0076417253636443805,0.9473684210526315,0.9473684210526315,0.0
google_robot_open_drawer__seed001__step056,open_drawer,1,validation,31,0.38232389711378706,0.14479406420535748,1.0,0.9816497616512726,0.0183502383487274,1.0,0.8974358974358975,0.10256410256410253
google_robot_open_drawer__seed001__step101,open_drawer,1,validation,0,0.17782109874098573,-0.027267007462361686,1.0,1.0,0.0,1.0,1.0,0.0
google_robot_open_drawer__seed001__step101,open_drawer,1,validation,1,0.4228018656945549,0.2177137594912075,0.9905748182943263,1.0,-0.009425181705673746,0.9375,1.0,-0.0625
google_robot_open_drawer__seed001__step101,open_drawer,1,validation,2,0.6146348945410105,0.4095467883376631,0.97859641296081,0.7957368995116764,0.18285951344913365,0.9375,0.8235294117647058,0.11397058823529416
google_robot_open_drawer__seed001__step101,open_drawer,1,validation,3,0.5199823606187698,0.3148942544154224,0.8282678601949609,0.9595364619603227,-0.13126860176536181,0.8787878787878788,0.8235294117647058,0.05525846702317294
google_robot_open_drawer__seed001__step101,open_drawer,1,validation,4,0.5869452078573006,0.38185710165395326,1.0,1.0,0.0,1.0,1.0,0.0
google_robot_open_drawer__seed001__step101,open_drawer,1,validation,5,0.5968264574572921,0.39173835125394474,0.9941312451698651,0.9386785912532637,0.05545265391660137,0.9375,0.7714285714285715,0.16607142857142854
google_robot_open_drawer__seed001__step101,open_drawer,1,validation,6,0.43777708260505116,0.23268897640170375,1.0,0.9929777642468617,0.007022235753138317,1.0,0.9375,0.0625
google_robot_open_drawer__seed001__step101,open_drawer,1,validation,7,0.3266018888951534,0.12151378269180599,1.0,0.9968175821815235,0.0031824178184765017,1.0,0.9375,0.0625
google_robot_open_drawer__seed001__step101,open_drawer,1,validation,8,0.27546125005575006,0.07037314385240265,0.9905159459274199,0.9876926501279047,0.002823295799515124,0.9375,0.9375,0.0
google_robot_open_drawer__seed001__step101,open_drawer,1,validation,9,0.36691526195122814,0.16182715574788073,0.9461388880662777,0.9721681496325775,-0.02602926156629981,0.9375,0.9375,0.0
google_robot_open_drawer__seed001__step101,open_drawer,1,validation,10,0.38638951240206865,0.18130140619872123,0.9824414797891249,0.8921865138105504,0.09025496597857452,0.8787878787878788,0.8235294117647058,0.05525846702317294
google_robot_open_drawer__seed001__step101,open_drawer,1,validation,11,0.256347726656244,0.05125962045289659,0.7506227604712475,0.7953976724980851,-0.04477491202683759,0.7714285714285715,0.6756756756756757,0.0957528957528958
google_robot_open_drawer__seed001__step101,open_drawer,1,validation,12,0.5200094116683845,0.31492130546503716,1.0,0.9386785186638407,0.061321481336159334,1.0,0.8235294117647058,0.17647058823529416
google_robot_open_drawer__seed001__step101,open_drawer,1,validation,13,0.3845553656424463,0.1794672594390989,0.9671829747365125,0.8981723259347306,0.06901064880178187,0.9375,0.8787878787878788,0.058712121212121215
google_robot_open_drawer__seed001__step101,open_drawer,1,validation,14,0.4370733307384114,0.231985224535064,1.0,0.8319764225311296,0.16802357746887042,1.0,0.8787878787878788,0.12121212121212122
google_robot_open_drawer__seed001__step101,open_drawer,1,validation,15,0.3338605770453967,0.12877247084204926,1.0,0.9696872431966902,0.030312756803309804,1.0,0.9375,0.0625
google_robot_open_drawer__seed001__step101,open_drawer,1,validation,16,0.28048410019316,0.07539599398981259,0.9405536053944029,0.9428585597412211,-0.002304954346818211,0.9375,0.8787878787878788,0.058712121212121215
google_robot_open_drawer__seed001__step101,open_drawer,1,validation,17,0.2731086807583927,0.06802057455504526,0.7934741172326095,0.9733196950363204,-0.1798455778037109,0.8787878787878788,0.8235294117647058,0.05525846702317294
google_robot_open_drawer__seed001__step101,open_drawer,1,validation,18,0.34848196271859244,0.14339385651524503,0.9094955922905532,0.9293755757295896,-0.01987998343903641,0.9375,0.9375,0.0
google_robot_open_drawer__seed001__step101,open_drawer,1,validation,19,0.330733103003436,0.1256449968000886,0.9246302228192239,0.9452583849951296,-0.020628162175905684,0.8787878787878788,0.8235294117647058,0.05525846702317294
google_robot_open_drawer__seed001__step101,open_drawer,1,validation,20,0.32645444631436743,0.12136634011102002,0.9820321821939215,0.9832544182704911,-0.0012222360765695717,0.9375,0.8787878787878788,0.058712121212121215
google_robot_open_drawer__seed001__step101,open_drawer,1,validation,21,0.20251900678963727,-0.002569099413710141,0.9933466503116642,0.8710523340782473,0.12229431623341691,0.9375,0.8787878787878788,0.058712121212121215
google_robot_open_drawer__seed001__step101,open_drawer,1,validation,22,0.28033627579337905,0.07524816959003164,0.9763830363734748,0.9860980349438472,-0.00971499857037239,0.8787878787878788,0.8787878787878788,0.0
google_robot_open_drawer__seed001__step101,open_drawer,1,validation,23,0.3197767461521473,0.11468863994879988,0.9693118520031665,0.9331461594550211,0.03616569254814539,0.8787878787878788,0.8787878787878788,0.0
google_robot_open_drawer__seed001__step101,open_drawer,1,validation,24,0.29168467552100913,0.08659656931766171,0.9798319174870661,0.9913913587118298,-0.011559441224763711,0.8787878787878788,0.9375,-0.058712121212121215
google_robot_open_drawer__seed001__step101,open_drawer,1,validation,25,0.3045434731091182,0.09945536690577081,0.972631527528503,0.9467758404627156,0.025855687065787447,0.9375,0.8787878787878788,0.058712121212121215
google_robot_open_drawer__seed001__step101,open_drawer,1,validation,26,0.2628585940586088,0.05777048785526137,0.8982966467226245,0.911950881115982,-0.013654234393357445,0.9375,0.9375,0.0
google_robot_open_drawer__seed001__step101,open_drawer,1,validation,27,0.28356586181142146,0.07847775560807405,0.9517482530158171,0.9918126480754078,-0.040064395059590696,0.9375,0.9375,0.0
google_robot_open_drawer__seed001__step101,open_drawer,1,validation,28,0.279373332650773,0.0742852264474256,1.0,0.87137052365648,0.12862947634351996,1.0,0.8787878787878788,0.12121212121212122
google_robot_open_drawer__seed001__step101,open_drawer,1,validation,29,0.279373332650773,0.0742852264474256,0.965178075401405,0.9720520017624698,-0.006873926361064764,0.9375,0.9375,0.0
google_robot_open_drawer__seed001__step101,open_drawer,1,validation,30,0.29949332921289046,0.09440522300954304,0.9764128742241418,0.9709797050255703,0.005433169198571508,0.9375,0.8787878787878788,0.058712121212121215
google_robot_open_drawer__seed001__step101,open_drawer,1,validation,31,0.2731279696083993,0.06803986340505189,0.9737086620067017,0.9509979810702086,0.02271068093649309,0.9375,0.9375,0.0
google_robot_open_drawer__seed002__step011,open_drawer,2,validation,0,0.22209438761286449,0.42621627076443525,1.0,1.0,0.0,1.0,1.0,0.0
google_robot_open_drawer__seed002__step011,open_drawer,2,validation,1,0.2898404194581127,0.49396230260968343,0.7801965186881779,0.7801965186881779,0.0,0.9473684210526315,0.9473684210526315,0.0
google_robot_open_drawer__seed002__step011,open_drawer,2,validation,2,0.16322117908614642,0.3673430622377172,0.9965536535089438,0.9965536535089438,0.0,0.9473684210526315,0.9473684210526315,0.0
google_robot_open_drawer__seed002__step011,open_drawer,2,validation,3,0.145054337741224,0.34917622089279476,0.9921080897527504,0.9951675930515873,-0.003059503298836863,0.9473684210526315,0.9473684210526315,0.0
google_robot_open_drawer__seed002__step011,open_drawer,2,validation,4,0.12818616327305077,0.33230804642462153,0.9161266266374262,0.9671081761418511,-0.050981549504424906,0.9473684210526315,0.9473684210526315,0.0
google_robot_open_drawer__seed002__step011,open_drawer,2,validation,5,0.1477590820029361,0.3518809651545069,0.9715065267134845,0.9132144662351273,0.05829206047835722,0.9473684210526315,0.8048780487804879,0.14249037227214367
google_robot_open_drawer__seed002__step011,open_drawer,2,validation,6,0.11103915435102474,0.3151610375025955,0.9757486514553597,0.9862805136537389,-0.010531862198379205,0.9473684210526315,0.9473684210526315,0.0
google_robot_open_drawer__seed002__step011,open_drawer,2,validation,7,0.09729093594683202,0.3014128190984028,0.9959112982730636,0.8283401654060523,0.1675711328670113,0.9473684210526315,0.6818181818181818,0.26555023923444976
google_robot_open_drawer__seed002__step011,open_drawer,2,validation,8,0.1495694410842581,0.3536913242358289,0.9901058728932499,0.8624634623752354,0.1276424105180145,0.9473684210526315,0.8048780487804879,0.14249037227214367
google_robot_open_drawer__seed002__step011,open_drawer,2,validation,9,0.20915218668780344,0.4132740698393742,1.0,0.9722134385069893,0.02778656149301073,1.0,0.8974358974358975,0.10256410256410253
google_robot_open_drawer__seed002__step011,open_drawer,2,validation,10,0.17595730826176012,0.3800791914133309,1.0,0.6118773313889408,0.38812266861105915,1.0,0.7209302325581395,0.2790697674418605
google_robot_open_drawer__seed002__step011,open_drawer,2,validation,11,0.03866084372104947,0.24278272687262026,0.9530585398682073,0.9652039223557951,-0.012145382487587786,0.8048780487804879,0.7209302325581395,0.08394781622234837
google_robot_open_drawer__seed002__step011,open_drawer,2,validation,12,0.12561171811914354,0.3297336012707143,0.9922825069195115,0.9534102413490726,0.03887226557043888,0.9473684210526315,0.85,0.09736842105263155
google_robot_open_drawer__seed002__step011,open_drawer,2,validation,13,0.11048242979985401,0.31460431295142477,1.0,0.8191259734882341,0.18087402651176587,1.0,0.8048780487804879,0.19512195121951215
google_robot_open_drawer__seed002__step011,open_drawer,2,validation,14,0.061021505618679694,0.26514338877025045,1.0,0.6187069233521979,0.3812930766478021,1.0,0.8048780487804879,0.19512195121951215
google_robot_open_drawer__seed002__step011,open_drawer,2,validation,15,0.13184949140864544,0.3359713745602162,0.9858064656961343,0.978000158970259,0.007806306725875234,0.85,0.7209302325581395,0.1290697674418605
google_robot_open_drawer__seed002__step011,open_drawer,2,validation,16,0.18438254612833208,0.38850442927990286,0.9888873047609757,0.9678441800964322,0.0210431246645435,0.9473684210526315,0.8048780487804879,0.14249037227214367
google_robot_open_drawer__seed002__step011,open_drawer,2,validation,17,0.07749661875818907,0.28161850190975984,0.988906579842263,0.9145159806829106,0.07439059915935242,0.85,0.7209302325581395,0.1290697674418605
google_robot_open_drawer__seed002__step011,open_drawer,2,validation,18,0.1417378078642637,0.34585969101583447,0.9330652146041029,0.9346788306763525,-0.001613616072249635,0.8974358974358975,0.8048780487804879,0.09255784865540961
google_robot_open_drawer__seed002__step011,open_drawer,2,validation,19,0.11397865313375682,0.31810053628532764,0.9761912306040651,0.9711669858042299,0.005024244799835209,0.8974358974358975,0.85,0.04743589743589749
google_robot_open_drawer__seed002__step011,open_drawer,2,validation,20,0.08534024345450429,0.28946212660607507,0.9882545601677051,0.680644556132044,0.3076100040356611,0.7619047619047619,0.85,-0.08809523809523812
google_robot_open_drawer__seed002__step011,open_drawer,2,validation,21,0.1490339407343756,0.35315582388594635,0.9601531673730008,0.8958925426142624,0.0642606247587384,0.85,0.7619047619047619,0.08809523809523812
google_robot_open_drawer__seed002__step011,open_drawer,2,validation,22,0.36406105572582015,0.5681829388773909,0.5672208445041177,0.9889102096184211,-0.42168936511430344,0.85,0.9473684210526315,-0.09736842105263155
google_robot_open_drawer__seed002__step011,open_drawer,2,validation,23,0.09750223068572755,0.30162411383729837,0.9471971873832475,0.8949720995299764,0.05222508785327118,0.85,0.7619047619047619,0.08809523809523812
google_robot_open_drawer__seed002__step011,open_drawer,2,validation,24,0.23487340342364127,0.43899528657521203,0.9642327836071182,0.9971250363245795,-0.03289225271746132,0.8974358974358975,0.8974358974358975,0.0
google_robot_open_drawer__seed002__step011,open_drawer,2,validation,25,0.28410667890971025,0.48822856206128107,0.9957003197400341,0.9591595994436618,0.03654072029637234,0.8974358974358975,0.8974358974358975,0.0
google_robot_open_drawer__seed002__step011,open_drawer,2,validation,26,0.2722686659238282,0.476390549075399,0.8942062715124869,0.8983571294018503,-0.004150857889363424,0.9473684210526315,0.9473684210526315,0.0
google_robot_open_drawer__seed002__step011,open_drawer,2,validation,27,0.32763420533264626,0.5317560884842171,0.9984878386790683,1.0000000000000002,-0.001512161320931904,0.9473684210526315,1.0,-0.052631578947368474
google_robot_open_drawer__seed002__step011,open_drawer,2,validation,28,0.3517153446820407,0.5558372278336114,0.989959874875144,0.989198028623438,0.0007618462517060554,0.9473684210526315,0.8974358974358975,0.04993252361673406
google_robot_open_drawer__seed002__step011,open_drawer,2,validation,29,0.31282641124558097,0.5169482943971517,0.9774547090996561,0.760072573571196,0.2173821355284602,0.9473684210526315,0.8974358974358975,0.04993252361673406
google_robot_open_drawer__seed002__step011,open_drawer,2,validation,30,0.30477749171618806,0.5088993748677588,1.0,0.9975396405472661,0.002460359452733929,1.0,0.9473684210526315,0.052631578947368474
google_robot_open_drawer__seed002__step011,open_drawer,2,validation,31,0.3481014866061612,0.552223369757732,0.9928523474421967,0.9651172175776456,0.027735129864551178,0.9473684210526315,0.8974358974358975,0.04993252361673406
google_robot_open_drawer__seed002__step056,open_drawer,2,validation,0,0.14365873008328395,0.02082695706261571,1.0,1.0,0.0,1.0,1.0,0.0
google_robot_open_drawer__seed002__step056,open_drawer,2,validation,1,0.15685729703406878,0.034025524013400546,1.0,1.0,0.0,1.0,1.0,0.0
google_robot_open_drawer__seed002__step056,open_drawer,2,validation,2,0.18693250873075826,0.06410073571009002,0.9936149180662337,0.956372412181998,0.03724250588423572,0.9534883720930233,0.9090909090909091,0.044397463002114224
google_robot_open_drawer__seed002__step056,open_drawer,2,validation,3,0.2258418454871951,0.10301007246652687,0.9828646369798291,0.9753183170223939,0.007546319957435155,0.9534883720930233,0.9090909090909091,0.044397463002114224
google_robot_open_drawer__seed002__step056,open_drawer,2,validation,4,0.22753284452338665,0.10470107150271842,0.9990351975840078,0.9890931993226072,0.00994199826140063,0.9534883720930233,0.9534883720930233,0.0
google_robot_open_drawer__seed002__step056,open_drawer,2,validation,5,0.17341144737006334,0.0505796743493951,1.0,0.9669050153589228,0.033094984641077185,1.0,0.7872340425531915,0.21276595744680848
google_robot_open_drawer__seed002__step056,open_drawer,2,validation,6,0.2619263661818358,0.13909459316116757,0.988173552686569,0.9655392665411141,0.02263428614545493,0.9534883720930233,0.9534883720930233,0.0
google_robot_open_drawer__seed002__step056,open_drawer,2,validation,7,0.24153451250412308,0.11870273948345485,0.9538313659825238,0.9519163410911173,0.0019150248914064916,0.8666666666666667,0.8666666666666667,0.0
google_robot_open_drawer__seed002__step056,open_drawer,2,validation,8,0.10599126384285168,-0.016840509177816557,0.9528992481037529,0.9865275593768003,-0.03362831127304733,0.9090909090909091,0.9090909090909091,0.0
google_robot_open_drawer__seed002__step056,open_drawer,2,validation,9,0.22594039372062288,0.10310862069995465,0.9701130311841969,0.9646206529352255,0.005492378248971419,0.9090909090909091,0.9090909090909091,0.0
google_robot_open_drawer__seed002__step056,open_drawer,2,validation,10,0.20172718017674274,0.0788954071560745,0.9833415485346704,0.9864357616375067,-0.0030942131028363073,0.9090909090909091,0.8666666666666667,0.042424242424242364
google_robot_open_drawer__seed002__step056,open_drawer,2,validation,11,0.1601067934334914,0.03727502041282317,0.9924862885620837,0.7429178050230331,0.2495684835390506,0.9534883720930233,0.8260869565217391,0.12740141557128415
google_robot_open_drawer__seed002__step056,open_drawer,2,validation,12,0.1783107210184566,0.055478947997788366,0.9752608205662522,0.8434436931027941,0.13181712746345808,0.9090909090909091,0.8666666666666667,0.042424242424242364
google_robot_open_drawer__seed002__step056,open_drawer,2,validation,13,0.34943211650816974,0.22660034348750152,0.9539995658965895,0.9775321705079826,-0.02353260461139306,0.9534883720930233,0.8260869565217391,0.12740141557128415
google_robot_open_drawer__seed002__step056,open_drawer,2,validation,14,0.3402994143465378,0.2174676413258696,0.9825902707176818,0.9743350073671158,0.008255263350566033,0.8666666666666667,0.8666666666666667,0.0
google_robot_open_drawer__seed002__step056,open_drawer,2,validation,15,0.37654700048893214,0.2537152274682639,0.9607423041771033,0.9915506542690964,-0.03080835009199312,0.9090909090909091,0.9090909090909091,0.0
google_robot_open_drawer__seed002__step056,open_drawer,2,validation,16,0.3700912143685367,0.24725944134786848,0.9530149146582162,0.9438360687199085,0.009178845938307645,0.8666666666666667,0.8666666666666667,0.0
google_robot_open_drawer__seed002__step056,open_drawer,2,validation,17,0.35904103589377995,0.23620926287311172,0.973386879460976,0.9689098816198626,0.004476997841113439,0.9534883720930233,0.8666666666666667,0.08682170542635659
google_robot_open_drawer__seed002__step056,open_drawer,2,validation,18,0.365245351531942,0.24241357851127376,0.9861961903906004,0.9924794360641777,-0.006283245673577298,0.9090909090909091,0.9090909090909091,0.0
google_robot_open_drawer__seed002__step056,open_drawer,2,validation,19,0.3181492824214241,0.19531750940075587,0.9894428216567356,0.9821509916599361,0.007291829996799448,0.9534883720930233,0.8666666666666667,0.08682170542635659
google_robot_open_drawer__seed002__step056,open_drawer,2,validation,20,0.360386731925238,0.2375549589045698,0.9442408195615505,0.9726593008047746,-0.028418481243224103,0.8666666666666667,0.8260869565217391,0.04057971014492756
google_robot_open_drawer__seed002__step056,open_drawer,2,validation,21,0.3407499194361601,0.2179181464154919,0.9833462816585143,0.9724724157232402,0.010873865935274174,0.9534883720930233,0.8666666666666667,0.08682170542635659
google_robot_open_drawer__seed002__step056,open_drawer,2,validation,22,0.3031201934350326,0.18028842041436438,1.0,0.9837525049199428,0.016247495080057184,1.0,0.9534883720930233,0.046511627906976716
google_robot_open_drawer__seed002__step056,open_drawer,2,validation,23,0.21679058906946128,0.09395881604879304,0.873746719731281,0.8645299429049914,0.00921677682628963,0.9090909090909091,0.9090909090909091,0.0
google_robot_open_drawer__seed002__step056,open_drawer,2,validation,24,0.2694553444936586,0.14662357147299038,0.9337544660105023,0.9605005092654504,-0.026746043254948115,0.9534883720930233,0.9534883720930233,0.0
google_robot_open_drawer__seed002__step056,open_drawer,2,validation,25,0.3100657426219661,0.1872339696012979,0.9389069206322898,0.9310096646659308,0.00789725596635893,0.9534883720930233,0.9534883720930233,0.0
google_robot_open_drawer__seed002__step056,open_drawer,2,validation,26,0.25731897957635036,0.13448720655568214,0.9925479461240939,0.9965149047166216,-0.003966958592527714,0.9090909090909091,0.9534883720930233,-0.044397463002114224
google_robot_open_drawer__seed002__step056,open_drawer,2,validation,27,0.2474014193828721,0.12456964636220387,0.9652981191486467,0.9983483618636337,-0.03305024271498702,0.9534883720930233,0.9534883720930233,0.0
google_robot_open_drawer__seed002__step056,open_drawer,2,validation,28,0.21763612809143998,0.09480435507077174,1.0,1.0,0.0,1.0,1.0,0.0
google_robot_open_drawer__seed002__step056,open_drawer,2,validation,29,0.1527897790806266,0.029958006059958367,0.921204953859372,1.0,-0.07879504614062804,0.9090909090909091,1.0,-0.09090909090909094
google_robot_open_drawer__seed002__step056,open_drawer,2,validation,30,0.22509516146032638,0.10226338843965814,0.9582609717127893,0.984951476966545,-0.026690505253755603,0.9534883720930233,0.9090909090909091,0.044397463002114224
google_robot_open_drawer__seed002__step056,open_drawer,2,validation,31,0.21667921749278307,0.09384744447211484,0.9676249861425771,1.0,-0.03237501385742292,0.9090909090909091,1.0,-0.09090909090909094
google_robot_open_drawer__seed002__step101,open_drawer,2,validation,0,0.21913907198916302,0.025365774670043528,1.0,1.0,0.0,1.0,1.0,0.0
google_robot_open_drawer__seed002__step101,open_drawer,2,validation,1,0.2758457084351344,0.0820724111160149,0.7422877219088123,0.7422877219088123,0.0,0.9047619047619048,0.9047619047619048,0.0
google_robot_open_drawer__seed002__step101,open_drawer,2,validation,2,0.22833711422910682,0.03456381690998733,0.9106365803182298,0.8440570873485056,0.06657949296972421,0.9047619047619048,0.9047619047619048,0.0
google_robot_open_drawer__seed002__step101,open_drawer,2,validation,3,0.29758576183924984,0.10381246452013035,1.0,0.9948075049654839,0.005192495034516131,1.0,0.9047619047619048,0.09523809523809523
google_robot_open_drawer__seed002__step101,open_drawer,2,validation,4,0.35638107746052433,0.16260778014140484,0.5574476042151678,0.9393855666113878,-0.38193796239622,0.9047619047619048,0.9047619047619048,0.0
google_robot_open_drawer__seed002__step101,open_drawer,2,validation,5,0.2851713322529796,0.09139803493386009,0.9714536885069159,1.0,-0.028546311493084064,0.9047619047619048,1.0,-0.09523809523809523
google_robot_open_drawer__seed002__step101,open_drawer,2,validation,6,0.3094504502155704,0.11567715289645089,1.0,0.977009017589109,0.022990982410891037,1.0,0.9047619047619048,0.09523809523809523
google_robot_open_drawer__seed002__step101,open_drawer,2,validation,7,0.08440325476150724,-0.10937004255761225,0.9892557698871828,0.9832103705406161,0.006045399346566671,0.9047619047619048,0.8181818181818182,0.08658008658008653
google_robot_open_drawer__seed002__step101,open_drawer,2,validation,8,0.2660587841265403,0.07228548680742083,1.0,0.8349462226389793,0.16505377736102067,1.0,0.7391304347826086,0.26086956521739135
google_robot_open_drawer__seed002__step101,open_drawer,2,validation,9,0.15119830812277013,-0.04257498919634936,0.720907648742119,0.9933264145837963,-0.27241876584167735,0.8181818181818182,0.9047619047619048,-0.08658008658008653
google_robot_open_drawer__seed002__step101,open_drawer,2,validation,10,0.12926978900409766,-0.06450350831502183,0.8912540553868181,0.9117519832518042,-0.020497927864986054,0.7391304347826086,0.7391304347826086,0.0
google_robot_open_drawer__seed002__step101,open_drawer,2,validation,11,0.07084052963458605,-0.12293276768453344,0.9502634265589173,0.9589832695882597,-0.008719843029342478,0.7391304347826086,0.6666666666666666,0.07246376811594202
google_robot_open_drawer__seed002__step101,open_drawer,2,validation,12,0.28985355741766045,0.09608026009854095,0.8392889070149153,0.8392889070149153,0.0,0.8181818181818182,0.8181818181818182,0.0
google_robot_open_drawer__seed002__step101,open_drawer,2,validation,13,0.2236543341820725,0.029881036862953014,0.9553693341680859,0.9099966699245781,0.04537266424350783,0.9047619047619048,0.7391304347826086,0.16563146997929612
google_robot_open_drawer__seed002__step101,open_drawer,2,validation,14,0.028768426476046882,-0.1650048708430726,0.9721983579024432,0.9694042813648411,0.002794076537602108,0.9047619047619048,0.8181818181818182,0.08658008658008653
google_robot_open_drawer__seed002__step101,open_drawer,2,validation,15,0.26626405495425226,0.07249075763513277,1.0,0.9967715836407435,0.003228416359256525,1.0,0.9047619047619048,0.09523809523809523
google_robot_open_drawer__seed002__step101,open_drawer,2,validation,16,0.3800537777939054,0.18628048047478593,0.48807290911528917,0.43392207309348346,0.054150836021805704,0.9047619047619048,0.8181818181818182,0.08658008658008653
google_robot_open_drawer__seed002__step101,open_drawer,2,validation,17,0.3789219458163122,0.18514864849719273,0.9909264691618862,1.0,-0.009073530838113797,0.9047619047619048,1.0,-0.09523809523809523
google_robot_open_drawer__seed002__step101,open_drawer,2,validation,18,0.31254208697427316,0.11876878965515367,1.0,0.9902805444388747,0.0097194555611253,1.0,0.9047619047619048,0.09523809523809523
google_robot_open_drawer__seed002__step101,open_drawer,2,validation,19,0.4754378105373762,0.2816645132182567,1.0,0.9839911348690853,0.016008865130914707,1.0,0.9047619047619048,0.09523809523809523
google_robot_open_drawer__seed002__step101,open_drawer,2,validation,20,0.2846790914789623,0.09090579415984282,0.992839023959283,1.0,-0.007160976040716971,0.9047619047619048,1.0,-0.09523809523809523
google_robot_open_drawer__seed002__step101,open_drawer,2,validation,21,0.2759204560981972,0.08214715877907772,0.9967010897990001,0.9474471156070243,0.04925397419197575,0.9047619047619048,0.9047619047619048,0.0
google_robot_open_drawer__seed002__step101,open_drawer,2,validation,22,0.3171315977618178,0.12335830044269833,1.0,1.0,0.0,1.0,1.0,0.0
google_robot_open_drawer__seed002__step101,open_drawer,2,validation,23,0.3023768478094934,0.10860355049037393,1.0,1.0,0.0,1.0,1.0,0.0
google_robot_open_drawer__seed002__step101,open_drawer,2,validation,24,0.22627053336752367,0.03249723604840418,1.0,1.0,0.0,1.0,1.0,0.0
google_robot_open_drawer__seed002__step101,open_drawer,2,validation,25,0.23950556183741545,0.045732264518295956,0.9667034203064989,0.9667034203064989,0.0,0.9047619047619048,0.9047619047619048,0.0
google_robot_open_drawer__seed002__step101,open_drawer,2,validation,26,0.2650075331426861,0.07123423582356661,0.9717048750604519,0.9367643768551138,0.034940498205338066,0.9047619047619048,0.9047619047619048,0.0
google_robot_open_drawer__seed002__step101,open_drawer,2,validation,27,0.2543743617855767,0.060601064466457216,1.0,0.9717048750604519,0.02829512493954811,1.0,0.9047619047619048,0.09523809523809523
google_robot_open_drawer__seed002__step101,open_drawer,2,validation,28,0.2543743617855767,0.060601064466457216,1.0,0.9053766199342341,0.09462338006576587,1.0,0.9047619047619048,0.09523809523809523
google_robot_open_drawer__seed002__step101,open_drawer,2,validation,29,0.23950556183741545,0.045732264518295956,1.0,0.977762463213097,0.02223753678690299,1.0,0.9047619047619048,0.09523809523809523
google_robot_open_drawer__seed002__step101,open_drawer,2,validation,30,0.2013264519767873,0.0075531546576678155,1.0,1.0,0.0,1.0,1.0,0.0
google_robot_open_drawer__seed002__step101,open_drawer,2,validation,31,0.2084948042461535,0.014721506927034,1.0,1.0,0.0,1.0,1.0,0.0
google_robot_open_drawer__seed011__step011,open_drawer,11,exploration,0,0.3426415488983805,0.026955545240605006,1.0,1.0,0.0,1.0,1.0,0.0
google_robot_open_drawer__seed011__step011,open_drawer,11,exploration,1,0.034612330454651986,-0.2810736732031235,0.9941282587667454,1.0,-0.005871741233254624,0.9591836734693877,1.0,-0.04081632653061229
google_robot_open_drawer__seed011__step011,open_drawer,11,exploration,2,0.04785458021437996,-0.26783142344339556,0.999665684920667,0.9870854974000015,0.012580187520665476,0.9591836734693877,0.92,0.03918367346938767
google_robot_open_drawer__seed011__step011,open_drawer,11,exploration,3,0.013860408078446398,-0.3018255955793291,1.0,0.972153467821816,0.027846532178184003,1.0,0.92,0.07999999999999996
google_robot_open_drawer__seed011__step011,open_drawer,11,exploration,4,-0.004727282416350879,-0.3204132860741264,0.9983735273993952,1.0,-0.001626472600604778,0.9591836734693877,1.0,-0.04081632653061229
google_robot_open_drawer__seed011__step011,open_drawer,11,exploration,5,0.050746077221671994,-0.2649399264361035,1.0,0.7263170840569414,0.2736829159430586,1.0,0.6842105263157895,0.3157894736842105
google_robot_open_drawer__seed011__step011,open_drawer,11,exploration,6,0.02199242674848471,-0.29369357690929077,0.9827038375554392,0.9463760539098777,0.03632778364556155,0.92,0.92,0.0
google_robot_open_drawer__seed011__step011,open_drawer,11,exploration,7,0.04947211668221748,-0.26621388697555803,0.9833314728433521,0.8718848222955803,0.11144665054777181,0.8823529411764706,0.8113207547169812,0.07103218645948939
google_robot_open_drawer__seed011__step011,open_drawer,11,exploration,8,0.21587316671225973,-0.09981283694551576,0.9825831117169982,0.9436006086313564,0.03898250308564177,0.92,0.8823529411764706,0.03764705882352948
google_robot_open_drawer__seed011__step011,open_drawer,11,exploration,9,0.13293735427807662,-0.18274864937969887,0.9643795503167802,0.86187454230631,0.10250500801047024,0.92,0.8461538461538461,0.0738461538461539
google_robot_open_drawer__seed011__step011,open_drawer,11,exploration,10,0.3594954628662949,0.04380945920851942,0.9578589517653239,0.9248657414444442,0.03299321032087965,0.92,0.8461538461538461,0.0738461538461539
google_robot_open_drawer__seed011__step011,open_drawer,11,exploration,11,0.15927590010510637,-0.15641010355266913,0.758461032505886,0.8164379085077295,-0.057976876001843425,0.8823529411764706,0.8461538461538461,0.03619909502262442
google_robot_open_drawer__seed011__step011,open_drawer,11,exploration,12,0.16476008103183024,-0.15092592262594526,0.972306680758715,0.878305512971096,0.09400116778761891,0.92,0.8113207547169812,0.10867924528301887
google_robot_open_drawer__seed011__step011,open_drawer,11,exploration,13,0.21959153040926427,-0.09609447324851123,0.9047761132472029,0.7610634193259883,0.14371269392121455,0.8823529411764706,0.8113207547169812,0.07103218645948939
google_robot_open_drawer__seed011__step011,open_drawer,11,exploration,14,0.3688567636482014,0.05317075999042592,0.8171246651661898,0.7432645106136172,0.07386015455257255,0.92,0.8113207547169812,0.10867924528301887
google_robot_open_drawer__seed011__step011,open_drawer,11,exploration,15,0.12623025561715956,-0.18945574804061593,0.9398624476502775,0.9016523915475502,0.03821005610272732,0.92,0.8823529411764706,0.03764705882352948
google_robot_open_drawer__seed011__step011,open_drawer,11,exploration,16,0.1695861930605329,-0.14609981059724259,0.9903738643665442,0.9884861001206825,0.0018877642458616783,0.9591836734693877,0.92,0.03918367346938767
google_robot_open_drawer__seed011__step011,open_drawer,11,exploration,17,0.11081119031752816,-0.20487481334024732,0.9918891115410506,0.9851597405713374,0.006729370969713266,0.9591836734693877,0.9591836734693877,0.0
google_robot_open_drawer__seed011__step011,open_drawer,11,exploration,18,0.059401141492418076,-0.2562848621653574,0.9915925263257727,0.7919546887669959,0.19963783755877673,0.9591836734693877,0.8823529411764706,0.07683073229291715
google_robot_open_drawer__seed011__step011,open_drawer,11,exploration,19,0.06056688019886169,-0.2551191234589138,0.9990820944318699,0.9894223062365913,0.009659788195278574,0.9591836734693877,0.92,0.03918367346938767
google_robot_open_drawer__seed011__step011,open_drawer,11,exploration,20,0.16671586217362222,-0.14897014148415327,1.0,0.9902236191078825,0.00977638089211752,1.0,0.92,0.07999999999999996
google_robot_open_drawer__seed011__step011,open_drawer,11,exploration,21,0.13710998555618117,-0.17857601810159432,0.9980079852510575,0.9885361519558865,0.009471833295170984,0.9591836734693877,0.9591836734693877,0.0
google_robot_open_drawer__seed011__step011,open_drawer,11,exploration,22,0.12181868298959835,-0.19386732066817713,0.9975533966448419,0.9989215383414746,-0.0013681416966326854,0.9591836734693877,0.9591836734693877,0.0
google_robot_open_drawer__seed011__step011,open_drawer,11,exploration,23,0.1405974287031077,-0.17508857495466779,0.9778418637683511,0.9839075792290576,-0.0060657154607064445,0.92,0.9591836734693877,-0.03918367346938767
google_robot_open_drawer__seed011__step011,open_drawer,11,exploration,24,0.12957889305117054,-0.18610711060660495,0.9946532537468165,0.9893053782630279,0.005347875483788567,0.92,0.92,0.0
google_robot_open_drawer__seed011__step011,open_drawer,11,exploration,25,0.1609150888417712,-0.1547709148160043,1.0,1.0,0.0,1.0,1.0,0.0
google_robot_open_drawer__seed011__step011,open_drawer,11,exploration,26,0.17307718056493562,-0.14260882309283987,1.0,0.9986115235220496,0.0013884764779503733,1.0,0.9591836734693877,0.04081632653061229
google_robot_open_drawer__seed011__step011,open_drawer,11,exploration,27,0.18003169326581903,-0.13565431039195647,1.0,0.9952467719805692,0.0047532280194307885,1.0,0.9591836734693877,0.04081632653061229
google_robot_open_drawer__seed011__step011,open_drawer,11,exploration,28,0.11927294182755384,-0.19641306183022167,0.9945404612592457,0.9909860474509838,0.003554413808261825,0.9591836734693877,0.92,0.03918367346938767
google_robot_open_drawer__seed011__step011,open_drawer,11,exploration,29,0.13966907661748176,-0.17601692704029373,0.9955672548919056,0.9920418584733085,0.00352539641859706,0.9591836734693877,0.9591836734693877,0.0
google_robot_open_drawer__seed011__step011,open_drawer,11,exploration,30,0.15094460947013078,-0.16474139418764472,0.9968623754351947,1.0,-0.0031376245648052636,0.9591836734693877,1.0,-0.04081632653061229
google_robot_open_drawer__seed011__step011,open_drawer,11,exploration,31,0.14826016980066947,-0.16742583385710602,0.8145706215474435,0.9981655118237401,-0.1835948902762966,0.9591836734693877,0.9591836734693877,0.0
google_robot_open_drawer__seed011__step056,open_drawer,11,exploration,0,0.29132365891154316,0.03599034981646565,1.0,1.0,0.0,1.0,1.0,0.0
google_robot_open_drawer__seed011__step056,open_drawer,11,exploration,1,0.33892465942646005,0.08359135033138254,0.8500182628867151,0.8500182628867151,0.0,0.9622641509433962,0.9622641509433962,0.0
google_robot_open_drawer__seed011__step056,open_drawer,11,exploration,2,0.35090867108473583,0.09557536198965833,0.8599073073841333,0.9397619490815953,-0.07985464169746193,0.9259259259259259,0.9622641509433962,-0.036338225017470305
google_robot_open_drawer__seed011__step056,open_drawer,11,exploration,3,0.3250190878648603,0.06968577876978277,0.9238394495561536,0.9523095600232919,-0.02847011046713832,0.9622641509433962,0.9622641509433962,0.0
google_robot_open_drawer__seed011__step056,open_drawer,11,exploration,4,0.335570146146926,0.08023683705184848,0.9680623183244516,0.9915837581800006,-0.023521439855548998,0.8909090909090909,0.9259259259259259,-0.03501683501683506
google_robot_open_drawer__seed011__step056,open_drawer,11,exploration,5,0.3206054210370265,0.06527211194194898,0.947776975403224,0.6609831546230089,0.2867938207802151,0.9259259259259259,0.7931034482758621,0.13282247765006383
google_robot_open_drawer__seed011__step056,open_drawer,11,exploration,6,0.25978401672980567,0.004450707634728157,0.8929238030645203,0.9880891376299341,-0.09516533456541376,0.9259259259259259,0.9259259259259259,0.0
google_robot_open_drawer__seed011__step056,open_drawer,11,exploration,7,0.22822869321615835,-0.027104615878919158,0.9347038685402888,0.9205337964586623,0.014170072081626461,0.9259259259259259,0.8571428571428571,0.06878306878306883
google_robot_open_drawer__seed011__step056,open_drawer,11,exploration,8,0.22191006788049616,-0.033423241214581345,0.9324880912015753,0.968914657867586,-0.03642656666601074,0.9259259259259259,0.9259259259259259,0.0
google_robot_open_drawer__seed011__step056,open_drawer,11,exploration,9,0.16155592369452923,-0.09377738540054828,0.8889373527289334,0.8997790190012077,-0.010841666272274342,0.9259259259259259,0.8571428571428571,0.06878306878306883
google_robot_open_drawer__seed011__step056,open_drawer,11,exploration,10,0.246626619730299,-0.008706689364778503,1.0,0.8387683927644103,0.1612316072355897,1.0,0.8571428571428571,0.1428571428571429
google_robot_open_drawer__seed011__step056,open_drawer,11,exploration,11,0.25405772268738436,-0.0012755864076931522,0.8896429696524545,0.9294780273773219,-0.039835057724867395,0.9259259259259259,0.8909090909090909,0.03501683501683506
google_robot_open_drawer__seed011__step056,open_drawer,11,exploration,12,0.25815328905957197,0.0028199799644944568,1.0,0.9596035739086549,0.04039642609134508,1.0,0.9622641509433962,0.037735849056603765
google_robot_open_drawer__seed011__step056,open_drawer,11,exploration,13,0.23759507422007278,-0.017738234875004727,0.9552323200255449,0.8234745331177261,0.1317577869078188,0.9622641509433962,0.9259259259259259,0.036338225017470305
google_robot_open_drawer__seed011__step056,open_drawer,11,exploration,14,0.14699140268222782,-0.10834190641284969,0.9899445775770518,0.9299233605763519,0.060021217000699845,0.9622641509433962,0.9259259259259259,0.036338225017470305
google_robot_open_drawer__seed011__step056,open_drawer,11,exploration,15,0.24725559835639668,-0.008077710738680827,0.9621081942402986,0.7956758980860449,0.1664322961542537,0.8909090909090909,0.8571428571428571,0.03376623376623378
google_robot_open_drawer__seed011__step056,open_drawer,11,exploration,16,0.2514239455694623,-0.003909363525615217,0.8982751976749649,0.8854548049654132,0.012820392709551709,0.9259259259259259,0.9259259259259259,0.0
google_robot_open_drawer__seed011__step056,open_drawer,11,exploration,17,0.34877817592928556,0.09344486683420805,0.9644548560247999,0.7626359768021326,0.20181887922266728,0.9622641509433962,0.9259259259259259,0.036338225017470305
google_robot_open_drawer__seed011__step056,open_drawer,11,exploration,18,0.26010359204663064,0.004770282951553129,0.8289126392784176,0.7306334580992653,0.09827918117915235,0.9259259259259259,0.9259259259259259,0.0
google_robot_open_drawer__seed011__step056,open_drawer,11,exploration,19,0.3482401042390144,0.0929067951439369,0.7853520317485255,0.9661568904632188,-0.18080485871469332,0.9259259259259259,0.9259259259259259,0.0
google_robot_open_drawer__seed011__step056,open_drawer,11,exploration,20,0.34213064410996213,0.08679733501488462,0.9709517680849792,0.8596316371689544,0.11132013091602477,0.8909090909090909,0.9622641509433962,-0.07135506003430536
google_robot_open_drawer__seed011__step056,open_drawer,11,exploration,21,0.2611544834661334,0.005821174371055893,0.7444882293732884,0.9944698583794381,-0.24998162900614973,0.9259259259259259,0.9622641509433962,-0.036338225017470305
google_robot_open_drawer__seed011__step056,open_drawer,11,exploration,22,0.28260688107975157,0.02727357198467406,0.853175550117966,0.9607549120159687,-0.10757936189800277,0.9622641509433962,0.9622641509433962,0.0
google_robot_open_drawer__seed011__step056,open_drawer,11,exploration,23,0.30089110222384274,0.045557793128765234,0.9932019574587855,0.9916048216900736,0.0015971357687118992,0.9622641509433962,0.9622641509433962,0.0
google_robot_open_drawer__seed011__step056,open_drawer,11,exploration,24,0.2663305086954562,0.010997199600378704,0.931471508783202,0.9563039804203258,-0.024832471637123876,0.9259259259259259,0.9622641509433962,-0.036338225017470305
google_robot_open_drawer__seed011__step056,open_drawer,11,exploration,25,0.3038903211241644,0.04855701202908691,0.9933432276946519,0.9933432276946519,0.0,0.9622641509433962,0.9622641509433962,0.0
google_robot_open_drawer__seed011__step056,open_drawer,11,exploration,26,0.29347431122717216,0.03814100213209465,1.0,0.9950273217626323,0.004972678237367689,1.0,0.9622641509433962,0.037735849056603765
google_robot_open_drawer__seed011__step056,open_drawer,11,exploration,27,0.29068588765823966,0.03535257856316215,0.9914891071635812,0.9947382969370592,-0.0032491897734779895,0.9622641509433962,0.9622641509433962,0.0
google_robot_open_drawer__seed011__step056,open_drawer,11,exploration,28,0.2781854410675191,0.02285213197244157,0.9899906963324266,0.9885616219067365,0.00142907442569018,0.9259259259259259,0.9259259259259259,0.0
google_robot_open_drawer__seed011__step056,open_drawer,11,exploration,29,0.28120311537351156,0.02586980627843405,0.9901894186393775,0.9920360711102223,-0.0018466524708448118,0.9259259259259259,0.8909090909090909,0.03501683501683506
google_robot_open_drawer__seed011__step056,open_drawer,11,exploration,30,0.29314246752765294,0.03780915843257543,1.0,1.0,0.0,1.0,1.0,0.0
google_robot_open_drawer__seed011__step056,open_drawer,11,exploration,31,0.28753088579979025,0.03219757670471274,0.8449416933470055,0.9980149336972103,-0.15307324035020475,0.9622641509433962,0.9622641509433962,0.0
google_robot_open_drawer__seed011__step101,open_drawer,11,exploration,0,0.7527431795661683,0.31549374140226427,1.0,1.0,0.0,1.0,1.0,0.0
google_robot_open_drawer__seed011__step101,open_drawer,11,exploration,1,0.8123778625425647,0.3751284243786607,1.0,1.0,0.0,1.0,1.0,0.0
google_robot_open_drawer__seed011__step101,open_drawer,11,exploration,2,0.7969406485206921,0.3596912103567881,0.9928470710219611,0.8997628864079942,0.09308418461396695,0.9444444444444444,0.9444444444444444,0.0
google_robot_open_drawer__seed011__step101,open_drawer,11,exploration,3,0.755311926199926,0.318062488036022,0.9854063883655971,0.866485005306155,0.11892138305944211,0.8918918918918919,0.9444444444444444,-0.052552552552552534
google_robot_open_drawer__seed011__step101,open_drawer,11,exploration,4,0.7706648857758583,0.3334154476119543,0.9814393289062829,0.911954364446084,0.06948496446019892,0.8918918918918919,0.8421052631578947,0.049786628733997196
google_robot_open_drawer__seed011__step101,open_drawer,11,exploration,5,0.746878212039778,0.30962877387587395,0.8420418639113016,0.9953158027711995,-0.15327393885989782,0.9444444444444444,0.9444444444444444,0.0
google_robot_open_drawer__seed011__step101,open_drawer,11,exploration,6,0.6176027290677245,0.18035329090382046,0.9809458834700413,0.9372082623294089,0.0437376211406324,0.9444444444444444,0.9444444444444444,0.0
google_robot_open_drawer__seed011__step101,open_drawer,11,exploration,7,0.6643810400243556,0.22713160186045156,1.0,1.0,0.0,1.0,1.0,0.0
google_robot_open_drawer__seed011__step101,open_drawer,11,exploration,8,0.7050690560590911,0.26781961789518705,1.0,0.9502610887038689,0.04973891129613106,1.0,0.8421052631578947,0.1578947368421053
google_robot_open_drawer__seed011__step101,open_drawer,11,exploration,9,0.73528558426908,0.2980361461051759,1.0,0.9747535930002643,0.025246406999735682,1.0,0.9444444444444444,0.05555555555555558
google_robot_open_drawer__seed011__step101,open_drawer,11,exploration,10,0.7680259120154113,0.3307764738515072,0.8554016135742044,0.9327428302675584,-0.07734121669335403,0.8918918918918919,0.7948717948717948,0.09702009702009706
google_robot_open_drawer__seed011__step101,open_drawer,11,exploration,11,0.5394925083422534,0.10224307017834933,0.9624062326979955,0.7961630935546605,0.166243139143335,0.8918918918918919,0.8918918918918919,0.0
google_robot_open_drawer__seed011__step101,open_drawer,11,exploration,12,0.4605490773837943,0.023299639219890256,1.0,0.9422704316226054,0.057729568377394624,1.0,0.7948717948717948,0.20512820512820518
google_robot_open_drawer__seed011__step101,open_drawer,11,exploration,13,0.7211956732293233,0.2839462350654193,1.0,0.7615051358544888,0.23849486414551124,1.0,0.8918918918918919,0.10810810810810811
google_robot_open_drawer__seed011__step101,open_drawer,11,exploration,14,0.7449188375191937,0.3076693993552897,0.9340112100997592,0.8484494529688088,0.08556175713095038,0.8918918918918919,0.8421052631578947,0.049786628733997196
google_robot_open_drawer__seed011__step101,open_drawer,11,exploration,15,0.5406477455922657,0.10339830742836165,0.7899909351415221,0.588906521717297,0.20108441342422512,0.7948717948717948,0.75,0.04487179487179482
google_robot_open_drawer__seed011__step101,open_drawer,11,exploration,16,0.22606375588155012,-0.21118568228235393,0.9790545053154031,0.4087502290282304,0.5703042762871726,0.9444444444444444,0.9444444444444444,0.0
google_robot_open_drawer__seed011__step101,open_drawer,11,exploration,17,0.5321375104954771,0.09488807233157304,0.9636101768721134,0.9719365640596052,-0.00832638718749179,0.8918918918918919,0.8918918918918919,0.0
google_robot_open_drawer__seed011__step101,open_drawer,11,exploration,18,0.2331213992246416,-0.20412803893926246,0.8370429315531588,0.8231533209770272,0.013889610576131584,0.8421052631578947,0.8421052631578947,0.0
google_robot_open_drawer__seed011__step101,open_drawer,11,exploration,19,0.5662441045866998,0.12899466642279578,0.9655109377482205,0.7565796877002481,0.20893125004797242,0.8918918918918919,0.9444444444444444,-0.052552552552552534
google_robot_open_drawer__seed011__step101,open_drawer,11,exploration,20,0.39524557728608084,-0.04200386087782321,0.9957123302368953,0.9070494319452047,0.0886628982916906,0.9444444444444444,0.7948717948717948,0.1495726495726496
google_robot_open_drawer__seed011__step101,open_drawer,11,exploration,21,0.49108707688646197,0.05383763872255792,0.9458098311126801,0.9440304522023942,0.0017793789102859003,0.8918918918918919,0.8918918918918919,0.0
google_robot_open_drawer__seed011__step101,open_drawer,11,exploration,22,0.4312240224493327,-0.006025415714571325,0.7601341711247879,0.9703192935576023,-0.2101851224328144,0.8421052631578947,0.9444444444444444,-0.10233918128654973
google_robot_open_drawer__seed011__step101,open_drawer,11,exploration,23,0.5473824258567691,0.11013298769286506,0.7040269181490392,0.9940125150718165,-0.28998559692277737,0.8918918918918919,0.8918918918918919,0.0
google_robot_open_drawer__seed011__step101,open_drawer,11,exploration,24,0.3677410908008969,-0.06950834736300715,0.9481391364857715,0.9399504468035929,0.008188689682178674,0.8918918918918919,0.7948717948717948,0.09702009702009706
google_robot_open_drawer__seed011__step101,open_drawer,11,exploration,25,0.13675140195368382,-0.3004980362102202,0.9515295988386465,0.9980467947053392,-0.04651719586669267,0.7948717948717948,0.9444444444444444,-0.1495726495726496
google_robot_open_drawer__seed011__step101,open_drawer,11,exploration,26,0.11803898656988664,-0.3192104515940174,0.9965382372385981,0.9804205936931826,0.01611764354541556,0.9444444444444444,0.9444444444444444,0.0
google_robot_open_drawer__seed011__step101,open_drawer,11,exploration,27,0.2017965228201448,-0.23545291534375926,0.9820885654423482,0.9111010567932416,0.07098750864910663,0.9444444444444444,0.8918918918918919,0.052552552552552534
google_robot_open_drawer__seed011__step101,open_drawer,11,exploration,28,0.1892299486184034,-0.24801948954550065,1.0,0.9728256384376114,0.027174361562388616,1.0,0.9444444444444444,0.05555555555555558
google_robot_open_drawer__seed011__step101,open_drawer,11,exploration,29,0.7338888985379667,0.29663946037406264,0.8070980666344328,0.9978422696082377,-0.1907442029738049,0.9444444444444444,0.9444444444444444,0.0
google_robot_open_drawer__seed011__step101,open_drawer,11,exploration,30,0.389541385348872,-0.04770805281503204,0.7819380749264052,0.9976141725562817,-0.2156760976298765,0.9444444444444444,0.9444444444444444,0.0
google_robot_open_drawer__seed011__step101,open_drawer,11,exploration,31,0.2540990102521607,-0.18315042791174335,0.9987496101467986,1.0,-0.0012503898532013613,0.9444444444444444,1.0,-0.05555555555555558
google_robot_open_drawer__seed032__step011,open_drawer,32,exploration,0,0.34294847690207747,0.3698824429627082,1.0,1.0,0.0,1.0,1.0,0.0
google_robot_open_drawer__seed032__step011,open_drawer,32,exploration,1,0.36467752736484504,0.3916114934254758,0.9654871169006473,1.0,-0.03451288309935274,0.8787878787878788,1.0,-0.12121212121212122
google_robot_open_drawer__seed032__step011,open_drawer,32,exploration,2,0.2716141986238429,0.29854816468447365,0.8922280937610324,1.0,-0.1077719062389676,0.8787878787878788,1.0,-0.12121212121212122
google_robot_open_drawer__seed032__step011,open_drawer,32,exploration,3,0.3531875702108093,0.3801215362714401,0.7728031987523812,0.9967469241865436,-0.2239437254341624,0.8787878787878788,0.9375,-0.058712121212121215
google_robot_open_drawer__seed032__step011,open_drawer,32,exploration,4,0.1689960473688227,0.19593001342945346,1.0,0.8639789459506632,0.13602105404933684,1.0,0.8787878787878788,0.12121212121212122
google_robot_open_drawer__seed032__step011,open_drawer,32,exploration,5,0.14528061034429837,0.17221457640492913,0.8329556069499088,0.9242359822614864,-0.09128037531157762,0.8787878787878788,0.8787878787878788,0.0
google_robot_open_drawer__seed032__step011,open_drawer,32,exploration,6,0.25959669423250303,0.2865306602931338,0.9909737477654698,0.960363929702979,0.030609818062490746,0.9375,0.7714285714285715,0.16607142857142854
google_robot_open_drawer__seed032__step011,open_drawer,32,exploration,7,0.2276488009496523,0.25458276701028304,0.9304865408713483,0.9602495386855394,-0.029762997814191117,0.8787878787878788,0.9375,-0.058712121212121215
google_robot_open_drawer__seed032__step011,open_drawer,32,exploration,8,0.257422829411534,0.28435679547216475,0.8030534558002627,0.8358513522525813,-0.032797896452318676,0.8787878787878788,0.7714285714285715,0.10735930735930732
google_robot_open_drawer__seed032__step011,open_drawer,32,exploration,9,0.24533494398280953,0.2722689100434403,0.8778300970660561,0.8277483197401071,0.050081777325948984,0.8787878787878788,0.8235294117647058,0.05525846702317294
google_robot_open_drawer__seed032__step011,open_drawer,32,exploration,10,0.20314019051293983,0.23007415657357058,0.815031929259955,0.6942718978578037,0.1207600314021513,0.8235294117647058,0.7714285714285715,0.05210084033613438
google_robot_open_drawer__seed032__step011,open_drawer,32,exploration,11,0.23039920328515553,0.25733316934578626,0.9476717326552829,0.7546935146086903,0.19297821804659265,0.8787878787878788,0.631578947368421,0.24720893141945777
google_robot_open_drawer__seed032__step011,open_drawer,32,exploration,12,0.2295465662305274,0.25648053229115814,0.9762457832677299,0.9046180299567222,0.07162775331100768,0.9375,0.7222222222222222,0.2152777777777778
google_robot_open_drawer__seed032__step011,open_drawer,32,exploration,13,0.2564874022863101,0.28342136834694087,0.9730678855495758,0.9265671121543243,0.04650077339525149,0.9375,0.8787878787878788,0.058712121212121215
google_robot_open_drawer__seed032__step011,open_drawer,32,exploration,14,0.2487161391549515,0.27565010521558225,0.9886008650106785,0.9948595765096413,-0.006258711498962843,0.8787878787878788,0.9375,-0.058712121212121215
google_robot_open_drawer__seed032__step011,open_drawer,32,exploration,15,0.2465889570912466,0.2735229231518773,0.979966432349134,0.9351759450634151,0.044790487285718994,0.9375,0.8787878787878788,0.058712121212121215
google_robot_open_drawer__seed032__step011,open_drawer,32,exploration,16,0.1525324889114639,0.17946645497209465,0.9432031255425178,0.9503111186848595,-0.007107993142341673,0.8787878787878788,0.8235294117647058,0.05525846702317294
google_robot_open_drawer__seed032__step011,open_drawer,32,exploration,17,0.2948254640886559,0.32175943014928665,0.9828300863131166,0.8991005220289376,0.08372956428417899,0.8787878787878788,0.7222222222222222,0.15656565656565657
google_robot_open_drawer__seed032__step011,open_drawer,32,exploration,18,0.2410304448880323,0.267964410948663,0.9333220934255105,0.9419866181070322,-0.00866452468152168,0.8235294117647058,0.8235294117647058,0.0
google_robot_open_drawer__seed032__step011,open_drawer,32,exploration,19,0.22805398195858076,0.2549879480192115,1.0000000000000002,0.9769667345395711,0.023033265460429164,1.0,0.7714285714285715,0.22857142857142854
google_robot_open_drawer__seed032__step011,open_drawer,32,exploration,20,0.12310729133216652,0.15004125739279728,0.9422962028083149,0.9446746507277339,-0.002378447919418991,0.9375,0.8787878787878788,0.058712121212121215
google_robot_open_drawer__seed032__step011,open_drawer,32,exploration,21,0.09664615808811,0.12358012414874074,0.9683973217283142,0.8890936868313108,0.07930363489700332,0.8787878787878788,0.7714285714285715,0.10735930735930732
google_robot_open_drawer__seed032__step011,open_drawer,32,exploration,22,0.19880716012546587,0.22574112618609662,0.8320842313457675,0.9892806154797874,-0.15719638413401993,0.8787878787878788,0.9375,-0.058712121212121215
google_robot_open_drawer__seed032__step011,open_drawer,32,exploration,23,0.18969877881461297,0.21663274487524373,0.9635212087226647,0.9514153140016081,0.01210589472105661,0.9375,0.9375,0.0
google_robot_open_drawer__seed032__step011,open_drawer,32,exploration,24,0.23011243136433865,0.2570463974249694,0.9933968452605367,0.9694284119657084,0.02396843329482834,0.9375,0.9375,0.0
google_robot_open_drawer__seed032__step011,open_drawer,32,exploration,25,0.22764528416364416,0.2545792502242749,0.9914846274948822,0.956771831007261,0.034712796487621156,0.9375,0.8787878787878788,0.058712121212121215
google_robot_open_drawer__seed032__step011,open_drawer,32,exploration,26,0.22153738442632578,0.24847135048695654,0.9611630559784324,0.993478109974585,-0.03231505399615253,0.8235294117647058,0.9375,-0.11397058823529416
google_robot_open_drawer__seed032__step011,open_drawer,32,exploration,27,0.253606047332031,0.28054001339266177,0.970985770833102,0.9726818781746842,-0.0016961073415822092,0.9375,0.8787878787878788,0.058712121212121215
google_robot_open_drawer__seed032__step011,open_drawer,32,exploration,28,0.2248564333526112,0.25179039941324194,0.9953145047521436,0.9655351176602517,0.029779387091891873,0.9375,0.8787878787878788,0.058712121212121215
google_robot_open_drawer__seed032__step011,open_drawer,32,exploration,29,0.23083590085649627,0.257769866917127,0.9899713828570892,0.9935966069185401,-0.003625224061450938,0.9375,0.9375,0.0
google_robot_open_drawer__seed032__step011,open_drawer,32,exploration,30,0.24451310845404675,0.2714470745146775,0.9918539856316716,0.9899384070736739,0.0019155785579977325,0.9375,0.8787878787878788,0.058712121212121215
google_robot_open_drawer__seed032__step011,open_drawer,32,exploration,31,0.1647325438056247,0.19166650986625544,0.9648391494112586,0.9667720615557074,-0.0019329121444487951,0.8787878787878788,0.8235294117647058,0.05525846702317294
google_robot_open_drawer__seed032__step056,open_drawer,32,exploration,0,0.11288256667489482,0.12938810151467947,1.0,1.0,0.0,1.0,1.0,0.0
google_robot_open_drawer__seed032__step056,open_drawer,32,exploration,1,0.17346139287438642,0.18996692771417106,0.9696955008675819,0.9848749219460609,-0.015179421078478916,0.9230769230769231,0.9230769230769231,0.0
google_robot_open_drawer__seed032__step056,open_drawer,32,exploration,2,0.22344033244687544,0.2399458672866601,0.9935415986338526,0.9903829310266632,0.0031586676071894138,0.9230769230769231,0.8518518518518519,0.07122507122507127
google_robot_open_drawer__seed032__step056,open_drawer,32,exploration,3,0.15800877069149388,0.17451430553127853,0.9935490859178624,0.9618148776397559,0.03173420827810647,0.9230769230769231,0.7857142857142857,0.13736263736263743
google_robot_open_drawer__seed032__step056,open_drawer,32,exploration,4,0.231554923459256,0.24806045829904064,0.9605835786961072,0.9245130828667097,0.036070495829397475,0.8518518518518519,0.8518518518518519,0.0
google_robot_open_drawer__seed032__step056,open_drawer,32,exploration,5,0.2137991281975875,0.23030466303737215,0.9812797948429667,0.8915754884182413,0.08970430642472538,0.8518518518518519,0.6129032258064516,0.23894862604540024
google_robot_open_drawer__seed032__step056,open_drawer,32,exploration,6,0.39202663229271195,0.40853216713249657,0.9930857643044466,0.9880295181845229,0.005056246119923724,0.9230769230769231,0.9230769230769231,0.0
google_robot_open_drawer__seed032__step056,open_drawer,32,exploration,7,0.12103628308607224,0.13754181792585687,0.987249848090201,0.9260375052253554,0.06121234286484556,0.9230769230769231,0.7241379310344828,0.19893899204244037
google_robot_open_drawer__seed032__step056,open_drawer,32,exploration,8,0.1737040511997936,0.19020958603957824,0.9775000653946774,0.9498975591251954,0.02760250626948202,0.9230769230769231,0.7241379310344828,0.19893899204244037
google_robot_open_drawer__seed032__step056,open_drawer,32,exploration,9,0.15544132630801724,0.1719468611478019,0.9906864636397361,0.9402118267620647,0.0504746368776714,0.8518518518518519,0.7857142857142857,0.06613756613756616
google_robot_open_drawer__seed032__step056,open_drawer,32,exploration,10,0.26637377453703853,0.28287930937682315,0.9707052800620498,0.8964831649658375,0.07422211509621235,0.7857142857142857,0.6666666666666666,0.11904761904761907
google_robot_open_drawer__seed032__step056,open_drawer,32,exploration,11,0.31921731150513727,0.3357228463449219,0.8871663277671971,0.9596836343256888,-0.07251730655849176,0.7241379310344828,0.7857142857142857,-0.061576354679802936
google_robot_open_drawer__seed032__step056,open_drawer,32,exploration,12,0.3791204093919092,0.39562594423169384,0.9934309799029278,0.9687358395335957,0.02469514036933218,0.9230769230769231,0.8518518518518519,0.07122507122507127
google_robot_open_drawer__seed032__step056,open_drawer,32,exploration,13,0.21441684938230657,0.23092238422209121,0.9628191251490548,0.9433713254039366,0.01944779974511812,0.8518518518518519,0.8518518518518519,0.0
google_robot_open_drawer__seed032__step056,open_drawer,32,exploration,14,0.21975243685468984,0.2362579716944745,0.9441381091818052,0.9335590290884133,0.010579080093391924,0.8518518518518519,0.7857142857142857,0.06613756613756616
google_robot_open_drawer__seed032__step056,open_drawer,32,exploration,15,0.17554276897661455,0.1920483038163992,0.951513931792057,0.9269361582943145,0.024577773497742483,0.8518518518518519,0.7857142857142857,0.06613756613756616
google_robot_open_drawer__seed032__step056,open_drawer,32,exploration,16,0.18002828109365754,0.19653381593344219,0.9781447212413554,0.9732244376819863,0.004920283559369132,0.8518518518518519,0.7857142857142857,0.06613756613756616
google_robot_open_drawer__seed032__step056,open_drawer,32,exploration,17,0.09958315107784721,0.11608868591763184,0.9542611979041625,0.9344483342625424,0.01981286364162016,0.8518518518518519,0.7241379310344828,0.1277139208173691
google_robot_open_drawer__seed032__step056,open_drawer,32,exploration,18,0.2406530777795901,0.2571586126193747,0.8964567516869558,0.9166674268029332,-0.020210675115977406,0.8518518518518519,0.8518518518518519,0.0
google_robot_open_drawer__seed032__step056,open_drawer,32,exploration,19,0.13880375592214295,0.1553092907619276,0.9888581662435133,0.9557737360358968,0.03308443020761653,0.9230769230769231,0.8518518518518519,0.07122507122507127
google_robot_open_drawer__seed032__step056,open_drawer,32,exploration,20,0.1555439703264155,0.17204950516620016,0.9599348011627953,0.9439074697996142,0.01602733136318113,0.8518518518518519,0.8518518518518519,0.0
google_robot_open_drawer__seed032__step056,open_drawer,32,exploration,21,0.13182208957099262,0.14832762441077726,1.0,0.9843163297558446,0.0156836702441554,1.0,0.9230769230769231,0.07692307692307687
google_robot_open_drawer__seed032__step056,open_drawer,32,exploration,22,0.07044419977098887,0.0869497346107735,1.0,0.9340455096555821,0.06595449034441792,1.0,0.8518518518518519,0.14814814814814814
google_robot_open_drawer__seed032__step056,open_drawer,32,exploration,23,0.11175901362242609,0.12826454846221072,1.0000000000000002,1.0000000000000002,0.0,1.0,1.0,0.0
google_robot_open_drawer__seed032__step056,open_drawer,32,exploration,24,0.09742809252889073,0.11393362736867536,0.7760930700243631,0.8643525221891591,-0.08825945216479603,0.7857142857142857,0.7857142857142857,0.0
google_robot_open_drawer__seed032__step056,open_drawer,32,exploration,25,0.13448481095916684,0.1509903457989515,0.9904600101635531,0.9971099933975228,-0.006649983233969703,0.9230769230769231,0.9230769230769231,0.0
google_robot_open_drawer__seed032__step056,open_drawer,32,exploration,26,0.11370767808476277,0.1302132129245474,0.9704500040566023,0.9862235146239596,-0.01577351056735732,0.7241379310344828,0.8518518518518519,-0.1277139208173691
google_robot_open_drawer__seed032__step056,open_drawer,32,exploration,27,0.08288856827700351,0.09939410311678815,0.9840829187654269,0.990029062940391,-0.005946144174964085,0.9230769230769231,0.9230769230769231,0.0
google_robot_open_drawer__seed032__step056,open_drawer,32,exploration,28,0.08515377337421619,0.10165930821400082,0.9983925544309148,0.9925209288727587,0.005871625558156124,0.9230769230769231,0.9230769230769231,0.0
google_robot_open_drawer__seed032__step056,open_drawer,32,exploration,29,0.08324526371448154,0.09975079855426618,0.9949282039614582,0.9969984095157597,-0.0020702055543014852,0.9230769230769231,0.9230769230769231,0.0
google_robot_open_drawer__seed032__step056,open_drawer,32,exploration,30,0.22673986314403147,0.24324539798381611,0.7691833372086982,0.7706368788894844,-0.0014535416807861523,0.9230769230769231,0.8518518518518519,0.07122507122507127
google_robot_open_drawer__seed032__step056,open_drawer,32,exploration,31,0.12491962881536818,0.1414251636551528,1.0,1.0,0.0,1.0,1.0,0.0
google_robot_open_drawer__seed032__step101,open_drawer,32,exploration,0,0.4840020402583441,0.42375817514126063,1.0,1.0,0.0,1.0,1.0,0.0
google_robot_open_drawer__seed032__step101,open_drawer,32,exploration,1,0.4800149004610499,0.4197710353439664,0.9738858801587807,1.0,-0.026114119841219252,0.875,1.0,-0.125
google_robot_open_drawer__seed032__step101,open_drawer,32,exploration,2,0.5715468291240474,0.511302964006964,1.0,0.9944586905632241,0.0055413094367758875,1.0,0.9354838709677419,0.06451612903225812
google_robot_open_drawer__seed032__step101,open_drawer,32,exploration,3,0.47055941763677994,0.4103155525196965,0.9913214726877785,0.8971843535481359,0.09413711913964262,0.9354838709677419,0.7647058823529411,0.17077798861480076
google_robot_open_drawer__seed032__step101,open_drawer,32,exploration,4,0.40622051955726396,0.3459766544401805,0.949602136025932,0.6506694009516134,0.2989327350743186,0.7647058823529411,0.875,-0.11029411764705888
google_robot_open_drawer__seed032__step101,open_drawer,32,exploration,5,0.29382026314500737,0.23357639802792388,0.579091147625192,0.9563958982415633,-0.37730475061637136,0.875,0.6666666666666666,0.20833333333333337
google_robot_open_drawer__seed032__step101,open_drawer,32,exploration,6,0.3935234724031848,0.33327960728610134,0.8495062132790189,0.9172132602681756,-0.06770704698915675,0.8181818181818182,0.875,-0.05681818181818177
google_robot_open_drawer__seed032__step101,open_drawer,32,exploration,7,0.4519179293127953,0.3916740641957118,0.9906276749938531,0.9323614537535044,0.05826622124034864,0.9354838709677419,0.8181818181818182,0.11730205278592365
google_robot_open_drawer__seed032__step101,open_drawer,32,exploration,8,0.49289955920948825,0.4326556940924048,0.9340964218207874,0.800862413083263,0.13323400873752445,0.8181818181818182,0.8181818181818182,0.0
google_robot_open_drawer__seed032__step101,open_drawer,32,exploration,9,0.40603024609252514,0.3457863809754417,0.9701683786065566,0.8417457367937344,0.12842264181282215,0.875,0.7647058823529411,0.11029411764705888
google_robot_open_drawer__seed032__step101,open_drawer,32,exploration,10,0.3559396017846375,0.29569573666755405,0.8364840314014911,0.9226623623931949,-0.0861783309917038,0.8181818181818182,0.7647058823529411,0.05347593582887711
google_robot_open_drawer__seed032__step101,open_drawer,32,exploration,11,0.48674540422432333,0.42650153910723987,0.9529458938244129,0.9679318559318494,-0.014985962107436523,0.7647058823529411,0.7142857142857143,0.05042016806722682
google_robot_open_drawer__seed032__step101,open_drawer,32,exploration,12,0.435999141699057,0.37575527658197355,0.9775085385917345,0.9960118280490643,-0.01850328945732982,0.875,0.9354838709677419,-0.06048387096774188
google_robot_open_drawer__seed032__step101,open_drawer,32,exploration,13,0.4222832179959541,0.3620393528788706,0.9714959155085426,0.954626553449232,0.016869362059310666,0.9354838709677419,0.8181818181818182,0.11730205278592365
google_robot_open_drawer__seed032__step101,open_drawer,32,exploration,14,0.35227701839714604,0.2920331532800626,0.9638601442909517,0.9739595080389538,-0.010099363748002133,0.875,0.7647058823529411,0.11029411764705888
google_robot_open_drawer__seed032__step101,open_drawer,32,exploration,15,0.4651529037906695,0.404909038673586,0.9723631873055122,0.9912136127714652,-0.018850425465953058,0.875,0.875,0.0
google_robot_open_drawer__seed032__step101,open_drawer,32,exploration,16,0.40020932587946695,0.3399654607623835,0.9861471771221831,0.9716756457017963,0.014471531420386818,0.9354838709677419,0.9354838709677419,0.0
google_robot_open_drawer__seed032__step101,open_drawer,32,exploration,17,0.38149510485785015,0.3212512397407667,0.9471502354765078,0.9740068668479688,-0.026856631371460993,0.875,0.875,0.0
google_robot_open_drawer__seed032__step101,open_drawer,32,exploration,18,0.42235039060803653,0.36210652549095307,1.0,0.9385812448755587,0.06141875512444128,1.0,0.9354838709677419,0.06451612903225812
google_robot_open_drawer__seed032__step101,open_drawer,32,exploration,19,0.39919221627180485,0.3389483511547214,0.9728168591164176,1.0,-0.027183140883582424,0.875,1.0,-0.125
google_robot_open_drawer__seed032__step101,open_drawer,32,exploration,20,0.36549995195578217,0.3052560868386987,0.8611797361697736,0.7564649930928827,0.10471474307689088,0.7647058823529411,0.9354838709677419,-0.17077798861480076
google_robot_open_drawer__seed032__step101,open_drawer,32,exploration,21,0.34186512428431537,0.2816212591672319,0.9831427105880285,0.9732405418510869,0.009902168736941608,0.9354838709677419,0.875,0.06048387096774188
google_robot_open_drawer__seed032__step101,open_drawer,32,exploration,22,0.3925379424988114,0.33229407738172795,0.7481992183584317,0.6818877839932395,0.06631143436519227,0.875,0.7647058823529411,0.11029411764705888
google_robot_open_drawer__seed032__step101,open_drawer,32,exploration,23,0.3412735685313703,0.28102970341428685,0.6188023781531367,0.6028807843739922,0.015921593779144483,0.875,0.8181818181818182,0.05681818181818177
google_robot_open_drawer__seed032__step101,open_drawer,32,exploration,24,0.4462027426814667,0.38595887756438324,1.0,0.6113275674920263,0.3886724325079737,1.0,0.8181818181818182,0.18181818181818177
google_robot_open_drawer__seed032__step101,open_drawer,32,exploration,25,0.4336735968679157,0.3734297317508322,0.6893955958080001,0.9831231777098036,-0.2937275819018035,0.9354838709677419,0.9354838709677419,0.0
google_robot_open_drawer__seed032__step101,open_drawer,32,exploration,26,0.41507759770087266,0.3548337325837892,1.0,0.981140208803328,0.018859791196672027,1.0,0.9354838709677419,0.06451612903225812
google_robot_open_drawer__seed032__step101,open_drawer,32,exploration,27,0.311561365207442,0.2513175000903585,0.665379733796119,0.9859133794846767,-0.3205336456885577,0.9354838709677419,0.9354838709677419,0.0
google_robot_open_drawer__seed032__step101,open_drawer,32,exploration,28,0.309579716310397,0.2493358511933135,0.68096077104082,0.9962207236759523,-0.3152599526351323,0.875,0.9354838709677419,-0.06048387096774188
google_robot_open_drawer__seed032__step101,open_drawer,32,exploration,29,0.5672731735344276,0.5070293084173442,0.995568989778719,1.0,-0.0044310102212810065,0.9354838709677419,1.0,-0.06451612903225812
google_robot_open_drawer__seed032__step101,open_drawer,32,exploration,30,0.5045327622758787,0.44428889715879527,0.9771442013962254,0.9195914035892421,0.0575527978069833,0.9354838709677419,0.875,0.06048387096774188
google_robot_open_drawer__seed032__step101,open_drawer,32,exploration,31,0.4159139684325748,0.3556701033154913,0.9792031245505036,0.981431895221163,-0.002228770670659408,0.875,0.875,0.0
google_robot_open_drawer__seed056__step011,open_drawer,56,exploration,0,0.3377533012559431,0.28502149429364637,0.9999999999999999,0.9999999999999999,0.0,1.0,1.0,0.0
google_robot_open_drawer__seed056__step011,open_drawer,56,exploration,1,0.36925427551740325,0.3165224685551065,1.0,1.0,0.0,1.0,1.0,0.0
google_robot_open_drawer__seed056__step011,open_drawer,56,exploration,2,0.24846622412368488,0.19573441716138815,0.9945583877653109,0.8914771081452395,0.10308127962007141,0.9565217391304348,0.9565217391304348,0.0
google_robot_open_drawer__seed056__step011,open_drawer,56,exploration,3,0.2437067517376715,0.19097494477537477,1.0,0.862593861600772,0.137406138399228,1.0,0.9148936170212766,0.08510638297872342
google_robot_open_drawer__seed056__step011,open_drawer,56,exploration,4,0.253811692284964,0.20107988532266724,1.0,0.9164467682895983,0.08355323171040174,1.0,0.9148936170212766,0.08510638297872342
google_robot_open_drawer__seed056__step011,open_drawer,56,exploration,5,0.15775855946691783,0.1050267525046211,0.9987858203475283,0.7357298603472238,0.2630559600003045,0.9565217391304348,0.875,0.08152173913043481
google_robot_open_drawer__seed056__step011,open_drawer,56,exploration,6,0.18964958232043125,0.1369177753581345,0.8358013413967061,0.8819483580724364,-0.04614701667573029,0.875,0.8,0.07499999999999996
google_robot_open_drawer__seed056__step011,open_drawer,56,exploration,7,0.12297626717340109,0.07024446021110435,0.9930581412963034,0.8880330776453099,0.10502506365099351,0.9148936170212766,0.8367346938775511,0.07815892314372552
google_robot_open_drawer__seed056__step011,open_drawer,56,exploration,8,0.262887583500856,0.21015577653855927,0.8461072265532908,0.864900826539313,-0.018793599986022147,0.875,0.7647058823529411,0.11029411764705888
google_robot_open_drawer__seed056__step011,open_drawer,56,exploration,9,0.24155479711574854,0.1888229901534518,0.9139579137355134,0.9497077947472663,-0.035749881011752915,0.9148936170212766,0.875,0.039893617021276584
google_robot_open_drawer__seed056__step011,open_drawer,56,exploration,10,0.3008205718224759,0.24808876486017917,0.9570903797346806,0.9589940874300718,-0.0019037076953911658,0.9148936170212766,0.875,0.039893617021276584
google_robot_open_drawer__seed056__step011,open_drawer,56,exploration,11,0.15962485389192801,0.10689304692963128,0.9537628415564775,0.8202021393046545,0.13356070225182304,0.9148936170212766,0.7647058823529411,0.15018773466833546
google_robot_open_drawer__seed056__step011,open_drawer,56,exploration,12,0.2489494919317992,0.19621768496950245,0.8955987690160966,0.703708557560837,0.19189021145525964,0.9565217391304348,0.8,0.15652173913043477
google_robot_open_drawer__seed056__step011,open_drawer,56,exploration,13,0.26981555791216694,0.2170837509498702,0.9528005151388771,0.9841372379094776,-0.03133672277060051,0.9148936170212766,0.8367346938775511,0.07815892314372552
google_robot_open_drawer__seed056__step011,open_drawer,56,exploration,14,0.2619307808263987,0.20919897386410197,0.9502283935871652,0.9042322648694934,0.04599612871767178,0.875,0.8,0.07499999999999996
google_robot_open_drawer__seed056__step011,open_drawer,56,exploration,15,0.24046720625607332,0.18773539929377658,0.9616320398499753,0.9933964214173997,-0.03176438156742445,0.9148936170212766,0.9148936170212766,0.0
google_robot_open_drawer__seed056__step011,open_drawer,56,exploration,16,0.12870176626050536,0.07596995929820863,1.0,0.8528414139784223,0.14715858602157772,1.0,0.9148936170212766,0.08510638297872342
google_robot_open_drawer__seed056__step011,open_drawer,56,exploration,17,0.08424759377799425,0.031515786815697514,0.8092598514269821,0.9916356704055236,-0.1823758189785415,0.9148936170212766,0.9148936170212766,0.0
google_robot_open_drawer__seed056__step011,open_drawer,56,exploration,18,0.23806258159282204,0.1853307746305253,1.0,0.9890137163513221,0.01098628364867793,1.0,0.9148936170212766,0.08510638297872342
google_robot_open_drawer__seed056__step011,open_drawer,56,exploration,19,0.27624799338264633,0.2235161864203496,0.9897553308026571,0.9358660171784988,0.053889313624158275,0.9148936170212766,0.8367346938775511,0.07815892314372552
google_robot_open_drawer__seed056__step011,open_drawer,56,exploration,20,0.1393020356914319,0.08657022872913517,0.7725990539001443,0.9769072878140154,-0.2043082339138711,0.9565217391304348,0.9148936170212766,0.04162812210915823
google_robot_open_drawer__seed056__step011,open_drawer,56,exploration,21,0.08375162256414058,0.031019815601843845,0.9977897747025154,0.9003834775087106,0.09740629719380478,0.9565217391304348,0.9565217391304348,0.0
google_robot_open_drawer__seed056__step011,open_drawer,56,exploration,22,0.13974796960237437,0.08701616264007764,0.9219933832480814,0.9457611753957017,-0.02376779214762026,0.9565217391304348,0.875,0.08152173913043481
google_robot_open_drawer__seed056__step011,open_drawer,56,exploration,23,0.12261097352722487,0.06987916656492814,0.9167099265590938,0.998957834831837,-0.0822479082727432,0.8367346938775511,0.9565217391304348,-0.11978704525288375
google_robot_open_drawer__seed056__step011,open_drawer,56,exploration,24,0.1194010013953654,0.06666919443306867,0.9938990854640402,1.0,-0.006100914535959845,0.9565217391304348,1.0,-0.04347826086956519
google_robot_open_drawer__seed056__step011,open_drawer,56,exploration,25,0.05787977534658936,0.005147968384292628,1.0,0.8671595132275884,0.13284048677241156,1.0,0.9148936170212766,0.08510638297872342
google_robot_open_drawer__seed056__step011,open_drawer,56,exploration,26,0.06587128425061153,0.0131394772883148,0.9930133261815391,0.9973464469685028,-0.0043331207869636845,0.9565217391304348,0.9148936170212766,0.04162812210915823
google_robot_open_drawer__seed056__step011,open_drawer,56,exploration,27,0.09881697001470562,0.04608516305240888,0.8550364023718308,0.9958455118119911,-0.14080910944016034,0.9565217391304348,0.9565217391304348,0.0
google_robot_open_drawer__seed056__step011,open_drawer,56,exploration,28,0.07571942661007032,0.022987619647773586,0.9926314627859206,0.8655945501971404,0.12703691258878025,0.9565217391304348,0.9565217391304348,0.0
google_robot_open_drawer__seed056__step011,open_drawer,56,exploration,29,0.09629372003421628,0.04356191307191955,0.9743634919699334,0.9732935891965316,0.0010699027734017985,0.9565217391304348,0.9148936170212766,0.04162812210915823
google_robot_open_drawer__seed056__step011,open_drawer,56,exploration,30,0.04756924424908301,-0.005162562713213727,0.912120458185978,0.9908752565541018,-0.07875479836812382,0.9565217391304348,0.9148936170212766,0.04162812210915823
google_robot_open_drawer__seed056__step011,open_drawer,56,exploration,31,0.048082087529795335,-0.004649719432501399,0.9941137380841184,0.9979923068500157,-0.0038785687658973167,0.9565217391304348,0.9565217391304348,0.0
google_robot_open_drawer__seed056__step056,open_drawer,56,exploration,0,0.3383870277160732,0.12495122842871167,1.0,1.0,0.0,1.0,1.0,0.0
google_robot_open_drawer__seed056__step056,open_drawer,56,exploration,1,0.28319203311540936,0.06975623382804783,1.0,1.0,0.0,1.0,1.0,0.0
google_robot_open_drawer__seed056__step056,open_drawer,56,exploration,2,0.33730016082730724,0.1238643615399457,0.9786313088565076,0.8915917187036695,0.08703959015283813,0.96,0.8846153846153846,0.07538461538461538
google_robot_open_drawer__seed056__step056,open_drawer,56,exploration,3,0.2757455824140607,0.062309783126699186,0.9359914306278475,0.8773209949098099,0.05867043571803765,0.96,0.9215686274509803,0.03843137254901963
google_robot_open_drawer__seed056__step056,open_drawer,56,exploration,4,0.39517681458260284,0.1817410152952413,0.9365823062258349,0.9747125710982711,-0.038130264872436204,0.96,0.9215686274509803,0.03843137254901963
google_robot_open_drawer__seed056__step056,open_drawer,56,exploration,5,0.38599106709281256,0.17255526780545102,0.9829223061707374,0.6168057338040936,0.36611657236664374,0.96,0.7192982456140351,0.24070175438596486
google_robot_open_drawer__seed056__step056,open_drawer,56,exploration,6,0.18836560215036227,-0.02507019713699926,0.9145658402692395,0.8751984692610498,0.039367371008189656,0.8846153846153846,0.8490566037735849,0.03555878084179964
google_robot_open_drawer__seed056__step056,open_drawer,56,exploration,7,0.21257893641345568,-0.0008568628739058504,0.9762697194865732,0.873431041589944,0.10283867789662915,0.96,0.8148148148148148,0.1451851851851852
google_robot_open_drawer__seed056__step056,open_drawer,56,exploration,8,0.2211825498617179,0.007746750574356365,0.9950663369104777,1.0,-0.0049336630895222555,0.96,1.0,-0.040000000000000036
google_robot_open_drawer__seed056__step056,open_drawer,56,exploration,9,0.24188472292384347,0.028448923636481938,0.9162409933393123,0.8954112237844404,0.020829769554871924,0.8846153846153846,0.8846153846153846,0.0
google_robot_open_drawer__seed056__step056,open_drawer,56,exploration,10,0.24538217372022433,0.0319463744328628,0.8912976650807679,0.9810020927047324,-0.08970442762396447,0.9215686274509803,0.8846153846153846,0.036953242835595757
google_robot_open_drawer__seed056__step056,open_drawer,56,exploration,11,0.20707847438804106,-0.006357324899320477,0.8667491058082336,0.9659356574313631,-0.0991865516231295,0.96,0.9215686274509803,0.03843137254901963
google_robot_open_drawer__seed056__step056,open_drawer,56,exploration,12,0.20160916070610146,-0.011826638581260068,0.9948142856247939,0.9684279575970889,0.02638632802770502,0.96,0.9215686274509803,0.03843137254901963
google_robot_open_drawer__seed056__step056,open_drawer,56,exploration,13,0.22371015343895806,0.010274354151596526,0.8996973823532023,0.7389800528115171,0.16071732954168516,0.9215686274509803,0.8490566037735849,0.0725120236773954
google_robot_open_drawer__seed056__step056,open_drawer,56,exploration,14,0.24156373456486316,0.028127935277501626,0.9562553965181708,0.8023941849635564,0.1538612115546144,0.9215686274509803,0.8846153846153846,0.036953242835595757
google_robot_open_drawer__seed056__step056,open_drawer,56,exploration,15,0.2375439066849914,0.024108107397629863,0.8472963996540543,0.9555877927246551,-0.10829139307060076,0.9215686274509803,0.8846153846153846,0.036953242835595757
google_robot_open_drawer__seed056__step056,open_drawer,56,exploration,16,0.3046990989595187,0.09126329967215716,0.7927154027211688,0.9498299501126075,-0.1571145473914387,0.96,0.8846153846153846,0.07538461538461538
google_robot_open_drawer__seed056__step056,open_drawer,56,exploration,17,0.31321385837927057,0.09977805909190904,0.9368664164433587,0.7999555222432506,0.13691089420010805,0.96,0.9215686274509803,0.03843137254901963
google_robot_open_drawer__seed056__step056,open_drawer,56,exploration,18,0.31648523094065434,0.1030494316532928,0.9967726435760218,0.9926464051042845,0.00412623847173732,0.96,0.96,0.0
google_robot_open_drawer__seed056__step056,open_drawer,56,exploration,19,0.285667197837888,0.07223139855052649,1.0,0.9706462013925683,0.029353798607431703,1.0,0.8490566037735849,0.15094339622641506
google_robot_open_drawer__seed056__step056,open_drawer,56,exploration,20,0.2939690971591353,0.08053329787177374,0.9970056670120124,0.9979226965806417,-0.0009170295686292684,0.9215686274509803,0.96,-0.03843137254901963
google_robot_open_drawer__seed056__step056,open_drawer,56,exploration,21,0.29589835716278373,0.0824625578754222,0.929401602380829,0.9884289372887958,-0.059027334907966744,0.96,0.96,0.0
google_robot_open_drawer__seed056__step056,open_drawer,56,exploration,22,0.3082478232201902,0.09481202393282864,0.8862092992803925,0.99815742246447,-0.11194812318407754,0.9215686274509803,0.96,-0.03843137254901963
google_robot_open_drawer__seed056__step056,open_drawer,56,exploration,23,0.30956201534790867,0.09612621606054714,0.993347420181757,0.9723581931374525,0.020989227044304504,0.96,0.8846153846153846,0.07538461538461538
google_robot_open_drawer__seed056__step056,open_drawer,56,exploration,24,0.34376556512449613,0.1303297658371346,0.9342915326475555,0.9355035895207627,-0.0012120568732072456,0.8846153846153846,0.8846153846153846,0.0
google_robot_open_drawer__seed056__step056,open_drawer,56,exploration,25,0.2712049056424192,0.05776910635505769,0.9942933422220808,0.9825220320728704,0.011771310149210401,0.96,0.96,0.0
google_robot_open_drawer__seed056__step056,open_drawer,56,exploration,26,0.2670129780621961,0.05357717877483456,0.9120463699618465,0.9636626083040943,-0.05161623834224782,0.9215686274509803,0.8846153846153846,0.036953242835595757
google_robot_open_drawer__seed056__step056,open_drawer,56,exploration,27,0.2688142350824792,0.05537843579511767,0.9817348859213738,0.9154551425958154,0.06627974332555842,0.96,0.9215686274509803,0.03843137254901963
google_robot_open_drawer__seed056__step056,open_drawer,56,exploration,28,0.2688142350824792,0.05537843579511767,0.926573904478151,0.927854324125912,-0.001280419647760933,0.96,0.96,0.0
google_robot_open_drawer__seed056__step056,open_drawer,56,exploration,29,0.2688142350824792,0.05537843579511767,1.0,0.9951763369796455,0.004823663020354529,1.0,0.96,0.040000000000000036
google_robot_open_drawer__seed056__step056,open_drawer,56,exploration,30,0.2612745363167215,0.04783873702935995,0.914944792523257,1.0,-0.085055207476743,0.9215686274509803,1.0,-0.07843137254901966
google_robot_open_drawer__seed056__step056,open_drawer,56,exploration,31,0.2733446270858878,0.05990882779852627,0.9921867392063598,1.0,-0.007813260793640198,0.96,1.0,-0.040000000000000036
google_robot_open_drawer__seed056__step101,open_drawer,56,exploration,0,0.4765856621245148,0.8304549517853119,1.0,1.0,0.0,1.0,1.0,0.0
google_robot_open_drawer__seed056__step101,open_drawer,56,exploration,1,-0.012671985748939482,0.3411973039118577,0.8976348599261091,0.8960478589038422,0.0015870010222669428,0.8888888888888888,0.8888888888888888,0.0
google_robot_open_drawer__seed056__step101,open_drawer,56,exploration,2,-0.09524688295631316,0.258622406704484,1.0,0.9233676600707049,0.07663233992929508,1.0,0.8888888888888888,0.11111111111111116
google_robot_open_drawer__seed056__step101,open_drawer,56,exploration,3,0.15021452132754287,0.5040838109883401,0.9289793935708648,0.9289793935708648,0.0,0.8888888888888888,0.8888888888888888,0.0
google_robot_open_drawer__seed056__step101,open_drawer,56,exploration,4,0.05749131761789178,0.41136060727868895,0.9435498163203732,0.9641609831363426,-0.020611166815969417,0.7894736842105263,0.8888888888888888,-0.09941520467836251
google_robot_open_drawer__seed056__step101,open_drawer,56,exploration,5,-0.06784593561771528,0.2860233540430819,0.8918526659147262,0.8521913384432679,0.03966132747145834,0.7894736842105263,0.7894736842105263,0.0
google_robot_open_drawer__seed056__step101,open_drawer,56,exploration,6,0.48337134554162536,0.8372406352024225,0.9391901032773232,0.7536592504682836,0.18553085280903958,0.8888888888888888,0.7,0.18888888888888888
google_robot_open_drawer__seed056__step101,open_drawer,56,exploration,7,0.305772648661672,0.6596419383224692,0.8255261294802948,0.9016684348152624,-0.07614230533496757,0.8888888888888888,0.7,0.18888888888888888
google_robot_open_drawer__seed056__step101,open_drawer,56,exploration,8,0.3779637992188063,0.7318330888796034,0.9718350730077158,0.9310040135526586,0.04083105945505716,0.8888888888888888,0.7894736842105263,0.09941520467836251
google_robot_open_drawer__seed056__step101,open_drawer,56,exploration,9,0.5387000026718906,0.8925692923326878,0.8788531359692736,0.9393654522504509,-0.06051231628117726,0.7894736842105263,0.7894736842105263,0.0
google_robot_open_drawer__seed056__step101,open_drawer,56,exploration,10,0.6586777719563267,1.012547061617124,0.9900557741874015,0.9806570278892907,0.009398746298110883,0.8888888888888888,0.8888888888888888,0.0
google_robot_open_drawer__seed056__step101,open_drawer,56,exploration,11,0.48257491720939266,0.8364442068701898,0.9456632505714279,0.8464401750546745,0.09922307551675336,0.7894736842105263,0.7,0.08947368421052637
google_robot_open_drawer__seed056__step101,open_drawer,56,exploration,12,0.3686961872587455,0.7225654769195426,0.96394646420844,0.9750655372301912,-0.011119073021751191,0.8888888888888888,0.8888888888888888,0.0
google_robot_open_drawer__seed056__step101,open_drawer,56,exploration,13,0.5447793350480591,0.8986486247088563,0.9014166690853354,0.9014166690853354,0.0,0.8888888888888888,0.8888888888888888,0.0
google_robot_open_drawer__seed056__step101,open_drawer,56,exploration,14,0.6973206793083753,1.0511899689691724,0.9301632331186971,0.9213746383374396,0.008788594781257486,0.8888888888888888,0.7894736842105263,0.09941520467836251
google_robot_open_drawer__seed056__step101,open_drawer,56,exploration,15,0.6525429309960619,1.006412220656859,1.0,0.9735915679280714,0.026408432071928556,1.0,0.8888888888888888,0.11111111111111116
google_robot_open_drawer__seed056__step101,open_drawer,56,exploration,16,0.3200852198407976,0.6739545095015947,1.0,1.0,0.0,1.0,1.0,0.0
google_robot_open_drawer__seed056__step101,open_drawer,56,exploration,17,0.2797606538300251,0.6336299434908222,1.0,1.0,0.0,1.0,1.0,0.0
google_robot_open_drawer__seed056__step101,open_drawer,56,exploration,18,0.42746064125854794,0.7813299309193451,1.0,0.6087865005411663,0.39121349945883366,1.0,0.7894736842105263,0.21052631578947367
google_robot_open_drawer__seed056__step101,open_drawer,56,exploration,19,0.371848157686002,0.7257174473467991,0.9729717764423945,1.0,-0.02702822355760548,0.8888888888888888,1.0,-0.11111111111111116
google_robot_open_drawer__seed056__step101,open_drawer,56,exploration,20,0.40713139072418564,0.7610006803849828,0.9917637039907987,0.9965317383281053,-0.004768034337306548,0.8888888888888888,0.8888888888888888,0.0
google_robot_open_drawer__seed056__step101,open_drawer,56,exploration,21,0.2642677861706558,0.618137075831453,0.9909455701452551,0.9822236972318178,0.00872187291343729,0.8888888888888888,0.7894736842105263,0.09941520467836251
google_robot_open_drawer__seed056__step101,open_drawer,56,exploration,22,0.292828485615336,0.6466977752761331,1.0,0.9930968318281411,0.0069031681718588755,1.0,0.8888888888888888,0.11111111111111116
google_robot_open_drawer__seed056__step101,open_drawer,56,exploration,23,0.5182183418089786,0.8720876314697759,0.8886277608064446,1.0,-0.11137223919355543,0.8888888888888888,1.0,-0.11111111111111116
google_robot_open_drawer__seed056__step101,open_drawer,56,exploration,24,0.508844596472782,0.8627138861335792,1.0,0.9957281985594406,0.004271801440559386,1.0,0.8888888888888888,0.11111111111111116
google_robot_open_drawer__seed056__step101,open_drawer,56,exploration,25,0.33485354553669816,0.6887228351974953,1.0,1.0,0.0,1.0,1.0,0.0
google_robot_open_drawer__seed056__step101,open_drawer,56,exploration,26,0.3380590427361483,0.6919283323969454,1.0,1.0,0.0,1.0,1.0,0.0
google_robot_open_drawer__seed056__step101,open_drawer,56,exploration,27,0.5165084746938303,0.8703777643546275,0.8949493983800668,0.8949493983800668,0.0,0.8888888888888888,0.8888888888888888,0.0
google_robot_open_drawer__seed056__step101,open_drawer,56,exploration,28,0.22048013266001307,0.5743494223208102,0.8381019751140691,1.0,-0.16189802488593086,0.8888888888888888,1.0,-0.11111111111111116
google_robot_open_drawer__seed056__step101,open_drawer,56,exploration,29,0.5237620089870197,0.877631298647817,1.0,1.0,0.0,1.0,1.0,0.0
google_robot_open_drawer__seed056__step101,open_drawer,56,exploration,30,0.2835583175521143,0.6374276072129115,0.9965908405220412,0.9522616935551133,0.04432914696692791,0.8888888888888888,0.8888888888888888,0.0
google_robot_open_drawer__seed056__step101,open_drawer,56,exploration,31,0.12954730239005494,0.4834165920508521,0.9678126296005273,0.9962966212366915,-0.02848399163616422,0.7894736842105263,0.8888888888888888,-0.09941520467836251
google_robot_open_drawer__seed093__step011,open_drawer,93,exploration,0,0.49445424730861975,0.5824356827095086,1.0,1.0,0.0,1.0,1.0,0.0
google_robot_open_drawer__seed093__step011,open_drawer,93,exploration,1,0.4311931736175736,0.5191746090184625,1.0,1.0,0.0,1.0,1.0,0.0
google_robot_open_drawer__seed093__step011,open_drawer,93,exploration,2,0.41496111505940375,0.5029425504602926,0.9606814550096532,0.8878491407439667,0.07283231426568648,0.9111111111111111,0.9545454545454546,-0.04343434343434349
google_robot_open_drawer__seed093__step011,open_drawer,93,exploration,3,0.2603836708778597,0.34836510627874856,0.9642176547829521,0.8832440651923491,0.08097358959060297,0.9111111111111111,0.9111111111111111,0.0
google_robot_open_drawer__seed093__step011,open_drawer,93,exploration,4,0.40768261749253615,0.495664052893425,0.8981109807936867,0.8774398133149047,0.02067116747878195,0.9545454545454546,0.9111111111111111,0.04343434343434349
google_robot_open_drawer__seed093__step011,open_drawer,93,exploration,5,0.37474484407681463,0.4627262794777035,0.9541159474353446,0.8947984106240892,0.0593175368112554,0.9111111111111111,0.8695652173913043,0.04154589371980677
google_robot_open_drawer__seed093__step011,open_drawer,93,exploration,6,0.49838847452146995,0.5863699099223588,0.9656242125099789,0.9042976314387025,0.06132658107127642,0.9545454545454546,0.8695652173913043,0.08498023715415026
google_robot_open_drawer__seed093__step011,open_drawer,93,exploration,7,0.43789214602550214,0.525873581426391,0.9465916377205218,0.9469556372217419,-0.0003639995012201247,0.8695652173913043,0.8297872340425532,0.039777983348751156
google_robot_open_drawer__seed093__step011,open_drawer,93,exploration,8,0.4829389396208042,0.570920375021693,0.9570778230319951,0.9445514483821711,0.01252637464982398,0.9111111111111111,0.8297872340425532,0.08132387706855793
google_robot_open_drawer__seed093__step011,open_drawer,93,exploration,9,0.4740182947691342,0.561999730170023,0.8044076332282968,0.734568424199657,0.06983920902863983,0.8695652173913043,0.8297872340425532,0.039777983348751156
google_robot_open_drawer__seed093__step011,open_drawer,93,exploration,10,0.39449760661035255,0.4824790420112414,0.8793010663512458,0.9023504386586102,-0.02304937230736437,0.8695652173913043,0.8695652173913043,0.0
google_robot_open_drawer__seed093__step011,open_drawer,93,exploration,11,0.35641934404087894,0.4444007794417678,0.9274305466334725,0.8811366200657552,0.04629392656771725,0.9545454545454546,0.8297872340425532,0.12475822050290142
google_robot_open_drawer__seed093__step011,open_drawer,93,exploration,12,0.4250280514920945,0.5130094868929833,0.8614235008891905,0.8675171164670002,-0.006093615577809741,0.8297872340425532,0.9111111111111111,-0.08132387706855793
google_robot_open_drawer__seed093__step011,open_drawer,93,exploration,13,0.42665753667437073,0.5146389720752595,0.9784929488534041,0.9801265484910003,-0.0016335996375962392,0.9111111111111111,0.9545454545454546,-0.04343434343434349
google_robot_open_drawer__seed093__step011,open_drawer,93,exploration,14,0.469839706952635,0.5578211423535239,0.972747276268599,0.9963737439556118,-0.02362646768701282,0.9111111111111111,0.9545454545454546,-0.04343434343434349
google_robot_open_drawer__seed093__step011,open_drawer,93,exploration,15,0.45767419164287265,0.5456556270437615,0.9647257043959452,1.0,-0.03527429560405482,0.9545454545454546,1.0,-0.045454545454545414
google_robot_open_drawer__seed093__step011,open_drawer,93,exploration,16,0.48970484964968614,0.577686285050575,0.9911519446731086,0.8991321259568427,0.09201981871626597,0.9545454545454546,0.8695652173913043,0.08498023715415026
google_robot_open_drawer__seed093__step011,open_drawer,93,exploration,17,0.4541811949734868,0.5421626303743756,0.9553246288339309,0.9797130211256976,-0.024388392291766703,0.9111111111111111,0.9111111111111111,0.0
google_robot_open_drawer__seed093__step011,open_drawer,93,exploration,18,0.4146594088019531,0.5026408442028419,0.9863054786990385,0.9569203993880527,0.029385079310985773,0.8695652173913043,0.8695652173913043,0.0
google_robot_open_drawer__seed093__step011,open_drawer,93,exploration,19,0.3607078832290794,0.44868931862996825,1.0,0.8936521683395292,0.10634783166047079,1.0,0.9111111111111111,0.0888888888888889
google_robot_open_drawer__seed093__step011,open_drawer,93,exploration,20,0.41967471325569145,0.5076561486565803,0.940681267208716,0.9570570785991541,-0.01637581139043809,0.9111111111111111,0.9545454545454546,-0.04343434343434349
google_robot_open_drawer__seed093__step011,open_drawer,93,exploration,21,0.4253303259497521,0.5133117613506409,0.9460358294061644,0.9206239853219897,0.02541184408417463,0.9111111111111111,0.9111111111111111,0.0
google_robot_open_drawer__seed093__step011,open_drawer,93,exploration,22,0.37475530786982486,0.46273674327071374,0.9769647681761674,1.0,-0.023035231823832603,0.9545454545454546,1.0,-0.045454545454545414
google_robot_open_drawer__seed093__step011,open_drawer,93,exploration,23,0.3726602082322798,0.4606416436331687,0.9727153970733493,0.9779230701764706,-0.005207673103121313,0.9111111111111111,0.9545454545454546,-0.04343434343434349
google_robot_open_drawer__seed093__step011,open_drawer,93,exploration,24,0.4254036577734528,0.5133850931743417,0.9972285852411233,0.9418374267972824,0.055391158443840904,0.9545454545454546,0.9111111111111111,0.04343434343434349
google_robot_open_drawer__seed093__step011,open_drawer,93,exploration,25,0.44700744973607837,0.5349888851369672,0.6909920012797085,0.9459312648207421,-0.2549392635410336,0.9545454545454546,0.9545454545454546,0.0
google_robot_open_drawer__seed093__step011,open_drawer,93,exploration,26,0.4270399501082665,0.5150213855091553,0.9703315563893039,0.9947705289421896,-0.02443897255288574,0.8695652173913043,0.9111111111111111,-0.04154589371980677
google_robot_open_drawer__seed093__step011,open_drawer,93,exploration,27,0.4209938624704925,0.5089752978713813,0.9965620664512657,0.9910865869914381,0.005475479459827515,0.9545454545454546,0.9111111111111111,0.04343434343434349
google_robot_open_drawer__seed093__step011,open_drawer,93,exploration,28,0.4186039952497716,0.5065854306506604,0.957383516103973,0.9986836613185478,-0.04130014521457481,0.9545454545454546,0.9545454545454546,0.0
google_robot_open_drawer__seed093__step011,open_drawer,93,exploration,29,0.4123922078656932,0.5003736432665821,0.998387764144634,0.7391691659054386,0.25921859823919546,0.9545454545454546,0.9545454545454546,0.0
google_robot_open_drawer__seed093__step011,open_drawer,93,exploration,30,0.40844347330161357,0.49642490870250244,0.9956577426191594,0.993247148664946,0.0024105939542133914,0.9545454545454546,0.9111111111111111,0.04343434343434349
google_robot_open_drawer__seed093__step011,open_drawer,93,exploration,31,0.43487491713157894,0.5228563525324678,0.9943157818591017,0.9939513552989476,0.00036442656015411856,0.9545454545454546,0.9545454545454546,0.0
google_robot_open_drawer__seed093__step056,open_drawer,93,exploration,0,0.06331993470212491,-0.11053867474390117,1.0,1.0,0.0,1.0,1.0,0.0
google_robot_open_drawer__seed093__step056,open_drawer,93,exploration,1,0.34458017702630966,0.1707215675802836,1.0,1.0,0.0,1.0,1.0,0.0
google_robot_open_drawer__seed093__step056,open_drawer,93,exploration,2,0.4209085270354489,0.24704991758942282,0.9703716973927351,0.8824159302229658,0.08795576716976927,0.8888888888888888,0.9615384615384616,-0.07264957264957272
google_robot_open_drawer__seed093__step056,open_drawer,93,exploration,3,0.31395767394138896,0.14009906449536288,0.9573406731972693,0.9138060783640496,0.04353459483321975,0.8888888888888888,0.9615384615384616,-0.07264957264957272
google_robot_open_drawer__seed093__step056,open_drawer,93,exploration,4,0.362634028216926,0.1887754187708999,0.9848181329354818,0.9993022002900812,-0.014484067354599395,0.9615384615384616,0.9615384615384616,0.0
google_robot_open_drawer__seed093__step056,open_drawer,93,exploration,5,0.39100129510788956,0.21714268566186348,0.9873645967143047,0.5368527152025352,0.45051188151176946,0.9615384615384616,0.7894736842105263,0.17206477732793524
google_robot_open_drawer__seed093__step056,open_drawer,93,exploration,6,0.15093668991105336,-0.022921919534972718,0.9954057272354767,0.9454405966965154,0.049965130538961344,0.9245283018867925,0.8888888888888888,0.03563941299790363
google_robot_open_drawer__seed093__step056,open_drawer,93,exploration,7,0.11107084302367037,-0.0627877664223557,0.8999115447052514,0.8555643256033632,0.04434721910188821,0.9615384615384616,0.8545454545454545,0.10699300699300707
google_robot_open_drawer__seed093__step056,open_drawer,93,exploration,8,0.06050152296088973,-0.11335708648513634,0.9824771365985429,0.9778498775412751,0.004627259057267796,0.9245283018867925,0.9245283018867925,0.0
google_robot_open_drawer__seed093__step056,open_drawer,93,exploration,9,0.06375005067896673,-0.11010855876705934,0.9867803752434449,0.9049412819069508,0.08183909333649408,0.9245283018867925,0.9245283018867925,0.0
google_robot_open_drawer__seed093__step056,open_drawer,93,exploration,10,0.08464197446392863,-0.08921663498209745,0.8988152276802075,0.9690763961708683,-0.07026116849066077,0.8888888888888888,0.8888888888888888,0.0
google_robot_open_drawer__seed093__step056,open_drawer,93,exploration,11,0.059727844667521464,-0.11413076477850462,0.8943754919788699,0.9137176070875478,-0.019342115108677893,0.8888888888888888,0.8888888888888888,0.0
google_robot_open_drawer__seed093__step056,open_drawer,93,exploration,12,0.1515913596942751,-0.022267249751750984,0.9856041922122133,0.9392714666238376,0.046332725588375645,0.9245283018867925,0.8888888888888888,0.03563941299790363
google_robot_open_drawer__seed093__step056,open_drawer,93,exploration,13,0.17214429432463732,-0.0017143151213887542,1.0000000000000002,0.9462096453629086,0.053790354637091586,1.0,0.9245283018867925,0.07547169811320753
google_robot_open_drawer__seed093__step056,open_drawer,93,exploration,14,0.07212782285801302,-0.10173078658801306,1.0,0.9518718970723216,0.04812810292767844,1.0,0.9245283018867925,0.07547169811320753
google_robot_open_drawer__seed093__step056,open_drawer,93,exploration,15,0.11691504739582607,-0.0569435620502,0.9048360026051817,0.921595374349744,-0.016759371744562324,0.9245283018867925,0.9615384615384616,-0.037010159651669094
google_robot_open_drawer__seed093__step056,open_drawer,93,exploration,16,0.09827666571463904,-0.07558194373138703,0.9500257242233733,0.88340117290122,0.06662455132215328,0.8888888888888888,0.7894736842105263,0.09941520467836251
google_robot_open_drawer__seed093__step056,open_drawer,93,exploration,17,0.047381232751538695,-0.1264773766944874,0.9346191354782974,0.9008770158059525,0.03374211967234497,0.8888888888888888,0.8888888888888888,0.0
google_robot_open_drawer__seed093__step056,open_drawer,93,exploration,18,0.09108371596660475,-0.08277489347942132,0.9016090439095747,0.9840634011020403,-0.08245435719246552,0.8214285714285714,0.9245283018867925,-0.10309973045822107
google_robot_open_drawer__seed093__step056,open_drawer,93,exploration,19,0.1892360991846991,0.015377489738673034,0.9587639748553611,0.7639351084002243,0.19482886645513686,0.9245283018867925,0.8888888888888888,0.03563941299790363
google_robot_open_drawer__seed093__step056,open_drawer,93,exploration,20,0.02970099312058382,-0.14415761632544224,0.9707520836845887,0.9718716310671051,-0.001119547382516406,0.9245283018867925,0.9245283018867925,0.0
google_robot_open_drawer__seed093__step056,open_drawer,93,exploration,21,0.002959041996803339,-0.17089956744922274,1.0,0.9961135058982906,0.0038864941017093813,1.0,0.9615384615384616,0.038461538461538436
google_robot_open_drawer__seed093__step056,open_drawer,93,exploration,22,0.06622751963250957,-0.1076310898135165,0.9649833899621222,0.9930805349454914,-0.028097144983369238,0.9245283018867925,0.9245283018867925,0.0
google_robot_open_drawer__seed093__step056,open_drawer,93,exploration,23,0.02162116341165911,-0.15223744603436695,0.9545923624916332,0.9380677983256823,0.016524564165950828,0.8545454545454545,0.9245283018867925,-0.06998284734133797
google_robot_open_drawer__seed093__step056,open_drawer,93,exploration,24,0.03701645321347841,-0.13684215623254767,0.908417373229769,0.9246104886885836,-0.016193115458814633,0.8888888888888888,0.8888888888888888,0.0
google_robot_open_drawer__seed093__step056,open_drawer,93,exploration,25,0.018360059765598725,-0.15549854968042734,1.0,0.9889788224395396,0.011021177560460393,1.0,0.9245283018867925,0.07547169811320753
google_robot_open_drawer__seed093__step056,open_drawer,93,exploration,26,0.06032447236622248,-0.11353413707980359,0.9506804919156017,0.9806061118377238,-0.02992561992212217,0.9245283018867925,0.9615384615384616,-0.037010159651669094
google_robot_open_drawer__seed093__step056,open_drawer,93,exploration,27,0.03353283834641384,-0.14032577109961225,0.9950968484714947,0.9950968484714947,0.0,0.9615384615384616,0.9615384615384616,0.0
google_robot_open_drawer__seed093__step056,open_drawer,93,exploration,28,0.02778216416714156,-0.14607644527888453,0.9674331111807669,0.99202547812088,-0.02459236694011313,0.9615384615384616,0.9615384615384616,0.0
google_robot_open_drawer__seed093__step056,open_drawer,93,exploration,29,-0.02702156790816083,-0.2008801773541869,0.9992692894941323,0.9992692894941323,0.0,0.9615384615384616,0.9615384615384616,0.0
google_robot_open_drawer__seed093__step056,open_drawer,93,exploration,30,0.029104357284447935,-0.14475425216157814,0.9990132440580214,0.987106357594885,0.011906886463136424,0.9615384615384616,0.9615384615384616,0.0
google_robot_open_drawer__seed093__step056,open_drawer,93,exploration,31,0.0735863746376797,-0.10027223480834638,0.9830449024886935,0.9885988333491659,-0.0055539308604724,0.9615384615384616,0.9615384615384616,0.0
google_robot_open_drawer__seed093__step101,open_drawer,93,exploration,0,0.25884076620506885,0.08355892896665024,1.0,1.0,0.0,1.0,1.0,0.0
google_robot_open_drawer__seed093__step101,open_drawer,93,exploration,1,0.20094511920437685,0.02566328196595824,1.0000000000000002,1.0000000000000002,0.0,1.0,1.0,0.0
google_robot_open_drawer__seed093__step101,open_drawer,93,exploration,2,0.2399468098854621,0.06466497264704349,1.0,1.0,0.0,1.0,1.0,0.0
google_robot_open_drawer__seed093__step101,open_drawer,93,exploration,3,0.3734672098479392,0.19818537260952057,1.0,1.0,0.0,1.0,1.0,0.0
google_robot_open_drawer__seed093__step101,open_drawer,93,exploration,4,0.3521995061861807,0.17691766894776206,1.0,1.0,0.0,1.0,1.0,0.0
google_robot_open_drawer__seed093__step101,open_drawer,93,exploration,5,0.3858075745965978,0.2105257373581792,1.0,0.7670795886023924,0.23292041139760755,1.0,0.8181818181818182,0.18181818181818177
google_robot_open_drawer__seed093__step101,open_drawer,93,exploration,6,0.40372749869419033,0.22844566145577172,0.8851523831966445,1.0,-0.11484761680335553,0.8181818181818182,1.0,-0.18181818181818177
google_robot_open_drawer__seed093__step101,open_drawer,93,exploration,7,0.3781035215599145,0.2028216843214959,0.9522374255983622,0.9289044396199159,0.023332985978446352,0.8181818181818182,0.8181818181818182,0.0
google_robot_open_drawer__seed093__step101,open_drawer,93,exploration,8,0.37180544767784024,0.19652361043942163,0.9906646094399961,0.9399737981753754,0.050690811264620717,0.8181818181818182,0.6666666666666666,0.1515151515151516
google_robot_open_drawer__seed093__step101,open_drawer,93,exploration,9,0.3867192706265771,0.2114374333881585,0.8792742853107933,1.0,-0.12072571468920668,0.9047619047619048,1.0,-0.09523809523809523
google_robot_open_drawer__seed093__step101,open_drawer,93,exploration,10,0.4283877681685954,0.2531059309301768,0.9326559756735929,0.9177300798284511,0.014925895845141812,0.8181818181818182,0.6666666666666666,0.1515151515151516
google_robot_open_drawer__seed093__step101,open_drawer,93,exploration,11,0.4308878210857768,0.25560598384735816,1.0,0.9142791167260392,0.08572088327396077,1.0,0.6,0.4
google_robot_open_drawer__seed093__step101,open_drawer,93,exploration,12,0.4210938778798364,0.24581204064141776,0.766484930051842,0.8699254665927499,-0.1034405365409079,0.8181818181818182,0.7391304347826086,0.07905138339920958
google_robot_open_drawer__seed093__step101,open_drawer,93,exploration,13,0.39819682881410795,0.22291499157568934,0.8187117208760603,1.0,-0.18128827912393974,0.8181818181818182,1.0,-0.18181818181818177
google_robot_open_drawer__seed093__step101,open_drawer,93,exploration,14,0.3582647314168657,0.1829828941784471,0.9815975675469807,0.8586132769267095,0.12298429062027116,0.9047619047619048,0.8181818181818182,0.08658008658008653
google_robot_open_drawer__seed093__step101,open_drawer,93,exploration,15,0.4049056232902524,0.2296237860518338,0.9999999999999999,0.8100539933675366,0.1899460066324633,1.0,0.9047619047619048,0.09523809523809523
google_robot_open_drawer__seed093__step101,open_drawer,93,exploration,16,0.3759467616388446,0.200664924400426,0.9348438434797193,0.9911257934731424,-0.056281949993423175,0.8181818181818182,0.9047619047619048,-0.08658008658008653
google_robot_open_drawer__seed093__step101,open_drawer,93,exploration,17,0.3484325451055839,0.1731507078671653,0.8300520770075627,1.0,-0.16994792299243733,0.9047619047619048,1.0,-0.09523809523809523
google_robot_open_drawer__seed093__step101,open_drawer,93,exploration,18,0.3774679965792056,0.202186159340787,0.8101746827206222,0.8788134032447229,-0.0686387205241007,0.8181818181818182,0.8181818181818182,0.0
google_robot_open_drawer__seed093__step101,open_drawer,93,exploration,19,0.3373253674144799,0.16204353017606127,0.9481814009220598,0.6790393248177639,0.26914207610429597,0.9047619047619048,0.9047619047619048,0.0
google_robot_open_drawer__seed093__step101,open_drawer,93,exploration,20,0.424298788357411,0.2490169511189924,0.7823046229251664,0.986109327442431,-0.2038047045172645,0.9047619047619048,0.9047619047619048,0.0
google_robot_open_drawer__seed093__step101,open_drawer,93,exploration,21,0.3815202365341818,0.2062383992957632,0.9583436258585456,0.9527209121093367,0.005622713749208863,0.9047619047619048,0.8181818181818182,0.08658008658008653
google_robot_open_drawer__seed093__step101,open_drawer,93,exploration,22,0.35074491822792947,0.17546308098951086,0.6487830251701382,0.6842102043670651,-0.03542717919692695,0.8181818181818182,0.8181818181818182,0.0
google_robot_open_drawer__seed093__step101,open_drawer,93,exploration,23,0.367244701864378,0.1919628646259594,0.9485290361084108,1.0000000000000002,-0.05147096389158945,0.9047619047619048,1.0,-0.09523809523809523
google_robot_open_drawer__seed093__step101,open_drawer,93,exploration,24,0.38477215099442424,0.20949031375600563,0.6629306023391313,0.7429847548968335,-0.08005415255770221,0.7391304347826086,0.8181818181818182,-0.07905138339920958
google_robot_open_drawer__seed093__step101,open_drawer,93,exploration,25,0.45411578360083543,0.2788339463624168,0.685764176222912,0.9950099249875466,-0.3092457487646346,0.8181818181818182,0.9047619047619048,-0.08658008658008653
google_robot_open_drawer__seed093__step101,open_drawer,93,exploration,26,0.37060350916498747,0.19532167192656885,0.6855390644612006,0.6815088416610541,0.004030222800146532,0.8181818181818182,0.8181818181818182,0.0
google_robot_open_drawer__seed093__step101,open_drawer,93,exploration,27,0.40008746956060204,0.22480563232218342,0.9685639042940867,0.9685639042940867,0.0,0.9047619047619048,0.9047619047619048,0.0
google_robot_open_drawer__seed093__step101,open_drawer,93,exploration,28,0.40008746956060204,0.22480563232218342,0.9528385608129856,0.9528385608129856,0.0,0.9047619047619048,0.9047619047619048,0.0
google_robot_open_drawer__seed093__step101,open_drawer,93,exploration,29,0.3883998644653503,0.21311802722693168,0.6258042861389773,0.7429190333240219,-0.11711474718504455,0.9047619047619048,0.8181818181818182,0.08658008658008653
google_robot_open_drawer__seed093__step101,open_drawer,93,exploration,30,0.46117551941813667,0.28589368217971806,0.9999999999999999,0.9406524728304344,0.059347527169565484,1.0,0.9047619047619048,0.09523809523809523
google_robot_open_drawer__seed093__step101,open_drawer,93,exploration,31,0.45527317272481643,0.2799913354863978,1.0,1.0,0.0,1.0,1.0,0.0
google_robot_open_drawer__seed095__step011,open_drawer,95,exploration,0,0.4974770995778002,0.2990854042273302,1.0,1.0,0.0,1.0,1.0,0.0
google_robot_open_drawer__seed095__step011,open_drawer,95,exploration,1,0.46390424912906864,0.2655125537785986,0.9943095254780782,0.9800214160889705,0.014288109389107628,0.9583333333333334,0.9583333333333334,0.0
google_robot_open_drawer__seed095__step011,open_drawer,95,exploration,2,0.43489231729650174,0.23650062194603175,1.0,1.0,0.0,1.0,1.0,0.0
google_robot_open_drawer__seed095__step011,open_drawer,95,exploration,3,0.33679562922702705,0.13840393387655706,0.9185801135257231,1.0,-0.08141988647427689,0.9183673469387755,1.0,-0.08163265306122447
google_robot_open_drawer__seed095__step011,open_drawer,95,exploration,4,0.3714128354956891,0.1730211401452191,0.995927665047501,0.957106200457364,0.03882146459013691,0.9583333333333334,0.9583333333333334,0.0
google_robot_open_drawer__seed095__step011,open_drawer,95,exploration,5,0.40693714755337335,0.20854545220290335,0.9833862749713376,0.7786611890236624,0.20472508594767513,0.9183673469387755,0.7090909090909091,0.20927643784786643
google_robot_open_drawer__seed095__step011,open_drawer,95,exploration,6,0.409096588123323,0.210704892772853,0.9888451422397941,0.9863075754965288,0.0025375667432653293,0.9183673469387755,0.88,0.038367346938775526
google_robot_open_drawer__seed095__step011,open_drawer,95,exploration,7,0.4350320932283506,0.23664039787788063,0.9110124991162835,0.7440277777139871,0.16698472140229637,0.9183673469387755,0.7407407407407407,0.17762660619803483
google_robot_open_drawer__seed095__step011,open_drawer,95,exploration,8,0.4235636897092457,0.2251719943587757,0.8598500500210094,0.7760201656432347,0.08382988437777472,0.9183673469387755,0.6785714285714286,0.23979591836734693
google_robot_open_drawer__seed095__step011,open_drawer,95,exploration,9,0.44435464068781516,0.24596294533734517,0.82581151190977,0.8835134678785321,-0.05770195596876215,0.8431372549019608,0.6491228070175439,0.1940144478844169
google_robot_open_drawer__seed095__step011,open_drawer,95,exploration,10,0.5595556807629473,0.3611639854124773,0.8909878290209788,0.7925165398152182,0.09847128920576065,0.88,0.6206896551724138,0.2593103448275862
google_robot_open_drawer__seed095__step011,open_drawer,95,exploration,11,0.5099985271013027,0.3116068317508327,1.0,0.8272588339555237,0.1727411660444763,1.0,0.5161290322580645,0.4838709677419355
google_robot_open_drawer__seed095__step011,open_drawer,95,exploration,12,0.43769127844237743,0.23929958309190744,0.8751425436542674,0.709569234068321,0.1655733095859464,0.9183673469387755,0.6785714285714286,0.23979591836734693
google_robot_open_drawer__seed095__step011,open_drawer,95,exploration,13,0.5311207564135463,0.3327290610630763,0.9389402507413075,0.805959693409059,0.13298055733224845,0.9183673469387755,0.6785714285714286,0.23979591836734693
google_robot_open_drawer__seed095__step011,open_drawer,95,exploration,14,0.3154363038614016,0.1170446085109316,0.8457439835908557,0.8655721675093937,-0.019828183918538023,0.9183673469387755,0.6491228070175439,0.26924453992123165
google_robot_open_drawer__seed095__step011,open_drawer,95,exploration,15,0.546885715170325,0.34849401981985506,0.9790235719072098,0.8785878931836711,0.10043567872353865,0.9583333333333334,0.7090909090909091,0.24924242424242427
google_robot_open_drawer__seed095__step011,open_drawer,95,exploration,16,0.2531547137133184,0.05476301836284839,0.9097012107810594,0.8793153190613512,0.03038589171970818,0.9183673469387755,0.6491228070175439,0.26924453992123165
google_robot_open_drawer__seed095__step011,open_drawer,95,exploration,17,0.31530794203917806,0.11691624668870806,1.0,0.8934774665220825,0.10652253347791751,1.0,0.8076923076923077,0.1923076923076923
google_robot_open_drawer__seed095__step011,open_drawer,95,exploration,18,0.4499719621261453,0.25158026677567535,0.9879653290547111,0.963531889281636,0.024433439773075105,0.9183673469387755,0.8076923076923077,0.11067503924646782
google_robot_open_drawer__seed095__step011,open_drawer,95,exploration,19,0.43153732415704643,0.23314562880657644,0.9976950515025972,0.9658645936698296,0.03183045783276761,0.9583333333333334,0.8431372549019608,0.11519607843137258
google_robot_open_drawer__seed095__step011,open_drawer,95,exploration,20,0.36376930415769443,0.16537760880722444,0.9919433192145668,0.8592155953218823,0.1327277238926845,0.9183673469387755,0.8431372549019608,0.07523009203681474
google_robot_open_drawer__seed095__step011,open_drawer,95,exploration,21,0.4067019608677285,0.20831026551725848,0.9900207217375777,0.8386415300818895,0.15137919165568825,0.9583333333333334,0.7407407407407407,0.21759259259259267
google_robot_open_drawer__seed095__step011,open_drawer,95,exploration,22,0.36821730063072433,0.16982560528025434,0.9954459349381518,0.9154531990179109,0.07999273592024092,0.9183673469387755,0.8431372549019608,0.07523009203681474
google_robot_open_drawer__seed095__step011,open_drawer,95,exploration,23,0.4181450152953132,0.21975331994484323,0.9696764857019179,0.8847588707317575,0.08491761497016037,0.9583333333333334,0.8431372549019608,0.11519607843137258
google_robot_open_drawer__seed095__step011,open_drawer,95,exploration,24,0.40911339344369096,0.21072169809322097,0.9870919627339628,0.9093141269427583,0.07777783579120456,0.9583333333333334,0.8431372549019608,0.11519607843137258
google_robot_open_drawer__seed095__step011,open_drawer,95,exploration,25,0.4104252527267222,0.2120335573762522,0.9974950142689275,0.9791989609293085,0.018296053339619034,0.9583333333333334,0.9183673469387755,0.03996598639455784
google_robot_open_drawer__seed095__step011,open_drawer,95,exploration,26,0.2193018788715767,0.020910183521106712,0.8124161893842142,0.6555967729853031,0.15681941639891117,0.9583333333333334,0.8431372549019608,0.11519607843137258
google_robot_open_drawer__seed095__step011,open_drawer,95,exploration,27,0.41491410912559284,0.21652241377512285,1.0,0.9188576928370158,0.0811423071629842,1.0,0.88,0.12
google_robot_open_drawer__seed095__step011,open_drawer,95,exploration,28,0.4120277401490163,0.21363604479854628,1.0,0.930178735598064,0.06982126440193603,1.0,0.8431372549019608,0.1568627450980392
google_robot_open_drawer__seed095__step011,open_drawer,95,exploration,29,0.4020136804275616,0.2036219850770916,1.0,0.9083660692335366,0.09163393076646342,1.0,0.88,0.12
google_robot_open_drawer__seed095__step011,open_drawer,95,exploration,30,0.3102343738056299,0.11184267845515991,0.9772229890616301,0.9825796182812355,-0.005356629219605447,0.9183673469387755,0.9183673469387755,0.0
google_robot_open_drawer__seed095__step011,open_drawer,95,exploration,31,0.3637403427831249,0.1653486474326549,0.9973784905812128,0.8361143406765268,0.16126414990468596,0.9583333333333334,0.88,0.07833333333333337
google_robot_open_drawer__seed095__step056,open_drawer,95,exploration,0,-0.03009394867577653,-0.2924239412074472,0.99754938091768,1.0,-0.002450619082320027,0.9583333333333334,1.0,-0.04166666666666663
google_robot_open_drawer__seed095__step056,open_drawer,95,exploration,1,-0.03314755746589018,-0.2954775499975608,0.9994843623394646,1.0,-0.0005156376605354174,0.9583333333333334,1.0,-0.04166666666666663
google_robot_open_drawer__seed095__step056,open_drawer,95,exploration,2,0.119450179074944,-0.14287981345672668,0.9993848977439206,1.0,-0.0006151022560794139,0.9583333333333334,1.0,-0.04166666666666663
google_robot_open_drawer__seed095__step056,open_drawer,95,exploration,3,0.04447777492636975,-0.2178522176053009,0.9961636008092337,0.9950261309577515,0.0011374698514822201,0.9583333333333334,0.9583333333333334,0.0
google_robot_open_drawer__seed095__step056,open_drawer,95,exploration,4,0.08299054796120868,-0.17933944457046197,0.9996530962480569,0.9986261719705475,0.001026924277509389,0.9583333333333334,0.9183673469387755,0.03996598639455784
google_robot_open_drawer__seed095__step056,open_drawer,95,exploration,5,0.020987121583199476,-0.24134287094847118,1.0,0.9984376368344513,0.001562363165548697,1.0,0.9583333333333334,0.04166666666666663
google_robot_open_drawer__seed095__step056,open_drawer,95,exploration,6,-0.08982550282473505,-0.3521554953564057,0.9447079716262095,0.9062147854293104,0.03849318619689901,0.9583333333333334,0.88,0.07833333333333337
google_robot_open_drawer__seed095__step056,open_drawer,95,exploration,7,0.05395031353114946,-0.2083796790005212,0.9974834861681329,0.8899030478738634,0.10758043829426944,0.9583333333333334,0.9183673469387755,0.03996598639455784
google_robot_open_drawer__seed095__step056,open_drawer,95,exploration,8,0.3392299501259212,0.07689995759425056,0.9943395750775589,0.9348028243565238,0.05953675072103504,0.88,0.8431372549019608,0.03686274509803922
google_robot_open_drawer__seed095__step056,open_drawer,95,exploration,9,0.5135114947539385,0.25118150222226787,0.8919095571026383,0.9014341941650161,-0.009524637062377828,0.88,0.9183673469387755,-0.038367346938775526
google_robot_open_drawer__seed095__step056,open_drawer,95,exploration,10,0.3186838352136751,0.05635384268200444,0.8135700738241427,0.7857046384195452,0.027865435404597516,0.88,0.8431372549019608,0.03686274509803922
google_robot_open_drawer__seed095__step056,open_drawer,95,exploration,11,0.4339021553082083,0.17157216277653764,0.9333507645621061,0.9619893066363362,-0.02863854207423011,0.8431372549019608,0.7735849056603774,0.06955234924158338
google_robot_open_drawer__seed095__step056,open_drawer,95,exploration,12,0.4118324213737581,0.14950242884208742,0.9921472304962234,0.9605678183599328,0.031579412136290674,0.88,0.8431372549019608,0.03686274509803922
google_robot_open_drawer__seed095__step056,open_drawer,95,exploration,13,0.30409947840278395,0.04176948587111329,0.9631927797186332,0.9607257719734265,0.002467007745206695,0.9183673469387755,0.8431372549019608,0.07523009203681474
google_robot_open_drawer__seed095__step056,open_drawer,95,exploration,14,0.4717097069078504,0.20937971437617975,0.9589519910918609,0.9498660952930699,0.009085895798791044,0.9183673469387755,0.9183673469387755,0.0
google_robot_open_drawer__seed095__step056,open_drawer,95,exploration,15,0.37327305947843037,0.1109430669467597,0.9899461133110982,0.9990888567899843,-0.009142743478886106,0.9183673469387755,0.9583333333333334,-0.03996598639455784
google_robot_open_drawer__seed095__step056,open_drawer,95,exploration,16,0.536323926533594,0.2739939340019233,0.9983787506811379,0.9803661424432272,0.018012608237910732,0.9583333333333334,0.8431372549019608,0.11519607843137258
google_robot_open_drawer__seed095__step056,open_drawer,95,exploration,17,0.5567225760864408,0.29439258355477016,0.9918953060888599,0.9963019603864732,-0.004406654297613333,0.88,0.9183673469387755,-0.038367346938775526
google_robot_open_drawer__seed095__step056,open_drawer,95,exploration,18,0.5486723151993608,0.2863423226676901,1.0,0.9855664611260124,0.014433538873987573,1.0,0.9583333333333334,0.04166666666666663
google_robot_open_drawer__seed095__step056,open_drawer,95,exploration,19,0.505145986772678,0.2428159942410073,0.973349836350725,0.9716003691212672,0.0017494672294577907,0.88,0.9183673469387755,-0.038367346938775526
google_robot_open_drawer__seed095__step056,open_drawer,95,exploration,20,0.5080354324376167,0.24570543990594607,0.9592042580196632,0.8804411710211996,0.07876308699846368,0.9183673469387755,0.88,0.038367346938775526
google_robot_open_drawer__seed095__step056,open_drawer,95,exploration,21,0.5108389892511433,0.24850899671947269,0.9928446401506815,0.9925952169138914,0.0002494232367901139,0.9583333333333334,0.9583333333333334,0.0
google_robot_open_drawer__seed095__step056,open_drawer,95,exploration,22,0.48324092738767943,0.22091093485600877,1.0,0.9982090902992428,0.0017909097007572372,1.0,0.9583333333333334,0.04166666666666663
google_robot_open_drawer__seed095__step056,open_drawer,95,exploration,23,0.4636928817129693,0.20136288918129863,0.806658630494523,1.0,-0.19334136950547698,0.9183673469387755,1.0,-0.08163265306122447
google_robot_open_drawer__seed095__step056,open_drawer,95,exploration,24,0.47910632450082624,0.21677633196915558,0.9990405285220593,0.9990405285220593,0.0,0.9583333333333334,0.9583333333333334,0.0
google_robot_open_drawer__seed095__step056,open_drawer,95,exploration,25,0.5076930782173629,0.2453630856856922,0.9952934134282295,0.9972822801737903,-0.001988866745560758,0.9583333333333334,0.9583333333333334,0.0
google_robot_open_drawer__seed095__step056,open_drawer,95,exploration,26,0.3348410791300971,0.07251108659842642,0.9850529612606088,0.9988130583419418,-0.013760097081332967,0.88,0.9583333333333334,-0.07833333333333337
google_robot_open_drawer__seed095__step056,open_drawer,95,exploration,27,0.3343779197039028,0.07204792717223213,0.9976205231170167,0.9973835736996673,0.00023694941734930808,0.9583333333333334,0.9583333333333334,0.0
google_robot_open_drawer__seed095__step056,open_drawer,95,exploration,28,0.26198864282716366,-0.0003413497045069991,0.9913337881091872,0.9936465157551188,-0.0023127276459316004,0.9583333333333334,0.9583333333333334,0.0
google_robot_open_drawer__seed095__step056,open_drawer,95,exploration,29,0.4924469609465458,0.2301169684148751,0.665191484767831,0.6984516495001044,-0.033260164732273445,0.9183673469387755,0.9183673469387755,0.0
google_robot_open_drawer__seed095__step056,open_drawer,95,exploration,30,0.26620482458946265,0.003874832057791988,0.9943808249633587,0.9986344598396407,-0.004253634876282053,0.88,0.9583333333333334,-0.07833333333333337
google_robot_open_drawer__seed095__step056,open_drawer,95,exploration,31,0.25659584936911645,-0.005734143162554217,0.974731768913288,0.9774433658129231,-0.0027115968996350714,0.9183673469387755,0.9183673469387755,0.0
google_robot_open_drawer__seed095__step101,open_drawer,95,exploration,0,0.3425158815866452,0.2627529217769118,1.0,1.0,0.0,1.0,1.0,0.0
google_robot_open_drawer__seed095__step101,open_drawer,95,exploration,1,0.3489216434197615,0.2691586836100281,0.9992426784765821,1.0,-0.0007573215234178976,0.9591836734693877,1.0,-0.04081632653061229
google_robot_open_drawer__seed095__step101,open_drawer,95,exploration,2,0.28329944007785385,0.20353648026812043,0.9953059730349918,0.9963120725266109,-0.0010060994916191168,0.9591836734693877,0.9591836734693877,0.0
google_robot_open_drawer__seed095__step101,open_drawer,95,exploration,3,0.3187081866418029,0.23894522683206948,0.9894811752796496,0.9894811752796496,0.0,0.9591836734693877,0.9591836734693877,0.0
google_robot_open_drawer__seed095__step101,open_drawer,95,exploration,4,0.25582685818014345,0.17606389837041003,0.9705070576041618,0.9506150116760557,0.019892045928106117,0.92,0.92,0.0
google_robot_open_drawer__seed095__step101,open_drawer,95,exploration,5,0.3200808760455353,0.2403179162358019,0.9986899909564477,0.9934623870336455,0.005227603922802193,0.9591836734693877,0.9591836734693877,0.0
google_robot_open_drawer__seed095__step101,open_drawer,95,exploration,6,0.3294404556117671,0.2496774958020337,0.9690387042039731,0.9647353315621162,0.004303372641856873,0.92,0.8823529411764706,0.03764705882352948
google_robot_open_drawer__seed095__step101,open_drawer,95,exploration,7,0.3548566536945676,0.2750936938848342,0.98458586834795,0.9811249695401059,0.0034608988078441705,0.92,0.92,0.0
google_robot_open_drawer__seed095__step101,open_drawer,95,exploration,8,0.37326075429460875,0.29349779448487534,0.9686912718009969,0.9000197653611878,0.06867150643980913,0.8823529411764706,0.7454545454545455,0.13689839572192508
google_robot_open_drawer__seed095__step101,open_drawer,95,exploration,9,0.35840569745026346,0.27864273764053005,0.9599600241788776,0.8115435758944396,0.148416448284438,0.8823529411764706,0.8461538461538461,0.03619909502262442
google_robot_open_drawer__seed095__step101,open_drawer,95,exploration,10,0.28201099545344976,0.20224803564371635,0.8912894438107366,0.966540376970421,-0.07525093315968434,0.8461538461538461,0.8461538461538461,0.0
google_robot_open_drawer__seed095__step101,open_drawer,95,exploration,11,0.3130693207677612,0.23330636095802781,0.9933772253515274,0.9239390596440874,0.06943816570743999,0.92,0.7454545454545455,0.17454545454545456
google_robot_open_drawer__seed095__step101,open_drawer,95,exploration,12,0.2635251139832206,0.18376215417348718,0.9923175402809726,0.9917949941841749,0.0005225460967976936,0.9591836734693877,0.92,0.03918367346938767
google_robot_open_drawer__seed095__step101,open_drawer,95,exploration,13,0.2657504791979197,0.1859875193881863,0.8845931914017164,0.9594767690733575,-0.07488357767164111,0.92,0.8823529411764706,0.03764705882352948
google_robot_open_drawer__seed095__step101,open_drawer,95,exploration,14,0.3274274724978506,0.24766451268811718,0.9527760313266936,0.897530169653637,0.05524586167305667,0.9591836734693877,0.8461538461538461,0.11302982731554156
google_robot_open_drawer__seed095__step101,open_drawer,95,exploration,15,0.34842896362420867,0.26866600381447525,0.9729407169963832,0.960310322571695,0.012630394424688163,0.9591836734693877,0.92,0.03918367346938767
google_robot_open_drawer__seed095__step101,open_drawer,95,exploration,16,0.31915561818719024,0.23939265837745682,0.819438298453449,0.7886586175924778,0.03077968086097116,0.8823529411764706,0.8113207547169812,0.07103218645948939
google_robot_open_drawer__seed095__step101,open_drawer,95,exploration,17,0.3619348304278262,0.2821718706180928,0.9951938152662767,0.9630215603120286,0.032172254954248136,0.9591836734693877,0.9591836734693877,0.0
google_robot_open_drawer__seed095__step101,open_drawer,95,exploration,18,0.34896493808716395,0.26920197827743053,0.9988926290986943,0.9363063316186837,0.06258629748001054,0.9591836734693877,0.92,0.03918367346938767
google_robot_open_drawer__seed095__step101,open_drawer,95,exploration,19,0.28555949734769,0.20579653753795657,0.9918917089772185,0.8106786982224633,0.18121301075475515,0.9591836734693877,0.92,0.03918367346938767
google_robot_open_drawer__seed095__step101,open_drawer,95,exploration,20,0.3696612627240317,0.2898983029142983,0.9337034055421559,0.9652311726878087,-0.03152776714565275,0.8823529411764706,0.92,-0.03764705882352948
google_robot_open_drawer__seed095__step101,open_drawer,95,exploration,21,0.391871785762327,0.3121088259525936,0.9633116235141932,0.988888345886314,-0.02557672237212083,0.8823529411764706,0.9591836734693877,-0.07683073229291715
google_robot_open_drawer__seed095__step101,open_drawer,95,exploration,22,0.3771449843072176,0.2973820244974842,0.7432872344766124,0.8726092394335517,-0.12932200495693935,0.92,0.92,0.0
google_robot_open_drawer__seed095__step101,open_drawer,95,exploration,23,0.3688960219102517,0.2891330621005183,1.0,1.0,0.0,1.0,1.0,0.0
google_robot_open_drawer__seed095__step101,open_drawer,95,exploration,24,0.34972017880748446,0.26995721899775105,0.7507083405256473,0.995057801841125,-0.24434946131547775,0.9591836734693877,0.9591836734693877,0.0
google_robot_open_drawer__seed095__step101,open_drawer,95,exploration,25,0.36581684863051217,0.28605388882077876,0.9840351189029622,0.9840351189029622,0.0,0.9591836734693877,0.9591836734693877,0.0
google_robot_open_drawer__seed095__step101,open_drawer,95,exploration,26,0.3284723296923239,0.24870936988259051,0.7306149113371955,0.994081941159762,-0.26346702982256653,0.8823529411764706,0.9591836734693877,-0.07683073229291715
google_robot_open_drawer__seed095__step101,open_drawer,95,exploration,27,0.3929282796406565,0.3131653198309231,0.8254904596396532,0.8261527891839432,-0.000662329544290019,0.9591836734693877,0.9591836734693877,0.0
google_robot_open_drawer__seed095__step101,open_drawer,95,exploration,28,0.39104420090118436,0.31128124109145094,0.8963027297716416,0.9961362643859578,-0.09983353461431621,0.92,0.92,0.0
google_robot_open_drawer__seed095__step101,open_drawer,95,exploration,29,0.4006210009830547,0.3208580411733213,0.9955926166696324,0.9992390136765432,-0.0036463970069108287,0.92,0.9591836734693877,-0.03918367346938767
google_robot_open_drawer__seed095__step101,open_drawer,95,exploration,30,0.38786972515285295,0.30810676534311954,0.83999860306526,0.9827160395950627,-0.14271743652980273,0.9591836734693877,0.9591836734693877,0.0
google_robot_open_drawer__seed095__step101,open_drawer,95,exploration,31,0.4189783441481682,0.3392153843384348,0.9472036522686689,0.9554943129087854,-0.00829066064011652,0.92,0.9591836734693877,-0.03918367346938767
google_robot_open_drawer__seed097__step011,open_drawer,97,exploration,0,0.333148540886625,0.037115260042205334,1.0,1.0,0.0,1.0,1.0,0.0
google_robot_open_drawer__seed097__step011,open_drawer,97,exploration,1,0.3820008969300695,0.08596761608564985,0.9995534302280625,0.99934480934346,0.00020862088460249506,0.9622641509433962,0.9622641509433962,0.0
google_robot_open_drawer__seed097__step011,open_drawer,97,exploration,2,0.43032170133128805,0.1342884204868684,0.9991938822351406,0.9569722331374284,0.0422216490977122,0.9622641509433962,0.9259259259259259,0.036338225017470305
google_robot_open_drawer__seed097__step011,open_drawer,97,exploration,3,0.4196640242263951,0.12363074338197544,1.0,0.903251361076109,0.09674863892389096,1.0,0.9622641509433962,0.037735849056603765
google_robot_open_drawer__seed097__step011,open_drawer,97,exploration,4,0.4010996279636517,0.10506634711923202,1.0,0.9955160181640516,0.004483981835948447,1.0,0.9622641509433962,0.037735849056603765
google_robot_open_drawer__seed097__step011,open_drawer,97,exploration,5,0.4457261483729617,0.14969286752854205,0.9200398772367125,0.743776931957077,0.1762629452796356,0.8571428571428571,0.7333333333333333,0.12380952380952381
google_robot_open_drawer__seed097__step011,open_drawer,97,exploration,6,0.400338165162444,0.10430488431802437,0.9960933498632029,0.9897061749193677,0.006387174943835117,0.8909090909090909,0.8909090909090909,0.0
google_robot_open_drawer__seed097__step011,open_drawer,97,exploration,7,0.4505961261528642,0.15456284530844455,0.9742060442856032,0.6771400614649711,0.2970659828206321,0.9622641509433962,0.7627118644067796,0.1995522865366166
google_robot_open_drawer__seed097__step011,open_drawer,97,exploration,8,0.375091480338333,0.07905819949391335,0.8006999613541089,0.7863953576743111,0.0143046036797978,0.9259259259259259,0.7627118644067796,0.1632140615191463
google_robot_open_drawer__seed097__step011,open_drawer,97,exploration,9,0.37739021523464067,0.08135693439022101,0.879917754759633,0.7348355105749523,0.14508224418468063,0.8571428571428571,0.7627118644067796,0.09443099273607747
google_robot_open_drawer__seed097__step011,open_drawer,97,exploration,10,0.34894189221167093,0.05290861136725128,0.8927655830027058,0.8165915630570114,0.0761740199456944,0.8909090909090909,0.6507936507936508,0.24011544011544006
google_robot_open_drawer__seed097__step011,open_drawer,97,exploration,11,0.3635824121762399,0.06754913133182022,0.909224890551962,0.8470332179081551,0.06219167264380687,0.9622641509433962,0.6,0.36226415094339626
google_robot_open_drawer__seed097__step011,open_drawer,97,exploration,12,0.35071148948828273,0.05467820864386308,0.9942756031328438,0.8025955160387171,0.19168008709412665,0.9622641509433962,0.6507936507936508,0.3114705001497454
google_robot_open_drawer__seed097__step011,open_drawer,97,exploration,13,0.2736059292021356,-0.022427351642284044,0.9906360793224,0.9207779219697584,0.06985815735264167,0.9622641509433962,0.7049180327868853,0.257346118156511
google_robot_open_drawer__seed097__step011,open_drawer,97,exploration,14,0.3456350750369949,0.049601794192575266,0.7524226583375282,0.753678038703455,-0.0012553803659267615,0.8571428571428571,0.7627118644067796,0.09443099273607747
google_robot_open_drawer__seed097__step011,open_drawer,97,exploration,15,0.36232326472727366,0.06628998388285401,0.9959177995397827,0.8019789873770963,0.19393881216268638,0.9622641509433962,0.7049180327868853,0.257346118156511
google_robot_open_drawer__seed097__step011,open_drawer,97,exploration,16,0.3863434130370829,0.09031013219266326,1.0,0.7796825601411302,0.22031743985886976,1.0,0.6,0.4
google_robot_open_drawer__seed097__step011,open_drawer,97,exploration,17,0.3739179067527208,0.07788462590830114,0.7968111561128969,0.8197913881913133,-0.022980232078416374,0.9259259259259259,0.7931034482758621,0.13282247765006383
google_robot_open_drawer__seed097__step011,open_drawer,97,exploration,18,0.3953619119101887,0.09932863106576906,0.8384042945243494,0.8301224628841467,0.008281831640202686,0.8909090909090909,0.8245614035087719,0.06634768740031893
google_robot_open_drawer__seed097__step011,open_drawer,97,exploration,19,0.3942923912359395,0.09825911039151985,0.9999999999999999,0.9914691585431079,0.00853084145689198,1.0,0.9259259259259259,0.07407407407407407
google_robot_open_drawer__seed097__step011,open_drawer,97,exploration,20,0.41751267529912167,0.12147939445470202,0.9952773637722077,0.9816186904517711,0.013658673320436576,0.9259259259259259,0.8245614035087719,0.10136452241715399
google_robot_open_drawer__seed097__step011,open_drawer,97,exploration,21,0.3832430680967847,0.08720978725236506,1.0,0.9783871216666179,0.021612878333382102,1.0,0.7627118644067796,0.23728813559322037
google_robot_open_drawer__seed097__step011,open_drawer,97,exploration,22,0.3915546759962063,0.09552139515178665,0.9034258673967717,0.9078093480141401,-0.004383480617368485,0.9622641509433962,0.8909090909090909,0.07135506003430536
google_robot_open_drawer__seed097__step011,open_drawer,97,exploration,23,0.3467227267534822,0.05068944590906255,0.992192222428935,0.992556171533925,-0.0003639491049899357,0.9259259259259259,0.9259259259259259,0.0
google_robot_open_drawer__seed097__step011,open_drawer,97,exploration,24,0.34614846974091945,0.050115188896499796,0.9980768936275926,0.9906065973833643,0.007470296244228236,0.9622641509433962,0.9259259259259259,0.036338225017470305
google_robot_open_drawer__seed097__step011,open_drawer,97,exploration,25,0.3641451478279767,0.06811186698355703,0.9968984812826759,0.9971204773932177,-0.00022199611054185553,0.9622641509433962,0.8909090909090909,0.07135506003430536
google_robot_open_drawer__seed097__step011,open_drawer,97,exploration,26,0.3592078906341136,0.06317460978969397,0.99848561621811,0.9946151506491963,0.0038704655689137946,0.9622641509433962,0.8909090909090909,0.07135506003430536
google_robot_open_drawer__seed097__step011,open_drawer,97,exploration,27,0.3480879896638595,0.052054708819439854,0.9992078827225525,0.9978039539147652,0.0014039288077872802,0.9622641509433962,0.9259259259259259,0.036338225017470305
google_robot_open_drawer__seed097__step011,open_drawer,97,exploration,28,0.30906803437143965,0.013034753527019993,0.9134523850777168,0.8933433146475908,0.020109070430125997,0.9622641509433962,0.8245614035087719,0.1377027474346243
google_robot_open_drawer__seed097__step011,open_drawer,97,exploration,29,0.35528216039314126,0.0592488795487216,0.9967564501472319,0.9910743377915407,0.00568211235569116,0.9259259259259259,0.8571428571428571,0.06878306878306883
google_robot_open_drawer__seed097__step011,open_drawer,97,exploration,30,0.32264330435038735,0.026610023505967695,0.9942570634897315,0.9158702240315418,0.0783868394581897,0.9622641509433962,0.8909090909090909,0.07135506003430536
google_robot_open_drawer__seed097__step011,open_drawer,97,exploration,31,0.24459555240627975,-0.0514377284381399,0.934125854742426,0.9929100318445615,-0.05878417710213546,0.9259259259259259,0.8909090909090909,0.03501683501683506
google_robot_open_drawer__seed097__step056,open_drawer,97,exploration,0,0.27157288270767826,0.5183461190765535,1.0,1.0,0.0,1.0,1.0,0.0
google_robot_open_drawer__seed097__step056,open_drawer,97,exploration,1,0.16795400064427435,0.4147272370131495,0.9936812323263227,1.0,-0.006318767673677339,0.9259259259259259,1.0,-0.07407407407407407
google_robot_open_drawer__seed097__step056,open_drawer,97,exploration,2,0.14762546280308333,0.39439869917195847,1.0,0.9966227476330171,0.0033772523669829413,1.0,0.8571428571428571,0.1428571428571429
google_robot_open_drawer__seed097__step056,open_drawer,97,exploration,3,0.16866742880146254,0.41544066517033773,0.8912979481202877,0.9132891491135063,-0.021991200993218607,0.8571428571428571,0.9259259259259259,-0.06878306878306883
google_robot_open_drawer__seed097__step056,open_drawer,97,exploration,4,0.10855951695275846,0.3553327533216336,1.0,0.9877803820356674,0.012219617964332574,1.0,0.9259259259259259,0.07407407407407407
google_robot_open_drawer__seed097__step056,open_drawer,97,exploration,5,0.11576522685294527,0.36253846322182043,0.9423882539739942,0.7444778833333588,0.19791037064063532,0.9259259259259259,0.8571428571428571,0.06878306878306883
google_robot_open_drawer__seed097__step056,open_drawer,97,exploration,6,0.25917640635525657,0.5059496427241317,0.9715990650339245,0.980042717208609,-0.008443652174684568,0.9259259259259259,0.7931034482758621,0.13282247765006383
google_robot_open_drawer__seed097__step056,open_drawer,97,exploration,7,0.38986787597906275,0.6366411123479379,0.9983363324276957,0.6112601154039511,0.3870762170237446,0.9259259259259259,0.625,0.30092592592592593
google_robot_open_drawer__seed097__step056,open_drawer,97,exploration,8,0.3849056952190912,0.6316789315879663,0.7936828623071955,0.7497880468155733,0.04389481549162222,0.9259259259259259,0.7931034482758621,0.13282247765006383
google_robot_open_drawer__seed097__step056,open_drawer,97,exploration,9,0.38097020959655703,0.6277434459654322,1.0,0.8204786104641255,0.1795213895358745,1.0,0.9259259259259259,0.07407407407407407
google_robot_open_drawer__seed097__step056,open_drawer,97,exploration,10,0.39339788656030655,0.6401711229291818,0.8383605960942843,1.0,-0.16163940390571574,0.9259259259259259,1.0,-0.07407407407407407
google_robot_open_drawer__seed097__step056,open_drawer,97,exploration,11,0.3741893324965175,0.6209625688653926,0.9872674460098686,0.9635042336392208,0.023763212370647824,0.9259259259259259,0.8571428571428571,0.06878306878306883
google_robot_open_drawer__seed097__step056,open_drawer,97,exploration,12,0.33731445238141866,0.5840876887502938,1.0,0.9333063530740827,0.06669364692591728,1.0,0.8571428571428571,0.1428571428571429
google_robot_open_drawer__seed097__step056,open_drawer,97,exploration,13,0.2866696929328512,0.5334429293017264,0.7886128794058286,0.8169021659614549,-0.028289286555626347,0.9259259259259259,0.9259259259259259,0.0
google_robot_open_drawer__seed097__step056,open_drawer,97,exploration,14,0.34387404347112877,0.590647279840004,0.8751086339915916,0.9658763714655535,-0.09076773747396194,0.8571428571428571,0.8571428571428571,0.0
google_robot_open_drawer__seed097__step056,open_drawer,97,exploration,15,0.3487599474846253,0.5955331838535005,1.0,0.8946696905601249,0.10533030943987509,1.0,0.9259259259259259,0.07407407407407407
google_robot_open_drawer__seed097__step056,open_drawer,97,exploration,16,0.4220497100201726,0.6688229463890478,0.9139939875330306,0.9014902312012935,0.01250375633173717,0.8571428571428571,0.8571428571428571,0.0
google_robot_open_drawer__seed097__step056,open_drawer,97,exploration,17,0.36835010905146864,0.6151233454203437,0.966988300646261,0.9662926016342395,0.000695699012021489,0.8571428571428571,0.8571428571428571,0.0
google_robot_open_drawer__seed097__step056,open_drawer,97,exploration,18,0.26609954446262335,0.5128727808314986,0.8814008501731706,0.9838931263966871,-0.10249227622351653,0.9259259259259259,0.9259259259259259,0.0
google_robot_open_drawer__seed097__step056,open_drawer,97,exploration,19,-0.02246554638297397,0.2243076899859012,0.9062161635028563,0.9504135744643825,-0.044197410961526185,0.9259259259259259,0.8571428571428571,0.06878306878306883
google_robot_open_drawer__seed097__step056,open_drawer,97,exploration,20,0.05299304792377846,0.2997662842926536,0.9659966411582773,0.9868102987640772,-0.020813657605799896,0.8571428571428571,0.9259259259259259,-0.06878306878306883
google_robot_open_drawer__seed097__step056,open_drawer,97,exploration,21,0.13340073936667915,0.38017397573555434,0.8987402352831951,0.8987402352831951,0.0,0.9259259259259259,0.9259259259259259,0.0
google_robot_open_drawer__seed097__step056,open_drawer,97,exploration,22,-0.06641759451510544,0.18035564185376973,0.8839239574557999,0.9131383661453815,-0.029214408689581584,0.9259259259259259,0.9259259259259259,0.0
google_robot_open_drawer__seed097__step056,open_drawer,97,exploration,23,-0.00046238724867865105,0.24631084912019652,0.9716677428633126,0.9972169309892612,-0.02554918812594864,0.9259259259259259,0.9259259259259259,0.0
google_robot_open_drawer__seed097__step056,open_drawer,97,exploration,24,-0.031097186332358442,0.21567605003651671,0.9837225870424983,0.9850816296734143,-0.0013590426309160186,0.9259259259259259,0.9259259259259259,0.0
google_robot_open_drawer__seed097__step056,open_drawer,97,exploration,25,-0.06340671940687116,0.183366516962004,1.0,0.9729756324443802,0.027024367555619766,1.0,0.9259259259259259,0.07407407407407407
google_robot_open_drawer__seed097__step056,open_drawer,97,exploration,26,-0.0715923486919806,0.17518088767689455,0.7841005162169498,0.9896411710185138,-0.20554065480156403,0.9259259259259259,0.9259259259259259,0.0
google_robot_open_drawer__seed097__step056,open_drawer,97,exploration,27,-0.0715923486919806,0.17518088767689455,0.7305830811370947,0.8620347788242508,-0.13145169768715614,0.9259259259259259,0.9259259259259259,0.0
google_robot_open_drawer__seed097__step056,open_drawer,97,exploration,28,-0.007031538402969374,0.23974169796590578,0.9716115262525836,0.9716115262525836,0.0,0.9259259259259259,0.9259259259259259,0.0
google_robot_open_drawer__seed097__step056,open_drawer,97,exploration,29,0.1621793259660598,0.40895256233493493,0.9812915827189371,0.979450263444637,0.0018413192743000906,0.9259259259259259,0.9259259259259259,0.0
google_robot_open_drawer__seed097__step056,open_drawer,97,exploration,30,0.17460492520211898,0.42137816157099417,0.9917578794837296,0.8909137748528108,0.10084410463091886,0.9259259259259259,0.8571428571428571,0.06878306878306883
google_robot_open_drawer__seed097__step056,open_drawer,97,exploration,31,0.19580321097674966,0.44257644734562485,0.9936666950707402,0.9799686452483242,0.01369804982241607,0.9259259259259259,0.8571428571428571,0.06878306878306883
google_robot_open_drawer__seed097__step101,open_drawer,97,exploration,0,-0.13351644069813273,0.08951641255056278,0.910004197351323,1.0,-0.08999580264867701,0.9047619047619048,1.0,-0.09523809523809523
google_robot_open_drawer__seed097__step101,open_drawer,97,exploration,1,-0.017661274618589184,0.20537157863010633,1.0,1.0,0.0,1.0,1.0,0.0
google_robot_open_drawer__seed097__step101,open_drawer,97,exploration,2,0.22556924021088606,0.4486020934595816,1.0,1.0,0.0,1.0,1.0,0.0
google_robot_open_drawer__seed097__step101,open_drawer,97,exploration,3,-0.07682328486495182,0.1462095683837437,0.764443163418763,0.764443163418763,0.0,0.9047619047619048,0.9047619047619048,0.0
google_robot_open_drawer__seed097__step101,open_drawer,97,exploration,4,-0.034083252490951954,0.18894960075774356,1.0,1.0,0.0,1.0,1.0,0.0
google_robot_open_drawer__seed097__step101,open_drawer,97,exploration,5,0.031110137330530276,0.2541429905792258,1.0,1.0,0.0,1.0,1.0,0.0
google_robot_open_drawer__seed097__step101,open_drawer,97,exploration,6,0.15156999723556405,0.37460285048425956,0.8611716889016825,0.6435059909654773,0.21766569793620516,0.9047619047619048,0.8181818181818182,0.08658008658008653
google_robot_open_drawer__seed097__step101,open_drawer,97,exploration,7,0.448839953900429,0.6718728071491246,0.9478666321170136,0.9292551629125482,0.018611469204465436,0.9047619047619048,0.7391304347826086,0.16563146997929612
google_robot_open_drawer__seed097__step101,open_drawer,97,exploration,8,0.41145572824241167,0.6344885814911072,0.7891980285738213,0.7110171911644249,0.07818083740939641,0.9047619047619048,0.8181818181818182,0.08658008658008653
google_robot_open_drawer__seed097__step101,open_drawer,97,exploration,9,0.41320551056060806,0.6362383638093035,1.0,0.9921995386483858,0.007800461351614163,1.0,0.9047619047619048,0.09523809523809523
google_robot_open_drawer__seed097__step101,open_drawer,97,exploration,10,0.4910932604049325,0.714126113653628,1.0,0.8662232378709424,0.13377676212905765,1.0,0.9047619047619048,0.09523809523809523
google_robot_open_drawer__seed097__step101,open_drawer,97,exploration,11,0.21542842288342579,0.43846127613212127,0.9020016650706748,0.793088807733162,0.10891285733751277,0.8181818181818182,0.8181818181818182,0.0
google_robot_open_drawer__seed097__step101,open_drawer,97,exploration,12,0.2368322390844165,0.459865092333112,0.9556607994329548,0.7997432493817644,0.15591755005119035,0.9047619047619048,0.8181818181818182,0.08658008658008653
google_robot_open_drawer__seed097__step101,open_drawer,97,exploration,13,0.3692558014487062,0.5922886546974017,0.9117894089450765,0.9752162502052943,-0.0634268412602178,0.9047619047619048,0.9047619047619048,0.0
google_robot_open_drawer__seed097__step101,open_drawer,97,exploration,14,0.15913871572752578,0.3821715689762213,0.9735913801522593,0.960064990055983,0.01352639009627632,0.9047619047619048,0.8181818181818182,0.08658008658008653
google_robot_open_drawer__seed097__step101,open_drawer,97,exploration,15,0.3315784761929584,0.5546113294416539,0.9019897729925531,0.9423543547175802,-0.040364581725027104,0.8181818181818182,0.9047619047619048,-0.08658008658008653
google_robot_open_drawer__seed097__step101,open_drawer,97,exploration,16,0.2903201314663935,0.5133529847150891,0.9914000317894841,1.0,-0.008599968210515896,0.9047619047619048,1.0,-0.09523809523809523
google_robot_open_drawer__seed097__step101,open_drawer,97,exploration,17,0.1645772852693933,0.3876101385180888,0.7383393148079666,0.7512462907370697,-0.01290697592910317,0.9047619047619048,0.8181818181818182,0.08658008658008653
google_robot_open_drawer__seed097__step101,open_drawer,97,exploration,18,0.3551649095281708,0.5781977627768663,0.8799375184176957,1.0,-0.12006248158230426,0.9047619047619048,1.0,-0.09523809523809523
google_robot_open_drawer__seed097__step101,open_drawer,97,exploration,19,0.1366240454877141,0.3596568987364096,1.0,0.7753765878844631,0.22462341211553694,1.0,0.9047619047619048,0.09523809523809523
google_robot_open_drawer__seed097__step101,open_drawer,97,exploration,20,0.3444627739510528,0.5674956271997483,0.9318403247468022,1.0,-0.06815967525319777,0.9047619047619048,1.0,-0.09523809523809523
google_robot_open_drawer__seed097__step101,open_drawer,97,exploration,21,0.1430961021793821,0.3661289554280776,0.998513666559727,0.9969137440536088,0.0015999225061181788,0.9047619047619048,0.9047619047619048,0.0
google_robot_open_drawer__seed097__step101,open_drawer,97,exploration,22,0.35863769488506886,0.5816705481337644,0.7051002162382328,0.9816654745491746,-0.2765652583109418,0.8181818181818182,0.9047619047619048,-0.08658008658008653
google_robot_open_drawer__seed097__step101,open_drawer,97,exploration,23,0.20424053909235584,0.42727339234105133,0.814299795461645,0.753776977523954,0.06052281793769099,0.9047619047619048,0.8181818181818182,0.08658008658008653
google_robot_open_drawer__seed097__step101,open_drawer,97,exploration,24,-0.09071857518346756,0.13231427806522794,0.9497791807711792,0.8810980566903148,0.06868112408086435,0.7391304347826086,0.8181818181818182,-0.07905138339920958
google_robot_open_drawer__seed097__step101,open_drawer,97,exploration,25,0.013234447128419627,0.23626730037711513,0.9637012682581166,0.9438402337489297,0.01986103450918697,0.9047619047619048,0.9047619047619048,0.0
google_robot_open_drawer__seed097__step101,open_drawer,97,exploration,26,-0.030615354878360573,0.19241749837033495,0.9689324847104707,1.0,-0.031067515289529335,0.9047619047619048,1.0,-0.09523809523809523
google_robot_open_drawer__seed097__step101,open_drawer,97,exploration,27,-0.07715101865330254,0.14588183459539297,0.9957035873439426,0.892606767809934,0.10309681953400862,0.9047619047619048,0.9047619047619048,0.0
google_robot_open_drawer__seed097__step101,open_drawer,97,exploration,28,0.4327732387510546,0.6558060919997502,0.7470443093481474,0.8844576757393394,-0.13741336639119206,0.8181818181818182,0.9047619047619048,-0.08658008658008653
google_robot_open_drawer__seed097__step101,open_drawer,97,exploration,29,0.02769949911062471,0.25073235235932023,0.9194281844406326,0.9558593753363643,-0.03643119089573177,0.8181818181818182,0.9047619047619048,-0.08658008658008653
google_robot_open_drawer__seed097__step101,open_drawer,97,exploration,30,0.00511333718142228,0.2281461904301178,0.9196580703894005,0.9196580703894005,0.0,0.8181818181818182,0.8181818181818182,0.0
google_robot_open_drawer__seed097__step101,open_drawer,97,exploration,31,0.3398548503135171,0.5628877035622126,0.9222925242425374,0.805934377284525,0.11635814695801239,0.8181818181818182,0.7391304347826086,0.07905138339920958
google_robot_open_drawer__seed099__step011,open_drawer,99,exploration,0,0.23710550081789528,0.0482497474703559,1.0,1.0,0.0,1.0,1.0,0.0
google_robot_open_drawer__seed099__step011,open_drawer,99,exploration,1,0.24868537311273156,0.05982961976519219,0.999544966584239,0.999544966584239,0.0,0.9534883720930233,0.9534883720930233,0.0
google_robot_open_drawer__seed099__step011,open_drawer,99,exploration,2,0.2657836089966118,0.07692785564907242,0.9851889107228836,0.9869597915423465,-0.0017708808194628611,0.9534883720930233,0.9534883720930233,0.0
google_robot_open_drawer__seed099__step011,open_drawer,99,exploration,3,0.3221164234373886,0.13326067008984924,1.0,1.0,0.0,1.0,1.0,0.0
google_robot_open_drawer__seed099__step011,open_drawer,99,exploration,4,0.2938825974942355,0.10502684414669614,0.8236020999770365,0.8757784643853065,-0.052176364408270004,0.9090909090909091,0.9534883720930233,-0.044397463002114224
google_robot_open_drawer__seed099__step011,open_drawer,99,exploration,5,0.3152989938843637,0.12644324053682435,0.752580129801479,0.6838717273990923,0.06870840240238674,0.9090909090909091,0.8260869565217391,0.08300395256916993
google_robot_open_drawer__seed099__step011,open_drawer,99,exploration,6,0.2334519321561119,0.04459617880857253,0.969975160052882,0.997407504966605,-0.02743234491372304,0.9090909090909091,0.9534883720930233,-0.044397463002114224
google_robot_open_drawer__seed099__step011,open_drawer,99,exploration,7,0.2417762100654124,0.052920456717873016,0.9563419403718556,0.9611750065186474,-0.004833066146791798,0.9090909090909091,0.8260869565217391,0.08300395256916993
google_robot_open_drawer__seed099__step011,open_drawer,99,exploration,8,0.2621178973487131,0.07326214400117373,0.904787013179177,0.9128499293753731,-0.008062916196196146,0.8666666666666667,0.8260869565217391,0.04057971014492756
google_robot_open_drawer__seed099__step011,open_drawer,99,exploration,9,0.2185938486978107,0.029738095350271332,0.9491759018776005,0.9479907149245692,0.0011851869530312698,0.9090909090909091,0.8666666666666667,0.042424242424242364
google_robot_open_drawer__seed099__step011,open_drawer,99,exploration,10,0.248211433856979,0.05935568050943962,0.9032915339895169,0.95702621969683,-0.0537346857073131,0.8666666666666667,0.7872340425531915,0.07943262411347518
google_robot_open_drawer__seed099__step011,open_drawer,99,exploration,11,0.22349716619220059,0.03464141284466121,0.9636143182615142,0.9029796588516102,0.06063465940990398,0.9090909090909091,0.7872340425531915,0.12185686653771755
google_robot_open_drawer__seed099__step011,open_drawer,99,exploration,12,0.21595456042853126,0.027098807080991882,0.9834285372087078,0.9556435478638817,0.027784989344826094,0.9534883720930233,0.9090909090909091,0.044397463002114224
google_robot_open_drawer__seed099__step011,open_drawer,99,exploration,13,0.273596201460138,0.08474044811259865,0.986839813919174,0.9809565491271828,0.005883264791991194,0.9090909090909091,0.8666666666666667,0.042424242424242364
google_robot_open_drawer__seed099__step011,open_drawer,99,exploration,14,0.2696208995758031,0.08076514622826372,0.9952557752872151,0.9603067378387135,0.03494903744850164,0.9534883720930233,0.9090909090909091,0.044397463002114224
google_robot_open_drawer__seed099__step011,open_drawer,99,exploration,15,0.27851125693052786,0.08965550358298849,0.9847349159368045,0.9058519462599072,0.07888296967689734,0.9090909090909091,0.8260869565217391,0.08300395256916993
google_robot_open_drawer__seed099__step011,open_drawer,99,exploration,16,0.2117600121896661,0.02290425884212674,0.9894077906160534,0.9063923829763659,0.08301540763968751,0.9534883720930233,0.8260869565217391,0.12740141557128415
google_robot_open_drawer__seed099__step011,open_drawer,99,exploration,17,0.20804769480361782,0.019191941456078443,0.9687379522879441,0.9205143164585022,0.04822363582944189,0.9090909090909091,0.9090909090909091,0.0
google_robot_open_drawer__seed099__step011,open_drawer,99,exploration,18,0.21151508066637123,0.022659327318831857,0.9508645515985852,0.9524682933671081,-0.0016037417685229594,0.9090909090909091,0.9090909090909091,0.0
google_robot_open_drawer__seed099__step011,open_drawer,99,exploration,19,0.154519149384751,-0.03433660396278837,1.0,0.9890124306059431,0.010987569394056873,1.0,0.9090909090909091,0.09090909090909094
google_robot_open_drawer__seed099__step011,open_drawer,99,exploration,20,0.14838729458427194,-0.040468458763267434,0.9707270422701266,0.9741095203642335,-0.0033824780941068555,0.9534883720930233,0.9090909090909091,0.044397463002114224
google_robot_open_drawer__seed099__step011,open_drawer,99,exploration,21,0.1621971333062491,-0.02665862004129027,0.9978499196114378,0.9839224318612289,0.013927487750208911,0.9534883720930233,0.8666666666666667,0.08682170542635659
google_robot_open_drawer__seed099__step011,open_drawer,99,exploration,22,0.19263038236699218,0.003774629019452802,0.9987235643091738,0.9691841805284355,0.029539383780738282,0.9534883720930233,0.8260869565217391,0.12740141557128415
google_robot_open_drawer__seed099__step011,open_drawer,99,exploration,23,0.18957796753899467,0.0007222141914552949,0.9988560566779725,0.9999999999999999,-0.0011439433220273854,0.9534883720930233,1.0,-0.046511627906976716
google_robot_open_drawer__seed099__step011,open_drawer,99,exploration,24,0.22015588588970525,0.031300132542165876,1.0,0.9220270568907991,0.07797294310920089,1.0,0.8666666666666667,0.1333333333333333
google_robot_open_drawer__seed099__step011,open_drawer,99,exploration,25,0.19097525430615317,0.002119500958613796,0.9976185726234169,0.9459227186939446,0.05169585392947229,0.9534883720930233,0.9534883720930233,0.0
google_robot_open_drawer__seed099__step011,open_drawer,99,exploration,26,0.1910116589582916,0.00215590561075224,0.9962047982605187,0.9674944404406655,0.028710357819853205,0.9534883720930233,0.9090909090909091,0.044397463002114224
google_robot_open_drawer__seed099__step011,open_drawer,99,exploration,27,0.1869827252995532,-0.0018730280479861694,0.9424934954685663,0.8980484230579623,0.044445072410604025,0.9534883720930233,0.9090909090909091,0.044397463002114224
google_robot_open_drawer__seed099__step011,open_drawer,99,exploration,28,0.19381285584824423,0.0049571025007048575,0.9566903382911902,0.9939762945906039,-0.03728595629941367,0.9534883720930233,0.9534883720930233,0.0
google_robot_open_drawer__seed099__step011,open_drawer,99,exploration,29,0.19582181927293238,0.006966065925393006,0.8834818931151761,0.9597448027105869,-0.07626290959541082,0.9090909090909091,0.9090909090909091,0.0
google_robot_open_drawer__seed099__step011,open_drawer,99,exploration,30,0.17119544249460913,-0.01766031085293024,0.9490935636875147,0.9080386898784191,0.04105487380909567,0.9534883720930233,0.8666666666666667,0.08682170542635659
google_robot_open_drawer__seed099__step011,open_drawer,99,exploration,31,0.12765726087660803,-0.06119849247093134,0.9983454726054304,0.9540162725464546,0.04432920005897578,0.9534883720930233,0.9090909090909091,0.044397463002114224
google_robot_open_drawer__seed099__step056,open_drawer,99,exploration,0,0.49062445473910143,0.5914283570252671,0.9999999999999999,0.9999999999999999,0.0,1.0,1.0,0.0
google_robot_open_drawer__seed099__step056,open_drawer,99,exploration,1,-0.0031391102949865544,0.09766479199117914,0.9985286173980362,1.0,-0.0014713826019637777,0.9615384615384616,1.0,-0.038461538461538436
google_robot_open_drawer__seed099__step056,open_drawer,99,exploration,2,0.3073406994709418,0.4081446017571075,0.9709898694298387,0.9528776982056164,0.018112171224222262,0.9615384615384616,0.9245283018867925,0.037010159651669094
google_robot_open_drawer__seed099__step056,open_drawer,99,exploration,3,0.24591620723349317,0.34672010951965887,0.9657425694368794,0.8630333580935607,0.10270921134331867,0.9615384615384616,0.9615384615384616,0.0
google_robot_open_drawer__seed099__step056,open_drawer,99,exploration,4,0.28562638264600315,0.38643028493216885,0.9967435504269094,0.9211737112278873,0.07556983919902216,0.9615384615384616,0.9615384615384616,0.0
google_robot_open_drawer__seed099__step056,open_drawer,99,exploration,5,0.3712328404520379,0.4720367427382036,0.9732378484601365,0.7892796177193802,0.18395823074075635,0.9245283018867925,0.7288135593220338,0.19571474256475863
google_robot_open_drawer__seed099__step056,open_drawer,99,exploration,6,0.21206720532338644,0.3128711076095521,0.8643550621031298,0.8242055414917372,0.04014952061139265,0.8888888888888888,0.8545454545454545,0.03434343434343434
google_robot_open_drawer__seed099__step056,open_drawer,99,exploration,7,0.3385297353770625,0.4393336376632282,1.0,0.9856704091950362,0.014329590804963765,1.0,0.9245283018867925,0.07547169811320753
google_robot_open_drawer__seed099__step056,open_drawer,99,exploration,8,0.39499271872437025,0.49579662101053595,0.9784145789554652,0.9741379357968408,0.004276643158624416,0.9245283018867925,0.8888888888888888,0.03563941299790363
google_robot_open_drawer__seed099__step056,open_drawer,99,exploration,9,0.4081161962911217,0.5089200985772874,0.9839589070977958,0.9867507358563725,-0.002791828758576753,0.9245283018867925,0.8545454545454545,0.06998284734133797
google_robot_open_drawer__seed099__step056,open_drawer,99,exploration,10,0.3730362151731648,0.4738401174593305,0.9431353338229401,0.9135555873129411,0.02957974650999906,0.8214285714285714,0.8214285714285714,0.0
google_robot_open_drawer__seed099__step056,open_drawer,99,exploration,11,0.3779614135989731,0.4787653158851388,0.9645916834446987,0.9645308241281669,6.085931653176946e-05,0.8545454545454545,0.8214285714285714,0.0331168831168831
google_robot_open_drawer__seed099__step056,open_drawer,99,exploration,12,0.4351221772864477,0.5359260795726134,1.0,0.9554977785716782,0.04450222142832183,1.0,0.9245283018867925,0.07547169811320753
google_robot_open_drawer__seed099__step056,open_drawer,99,exploration,13,0.3902488742353303,0.491052776521496,0.9945210643554439,0.9547768417635464,0.03974422259189747,0.9615384615384616,0.8888888888888888,0.07264957264957272
google_robot_open_drawer__seed099__step056,open_drawer,99,exploration,14,0.4157408796213275,0.5165447819074932,0.9638490578099,0.9647322000367572,-0.0008831422268571476,0.9615384615384616,0.9615384615384616,0.0
google_robot_open_drawer__seed099__step056,open_drawer,99,exploration,15,0.37799726326203836,0.47880116554820407,1.0,0.9693264065181824,0.03067359348181764,1.0,0.9615384615384616,0.038461538461538436
google_robot_open_drawer__seed099__step056,open_drawer,99,exploration,16,0.4144639942268508,0.5152678965130165,0.9808395550846846,0.9823366342756321,-0.0014970791909475478,0.9615384615384616,0.9615384615384616,0.0
google_robot_open_drawer__seed099__step056,open_drawer,99,exploration,17,0.3924499695795882,0.4932538718657539,0.9991283821392006,0.9976841015182757,0.0014442806209249426,0.9615384615384616,0.9245283018867925,0.037010159651669094
google_robot_open_drawer__seed099__step056,open_drawer,99,exploration,18,0.3701201659889177,0.47092406827508343,0.8790652138667339,0.9984420555302781,-0.11937684166354423,0.8214285714285714,0.9245283018867925,-0.10309973045822107
google_robot_open_drawer__seed099__step056,open_drawer,99,exploration,19,0.29749671847405873,0.39830062076022443,0.9883269146299415,0.9446080096993891,0.043718904930552416,0.8888888888888888,0.8545454545454545,0.03434343434343434
google_robot_open_drawer__seed099__step056,open_drawer,99,exploration,20,0.17344502021356065,0.2742489224997263,0.9629739112765936,0.9391273955934253,0.023846515683168312,0.9245283018867925,0.9245283018867925,0.0
google_robot_open_drawer__seed099__step056,open_drawer,99,exploration,21,0.09143140201937217,0.19223530430553787,0.996191972672797,0.953060384716208,0.043131587956589,0.9615384615384616,0.9245283018867925,0.037010159651669094
google_robot_open_drawer__seed099__step056,open_drawer,99,exploration,22,0.2374417419723637,0.3382456442585294,0.9950047015223488,0.9872481532900445,0.007756548232304317,0.9615384615384616,0.8888888888888888,0.07264957264957272
google_robot_open_drawer__seed099__step056,open_drawer,99,exploration,23,0.20549380297326758,0.3062977052594333,0.9194480631818184,0.992656938495423,-0.07320887531360465,0.9245283018867925,0.9615384615384616,-0.037010159651669094
google_robot_open_drawer__seed099__step056,open_drawer,99,exploration,24,0.2098958358221509,0.3106997381083166,0.9602073597741324,0.9673224047707127,-0.007115044996580333,0.9245283018867925,0.9615384615384616,-0.037010159651669094
google_robot_open_drawer__seed099__step056,open_drawer,99,exploration,25,0.23474590627184402,0.3355498085580097,0.995813579043103,0.9975174342592199,-0.001703855216116934,0.9245283018867925,0.9615384615384616,-0.037010159651669094
google_robot_open_drawer__seed099__step056,open_drawer,99,exploration,26,0.2865044768258808,0.3873083791120465,0.913568511610532,0.9072079674286962,0.006360544181835737,0.9245283018867925,0.8888888888888888,0.03563941299790363
google_robot_open_drawer__seed099__step056,open_drawer,99,exploration,27,0.26166400252848493,0.36246790481465063,0.9992057416794724,1.0,-0.0007942583205275966,0.9615384615384616,1.0,-0.038461538461538436
google_robot_open_drawer__seed099__step056,open_drawer,99,exploration,28,0.24379291637189401,0.3445968186580597,0.9931300185317183,0.9873117714937941,0.005818247037924218,0.9245283018867925,0.9245283018867925,0.0
google_robot_open_drawer__seed099__step056,open_drawer,99,exploration,29,0.2725181482962762,0.3733220505824419,0.9942742550551991,1.0000000000000002,-0.005725744944801159,0.9615384615384616,1.0,-0.038461538461538436
google_robot_open_drawer__seed099__step056,open_drawer,99,exploration,30,0.28731309071345956,0.38811699299962527,0.9528040153937285,0.997721388478543,-0.04491737308481447,0.9245283018867925,0.9245283018867925,0.0
google_robot_open_drawer__seed099__step056,open_drawer,99,exploration,31,0.24678814808087537,0.34759205036704105,0.9927826840278895,0.9927826840278895,0.0,0.9615384615384616,0.9615384615384616,0.0
google_robot_open_drawer__seed099__step101,open_drawer,99,exploration,0,0.5202284286956674,0.31476485482377914,1.0,1.0,0.0,1.0,1.0,0.0
google_robot_open_drawer__seed099__step101,open_drawer,99,exploration,1,0.6339097210959497,0.4284461472240614,0.9974463826861921,0.9968310257903784,0.0006153568958137123,0.8947368421052632,0.8947368421052632,0.0
google_robot_open_drawer__seed099__step101,open_drawer,99,exploration,2,0.5992670993408803,0.393803525468992,0.924000534986634,0.924000534986634,0.0,0.8947368421052632,0.8947368421052632,0.0
google_robot_open_drawer__seed099__step101,open_drawer,99,exploration,3,0.4646334592596022,0.2591698853877139,1.0,1.0,0.0,1.0,1.0,0.0
google_robot_open_drawer__seed099__step101,open_drawer,99,exploration,4,0.49394784164340527,0.2884842677715169,0.9919982074989582,0.9289638088165653,0.06303439868239291,0.8947368421052632,0.8947368421052632,0.0
google_robot_open_drawer__seed099__step101,open_drawer,99,exploration,5,0.5801850526819998,0.37472147881011153,0.988369873224269,0.8912794060648279,0.09709046715944103,0.8947368421052632,0.6363636363636364,0.2583732057416268
google_robot_open_drawer__seed099__step101,open_drawer,99,exploration,6,0.1684313041242891,-0.03703226974759921,1.0,0.6780971342137746,0.3219028657862254,1.0,0.7142857142857143,0.2857142857142857
google_robot_open_drawer__seed099__step101,open_drawer,99,exploration,7,0.43836823405108977,0.23290466017920144,1.0,0.95215449562104,0.04784550437895996,1.0,0.8947368421052632,0.10526315789473684
google_robot_open_drawer__seed099__step101,open_drawer,99,exploration,8,0.4080519487339482,0.20258837486205986,0.8479990298205292,0.9596440071609833,-0.11164497734045409,0.8947368421052632,0.8947368421052632,0.0
google_robot_open_drawer__seed099__step101,open_drawer,99,exploration,9,0.2802880968390165,0.07482452296712819,0.9715197387989715,0.8520439119468833,0.11947582685208813,0.8,0.8,0.0
google_robot_open_drawer__seed099__step101,open_drawer,99,exploration,10,0.10344680959754436,-0.10201676427434396,0.9863424646780667,0.9073758266883218,0.0789666379897449,0.8947368421052632,0.6363636363636364,0.2583732057416268
google_robot_open_drawer__seed099__step101,open_drawer,99,exploration,11,0.27509058869327613,0.0696270148213878,0.9280051978722691,0.9207011375751998,0.007304060297069315,0.8947368421052632,0.8947368421052632,0.0
google_robot_open_drawer__seed099__step101,open_drawer,99,exploration,12,0.23424906919056074,0.028785495318672416,0.6937363247772522,0.8402715202059196,-0.14653519542866733,0.8,0.8947368421052632,-0.09473684210526312
google_robot_open_drawer__seed099__step101,open_drawer,99,exploration,13,0.2591773695712975,0.05371379569940918,1.0,1.0,0.0,1.0,1.0,0.0
google_robot_open_drawer__seed099__step101,open_drawer,99,exploration,14,0.29670913891542466,0.09124556504353634,0.940043744026736,0.864096484820136,0.07594725920659995,0.8,0.8,0.0
google_robot_open_drawer__seed099__step101,open_drawer,99,exploration,15,0.1624490494178181,-0.043014524454070224,0.9295914640276819,0.9698439821608139,-0.04025251813313202,0.8947368421052632,0.8947368421052632,0.0
google_robot_open_drawer__seed099__step101,open_drawer,99,exploration,16,0.22757306197140678,0.02210948809951846,0.9963838608244528,0.9947515668780045,0.001632293946448371,0.8,0.8,0.0
google_robot_open_drawer__seed099__step101,open_drawer,99,exploration,17,0.2257332372643439,0.02026966339245559,0.9945524680564487,0.992112722405385,0.0024397456510637516,0.8,0.7142857142857143,0.08571428571428574
google_robot_open_drawer__seed099__step101,open_drawer,99,exploration,18,0.19131218050589402,-0.014151393365994303,1.0,1.0,0.0,1.0,1.0,0.0
google_robot_open_drawer__seed099__step101,open_drawer,99,exploration,19,0.19513333566704658,-0.010330238204841746,0.9937830840824157,0.9935180602068246,0.0002650238755910195,0.8947368421052632,0.8947368421052632,0.0
google_robot_open_drawer__seed099__step101,open_drawer,99,exploration,20,0.11838794213679708,-0.08707563173509124,0.9731942138414325,0.988291732698059,-0.01509751885662658,0.7142857142857143,0.8,-0.08571428571428574
google_robot_open_drawer__seed099__step101,open_drawer,99,exploration,21,0.1308913033432668,-0.07457227052862153,0.9955520057922637,0.9922770439158598,0.003274961876403859,0.8947368421052632,0.8,0.09473684210526312
google_robot_open_drawer__seed099__step101,open_drawer,99,exploration,22,0.1291624201338997,-0.07630115373798863,0.9833567005485321,0.9885755317096132,-0.005218831161081128,0.8947368421052632,0.8947368421052632,0.0
google_robot_open_drawer__seed099__step101,open_drawer,99,exploration,23,0.20074183295961143,-0.004721740912276895,0.9565919978083017,0.9604958011258823,-0.0039038033175805564,0.8,0.7142857142857143,0.08571428571428574
google_robot_open_drawer__seed099__step101,open_drawer,99,exploration,24,0.109539945179702,-0.09592362869218632,0.9843774226417711,0.9968424666001372,-0.012465043958366118,0.6363636363636364,0.8947368421052632,-0.2583732057416268
google_robot_open_drawer__seed099__step101,open_drawer,99,exploration,25,0.07786266751912842,-0.1276009063527599,0.9975771338694644,1.0,-0.0024228661305355503,0.8947368421052632,1.0,-0.10526315789473684
google_robot_open_drawer__seed099__step101,open_drawer,99,exploration,26,0.07786266751912842,-0.1276009063527599,1.0,0.9886954944116834,0.011304505588316638,1.0,0.8947368421052632,0.10526315789473684
google_robot_open_drawer__seed099__step101,open_drawer,99,exploration,27,0.14634513450035366,-0.05911843937153466,0.9982686922961331,0.9999999999999999,-0.001731307703866758,0.8947368421052632,1.0,-0.10526315789473684
google_robot_open_drawer__seed099__step101,open_drawer,99,exploration,28,0.10956508150382151,-0.09589849236806681,0.9846234301138176,0.9850264407094037,-0.0004030105955861174,0.8947368421052632,0.8947368421052632,0.0
google_robot_open_drawer__seed099__step101,open_drawer,99,exploration,29,0.1761116930496538,-0.029351880822234527,0.9642187973211983,1.0,-0.035781202678801693,0.7142857142857143,1.0,-0.2857142857142857
google_robot_open_drawer__seed099__step101,open_drawer,99,exploration,30,0.11450768752248659,-0.09095588634940173,0.9767419122238015,1.0,-0.023258087776198533,0.8947368421052632,1.0,-0.10526315789473684
google_robot_open_drawer__seed099__step101,open_drawer,99,exploration,31,0.11274572085274696,-0.09271785301914136,0.9917756658555686,0.9758510054807578,0.015924660374810884,0.8947368421052632,0.8947368421052632,0.0
google_robot_pick_coke_can__seed000__step008,pick_coke_can,0,exploration,0,0.2517745125131101,0.03531829796968999,1.0,1.0,0.0,1.0,1.0,0.0
google_robot_pick_coke_can__seed000__step008,pick_coke_can,0,exploration,1,0.297587444617137,0.08113123007371686,1.0,1.0,0.0,1.0,1.0,0.0
google_robot_pick_coke_can__seed000__step008,pick_coke_can,0,exploration,2,0.0410444821113422,-0.17541173243207792,0.6681543378202401,1.0,-0.33184566217975986,0.7272727272727273,1.0,-0.2727272727272727
google_robot_pick_coke_can__seed000__step008,pick_coke_can,0,exploration,3,0.15263204583811202,-0.0638241687053081,0.9209028348801139,0.9209028348801139,0.0,0.9,0.9,0.0
google_robot_pick_coke_can__seed000__step008,pick_coke_can,0,exploration,4,0.4807522338504761,0.264296019307056,0.9797043644600878,0.6277156975954669,0.35198866686462094,0.9,0.7272727272727273,0.17272727272727273
google_robot_pick_coke_can__seed000__step008,pick_coke_can,0,exploration,5,0.34134107690282445,0.12488486235940433,0.9802294550546434,1.0,-0.019770544945356572,0.9,1.0,-0.09999999999999998
google_robot_pick_coke_can__seed000__step008,pick_coke_can,0,exploration,6,0.3445515890846194,0.1280953745411993,0.9971333441678173,0.8467208291670666,0.1504125150007507,0.9,0.8095238095238095,0.09047619047619049
google_robot_pick_coke_can__seed000__step008,pick_coke_can,0,exploration,7,0.49693615651609385,0.28047994197267373,0.9129672869069111,0.029617902621696456,0.8833493842852146,0.9,0.5833333333333334,0.31666666666666665
google_robot_pick_coke_can__seed000__step008,pick_coke_can,0,exploration,8,0.3586943077006039,0.14223809315718378,0.9863167973755408,0.8971855213170444,0.08913127605849636,0.9,0.7272727272727273,0.17272727272727273
google_robot_pick_coke_can__seed000__step008,pick_coke_can,0,exploration,9,0.3497103752837481,0.13325416074032798,0.8340610899207007,0.4340813373261092,0.3999797525945915,0.8095238095238095,0.4074074074074074,0.40211640211640215
google_robot_pick_coke_can__seed000__step008,pick_coke_can,0,exploration,10,0.30083470788823186,0.08437849334481173,0.9541279695232906,0.6732271651545289,0.28090080436876175,0.9,0.52,0.38
google_robot_pick_coke_can__seed000__step008,pick_coke_can,0,exploration,11,0.36129749638633246,0.14484128184291234,0.7949536654378574,0.6341684257941814,0.16078523964367597,0.8095238095238095,0.46153846153846156,0.34798534798534797
google_robot_pick_coke_can__seed000__step008,pick_coke_can,0,exploration,12,0.4153318075690031,0.198875593025583,0.772014372370465,0.5319054971413519,0.24010887522911306,0.8095238095238095,0.5833333333333334,0.22619047619047616
google_robot_pick_coke_can__seed000__step008,pick_coke_can,0,exploration,13,0.3594287442071016,0.14297252966368146,0.9636110665078683,0.6867208572481482,0.2768902092597201,0.9,0.6521739130434783,0.24782608695652175
google_robot_pick_coke_can__seed000__step008,pick_coke_can,0,exploration,14,0.35500648573597454,0.13855027119255442,0.9800279123061514,0.30952628372788515,0.6705016285782662,0.9,0.46153846153846156,0.43846153846153846
google_robot_pick_coke_can__seed000__step008,pick_coke_can,0,exploration,15,0.13617871060964884,-0.08027750393377128,0.9077291340009573,0.6945842284111281,0.21314490558982924,0.8095238095238095,0.52,0.2895238095238095
google_robot_pick_coke_can__seed000__step008,pick_coke_can,0,exploration,16,0.02391962828998979,-0.19253658625343034,0.8568392392385759,0.872097914858838,-0.015258675620262174,0.7272727272727273,0.5833333333333334,0.14393939393939392
google_robot_pick_coke_can__seed000__step008,pick_coke_can,0,exploration,17,0.03714573427300034,-0.1793104802704198,1.0,0.6338571487717698,0.3661428512282302,1.0,0.46153846153846156,0.5384615384615384
google_robot_pick_coke_can__seed000__step008,pick_coke_can,0,exploration,18,0.14185379922139482,-0.0746024153220253,0.8532798730774246,0.8979421989898096,-0.04466232591238506,0.9,0.7272727272727273,0.17272727272727273
google_robot_pick_coke_can__seed000__step008,pick_coke_can,0,exploration,19,0.17152385803876916,-0.04493235650465097,0.8586251608793583,0.9003042202774817,-0.04167905939812344,0.7272727272727273,0.7272727272727273,0.0
google_robot_pick_coke_can__seed000__step008,pick_coke_can,0,exploration,20,0.19258087545225122,-0.0238753390911689,0.6245991657558712,0.6443827753805192,-0.01978360962464809,0.6521739130434783,0.5833333333333334,0.0688405797101449
google_robot_pick_coke_can__seed000__step008,pick_coke_can,0,exploration,21,0.17693555650428064,-0.039520658039139483,0.7650557550361691,0.8518183883659306,-0.08676263332976153,0.7272727272727273,0.52,0.20727272727272728
google_robot_pick_coke_can__seed000__step008,pick_coke_can,0,exploration,22,0.22778483062045407,0.011328616077033948,0.5051708163553924,0.9094517458802565,-0.40428092952486405,0.7272727272727273,0.8095238095238095,-0.08225108225108224
google_robot_pick_coke_can__seed000__step008,pick_coke_can,0,exploration,23,0.30927628901783016,0.09282007447441004,0.6288510879873762,0.7074584543447978,-0.0786073663574216,0.7272727272727273,0.8095238095238095,-0.08225108225108224
google_robot_pick_coke_can__seed000__step008,pick_coke_can,0,exploration,24,0.33584042020430976,0.11938420566088964,0.7128745740021175,0.5858223429315964,0.1270522310705211,0.7272727272727273,0.6521739130434783,0.07509881422924902
google_robot_pick_coke_can__seed000__step008,pick_coke_can,0,exploration,25,0.1914512788177831,-0.02500493572563703,0.8245121280154891,0.9538882253924584,-0.1293760973769693,0.8095238095238095,0.9,-0.09047619047619049
google_robot_pick_coke_can__seed000__step008,pick_coke_can,0,exploration,26,0.17890708536193003,-0.03754912918149009,0.9146659800258222,0.9326503912158377,-0.01798441119001548,0.9,0.8095238095238095,0.09047619047619049
google_robot_pick_coke_can__seed000__step008,pick_coke_can,0,exploration,27,0.20485813746143436,-0.011598077081985764,0.7315071196900145,0.964970345298787,-0.23346322560877253,0.8095238095238095,0.9,-0.09047619047619049
google_robot_pick_coke_can__seed000__step008,pick_coke_can,0,exploration,28,0.11858914950476063,-0.0978670650386595,0.9799501478181786,0.8470691059243926,0.13288104189378602,0.9,0.7272727272727273,0.17272727272727273
google_robot_pick_coke_can__seed000__step008,pick_coke_can,0,exploration,29,0.16176120236040872,-0.0546950121830114,1.0000000000000002,0.8726174989622932,0.12738250103770699,1.0,0.8095238095238095,0.19047619047619047
google_robot_pick_coke_can__seed000__step008,pick_coke_can,0,exploration,30,0.2129738022209988,-0.00348241232242133,0.8911486373955393,0.7960865004979355,0.09506213689760379,0.9,0.8095238095238095,0.09047619047619049
google_robot_pick_coke_can__seed000__step008,pick_coke_can,0,exploration,31,0.16407950953649786,-0.052376705006922264,0.9286481703923796,0.9903291379405131,-0.06168096754813357,0.8095238095238095,0.9,-0.09047619047619049
google_robot_pick_coke_can__seed000__step040,pick_coke_can,0,exploration,0,0.44270854599087434,0.18102481888525956,1.0,1.0,0.0,1.0,1.0,0.0
google_robot_pick_coke_can__seed000__step040,pick_coke_can,0,exploration,1,0.6074423646449302,0.3457586375393154,0.9423629853217664,1.0,-0.05763701467823357,0.9047619047619048,1.0,-0.09523809523809523
google_robot_pick_coke_can__seed000__step040,pick_coke_can,0,exploration,2,0.2608101667299665,-0.0008735603756482857,0.7712837088152166,0.9523919086713458,-0.18110819985612925,0.9047619047619048,0.9047619047619048,0.0
google_robot_pick_coke_can__seed000__step040,pick_coke_can,0,exploration,3,0.5278276178203644,0.2661438907147496,0.9989398243272639,0.954598287647933,0.04434153667933094,0.9047619047619048,0.8181818181818182,0.08658008658008653
google_robot_pick_coke_can__seed000__step040,pick_coke_can,0,exploration,4,0.46932211007364893,0.20763838296803416,0.886956211114159,0.721064696829896,0.16589151428426296,0.9047619047619048,0.7391304347826086,0.16563146997929612
google_robot_pick_coke_can__seed000__step040,pick_coke_can,0,exploration,5,0.6283814034173772,0.3666976763117625,0.9594703770344749,0.9594703770344749,0.0,0.9047619047619048,0.9047619047619048,0.0
google_robot_pick_coke_can__seed000__step040,pick_coke_can,0,exploration,6,0.5601812495935667,0.29849752248795197,1.0,0.9324671741907703,0.0675328258092297,1.0,0.9047619047619048,0.09523809523809523
google_robot_pick_coke_can__seed000__step040,pick_coke_can,0,exploration,7,0.7251292482976043,0.4634455211919895,0.9933371906501018,0.7600144079044305,0.2333227827456713,0.9047619047619048,0.8181818181818182,0.08658008658008653
google_robot_pick_coke_can__seed000__step040,pick_coke_can,0,exploration,8,0.574830348825523,0.3131466217199082,0.9564712893088533,0.9331339551526989,0.023337334156154355,0.9047619047619048,0.6666666666666666,0.23809523809523814
google_robot_pick_coke_can__seed000__step040,pick_coke_can,0,exploration,9,0.47992358478144714,0.21823985767583237,0.9717701446923281,0.5107759830853401,0.46099416160698803,0.9047619047619048,0.3793103448275862,0.5254515599343186
google_robot_pick_coke_can__seed000__step040,pick_coke_can,0,exploration,10,0.5366185695751213,0.27493484246950656,0.9656759205390882,0.8860018347827863,0.07967408575630197,0.8181818181818182,0.5384615384615384,0.2797202797202798
google_robot_pick_coke_can__seed000__step040,pick_coke_can,0,exploration,11,0.6292393254178262,0.36755559831221146,0.9775407260659694,0.764743388778832,0.21279733728713746,0.9047619047619048,0.3793103448275862,0.5254515599343186
google_robot_pick_coke_can__seed000__step040,pick_coke_can,0,exploration,12,0.5372306723524792,0.27554694524686446,0.9347952615071815,0.8694705185922479,0.06532474291493362,0.9047619047619048,0.6666666666666666,0.23809523809523814
google_robot_pick_coke_can__seed000__step040,pick_coke_can,0,exploration,13,0.5883087993871305,0.32662507228151577,0.940270454634319,0.8147754174170596,0.1254950372172594,0.9047619047619048,0.7391304347826086,0.16563146997929612
google_robot_pick_coke_can__seed000__step040,pick_coke_can,0,exploration,14,0.6210212834633709,0.35933755635775616,0.988867404284233,0.6278670725190795,0.36100033176515356,0.9047619047619048,0.48148148148148145,0.4232804232804233
google_robot_pick_coke_can__seed000__step040,pick_coke_can,0,exploration,15,0.4101109493847443,0.14842722227912952,1.0000000000000002,0.6230806532831635,0.3769193467168367,1.0,0.6666666666666666,0.33333333333333337
google_robot_pick_coke_can__seed000__step040,pick_coke_can,0,exploration,16,0.5690610967883806,0.3073773696827658,0.9360968249856797,0.8497082658227547,0.08638855916292498,0.8181818181818182,0.7391304347826086,0.07905138339920958
google_robot_pick_coke_can__seed000__step040,pick_coke_can,0,exploration,17,0.5893806885440473,0.3276969614384326,0.9897011954661563,0.5843868291961538,0.4053143662700025,0.9047619047619048,0.6666666666666666,0.23809523809523814
google_robot_pick_coke_can__seed000__step040,pick_coke_can,0,exploration,18,0.45997798179518007,0.1982942546895653,0.976461560572329,0.8364139060227157,0.14004765454961332,0.9047619047619048,0.7391304347826086,0.16563146997929612
google_robot_pick_coke_can__seed000__step040,pick_coke_can,0,exploration,19,0.28223177236822267,0.020548045262607895,0.9483803431025578,0.8792584403880418,0.06912190271451601,0.8181818181818182,0.9047619047619048,-0.08658008658008653
google_robot_pick_coke_can__seed000__step040,pick_coke_can,0,exploration,20,0.49546175894726424,0.23377803184164947,0.9394323216939892,0.8946399976830096,0.044792324010979545,0.8181818181818182,0.8181818181818182,0.0
google_robot_pick_coke_can__seed000__step040,pick_coke_can,0,exploration,21,0.4027062798946233,0.14102255278900855,0.9152576035259337,0.8520578584956765,0.06319974503025716,0.7391304347826086,0.5384615384615384,0.2006688963210702
google_robot_pick_coke_can__seed000__step040,pick_coke_can,0,exploration,22,0.29640224800557,0.03471852089995525,0.9851336662331756,0.9507457831358375,0.03438788309733809,0.7391304347826086,0.7391304347826086,0.0
google_robot_pick_coke_can__seed000__step040,pick_coke_can,0,exploration,23,0.2654899068046333,0.0038061796990185304,0.9834098535834818,0.9462037084297276,0.0372061451537542,0.8181818181818182,0.7391304347826086,0.07905138339920958
google_robot_pick_coke_can__seed000__step040,pick_coke_can,0,exploration,24,0.3311941028652685,0.06951037575965374,0.9413145651154667,0.9600733641316653,-0.01875879901619859,0.7391304347826086,0.8181818181818182,-0.07905138339920958
google_robot_pick_coke_can__seed000__step040,pick_coke_can,0,exploration,25,0.3199910796323439,0.05830735252672914,0.9944496848347358,0.8837523298547381,0.11069735497999778,0.9047619047619048,0.8181818181818182,0.08658008658008653
google_robot_pick_coke_can__seed000__step040,pick_coke_can,0,exploration,26,0.4155791385316025,0.15389541142598773,0.7944041256492514,0.8658520505126162,-0.07144792486336471,0.8181818181818182,0.8181818181818182,0.0
google_robot_pick_coke_can__seed000__step040,pick_coke_can,0,exploration,27,0.2564733995584728,-0.0052103275471419574,0.8961602622101492,0.7962739975039512,0.09988626470619799,0.9047619047619048,0.8181818181818182,0.08658008658008653
google_robot_pick_coke_can__seed000__step040,pick_coke_can,0,exploration,28,0.2661876591010066,0.004503931995391841,0.8079615419275169,0.5502513135706887,0.2577102283568282,0.8181818181818182,0.6666666666666666,0.1515151515151516
google_robot_pick_coke_can__seed000__step040,pick_coke_can,0,exploration,29,0.4069249237569487,0.14524119665133395,0.6627012212700586,0.7059352832714675,-0.04323406200140889,0.7391304347826086,0.8181818181818182,-0.07905138339920958
google_robot_pick_coke_can__seed000__step040,pick_coke_can,0,exploration,30,0.25189997536185144,-0.009783751743763336,1.0,0.9357285245763219,0.06427147542367806,1.0,0.9047619047619048,0.09523809523809523
google_robot_pick_coke_can__seed000__step040,pick_coke_can,0,exploration,31,0.07802043450921094,-0.18366329259640385,0.8943997524984849,0.8986725203160804,-0.0042727678175954464,0.9047619047619048,0.7391304347826086,0.16563146997929612
google_robot_pick_coke_can__seed000__step071,pick_coke_can,0,exploration,0,0.167333383636146,0.49637397629925484,1.0,0.488562394033437,0.5114376059665631,1.0,0.8095238095238095,0.19047619047619047
google_robot_pick_coke_can__seed000__step071,pick_coke_can,0,exploration,1,0.33461006892943373,0.6636506615925426,1.0,1.0,0.0,1.0,1.0,0.0
google_robot_pick_coke_can__seed000__step071,pick_coke_can,0,exploration,2,0.22927286629023405,0.5583134589533428,0.8330405950407069,0.8304948938501369,0.002545701190570071,0.8095238095238095,0.9,-0.09047619047619049
google_robot_pick_coke_can__seed000__step071,pick_coke_can,0,exploration,3,0.34997427318461094,0.6790148658477198,0.9769203849382025,0.9800326849342534,-0.0031122999960508935,0.9,0.9,0.0
google_robot_pick_coke_can__seed000__step071,pick_coke_can,0,exploration,4,0.438956744877028,0.7679973375401368,0.9435695215859855,0.6263473346864169,0.3172221868995686,0.9,0.8095238095238095,0.09047619047619049
google_robot_pick_coke_can__seed000__step071,pick_coke_can,0,exploration,5,0.5350230427157635,0.8640636353788723,0.9764725911184788,0.8813542224527269,0.09511836866575196,0.9,0.8095238095238095,0.09047619047619049
google_robot_pick_coke_can__seed000__step071,pick_coke_can,0,exploration,6,0.3569321562850829,0.6859727489481917,0.9946725550268587,0.7466240280525588,0.2480485269742999,0.9,0.7272727272727273,0.17272727272727273
google_robot_pick_coke_can__seed000__step071,pick_coke_can,0,exploration,7,0.2613196793373065,0.5903602720004153,0.9962618766465264,-0.27689923670648287,1.2731611133530092,0.9,0.7272727272727273,0.17272727272727273
google_robot_pick_coke_can__seed000__step071,pick_coke_can,0,exploration,8,0.424549814970783,0.7535904076338917,0.746644068560009,0.8656836512372905,-0.11903958267728154,0.9,0.5833333333333334,0.31666666666666665
google_robot_pick_coke_can__seed000__step071,pick_coke_can,0,exploration,9,0.5443535830080978,0.8733941756712066,0.9302689235771379,0.37169645247055083,0.558572471106587,0.9,0.46153846153846156,0.43846153846153846
google_robot_pick_coke_can__seed000__step071,pick_coke_can,0,exploration,10,0.3420289410760849,0.6710695337391936,1.0,0.7574512446816901,0.24254875531830988,1.0,0.8095238095238095,0.19047619047619047
google_robot_pick_coke_can__seed000__step071,pick_coke_can,0,exploration,11,0.29397607713809487,0.6230166698012036,1.0,0.7838558527463414,0.2161441472536586,1.0,0.52,0.48
google_robot_pick_coke_can__seed000__step071,pick_coke_can,0,exploration,12,0.4072729601465152,0.7363135528096241,0.9529046551900063,0.7787932461079953,0.17411140908201106,0.9,0.6521739130434783,0.24782608695652175
google_robot_pick_coke_can__seed000__step071,pick_coke_can,0,exploration,13,0.3493988255092492,0.6784394181723581,1.0,0.6668258697601744,0.33317413023982556,1.0,0.7272727272727273,0.2727272727272727
google_robot_pick_coke_can__seed000__step071,pick_coke_can,0,exploration,14,0.08575487121881793,0.41479546388192673,0.6313686282377265,0.5359497404528958,0.09541888778483076,0.8095238095238095,0.52,0.2895238095238095
google_robot_pick_coke_can__seed000__step071,pick_coke_can,0,exploration,15,0.4363248830659387,0.7653654757290476,0.8182705721945993,0.8776945792869192,-0.059424007092319875,0.7272727272727273,0.8095238095238095,-0.08225108225108224
google_robot_pick_coke_can__seed000__step071,pick_coke_can,0,exploration,16,0.5082662676544359,0.8373068603175448,0.8208326035576589,0.8813241794176903,-0.0604915758600314,0.8095238095238095,0.7272727272727273,0.08225108225108224
google_robot_pick_coke_can__seed000__step071,pick_coke_can,0,exploration,17,0.32671090230386,0.6557514949669688,0.9925103384743744,0.8369798627698762,0.15553047570449818,0.9,0.6521739130434783,0.24782608695652175
google_robot_pick_coke_can__seed000__step071,pick_coke_can,0,exploration,18,0.15275494466583156,0.48179553732894037,0.8685024720425591,0.8220618333199253,0.04644063872263382,0.9,0.9,0.0
google_robot_pick_coke_can__seed000__step071,pick_coke_can,0,exploration,19,0.17080279798860684,0.4998433906517157,0.9848882356284254,1.0,-0.015111764371574576,0.9,1.0,-0.09999999999999998
google_robot_pick_coke_can__seed000__step071,pick_coke_can,0,exploration,20,0.028058991084473406,0.3570995837475822,0.880643556531381,0.8061097258305753,0.07453383070080577,0.9,0.7272727272727273,0.17272727272727273
google_robot_pick_coke_can__seed000__step071,pick_coke_can,0,exploration,21,0.23582583434392676,0.5648664270070356,0.9604016264672838,0.7737765545382,0.18662507192908373,0.9,0.5833333333333334,0.31666666666666665
google_robot_pick_coke_can__seed000__step071,pick_coke_can,0,exploration,22,0.14847512712347813,0.4775157197865869,0.6250846657352563,0.7010598918646882,-0.07597522612943186,0.8095238095238095,0.7272727272727273,0.08225108225108224
google_robot_pick_coke_can__seed000__step071,pick_coke_can,0,exploration,23,0.01071497743111896,0.33975557009422774,0.8441906657097179,0.8212208965921478,0.022969769117570094,0.7272727272727273,0.9,-0.17272727272727273
google_robot_pick_coke_can__seed000__step071,pick_coke_can,0,exploration,24,-0.002461383328022241,0.32657920933508655,0.9901281429112267,0.7428648922751195,0.2472632506361072,0.9,0.7272727272727273,0.17272727272727273
google_robot_pick_coke_can__seed000__step071,pick_coke_can,0,exploration,25,0.2808724929137876,0.6099130855768964,0.9949449983269093,0.618905978747828,0.37603901957908126,0.9,0.7272727272727273,0.17272727272727273
google_robot_pick_coke_can__seed000__step071,pick_coke_can,0,exploration,26,0.26773911477397777,0.5967797074370866,0.952967002357563,0.952967002357563,0.0,0.8095238095238095,0.8095238095238095,0.0
google_robot_pick_coke_can__seed000__step071,pick_coke_can,0,exploration,27,0.33859158638665837,0.6676321790497672,0.9627055206723948,0.985606689313058,-0.02290116864066316,0.9,0.9,0.0
google_robot_pick_coke_can__seed000__step071,pick_coke_can,0,exploration,28,0.3685066206395602,0.697547213302669,0.9301390930442621,0.8900896032062057,0.04004948983805645,0.9,0.9,0.0
google_robot_pick_coke_can__seed000__step071,pick_coke_can,0,exploration,29,0.21665738060165882,0.5456979732647677,0.8391465176065113,0.8377175022729727,0.0014290153335385636,0.8095238095238095,0.8095238095238095,0.0
google_robot_pick_coke_can__seed000__step071,pick_coke_can,0,exploration,30,0.3504691942663545,0.6795097869294633,0.9601878122702793,1.0,-0.03981218772972073,0.9,1.0,-0.09999999999999998
google_robot_pick_coke_can__seed000__step071,pick_coke_can,0,exploration,31,0.1941811692105825,0.5232217618736913,0.9532700781017945,0.7677862326874564,0.18548384541433816,0.8095238095238095,0.7272727272727273,0.08225108225108224
google_robot_pick_coke_can__seed001__step008,pick_coke_can,1,exploration,0,0.3806968200828305,0.21784733687400723,0.9940561888190773,1.0,-0.005943811180922687,0.9285714285714286,1.0,-0.0714285714285714
google_robot_pick_coke_can__seed001__step008,pick_coke_can,1,exploration,1,0.3297841555129659,0.16693467230414263,0.9833526283208501,1.0,-0.01664737167914987,0.9285714285714286,1.0,-0.0714285714285714
google_robot_pick_coke_can__seed001__step008,pick_coke_can,1,exploration,2,0.20060943104055126,0.03775994783172798,0.9065548241588225,1.0,-0.09344517584117751,0.8620689655172413,1.0,-0.13793103448275867
google_robot_pick_coke_can__seed001__step008,pick_coke_can,1,exploration,3,0.2773234198782084,0.11447393666938513,0.9674947187944221,0.9674947187944221,0.0,0.9285714285714286,0.9285714285714286,0.0
google_robot_pick_coke_can__seed001__step008,pick_coke_can,1,exploration,4,0.27190116456771696,0.10905168135889368,0.8720255804729256,0.9944453115746396,-0.122419731101714,0.8620689655172413,0.8620689655172413,0.0
google_robot_pick_coke_can__seed001__step008,pick_coke_can,1,exploration,5,0.23138722585079696,0.06853774264197368,0.8124879691846868,0.9353631678172588,-0.12287519863257201,0.8620689655172413,0.9285714285714286,-0.06650246305418728
google_robot_pick_coke_can__seed001__step008,pick_coke_can,1,exploration,6,0.3899016047250557,0.2270521215162324,1.0,0.9576385341019434,0.04236146589805656,1.0,0.8620689655172413,0.13793103448275867
google_robot_pick_coke_can__seed001__step008,pick_coke_can,1,exploration,7,0.3328661721763643,0.17001668896754105,0.6706974441687167,0.9275956987135827,-0.25689825454486603,0.8620689655172413,0.9285714285714286,-0.06650246305418728
google_robot_pick_coke_can__seed001__step008,pick_coke_can,1,exploration,8,0.4293707636902225,0.2665212804813992,0.7153682162728621,0.9352941829371221,-0.21992596666426,0.9285714285714286,0.9285714285714286,0.0
google_robot_pick_coke_can__seed001__step008,pick_coke_can,1,exploration,9,0.39372465971648607,0.2308751765076628,0.973899800406144,0.800700505250472,0.173199295155672,0.8620689655172413,0.8620689655172413,0.0
google_robot_pick_coke_can__seed001__step008,pick_coke_can,1,exploration,10,0.45202302317601967,0.2891735399671964,0.9575449351216524,0.6809997661131625,0.2765451690084899,0.8,0.6875,0.11250000000000004
google_robot_pick_coke_can__seed001__step008,pick_coke_can,1,exploration,11,0.3994317197328355,0.2365822365240122,0.946186188724497,0.8115977956903326,0.13458839303416437,0.9285714285714286,0.6875,0.2410714285714286
google_robot_pick_coke_can__seed001__step008,pick_coke_can,1,exploration,12,0.45884265910942784,0.2959931759006046,0.9415364306073611,0.7336377643205401,0.20789866628682108,0.8620689655172413,0.6875,0.17456896551724133
google_robot_pick_coke_can__seed001__step008,pick_coke_can,1,exploration,13,0.46647028959938575,0.30362080639056244,0.9798245667036078,0.6134101841742153,0.3664143825293925,0.9285714285714286,0.7419354838709677,0.18663594470046085
google_robot_pick_coke_can__seed001__step008,pick_coke_can,1,exploration,14,0.4842473307497943,0.321397847540971,0.8969556236820445,0.5709553885815227,0.3260002351005218,0.9285714285714286,0.6875,0.2410714285714286
google_robot_pick_coke_can__seed001__step008,pick_coke_can,1,exploration,15,0.2153210778033343,0.052471594594511006,0.8942218946257197,0.8806356856858418,0.01358620893987783,0.8620689655172413,0.6363636363636364,0.22570532915360497
google_robot_pick_coke_can__seed001__step008,pick_coke_can,1,exploration,16,0.32879969825286226,0.16595021504403898,1.0,0.8491647187529949,0.15083528124700507,1.0,0.6875,0.3125
google_robot_pick_coke_can__seed001__step008,pick_coke_can,1,exploration,17,0.48521331295152265,0.3223638297426994,0.9640537727224583,0.5700407975582588,0.39401297516419953,0.8620689655172413,0.6363636363636364,0.22570532915360497
google_robot_pick_coke_can__seed001__step008,pick_coke_can,1,exploration,18,0.3515448589834196,0.1886953757745963,0.7959086922099307,0.7801147176213209,0.01579397458860976,0.7419354838709677,0.6875,0.05443548387096775
google_robot_pick_coke_can__seed001__step008,pick_coke_can,1,exploration,19,0.39193823520805077,0.22908875199922749,0.9844227882493471,0.7760211574244192,0.2084016308249279,0.7419354838709677,0.8,-0.058064516129032295
google_robot_pick_coke_can__seed001__step008,pick_coke_can,1,exploration,20,0.2409169966503449,0.07806751344152163,0.9451900073977355,0.9119445292415396,0.03324547815619594,0.8,0.8,0.0
google_robot_pick_coke_can__seed001__step008,pick_coke_can,1,exploration,21,0.4583157778489096,0.29546629464008634,0.6702157380592167,0.7070579126580028,-0.036842174598786026,0.8620689655172413,0.9285714285714286,-0.06650246305418728
google_robot_pick_coke_can__seed001__step008,pick_coke_can,1,exploration,22,0.35422967153960255,0.19138018833077927,0.9395610352163867,0.8307703793620589,0.10879065585432779,0.8,0.8620689655172413,-0.06206896551724128
google_robot_pick_coke_can__seed001__step008,pick_coke_can,1,exploration,23,0.337412746463144,0.17456326325432073,0.9818870592880126,0.9946930390132027,-0.012805979725190153,0.9285714285714286,0.9285714285714286,0.0
google_robot_pick_coke_can__seed001__step008,pick_coke_can,1,exploration,24,0.371731364203779,0.20888188099495572,0.9773395530740965,0.9875771402520854,-0.01023758717798895,0.9285714285714286,0.9285714285714286,0.0
google_robot_pick_coke_can__seed001__step008,pick_coke_can,1,exploration,25,0.3720669004366028,0.2092174172277795,0.9714173782442393,1.0,-0.02858262175576065,0.9285714285714286,1.0,-0.0714285714285714
google_robot_pick_coke_can__seed001__step008,pick_coke_can,1,exploration,26,0.3604779266019357,0.19762844339311245,0.9821913365127948,1.0,-0.017808663487205223,0.9285714285714286,1.0,-0.0714285714285714
google_robot_pick_coke_can__seed001__step008,pick_coke_can,1,exploration,27,0.3601060069276751,0.1972565237188518,0.9939746695804081,1.0,-0.006025330419591857,0.9285714285714286,1.0,-0.0714285714285714
google_robot_pick_coke_can__seed001__step008,pick_coke_can,1,exploration,28,0.36668766656358903,0.20383818335476575,1.0,0.9927978426738612,0.007202157326138825,1.0,0.9285714285714286,0.0714285714285714
google_robot_pick_coke_can__seed001__step008,pick_coke_can,1,exploration,29,0.3663725734915757,0.20352309028275242,0.9894478001310397,0.9911001713552943,-0.0016523712242545452,0.9285714285714286,0.9285714285714286,0.0
google_robot_pick_coke_can__seed001__step008,pick_coke_can,1,exploration,30,0.3606792726016725,0.1978297893928492,1.0,0.9974020978907999,0.0025979021092000787,1.0,0.9285714285714286,0.0714285714285714
google_robot_pick_coke_can__seed001__step008,pick_coke_can,1,exploration,31,0.39533896613196057,0.2324894829231373,0.960630054313926,0.9408872185433178,0.019742835770608202,0.8620689655172413,0.9285714285714286,-0.06650246305418728
google_robot_pick_coke_can__seed001__step040,pick_coke_can,1,exploration,0,0.09682485807651142,-0.2077551216428259,1.0,1.0,0.0,1.0,1.0,0.0
google_robot_pick_coke_can__seed001__step040,pick_coke_can,1,exploration,1,-0.016954912415065516,-0.32153489213440284,0.6115221396757213,0.9583947392159738,-0.3468725995402525,0.9354838709677419,0.9354838709677419,0.0
google_robot_pick_coke_can__seed001__step040,pick_coke_can,1,exploration,2,-0.14830151194940486,-0.45288149166874214,0.9955681460213676,0.9642482162646512,0.03131992975671638,0.9354838709677419,0.9354838709677419,0.0
google_robot_pick_coke_can__seed001__step040,pick_coke_can,1,exploration,3,-0.09430529505266864,-0.39888527477200597,0.9839247699123136,0.9839247699123136,0.0,0.875,0.875,0.0
google_robot_pick_coke_can__seed001__step040,pick_coke_can,1,exploration,4,0.07477866356211915,-0.22980131615721816,0.9923814941964637,0.9095886916553493,0.08279280254111443,0.9354838709677419,0.875,0.06048387096774188
google_robot_pick_coke_can__seed001__step040,pick_coke_can,1,exploration,5,-0.030675993610779773,-0.3352559733301171,0.9330614138441135,0.921445489502903,0.011615924341210504,0.8181818181818182,0.8181818181818182,0.0
google_robot_pick_coke_can__seed001__step040,pick_coke_can,1,exploration,6,0.1843643979446156,-0.12021558177472172,0.9641510315468675,0.9585056123083603,0.005645419238507254,0.9354838709677419,0.8181818181818182,0.11730205278592365
google_robot_pick_coke_can__seed001__step040,pick_coke_can,1,exploration,7,0.3434587033119227,0.038878723592585374,0.9866945132863701,0.9398299149777215,0.04686459830864864,0.875,0.875,0.0
google_robot_pick_coke_can__seed001__step040,pick_coke_can,1,exploration,8,-0.07140499737804851,-0.3759849770973858,0.8469693002716682,0.9724281629811059,-0.12545886270943774,0.875,0.875,0.0
google_robot_pick_coke_can__seed001__step040,pick_coke_can,1,exploration,9,0.07493412837884798,-0.22964585134048932,0.8967834176306452,0.8853201749199874,0.011463242710657795,0.875,0.8181818181818182,0.05681818181818177
google_robot_pick_coke_can__seed001__step040,pick_coke_can,1,exploration,10,0.16806091754262154,-0.13651906217671578,0.8899752985395729,0.9506144571350262,-0.060639158595453324,0.7142857142857143,0.8181818181818182,-0.10389610389610393
google_robot_pick_coke_can__seed001__step040,pick_coke_can,1,exploration,11,0.2640891497214117,-0.04049082999792564,0.9746479685124915,0.9366966506541359,0.03795131785835559,0.8181818181818182,0.7142857142857143,0.10389610389610393
google_robot_pick_coke_can__seed001__step040,pick_coke_can,1,exploration,12,0.2912496276996292,-0.013330352019708114,0.9792108590602013,0.8575426393763919,0.12166821968380948,0.875,0.7647058823529411,0.11029411764705888
google_robot_pick_coke_can__seed001__step040,pick_coke_can,1,exploration,13,0.25759520617194015,-0.04698477354739716,0.973794555112538,0.9704298186359935,0.00336473647654445,0.9354838709677419,0.9354838709677419,0.0
google_robot_pick_coke_can__seed001__step040,pick_coke_can,1,exploration,14,0.19569132212511828,-0.10888865759421903,0.9882333323454215,0.7566355609619371,0.23159777138348447,0.9354838709677419,0.7647058823529411,0.17077798861480076
google_robot_pick_coke_can__seed001__step040,pick_coke_can,1,exploration,15,0.2761242244116757,-0.02845575530766159,1.0,0.998948360594992,0.0010516394050079647,1.0,0.9354838709677419,0.06451612903225812
google_robot_pick_coke_can__seed001__step040,pick_coke_can,1,exploration,16,0.38197666535204416,0.07739668563270685,0.9948074687303468,0.9682553166366602,0.026552152093686554,0.9354838709677419,0.875,0.06048387096774188
google_robot_pick_coke_can__seed001__step040,pick_coke_can,1,exploration,17,0.3199025314067907,0.01532255168745339,0.9340026101667888,0.8958519526406493,0.03815065752613944,0.8181818181818182,0.7142857142857143,0.10389610389610393
google_robot_pick_coke_can__seed001__step040,pick_coke_can,1,exploration,18,0.4448177249017133,0.14023774518237597,0.9341057796931646,0.8627681620695031,0.07133761762366142,0.7647058823529411,0.7142857142857143,0.05042016806722682
google_robot_pick_coke_can__seed001__step040,pick_coke_can,1,exploration,19,0.6741805103311854,0.3696005306118481,0.9926148170195935,0.9989671236107219,-0.006352306591128398,0.875,0.9354838709677419,-0.06048387096774188
google_robot_pick_coke_can__seed001__step040,pick_coke_can,1,exploration,20,0.19853180805951,-0.1060481716598273,0.9942582617460373,0.6430904886505353,0.35116777309550196,0.9354838709677419,0.8181818181818182,0.11730205278592365
google_robot_pick_coke_can__seed001__step040,pick_coke_can,1,exploration,21,0.3633246143422355,0.058744634622898195,0.7680889296352914,0.9748306543299682,-0.20674172469467678,0.8181818181818182,0.9354838709677419,-0.11730205278592365
google_robot_pick_coke_can__seed001__step040,pick_coke_can,1,exploration,22,0.3447988619628715,0.040218882243534204,0.5987462142546194,0.9544287018633341,-0.3556824876087147,0.7647058823529411,0.8181818181818182,-0.05347593582887711
google_robot_pick_coke_can__seed001__step040,pick_coke_can,1,exploration,23,0.29929193830359013,-0.00528804141574718,0.8285962401478372,0.6178450618158252,0.21075117833201196,0.8181818181818182,0.7647058823529411,0.05347593582887711
google_robot_pick_coke_can__seed001__step040,pick_coke_can,1,exploration,24,0.5384140598358512,0.2338340801165139,0.9559725222915635,0.9189772009739933,0.03699532131757022,0.8181818181818182,0.875,-0.05681818181818177
google_robot_pick_coke_can__seed001__step040,pick_coke_can,1,exploration,25,0.5601184318275886,0.25553845210825127,0.9693096934309948,0.9743667294917099,-0.005057036060715059,0.7647058823529411,0.875,-0.11029411764705888
google_robot_pick_coke_can__seed001__step040,pick_coke_can,1,exploration,26,0.5073029332776454,0.2027229535583081,0.9608626796633096,0.9722010621182635,-0.011338382454953888,0.8181818181818182,0.875,-0.05681818181818177
google_robot_pick_coke_can__seed001__step040,pick_coke_can,1,exploration,27,0.49920726575745694,0.19462728603811963,0.9129419176228443,0.9795426265598292,-0.06660070893698489,0.9354838709677419,0.875,0.06048387096774188
google_robot_pick_coke_can__seed001__step040,pick_coke_can,1,exploration,28,0.5646385132978459,0.26005853357850856,0.9472771938104629,0.659033764732514,0.288243429077949,0.8181818181818182,0.875,-0.05681818181818177
google_robot_pick_coke_can__seed001__step040,pick_coke_can,1,exploration,29,0.5157767028988022,0.21119672317946486,0.9979162812892374,0.9979162812892374,0.0,0.9354838709677419,0.9354838709677419,0.0
google_robot_pick_coke_can__seed001__step040,pick_coke_can,1,exploration,30,0.49395176835398313,0.18937178863464582,0.9868699909986822,0.9803779683892012,0.006492022609481007,0.875,0.875,0.0
google_robot_pick_coke_can__seed001__step040,pick_coke_can,1,exploration,31,0.5922412191022743,0.28766123938293703,0.9531725646048018,0.9954766990880493,-0.042304134483247435,0.875,0.9354838709677419,-0.06048387096774188
google_robot_pick_coke_can__seed001__step071,pick_coke_can,1,exploration,0,0.0071099735795778956,0.21662965721961047,0.5754223824633858,0.5754223824633858,0.0,0.9166666666666666,0.9166666666666666,0.0
google_robot_pick_coke_can__seed001__step071,pick_coke_can,1,exploration,1,-0.07366287273165996,0.1358568109083726,0.9541862353252736,1.0,-0.04581376467472642,0.9166666666666666,1.0,-0.08333333333333337
google_robot_pick_coke_can__seed001__step071,pick_coke_can,1,exploration,2,-0.00984111538146276,0.1996785682585698,0.9222347031388155,1.0,-0.0777652968611845,0.84,1.0,-0.16000000000000003
google_robot_pick_coke_can__seed001__step071,pick_coke_can,1,exploration,3,0.11381190590839292,0.3233315895484255,0.9821457227083057,0.9830558813713454,-0.000910158663039673,0.84,0.9166666666666666,-0.07666666666666666
google_robot_pick_coke_can__seed001__step071,pick_coke_can,1,exploration,4,0.1201699076473373,0.32968959128736985,0.9946941829570295,0.9050302898882178,0.08966389306881173,0.9166666666666666,0.84,0.07666666666666666
google_robot_pick_coke_can__seed001__step071,pick_coke_can,1,exploration,5,0.16180626279159688,0.3713259464316294,0.9932773179797687,0.981681052399488,0.011596265580280707,0.9166666666666666,0.9166666666666666,0.0
google_robot_pick_coke_can__seed001__step071,pick_coke_can,1,exploration,6,0.0032332714769341595,0.21275295511696674,0.975661615299272,0.9768699790558152,-0.001208363756543207,0.9166666666666666,0.9166666666666666,0.0
google_robot_pick_coke_can__seed001__step071,pick_coke_can,1,exploration,7,0.35390321043077444,0.563422894070807,0.8473664279420831,0.8751496059741982,-0.027783178032115163,0.7692307692307693,0.84,-0.0707692307692307
google_robot_pick_coke_can__seed001__step071,pick_coke_can,1,exploration,8,0.03503184276057017,0.24455152640060274,1.0,0.8470611794732403,0.15293882052675967,1.0,0.7692307692307693,0.23076923076923073
google_robot_pick_coke_can__seed001__step071,pick_coke_can,1,exploration,9,0.14084143018457587,0.35036111382460844,0.8180562225290404,0.9319189864137251,-0.11386276388468464,0.9166666666666666,0.84,0.07666666666666666
google_robot_pick_coke_can__seed001__step071,pick_coke_can,1,exploration,10,0.1309732145010938,0.3404928981411264,0.9826023068034923,0.8666527160900466,0.11594959071344568,0.9166666666666666,0.84,0.07666666666666666
google_robot_pick_coke_can__seed001__step071,pick_coke_can,1,exploration,11,0.25116440761665043,0.46068409125668297,1.0,0.6409446955660533,0.35905530443394673,1.0,0.6428571428571429,0.3571428571428571
google_robot_pick_coke_can__seed001__step071,pick_coke_can,1,exploration,12,0.41398208028838646,0.623501763928419,0.9810854988937209,0.817107459157711,0.16397803973600988,0.9166666666666666,0.7037037037037037,0.2129629629629629
google_robot_pick_coke_can__seed001__step071,pick_coke_can,1,exploration,13,0.42826301700474767,0.6377827006447803,1.0,0.596815776930724,0.40318422306927604,1.0,0.9166666666666666,0.08333333333333337
google_robot_pick_coke_can__seed001__step071,pick_coke_can,1,exploration,14,0.4423721591609788,0.6518918428010113,0.9758931741978247,0.7214575574759605,0.2544356167218642,0.9166666666666666,0.7037037037037037,0.2129629629629629
google_robot_pick_coke_can__seed001__step071,pick_coke_can,1,exploration,15,0.1206482791024844,0.330167962742517,0.9961665958191582,0.8691420386086112,0.12702455721054706,0.9166666666666666,0.84,0.07666666666666666
google_robot_pick_coke_can__seed001__step071,pick_coke_can,1,exploration,16,0.02075114321210948,0.23027082685214204,0.9135383384190994,0.9061023658082367,0.007435972610862707,0.84,0.7037037037037037,0.13629629629629625
google_robot_pick_coke_can__seed001__step071,pick_coke_can,1,exploration,17,0.2617178517061721,0.4712375353462047,0.8729054708613463,0.6232519594299254,0.2496535114314209,0.84,0.7037037037037037,0.13629629629629625
google_robot_pick_coke_can__seed001__step071,pick_coke_can,1,exploration,18,0.12662738547785712,0.3361470691178897,0.7462933526313411,0.6998622508244772,0.04643110180686394,0.84,0.7692307692307693,0.0707692307692307
google_robot_pick_coke_can__seed001__step071,pick_coke_can,1,exploration,19,0.20368738693554436,0.41320707057557693,0.9431577512272176,0.9831425284718188,-0.039984777244601255,0.9166666666666666,0.9166666666666666,0.0
google_robot_pick_coke_can__seed001__step071,pick_coke_can,1,exploration,20,0.10169750735667882,0.3112171909967114,0.9484801691466421,1.0,-0.05151983085335787,0.84,1.0,-0.16000000000000003
google_robot_pick_coke_can__seed001__step071,pick_coke_can,1,exploration,21,0.1734679846584867,0.38298766829851927,0.8947869712853941,0.8786382916563212,0.01614867962907285,0.9166666666666666,0.7692307692307693,0.14743589743589736
google_robot_pick_coke_can__seed001__step071,pick_coke_can,1,exploration,22,0.15394292528166556,0.3634626089216981,0.8924191115231036,0.9839738196230522,-0.09155470809994859,0.7692307692307693,0.9166666666666666,-0.14743589743589736
google_robot_pick_coke_can__seed001__step071,pick_coke_can,1,exploration,23,0.09130130657529399,0.30082099021532654,0.9821169336674153,0.9803347869534974,0.0017821467139178537,0.84,0.9166666666666666,-0.07666666666666666
google_robot_pick_coke_can__seed001__step071,pick_coke_can,1,exploration,24,0.025347767773571988,0.23486745141360454,0.9021762435714784,0.8863235402732093,0.015852703298269155,0.9166666666666666,0.84,0.07666666666666666
google_robot_pick_coke_can__seed001__step071,pick_coke_can,1,exploration,25,0.2291980165337996,0.43871770017383216,0.9773780785514395,0.786903305501113,0.19047477305032656,0.84,0.9166666666666666,-0.07666666666666666
google_robot_pick_coke_can__seed001__step071,pick_coke_can,1,exploration,26,0.21777246270340767,0.42729214634344026,0.9138246650096992,0.9826118939021868,-0.06878722889248767,0.7692307692307693,0.84,-0.0707692307692307
google_robot_pick_coke_can__seed001__step071,pick_coke_can,1,exploration,27,0.2597847322063282,0.46930441584636073,1.0,0.9414018310007846,0.05859816899921544,1.0,0.7692307692307693,0.23076923076923073
google_robot_pick_coke_can__seed001__step071,pick_coke_can,1,exploration,28,0.27919123520658423,0.48871091884661677,0.9490731647352563,0.9576371632625159,-0.008563998527259642,0.84,0.9166666666666666,-0.07666666666666666
google_robot_pick_coke_can__seed001__step071,pick_coke_can,1,exploration,29,0.2032644782914673,0.41278416193149986,0.9972432165337645,0.9972432165337645,0.0,0.9166666666666666,0.9166666666666666,0.0
google_robot_pick_coke_can__seed001__step071,pick_coke_can,1,exploration,30,0.10351499244406126,0.31303467608409385,1.0,0.969399986913464,0.030600013086536038,1.0,0.9166666666666666,0.08333333333333337
google_robot_pick_coke_can__seed001__step071,pick_coke_can,1,exploration,31,0.43816493263322864,0.6476846162732612,0.989209699680003,0.979515498464608,0.009694201215395104,0.9166666666666666,0.84,0.07666666666666666
google_robot_pick_coke_can__seed003__step008,pick_coke_can,3,validation,0,0.4877978048898988,0.19103922002087148,1.0,1.0,0.0,1.0,1.0,0.0
google_robot_pick_coke_can__seed003__step008,pick_coke_can,3,validation,1,0.5859921086276348,0.2892335237586075,0.9332217667439938,0.9675790890797935,-0.03435732233579969,0.9473684210526315,0.9473684210526315,0.0
google_robot_pick_coke_can__seed003__step008,pick_coke_can,3,validation,2,0.5738497903427777,0.2770912054737504,0.9663864312102107,1.0,-0.03361356878978927,0.8974358974358975,1.0,-0.10256410256410253
google_robot_pick_coke_can__seed003__step008,pick_coke_can,3,validation,3,0.5618708656740533,0.26511228080502597,0.9386067750400486,0.9690738432198462,-0.030467068179797607,0.9473684210526315,0.9473684210526315,0.0
google_robot_pick_coke_can__seed003__step008,pick_coke_can,3,validation,4,0.42885898412345774,0.1321003992544304,0.940389791011868,0.9453191929666828,-0.004929401954814727,0.9473684210526315,0.8974358974358975,0.04993252361673406
google_robot_pick_coke_can__seed003__step008,pick_coke_can,3,validation,5,0.4720414781641022,0.17528289329507485,0.802922553960154,1.0,-0.197077446039846,0.85,1.0,-0.15000000000000002
google_robot_pick_coke_can__seed003__step008,pick_coke_can,3,validation,6,0.47412654891916345,0.1773679640501361,0.9926829635798815,0.9613075392680526,0.03137542431182894,0.9473684210526315,0.8974358974358975,0.04993252361673406
google_robot_pick_coke_can__seed003__step008,pick_coke_can,3,validation,7,0.3456389460510347,0.04888036118200734,0.9911470011472742,0.6223067655499424,0.3688402355973318,0.8974358974358975,0.8048780487804879,0.09255784865540961
google_robot_pick_coke_can__seed003__step008,pick_coke_can,3,validation,8,0.4390515705555809,0.14229298568655357,0.9019810666984611,0.8562979382225387,0.045683128475922374,0.8974358974358975,0.7619047619047619,0.1355311355311356
google_robot_pick_coke_can__seed003__step008,pick_coke_can,3,validation,9,0.401696745667119,0.10493816079809165,0.7192542958355496,0.6274883582451751,0.09176593759037444,0.7619047619047619,0.7209302325581395,0.04097452934662238
google_robot_pick_coke_can__seed003__step008,pick_coke_can,3,validation,10,0.45530527177986563,0.15854668691083829,0.9570605139116553,0.7144830423804494,0.2425774715312059,0.9473684210526315,0.85,0.09736842105263155
google_robot_pick_coke_can__seed003__step008,pick_coke_can,3,validation,11,0.3915489121113806,0.09479032724235326,0.9502117068138002,0.8915323284992409,0.05867937831455927,0.85,0.6818181818181818,0.1681818181818182
google_robot_pick_coke_can__seed003__step008,pick_coke_can,3,validation,12,0.46116644292504105,0.1644078580560137,0.9457609524982273,0.8329653019844043,0.11279565051382301,0.85,0.7209302325581395,0.1290697674418605
google_robot_pick_coke_can__seed003__step008,pick_coke_can,3,validation,13,0.38019756270089333,0.08343897783186599,0.9910009219895923,0.7319160056955196,0.2590849162940727,0.9473684210526315,0.85,0.09736842105263155
google_robot_pick_coke_can__seed003__step008,pick_coke_can,3,validation,14,0.4481898358072483,0.15143125093822096,0.7750748475930597,0.7739617400643293,0.0011131075287303949,0.7619047619047619,0.6818181818181818,0.0800865800865801
google_robot_pick_coke_can__seed003__step008,pick_coke_can,3,validation,15,0.587192354524206,0.2904337696551787,0.9770654047400683,0.6078498927889097,0.36921551195115865,0.9473684210526315,0.7619047619047619,0.18546365914786966
google_robot_pick_coke_can__seed003__step008,pick_coke_can,3,validation,16,0.5639996196986338,0.2672410348296064,0.8678200340278107,0.5297935538316216,0.3380264801961891,0.85,0.6818181818181818,0.1681818181818182
google_robot_pick_coke_can__seed003__step008,pick_coke_can,3,validation,17,0.5186497186775618,0.22189113380853448,0.9266992124609322,0.7046329162979011,0.22206629616303108,0.8974358974358975,0.85,0.04743589743589749
google_robot_pick_coke_can__seed003__step008,pick_coke_can,3,validation,18,0.5366306534848965,0.23987206861586913,0.8869522154937147,0.6634790167762902,0.22347319871742455,0.85,0.8048780487804879,0.045121951219512124
google_robot_pick_coke_can__seed003__step008,pick_coke_can,3,validation,19,0.46614056983035107,0.16938198496132373,0.993315284108666,0.9351263649207565,0.05818891918790947,0.8974358974358975,0.9473684210526315,-0.04993252361673406
google_robot_pick_coke_can__seed003__step008,pick_coke_can,3,validation,20,0.438719595829925,0.14196101096089764,0.5744405220436356,0.732556154460902,-0.15811563241726645,0.7619047619047619,0.7209302325581395,0.04097452934662238
google_robot_pick_coke_can__seed003__step008,pick_coke_can,3,validation,21,0.4876976008749055,0.19093901600587815,0.8897774059469779,0.4944903715304389,0.39528703441653895,0.85,0.85,0.0
google_robot_pick_coke_can__seed003__step008,pick_coke_can,3,validation,22,0.4156561771020071,0.11889759223297974,0.6272325443055992,0.8268407056091811,-0.19960816130358194,0.8048780487804879,0.85,-0.045121951219512124
google_robot_pick_coke_can__seed003__step008,pick_coke_can,3,validation,23,0.4503451428929906,0.15358655802396326,0.7307388429427192,0.9577030178642699,-0.22696417492155074,0.85,0.9473684210526315,-0.09736842105263155
google_robot_pick_coke_can__seed003__step008,pick_coke_can,3,validation,24,0.43416907272018235,0.137410487851155,0.8818797116469043,0.9732054779842375,-0.09132576633733325,0.85,0.9473684210526315,-0.09736842105263155
google_robot_pick_coke_can__seed003__step008,pick_coke_can,3,validation,25,0.4336085337687469,0.13684994889971958,0.9881181733861427,1.0,-0.011881826613857283,0.8974358974358975,1.0,-0.10256410256410253
google_robot_pick_coke_can__seed003__step008,pick_coke_can,3,validation,26,0.4261417865471237,0.12938320167809636,0.988790851114838,0.9503577538451129,0.0384330972697251,0.8974358974358975,0.8974358974358975,0.0
google_robot_pick_coke_can__seed003__step008,pick_coke_can,3,validation,27,0.44227465332442256,0.14551606845539522,1.0,1.0,0.0,1.0,1.0,0.0
google_robot_pick_coke_can__seed003__step008,pick_coke_can,3,validation,28,0.43100766469016966,0.13424907982114231,0.841482493718492,0.9889630613995352,-0.14748056768104312,0.8974358974358975,0.9473684210526315,-0.04993252361673406
google_robot_pick_coke_can__seed003__step008,pick_coke_can,3,validation,29,0.445823286826492,0.14906470195746468,0.9729026639820667,0.9670071750396313,0.005895488942435412,0.85,0.85,0.0
google_robot_pick_coke_can__seed003__step008,pick_coke_can,3,validation,30,0.4648158172212806,0.16805723235225328,0.9873520816044746,0.9838796139680706,0.003472467636404075,0.9473684210526315,0.9473684210526315,0.0
google_robot_pick_coke_can__seed003__step008,pick_coke_can,3,validation,31,0.39231888208184773,0.09556029721282039,0.9926237770302134,1.0,-0.007376222969786572,0.9473684210526315,1.0,-0.052631578947368474
google_robot_pick_coke_can__seed003__step040,pick_coke_can,3,validation,0,-0.31631775574532095,-0.6282673874147402,1.0,1.0,0.0,1.0,1.0,0.0
google_robot_pick_coke_can__seed003__step040,pick_coke_can,3,validation,1,0.20995502398366447,-0.10199460768575483,0.9690479276026926,1.0,-0.03095207239730735,0.9393939393939394,1.0,-0.06060606060606055
google_robot_pick_coke_can__seed003__step040,pick_coke_can,3,validation,2,0.2985557455037364,-0.013393886165682878,0.9701782290535732,1.0,-0.029821770946426795,0.9393939393939394,1.0,-0.06060606060606055
google_robot_pick_coke_can__seed003__step040,pick_coke_can,3,validation,3,-0.3355862512904156,-0.6475358829598349,1.0,0.983957364808219,0.016042635191780952,1.0,0.8823529411764706,0.11764705882352944
google_robot_pick_coke_can__seed003__step040,pick_coke_can,3,validation,4,-0.19551054479765098,-0.5074601764670703,0.8069139641958767,0.748414544431192,0.058499419764684646,0.9393939393939394,0.8285714285714286,0.11082251082251082
google_robot_pick_coke_can__seed003__step040,pick_coke_can,3,validation,5,-0.2759504301972077,-0.587900061866627,0.8847887395380587,0.9225364338066709,-0.03774769426861224,0.8823529411764706,0.8823529411764706,0.0
google_robot_pick_coke_can__seed003__step040,pick_coke_can,3,validation,6,0.1596418959320394,-0.1523077357373799,0.9603353779881956,0.8494703280825804,0.11086504990561519,0.8823529411764706,0.8823529411764706,0.0
google_robot_pick_coke_can__seed003__step040,pick_coke_can,3,validation,7,-0.1286732482060616,-0.4406228798754809,0.783237419493395,0.6829447792473028,0.10029264024609219,0.9393939393939394,0.8823529411764706,0.057040998217468886
google_robot_pick_coke_can__seed003__step040,pick_coke_can,3,validation,8,0.09195536709435721,-0.2199942645750621,0.9062193955152558,0.774254120911862,0.1319652746033938,0.8823529411764706,0.8285714285714286,0.05378151260504194
google_robot_pick_coke_can__seed003__step040,pick_coke_can,3,validation,9,0.03190021046630067,-0.28004942120311865,0.9883699757153134,0.9626484519039086,0.0257215238114048,0.9393939393939394,0.8285714285714286,0.11082251082251082
google_robot_pick_coke_can__seed003__step040,pick_coke_can,3,validation,10,-0.15349785082803977,-0.46544748249745904,0.8076243747299657,0.9268015690732018,-0.11917719434323604,0.8823529411764706,0.8285714285714286,0.05378151260504194
google_robot_pick_coke_can__seed003__step040,pick_coke_can,3,validation,11,-0.10319594372973791,-0.4151455753991572,0.8691803159417245,0.8987788905637997,-0.029598574622075158,0.8823529411764706,0.8823529411764706,0.0
google_robot_pick_coke_can__seed003__step040,pick_coke_can,3,validation,12,-0.13342821955093997,-0.4453778512203593,0.9926636493096371,1.0,-0.0073363506903628695,0.9393939393939394,1.0,-0.06060606060606055
google_robot_pick_coke_can__seed003__step040,pick_coke_can,3,validation,13,0.010332731272983836,-0.30161690039643546,0.8699317150013792,0.8441397193749216,0.02579199562645762,0.8285714285714286,0.8285714285714286,0.0
google_robot_pick_coke_can__seed003__step040,pick_coke_can,3,validation,14,0.05517564807609917,-0.25677398359332015,0.715172037362514,0.8996139624544616,-0.18444192509194757,0.8285714285714286,0.8823529411764706,-0.05378151260504194
google_robot_pick_coke_can__seed003__step040,pick_coke_can,3,validation,15,0.312957595771946,0.0010079641025266817,0.9827914365445758,0.98351624888149,-0.0007248123369142379,0.8823529411764706,0.8823529411764706,0.0
google_robot_pick_coke_can__seed003__step040,pick_coke_can,3,validation,16,0.12969557892838934,-0.18225405274102996,0.8224879188073567,0.9825377065001214,-0.16004978769276468,0.8823529411764706,0.9393939393939394,-0.057040998217468886
google_robot_pick_coke_can__seed003__step040,pick_coke_can,3,validation,17,-0.05344482906037035,-0.36539446072978965,0.9909599785285335,0.9909599785285335,0.0,0.9393939393939394,0.9393939393939394,0.0
google_robot_pick_coke_can__seed003__step040,pick_coke_can,3,validation,18,-0.024524766593497116,-0.3364743982629164,0.9892903077383327,0.9794158564021269,0.009874451336205792,0.9393939393939394,0.8823529411764706,0.057040998217468886
google_robot_pick_coke_can__seed003__step040,pick_coke_can,3,validation,19,-0.054073555563302365,-0.36602318723272165,0.8700399845183582,0.8331486165888814,0.03689136792947678,0.8823529411764706,0.9393939393939394,-0.057040998217468886
google_robot_pick_coke_can__seed003__step040,pick_coke_can,3,validation,20,-0.16031669558026543,-0.47226632724968476,0.9148721958216708,0.8706836262195335,0.04418856960213724,0.9393939393939394,0.9393939393939394,0.0
google_robot_pick_coke_can__seed003__step040,pick_coke_can,3,validation,21,-0.3561976463817793,-0.6681472780511986,0.9759328435153926,0.8760859596212653,0.09984688389412721,0.9393939393939394,0.9393939393939394,0.0
google_robot_pick_coke_can__seed003__step040,pick_coke_can,3,validation,22,-0.36047943866832705,-0.6724290703377463,0.9936091137885771,0.9906367453901925,0.0029723683983845506,0.9393939393939394,0.9393939393939394,0.0
google_robot_pick_coke_can__seed003__step040,pick_coke_can,3,validation,23,-0.385571373731932,-0.6975210054013513,0.9571516650083834,1.0,-0.042848334991616555,0.8823529411764706,1.0,-0.11764705882352944
google_robot_pick_coke_can__seed003__step040,pick_coke_can,3,validation,24,-0.4262567074341998,-0.7382063391036191,1.0,1.0,0.0,1.0,1.0,0.0
google_robot_pick_coke_can__seed003__step040,pick_coke_can,3,validation,25,-0.44369735931146853,-0.7556469909808878,0.9750675856763066,0.9941947100852695,-0.019127124408962914,0.9393939393939394,0.9393939393939394,0.0
google_robot_pick_coke_can__seed003__step040,pick_coke_can,3,validation,26,-0.41741163742789594,-0.7293612690973152,0.9951367004965084,0.9896065531130708,0.0055301473834376,0.9393939393939394,0.9393939393939394,0.0
google_robot_pick_coke_can__seed003__step040,pick_coke_can,3,validation,27,-0.3868806680786818,-0.6988302997481011,0.9728771856026529,1.0,-0.027122814397347095,0.8823529411764706,1.0,-0.11764705882352944
google_robot_pick_coke_can__seed003__step040,pick_coke_can,3,validation,28,-0.3451636491406876,-0.6571132808101069,0.9680559091441601,0.9859516149170893,-0.017895705772929205,0.8823529411764706,0.9393939393939394,-0.057040998217468886
google_robot_pick_coke_can__seed003__step040,pick_coke_can,3,validation,29,-0.39282952278099686,-0.7047791544504162,0.9856356868772588,0.996202096589172,-0.01056640971191325,0.9393939393939394,0.9393939393939394,0.0
google_robot_pick_coke_can__seed003__step040,pick_coke_can,3,validation,30,-0.4000248371329595,-0.7119744688023788,0.9960913405017747,1.0,-0.003908659498225275,0.9393939393939394,1.0,-0.06060606060606055
google_robot_pick_coke_can__seed003__step040,pick_coke_can,3,validation,31,-0.0777611650787629,-0.3897107967481822,0.7781058673101647,0.7972316459004216,-0.01912577859025688,0.8285714285714286,0.9393939393939394,-0.11082251082251082
google_robot_pick_coke_can__seed003__step071,pick_coke_can,3,validation,0,0.22915916586667126,0.267752988295714,1.0,0.9926848628122702,0.007315137187729803,1.0,0.96,0.040000000000000036
google_robot_pick_coke_can__seed003__step071,pick_coke_can,3,validation,1,0.2868205908265477,0.32541441325559045,0.9918238129918637,1.0,-0.00817618700813627,0.96,1.0,-0.040000000000000036
google_robot_pick_coke_can__seed003__step071,pick_coke_can,3,validation,2,0.2737938008934679,0.31238762332251063,0.8725737104997461,0.940188646193873,-0.06761493569412691,0.9215686274509803,0.9215686274509803,0.0
google_robot_pick_coke_can__seed003__step071,pick_coke_can,3,validation,3,0.31152888365190673,0.3501227060809495,1.0,0.9966772457802332,0.003322754219766799,1.0,0.96,0.040000000000000036
google_robot_pick_coke_can__seed003__step071,pick_coke_can,3,validation,4,0.31398145226389773,0.3525752746929405,1.0,0.9756380413549602,0.02436195864503976,1.0,0.8846153846153846,0.11538461538461542
google_robot_pick_coke_can__seed003__step071,pick_coke_can,3,validation,5,0.3421350316275764,0.38072885405661916,0.9559770392927366,0.8974864620480956,0.05849057724464102,0.9215686274509803,0.9215686274509803,0.0
google_robot_pick_coke_can__seed003__step071,pick_coke_can,3,validation,6,0.3403168536117748,0.3789106760408176,0.9823874820503097,0.7766872764065864,0.20570020564372327,0.96,0.9215686274509803,0.03843137254901963
google_robot_pick_coke_can__seed003__step071,pick_coke_can,3,validation,7,0.23953190904844499,0.2781257314774877,0.9531288344963813,0.9632358839954693,-0.010107049499088028,0.9215686274509803,0.8490566037735849,0.0725120236773954
google_robot_pick_coke_can__seed003__step071,pick_coke_can,3,validation,8,0.24062545697836626,0.279219279407409,0.9530319556176639,1.0,-0.04696804438233615,0.96,1.0,-0.040000000000000036
google_robot_pick_coke_can__seed003__step071,pick_coke_can,3,validation,9,0.3407945356766063,0.379388358105649,0.9967051287294949,0.9097777237229231,0.08692740500657181,0.96,0.8846153846153846,0.07538461538461538
google_robot_pick_coke_can__seed003__step071,pick_coke_can,3,validation,10,0.3601688479296418,0.39876267035868457,0.9595166001584392,0.9109614365765278,0.048555163581911365,0.8846153846153846,0.8490566037735849,0.03555878084179964
google_robot_pick_coke_can__seed003__step071,pick_coke_can,3,validation,11,0.3137256762982203,0.35231949872726304,0.9643967650108909,0.7308304525488744,0.23356631246201653,0.9215686274509803,0.7818181818181819,0.13975044563279848
google_robot_pick_coke_can__seed003__step071,pick_coke_can,3,validation,12,0.35832344336536576,0.3969172657944085,0.949248106087199,0.9636839366241984,-0.014435830536999372,0.96,0.8846153846153846,0.07538461538461538
google_robot_pick_coke_can__seed003__step071,pick_coke_can,3,validation,13,0.27536079479465836,0.3139546172237011,0.9358014247178436,0.9190119640758413,0.016789460642002263,0.9215686274509803,0.9215686274509803,0.0
google_robot_pick_coke_can__seed003__step071,pick_coke_can,3,validation,14,0.3260601711225362,0.36465399355157896,0.8861295375550836,0.9286505371613796,-0.04252099960629596,0.8148148148148148,0.8846153846153846,-0.06980056980056981
google_robot_pick_coke_can__seed003__step071,pick_coke_can,3,validation,15,0.38040000573396987,0.4189938281630126,0.9788735402580144,0.9476119564999327,0.031261583758081746,0.8846153846153846,0.9215686274509803,-0.036953242835595757
google_robot_pick_coke_can__seed003__step071,pick_coke_can,3,validation,16,0.2913818147955251,0.32997563722456785,0.9311803029670473,0.9969747146289977,-0.06579441166195032,0.9215686274509803,0.96,-0.03843137254901963
google_robot_pick_coke_can__seed003__step071,pick_coke_can,3,validation,17,0.3063572336024838,0.34495105603152654,0.8522363539723763,0.8981529029888425,-0.045916549016466246,0.96,0.9215686274509803,0.03843137254901963
google_robot_pick_coke_can__seed003__step071,pick_coke_can,3,validation,18,0.2934816824857032,0.33207550491474597,0.7246895003473619,0.9518516216375933,-0.2271621212902314,0.8846153846153846,0.8846153846153846,0.0
google_robot_pick_coke_can__seed003__step071,pick_coke_can,3,validation,19,0.29158082149531306,0.3301746439243558,0.9869685862524092,0.9628608121473956,0.024107774105013635,0.8490566037735849,0.8490566037735849,0.0
google_robot_pick_coke_can__seed003__step071,pick_coke_can,3,validation,20,0.3137649031250486,0.35235872555409137,0.986821764499597,0.9732322333534645,0.013589531146132483,0.8490566037735849,0.8846153846153846,-0.03555878084179964
google_robot_pick_coke_can__seed003__step071,pick_coke_can,3,validation,21,0.2650426884792697,0.30363651090831245,0.9606711403104029,0.9659661330752253,-0.0052949927648223705,0.9215686274509803,0.9215686274509803,0.0
google_robot_pick_coke_can__seed003__step071,pick_coke_can,3,validation,22,0.27156924893130424,0.310163071360347,0.9874900338134189,0.972626862241413,0.014863171572005895,0.96,0.8846153846153846,0.07538461538461538
google_robot_pick_coke_can__seed003__step071,pick_coke_can,3,validation,23,0.2895829147877956,0.3281767372168383,0.9934019978632534,0.9938439316725121,-0.00044193380925861003,0.9215686274509803,0.96,-0.03843137254901963
google_robot_pick_coke_can__seed003__step071,pick_coke_can,3,validation,24,0.22616742858979855,0.2647612510188413,0.9830344409608456,0.9851021097404059,-0.0020676687795603277,0.9215686274509803,0.96,-0.03843137254901963
google_robot_pick_coke_can__seed003__step071,pick_coke_can,3,validation,25,0.26822853442046696,0.3068223568495097,0.9937307548546243,0.9833451530810597,0.010385601773564512,0.9215686274509803,0.8846153846153846,0.036953242835595757
google_robot_pick_coke_can__seed003__step071,pick_coke_can,3,validation,26,0.16151881314123964,0.2001126355702824,0.8829629852402782,1.0,-0.11703701475972184,0.8490566037735849,1.0,-0.15094339622641506
google_robot_pick_coke_can__seed003__step071,pick_coke_can,3,validation,27,0.2673657370372216,0.30595955946626435,0.9986221648500027,1.0,-0.0013778351499973418,0.96,1.0,-0.040000000000000036
google_robot_pick_coke_can__seed003__step071,pick_coke_can,3,validation,28,0.2607263868341092,0.29932020926315195,0.9878536493585507,1.0,-0.01214635064144931,0.96,1.0,-0.040000000000000036
google_robot_pick_coke_can__seed003__step071,pick_coke_can,3,validation,29,0.2077039498043344,0.24629777223337715,0.976371169041923,0.9923764085397863,-0.016005239497863255,0.9215686274509803,0.96,-0.03843137254901963
google_robot_pick_coke_can__seed003__step071,pick_coke_can,3,validation,30,0.2088288101157878,0.24742263254483055,0.9880011871235164,0.9876980460893146,0.0003031410342018148,0.9215686274509803,0.9215686274509803,0.0
google_robot_pick_coke_can__seed003__step071,pick_coke_can,3,validation,31,0.21146190427976208,0.2500557267088048,0.9928034432949513,0.9932001936701299,-0.00039675037517861167,0.9215686274509803,0.96,-0.03843137254901963
google_robot_pick_coke_can__seed005__step008,pick_coke_can,5,validation,0,0.4751150731728178,0.039214476652126795,0.8971147503565846,1.0,-0.10288524964341539,0.8571428571428571,1.0,-0.1428571428571429
google_robot_pick_coke_can__seed005__step008,pick_coke_can,5,validation,1,0.634816969707069,0.198916373186378,1.0000000000000002,1.0000000000000002,0.0,1.0,1.0,0.0
google_robot_pick_coke_can__seed005__step008,pick_coke_can,5,validation,2,0.09292373642051088,-0.34297686010018014,0.5936017393796699,1.0,-0.40639826062033013,0.7333333333333333,1.0,-0.2666666666666667
google_robot_pick_coke_can__seed005__step008,pick_coke_can,5,validation,3,0.6064715051702293,0.17057090864953828,0.7588523417233891,1.0,-0.2411476582766109,0.8571428571428571,1.0,-0.1428571428571429
google_robot_pick_coke_can__seed005__step008,pick_coke_can,5,validation,4,0.6086044883407513,0.1727038918200603,0.6162532331987777,0.6162532331987777,0.0,0.8571428571428571,0.8571428571428571,0.0
google_robot_pick_coke_can__seed005__step008,pick_coke_can,5,validation,5,0.48135433586247006,0.04545373934177904,1.0,1.0,0.0,1.0,1.0,0.0
google_robot_pick_coke_can__seed005__step008,pick_coke_can,5,validation,6,0.6530513522842004,0.2171507557635094,0.9939870590598666,0.7896493336206722,0.20433772543919437,0.8571428571428571,0.7333333333333333,0.12380952380952381
google_robot_pick_coke_can__seed005__step008,pick_coke_can,5,validation,7,0.5643483568961903,0.12844776037549932,1.0,0.827234547996098,0.17276545200390203,1.0,0.7333333333333333,0.2666666666666667
google_robot_pick_coke_can__seed005__step008,pick_coke_can,5,validation,8,0.5498093520996788,0.11390875557898783,0.9258982174074845,0.8825737450370902,0.043324472370394274,0.7333333333333333,0.625,0.10833333333333328
google_robot_pick_coke_can__seed005__step008,pick_coke_can,5,validation,9,0.48850489889298626,0.05260430237229524,0.9665298149164814,0.9152782716030625,0.05125154331341886,0.8571428571428571,0.7333333333333333,0.12380952380952381
google_robot_pick_coke_can__seed005__step008,pick_coke_can,5,validation,10,0.5755815359243472,0.13968093940365622,0.824703742315775,0.7151260117597217,0.10957773055605335,0.7333333333333333,0.4444444444444444,0.28888888888888886
google_robot_pick_coke_can__seed005__step008,pick_coke_can,5,validation,11,0.5942372822247776,0.15833668570408654,1.0,0.6435448037303194,0.3564551962696806,1.0,0.4444444444444444,0.5555555555555556
google_robot_pick_coke_can__seed005__step008,pick_coke_can,5,validation,12,0.4608124823815692,0.02491188586087817,0.9188215384558415,0.8543712419276238,0.06445029652821765,0.8571428571428571,0.625,0.2321428571428571
google_robot_pick_coke_can__seed005__step008,pick_coke_can,5,validation,13,0.5049210059431722,0.06902040942248122,1.0,0.8247156690292451,0.1752843309707549,1.0,0.4444444444444444,0.5555555555555556
google_robot_pick_coke_can__seed005__step008,pick_coke_can,5,validation,14,0.5425113321430995,0.10661073562240853,0.5986520915641729,0.3406134695324907,0.25803862203168215,0.8571428571428571,0.3684210526315789,0.48872180451127817
google_robot_pick_coke_can__seed005__step008,pick_coke_can,5,validation,15,0.5295693953309649,0.0936687988102739,0.9768088708757735,0.6798292155261502,0.29697965534962334,0.8571428571428571,0.7333333333333333,0.12380952380952381
google_robot_pick_coke_can__seed005__step008,pick_coke_can,5,validation,16,0.3344237833977688,-0.10147681312292223,0.9053836356592978,0.7525829443388629,0.15280069132043494,0.8571428571428571,0.625,0.2321428571428571
google_robot_pick_coke_can__seed005__step008,pick_coke_can,5,validation,17,0.46073774613337787,0.02483714961268685,0.8566566291938726,0.7669987887181126,0.08965784047576009,0.8571428571428571,0.7333333333333333,0.12380952380952381
google_robot_pick_coke_can__seed005__step008,pick_coke_can,5,validation,18,0.48873741655899366,0.052836820038302645,0.8823062382601415,0.8101216239636629,0.0721846142964786,0.7333333333333333,0.7333333333333333,0.0
google_robot_pick_coke_can__seed005__step008,pick_coke_can,5,validation,19,0.28178009749222227,-0.15412049902846875,0.8049844442704406,0.8504635550832763,-0.04547911081283573,0.7333333333333333,0.8571428571428571,-0.12380952380952381
google_robot_pick_coke_can__seed005__step008,pick_coke_can,5,validation,20,0.14378422748494143,-0.29211636903574956,0.9721826524474678,0.9763555729665071,-0.00417292051903928,0.8571428571428571,0.8571428571428571,0.0
google_robot_pick_coke_can__seed005__step008,pick_coke_can,5,validation,21,0.24426791223665453,-0.1916326842840365,0.827144822034346,0.7757698181026789,0.05137500393166716,0.8571428571428571,0.7333333333333333,0.12380952380952381
google_robot_pick_coke_can__seed005__step008,pick_coke_can,5,validation,22,0.3041956259193887,-0.13170497060130232,0.8327653096267253,0.9407106841440781,-0.10794537451735275,0.625,0.8571428571428571,-0.2321428571428571
google_robot_pick_coke_can__seed005__step008,pick_coke_can,5,validation,23,0.5050455682786911,0.06914497175800005,0.9851000062342146,0.986370263799298,-0.0012702575650834769,0.8571428571428571,0.8571428571428571,0.0
google_robot_pick_coke_can__seed005__step008,pick_coke_can,5,validation,24,0.4331309984495441,-0.002769598071146906,0.8783645114992513,0.9143337628208218,-0.03596925132157047,0.7333333333333333,0.7333333333333333,0.0
google_robot_pick_coke_can__seed005__step008,pick_coke_can,5,validation,25,0.43832060210063556,0.0024200055799445397,0.8697566253621442,0.9875889645943414,-0.11783233923219727,0.8571428571428571,0.7333333333333333,0.12380952380952381
google_robot_pick_coke_can__seed005__step008,pick_coke_can,5,validation,26,0.33333360147790425,-0.10256699504278677,0.9247149319321434,0.8255044435539518,0.09921048837819157,0.8571428571428571,0.8571428571428571,0.0
google_robot_pick_coke_can__seed005__step008,pick_coke_can,5,validation,27,0.23553394681923878,-0.20036664970145224,0.9592131482228093,1.0,-0.04078685177719066,0.8571428571428571,1.0,-0.1428571428571429
google_robot_pick_coke_can__seed005__step008,pick_coke_can,5,validation,28,0.3189917577660506,-0.11690883875464042,0.927931537435847,0.834226687415116,0.09370485002073103,0.8571428571428571,0.8571428571428571,0.0
google_robot_pick_coke_can__seed005__step008,pick_coke_can,5,validation,29,0.2688621825399049,-0.16703841398078612,0.8738650428069162,0.852133539810824,0.021731502996092278,0.8571428571428571,0.8571428571428571,0.0
google_robot_pick_coke_can__seed005__step008,pick_coke_can,5,validation,30,0.25458601470867853,-0.1813145818120125,0.8992562649551427,0.9634655674915514,-0.06420930253640877,0.8571428571428571,0.8571428571428571,0.0
google_robot_pick_coke_can__seed005__step008,pick_coke_can,5,validation,31,0.38633882741091147,-0.04956176910977955,1.0,1.0,0.0,1.0,1.0,0.0
google_robot_pick_coke_can__seed005__step040,pick_coke_can,5,validation,0,0.38703605125097806,0.5831601145346887,1.0,1.0,0.0,1.0,1.0,0.0
google_robot_pick_coke_can__seed005__step040,pick_coke_can,5,validation,1,0.42964285276316444,0.6257669160468751,0.9398352455778715,1.0,-0.06016475442212854,0.8,1.0,-0.19999999999999996
google_robot_pick_coke_can__seed005__step040,pick_coke_can,5,validation,2,0.11363755607436621,0.3097616193580769,1.0,1.0,0.0,1.0,1.0,0.0
google_robot_pick_coke_can__seed005__step040,pick_coke_can,5,validation,3,0.22788128123131376,0.4240053445150245,0.8834431027304568,0.874474590329537,0.008968512400919781,0.8,0.6363636363636364,0.1636363636363637
google_robot_pick_coke_can__seed005__step040,pick_coke_can,5,validation,4,-0.2465950242711135,-0.05047096098740281,1.0,0.44746388369659984,0.5525361163034002,1.0,0.5,0.5
google_robot_pick_coke_can__seed005__step040,pick_coke_can,5,validation,5,-0.1502432478055119,0.04588081547819878,0.9487386076584343,0.5419686663510361,0.4067699413073982,0.8,0.6363636363636364,0.1636363636363637
google_robot_pick_coke_can__seed005__step040,pick_coke_can,5,validation,6,0.39731339540387145,0.5934374586875821,1.0,0.7443154620127256,0.2556845379872744,1.0,0.8,0.19999999999999996
google_robot_pick_coke_can__seed005__step040,pick_coke_can,5,validation,7,-0.23459267215383553,-0.03846860887012485,0.9389844052853512,0.8991987554303623,0.03978564985498889,0.8,0.8,0.0
google_robot_pick_coke_can__seed005__step040,pick_coke_can,5,validation,8,0.5202110140041801,0.7163350772878908,1.0,0.9507807081975415,0.04921929180245854,1.0,0.8,0.19999999999999996
google_robot_pick_coke_can__seed005__step040,pick_coke_can,5,validation,9,0.4453365775102695,0.6414606407939802,1.0,0.9298019986700211,0.07019800132997889,1.0,0.8,0.19999999999999996
google_robot_pick_coke_can__seed005__step040,pick_coke_can,5,validation,10,0.36367093804133516,0.5597950013250459,1.0,1.0,0.0,1.0,1.0,0.0
google_robot_pick_coke_can__seed005__step040,pick_coke_can,5,validation,11,0.2897863238125435,0.48591038709625417,0.5942355865177498,0.6503413972671525,-0.056105810749402685,0.6363636363636364,0.8,-0.1636363636363637
google_robot_pick_coke_can__seed005__step040,pick_coke_can,5,validation,12,0.3770161354206369,0.5731401987043476,1.0,0.8886467881105405,0.11135321188945946,1.0,0.8,0.19999999999999996
google_robot_pick_coke_can__seed005__step040,pick_coke_can,5,validation,13,0.138411897436461,0.33453596072017167,1.0,0.9058875177785701,0.09411248222142987,1.0,0.8,0.19999999999999996
google_robot_pick_coke_can__seed005__step040,pick_coke_can,5,validation,14,0.39606040078868826,0.592184464072399,0.9206255404320255,1.0,-0.07937445956797451,0.8,1.0,-0.19999999999999996
google_robot_pick_coke_can__seed005__step040,pick_coke_can,5,validation,15,0.32019364098285263,0.5163177042665633,1.0,0.8832904305217797,0.11670956947822031,1.0,0.8,0.19999999999999996
google_robot_pick_coke_can__seed005__step040,pick_coke_can,5,validation,16,0.4438185590398909,0.6399426223236016,0.9738052181895642,0.9134619982947713,0.060343219894792965,0.8,0.8,0.0
google_robot_pick_coke_can__seed005__step040,pick_coke_can,5,validation,17,0.1913780062105708,0.38750206949428145,0.8360990537358909,0.872951638657845,-0.03685258492195409,0.8,0.8,0.0
google_robot_pick_coke_can__seed005__step040,pick_coke_can,5,validation,18,0.3938399212424372,0.589963984526148,0.6449578423431456,0.9213861071215742,-0.27642826477842863,0.6363636363636364,0.8,-0.1636363636363637
google_robot_pick_coke_can__seed005__step040,pick_coke_can,5,validation,19,0.05810917637199461,0.25423323965570527,0.948452474846489,1.0,-0.05154752515351102,0.8,1.0,-0.19999999999999996
google_robot_pick_coke_can__seed005__step040,pick_coke_can,5,validation,20,-0.016027941604478225,0.18009612167923245,0.9449939771957401,0.9449939771957401,0.0,0.8,0.8,0.0
google_robot_pick_coke_can__seed005__step040,pick_coke_can,5,validation,21,0.22208078539119638,0.41820484867490704,0.8265523158475053,0.606932439271458,0.2196198765760473,0.6363636363636364,0.6363636363636364,0.0
google_robot_pick_coke_can__seed005__step040,pick_coke_can,5,validation,22,0.18992799940103175,0.38605206268474246,0.7238080410483191,1.0,-0.2761919589516809,0.8,1.0,-0.19999999999999996
google_robot_pick_coke_can__seed005__step040,pick_coke_can,5,validation,23,-0.10533533073197258,0.0907887325517381,1.0,1.0,0.0,1.0,1.0,0.0
google_robot_pick_coke_can__seed005__step040,pick_coke_can,5,validation,24,-0.056938673367858544,0.13918538991585214,0.8993471193006252,1.0,-0.10065288069937484,0.8,1.0,-0.19999999999999996
google_robot_pick_coke_can__seed005__step040,pick_coke_can,5,validation,25,0.42296253536817646,0.6190865986518872,0.41607829939348484,0.41607829939348484,0.0,0.6363636363636364,0.6363636363636364,0.0
google_robot_pick_coke_can__seed005__step040,pick_coke_can,5,validation,26,0.330548117929694,0.5266721812134048,0.8791868314173215,1.0,-0.12081316858267854,0.8,1.0,-0.19999999999999996
google_robot_pick_coke_can__seed005__step040,pick_coke_can,5,validation,27,-0.016564266188673498,0.1795597970950372,1.0,1.0,0.0,1.0,1.0,0.0
google_robot_pick_coke_can__seed005__step040,pick_coke_can,5,validation,28,-0.048276982231099407,0.14784708105261127,0.9337870908753616,0.8402420152125529,0.09354507566280867,0.8,0.8,0.0
google_robot_pick_coke_can__seed005__step040,pick_coke_can,5,validation,29,0.03603753227062863,0.2321615955543393,1.0,1.0,0.0,1.0,1.0,0.0
google_robot_pick_coke_can__seed005__step040,pick_coke_can,5,validation,30,0.23525941347377657,0.4313834767574872,0.879266418111874,0.9999999999999999,-0.12073358188812588,0.8,1.0,-0.19999999999999996
google_robot_pick_coke_can__seed005__step040,pick_coke_can,5,validation,31,0.08909011955624557,0.28521418283995625,1.0,0.5442188320195137,0.4557811679804863,1.0,0.8,0.19999999999999996
google_robot_pick_coke_can__seed005__step071,pick_coke_can,5,validation,0,0.5202814319222087,1.1149087838550655,1.0,1.0,0.0,1.0,1.0,0.0
google_robot_pick_coke_can__seed005__step071,pick_coke_can,5,validation,1,0.493534240714195,1.088161592647052,1.0,1.0,0.0,1.0,1.0,0.0
google_robot_pick_coke_can__seed005__step071,pick_coke_can,5,validation,2,0.18357415879785666,0.7782015107307136,1.0,1.0,0.0,1.0,1.0,0.0
google_robot_pick_coke_can__seed005__step071,pick_coke_can,5,validation,3,0.3320388521347099,0.9266662040675668,0.8307376025473857,0.8299162710456347,0.0008213315017510103,0.75,0.75,0.0
google_robot_pick_coke_can__seed005__step071,pick_coke_can,5,validation,4,0.511773615305479,1.106400967238336,1.0,0.9922625922510612,0.007737407748938829,1.0,0.5555555555555556,0.4444444444444444
google_robot_pick_coke_can__seed005__step071,pick_coke_can,5,validation,5,0.4527931476050507,1.0474204995379077,0.8722291381747108,0.9097000535450114,-0.03747091537030056,0.5555555555555556,0.75,-0.19444444444444442
google_robot_pick_coke_can__seed005__step071,pick_coke_can,5,validation,6,0.36463388937614843,0.9592612413090054,0.9421799271080634,1.0,-0.05782007289193658,0.75,1.0,-0.25
google_robot_pick_coke_can__seed005__step071,pick_coke_can,5,validation,7,0.5487904356285732,1.1434177875614302,0.6110606253172826,1.0,-0.38893937468271744,0.75,1.0,-0.25
google_robot_pick_coke_can__seed005__step071,pick_coke_can,5,validation,8,0.5470451643507664,1.1416725162836234,1.0,1.0,0.0,1.0,1.0,0.0
google_robot_pick_coke_can__seed005__step071,pick_coke_can,5,validation,9,0.6412705712719616,1.2358979232048186,0.7831471411529772,0.7831471411529772,0.0,0.75,0.75,0.0
google_robot_pick_coke_can__seed005__step071,pick_coke_can,5,validation,10,0.6865344974998348,1.2811618494326917,0.8781786566085487,0.679552122601947,0.19862653400660168,0.5555555555555556,0.75,-0.19444444444444442
google_robot_pick_coke_can__seed005__step071,pick_coke_can,5,validation,11,0.6327256598725407,1.2273530118053977,0.9462602919816612,0.9675565002360913,-0.021296208254430127,0.75,0.75,0.0
google_robot_pick_coke_can__seed005__step071,pick_coke_can,5,validation,12,0.5574056201055694,1.1520329720384264,1.0,1.0,0.0,1.0,1.0,0.0
google_robot_pick_coke_can__seed005__step071,pick_coke_can,5,validation,13,0.5040392872104701,1.098666639143327,1.0,1.0,0.0,1.0,1.0,0.0
google_robot_pick_coke_can__seed005__step071,pick_coke_can,5,validation,14,0.3947755950746615,0.9894029470075185,0.9082136300546342,1.0,-0.09178636994536582,0.75,1.0,-0.25
google_robot_pick_coke_can__seed005__step071,pick_coke_can,5,validation,15,0.45277673557830594,1.047404087511163,0.9809825657716077,1.0,-0.019017434228392305,0.75,1.0,-0.25
google_robot_pick_coke_can__seed005__step071,pick_coke_can,5,validation,16,0.43356389839774323,1.0281912503306003,0.9883273069074489,0.9799820687668545,0.008345238140594402,0.75,0.75,0.0
google_robot_pick_coke_can__seed005__step071,pick_coke_can,5,validation,17,0.24197246562948913,0.8365998175623461,1.0,0.8771202968567908,0.12287970314320917,1.0,0.75,0.25
google_robot_pick_coke_can__seed005__step071,pick_coke_can,5,validation,18,0.27615258831552886,0.8707799402483858,0.9276960547173211,1.0,-0.07230394528267892,0.75,1.0,-0.25
google_robot_pick_coke_can__seed005__step071,pick_coke_can,5,validation,19,0.4582574495013427,1.0528848014341996,1.0,0.9325681629570478,0.06743183704295219,1.0,0.75,0.25
google_robot_pick_coke_can__seed005__step071,pick_coke_can,5,validation,20,0.3095939684636187,0.9042213203964757,0.9145727596056292,0.9015250105583918,0.013047749047237378,0.75,0.75,0.0
google_robot_pick_coke_can__seed005__step071,pick_coke_can,5,validation,21,0.3095939684636187,0.9042213203964757,1.0,1.0,0.0,1.0,1.0,0.0
google_robot_pick_coke_can__seed005__step071,pick_coke_can,5,validation,22,0.30281357338808484,0.8974409253209419,1.0,1.0,0.0,1.0,1.0,0.0
google_robot_pick_coke_can__seed005__step071,pick_coke_can,5,validation,23,0.43531305426499795,1.029940406197855,0.9018196669168335,1.0,-0.09818033308316654,0.75,1.0,-0.25
google_robot_pick_coke_can__seed005__step071,pick_coke_can,5,validation,24,0.3638749555924788,0.9585023075253358,0.918627837205097,0.9679445742712689,-0.0493167370661719,0.75,0.75,0.0
google_robot_pick_coke_can__seed005__step071,pick_coke_can,5,validation,25,0.45665405141998844,1.0512814033528455,1.0,1.0,0.0,1.0,1.0,0.0
google_robot_pick_coke_can__seed005__step071,pick_coke_can,5,validation,26,0.4564588878495283,1.0510862397823852,0.9947099665261377,1.0,-0.0052900334738622545,0.75,1.0,-0.25
google_robot_pick_coke_can__seed005__step071,pick_coke_can,5,validation,27,0.45484600088169214,1.049473352814549,0.9753398911451413,0.9878612528125105,-0.012521361667369169,0.5555555555555556,0.75,-0.19444444444444442
google_robot_pick_coke_can__seed005__step071,pick_coke_can,5,validation,28,0.4549137740706161,1.049541126003473,0.9623853702503227,0.9930665708645758,-0.030681200614253168,0.5555555555555556,0.75,-0.19444444444444442
google_robot_pick_coke_can__seed005__step071,pick_coke_can,5,validation,29,0.4436231461857183,1.0382504981185754,1.0,1.0,0.0,1.0,1.0,0.0
google_robot_pick_coke_can__seed005__step071,pick_coke_can,5,validation,30,0.45179810076742916,1.046425452700286,0.9726888340692196,1.0,-0.027311165930780423,0.75,1.0,-0.25
google_robot_pick_coke_can__seed005__step071,pick_coke_can,5,validation,31,0.3678387413229099,0.9624660932557669,0.9775596062506894,0.9775596062506894,0.0,0.75,0.75,0.0
google_robot_pick_coke_can__seed030__step008,pick_coke_can,30,exploration,0,0.26462269423187434,0.27377589429759885,1.0,0.991152068496702,0.00884793150329799,1.0,0.8947368421052632,0.10526315789473684
google_robot_pick_coke_can__seed030__step008,pick_coke_can,30,exploration,1,0.19447496384263419,0.2036281639083587,0.9713127266584821,0.9723240498591935,-0.0010113232007114004,0.8947368421052632,0.8947368421052632,0.0
google_robot_pick_coke_can__seed030__step008,pick_coke_can,30,exploration,2,0.07002197029530058,0.07917517036102507,0.8404482145940321,0.7769075895492353,0.06354062504479674,0.8947368421052632,0.8,0.09473684210526312
google_robot_pick_coke_can__seed030__step008,pick_coke_can,30,exploration,3,0.07867806133903953,0.08783126140476402,0.8547273478823199,0.950872541501099,-0.09614519361877916,0.8,0.8947368421052632,-0.09473684210526312
google_robot_pick_coke_can__seed030__step008,pick_coke_can,30,exploration,4,0.07823047843337927,0.08738367849910376,0.7940101835053809,0.8076467258912944,-0.013636542385913497,0.8947368421052632,0.8947368421052632,0.0
google_robot_pick_coke_can__seed030__step008,pick_coke_can,30,exploration,5,0.2104355695151626,0.21958876958088708,0.7501003183162634,0.7501003183162634,0.0,0.8,0.8,0.0
google_robot_pick_coke_can__seed030__step008,pick_coke_can,30,exploration,6,0.3170837152974311,0.32623691536315563,0.9380067555016586,0.933679927915441,0.0043268275862176075,0.8947368421052632,0.8,0.09473684210526312
google_robot_pick_coke_can__seed030__step008,pick_coke_can,30,exploration,7,0.18153146352921337,0.19068466359493785,0.9939186454559946,0.7169979193277256,0.276920726128269,0.8947368421052632,0.7142857142857143,0.18045112781954886
google_robot_pick_coke_can__seed030__step008,pick_coke_can,30,exploration,8,0.34571113091351885,0.35486433097924336,0.8415715180724437,0.9317150127708156,-0.0901434946983719,0.8,0.8947368421052632,-0.09473684210526312
google_robot_pick_coke_can__seed030__step008,pick_coke_can,30,exploration,9,0.3734027757989651,0.3825559758646896,1.0,0.8719272759459233,0.12807272405407666,1.0,0.7142857142857143,0.2857142857142857
google_robot_pick_coke_can__seed030__step008,pick_coke_can,30,exploration,10,0.3572383843761551,0.36639158444187964,0.9642135683490101,0.7101183830244858,0.25409518532452424,0.8,0.8,0.0
google_robot_pick_coke_can__seed030__step008,pick_coke_can,30,exploration,11,0.33912929822380256,0.34828249828952706,0.8998207325948164,0.5102572545056939,0.3895634780891225,0.8,0.5,0.30000000000000004
google_robot_pick_coke_can__seed030__step008,pick_coke_can,30,exploration,12,0.18287134690373585,0.19202454696946036,0.8922996116521128,0.5535699880986943,0.3387296235534185,0.8,0.5,0.30000000000000004
google_robot_pick_coke_can__seed030__step008,pick_coke_can,30,exploration,13,0.1832446529359899,0.19239785300171441,0.9685048069186569,0.7975586576874454,0.17094614923121154,0.8,0.6363636363636364,0.1636363636363637
google_robot_pick_coke_can__seed030__step008,pick_coke_can,30,exploration,14,0.5326876671325897,0.5418408671983143,0.7728838606061497,0.2903637103054825,0.48252015030066714,0.8,0.3333333333333333,0.46666666666666673
google_robot_pick_coke_can__seed030__step008,pick_coke_can,30,exploration,15,0.13972396912209184,0.14887716918781635,0.9914935528495685,0.8284299475402058,0.1630636053093627,0.8947368421052632,0.8,0.09473684210526312
google_robot_pick_coke_can__seed030__step008,pick_coke_can,30,exploration,16,0.34449605366328045,0.35364925372900496,0.8126422745604831,0.7054443263520788,0.10719794820840434,0.7142857142857143,0.5652173913043478,0.14906832298136652
google_robot_pick_coke_can__seed030__step008,pick_coke_can,30,exploration,17,0.3596969382061266,0.3688501382718511,0.9939056494089669,0.4969977179340955,0.4969079314748714,0.8947368421052632,0.5652173913043478,0.3295194508009154
google_robot_pick_coke_can__seed030__step008,pick_coke_can,30,exploration,18,0.14767842204683776,0.15683162211256224,0.914336172906835,0.9021508070675011,0.01218536583933394,0.8,0.5,0.30000000000000004
google_robot_pick_coke_can__seed030__step008,pick_coke_can,30,exploration,19,0.20097464510022345,0.21012784516594796,0.8554888658674314,0.7996541494132487,0.0558347164541827,0.8,0.7142857142857143,0.08571428571428574
google_robot_pick_coke_can__seed030__step008,pick_coke_can,30,exploration,20,0.27369628861289014,0.28284948867861465,0.8325608486461761,0.8579896279624794,-0.025428779316303274,0.8,0.7142857142857143,0.08571428571428574
google_robot_pick_coke_can__seed030__step008,pick_coke_can,30,exploration,21,0.3018213722067579,0.31097457227248243,0.9107060858164712,0.5962418543290693,0.3144642314874019,0.5652173913043478,0.6363636363636364,-0.07114624505928857
google_robot_pick_coke_can__seed030__step008,pick_coke_can,30,exploration,22,0.21302527142937902,0.2221784714951035,0.7850344792250108,0.8924119794689886,-0.10737750024397785,0.6363636363636364,0.7142857142857143,-0.07792207792207795
google_robot_pick_coke_can__seed030__step008,pick_coke_can,30,exploration,23,0.10175622524875376,0.11090942531447825,0.9771104545416369,0.791644370143008,0.18546608439862888,0.8947368421052632,0.8,0.09473684210526312
google_robot_pick_coke_can__seed030__step008,pick_coke_can,30,exploration,24,0.1074307778124206,0.11658397787814509,0.8330894509419022,0.8294756930462618,0.003613757895640446,0.7142857142857143,0.7142857142857143,0.0
google_robot_pick_coke_can__seed030__step008,pick_coke_can,30,exploration,25,0.18863998811824478,0.1977931881839693,0.7522552891301179,0.9685977615145904,-0.21634247238447257,0.8,0.8947368421052632,-0.09473684210526312
google_robot_pick_coke_can__seed030__step008,pick_coke_can,30,exploration,26,0.2089754291968462,0.2181286292625707,0.9741798106537738,0.9859730120665526,-0.011793201412778842,0.8947368421052632,0.8947368421052632,0.0
google_robot_pick_coke_can__seed030__step008,pick_coke_can,30,exploration,27,0.24108459996005313,0.2502378000257776,1.0,0.9165601610833463,0.08343983891665374,1.0,0.8,0.19999999999999996
google_robot_pick_coke_can__seed030__step008,pick_coke_can,30,exploration,28,0.1999528632015233,0.2091060632672478,0.953126647487288,0.9510137786077544,0.002112868879533658,0.8947368421052632,0.8947368421052632,0.0
google_robot_pick_coke_can__seed030__step008,pick_coke_can,30,exploration,29,0.15535546379011667,0.16450866385584118,0.7448792609032299,0.878675363770966,-0.13379610286773613,0.8,0.8947368421052632,-0.09473684210526312
google_robot_pick_coke_can__seed030__step008,pick_coke_can,30,exploration,30,0.2180535171164921,0.22720671718221658,1.0,0.9803632031611205,0.019636796838879533,1.0,0.8947368421052632,0.10526315789473684
google_robot_pick_coke_can__seed030__step008,pick_coke_can,30,exploration,31,0.12366673616032815,0.13281993622605265,0.9817587601832476,0.9670588669248743,0.014699893258373287,0.8,0.8947368421052632,-0.09473684210526312
google_robot_pick_coke_can__seed030__step040,pick_coke_can,30,exploration,0,0.2578065606128887,0.05189301409033337,0.9628047985557343,0.9949018954611382,-0.032097096905403855,0.9344262295081968,0.9666666666666667,-0.032240437158469915
google_robot_pick_coke_can__seed030__step040,pick_coke_can,30,exploration,1,0.30739094478722634,0.101477398264671,1.0,1.0,0.0,1.0,1.0,0.0
google_robot_pick_coke_can__seed030__step040,pick_coke_can,30,exploration,2,0.2886007258730973,0.08268717935054198,0.8478997001317544,0.8520687366913613,-0.004169036559606876,0.9344262295081968,0.9032258064516129,0.03120042305658388
google_robot_pick_coke_can__seed030__step040,pick_coke_can,30,exploration,3,0.221220554579129,0.015307008056573673,0.987754946099868,0.9918434981294227,-0.004088552029554715,0.9666666666666667,0.9666666666666667,0.0
google_robot_pick_coke_can__seed030__step040,pick_coke_can,30,exploration,4,0.16550798262833608,-0.04040556389421926,0.8999492044999311,0.8895378431342791,0.010411361365652017,0.9666666666666667,0.9344262295081968,0.032240437158469915
google_robot_pick_coke_can__seed030__step040,pick_coke_can,30,exploration,5,0.3119408238284047,0.10602727730584938,0.9791722342791314,0.9785403058212694,0.0006319284578619744,0.9344262295081968,0.9666666666666667,-0.032240437158469915
google_robot_pick_coke_can__seed030__step040,pick_coke_can,30,exploration,6,0.1845559864600499,-0.021357560062505443,0.9097130226274664,0.8832912097678419,0.026421812859624527,0.9032258064516129,0.9344262295081968,-0.03120042305658388
google_robot_pick_coke_can__seed030__step040,pick_coke_can,30,exploration,7,0.20257917891675362,-0.003334367605801719,0.9668661246739235,0.9231799815130107,0.043686143160912794,0.9666666666666667,0.9344262295081968,0.032240437158469915
google_robot_pick_coke_can__seed030__step040,pick_coke_can,30,exploration,8,0.25188994725183295,0.04597640072927761,0.8701364767468619,0.9620393241105467,-0.09190284736368481,0.9032258064516129,0.9344262295081968,-0.03120042305658388
google_robot_pick_coke_can__seed030__step040,pick_coke_can,30,exploration,9,0.2334899264707839,0.027576379948228563,0.9765440168633197,0.8437436011018034,0.13280041576151635,0.9344262295081968,0.9666666666666667,-0.032240437158469915
google_robot_pick_coke_can__seed030__step040,pick_coke_can,30,exploration,10,0.21984954283266953,0.01393599631011419,0.9823581146622057,0.9384783204790236,0.04387979418318211,0.9032258064516129,0.84375,0.05947580645161288
google_robot_pick_coke_can__seed030__step040,pick_coke_can,30,exploration,11,0.33464416778908707,0.12873062126653173,0.9559309027406249,0.9843897424777651,-0.02845883973714025,0.84375,0.9666666666666667,-0.12291666666666667
google_robot_pick_coke_can__seed030__step040,pick_coke_can,30,exploration,12,0.3090558920396809,0.10314234551712559,0.9931739830371488,0.8907830049718823,0.10239097806526642,0.9344262295081968,0.84375,0.09067622950819676
google_robot_pick_coke_can__seed030__step040,pick_coke_can,30,exploration,13,0.34548698329752164,0.1395734367749663,0.9610934356422397,1.0,-0.0389065643577603,0.9344262295081968,1.0,-0.06557377049180324
google_robot_pick_coke_can__seed030__step040,pick_coke_can,30,exploration,14,0.34349678501188174,0.1375832384893264,0.8331129219582022,0.9983631283647328,-0.16525020640653065,0.873015873015873,0.9666666666666667,-0.09365079365079365
google_robot_pick_coke_can__seed030__step040,pick_coke_can,30,exploration,15,0.40181589613646373,0.1959023496139084,0.8933537316707891,0.9047160763239,-0.011362344653110923,0.9032258064516129,0.9344262295081968,-0.03120042305658388
google_robot_pick_coke_can__seed030__step040,pick_coke_can,30,exploration,16,0.33975447897099303,0.1338409324484377,0.9740342714470597,0.9062770672107145,0.06775720423634513,0.873015873015873,0.873015873015873,0.0
google_robot_pick_coke_can__seed030__step040,pick_coke_can,30,exploration,17,0.37360513288808117,0.16769158636552584,0.8733590232460379,0.9546164088820527,-0.08125738563601481,0.9344262295081968,0.873015873015873,0.06141035649232374
google_robot_pick_coke_can__seed030__step040,pick_coke_can,30,exploration,18,0.37518308969156283,0.1692695431690075,0.8042825516322556,0.9850499134684161,-0.1807673618361605,0.9032258064516129,0.9344262295081968,-0.03120042305658388
google_robot_pick_coke_can__seed030__step040,pick_coke_can,30,exploration,19,0.33360350414596857,0.12768995762341323,0.9924171818341273,0.995399328040679,-0.0029821462065516835,0.9344262295081968,0.9344262295081968,0.0
google_robot_pick_coke_can__seed030__step040,pick_coke_can,30,exploration,20,0.283132114731208,0.07721856820865264,0.9875346621399109,0.9727685504257447,0.014766111714166197,0.9666666666666667,0.9344262295081968,0.032240437158469915
google_robot_pick_coke_can__seed030__step040,pick_coke_can,30,exploration,21,0.31943634821041544,0.11352280168786011,0.985878596106665,0.9312583374914868,0.05462025861517816,0.9666666666666667,0.9344262295081968,0.032240437158469915
google_robot_pick_coke_can__seed030__step040,pick_coke_can,30,exploration,22,0.24867100089586155,0.04275745437330622,1.0000000000000002,0.9422616443079407,0.05773835569205954,1.0,0.9344262295081968,0.06557377049180324
google_robot_pick_coke_can__seed030__step040,pick_coke_can,30,exploration,23,0.28117647884493546,0.07526293232238013,0.9837396582492367,1.0,-0.016260341750763296,0.9666666666666667,1.0,-0.033333333333333326
google_robot_pick_coke_can__seed030__step040,pick_coke_can,30,exploration,24,0.3321167523459167,0.12620320582336136,0.8683483234214466,0.8896384854264773,-0.021290162005030644,0.9032258064516129,0.9032258064516129,0.0
google_robot_pick_coke_can__seed030__step040,pick_coke_can,30,exploration,25,0.2666829989715434,0.06076945244898807,0.9902408683138404,0.9966596089838476,-0.00641874067000725,0.9666666666666667,0.9666666666666667,0.0
google_robot_pick_coke_can__seed030__step040,pick_coke_can,30,exploration,26,0.29617023723197383,0.0902566907094185,0.986716388756186,0.9975126206143622,-0.010796231858176242,0.9032258064516129,0.9666666666666667,-0.0634408602150538
google_robot_pick_coke_can__seed030__step040,pick_coke_can,30,exploration,27,0.30327117115482594,0.0973576246322706,0.99194103669761,0.9949674105930156,-0.0030263738954056096,0.9344262295081968,0.9344262295081968,0.0
google_robot_pick_coke_can__seed030__step040,pick_coke_can,30,exploration,28,0.2940784003832975,0.08816485386074219,1.0,1.0,0.0,1.0,1.0,0.0
google_robot_pick_coke_can__seed030__step040,pick_coke_can,30,exploration,29,0.3173504071239614,0.11143686060140606,0.8886469530029416,0.9958003898044826,-0.10715343680154099,0.9344262295081968,0.9344262295081968,0.0
google_robot_pick_coke_can__seed030__step040,pick_coke_can,30,exploration,30,0.3201095656085547,0.11419601908599936,1.0,0.9978081820475269,0.0021918179524731407,1.0,0.9666666666666667,0.033333333333333326
google_robot_pick_coke_can__seed030__step040,pick_coke_can,30,exploration,31,0.321050692934981,0.11513714641242567,0.9940168462876152,0.9561532638348132,0.03786358245280197,0.9344262295081968,0.9666666666666667,-0.032240437158469915
google_robot_pick_coke_can__seed030__step071,pick_coke_can,30,exploration,0,0.27901046315682027,0.2703246791449051,1.0,1.0,0.0,1.0,1.0,0.0
google_robot_pick_coke_can__seed030__step071,pick_coke_can,30,exploration,1,0.15708287220739867,0.14839708819548353,0.9608303037037357,1.0,-0.03916969629626432,0.8333333333333334,1.0,-0.16666666666666663
google_robot_pick_coke_can__seed030__step071,pick_coke_can,30,exploration,2,-0.11403262078508257,-0.12271840479699771,1.0,1.0,0.0,1.0,1.0,0.0
google_robot_pick_coke_can__seed030__step071,pick_coke_can,30,exploration,3,0.03783636037073948,0.029150576358824336,1.0,1.0,0.0,1.0,1.0,0.0
google_robot_pick_coke_can__seed030__step071,pick_coke_can,30,exploration,4,0.3951144934117143,0.3864287093997991,1.0,0.9133357074088678,0.08666429259113217,1.0,0.6923076923076923,0.3076923076923077
google_robot_pick_coke_can__seed030__step071,pick_coke_can,30,exploration,5,0.322781712780741,0.31409592876882586,1.0000000000000002,1.0000000000000002,0.0,1.0,1.0,0.0
google_robot_pick_coke_can__seed030__step071,pick_coke_can,30,exploration,6,0.45205129373792535,0.4433655097260102,0.9894270654892118,0.9615671419344439,0.02785992355476785,0.8333333333333334,0.8333333333333334,0.0
google_robot_pick_coke_can__seed030__step071,pick_coke_can,30,exploration,7,0.3762150925014545,0.36752930848953935,1.0000000000000002,0.8003563818049865,0.19964361819501375,1.0,0.6923076923076923,0.3076923076923077
google_robot_pick_coke_can__seed030__step071,pick_coke_can,30,exploration,8,0.43087256218702397,0.4221867781751088,0.9177122147040114,0.98750055692321,-0.0697883422191986,0.8333333333333334,0.8333333333333334,0.0
google_robot_pick_coke_can__seed030__step071,pick_coke_can,30,exploration,9,0.3734748039162447,0.36478901990432955,1.0,0.9659388153801952,0.034061184619804785,1.0,0.8333333333333334,0.16666666666666663
google_robot_pick_coke_can__seed030__step071,pick_coke_can,30,exploration,10,0.3959699616644958,0.3872841776525806,0.9902650505037354,1.0,-0.009734949496264633,0.8333333333333334,1.0,-0.16666666666666663
google_robot_pick_coke_can__seed030__step071,pick_coke_can,30,exploration,11,0.3277464645936159,0.31906068058170073,1.0000000000000002,1.0000000000000002,0.0,1.0,1.0,0.0
google_robot_pick_coke_can__seed030__step071,pick_coke_can,30,exploration,12,0.4866015745834746,0.4779157905715594,1.0,0.929128087349114,0.070871912650886,1.0,0.8333333333333334,0.16666666666666663
google_robot_pick_coke_can__seed030__step071,pick_coke_can,30,exploration,13,0.37658958194045655,0.3679037979285414,0.8938315413355725,0.7876528293664696,0.10617871196910289,0.6923076923076923,0.8333333333333334,-0.14102564102564108
google_robot_pick_coke_can__seed030__step071,pick_coke_can,30,exploration,14,0.3411096532888244,0.33242386927690926,0.9800909719042147,1.0,-0.01990902809578532,0.8333333333333334,1.0,-0.16666666666666663
google_robot_pick_coke_can__seed030__step071,pick_coke_can,30,exploration,15,0.4127315004914036,0.40404571647948845,0.9881921615130062,1.0,-0.011807838486993849,0.8333333333333334,1.0,-0.16666666666666663
google_robot_pick_coke_can__seed030__step071,pick_coke_can,30,exploration,16,0.3861904855748807,0.37750470156296556,1.0,0.9485550266245885,0.05144497337541154,1.0,0.8333333333333334,0.16666666666666663
google_robot_pick_coke_can__seed030__step071,pick_coke_can,30,exploration,17,0.43260945635259723,0.42392367234068207,0.834242392294871,0.834242392294871,0.0,0.8333333333333334,0.8333333333333334,0.0
google_robot_pick_coke_can__seed030__step071,pick_coke_can,30,exploration,18,0.40489037369177366,0.3962045896798585,0.8649265880815348,0.9999999999999999,-0.1350734119184651,0.6923076923076923,1.0,-0.3076923076923077
google_robot_pick_coke_can__seed030__step071,pick_coke_can,30,exploration,19,0.3554625384846198,0.3467767544727046,0.8657040844945314,0.9586984885790751,-0.09299440408454374,0.6923076923076923,0.8333333333333334,-0.14102564102564108
google_robot_pick_coke_can__seed030__step071,pick_coke_can,30,exploration,20,0.37173114763918563,0.36304536362727047,0.9372153154651618,0.8016181623247557,0.1355971531404061,0.8333333333333334,0.6923076923076923,0.14102564102564108
google_robot_pick_coke_can__seed030__step071,pick_coke_can,30,exploration,21,0.3646631053673886,0.35597732135547344,0.9654979555516983,0.9617279794341954,0.003769976117502849,0.8333333333333334,0.8333333333333334,0.0
google_robot_pick_coke_can__seed030__step071,pick_coke_can,30,exploration,22,0.4098918212081133,0.40120603719619813,0.9943043613011695,1.0000000000000002,-0.005695638698830718,0.8333333333333334,1.0,-0.16666666666666663
google_robot_pick_coke_can__seed030__step071,pick_coke_can,30,exploration,23,0.21047525072031906,0.20178946670840392,1.0,0.9866080389490944,0.013391961050905565,1.0,0.8333333333333334,0.16666666666666663
google_robot_pick_coke_can__seed030__step071,pick_coke_can,30,exploration,24,0.3076719599888395,0.29898617597692434,0.9198426835090322,0.8412618924257681,0.0785807910832641,0.6923076923076923,0.5714285714285714,0.1208791208791209
google_robot_pick_coke_can__seed030__step071,pick_coke_can,30,exploration,25,0.35983911374704264,0.3511533297351275,0.8430800754253968,0.8180481740646323,0.025031901360764497,0.6923076923076923,0.6923076923076923,0.0
google_robot_pick_coke_can__seed030__step071,pick_coke_can,30,exploration,26,0.33865728513072507,0.3299715011188099,0.8407359921452605,0.8834859698587776,-0.04274997771351707,0.5714285714285714,0.6923076923076923,-0.1208791208791209
google_robot_pick_coke_can__seed030__step071,pick_coke_can,30,exploration,27,0.4112556978094038,0.40256991379748863,0.8289267425811776,1.0000000000000002,-0.17107325741882262,0.6923076923076923,1.0,-0.3076923076923077
google_robot_pick_coke_can__seed030__step071,pick_coke_can,30,exploration,28,0.23866803602625752,0.2299822520143424,0.9749668431805127,1.0,-0.025033156819487257,0.8333333333333334,1.0,-0.16666666666666663
google_robot_pick_coke_can__seed030__step071,pick_coke_can,30,exploration,29,0.39055476675258743,0.38186898274067227,1.0,1.0,0.0,1.0,1.0,0.0
google_robot_pick_coke_can__seed030__step071,pick_coke_can,30,exploration,30,0.3619462939001881,0.35326050988827296,1.0,1.0,0.0,1.0,1.0,0.0
google_robot_pick_coke_can__seed030__step071,pick_coke_can,30,exploration,31,0.3649040763238904,0.3562182923119752,1.0,1.0,0.0,1.0,1.0,0.0
google_robot_pick_coke_can__seed059__step008,pick_coke_can,59,exploration,0,0.34238967479190596,0.019162147899403903,0.87371645357504,1.0,-0.12628354642495998,0.8571428571428571,1.0,-0.1428571428571429
google_robot_pick_coke_can__seed059__step008,pick_coke_can,59,exploration,1,0.26136649742254364,-0.06186102946995842,1.0,1.0,0.0,1.0,1.0,0.0
google_robot_pick_coke_can__seed059__step008,pick_coke_can,59,exploration,2,0.23308910575938913,-0.09013842113311293,0.8315113890351379,0.9657902426540764,-0.13427885361893854,0.8571428571428571,0.8571428571428571,0.0
google_robot_pick_coke_can__seed059__step008,pick_coke_can,59,exploration,3,0.20751602103474098,-0.11571150585776108,0.696339998738611,0.7858389050216242,-0.08949890628301327,0.7333333333333333,0.8571428571428571,-0.12380952380952381
google_robot_pick_coke_can__seed059__step008,pick_coke_can,59,exploration,4,0.2765133281808014,-0.04671419871170068,0.9946055680624016,0.8499580303091898,0.14464753775321182,0.8571428571428571,0.7333333333333333,0.12380952380952381
google_robot_pick_coke_can__seed059__step008,pick_coke_can,59,exploration,5,0.1583800157347684,-0.16484751115773366,0.8173759576183984,0.9745971812540892,-0.1572212236356908,0.8571428571428571,0.8571428571428571,0.0
google_robot_pick_coke_can__seed059__step008,pick_coke_can,59,exploration,6,0.33565403587386755,0.012426508981365492,1.0,0.914429435244046,0.08557056475595404,1.0,0.7333333333333333,0.2666666666666667
google_robot_pick_coke_can__seed059__step008,pick_coke_can,59,exploration,7,0.2700650791302281,-0.05316244776227397,0.9276717023422526,0.6879366578189233,0.23973504452332928,0.8571428571428571,0.625,0.2321428571428571
google_robot_pick_coke_can__seed059__step008,pick_coke_can,59,exploration,8,0.3080968697392865,-0.015130657153215543,0.8203607669084637,0.8687667464275509,-0.048405979519087206,0.7333333333333333,0.7333333333333333,0.0
google_robot_pick_coke_can__seed059__step008,pick_coke_can,59,exploration,9,0.3009051089379868,-0.022322417954515283,0.9094043274603368,0.8974224577939452,0.011981869666391587,0.7333333333333333,0.625,0.10833333333333328
google_robot_pick_coke_can__seed059__step008,pick_coke_can,59,exploration,10,0.32163669222678776,-0.0015908346657143024,0.9605921679342483,0.7843627215062652,0.1762294464279831,0.8571428571428571,0.625,0.2321428571428571
google_robot_pick_coke_can__seed059__step008,pick_coke_can,59,exploration,11,0.5674340491669491,0.244206522274447,0.7546393434095579,0.5561405255147988,0.1984988178947591,0.8571428571428571,0.23809523809523808,0.6190476190476191
google_robot_pick_coke_can__seed059__step008,pick_coke_can,59,exploration,12,0.3721710605742072,0.04894353368170512,0.7228993461456866,0.47282119746767814,0.2500781486780085,0.625,0.3684210526315789,0.2565789473684211
google_robot_pick_coke_can__seed059__step008,pick_coke_can,59,exploration,13,0.45102788749091155,0.1278003605984095,0.8404097525587778,0.7134564107428858,0.12695334181589202,0.7333333333333333,0.4444444444444444,0.28888888888888886
google_robot_pick_coke_can__seed059__step008,pick_coke_can,59,exploration,14,0.4031567430272818,0.07992921613477977,0.6398834665799445,0.33703230993737227,0.3028511566425723,0.7333333333333333,0.23809523809523808,0.4952380952380952
google_robot_pick_coke_can__seed059__step008,pick_coke_can,59,exploration,15,0.23792287598993136,-0.0853046509025707,0.8956755147326222,0.6005983072558592,0.295077207476763,0.8571428571428571,0.625,0.2321428571428571
google_robot_pick_coke_can__seed059__step008,pick_coke_can,59,exploration,16,0.2766732940429555,-0.04655423284954657,0.9545301599356385,0.7962907825674724,0.15823937736816607,0.8571428571428571,0.7333333333333333,0.12380952380952381
google_robot_pick_coke_can__seed059__step008,pick_coke_can,59,exploration,17,0.010202090507502629,-0.3130254363849994,0.8091905153719017,0.510243322665249,0.2989471927066527,0.7333333333333333,0.4444444444444444,0.28888888888888886
google_robot_pick_coke_can__seed059__step008,pick_coke_can,59,exploration,18,0.1969389825629282,-0.12628854432957387,0.9401171089744128,0.7975247174312864,0.14259239154312642,0.8571428571428571,0.7333333333333333,0.12380952380952381
google_robot_pick_coke_can__seed059__step008,pick_coke_can,59,exploration,19,0.3596238871266753,0.03639636023417325,0.9210634135019586,0.9078278484022668,0.013235565099691815,0.7333333333333333,0.8571428571428571,-0.12380952380952381
google_robot_pick_coke_can__seed059__step008,pick_coke_can,59,exploration,20,0.11973541976307543,-0.2034921071294266,0.9739092610258363,1.0,-0.026090738974163696,0.7333333333333333,1.0,-0.2666666666666667
google_robot_pick_coke_can__seed059__step008,pick_coke_can,59,exploration,21,0.2946028535641074,-0.028624673328394634,0.7281769244483659,0.9318031988101062,-0.2036262743617403,0.8571428571428571,0.7333333333333333,0.12380952380952381
google_robot_pick_coke_can__seed059__step008,pick_coke_can,59,exploration,22,0.26226502851167227,-0.06096249838082979,0.9423282928107705,0.8849057497223076,0.05742254308846284,0.8571428571428571,0.7333333333333333,0.12380952380952381
google_robot_pick_coke_can__seed059__step008,pick_coke_can,59,exploration,23,0.2726518858841041,-0.050575641008397954,1.0,0.8895200323513232,0.11047996764867685,1.0,0.8571428571428571,0.1428571428571429
google_robot_pick_coke_can__seed059__step008,pick_coke_can,59,exploration,24,0.45509489915356,0.13186737226105794,0.8614354704202616,0.6934957024538626,0.16793976796639898,0.7333333333333333,0.625,0.10833333333333328
google_robot_pick_coke_can__seed059__step008,pick_coke_can,59,exploration,25,0.28673053078384186,-0.036496996108660196,0.8947078450867192,1.0,-0.10529215491328081,0.7333333333333333,1.0,-0.2666666666666667
google_robot_pick_coke_can__seed059__step008,pick_coke_can,59,exploration,26,0.4768798070095324,0.15365228011703036,0.9656989671954727,1.0,-0.03430103280452734,0.8571428571428571,1.0,-0.1428571428571429
google_robot_pick_coke_can__seed059__step008,pick_coke_can,59,exploration,27,0.43440563914841174,0.11117811225590968,1.0,1.0,0.0,1.0,1.0,0.0
google_robot_pick_coke_can__seed059__step008,pick_coke_can,59,exploration,28,0.43255746542556434,0.10932993853306228,1.0,1.0,0.0,1.0,1.0,0.0
google_robot_pick_coke_can__seed059__step008,pick_coke_can,59,exploration,29,0.43440563914841174,0.11117811225590968,1.0,1.0,0.0,1.0,1.0,0.0
google_robot_pick_coke_can__seed059__step008,pick_coke_can,59,exploration,30,0.47679140686715343,0.15356387997465137,0.7152763264225882,0.8999189388207028,-0.18464261239811464,0.8571428571428571,0.8571428571428571,0.0
google_robot_pick_coke_can__seed059__step008,pick_coke_can,59,exploration,31,0.46175996221807686,0.1385324353255748,0.9530347777009202,0.8768841399702733,0.0761506377306469,0.8571428571428571,0.8571428571428571,0.0
google_robot_pick_coke_can__seed059__step040,pick_coke_can,59,exploration,0,-0.06589254211913838,-0.011350381430550872,0.9988324940243746,0.992753870374007,0.006078623650367598,0.9692307692307692,0.9692307692307692,0.0
google_robot_pick_coke_can__seed059__step040,pick_coke_can,59,exploration,1,-0.13139807172512546,-0.07685591103653797,0.9840211978469994,0.9999999999999999,-0.015978802153000515,0.9393939393939394,1.0,-0.06060606060606055
google_robot_pick_coke_can__seed059__step040,pick_coke_can,59,exploration,2,0.10613826197091529,0.1606804226595028,0.9094394235148121,0.8720981767892381,0.03734124672557404,0.9104477611940298,0.9104477611940298,0.0
google_robot_pick_coke_can__seed059__step040,pick_coke_can,59,exploration,3,-0.14736230070743905,-0.09282014001885155,0.912540841653767,0.8727319144488824,0.0398089272048846,0.9393939393939394,0.9104477611940298,0.028946178199909633
google_robot_pick_coke_can__seed059__step040,pick_coke_can,59,exploration,4,0.05498582349435979,0.10952798418294729,0.8565883333611755,0.8449667171667521,0.011621616194423368,0.9692307692307692,0.855072463768116,0.11415830546265326
google_robot_pick_coke_can__seed059__step040,pick_coke_can,59,exploration,5,-0.015337989687630485,0.03920417100095702,0.9858969677897894,0.9814003542430947,0.004496613546694728,0.9692307692307692,0.9104477611940298,0.058783008036739415
google_robot_pick_coke_can__seed059__step040,pick_coke_can,59,exploration,6,0.11696573072559113,0.17150789141417863,0.902548747411735,0.9719780867826423,-0.06942933937090734,0.8823529411764706,0.9692307692307692,-0.08687782805429867
google_robot_pick_coke_can__seed059__step040,pick_coke_can,59,exploration,7,0.01790277760429776,0.07244493829288526,0.98397761303245,0.9729376982004295,0.011039914832020492,0.9104477611940298,0.8823529411764706,0.028094820017559252
google_robot_pick_coke_can__seed059__step040,pick_coke_can,59,exploration,8,0.032344914988751826,0.08688707567733933,0.9846994249631567,0.9781193546113572,0.006580070351799416,0.9104477611940298,0.9104477611940298,0.0
google_robot_pick_coke_can__seed059__step040,pick_coke_can,59,exploration,9,0.06982522851811442,0.12436738920670193,0.9695819790556676,0.9948625041846446,-0.02528052512897705,0.9104477611940298,0.9692307692307692,-0.058783008036739415
google_robot_pick_coke_can__seed059__step040,pick_coke_can,59,exploration,10,0.04337313079279214,0.09791529148137965,0.9783512061279854,0.9035990499475788,0.07475215618040665,0.9692307692307692,0.9393939393939394,0.02983682983682978
google_robot_pick_coke_can__seed059__step040,pick_coke_can,59,exploration,11,-0.005668992631252682,0.048873168057334826,0.9899012074932693,0.9753119577217367,0.014589249771532531,0.9393939393939394,0.9104477611940298,0.028946178199909633
google_robot_pick_coke_can__seed059__step040,pick_coke_can,59,exploration,12,-0.022031920185364613,0.03251024050322289,0.9790835290733363,0.9848319652899183,-0.0057484362165820535,0.9104477611940298,0.9393939393939394,-0.028946178199909633
google_robot_pick_coke_can__seed059__step040,pick_coke_can,59,exploration,13,-0.000736117285467112,0.053806043403120396,0.9956521777545001,0.9717098591996843,0.023942318554815767,0.9692307692307692,0.9692307692307692,0.0
google_robot_pick_coke_can__seed059__step040,pick_coke_can,59,exploration,14,0.08511651962181671,0.1396586803104042,0.9531548684150906,0.9339791004131158,0.019175768001974736,0.855072463768116,0.9104477611940298,-0.05537529742591385
google_robot_pick_coke_can__seed059__step040,pick_coke_can,59,exploration,15,0.024118000151323826,0.07866016083991133,0.9872466059096769,0.9902626475240918,-0.0030160416144148217,0.9104477611940298,0.9393939393939394,-0.028946178199909633
google_robot_pick_coke_can__seed059__step040,pick_coke_can,59,exploration,16,-0.009376440846742348,0.045165719841845156,0.911746186132539,0.958319416215272,-0.04657323008273295,0.8823529411764706,0.9692307692307692,-0.08687782805429867
google_robot_pick_coke_can__seed059__step040,pick_coke_can,59,exploration,17,0.06493634072130282,0.11947850140989033,0.9248238226843214,0.9874247094220333,-0.06260088673771191,0.855072463768116,0.9393939393939394,-0.08432147562582348
google_robot_pick_coke_can__seed059__step040,pick_coke_can,59,exploration,18,0.053110996080183825,0.10765315676877132,0.7053765153740129,0.9782377414057848,-0.2728612260317719,0.9104477611940298,0.9393939393939394,-0.028946178199909633
google_robot_pick_coke_can__seed059__step040,pick_coke_can,59,exploration,19,-0.04266912133903674,0.011873039349550765,0.9663774922359826,1.0,-0.03362250776401743,0.9393939393939394,1.0,-0.06060606060606055
google_robot_pick_coke_can__seed059__step040,pick_coke_can,59,exploration,20,0.019743166535759204,0.0742853272243467,0.9524569965272888,0.9819395201414364,-0.029482523614147604,0.9393939393939394,0.9104477611940298,0.028946178199909633
google_robot_pick_coke_can__seed059__step040,pick_coke_can,59,exploration,21,0.08304727032764457,0.13758943101623208,0.9641025275562044,0.9740069293923673,-0.009904401836162924,0.9393939393939394,0.9104477611940298,0.028946178199909633
google_robot_pick_coke_can__seed059__step040,pick_coke_can,59,exploration,22,-0.002909941177437751,0.051632219511149754,0.9892392325487694,0.9904373553875182,-0.0011981228387487608,0.9393939393939394,0.9692307692307692,-0.02983682983682978
google_robot_pick_coke_can__seed059__step040,pick_coke_can,59,exploration,23,0.05021284480026778,0.10475500548885529,0.9615202765667042,0.9945091697660233,-0.03298889319931908,0.9692307692307692,0.9692307692307692,0.0
google_robot_pick_coke_can__seed059__step040,pick_coke_can,59,exploration,24,-0.12147774862018125,-0.06693558793159374,0.871779713284234,0.9730405082635302,-0.10126079497929619,0.855072463768116,0.9393939393939394,-0.08432147562582348
google_robot_pick_coke_can__seed059__step040,pick_coke_can,59,exploration,25,0.0600848252223869,0.11462698591097441,0.9975176863925861,1.0,-0.0024823136074139107,0.9692307692307692,1.0,-0.03076923076923077
google_robot_pick_coke_can__seed059__step040,pick_coke_can,59,exploration,26,0.026515213322153817,0.08105737401074133,0.9640419344289984,0.9825445407515289,-0.018502606322530424,0.9104477611940298,0.9692307692307692,-0.058783008036739415
google_robot_pick_coke_can__seed059__step040,pick_coke_can,59,exploration,27,-0.007778059355862769,0.04676410133272474,0.9756151611326492,0.976132368809505,-0.0005172076768558131,0.9393939393939394,0.9692307692307692,-0.02983682983682978
google_robot_pick_coke_can__seed059__step040,pick_coke_can,59,exploration,28,-0.038733776356950064,0.01580838433163744,0.9806584943890737,0.9732752718576689,0.007383222531404776,0.9393939393939394,0.9393939393939394,0.0
google_robot_pick_coke_can__seed059__step040,pick_coke_can,59,exploration,29,0.013283782610688188,0.06782594329927569,0.9899829386021142,1.0,-0.01001706139788583,0.9692307692307692,1.0,-0.03076923076923077
google_robot_pick_coke_can__seed059__step040,pick_coke_can,59,exploration,30,-0.03388878816109959,0.020653372527487918,0.9911602412017771,0.9911016059560618,5.863524571536605e-05,0.9692307692307692,0.9692307692307692,0.0
google_robot_pick_coke_can__seed059__step040,pick_coke_can,59,exploration,31,0.06092075594692755,0.11546291663551506,0.929001510611072,0.983028535040774,-0.054027024429702086,0.9393939393939394,0.9692307692307692,-0.02983682983682978
google_robot_pick_coke_can__seed059__step071,pick_coke_can,59,exploration,0,0.2138662292596504,0.16855259828857205,0.9972001452707328,1.0,-0.002799854729267248,0.9487179487179487,1.0,-0.05128205128205132
google_robot_pick_coke_can__seed059__step071,pick_coke_can,59,exploration,1,0.1886967115340827,0.14338308056300436,0.981073630961467,0.6598344235450998,0.32123920741636725,0.9,0.9487179487179487,-0.048717948717948656
google_robot_pick_coke_can__seed059__step071,pick_coke_can,59,exploration,2,0.33526553080022525,0.28995189982914693,0.9551836407005275,1.0,-0.044816359299472475,0.9487179487179487,1.0,-0.05128205128205132
google_robot_pick_coke_can__seed059__step071,pick_coke_can,59,exploration,3,0.13925181908001624,0.09393818810893789,1.0,0.9583568497418882,0.04164315025811183,1.0,0.9,0.09999999999999998
google_robot_pick_coke_can__seed059__step071,pick_coke_can,59,exploration,4,0.15587357568607285,0.1105599447149945,0.9845713218098476,0.6106209558643415,0.3739503659455061,0.9487179487179487,0.9,0.048717948717948656
google_robot_pick_coke_can__seed059__step071,pick_coke_can,59,exploration,5,0.11124996745836101,0.06593633648728267,0.9771187960896733,0.9642013341034011,0.012917461986272194,0.9,0.8536585365853658,0.04634146341463419
google_robot_pick_coke_can__seed059__step071,pick_coke_can,59,exploration,6,0.32142471408793544,0.2761110831168571,0.9370712585133075,0.9533852901837866,-0.016314031670479068,0.9487179487179487,0.9,0.048717948717948656
google_robot_pick_coke_can__seed059__step071,pick_coke_can,59,exploration,7,0.2667863758140879,0.22147274484300952,1.0,0.9849777470995478,0.015022252900452226,1.0,0.9487179487179487,0.05128205128205132
google_robot_pick_coke_can__seed059__step071,pick_coke_can,59,exploration,8,0.11156148843508433,0.066247857464006,0.8564359711955015,0.8979673265820226,-0.041531355386521085,0.9,0.8536585365853658,0.04634146341463419
google_robot_pick_coke_can__seed059__step071,pick_coke_can,59,exploration,9,0.16196245133644097,0.11664882036536262,0.8754247752457229,0.9428623542683497,-0.06743757902262681,0.9487179487179487,0.8536585365853658,0.09505941213258284
google_robot_pick_coke_can__seed059__step071,pick_coke_can,59,exploration,10,0.11852707366432115,0.07321344269324281,0.9618848637520325,0.9911813703058444,-0.029296506553811885,0.9487179487179487,0.9487179487179487,0.0
google_robot_pick_coke_can__seed059__step071,pick_coke_can,59,exploration,11,0.11218799758143083,0.06687436661035248,0.9954580923457949,0.9400391854108108,0.05541890693498408,0.9487179487179487,0.8536585365853658,0.09505941213258284
google_robot_pick_coke_can__seed059__step071,pick_coke_can,59,exploration,12,0.13064891726233227,0.08533528629125392,1.0,0.9827169654446574,0.017283034555342636,1.0,0.9,0.09999999999999998
google_robot_pick_coke_can__seed059__step071,pick_coke_can,59,exploration,13,0.1270838932779393,0.08177026230686096,0.9844233507074978,0.9912645765694984,-0.006841225862000644,0.9487179487179487,0.9487179487179487,0.0
google_robot_pick_coke_can__seed059__step071,pick_coke_can,59,exploration,14,0.14353727974306352,0.09822364877198517,0.9649133175047462,1.0,-0.03508668249525382,0.9487179487179487,1.0,-0.05128205128205132
google_robot_pick_coke_can__seed059__step071,pick_coke_can,59,exploration,15,0.12470560039437568,0.07939196942329735,0.6875498123655266,0.9917528273676656,-0.304203015002139,0.9487179487179487,0.9487179487179487,0.0
google_robot_pick_coke_can__seed059__step071,pick_coke_can,59,exploration,16,0.044835269582025154,-0.00047836138905318903,0.9808546117304875,0.9839573665066087,-0.003102754776121208,0.9,0.9,0.0
google_robot_pick_coke_can__seed059__step071,pick_coke_can,59,exploration,17,0.4302594429096682,0.3849458119385899,0.9957081234788899,0.9957081234788899,0.0,0.9487179487179487,0.9487179487179487,0.0
google_robot_pick_coke_can__seed059__step071,pick_coke_can,59,exploration,18,0.22787946222214572,0.18256583125106737,0.7942405936594454,0.9173323129787182,-0.12309171931927276,0.8536585365853658,0.9487179487179487,-0.09505941213258284
google_robot_pick_coke_can__seed059__step071,pick_coke_can,59,exploration,19,0.21105116247712755,0.1657375315060492,0.683826486050927,1.0,-0.316173513949073,0.8536585365853658,1.0,-0.14634146341463417
google_robot_pick_coke_can__seed059__step071,pick_coke_can,59,exploration,20,0.31148029906133584,0.2661666680902575,0.9915331216859785,0.9919692012326577,-0.00043607954667923554,0.9487179487179487,0.9487179487179487,0.0
google_robot_pick_coke_can__seed059__step071,pick_coke_can,59,exploration,21,0.2725584808981298,0.22724484992705143,0.9134912071282081,0.9766351826010609,-0.06314397547285278,0.9,0.9487179487179487,-0.048717948717948656
google_robot_pick_coke_can__seed059__step071,pick_coke_can,59,exploration,22,0.1938126073727043,0.14849897640162596,0.9781385000093099,0.9961297995359614,-0.01799129952665146,0.9,0.9487179487179487,-0.048717948717948656
google_robot_pick_coke_can__seed059__step071,pick_coke_can,59,exploration,23,0.20307025130673553,0.15775662033565718,0.6578101025830579,0.8702730602048646,-0.21246295762180667,0.9,0.9487179487179487,-0.048717948717948656
google_robot_pick_coke_can__seed059__step071,pick_coke_can,59,exploration,24,0.21552698891034172,0.17021335793926337,0.6565911763384885,0.8325716138266651,-0.1759804374881766,0.8536585365853658,0.9,-0.04634146341463419
google_robot_pick_coke_can__seed059__step071,pick_coke_can,59,exploration,25,0.35331791375705063,0.3080042827859723,0.7076147565813896,0.9446172027657064,-0.23700244618431676,0.9487179487179487,0.9,0.048717948717948656
google_robot_pick_coke_can__seed059__step071,pick_coke_can,59,exploration,26,0.0871478800724028,0.04183424910132446,0.9620834401528006,0.8472619708895821,0.11482146926321846,0.9487179487179487,0.9,0.048717948717948656
google_robot_pick_coke_can__seed059__step071,pick_coke_can,59,exploration,27,0.14517116151470294,0.09985753054362459,0.9545420182924391,0.9651373403236666,-0.010595322031227483,0.9487179487179487,0.9487179487179487,0.0
google_robot_pick_coke_can__seed059__step071,pick_coke_can,59,exploration,28,-0.06893562684950547,-0.11424925782058382,0.9202443444725885,1.0,-0.07975565552741148,0.9487179487179487,1.0,-0.05128205128205132
google_robot_pick_coke_can__seed059__step071,pick_coke_can,59,exploration,29,0.31169434470843793,0.2663807137373596,0.9427120271723347,0.9265160859947233,0.01619594117761136,0.9487179487179487,0.9,0.048717948717948656
google_robot_pick_coke_can__seed059__step071,pick_coke_can,59,exploration,30,0.2540634287664639,0.20874979779538552,0.9110164008974944,0.9874880809265406,-0.07647168002904625,0.9,0.9487179487179487,-0.048717948717948656
google_robot_pick_coke_can__seed059__step071,pick_coke_can,59,exploration,31,0.12251135936148612,0.07719772839040778,0.6410768022850908,0.7099677228190195,-0.06889092053392876,0.9,0.9487179487179487,-0.048717948717948656
google_robot_pick_coke_can__seed095__step008,pick_coke_can,95,validation,0,0.049761827762082704,-0.2281349469829138,1.0,1.0,0.0,1.0,1.0,0.0
google_robot_pick_coke_can__seed095__step008,pick_coke_can,95,validation,1,-0.0102028434017268,-0.2880996181467233,0.9447453915733308,0.8862176404220315,0.05852775115129927,0.8181818181818182,0.8181818181818182,0.0
google_robot_pick_coke_can__seed095__step008,pick_coke_can,95,validation,2,-0.08931784824505888,-0.3672146229900554,1.0,1.0,0.0,1.0,1.0,0.0
google_robot_pick_coke_can__seed095__step008,pick_coke_can,95,validation,3,0.10797221374960127,-0.16992456099539527,1.0,0.9748178004875226,0.025182199512477355,1.0,0.8181818181818182,0.18181818181818177
google_robot_pick_coke_can__seed095__step008,pick_coke_can,95,validation,4,0.26478457907519365,-0.013112195669802873,0.9076518214129988,0.8807862416509463,0.026865579762052505,0.8181818181818182,0.6666666666666666,0.1515151515151516
google_robot_pick_coke_can__seed095__step008,pick_coke_can,95,validation,5,0.13164017222261915,-0.14625660252237738,0.7373161734594259,0.7306898199871147,0.006626353472311219,0.6666666666666666,0.6666666666666666,0.0
google_robot_pick_coke_can__seed095__step008,pick_coke_can,95,validation,6,0.1714370740434256,-0.10645970070157093,0.9345897518700929,0.8576163807118239,0.07697337115826897,0.8181818181818182,0.6666666666666666,0.1515151515151516
google_robot_pick_coke_can__seed095__step008,pick_coke_can,95,validation,7,0.7852256265145486,0.5073288517695521,0.22179133359422232,0.088413333691659,0.13337799990256333,0.6666666666666666,0.5384615384615384,0.1282051282051282
google_robot_pick_coke_can__seed095__step008,pick_coke_can,95,validation,8,0.2195209431277092,-0.05837583161728732,0.942286555039983,0.025959505671015154,0.9163270493689679,0.8181818181818182,0.42857142857142855,0.3896103896103897
google_robot_pick_coke_can__seed095__step008,pick_coke_can,95,validation,9,0.8127421921521156,0.5348454174071191,0.9956649100628892,-0.3108503656093515,1.3065152756722407,0.8181818181818182,0.3333333333333333,0.4848484848484849
google_robot_pick_coke_can__seed095__step008,pick_coke_can,95,validation,10,0.053783165179166446,-0.22411360956583007,0.9843628707160188,0.5642849561845508,0.42007791453146803,0.8181818181818182,0.3333333333333333,0.4848484848484849
google_robot_pick_coke_can__seed095__step008,pick_coke_can,95,validation,11,0.8210896922592618,0.5431929175142652,0.991589126120941,-0.14620055551027986,1.1377896816312207,0.8181818181818182,0.3333333333333333,0.4848484848484849
google_robot_pick_coke_can__seed095__step008,pick_coke_can,95,validation,12,0.06905847232115392,-0.2088383024238426,0.6369760743684685,0.6910775657818361,-0.05410149141336762,0.5384615384615384,0.42857142857142855,0.10989010989010989
google_robot_pick_coke_can__seed095__step008,pick_coke_can,95,validation,13,0.06923501105098018,-0.20866176369401634,1.0,0.5838863040222941,0.41611369597770587,1.0,0.3333333333333333,0.6666666666666667
google_robot_pick_coke_can__seed095__step008,pick_coke_can,95,validation,14,0.8132684453439459,0.5353716705989494,1.0000000000000002,-0.16102105506786704,1.1610210550678672,1.0,0.17647058823529413,0.8235294117647058
google_robot_pick_coke_can__seed095__step008,pick_coke_can,95,validation,15,0.06238487360559621,-0.2155119011394003,0.9713466408898049,0.7124385937855768,0.2589080471042281,0.8181818181818182,0.42857142857142855,0.3896103896103897
google_robot_pick_coke_can__seed095__step008,pick_coke_can,95,validation,16,0.07421634601969306,-0.20368042872530345,0.9380079631599338,0.905697122305079,0.032310840854854805,0.8181818181818182,0.8181818181818182,0.0
google_robot_pick_coke_can__seed095__step008,pick_coke_can,95,validation,17,0.029766160282764912,-0.2481306144622316,1.0,0.7766644558909533,0.22333554410904666,1.0,0.6666666666666666,0.33333333333333337
google_robot_pick_coke_can__seed095__step008,pick_coke_can,95,validation,18,-0.008749769747535613,-0.28664654449253213,0.7918885579339042,0.870544298778846,-0.07865574084494176,0.6666666666666666,0.8181818181818182,-0.1515151515151516
google_robot_pick_coke_can__seed095__step008,pick_coke_can,95,validation,19,0.2594398056493606,-0.018456969095635933,0.7680554485446671,0.7119020878978229,0.056153360646844175,0.8181818181818182,0.6666666666666666,0.1515151515151516
google_robot_pick_coke_can__seed095__step008,pick_coke_can,95,validation,20,0.029209970467470158,-0.24868680427752637,0.751107026367238,0.8848695380504193,-0.13376251168318132,0.6666666666666666,0.8181818181818182,-0.1515151515151516
google_robot_pick_coke_can__seed095__step008,pick_coke_can,95,validation,21,0.19135680951797793,-0.0865399652270186,1.0,0.7677580969647941,0.23224190303520587,1.0,0.5384615384615384,0.46153846153846156
google_robot_pick_coke_can__seed095__step008,pick_coke_can,95,validation,22,0.13923509567487585,-0.13866167907012067,0.9493619563881079,0.9756292016621284,-0.026267245274020468,0.8181818181818182,0.6666666666666666,0.1515151515151516
google_robot_pick_coke_can__seed095__step008,pick_coke_can,95,validation,23,0.1355017933793932,-0.14239498136560333,0.9954896853106653,0.7701330659230488,0.22535661938761653,0.8181818181818182,0.8181818181818182,0.0
google_robot_pick_coke_can__seed095__step008,pick_coke_can,95,validation,24,0.027395944262449453,-0.25050083048254707,0.8985761418019572,1.0,-0.10142385819804278,0.6666666666666666,1.0,-0.33333333333333337
google_robot_pick_coke_can__seed095__step008,pick_coke_can,95,validation,25,0.023686439757585706,-0.2542103349874108,0.8235605460709571,0.6831696031345301,0.14039094293642695,0.8181818181818182,0.5384615384615384,0.2797202797202798
google_robot_pick_coke_can__seed095__step008,pick_coke_can,95,validation,26,0.13216753894573502,-0.1457292357992615,0.9207846133772727,0.8895593874367141,0.031225225940558543,0.8181818181818182,0.8181818181818182,0.0
google_robot_pick_coke_can__seed095__step008,pick_coke_can,95,validation,27,0.40362648984637,0.12572971510137348,0.543581447710093,0.5473068907133364,-0.0037254430032434005,0.6666666666666666,0.8181818181818182,-0.1515151515151516
google_robot_pick_coke_can__seed095__step008,pick_coke_can,95,validation,28,0.15979530773091846,-0.11810146701407806,0.8531600642378772,0.7858207886173257,0.06733927562055142,0.8181818181818182,0.6666666666666666,0.1515151515151516
google_robot_pick_coke_can__seed095__step008,pick_coke_can,95,validation,29,0.3691073978179635,0.09121062307296696,0.5372940602795683,0.9570891246131681,-0.4197950643335998,0.8181818181818182,0.8181818181818182,0.0
google_robot_pick_coke_can__seed095__step008,pick_coke_can,95,validation,30,0.32656399858169377,0.04866722383669725,0.878160131893055,0.8914236851560386,-0.013263553262983674,0.8181818181818182,0.8181818181818182,0.0
google_robot_pick_coke_can__seed095__step008,pick_coke_can,95,validation,31,0.3784905900101541,0.1005938152651576,0.8716635241425492,0.9855522952985999,-0.11388877115605067,0.8181818181818182,0.8181818181818182,0.0
google_robot_pick_coke_can__seed095__step040,pick_coke_can,95,validation,0,0.5833009708295783,0.6112004066110341,1.0,1.0,0.0,1.0,1.0,0.0
google_robot_pick_coke_can__seed095__step040,pick_coke_can,95,validation,1,0.4410945102410693,0.46899394602252514,0.9991438464006072,1.0,-0.0008561535993928393,0.9545454545454546,1.0,-0.045454545454545414
google_robot_pick_coke_can__seed095__step040,pick_coke_can,95,validation,2,-0.019536720152012965,0.008362715629442852,0.9921246098623571,1.0,-0.007875390137642935,0.9545454545454546,1.0,-0.045454545454545414
google_robot_pick_coke_can__seed095__step040,pick_coke_can,95,validation,3,0.19279940633949252,0.22069884212094834,1.0,0.9969293076352482,0.0030706923647517703,1.0,0.9545454545454546,0.045454545454545414
google_robot_pick_coke_can__seed095__step040,pick_coke_can,95,validation,4,0.6024725308233218,0.6303719666047776,1.0,1.0,0.0,1.0,1.0,0.0
google_robot_pick_coke_can__seed095__step040,pick_coke_can,95,validation,5,0.5952403975851909,0.6231398333666467,0.9746768014526475,1.0,-0.025323198547352543,0.9545454545454546,1.0,-0.045454545454545414
google_robot_pick_coke_can__seed095__step040,pick_coke_can,95,validation,6,0.5299713852675646,0.5578708210490204,0.988797387436993,0.9736116034942616,0.015185783942731401,0.9545454545454546,0.9111111111111111,0.04343434343434349
google_robot_pick_coke_can__seed095__step040,pick_coke_can,95,validation,7,0.5789410211395231,0.6068404569209789,0.9611188292880204,0.9781323083579938,-0.017013479069973414,0.9111111111111111,0.9545454545454546,-0.04343434343434349
google_robot_pick_coke_can__seed095__step040,pick_coke_can,95,validation,8,0.6057572679559274,0.6336567037373833,0.8852513881656071,0.9102697576120654,-0.0250183694464583,0.8695652173913043,0.8297872340425532,0.039777983348751156
google_robot_pick_coke_can__seed095__step040,pick_coke_can,95,validation,9,0.2215423384509736,0.24944177423242941,0.9894383912598267,0.9489243270726,0.040514064187226695,0.9545454545454546,0.8695652173913043,0.08498023715415026
google_robot_pick_coke_can__seed095__step040,pick_coke_can,95,validation,10,0.26301133510814095,0.29091077088959677,0.9709965792306524,0.8470766447924963,0.12391993443815608,0.9545454545454546,0.9545454545454546,0.0
google_robot_pick_coke_can__seed095__step040,pick_coke_can,95,validation,11,0.3242091835629347,0.3521086193443905,0.9528215520215876,0.7417352840918555,0.21108626792973206,0.8695652173913043,0.7916666666666666,0.0778985507246377
google_robot_pick_coke_can__seed095__step040,pick_coke_can,95,validation,12,0.3194249501070652,0.347324385888521,0.761089646665372,0.9312844483858592,-0.17019480172048718,0.8695652173913043,0.8297872340425532,0.039777983348751156
google_robot_pick_coke_can__seed095__step040,pick_coke_can,95,validation,13,0.08495039865056181,0.11284983443201763,0.8875102596605879,0.8818983633621696,0.005611896298418295,0.7916666666666666,0.7916666666666666,0.0
google_robot_pick_coke_can__seed095__step040,pick_coke_can,95,validation,14,0.020925289504133415,0.04882472528558923,0.9635639809916987,0.9666005961582314,-0.0030366151665326413,0.8695652173913043,0.9545454545454546,-0.08498023715415026
google_robot_pick_coke_can__seed095__step040,pick_coke_can,95,validation,15,0.2827728261278149,0.3106722619092707,0.9825620766644948,0.9161319747706246,0.06643010189387022,0.9545454545454546,0.9111111111111111,0.04343434343434349
google_robot_pick_coke_can__seed095__step040,pick_coke_can,95,validation,16,0.4522120544046356,0.4801114901860914,0.9756338023636865,0.9859673515075486,-0.010333549143862086,0.9111111111111111,0.9111111111111111,0.0
google_robot_pick_coke_can__seed095__step040,pick_coke_can,95,validation,17,0.34658397121895773,0.37448340700041355,0.8094007910029846,0.629223910325493,0.1801768806774916,0.8695652173913043,0.8695652173913043,0.0
google_robot_pick_coke_can__seed095__step040,pick_coke_can,95,validation,18,0.11553604105267323,0.14343547683412905,0.9629206626872429,0.9940279886016684,-0.031107325914425554,0.8695652173913043,0.9545454545454546,-0.08498023715415026
google_robot_pick_coke_can__seed095__step040,pick_coke_can,95,validation,19,0.19973451513167784,0.22763395091313365,0.9469112379865955,0.9879334206806271,-0.04102218269403157,0.9111111111111111,0.9545454545454546,-0.04343434343434349
google_robot_pick_coke_can__seed095__step040,pick_coke_can,95,validation,20,0.1446711590429597,0.17257059482441553,0.9296837594889261,0.981243151761265,-0.051559392272338855,0.8297872340425532,0.8695652173913043,-0.039777983348751156
google_robot_pick_coke_can__seed095__step040,pick_coke_can,95,validation,21,0.08641056114925251,0.11430999693070833,0.8632020883558725,0.9829623126351015,-0.11976022427922894,0.9111111111111111,0.8695652173913043,0.04154589371980677
google_robot_pick_coke_can__seed095__step040,pick_coke_can,95,validation,22,0.23292705213462495,0.26082648791608076,0.9935653990832373,1.0,-0.006434600916762734,0.9545454545454546,1.0,-0.045454545454545414
google_robot_pick_coke_can__seed095__step040,pick_coke_can,95,validation,23,0.36510584582965033,0.39300528161110615,0.9913761866319492,0.9970085542535823,-0.005632367621633105,0.9111111111111111,0.9545454545454546,-0.04343434343434349
google_robot_pick_coke_can__seed095__step040,pick_coke_can,95,validation,24,0.12130312703186419,0.14920256281332,0.9873010198996431,0.8994486880013047,0.08785233189833841,0.9111111111111111,0.8297872340425532,0.08132387706855793
google_robot_pick_coke_can__seed095__step040,pick_coke_can,95,validation,25,0.2817794956674793,0.3096789314489351,0.9314928428497824,0.9898523466391919,-0.05835950378940946,0.8297872340425532,0.9545454545454546,-0.12475822050290142
google_robot_pick_coke_can__seed095__step040,pick_coke_can,95,validation,26,0.07850801404083917,0.10640744982229498,0.8635090239514462,0.9580202268868541,-0.09451120293540782,0.8695652173913043,0.9111111111111111,-0.04154589371980677
google_robot_pick_coke_can__seed095__step040,pick_coke_can,95,validation,27,0.24148015192741057,0.2693795877088664,1.0,0.9974175571953473,0.002582442804652696,1.0,0.9545454545454546,0.045454545454545414
google_robot_pick_coke_can__seed095__step040,pick_coke_can,95,validation,28,0.23875689943656245,0.26665633521801824,0.9929218571256162,0.9971258797701376,-0.004204022644521355,0.9111111111111111,0.9545454545454546,-0.04343434343434349
google_robot_pick_coke_can__seed095__step040,pick_coke_can,95,validation,29,0.4644036607480624,0.4923030965295182,0.9000404837324174,0.9834378298254235,-0.08339734609300609,0.9111111111111111,0.9111111111111111,0.0
google_robot_pick_coke_can__seed095__step040,pick_coke_can,95,validation,30,0.31352112498064827,0.3414205607621041,0.9491503943325695,0.9833089370084868,-0.034158542675917225,0.9111111111111111,0.9545454545454546,-0.04343434343434349
google_robot_pick_coke_can__seed095__step040,pick_coke_can,95,validation,31,0.3298843766044504,0.35778381238590623,1.0,0.9745560392632712,0.025443960736728832,1.0,0.8695652173913043,0.13043478260869568
google_robot_pick_coke_can__seed095__step071,pick_coke_can,95,validation,0,0.3171070889585026,0.01276999048774119,1.0,0.9951967797275995,0.0048032202724005435,1.0,0.9649122807017544,0.03508771929824561
google_robot_pick_coke_can__seed095__step071,pick_coke_can,95,validation,1,0.40001019359029444,0.09567309511953304,0.959078370419789,0.9762550755563272,-0.01717670513653813,0.8983050847457628,0.9649122807017544,-0.06660719595599163
google_robot_pick_coke_can__seed095__step071,pick_coke_can,95,validation,2,0.5076508484455474,0.20331374997478602,0.9963946062326312,1.0,-0.003605393767368792,0.9310344827586207,1.0,-0.06896551724137934
google_robot_pick_coke_can__seed095__step071,pick_coke_can,95,validation,3,0.42037453165822064,0.11603743318745924,1.0,1.0,0.0,1.0,1.0,0.0
google_robot_pick_coke_can__seed095__step071,pick_coke_can,95,validation,4,0.4607538008591365,0.15641670238837507,1.0,0.8856796986219516,0.11432030137804838,1.0,0.9310344827586207,0.06896551724137934
google_robot_pick_coke_can__seed095__step071,pick_coke_can,95,validation,5,0.45205091038457085,0.14771381191380945,0.9937275319149333,0.9956671426198853,-0.0019396107049519662,0.9310344827586207,0.9649122807017544,-0.033877797943133725
google_robot_pick_coke_can__seed095__step071,pick_coke_can,95,validation,6,0.475704590133006,0.17136749166224458,0.8795337885509023,0.8795337885509023,0.0,0.9649122807017544,0.9649122807017544,0.0
google_robot_pick_coke_can__seed095__step071,pick_coke_can,95,validation,7,0.34682661589308883,0.04248951742232743,0.9926269573970069,0.9625613621752195,0.030065595221787422,0.9310344827586207,0.9310344827586207,0.0
google_robot_pick_coke_can__seed095__step071,pick_coke_can,95,validation,8,0.4360527933156766,0.1317156948449152,0.9825651564515899,0.9715330441035306,0.011032112348059342,0.8983050847457628,0.8983050847457628,0.0
google_robot_pick_coke_can__seed095__step071,pick_coke_can,95,validation,9,0.3814326095223676,0.07709551105160622,0.9795598842788342,0.8295555830069912,0.15000430127184305,0.8983050847457628,0.8360655737704918,0.06223951097527092
google_robot_pick_coke_can__seed095__step071,pick_coke_can,95,validation,10,0.35882433151359044,0.05448723304282904,0.9385749260487207,0.866019704346574,0.07255522170214668,0.9310344827586207,0.9649122807017544,-0.033877797943133725
google_robot_pick_coke_can__seed095__step071,pick_coke_can,95,validation,11,0.356881865316393,0.052544766845631585,0.9640413345475857,0.7717261159103875,0.19231521863719814,0.9310344827586207,0.75,0.18103448275862066
google_robot_pick_coke_can__seed095__step071,pick_coke_can,95,validation,12,0.30658083948962617,0.0022437410188647644,0.8743837587848017,0.9867616742067314,-0.11237791542192976,0.8666666666666667,0.9310344827586207,-0.06436781609195397
google_robot_pick_coke_can__seed095__step071,pick_coke_can,95,validation,13,0.37684814778298054,0.07251104931221913,0.983188496703673,0.9693300273497645,0.013858469353908554,0.9310344827586207,0.9310344827586207,0.0
google_robot_pick_coke_can__seed095__step071,pick_coke_can,95,validation,14,0.37561651884252095,0.07127942037175955,0.9600214267373621,0.9782966910178915,-0.01827526428052939,0.9310344827586207,0.9310344827586207,0.0
google_robot_pick_coke_can__seed095__step071,pick_coke_can,95,validation,15,0.45847603083107913,0.15413893236031773,0.8846082626381877,0.8404706591817966,0.04413760345639106,0.9310344827586207,0.8983050847457628,0.0327293980128579
google_robot_pick_coke_can__seed095__step071,pick_coke_can,95,validation,16,0.40803859849696605,0.10370150002620465,0.9630553942113612,0.9804238197641499,-0.017368425552788724,0.9310344827586207,0.8983050847457628,0.0327293980128579
google_robot_pick_coke_can__seed095__step071,pick_coke_can,95,validation,17,0.42131752706494136,0.11698042859417995,0.8980059944733071,0.8855604820677166,0.012445512405590442,0.8666666666666667,0.8666666666666667,0.0
google_robot_pick_coke_can__seed095__step071,pick_coke_can,95,validation,18,0.4031873076269366,0.0988502091561752,0.9912237293598425,0.9822127744728456,0.00901095488699688,0.9310344827586207,0.9310344827586207,0.0
google_robot_pick_coke_can__seed095__step071,pick_coke_can,95,validation,19,0.42003949001825563,0.11570239154749423,0.9957922628945989,1.0,-0.0042077371054011214,0.9649122807017544,1.0,-0.03508771929824561
google_robot_pick_coke_can__seed095__step071,pick_coke_can,95,validation,20,0.46399028848203133,0.15965319001126993,0.9046826471965056,0.9729506412960958,-0.06826799409959017,0.9310344827586207,0.8983050847457628,0.0327293980128579
google_robot_pick_coke_can__seed095__step071,pick_coke_can,95,validation,21,0.35534426031771965,0.05100716184695825,0.9880311824063943,0.991772011055784,-0.003740828649389738,0.9649122807017544,0.9649122807017544,0.0
google_robot_pick_coke_can__seed095__step071,pick_coke_can,95,validation,22,0.42642132965926915,0.12208423118850775,0.9789883229986494,0.8645411422608092,0.1144471807378401,0.9310344827586207,0.9310344827586207,0.0
google_robot_pick_coke_can__seed095__step071,pick_coke_can,95,validation,23,0.42894039485980456,0.12460329638904316,1.0,1.0,0.0,1.0,1.0,0.0
google_robot_pick_coke_can__seed095__step071,pick_coke_can,95,validation,24,0.42677038154805996,0.12243328307729856,0.9879481048125248,0.9753224045132493,0.012625700299275566,0.9310344827586207,0.9649122807017544,-0.033877797943133725
google_robot_pick_coke_can__seed095__step071,pick_coke_can,95,validation,25,0.4668819151348102,0.1625448166640488,0.9945110318305157,0.9803906215253105,0.014120410305205167,0.9649122807017544,0.9310344827586207,0.033877797943133725
google_robot_pick_coke_can__seed095__step071,pick_coke_can,95,validation,26,0.44669745071737715,0.14236035224661575,1.0,1.0,0.0,1.0,1.0,0.0
google_robot_pick_coke_can__seed095__step071,pick_coke_can,95,validation,27,0.4303175310301022,0.12598043255934077,1.0,0.9983478422804498,0.0016521577195501846,1.0,0.9649122807017544,0.03508771929824561
google_robot_pick_coke_can__seed095__step071,pick_coke_can,95,validation,28,0.4430975007534544,0.13876040228269299,0.9124106534103138,1.0,-0.0875893465896862,0.9310344827586207,1.0,-0.06896551724137934
google_robot_pick_coke_can__seed095__step071,pick_coke_can,95,validation,29,0.43496471345002924,0.13062761497926784,0.9850506176521017,0.9965688485606911,-0.011518230908589389,0.9310344827586207,0.9649122807017544,-0.033877797943133725
google_robot_pick_coke_can__seed095__step071,pick_coke_can,95,validation,30,0.4472838475219947,0.14294674905123328,0.9864364432031877,0.9941206551514116,-0.007684211948223885,0.9310344827586207,0.9649122807017544,-0.033877797943133725
google_robot_pick_coke_can__seed095__step071,pick_coke_can,95,validation,31,0.26817659841495867,-0.036160500055802736,0.9638063924389858,0.9677154304059977,-0.003909037967011919,0.9310344827586207,0.8983050847457628,0.0327293980128579
google_robot_pick_coke_can__seed096__step008,pick_coke_can,96,exploration,0,0.32107036093161434,0.2408911224543528,1.0,1.0,0.0,1.0,1.0,0.0
google_robot_pick_coke_can__seed096__step008,pick_coke_can,96,exploration,1,0.45533644483630803,0.3751572063590465,1.0,1.0,0.0,1.0,1.0,0.0
google_robot_pick_coke_can__seed096__step008,pick_coke_can,96,exploration,2,0.28024065882459626,0.2000614203473347,0.9525108729743145,1.0,-0.04748912702568553,0.92,1.0,-0.07999999999999996
google_robot_pick_coke_can__seed096__step008,pick_coke_can,96,exploration,3,0.37378446988959224,0.2936052314123307,0.944031735859356,0.9152871972709763,0.028744538588379664,0.92,0.8461538461538461,0.0738461538461539
google_robot_pick_coke_can__seed096__step008,pick_coke_can,96,exploration,4,0.37962857326557636,0.2994493347883148,0.9512951787842362,0.796011575743316,0.15528360304092015,0.92,0.8461538461538461,0.0738461538461539
google_robot_pick_coke_can__seed096__step008,pick_coke_can,96,exploration,5,0.27672027831722473,0.19654103983996318,1.0,0.9037551161927987,0.09624488380720131,1.0,0.92,0.07999999999999996
google_robot_pick_coke_can__seed096__step008,pick_coke_can,96,exploration,6,0.4513371731664686,0.37115793468920705,1.0,0.6319891110724544,0.36801088892754563,1.0,0.92,0.07999999999999996
google_robot_pick_coke_can__seed096__step008,pick_coke_can,96,exploration,7,0.4940151582656737,0.41383591978841217,0.9078651767402262,0.9329730063147549,-0.02510782957452873,0.7777777777777778,0.8461538461538461,-0.06837606837606836
google_robot_pick_coke_can__seed096__step008,pick_coke_can,96,exploration,8,0.4956269073577544,0.41544766888049284,0.962458091677641,0.8845745201135434,0.07788357156409753,0.92,0.8461538461538461,0.0738461538461539
google_robot_pick_coke_can__seed096__step008,pick_coke_can,96,exploration,9,0.501505788765497,0.42132655028823546,0.9392993829824929,0.4665351127553156,0.4727642702271773,0.92,0.7142857142857143,0.20571428571428574
google_robot_pick_coke_can__seed096__step008,pick_coke_can,96,exploration,10,0.4129210198753816,0.33274178139812005,0.9253245587415689,0.8298205817489098,0.09550397699265911,0.8461538461538461,0.6551724137931034,0.19098143236074272
google_robot_pick_coke_can__seed096__step008,pick_coke_can,96,exploration,11,0.5042984719788767,0.4241192335016151,0.9453387405499853,0.7943515708529095,0.15098716969707582,0.92,0.6551724137931034,0.2648275862068966
google_robot_pick_coke_can__seed096__step008,pick_coke_can,96,exploration,12,0.4989719313770847,0.4187926928998231,0.9851022229532695,0.8426229416473322,0.14247928130593734,0.92,0.7777777777777778,0.14222222222222225
google_robot_pick_coke_can__seed096__step008,pick_coke_can,96,exploration,13,0.3250785495445347,0.24489931106727314,0.7557010670144318,0.9140284143131324,-0.15832734729870057,0.8461538461538461,0.8461538461538461,0.0
google_robot_pick_coke_can__seed096__step008,pick_coke_can,96,exploration,14,0.40728682525296245,0.3271075867757009,0.559750093614296,0.21095512685018725,0.3487949667641087,0.8461538461538461,0.45454545454545453,0.3916083916083916
google_robot_pick_coke_can__seed096__step008,pick_coke_can,96,exploration,15,0.3079162610763617,0.22773702259910017,0.9589958331852225,0.9542804689049822,0.004715364280240331,0.8461538461538461,0.8461538461538461,0.0
google_robot_pick_coke_can__seed096__step008,pick_coke_can,96,exploration,16,0.2120409307209157,0.13186169224365413,0.6799091666960774,0.6530789149910018,0.02683025170507558,0.7777777777777778,0.6551724137931034,0.12260536398467436
google_robot_pick_coke_can__seed096__step008,pick_coke_can,96,exploration,17,0.29410291214583156,0.21392367366857,0.732750331083056,0.8058693535294049,-0.07311902244634894,0.7142857142857143,0.6551724137931034,0.059113300492610876
google_robot_pick_coke_can__seed096__step008,pick_coke_can,96,exploration,18,0.40068977228670105,0.3205105338094395,0.7091513192628726,0.4255241134345959,0.28362720582827666,0.7142857142857143,0.6551724137931034,0.059113300492610876
google_robot_pick_coke_can__seed096__step008,pick_coke_can,96,exploration,19,0.2710517112738648,0.19087247279660324,0.8544439055175129,0.7722710758587222,0.08217282965879069,0.7777777777777778,0.8461538461538461,-0.06837606837606836
google_robot_pick_coke_can__seed096__step008,pick_coke_can,96,exploration,20,0.30196998126897645,0.2217907427917149,0.5968675375857847,0.9432040109363572,-0.3463364733505725,0.7142857142857143,0.7777777777777778,-0.06349206349206349
google_robot_pick_coke_can__seed096__step008,pick_coke_can,96,exploration,21,0.3652198502399598,0.28504061176269824,0.9110202047326273,0.654094467343625,0.2569257373890024,0.7777777777777778,0.6551724137931034,0.12260536398467436
google_robot_pick_coke_can__seed096__step008,pick_coke_can,96,exploration,22,0.31055376542874674,0.2303745269514852,0.9764676420020201,0.901745306071882,0.0747223359301381,0.7777777777777778,0.7142857142857143,0.06349206349206349
google_robot_pick_coke_can__seed096__step008,pick_coke_can,96,exploration,23,0.2629677584841124,0.18278852000685086,1.0,0.9130203324395539,0.08697966756044606,1.0,0.8461538461538461,0.15384615384615385
google_robot_pick_coke_can__seed096__step008,pick_coke_can,96,exploration,24,0.2905935715215657,0.21041433304430412,0.9921973479614455,0.9810122411306591,0.01118510683078644,0.8461538461538461,0.8461538461538461,0.0
google_robot_pick_coke_can__seed096__step008,pick_coke_can,96,exploration,25,0.262529932394535,0.18235069391727343,0.9394753826493396,0.661598611890829,0.2778767707585106,0.8461538461538461,0.8461538461538461,0.0
google_robot_pick_coke_can__seed096__step008,pick_coke_can,96,exploration,26,0.27517339421557757,0.19499415573831602,0.9931888534351959,0.7255647232594787,0.2676241301757172,0.92,0.92,0.0
google_robot_pick_coke_can__seed096__step008,pick_coke_can,96,exploration,27,0.16020802968559078,0.08002879120832922,0.775431172299773,0.8582702517500261,-0.08283907945025315,0.7777777777777778,0.7777777777777778,0.0
google_robot_pick_coke_can__seed096__step008,pick_coke_can,96,exploration,28,0.14180954260115108,0.06163030412388952,0.9799812468591053,0.9805627063830618,-0.0005814595239564957,0.8461538461538461,0.92,-0.0738461538461539
google_robot_pick_coke_can__seed096__step008,pick_coke_can,96,exploration,29,0.15490235645694417,0.0747231179796826,0.9950494362480161,0.9954695908948316,-0.00042015464681544046,0.92,0.92,0.0
google_robot_pick_coke_can__seed096__step008,pick_coke_can,96,exploration,30,0.13448784930672894,0.05430861082946738,0.9762601640735694,0.9951232144145906,-0.018863050341021204,0.8461538461538461,0.92,-0.0738461538461539
google_robot_pick_coke_can__seed096__step008,pick_coke_can,96,exploration,31,0.13427914488531664,0.05409990640805508,0.8851075937639536,0.9506190387353975,-0.0655114449714439,0.92,0.8461538461538461,0.0738461538461539
google_robot_pick_coke_can__seed096__step040,pick_coke_can,96,exploration,0,0.20780529924624228,0.07907659475362666,1.0,1.0,0.0,1.0,1.0,0.0
google_robot_pick_coke_can__seed096__step040,pick_coke_can,96,exploration,1,0.448745563857829,0.3200168593652134,0.6355547395072824,0.7047630012387617,-0.06920826173147931,0.7142857142857143,0.7142857142857143,0.0
google_robot_pick_coke_can__seed096__step040,pick_coke_can,96,exploration,2,0.15060700860401602,0.021878304111400404,0.6067049294263,0.6067049294263,0.0,0.7142857142857143,0.7142857142857143,0.0
google_robot_pick_coke_can__seed096__step040,pick_coke_can,96,exploration,3,0.2782875935133668,0.14955888902075118,0.3904998498936832,0.8212416144880247,-0.4307417645943415,0.7142857142857143,0.7142857142857143,0.0
google_robot_pick_coke_can__seed096__step040,pick_coke_can,96,exploration,4,0.37177299343768516,0.24304428894506955,1.0,1.0,0.0,1.0,1.0,0.0
google_robot_pick_coke_can__seed096__step040,pick_coke_can,96,exploration,5,0.45949059306024925,0.33076188856763367,1.0,1.0,0.0,1.0,1.0,0.0
google_robot_pick_coke_can__seed096__step040,pick_coke_can,96,exploration,6,0.5513533383384037,0.4226246338457881,0.6741350372720841,0.6523303930492311,0.021804644222852998,0.7142857142857143,0.5,0.2142857142857143
google_robot_pick_coke_can__seed096__step040,pick_coke_can,96,exploration,7,0.576066628934982,0.4473379244423663,0.8711631288663478,0.9728851610849002,-0.10172203221855236,0.7142857142857143,0.7142857142857143,0.0
google_robot_pick_coke_can__seed096__step040,pick_coke_can,96,exploration,8,0.48282623333030855,0.35409752883769297,0.5532894724826577,0.7089449649370131,-0.1556554924543554,0.7142857142857143,0.5,0.2142857142857143
google_robot_pick_coke_can__seed096__step040,pick_coke_can,96,exploration,9,0.5694209095688297,0.4406922050762141,0.9937728852863034,0.46255423159322945,0.5312186536930739,0.7142857142857143,0.5,0.2142857142857143
google_robot_pick_coke_can__seed096__step040,pick_coke_can,96,exploration,10,0.44992777345307905,0.32119906896046346,0.8601598069584826,0.41074081340053653,0.44941899355794607,0.7142857142857143,0.7142857142857143,0.0
google_robot_pick_coke_can__seed096__step040,pick_coke_can,96,exploration,11,0.5749679223388474,0.4462392178462318,1.0,0.11806153066446373,0.8819384693355363,1.0,0.3333333333333333,0.6666666666666667
google_robot_pick_coke_can__seed096__step040,pick_coke_can,96,exploration,12,0.6283626623149151,0.49963395782229947,1.0,0.994389897425085,0.00561010257491501,1.0,0.7142857142857143,0.2857142857142857
google_robot_pick_coke_can__seed096__step040,pick_coke_can,96,exploration,13,0.4764596125616786,0.34773090806906304,0.964781545945534,0.6046687991816878,0.3601127467638462,0.7142857142857143,0.3333333333333333,0.380952380952381
google_robot_pick_coke_can__seed096__step040,pick_coke_can,96,exploration,14,0.3690501137567293,0.2403214092641137,1.0000000000000002,0.21774052942994723,0.782259470570053,1.0,0.09090909090909091,0.9090909090909091
google_robot_pick_coke_can__seed096__step040,pick_coke_can,96,exploration,15,0.28385852556492897,0.15512982107231335,0.7208670890596133,0.757611562525681,-0.036744473466067684,0.5,0.7142857142857143,-0.2142857142857143
google_robot_pick_coke_can__seed096__step040,pick_coke_can,96,exploration,16,0.3795400140090092,0.25081130951639363,1.0,1.0,0.0,1.0,1.0,0.0
google_robot_pick_coke_can__seed096__step040,pick_coke_can,96,exploration,17,0.2399157803117937,0.11118707581917808,1.0,0.7495735655493866,0.2504264344506134,1.0,0.7142857142857143,0.2857142857142857
google_robot_pick_coke_can__seed096__step040,pick_coke_can,96,exploration,18,0.2037199427454076,0.074991238252792,0.370782018464431,0.8873461929296336,-0.5165641744652025,0.5,0.7142857142857143,-0.2142857142857143
google_robot_pick_coke_can__seed096__step040,pick_coke_can,96,exploration,19,0.23576530008338106,0.10703659559076545,0.8897246416430704,0.6536441889359184,0.23608045270715206,0.7142857142857143,0.7142857142857143,0.0
google_robot_pick_coke_can__seed096__step040,pick_coke_can,96,exploration,20,0.08559881803136342,-0.043129886461252195,0.8133251730612004,0.9223400962686291,-0.10901492320742867,0.5,0.7142857142857143,-0.2142857142857143
google_robot_pick_coke_can__seed096__step040,pick_coke_can,96,exploration,21,0.23073570872476054,0.10200700423214493,0.5193093952950113,0.6703800513409335,-0.15107065604592218,0.5,0.5,0.0
google_robot_pick_coke_can__seed096__step040,pick_coke_can,96,exploration,22,0.24313448648913838,0.11440578199652277,0.8594237741438365,1.0,-0.14057622585616347,0.7142857142857143,1.0,-0.2857142857142857
google_robot_pick_coke_can__seed096__step040,pick_coke_can,96,exploration,23,0.5306461917331706,0.401917487240555,0.8384396204493073,0.8384396204493073,0.0,0.7142857142857143,0.7142857142857143,0.0
google_robot_pick_coke_can__seed096__step040,pick_coke_can,96,exploration,24,0.39080173670084933,0.26207303220823375,0.7699733645550705,0.7325336940112868,0.03743967054378372,0.7142857142857143,0.5,0.2142857142857143
google_robot_pick_coke_can__seed096__step040,pick_coke_can,96,exploration,25,0.262526007581178,0.13379730308856239,0.6896512904162253,0.8222350382588309,-0.13258374784260563,0.5,0.7142857142857143,-0.2142857142857143
google_robot_pick_coke_can__seed096__step040,pick_coke_can,96,exploration,26,0.15605713957224362,0.02732843507962801,1.0,1.0,0.0,1.0,1.0,0.0
google_robot_pick_coke_can__seed096__step040,pick_coke_can,96,exploration,27,0.6085754797291004,0.4798467752364848,0.7115724732478813,0.3658157732128313,0.34575670003505,0.7142857142857143,0.7142857142857143,0.0
google_robot_pick_coke_can__seed096__step040,pick_coke_can,96,exploration,28,0.3806540277365016,0.25192532324388595,1.0,1.0,0.0,1.0,1.0,0.0
google_robot_pick_coke_can__seed096__step040,pick_coke_can,96,exploration,29,0.1568757073203562,0.028147002827740575,1.0,1.0,0.0,1.0,1.0,0.0
google_robot_pick_coke_can__seed096__step040,pick_coke_can,96,exploration,30,0.33621735163935096,0.20748864714673534,0.8811687214247325,0.8806802587989836,0.0004884626257488645,0.7142857142857143,0.7142857142857143,0.0
google_robot_pick_coke_can__seed096__step040,pick_coke_can,96,exploration,31,0.32922538565286197,0.20049668116024635,0.8783860294410707,0.6888128941229003,0.18957313531817044,0.7142857142857143,0.7142857142857143,0.0
google_robot_pick_coke_can__seed096__step071,pick_coke_can,96,exploration,0,0.3913866031597875,0.7120884636329619,1.0,1.0,0.0,1.0,1.0,0.0
google_robot_pick_coke_can__seed096__step071,pick_coke_can,96,exploration,1,0.5515248288545225,0.8722266893276968,0.9494178296881195,1.0,-0.0505821703118805,0.9333333333333333,1.0,-0.06666666666666665
google_robot_pick_coke_can__seed096__step071,pick_coke_can,96,exploration,2,0.4056132963017908,0.726315156774965,0.9786200622618243,0.9674666442844296,0.011153417977394664,0.9333333333333333,0.9333333333333333,0.0
google_robot_pick_coke_can__seed096__step071,pick_coke_can,96,exploration,3,0.22410893719831596,0.5448107976714902,0.7033285509051325,0.6995426560929698,0.003785894812162627,0.9333333333333333,0.8709677419354839,0.062365591397849474
google_robot_pick_coke_can__seed096__step071,pick_coke_can,96,exploration,4,0.34222419137772403,0.6629260518508984,0.9361023629329842,0.6565541550549048,0.27954820787807944,0.8709677419354839,0.8709677419354839,0.0
google_robot_pick_coke_can__seed096__step071,pick_coke_can,96,exploration,5,0.5640035950917669,0.8847054555649412,0.8500377070986916,0.5736862994493253,0.2763514076493664,0.8709677419354839,0.8125,0.058467741935483875
google_robot_pick_coke_can__seed096__step071,pick_coke_can,96,exploration,6,0.20971711784523084,0.5304189783184051,0.9869578197715402,0.6998687900281069,0.2870890297434333,0.9333333333333333,0.9333333333333333,0.0
google_robot_pick_coke_can__seed096__step071,pick_coke_can,96,exploration,7,0.2464049462569502,0.5671068067301245,0.9773800853979066,0.9820509316289053,-0.004670846230998782,0.8709677419354839,0.9333333333333333,-0.062365591397849474
google_robot_pick_coke_can__seed096__step071,pick_coke_can,96,exploration,8,0.18762020692203163,0.5083220673952059,0.9430551841685562,0.9745338243535397,-0.031478640184983586,0.8709677419354839,0.8125,0.058467741935483875
google_robot_pick_coke_can__seed096__step071,pick_coke_can,96,exploration,9,0.2750563612870285,0.5957582217602028,0.9861073121921612,0.708938963924923,0.27716834826723824,0.9333333333333333,0.8709677419354839,0.062365591397849474
google_robot_pick_coke_can__seed096__step071,pick_coke_can,96,exploration,10,0.22330353819393267,0.544005398667107,0.8800450515214235,0.917939946554081,-0.037894895032657416,0.8125,0.8125,0.0
google_robot_pick_coke_can__seed096__step071,pick_coke_can,96,exploration,11,0.4007727882639574,0.7214746487371317,0.9639797189783502,0.842996974604454,0.12098274437389622,0.9333333333333333,0.7575757575757576,0.17575757575757578
google_robot_pick_coke_can__seed096__step071,pick_coke_can,96,exploration,12,0.38328451954115045,0.7039863800143247,1.0,0.9476350643794743,0.05236493562052569,1.0,0.6571428571428571,0.34285714285714286
google_robot_pick_coke_can__seed096__step071,pick_coke_can,96,exploration,13,0.4275635751767328,0.7482654356499071,0.8264711076168534,0.9618803294466239,-0.13540922182977055,0.9333333333333333,0.9333333333333333,0.0
google_robot_pick_coke_can__seed096__step071,pick_coke_can,96,exploration,14,0.6826043611435632,1.0033062216167374,0.9683690147669487,0.35087143682336497,0.6174975779435837,0.8709677419354839,0.6111111111111112,0.2598566308243727
google_robot_pick_coke_can__seed096__step071,pick_coke_can,96,exploration,15,0.34917083527718074,0.669872695750355,1.0,0.6445544077848976,0.3554455922151024,1.0,0.8125,0.1875
google_robot_pick_coke_can__seed096__step071,pick_coke_can,96,exploration,16,0.3986522613423018,0.7193541218154761,1.0,0.8596421880261101,0.14035781197388986,1.0,0.8709677419354839,0.12903225806451613
google_robot_pick_coke_can__seed096__step071,pick_coke_can,96,exploration,17,0.666380631939766,0.9870824924129403,0.9922213765972532,0.9922707588699948,-4.93822727416493e-05,0.8709677419354839,0.9333333333333333,-0.062365591397849474
google_robot_pick_coke_can__seed096__step071,pick_coke_can,96,exploration,18,0.762428545511411,1.0831304059845852,0.9194818873917027,0.9567389782856851,-0.037257090893982436,0.8709677419354839,0.8125,0.058467741935483875
google_robot_pick_coke_can__seed096__step071,pick_coke_can,96,exploration,19,0.780466378100968,1.1011682385741421,0.9806923788391241,0.9794388921760654,0.0012534866630586894,0.8709677419354839,0.8709677419354839,0.0
google_robot_pick_coke_can__seed096__step071,pick_coke_can,96,exploration,20,0.733569529947861,1.0542713904210352,0.5890999861017395,0.9573778061744546,-0.36827782007271503,0.8709677419354839,0.6571428571428571,0.21382488479262673
google_robot_pick_coke_can__seed096__step071,pick_coke_can,96,exploration,21,0.7481339773660345,1.0688358378392087,0.9565987825730388,0.8842384190823305,0.07236036349070829,0.8125,0.8125,0.0
google_robot_pick_coke_can__seed096__step071,pick_coke_can,96,exploration,22,0.7483514914042423,1.0690533518774166,0.7875089961154634,0.5554096686255955,0.23209932748986795,0.8125,0.6571428571428571,0.15535714285714286
google_robot_pick_coke_can__seed096__step071,pick_coke_can,96,exploration,23,0.5917053501052585,0.9124072105784328,0.8372896991010554,0.9942967874630887,-0.15700708836203325,0.8125,0.9333333333333333,-0.12083333333333335
google_robot_pick_coke_can__seed096__step071,pick_coke_can,96,exploration,24,0.13290461240394066,0.453606472877115,0.988899902515835,0.9951563953480803,-0.006256492832245275,0.8125,0.8709677419354839,-0.058467741935483875
google_robot_pick_coke_can__seed096__step071,pick_coke_can,96,exploration,25,0.11274069930925208,0.43344255978242635,0.8500738849118815,0.9688088213425381,-0.11873493643065658,0.8709677419354839,0.8709677419354839,0.0
google_robot_pick_coke_can__seed096__step071,pick_coke_can,96,exploration,26,0.3819167884015708,0.702618648874745,0.9959343719738207,0.9860232429395858,0.009911129034234967,0.9333333333333333,0.9333333333333333,0.0
google_robot_pick_coke_can__seed096__step071,pick_coke_can,96,exploration,27,0.7067944380525742,1.0274962985257485,0.5546244160008836,0.5413142053302372,0.013310210670646416,0.8125,0.8709677419354839,-0.058467741935483875
google_robot_pick_coke_can__seed096__step071,pick_coke_can,96,exploration,28,0.5405058832642552,0.8612077437374295,0.9723226596727915,0.7672036940945056,0.2051189655782859,0.9333333333333333,0.8125,0.12083333333333335
google_robot_pick_coke_can__seed096__step071,pick_coke_can,96,exploration,29,0.6488919992228832,0.9695938596960575,0.9872054953002348,0.6074073116224445,0.3797981836777903,0.8709677419354839,0.9333333333333333,-0.062365591397849474
google_robot_pick_coke_can__seed096__step071,pick_coke_can,96,exploration,30,0.20932447956716924,0.5300263400403435,0.6050256167440571,0.9004201548670426,-0.29539453812298555,0.8709677419354839,0.8709677419354839,0.0
google_robot_pick_coke_can__seed096__step071,pick_coke_can,96,exploration,31,0.17043467108959617,0.4911365315627705,0.9907423330550564,0.9907423330550564,0.0,0.8709677419354839,0.8709677419354839,0.0
google_robot_pick_coke_can__seed097__step008,pick_coke_can,97,exploration,0,0.11345311218252181,0.3144170283094952,0.7470102724216255,1.0,-0.25298972757837446,0.9230769230769231,1.0,-0.07692307692307687
google_robot_pick_coke_can__seed097__step008,pick_coke_can,97,exploration,1,0.3589951084235048,0.5599590245504782,0.8965443202888256,0.8965443202888256,0.0,0.9230769230769231,0.9230769230769231,0.0
google_robot_pick_coke_can__seed097__step008,pick_coke_can,97,exploration,2,0.09536870259955267,0.29633261872652605,0.9666168456057805,0.9592911581725009,0.0073256874332796595,0.9230769230769231,0.9230769230769231,0.0
google_robot_pick_coke_can__seed097__step008,pick_coke_can,97,exploration,3,0.41712373628224036,0.6180876524092138,1.0,0.4474159572049425,0.5525840427950575,1.0,0.9230769230769231,0.07692307692307687
google_robot_pick_coke_can__seed097__step008,pick_coke_can,97,exploration,4,0.15332094008515887,0.35428485621213224,0.9555900500435843,0.93900363505652,0.01658641498706437,0.9230769230769231,0.9230769230769231,0.0
google_robot_pick_coke_can__seed097__step008,pick_coke_can,97,exploration,5,0.2781397736826941,0.4791036898096675,1.0,1.0,0.0,1.0,1.0,0.0
google_robot_pick_coke_can__seed097__step008,pick_coke_can,97,exploration,6,0.35340888129184234,0.5543727974188157,0.9041521979471994,0.5013801342675713,0.40277206367962803,0.9230769230769231,0.7857142857142857,0.13736263736263743
google_robot_pick_coke_can__seed097__step008,pick_coke_can,97,exploration,7,0.0909513771389795,0.2919152932659529,1.0,0.940636164321972,0.059363835678028054,1.0,0.8518518518518519,0.14814814814814814
google_robot_pick_coke_can__seed097__step008,pick_coke_can,97,exploration,8,0.42304611333402625,0.6240100294609996,1.0,0.8189692513107857,0.18103074868921432,1.0,0.9230769230769231,0.07692307692307687
google_robot_pick_coke_can__seed097__step008,pick_coke_can,97,exploration,9,0.13871381997092488,0.3396777360978983,0.7130945775543945,0.4675068251705154,0.24558775238387914,0.9230769230769231,0.7857142857142857,0.13736263736263743
google_robot_pick_coke_can__seed097__step008,pick_coke_can,97,exploration,10,0.2595794779827271,0.4605433941097005,0.9740195214274562,0.764416798439837,0.20960272298761917,0.9230769230769231,0.7857142857142857,0.13736263736263743
google_robot_pick_coke_can__seed097__step008,pick_coke_can,97,exploration,11,0.1043443276720921,0.3053082437990655,0.9878347826280404,0.5447817306093313,0.44305305201870904,0.9230769230769231,0.7241379310344828,0.19893899204244037
google_robot_pick_coke_can__seed097__step008,pick_coke_can,97,exploration,12,0.25854264530305676,0.45950656143003016,0.5715681500728256,0.6194920445855768,-0.04792389451275125,0.8518518518518519,0.6666666666666666,0.18518518518518523
google_robot_pick_coke_can__seed097__step008,pick_coke_can,97,exploration,13,0.1138111688384581,0.3147750849654315,1.0,0.4726266929530536,0.5273733070469464,1.0,0.7241379310344828,0.27586206896551724
google_robot_pick_coke_can__seed097__step008,pick_coke_can,97,exploration,14,0.08696633054426317,0.28793024667123657,0.9451047556601418,0.47098225984005526,0.4741224958200866,0.8518518518518519,0.5625,0.28935185185185186
google_robot_pick_coke_can__seed097__step008,pick_coke_can,97,exploration,15,0.2947583109104484,0.4957222270374218,0.9646351374452501,0.861620920912148,0.10301421653310205,0.9230769230769231,0.8518518518518519,0.07122507122507127
google_robot_pick_coke_can__seed097__step008,pick_coke_can,97,exploration,16,0.01261454276728056,0.21357845889425395,0.5622143946536554,0.7353266260132054,-0.17311223135955,0.8518518518518519,0.7241379310344828,0.1277139208173691
google_robot_pick_coke_can__seed097__step008,pick_coke_can,97,exploration,17,0.20828604623399224,0.40924996236096567,0.909802477575075,0.6731221153105681,0.23668036226450695,0.9230769230769231,0.6129032258064516,0.3101736972704715
google_robot_pick_coke_can__seed097__step008,pick_coke_can,97,exploration,18,0.09451791603533653,0.29548183216230994,0.9082159946464218,0.9215179181910395,-0.013301923544617678,0.7857142857142857,0.7241379310344828,0.061576354679802936
google_robot_pick_coke_can__seed097__step008,pick_coke_can,97,exploration,19,0.17046760826819293,0.37143152439516636,0.8903013996054963,1.0,-0.10969860039450374,0.7857142857142857,1.0,-0.2142857142857143
google_robot_pick_coke_can__seed097__step008,pick_coke_can,97,exploration,20,0.24014571814940489,0.4411096342763783,0.8752649144400643,0.9077991508096482,-0.03253423636958397,0.8518518518518519,0.8518518518518519,0.0
google_robot_pick_coke_can__seed097__step008,pick_coke_can,97,exploration,21,0.24378738307174821,0.4447512991987216,0.8052231358421512,0.9125126512132425,-0.10728951537109133,0.7857142857142857,0.8518518518518519,-0.06613756613756616
google_robot_pick_coke_can__seed097__step008,pick_coke_can,97,exploration,22,0.2436381471982212,0.4446020633251946,0.9811570686056124,0.8777844973142933,0.10337257129131905,0.7857142857142857,0.7241379310344828,0.061576354679802936
google_robot_pick_coke_can__seed097__step008,pick_coke_can,97,exploration,23,0.21865199403274393,0.41961591015971733,0.9913902678266405,0.8837478287809479,0.1076424390456926,0.9230769230769231,0.7857142857142857,0.13736263736263743
google_robot_pick_coke_can__seed097__step008,pick_coke_can,97,exploration,24,0.1688322993049195,0.3697962154318929,0.9906974839124262,0.9511782836349765,0.039519200277449706,0.9230769230769231,0.8518518518518519,0.07122507122507127
google_robot_pick_coke_can__seed097__step008,pick_coke_can,97,exploration,25,0.1983725423725482,0.3993364584995216,0.9447342327508066,0.9816292456704336,-0.036895012919627046,0.9230769230769231,0.9230769230769231,0.0
google_robot_pick_coke_can__seed097__step008,pick_coke_can,97,exploration,26,0.1643168228266968,0.3652807389536702,0.9314896769064284,0.9969675278106845,-0.06547785090425617,0.7857142857142857,0.9230769230769231,-0.13736263736263743
google_robot_pick_coke_can__seed097__step008,pick_coke_can,97,exploration,27,0.1510425875769497,0.35200650370392306,1.0,0.9732008155084712,0.02679918449152885,1.0,0.9230769230769231,0.07692307692307687
google_robot_pick_coke_can__seed097__step008,pick_coke_can,97,exploration,28,0.18531028003444203,0.38627419616141545,1.0,0.9619986059675107,0.038001394032489255,1.0,0.9230769230769231,0.07692307692307687
google_robot_pick_coke_can__seed097__step008,pick_coke_can,97,exploration,29,0.1673968358775595,0.3683607520045329,1.0,0.994345443672652,0.005654556327348015,1.0,0.9230769230769231,0.07692307692307687
google_robot_pick_coke_can__seed097__step008,pick_coke_can,97,exploration,30,0.16243429945766727,0.3633982155846407,0.925948854707813,1.0,-0.07405114529218704,0.9230769230769231,1.0,-0.07692307692307687
google_robot_pick_coke_can__seed097__step008,pick_coke_can,97,exploration,31,0.11325475525922528,0.3142186713861987,0.9975888509254119,1.0000000000000002,-0.0024111490745882813,0.9230769230769231,1.0,-0.07692307692307687
google_robot_pick_coke_can__seed097__step040,pick_coke_can,97,exploration,0,0.1178128017282583,0.12547625817960578,1.0,1.0,0.0,1.0,1.0,0.0
google_robot_pick_coke_can__seed097__step040,pick_coke_can,97,exploration,1,0.5487226495061293,0.5563861059574767,0.9716444497317617,1.0,-0.028355550268238328,0.8461538461538461,1.0,-0.15384615384615385
google_robot_pick_coke_can__seed097__step040,pick_coke_can,97,exploration,2,0.3844084954200266,0.39207195187137406,0.876799702722411,0.9165654722583699,-0.039765769535958895,0.92,0.8461538461538461,0.0738461538461539
google_robot_pick_coke_can__seed097__step040,pick_coke_can,97,exploration,3,0.27705169535373014,0.2847151518050776,0.9539165346742232,0.9602816753210036,-0.006365140646780398,0.92,0.92,0.0
google_robot_pick_coke_can__seed097__step040,pick_coke_can,97,exploration,4,0.20306193823524044,0.21072539468658794,0.8991062881959078,0.8637577990961486,0.035348489099759184,0.7777777777777778,0.7777777777777778,0.0
google_robot_pick_coke_can__seed097__step040,pick_coke_can,97,exploration,5,0.31680961389638496,0.32447307034773243,1.0,1.0,0.0,1.0,1.0,0.0
google_robot_pick_coke_can__seed097__step040,pick_coke_can,97,exploration,6,0.43733913828251914,0.4450025947338666,0.8538611927373893,0.6363597290001088,0.2175014637372804,0.7777777777777778,0.8461538461538461,-0.06837606837606836
google_robot_pick_coke_can__seed097__step040,pick_coke_can,97,exploration,7,0.48261546692435336,0.49027892337570084,1.0,0.5797567694339759,0.4202432305660241,1.0,0.8461538461538461,0.15384615384615385
google_robot_pick_coke_can__seed097__step040,pick_coke_can,97,exploration,8,0.4799415216467862,0.4876049780981337,0.5867710069237582,0.46935372198277164,0.11741728494098652,0.92,0.8461538461538461,0.0738461538461539
google_robot_pick_coke_can__seed097__step040,pick_coke_can,97,exploration,9,0.4445055665279474,0.4521690229792949,1.0,0.8970225120435508,0.10297748795644923,1.0,0.8461538461538461,0.15384615384615385
google_robot_pick_coke_can__seed097__step040,pick_coke_can,97,exploration,10,0.32656044098996645,0.3342238974413139,0.936650968040614,0.4194496692990632,0.5172012987415509,0.92,0.8461538461538461,0.0738461538461539
google_robot_pick_coke_can__seed097__step040,pick_coke_can,97,exploration,11,0.30758046354762336,0.31524391999897083,0.9221232571943109,0.09765716171590179,0.8244660954784091,0.92,0.7142857142857143,0.20571428571428574
google_robot_pick_coke_can__seed097__step040,pick_coke_can,97,exploration,12,0.23315829288895992,0.24082174934030742,0.7080267470550875,0.282746625700633,0.4252801213544545,0.7777777777777778,0.7142857142857143,0.06349206349206349
google_robot_pick_coke_can__seed097__step040,pick_coke_can,97,exploration,13,0.32073011217227165,0.3283935686236191,1.0,0.6552150912598123,0.34478490874018775,1.0,0.7777777777777778,0.2222222222222222
google_robot_pick_coke_can__seed097__step040,pick_coke_can,97,exploration,14,0.21286290222184137,0.22052635867318887,0.7842650514377795,0.6339097610725014,0.15035529036527806,0.8461538461538461,0.5,0.34615384615384615
google_robot_pick_coke_can__seed097__step040,pick_coke_can,97,exploration,15,0.3482264182908179,0.3558898747421654,0.9753670553758192,0.7246796149112352,0.250687440464584,0.92,0.7142857142857143,0.20571428571428574
google_robot_pick_coke_can__seed097__step040,pick_coke_can,97,exploration,16,0.3233134180373071,0.3309768744886546,0.8403548145285722,0.6772835563814746,0.16307125814709755,0.92,0.7142857142857143,0.20571428571428574
google_robot_pick_coke_can__seed097__step040,pick_coke_can,97,exploration,17,0.2595930869260178,0.26725654337736526,0.8007252130229591,0.6989624940250677,0.10176271899789135,0.8461538461538461,0.5483870967741935,0.29776674937965264
google_robot_pick_coke_can__seed097__step040,pick_coke_can,97,exploration,18,0.16390012708367044,0.17156358353501794,0.845514990330848,0.784109526582833,0.06140546374801503,0.7777777777777778,0.8461538461538461,-0.06837606837606836
google_robot_pick_coke_can__seed097__step040,pick_coke_can,97,exploration,19,0.2554195960466332,0.2630830524979807,0.8541445483343827,1.0,-0.1458554516656173,0.8461538461538461,1.0,-0.15384615384615385
google_robot_pick_coke_can__seed097__step040,pick_coke_can,97,exploration,20,0.3910686016180231,0.39873205806937057,0.8562394054498735,0.6174414835489017,0.23879792190097182,0.8461538461538461,0.7777777777777778,0.06837606837606836
google_robot_pick_coke_can__seed097__step040,pick_coke_can,97,exploration,21,0.3700321857406226,0.37769564219197005,0.9570752151532113,0.8122775750472683,0.14479764010594298,0.7777777777777778,0.7777777777777778,0.0
google_robot_pick_coke_can__seed097__step040,pick_coke_can,97,exploration,22,0.27832119359986446,0.28598465005121193,0.9470768188251303,0.9760739030755462,-0.028997084250415917,0.7777777777777778,0.7777777777777778,0.0
google_robot_pick_coke_can__seed097__step040,pick_coke_can,97,exploration,23,0.39173843125809094,0.3994018877094384,0.9762385635547836,0.9811706318659027,-0.004932068311119142,0.8461538461538461,0.8461538461538461,0.0
google_robot_pick_coke_can__seed097__step040,pick_coke_can,97,exploration,24,0.37215239833024505,0.3798158547815925,0.9767497164276389,0.9838250991052879,-0.007075382677649067,0.92,0.92,0.0
google_robot_pick_coke_can__seed097__step040,pick_coke_can,97,exploration,25,0.39049394353669337,0.39815739998804084,0.9756552372524373,0.9756552372524373,0.0,0.8461538461538461,0.8461538461538461,0.0
google_robot_pick_coke_can__seed097__step040,pick_coke_can,97,exploration,26,0.38516114980500493,0.3928246062563524,0.9944353111953559,0.98001459862608,0.014420712569275906,0.92,0.92,0.0
google_robot_pick_coke_can__seed097__step040,pick_coke_can,97,exploration,27,0.3423132480671563,0.34997670451850377,1.0,0.9433667546115839,0.056633245388416076,1.0,0.92,0.07999999999999996
google_robot_pick_coke_can__seed097__step040,pick_coke_can,97,exploration,28,0.40511276207622365,0.4127762185275711,1.0,0.9949333272660574,0.005066672733942568,1.0,0.92,0.07999999999999996
google_robot_pick_coke_can__seed097__step040,pick_coke_can,97,exploration,29,0.3998611475141127,0.4075246039654602,1.0,0.9979937051389877,0.0020062948610123366,1.0,0.92,0.07999999999999996
google_robot_pick_coke_can__seed097__step040,pick_coke_can,97,exploration,30,0.4368670180852629,0.4445304745366104,1.0,1.0,0.0,1.0,1.0,0.0
google_robot_pick_coke_can__seed097__step040,pick_coke_can,97,exploration,31,0.3774391999443112,0.38510265639565866,0.9899596108737457,0.8420114085618203,0.1479482023119254,0.92,0.92,0.0
google_robot_pick_coke_can__seed097__step071,pick_coke_can,97,exploration,0,0.23442324455961053,0.23775804889498345,1.0,0.7096650439582165,0.2903349560417835,1.0,0.7777777777777778,0.2222222222222222
google_robot_pick_coke_can__seed097__step071,pick_coke_can,97,exploration,1,0.43687276060000874,0.44020756493538166,0.6419493965886166,1.0,-0.3580506034113834,0.7777777777777778,1.0,-0.2222222222222222
google_robot_pick_coke_can__seed097__step071,pick_coke_can,97,exploration,2,0.06115496607030144,0.06448977040567436,1.0,0.9743251373595968,0.025674862640403195,1.0,0.7777777777777778,0.2222222222222222
google_robot_pick_coke_can__seed097__step071,pick_coke_can,97,exploration,3,0.05196148624003217,0.05529629057540508,0.9916958312363245,1.0000000000000002,-0.008304168763675679,0.7777777777777778,1.0,-0.2222222222222222
google_robot_pick_coke_can__seed097__step071,pick_coke_can,97,exploration,4,0.49134062469566847,0.4946754290310414,1.0,0.6510030327161692,0.3489969672838308,1.0,0.6,0.4
google_robot_pick_coke_can__seed097__step071,pick_coke_can,97,exploration,5,0.43384372832586887,0.4371785326612418,0.9840346291281544,1.0,-0.015965370871845574,0.7777777777777778,1.0,-0.2222222222222222
google_robot_pick_coke_can__seed097__step071,pick_coke_can,97,exploration,6,0.4215924870909873,0.4249272914263602,0.9368106632726687,0.9367654576351684,4.5205637500322915e-05,0.7777777777777778,0.6,0.1777777777777778
google_robot_pick_coke_can__seed097__step071,pick_coke_can,97,exploration,7,0.5301068753929743,0.5334416797283472,0.971256968516177,0.9714587507170648,-0.00020178220088773458,0.7777777777777778,0.6,0.1777777777777778
google_robot_pick_coke_can__seed097__step071,pick_coke_can,97,exploration,8,0.46969453602777156,0.4730293403631445,0.986742477650914,0.9181956044419133,0.06854687320900077,0.7777777777777778,0.45454545454545453,0.32323232323232326
google_robot_pick_coke_can__seed097__step071,pick_coke_can,97,exploration,9,0.5166463637416635,0.5199811680770364,1.0,0.9746723502270971,0.025327649772902916,1.0,0.7777777777777778,0.2222222222222222
google_robot_pick_coke_can__seed097__step071,pick_coke_can,97,exploration,10,0.4837430887637674,0.48707789309914035,0.8016725758144688,0.648783207189627,0.15288936862484181,0.7777777777777778,0.7777777777777778,0.0
google_robot_pick_coke_can__seed097__step071,pick_coke_can,97,exploration,11,0.4282688543116793,0.43160365864705225,0.8238250942849543,0.8643257304941317,-0.04050063620917743,0.7777777777777778,0.6,0.1777777777777778
google_robot_pick_coke_can__seed097__step071,pick_coke_can,97,exploration,12,0.4533481130950922,0.45668291743046513,0.8080328319855199,1.0,-0.1919671680144801,0.7777777777777778,1.0,-0.2222222222222222
google_robot_pick_coke_can__seed097__step071,pick_coke_can,97,exploration,13,0.22419200912629286,0.22752681346166578,1.0,0.8305620539374804,0.1694379460625196,1.0,0.6,0.4
google_robot_pick_coke_can__seed097__step071,pick_coke_can,97,exploration,14,0.21035190629550013,0.21368671063087305,0.7844808549630592,0.8681085442857688,-0.08362768932270959,0.7777777777777778,0.6,0.1777777777777778
google_robot_pick_coke_can__seed097__step071,pick_coke_can,97,exploration,15,0.24690654114320518,0.25024134547857807,1.0,0.6076345364798281,0.3923654635201719,1.0,0.7777777777777778,0.2222222222222222
google_robot_pick_coke_can__seed097__step071,pick_coke_can,97,exploration,16,0.4776646958211912,0.4809995001565641,0.9641860048799032,0.965150686840448,-0.0009646819605447776,0.7777777777777778,0.7777777777777778,0.0
google_robot_pick_coke_can__seed097__step071,pick_coke_can,97,exploration,17,0.2527191171415156,0.25605392147688855,0.9380363438980841,0.9380363438980841,0.0,0.7777777777777778,0.7777777777777778,0.0
google_robot_pick_coke_can__seed097__step071,pick_coke_can,97,exploration,18,0.11375280072987683,0.11708760506524973,1.0,0.9265891593553706,0.07341084064462944,1.0,0.7777777777777778,0.2222222222222222
google_robot_pick_coke_can__seed097__step071,pick_coke_can,97,exploration,19,0.30880000729525964,0.31213481163063256,0.993946817449317,0.992304487427036,0.00164233002228098,0.6,0.7777777777777778,-0.1777777777777778
google_robot_pick_coke_can__seed097__step071,pick_coke_can,97,exploration,20,0.2665979965696766,0.2699328009050495,0.7886112698416584,0.9365764044518602,-0.14796513461020178,0.7777777777777778,0.6,0.1777777777777778
google_robot_pick_coke_can__seed097__step071,pick_coke_can,97,exploration,21,0.3016453975696098,0.3049802019049827,0.9937183220778972,0.977546483209584,0.016171838868313193,0.7777777777777778,0.6,0.1777777777777778
google_robot_pick_coke_can__seed097__step071,pick_coke_can,97,exploration,22,0.5071968365735843,0.5105316409089572,0.988801808941738,0.9924957154478203,-0.0036939065060823673,0.6,0.7777777777777778,-0.1777777777777778
google_robot_pick_coke_can__seed097__step071,pick_coke_can,97,exploration,23,0.3030957105843762,0.3064305149197491,0.8679756347385424,0.6073021136859872,0.26067352105255526,0.7777777777777778,0.6,0.1777777777777778
google_robot_pick_coke_can__seed097__step071,pick_coke_can,97,exploration,24,0.477238348393546,0.48057315272891893,0.5089514022044356,0.7173738500689816,-0.208422447864546,0.45454545454545453,0.7777777777777778,-0.32323232323232326
google_robot_pick_coke_can__seed097__step071,pick_coke_can,97,exploration,25,0.11929032983351,0.1226251341688829,0.9516461325981626,0.8469465687282569,0.10469956386990564,0.6,0.6,0.0
google_robot_pick_coke_can__seed097__step071,pick_coke_can,97,exploration,26,0.08958752238691847,0.09292232672229138,0.8109508654812863,0.8970446439652351,-0.08609377848394884,0.6,0.7777777777777778,-0.1777777777777778
google_robot_pick_coke_can__seed097__step071,pick_coke_can,97,exploration,27,0.23140192266578055,0.23473672700115347,0.4458275729610392,0.9916520461004478,-0.5458244731394086,0.7777777777777778,0.7777777777777778,0.0
google_robot_pick_coke_can__seed097__step071,pick_coke_can,97,exploration,28,0.16083287431796575,0.16416767865333867,0.3117436948020096,0.6624297186793852,-0.3506860238773756,0.6,0.7777777777777778,-0.1777777777777778
google_robot_pick_coke_can__seed097__step071,pick_coke_can,97,exploration,29,-0.07676949976656787,-0.07343469543119496,1.0,1.0,0.0,1.0,1.0,0.0
google_robot_pick_coke_can__seed097__step071,pick_coke_can,97,exploration,30,0.013720647358125818,0.01705545169349873,1.0,1.0,0.0,1.0,1.0,0.0
google_robot_pick_coke_can__seed097__step071,pick_coke_can,97,exploration,31,0.004500025026083025,0.007834829361455936,1.0,1.0,0.0,1.0,1.0,0.0
google_robot_pick_coke_can__seed099__step008,pick_coke_can,99,validation,0,0.26280247449255395,0.029604177784985114,1.0,1.0,0.0,1.0,1.0,0.0
google_robot_pick_coke_can__seed099__step008,pick_coke_can,99,validation,1,-0.00905266365803343,-0.24225096036560226,1.0,1.0,0.0,1.0,1.0,0.0
google_robot_pick_coke_can__seed099__step008,pick_coke_can,99,validation,2,0.033651658044054976,-0.19954663866351385,1.0,0.5108171085645714,0.4891828914354286,1.0,0.7777777777777778,0.2222222222222222
google_robot_pick_coke_can__seed099__step008,pick_coke_can,99,validation,3,0.21897620845901553,-0.01422208824855331,0.2553785812240781,0.3777374906389916,-0.12235890941491351,0.6,0.6,0.0
google_robot_pick_coke_can__seed099__step008,pick_coke_can,99,validation,4,0.21048861339179722,-0.02270968331577161,0.618606155736008,0.7701599687084082,-0.15155381297240023,0.7777777777777778,0.6,0.1777777777777778
google_robot_pick_coke_can__seed099__step008,pick_coke_can,99,validation,5,0.08280896518493419,-0.15038933152263464,1.0,0.9613925032956753,0.03860749670432473,1.0,0.7777777777777778,0.2222222222222222
google_robot_pick_coke_can__seed099__step008,pick_coke_can,99,validation,6,0.3838947262634202,0.15069642955585136,0.9091872095414497,0.9069890223807935,0.0021981871606562287,0.7777777777777778,0.7777777777777778,0.0
google_robot_pick_coke_can__seed099__step008,pick_coke_can,99,validation,7,0.4093948809986361,0.17619658429106724,0.8625215433342,0.6359268164923112,0.22659472684188875,0.7777777777777778,0.3333333333333333,0.4444444444444445
google_robot_pick_coke_can__seed099__step008,pick_coke_can,99,validation,8,0.34854356682163407,0.11534527011406523,0.6644268133522852,0.7665629207879977,-0.10213610743571255,0.7777777777777778,0.45454545454545453,0.32323232323232326
google_robot_pick_coke_can__seed099__step008,pick_coke_can,99,validation,9,0.2167432843294729,-0.016455012378095935,0.7383311605673621,0.756427245027866,-0.018096084460503814,0.45454545454545453,0.6,-0.14545454545454545
google_robot_pick_coke_can__seed099__step008,pick_coke_can,99,validation,10,0.30021571030574234,0.06701741359817351,1.0,0.9094397104908594,0.09056028950914063,1.0,0.7777777777777778,0.2222222222222222
google_robot_pick_coke_can__seed099__step008,pick_coke_can,99,validation,11,0.44261884359136855,0.2094205468837997,0.9596656248618164,0.9698083244675259,-0.01014269960570946,0.7777777777777778,0.7777777777777778,0.0
google_robot_pick_coke_can__seed099__step008,pick_coke_can,99,validation,12,0.3249566638930034,0.09175836718543454,1.0,0.9826504072804071,0.01734959271959291,1.0,0.7777777777777778,0.2222222222222222
google_robot_pick_coke_can__seed099__step008,pick_coke_can,99,validation,13,0.24359537641817489,0.01039707971060605,0.553724166113022,0.6788034134689763,-0.12507924735595433,0.6,0.6,0.0
google_robot_pick_coke_can__seed099__step008,pick_coke_can,99,validation,14,0.4992859521337163,0.26608765542614743,1.0,0.7036484486799349,0.2963515513200651,1.0,0.45454545454545453,0.5454545454545454
google_robot_pick_coke_can__seed099__step008,pick_coke_can,99,validation,15,0.2941784848126115,0.06098018810504266,0.9051542618906744,0.6259993253879521,0.2791549365027223,0.6,0.6,0.0
google_robot_pick_coke_can__seed099__step008,pick_coke_can,99,validation,16,0.15487022194785238,-0.07832807475971645,0.8438237695208638,1.0,-0.1561762304791362,0.6,1.0,-0.4
google_robot_pick_coke_can__seed099__step008,pick_coke_can,99,validation,17,0.26419168317463804,0.0309933864670692,0.9066239378494618,0.8670865913128015,0.0395373465366603,0.7777777777777778,0.6,0.1777777777777778
google_robot_pick_coke_can__seed099__step008,pick_coke_can,99,validation,18,0.25037985037131993,0.017181553663751098,0.9114147047374658,0.8310041533567724,0.08041055138069342,0.6,0.7777777777777778,-0.1777777777777778
google_robot_pick_coke_can__seed099__step008,pick_coke_can,99,validation,19,0.36028423547621435,0.12708593876864552,0.7669732128194765,0.8101789046787387,-0.04320569185926215,0.6,0.6,0.0
google_robot_pick_coke_can__seed099__step008,pick_coke_can,99,validation,20,0.33973383852725964,0.1065355418196908,0.953679449083994,0.5666606519436252,0.3870187971403688,0.7777777777777778,0.7777777777777778,0.0
google_robot_pick_coke_can__seed099__step008,pick_coke_can,99,validation,21,0.3597046559764147,0.12650635926884587,1.0,0.9129039002258232,0.08709609977417676,1.0,0.7777777777777778,0.2222222222222222
google_robot_pick_coke_can__seed099__step008,pick_coke_can,99,validation,22,0.36064835454258554,0.1274500578350167,1.0,0.7530115101901358,0.2469884898098642,1.0,0.7777777777777778,0.2222222222222222
google_robot_pick_coke_can__seed099__step008,pick_coke_can,99,validation,23,0.36028423547621435,0.12708593876864552,1.0,1.0,0.0,1.0,1.0,0.0
google_robot_pick_coke_can__seed099__step008,pick_coke_can,99,validation,24,0.37463439508629676,0.14143609837872792,1.0,0.7576188285052917,0.24238117149470828,1.0,0.7777777777777778,0.2222222222222222
google_robot_pick_coke_can__seed099__step008,pick_coke_can,99,validation,25,0.37463439508629676,0.14143609837872792,1.0,1.0,0.0,1.0,1.0,0.0
google_robot_pick_coke_can__seed099__step008,pick_coke_can,99,validation,26,0.36825931128101286,0.13506101457344402,1.0,1.0,0.0,1.0,1.0,0.0
google_robot_pick_coke_can__seed099__step008,pick_coke_can,99,validation,27,0.09995000669721658,-0.13324829001035227,1.0,1.0,0.0,1.0,1.0,0.0
google_robot_pick_coke_can__seed099__step008,pick_coke_can,99,validation,28,0.38141327992257107,0.14821498321500223,1.0,1.0,0.0,1.0,1.0,0.0
google_robot_pick_coke_can__seed099__step008,pick_coke_can,99,validation,29,0.3428875805069644,0.10968928379939555,1.0,1.0,0.0,1.0,1.0,0.0
google_robot_pick_coke_can__seed099__step008,pick_coke_can,99,validation,30,0.3066762702788494,0.07347797357128058,0.8241869098152154,0.8798576656196843,-0.0556707558044689,0.7777777777777778,0.7777777777777778,0.0
google_robot_pick_coke_can__seed099__step008,pick_coke_can,99,validation,31,0.37463439508629676,0.14143609837872792,1.0,1.0,0.0,1.0,1.0,0.0
google_robot_pick_coke_can__seed099__step040,pick_coke_can,99,validation,0,0.1097712143816003,0.18195992945548678,0.9803949994163551,1.0,-0.019605000583644894,0.9523809523809523,1.0,-0.04761904761904767
google_robot_pick_coke_can__seed099__step040,pick_coke_can,99,validation,1,0.17865390801483827,0.25084262308872474,1.0,0.9815599401698284,0.018440059830171607,1.0,0.9523809523809523,0.04761904761904767
google_robot_pick_coke_can__seed099__step040,pick_coke_can,99,validation,2,0.18320207702420035,0.2553907920980868,0.9941588923548107,1.0,-0.005841107645189303,0.9523809523809523,1.0,-0.04761904761904767
google_robot_pick_coke_can__seed099__step040,pick_coke_can,99,validation,3,0.18124646408245484,0.2534351791563413,0.9216332620836559,0.9347169411726436,-0.013083679088987665,0.8636363636363636,0.8636363636363636,0.0
google_robot_pick_coke_can__seed099__step040,pick_coke_can,99,validation,4,0.14745794423857658,0.21964665931246305,0.925243461400901,0.8646798877753952,0.060563573625505795,0.9069767441860465,0.8222222222222222,0.08475452196382427
google_robot_pick_coke_can__seed099__step040,pick_coke_can,99,validation,5,-0.10338035844416464,-0.031191643370278174,0.9776946980890818,1.0,-0.022305301910918174,0.9069767441860465,1.0,-0.09302325581395354
google_robot_pick_coke_can__seed099__step040,pick_coke_can,99,validation,6,0.0016616622965283194,0.07385037737041479,1.0,0.9655821277917819,0.034417872208218125,1.0,0.9069767441860465,0.09302325581395354
google_robot_pick_coke_can__seed099__step040,pick_coke_can,99,validation,7,0.37151482448421325,0.4437035395580997,0.9833096237951483,0.5347861598265731,0.44852346396857523,0.9523809523809523,0.7446808510638298,0.20770010131712258
google_robot_pick_coke_can__seed099__step040,pick_coke_can,99,validation,8,0.29367980878086847,0.36586852385475493,0.7263451901510155,0.853233790079814,-0.12688859992879853,0.9069767441860465,0.8222222222222222,0.08475452196382427
google_robot_pick_coke_can__seed099__step040,pick_coke_can,99,validation,9,0.04246533650350898,0.11465405157739544,0.9815473259552454,0.9235973627997636,0.05794996315548184,0.9069767441860465,0.9069767441860465,0.0
google_robot_pick_coke_can__seed099__step040,pick_coke_can,99,validation,10,0.0026517944850591815,0.07484050955894565,0.9409924525048127,0.8591173632211131,0.08187508928369958,0.8222222222222222,0.8636363636363636,-0.04141414141414146
google_robot_pick_coke_can__seed099__step040,pick_coke_can,99,validation,11,0.16423265099242254,0.236421366066309,0.9699270363580358,0.9560456730433576,0.013881363314678152,0.9523809523809523,0.782608695652174,0.16977225672877838
google_robot_pick_coke_can__seed099__step040,pick_coke_can,99,validation,12,0.16176129845670614,0.2339500135305926,0.9495010047981736,0.939322227076652,0.010178777721521537,0.9523809523809523,0.9069767441860465,0.04540420819490587
google_robot_pick_coke_can__seed099__step040,pick_coke_can,99,validation,13,0.22946474541958015,0.30165346049346664,0.9478092214755924,0.9968255506098339,-0.049016329134241476,0.8636363636363636,0.9523809523809523,-0.08874458874458868
google_robot_pick_coke_can__seed099__step040,pick_coke_can,99,validation,14,0.44606591104155235,0.5182546261154388,0.9735481766588588,0.94122910641513,0.03231907024372882,0.8636363636363636,0.782608695652174,0.0810276679841897
google_robot_pick_coke_can__seed099__step040,pick_coke_can,99,validation,15,0.2060918035854827,0.2782805186593692,0.9334529933665587,0.9334667450128102,-1.3751646251503047e-05,0.9523809523809523,0.9069767441860465,0.04540420819490587
google_robot_pick_coke_can__seed099__step040,pick_coke_can,99,validation,16,0.2604611803323678,0.3326498954062543,0.4179836482311916,0.8176456515503013,-0.3996620033191097,0.8636363636363636,0.782608695652174,0.0810276679841897
google_robot_pick_coke_can__seed099__step040,pick_coke_can,99,validation,17,0.2849557134505483,0.3571444285244348,0.9776553936171104,0.4353109458917483,0.542344447725362,0.9523809523809523,0.8636363636363636,0.08874458874458868
google_robot_pick_coke_can__seed099__step040,pick_coke_can,99,validation,18,0.1517504126590408,0.22393912773292726,0.7867713325957366,0.8286237092411248,-0.04185237664538821,0.8222222222222222,0.8636363636363636,-0.04141414141414146
google_robot_pick_coke_can__seed099__step040,pick_coke_can,99,validation,19,0.3665082527744354,0.43869696784832185,0.7644139933197963,0.8313421313584941,-0.0669281380386978,0.8636363636363636,0.9069767441860465,-0.04334038054968281
google_robot_pick_coke_can__seed099__step040,pick_coke_can,99,validation,20,0.295292836680166,0.36748155175405245,0.8649046787124773,0.6448131435074104,0.22009153520506697,0.9069767441860465,0.8222222222222222,0.08475452196382427
google_robot_pick_coke_can__seed099__step040,pick_coke_can,99,validation,21,0.25422603021349083,0.3264147452873773,0.9531316638174446,0.9799716131670863,-0.026839949349641623,0.9523809523809523,0.8636363636363636,0.08874458874458868
google_robot_pick_coke_can__seed099__step040,pick_coke_can,99,validation,22,0.09496331643467237,0.16715203150855884,0.6287851568076075,0.9478571547364991,-0.3190719979288916,0.9069767441860465,0.9069767441860465,0.0
google_robot_pick_coke_can__seed099__step040,pick_coke_can,99,validation,23,0.29193089851354476,0.3641196135874312,0.9895569893135172,0.9613816060005917,0.02817538331292546,0.9069767441860465,0.9523809523809523,-0.04540420819490587
google_robot_pick_coke_can__seed099__step040,pick_coke_can,99,validation,24,0.31298347101989055,0.385172186093777,0.9899821918142386,0.9839418889941784,0.006040302820060184,0.9523809523809523,0.8636363636363636,0.08874458874458868
google_robot_pick_coke_can__seed099__step040,pick_coke_can,99,validation,25,0.3135964614452636,0.38578517651915006,0.9875690858098572,1.0,-0.01243091419014275,0.9523809523809523,1.0,-0.04761904761904767
google_robot_pick_coke_can__seed099__step040,pick_coke_can,99,validation,26,0.30688593193564284,0.3790746470095293,1.0,0.9911418659552579,0.008858134044742116,1.0,0.9069767441860465,0.09302325581395354
google_robot_pick_coke_can__seed099__step040,pick_coke_can,99,validation,27,0.30688593193564284,0.3790746470095293,1.0,0.9849652664035083,0.015034733596491656,1.0,0.9523809523809523,0.04761904761904767
google_robot_pick_coke_can__seed099__step040,pick_coke_can,99,validation,28,0.29261070720754473,0.3647994222814312,0.9927031062248785,0.9876000999572131,0.005103006267665355,0.9523809523809523,0.8636363636363636,0.08874458874458868
google_robot_pick_coke_can__seed099__step040,pick_coke_can,99,validation,29,0.312506813788123,0.3846955288620095,0.9934835525932457,0.9808625464289822,0.012621006164263537,0.9523809523809523,0.9523809523809523,0.0
google_robot_pick_coke_can__seed099__step040,pick_coke_can,99,validation,30,0.30688593193564284,0.3790746470095293,0.9780243939587465,0.9811357611831862,-0.0031113672244397206,0.9069767441860465,0.9069767441860465,0.0
google_robot_pick_coke_can__seed099__step040,pick_coke_can,99,validation,31,0.29207547255180044,0.3642641876256869,0.9739852543788324,1.0,-0.026014745621167568,0.9069767441860465,1.0,-0.09302325581395354
google_robot_pick_coke_can__seed099__step071,pick_coke_can,99,validation,0,-0.23658476309566634,-0.3651304960912364,1.0,1.0,0.0,1.0,1.0,0.0
google_robot_pick_coke_can__seed099__step071,pick_coke_can,99,validation,1,0.39470504848357035,0.2661593154880003,0.9770404749763625,1.0,-0.022959525023637517,0.75,1.0,-0.25
google_robot_pick_coke_can__seed099__step071,pick_coke_can,99,validation,2,0.002355518566635184,-0.12619021442893488,0.2590948852287811,0.9082413438626058,-0.6491464586338247,0.75,0.75,0.0
google_robot_pick_coke_can__seed099__step071,pick_coke_can,99,validation,3,0.22306411685989772,0.09451838386432765,1.0,1.0,0.0,1.0,1.0,0.0
google_robot_pick_coke_can__seed099__step071,pick_coke_can,99,validation,4,0.18515906498233073,0.05661333198676066,1.0,0.381206578957183,0.618793421042817,1.0,0.75,0.25
google_robot_pick_coke_can__seed099__step071,pick_coke_can,99,validation,5,-0.009160368415855028,-0.13770610141142509,1.0,1.0,0.0,1.0,1.0,0.0
google_robot_pick_coke_can__seed099__step071,pick_coke_can,99,validation,6,0.2579532276442529,0.1294074946486828,0.8770679354496177,0.8816227057635583,-0.0045547703139405815,0.75,0.5555555555555556,0.19444444444444442
google_robot_pick_coke_can__seed099__step071,pick_coke_can,99,validation,7,0.3374083139362812,0.2088625809407111,0.8968919572859778,0.9269688526559552,-0.030076895369977374,0.75,0.5555555555555556,0.19444444444444442
google_robot_pick_coke_can__seed099__step071,pick_coke_can,99,validation,8,0.3887668581026567,0.2602211251070866,1.0,0.6403408863894576,0.35965911361054237,1.0,0.5555555555555556,0.4444444444444444
google_robot_pick_coke_can__seed099__step071,pick_coke_can,99,validation,9,0.24534354935827826,0.1167978163627082,0.8761810214542857,0.8561869941293256,0.01999402732496003,0.75,0.75,0.0
google_robot_pick_coke_can__seed099__step071,pick_coke_can,99,validation,10,0.2744278683277875,0.14588213533221742,1.0,0.6775551088534021,0.3224448911465979,1.0,0.75,0.25
google_robot_pick_coke_can__seed099__step071,pick_coke_can,99,validation,11,0.16434222483779726,0.03579649184222719,1.0,0.4143513784285655,0.5856486215714345,1.0,0.5555555555555556,0.4444444444444444
google_robot_pick_coke_can__seed099__step071,pick_coke_can,99,validation,12,0.269380772520974,0.1408350395254039,0.8431036720811979,0.6852680443765672,0.15783562770463067,0.75,0.75,0.0
google_robot_pick_coke_can__seed099__step071,pick_coke_can,99,validation,13,0.5153335543586702,0.3867878213631002,0.763353032844841,1.0,-0.23664696715515898,0.75,1.0,-0.25
google_robot_pick_coke_can__seed099__step071,pick_coke_can,99,validation,14,-0.01276584727121701,-0.14131158026678708,0.992220526325755,0.9812327855313754,0.010987740794379586,0.75,0.75,0.0
google_robot_pick_coke_can__seed099__step071,pick_coke_can,99,validation,15,0.49223923687741905,0.36369350388184896,1.0,1.0,0.0,1.0,1.0,0.0
google_robot_pick_coke_can__seed099__step071,pick_coke_can,99,validation,16,0.4070783658141131,0.278532632818543,0.832684799979047,0.9404774529235266,-0.1077926529444796,0.75,0.75,0.0
google_robot_pick_coke_can__seed099__step071,pick_coke_can,99,validation,17,0.5238825914469304,0.39533685845136035,1.0,0.6674416050626827,0.3325583949373173,1.0,0.5555555555555556,0.4444444444444444
google_robot_pick_coke_can__seed099__step071,pick_coke_can,99,validation,18,0.4043027328250574,0.2757569998294873,0.826226229195118,0.9378823014699011,-0.11165607227478314,0.5555555555555556,0.75,-0.19444444444444442
google_robot_pick_coke_can__seed099__step071,pick_coke_can,99,validation,19,0.2718474361825784,0.14330170318700833,0.9436727378430271,1.0,-0.056327262156972924,0.75,1.0,-0.25
google_robot_pick_coke_can__seed099__step071,pick_coke_can,99,validation,20,0.3039709429202413,0.17542520992467123,0.9239595676728541,0.5223895393079702,0.401570028364884,0.75,0.75,0.0
google_robot_pick_coke_can__seed099__step071,pick_coke_can,99,validation,21,0.1576813801870053,0.029135647191435243,1.0,0.7576568125304485,0.24234318746955152,1.0,0.75,0.25
google_robot_pick_coke_can__seed099__step071,pick_coke_can,99,validation,22,0.22344360010643702,0.09489786711086695,0.9419781484723604,0.9302283865510188,0.011749761921341584,0.75,0.75,0.0
google_robot_pick_coke_can__seed099__step071,pick_coke_can,99,validation,23,0.16036433963691613,0.03181860664134606,0.33297782195261044,0.4085691321579618,-0.07559131020535137,0.75,0.75,0.0
google_robot_pick_coke_can__seed099__step071,pick_coke_can,99,validation,24,-0.002082514700441296,-0.13062824769601136,1.0,1.0,0.0,1.0,1.0,0.0
google_robot_pick_coke_can__seed099__step071,pick_coke_can,99,validation,25,0.08596616396557451,-0.04257956902999556,0.9115209928439514,1.0,-0.08847900715604862,0.75,1.0,-0.25
google_robot_pick_coke_can__seed099__step071,pick_coke_can,99,validation,26,0.30186076746318397,0.1733150344676139,0.7936180854246832,0.7936180854246832,0.0,0.75,0.75,0.0
google_robot_pick_coke_can__seed099__step071,pick_coke_can,99,validation,27,0.12304017738058819,-0.00550555561498188,1.0,0.9124617034536544,0.0875382965463456,1.0,0.75,0.25
google_robot_pick_coke_can__seed099__step071,pick_coke_can,99,validation,28,0.12304017738058819,-0.00550555561498188,1.0,1.0,0.0,1.0,1.0,0.0
google_robot_pick_coke_can__seed099__step071,pick_coke_can,99,validation,29,0.08596616396557451,-0.04257956902999556,1.0,0.2970499810090797,0.7029500189909204,1.0,0.75,0.25
google_robot_pick_coke_can__seed099__step071,pick_coke_can,99,validation,30,0.3188039547715818,0.19025822177601173,0.8182233898478147,1.0,-0.18177661015218527,0.75,1.0,-0.25
google_robot_pick_coke_can__seed099__step071,pick_coke_can,99,validation,31,0.18471928814315994,0.05617355514758987,1.0,1.0,0.0,1.0,1.0,0.0
