corner_mass,id,layer,phase,seed,synonym_jaccard,target_response,target_switch_jaccard,task,visual_mass
0.015489719364525483,open_drawer__000__step_011,0,early,0,1.0,-1.3502234424023901e-05,1.0,open_drawer,0.8374652415513992
0.02308683361570365,open_drawer__000__step_011,1,early,0,0.9818181818181818,-1.841290351884328e-05,1.0,open_drawer,0.3371080826036632
0.09820688017835429,open_drawer__000__step_011,2,early,0,0.9464285714285714,-0.00021700958373727097,0.9464285714285714,open_drawer,0.015422030151285071
0.05203887939617246,open_drawer__000__step_011,3,early,0,0.963963963963964,9.230165195833143e-05,0.9292035398230089,open_drawer,0.02988029048151475
0.06644483723203243,open_drawer__000__step_011,4,early,0,1.0,-0.00019466500141480762,0.9464285714285714,open_drawer,0.049225528875922464
0.09576615223372012,open_drawer__000__step_011,5,early,0,0.9818181818181818,0.0005975160181472487,0.8016528925619835,open_drawer,0.11060505102886964
0.03769245798492505,open_drawer__000__step_011,6,early,0,0.9464285714285714,-0.0006693235853816011,0.963963963963964,open_drawer,0.04312330532695796
0.0732577637778976,open_drawer__000__step_011,7,early,0,0.963963963963964,-0.00032147839768580187,0.9292035398230089,open_drawer,0.05097745221019068
0.03894400008538326,open_drawer__000__step_011,8,early,0,0.963963963963964,0.00224394484341539,0.9122807017543859,open_drawer,0.17659228107640956
0.05686020600747619,open_drawer__000__step_011,9,early,0,0.9292035398230089,0.00224490987936048,0.9464285714285714,open_drawer,0.13300707226062514
0.0204720336665379,open_drawer__000__step_011,10,early,0,0.9818181818181818,-0.002041178005863193,0.8793103448275862,open_drawer,0.195901460557252
0.009475554295539765,open_drawer__000__step_011,11,early,0,0.9122807017543859,0.015008726756117953,0.8319327731092437,open_drawer,0.25125391548863263
0.0061099213810564225,open_drawer__000__step_011,12,early,0,0.9464285714285714,0.0024979320543568606,0.847457627118644,open_drawer,0.27897296081937384
0.009527057163110095,open_drawer__000__step_011,13,early,0,0.963963963963964,0.000830346328060456,0.8793103448275862,open_drawer,0.16906213663969538
0.005930040438553007,open_drawer__000__step_011,14,early,0,0.9818181818181818,0.012653312784316986,0.8793103448275862,open_drawer,0.4061399378206261
0.026126597116155774,open_drawer__000__step_011,15,early,0,0.9464285714285714,0.0012082084558790252,0.9122807017543859,open_drawer,0.2558657545068854
0.011449847502981446,open_drawer__000__step_011,16,early,0,0.9818181818181818,0.0018619261850372727,0.9464285714285714,open_drawer,0.2492847148744204
0.025090915154142166,open_drawer__000__step_011,17,early,0,0.963963963963964,0.001235976602496359,0.9122807017543859,open_drawer,0.15667470068024159
0.023317850649744478,open_drawer__000__step_011,18,early,0,0.9122807017543859,0.0019273631038690415,0.9292035398230089,open_drawer,0.07612672590869352
0.038845115721171684,open_drawer__000__step_011,19,early,0,0.9464285714285714,0.0022190828029343595,0.8956521739130435,open_drawer,0.1177041174767055
0.0345129905827581,open_drawer__000__step_011,20,early,0,0.9292035398230089,0.001374844841792091,0.8632478632478633,open_drawer,0.15881186421538018
0.02036166207402565,open_drawer__000__step_011,21,early,0,0.9464285714285714,0.002477260155476982,0.9464285714285714,open_drawer,0.15286769314414528
0.025304116830176644,open_drawer__000__step_011,22,early,0,0.9464285714285714,0.0007489111258167425,0.963963963963964,open_drawer,0.10315478869188155
0.025783809246449182,open_drawer__000__step_011,23,early,0,0.9292035398230089,0.0016902749947820938,0.8956521739130435,open_drawer,0.1008263303775152
0.02310560662878686,open_drawer__000__step_011,24,early,0,0.9464285714285714,0.0026535372686953933,0.8793103448275862,open_drawer,0.08865452647281558
0.028171940082312993,open_drawer__000__step_011,25,early,0,0.8793103448275862,0.00015195138659874867,0.8956521739130435,open_drawer,0.10921961602782915
0.0401664086939465,open_drawer__000__step_011,26,early,0,0.8793103448275862,0.0007878757980270558,0.9292035398230089,open_drawer,0.12030687954616326
0.029394766518420216,open_drawer__000__step_011,27,early,0,0.9122807017543859,0.00010383972698363832,0.9122807017543859,open_drawer,0.10186457831325413
0.03193634841742435,open_drawer__000__step_011,28,early,0,0.9122807017543859,-0.0011134761174014102,0.8632478632478633,open_drawer,0.1607040587811639
0.03050424576014439,open_drawer__000__step_011,29,early,0,0.9292035398230089,-1.7253727618892281e-06,0.963963963963964,open_drawer,0.18164017260585297
0.060457559580371745,open_drawer__000__step_011,30,early,0,0.9292035398230089,-0.00044018617217311904,0.9122807017543859,open_drawer,0.12718755987674513
0.06341005882501716,open_drawer__000__step_011,31,early,0,0.9122807017543859,-0.00012936937358721352,0.9464285714285714,open_drawer,0.28476644352804215
0.012028837378164844,open_drawer__000__step_056,0,middle,0,1.0,,,open_drawer,0.8301740027964115
0.020493056721849177,open_drawer__000__step_056,1,middle,0,0.9818181818181818,,,open_drawer,0.3874515234492719
0.08333260281019549,open_drawer__000__step_056,2,middle,0,0.9292035398230089,,,open_drawer,0.030630181857134176
0.026382697741876706,open_drawer__000__step_056,3,middle,0,0.9292035398230089,,,open_drawer,0.039613579925458
0.05089206444555487,open_drawer__000__step_056,4,middle,0,0.9818181818181818,,,open_drawer,0.042881955653456316
0.18273701316215893,open_drawer__000__step_056,5,middle,0,0.9464285714285714,,,open_drawer,0.049817894704347054
0.02411784629656346,open_drawer__000__step_056,6,middle,0,0.9464285714285714,,,open_drawer,0.04373799204233819
0.0661307046924154,open_drawer__000__step_056,7,middle,0,0.9292035398230089,,,open_drawer,0.07838926459783124
0.022554827832313003,open_drawer__000__step_056,8,middle,0,0.9464285714285714,,,open_drawer,0.1414904061721245
0.032968369815976895,open_drawer__000__step_056,9,middle,0,0.963963963963964,,,open_drawer,0.12859019951974915
0.019109588167366593,open_drawer__000__step_056,10,middle,0,0.9122807017543859,,,open_drawer,0.1639054984516406
0.003361899759860197,open_drawer__000__step_056,11,middle,0,0.9292035398230089,,,open_drawer,0.2856583982857046
0.002545175675822654,open_drawer__000__step_056,12,middle,0,0.9818181818181818,,,open_drawer,0.38476048730353796
0.006383682926030807,open_drawer__000__step_056,13,middle,0,0.9818181818181818,,,open_drawer,0.21417863860187936
0.004731042125669004,open_drawer__000__step_056,14,middle,0,0.9464285714285714,,,open_drawer,0.31370965015958063
0.022781663020497746,open_drawer__000__step_056,15,middle,0,0.963963963963964,,,open_drawer,0.20566487933774624
0.004954670708968638,open_drawer__000__step_056,16,middle,0,0.963963963963964,,,open_drawer,0.15699656271840468
0.015541282835518741,open_drawer__000__step_056,17,middle,0,0.9818181818181818,,,open_drawer,0.17994423297932371
0.010346332755331415,open_drawer__000__step_056,18,middle,0,0.9292035398230089,,,open_drawer,0.1276916904276959
0.014729754987467482,open_drawer__000__step_056,19,middle,0,0.9818181818181818,,,open_drawer,0.1480048351786536
0.007239041070962222,open_drawer__000__step_056,20,middle,0,0.9122807017543859,,,open_drawer,0.09009573455303155
0.007487644164934515,open_drawer__000__step_056,21,middle,0,0.9464285714285714,,,open_drawer,0.12391144935455145
0.01051632952197913,open_drawer__000__step_056,22,middle,0,0.9122807017543859,,,open_drawer,0.1321133004588546
0.01110774392166846,open_drawer__000__step_056,23,middle,0,0.9122807017543859,,,open_drawer,0.08396490495704256
0.006188517816400117,open_drawer__000__step_056,24,middle,0,0.963963963963964,,,open_drawer,0.1558066936615603
0.009221517523834204,open_drawer__000__step_056,25,middle,0,0.8793103448275862,,,open_drawer,0.11955374653244633
0.017842628923890554,open_drawer__000__step_056,26,middle,0,0.8956521739130435,,,open_drawer,0.12960035553425087
0.015606221022084645,open_drawer__000__step_056,27,middle,0,0.8956521739130435,,,open_drawer,0.07575244747022225
0.015919023716496387,open_drawer__000__step_056,28,middle,0,0.9122807017543859,,,open_drawer,0.1164777335318945
0.010073458673279233,open_drawer__000__step_056,29,middle,0,0.8319327731092437,,,open_drawer,0.19009156633296698
0.03172188049511364,open_drawer__000__step_056,30,middle,0,0.9122807017543859,,,open_drawer,0.17869878897647595
0.04112989045911629,open_drawer__000__step_056,31,middle,0,0.9464285714285714,,,open_drawer,0.21823721731857404
0.012560146393584493,open_drawer__000__step_101,0,late,0,1.0,,,open_drawer,0.8282416127622128
0.019025081164902796,open_drawer__000__step_101,1,late,0,1.0,,,open_drawer,0.39618792617693543
0.08877669672766018,open_drawer__000__step_101,2,late,0,0.9464285714285714,,,open_drawer,0.02371429608433573
0.030333195655043253,open_drawer__000__step_101,3,late,0,0.963963963963964,,,open_drawer,0.041857629335709134
0.04668471645675738,open_drawer__000__step_101,4,late,0,0.963963963963964,,,open_drawer,0.050003781752366194
0.10301829463413374,open_drawer__000__step_101,5,late,0,0.963963963963964,,,open_drawer,0.07284799023045707
0.0167567346472969,open_drawer__000__step_101,6,late,0,0.963963963963964,,,open_drawer,0.07072095814714885
0.08764047956614893,open_drawer__000__step_101,7,late,0,0.963963963963964,,,open_drawer,0.09244190623917348
0.03272318773706537,open_drawer__000__step_101,8,late,0,0.9464285714285714,,,open_drawer,0.20486506264387572
0.05161338348351327,open_drawer__000__step_101,9,late,0,0.9464285714285714,,,open_drawer,0.10304431144868431
0.04025106075752582,open_drawer__000__step_101,10,late,0,0.9292035398230089,,,open_drawer,0.17526463005924597
0.00349655610570104,open_drawer__000__step_101,11,late,0,0.963963963963964,,,open_drawer,0.2219278148313606
0.0031418724997097397,open_drawer__000__step_101,12,late,0,0.9464285714285714,,,open_drawer,0.2780363956499059
0.0036771435864734556,open_drawer__000__step_101,13,late,0,0.9292035398230089,,,open_drawer,0.18607973653342924
0.002498827506301205,open_drawer__000__step_101,14,late,0,0.963963963963964,,,open_drawer,0.42897018308804036
0.025371282355704572,open_drawer__000__step_101,15,late,0,0.9464285714285714,,,open_drawer,0.263508365569578
0.004431208399917035,open_drawer__000__step_101,16,late,0,0.963963963963964,,,open_drawer,0.11027994849644074
0.00983641525769356,open_drawer__000__step_101,17,late,0,0.963963963963964,,,open_drawer,0.15022575489365408
0.02498873884310094,open_drawer__000__step_101,18,late,0,0.9122807017543859,,,open_drawer,0.13173769873083074
0.017238912755406104,open_drawer__000__step_101,19,late,0,0.9464285714285714,,,open_drawer,0.05951776504618067
0.011213736298527672,open_drawer__000__step_101,20,late,0,0.9464285714285714,,,open_drawer,0.08997786718720135
0.0107360686271979,open_drawer__000__step_101,21,late,0,0.9464285714285714,,,open_drawer,0.09339712503395958
0.011219380183166382,open_drawer__000__step_101,22,late,0,0.963963963963964,,,open_drawer,0.08398053393057126
0.015022899985883506,open_drawer__000__step_101,23,late,0,0.963963963963964,,,open_drawer,0.08178940283397651
0.011001413725380276,open_drawer__000__step_101,24,late,0,0.9818181818181818,,,open_drawer,0.0819186730610113
0.013607143632974567,open_drawer__000__step_101,25,late,0,0.963963963963964,,,open_drawer,0.09694280986445847
0.0353079047111876,open_drawer__000__step_101,26,late,0,0.963963963963964,,,open_drawer,0.0908452366592769
0.028439753552337788,open_drawer__000__step_101,27,late,0,0.9464285714285714,,,open_drawer,0.04921804233131866
0.025490046260159608,open_drawer__000__step_101,28,late,0,0.9464285714285714,,,open_drawer,0.11412660131185248
0.021681137920678516,open_drawer__000__step_101,29,late,0,0.9122807017543859,,,open_drawer,0.14751087459939072
0.06768486488613316,open_drawer__000__step_101,30,late,0,0.9818181818181818,,,open_drawer,0.1332991870716569
0.062260654873147546,open_drawer__000__step_101,31,late,0,0.963963963963964,,,open_drawer,0.1763166425594136
0.019850717165423054,open_drawer__011__step_011,0,early,11,0.9818181818181818,3.5749708216104535e-05,0.9818181818181818,open_drawer,0.8219678997993469
0.032160563290317044,open_drawer__011__step_011,1,early,11,1.0,-4.406085086691887e-05,1.0,open_drawer,0.3448122632689774
0.06741552382472547,open_drawer__011__step_011,2,early,11,0.9818181818181818,0.0006920926484782052,0.9292035398230089,open_drawer,0.021564302343904274
0.030407525367653586,open_drawer__011__step_011,3,early,11,0.9818181818181818,0.0005390463724302763,0.9292035398230089,open_drawer,0.041005588052257735
0.06562808764432869,open_drawer__011__step_011,4,early,11,0.9818181818181818,5.55072572229684e-05,0.963963963963964,open_drawer,0.04505906089070777
0.08468013822170405,open_drawer__011__step_011,5,early,11,0.9292035398230089,0.000898966827974676,0.8016528925619835,open_drawer,0.07626033466976878
0.03337441738292291,open_drawer__011__step_011,6,early,11,0.9292035398230089,-0.0012989671948875443,0.9292035398230089,open_drawer,0.052641066900378064
0.05315218044346359,open_drawer__011__step_011,7,early,11,0.9292035398230089,-0.0020715982016726933,0.8632478632478633,open_drawer,0.08654657027591384
0.03153423293941643,open_drawer__011__step_011,8,early,11,0.9292035398230089,-0.0004568579046076819,0.9464285714285714,open_drawer,0.2630149401084054
0.047352526059765886,open_drawer__011__step_011,9,early,11,0.963963963963964,-0.0006289092495568183,0.9464285714285714,open_drawer,0.08909791780138221
0.02106020792667871,open_drawer__011__step_011,10,early,11,0.9122807017543859,-0.0001665817237136661,0.8632478632478633,open_drawer,0.2280012998080565
0.007633258959290127,open_drawer__011__step_011,11,early,11,0.9122807017543859,0.0004890256317947473,0.847457627118644,open_drawer,0.30002742223905443
0.01053198010934822,open_drawer__011__step_011,12,early,11,0.9464285714285714,2.5661340294394833e-05,0.9122807017543859,open_drawer,0.22564757703003124
0.024512750174320124,open_drawer__011__step_011,13,early,11,0.963963963963964,-0.002243544246012448,0.8956521739130435,open_drawer,0.19499586933670798
0.011056518028006529,open_drawer__011__step_011,14,early,11,0.963963963963964,-0.007878102798100788,0.963963963963964,open_drawer,0.39938272306540057
0.03269151458475436,open_drawer__011__step_011,15,early,11,0.963963963963964,-0.0010953537493802196,0.9292035398230089,open_drawer,0.26556414914148263
0.036223187914855196,open_drawer__011__step_011,16,early,11,0.8956521739130435,-0.0009815287434933543,0.9122807017543859,open_drawer,0.24916025577158507
0.055842144664919886,open_drawer__011__step_011,17,early,11,0.9464285714285714,-0.00036602643315024764,0.9292035398230089,open_drawer,0.2089330225840058
0.040577557755760205,open_drawer__011__step_011,18,early,11,0.9292035398230089,-0.0007272852410833324,0.963963963963964,open_drawer,0.10215650292400369
0.10312587531013265,open_drawer__011__step_011,19,early,11,0.9464285714285714,-0.000269002966415916,0.8956521739130435,open_drawer,0.093733407907024
0.06125119454554075,open_drawer__011__step_011,20,early,11,0.9292035398230089,-0.0015902045287696648,0.9292035398230089,open_drawer,0.15297679628326932
0.10160491997159939,open_drawer__011__step_011,21,early,11,0.9464285714285714,-0.0008647158695984482,0.9464285714285714,open_drawer,0.07979169376017126
0.1004770718594551,open_drawer__011__step_011,22,early,11,0.9292035398230089,-0.0007801331002498684,0.9292035398230089,open_drawer,0.09088243384167072
0.1151840042950051,open_drawer__011__step_011,23,early,11,0.7580645161290323,0.000870384728215004,0.9818181818181818,open_drawer,0.0784758826819143
0.0664325749644339,open_drawer__011__step_011,24,early,11,0.963963963963964,-0.0023971149302187945,0.9464285714285714,open_drawer,0.13489248201892678
0.18228328239992445,open_drawer__011__step_011,25,early,11,0.963963963963964,0.0005237760711088919,0.9464285714285714,open_drawer,0.07610628730499869
0.13746371399102714,open_drawer__011__step_011,26,early,11,0.9122807017543859,-0.0005090994815634339,0.9464285714285714,open_drawer,0.11851572190741422
0.1463260574321937,open_drawer__011__step_011,27,early,11,0.963963963963964,-0.0006953416436217214,0.8632478632478633,open_drawer,0.082791312061687
0.11975354499016636,open_drawer__011__step_011,28,early,11,0.9292035398230089,-0.00021330910586484083,0.8793103448275862,open_drawer,0.10350389444505481
0.13764464954144573,open_drawer__011__step_011,29,early,11,0.9292035398230089,-0.0006707406174069662,0.9292035398230089,open_drawer,0.17621977323261717
0.10789823015047258,open_drawer__011__step_011,30,early,11,0.9464285714285714,-0.0015292961374347123,0.9292035398230089,open_drawer,0.15992963062785748
0.10025845553626489,open_drawer__011__step_011,31,early,11,0.9464285714285714,-0.0003893699881770598,0.9464285714285714,open_drawer,0.25326168236460944
0.031217490620028366,open_drawer__011__step_056,0,middle,11,1.0,,,open_drawer,0.8174187354743481
0.0645361848766596,open_drawer__011__step_056,1,middle,11,0.9818181818181818,,,open_drawer,0.3069720158819109
0.29872763245299605,open_drawer__011__step_056,2,middle,11,0.963963963963964,,,open_drawer,0.025184306196138095
0.09570600146054592,open_drawer__011__step_056,3,middle,11,0.963963963963964,,,open_drawer,0.04868219021886944
0.1711702581561237,open_drawer__011__step_056,4,middle,11,0.9464285714285714,,,open_drawer,0.03759830304670686
0.21619816258362523,open_drawer__011__step_056,5,middle,11,0.9292035398230089,,,open_drawer,0.05296694571916305
0.05805613132881014,open_drawer__011__step_056,6,middle,11,0.963963963963964,,,open_drawer,0.04671974942584711
0.08518613955694872,open_drawer__011__step_056,7,middle,11,0.9464285714285714,,,open_drawer,0.09793408010705207
0.0521233081029639,open_drawer__011__step_056,8,middle,11,0.9464285714285714,,,open_drawer,0.16741133019104382
0.10978415461764773,open_drawer__011__step_056,9,middle,11,0.9292035398230089,,,open_drawer,0.08649193033875235
0.08212156393564002,open_drawer__011__step_056,10,middle,11,0.9464285714285714,,,open_drawer,0.15861455595813823
0.024834871392095333,open_drawer__011__step_056,11,middle,11,0.9122807017543859,,,open_drawer,0.23828986443731992
0.027401759574500917,open_drawer__011__step_056,12,middle,11,0.963963963963964,,,open_drawer,0.3337541555565622
0.049263762194385254,open_drawer__011__step_056,13,middle,11,0.9292035398230089,,,open_drawer,0.18156007110110295
0.03749671153173576,open_drawer__011__step_056,14,middle,11,0.963963963963964,,,open_drawer,0.3553084897221197
0.09959442977622025,open_drawer__011__step_056,15,middle,11,0.9464285714285714,,,open_drawer,0.2219629382796029
0.08270045110965882,open_drawer__011__step_056,16,middle,11,0.9464285714285714,,,open_drawer,0.1935678785739583
0.09046745475734497,open_drawer__011__step_056,17,middle,11,0.963963963963964,,,open_drawer,0.15451108053343887
0.09701933225459113,open_drawer__011__step_056,18,middle,11,0.963963963963964,,,open_drawer,0.09201214949121095
0.09828706398802646,open_drawer__011__step_056,19,middle,11,0.9122807017543859,,,open_drawer,0.10588315713670227
0.1281948157257937,open_drawer__011__step_056,20,middle,11,0.9122807017543859,,,open_drawer,0.10767566282703456
0.11109263831885766,open_drawer__011__step_056,21,middle,11,0.9122807017543859,,,open_drawer,0.046962461306790715
0.1365030430880936,open_drawer__011__step_056,22,middle,11,0.9292035398230089,,,open_drawer,0.07959995718685775
0.15627624003876986,open_drawer__011__step_056,23,middle,11,0.8956521739130435,,,open_drawer,0.0575393822476542
0.08456977906523937,open_drawer__011__step_056,24,middle,11,0.9464285714285714,,,open_drawer,0.07947064395895609
0.18332496315281518,open_drawer__011__step_056,25,middle,11,0.8319327731092437,,,open_drawer,0.08509014458797992
0.2160254985537035,open_drawer__011__step_056,26,middle,11,0.9122807017543859,,,open_drawer,0.09814721905459578
0.18530593383677796,open_drawer__011__step_056,27,middle,11,0.9464285714285714,,,open_drawer,0.06540634954133395
0.14117798352250996,open_drawer__011__step_056,28,middle,11,0.9464285714285714,,,open_drawer,0.0746716593080734
0.13686020022811093,open_drawer__011__step_056,29,middle,11,0.9292035398230089,,,open_drawer,0.1414168607024635
0.11996225281646827,open_drawer__011__step_056,30,middle,11,0.847457627118644,,,open_drawer,0.18098188693943484
0.1318048744900344,open_drawer__011__step_056,31,middle,11,0.9122807017543859,,,open_drawer,0.21778430483254851
0.02493186419189023,open_drawer__011__step_101,0,late,11,1.0,,,open_drawer,0.807544894516468
0.031554782835043746,open_drawer__011__step_101,1,late,11,0.963963963963964,,,open_drawer,0.3091286023845896
0.06343282090645828,open_drawer__011__step_101,2,late,11,0.963963963963964,,,open_drawer,0.019230505414896015
0.023990103096962704,open_drawer__011__step_101,3,late,11,0.9818181818181818,,,open_drawer,0.04849224330700963
0.04612552651454563,open_drawer__011__step_101,4,late,11,0.9818181818181818,,,open_drawer,0.057276909844404145
0.09000771059324625,open_drawer__011__step_101,5,late,11,0.963963963963964,,,open_drawer,0.08614619667832812
0.018919328825090082,open_drawer__011__step_101,6,late,11,0.9818181818181818,,,open_drawer,0.10169257655115871
0.03899005163273451,open_drawer__011__step_101,7,late,11,0.9818181818181818,,,open_drawer,0.1260040215670415
0.030401006575824487,open_drawer__011__step_101,8,late,11,0.963963963963964,,,open_drawer,0.20684328791821827
0.07141271715716993,open_drawer__011__step_101,9,late,11,0.9464285714285714,,,open_drawer,0.10854048991154741
0.13301450022312505,open_drawer__011__step_101,10,late,11,0.9122807017543859,,,open_drawer,0.1500665865667088
0.030961817044819696,open_drawer__011__step_101,11,late,11,0.9292035398230089,,,open_drawer,0.21557382635637623
0.04630941717267212,open_drawer__011__step_101,12,late,11,0.9464285714285714,,,open_drawer,0.21102372947689219
0.07862460646797974,open_drawer__011__step_101,13,late,11,0.963963963963964,,,open_drawer,0.23037771705412524
0.040629945456358584,open_drawer__011__step_101,14,late,11,0.9818181818181818,,,open_drawer,0.23835117214116508
0.06938768752757231,open_drawer__011__step_101,15,late,11,0.9464285714285714,,,open_drawer,0.24035374838740609
0.10825867218962375,open_drawer__011__step_101,16,late,11,0.9464285714285714,,,open_drawer,0.12458038069632948
0.07752542942037852,open_drawer__011__step_101,17,late,11,0.9464285714285714,,,open_drawer,0.1442701760224736
0.059158863288207186,open_drawer__011__step_101,18,late,11,0.9464285714285714,,,open_drawer,0.07814531002759395
0.14667984285353627,open_drawer__011__step_101,19,late,11,0.9464285714285714,,,open_drawer,0.07577230349698993
0.0985129961566545,open_drawer__011__step_101,20,late,11,0.9292035398230089,,,open_drawer,0.09301747636979485
0.12787367220606075,open_drawer__011__step_101,21,late,11,0.9292035398230089,,,open_drawer,0.0883448230683257
0.14841669357612114,open_drawer__011__step_101,22,late,11,0.963963963963964,,,open_drawer,0.08395609545814864
0.19151966399841291,open_drawer__011__step_101,23,late,11,0.8632478632478633,,,open_drawer,0.0539838966270878
0.12412062746736412,open_drawer__011__step_101,24,late,11,0.9292035398230089,,,open_drawer,0.06324487680852542
0.16928895122025195,open_drawer__011__step_101,25,late,11,0.9292035398230089,,,open_drawer,0.08604976587058388
0.19180247037709547,open_drawer__011__step_101,26,late,11,0.9464285714285714,,,open_drawer,0.07617701100903673
0.15827369529379612,open_drawer__011__step_101,27,late,11,0.9122807017543859,,,open_drawer,0.058057270969314345
0.1551894555245792,open_drawer__011__step_101,28,late,11,0.9464285714285714,,,open_drawer,0.0851853663190667
0.10168725415325251,open_drawer__011__step_101,29,late,11,0.8632478632478633,,,open_drawer,0.14565785842040668
0.09547898017595477,open_drawer__011__step_101,30,late,11,0.8956521739130435,,,open_drawer,0.176745965230225
0.10236562399996381,open_drawer__011__step_101,31,late,11,0.9292035398230089,,,open_drawer,0.21781959139570972
0.01445520165829548,open_drawer__032__step_011,0,early,32,1.0,2.4132568353354457e-05,1.0,open_drawer,0.8394220881164074
0.021394926134356552,open_drawer__032__step_011,1,early,32,0.9818181818181818,4.611908044654511e-06,1.0,open_drawer,0.3907904827501625
0.06482522192160825,open_drawer__032__step_011,2,early,32,0.963963963963964,0.0002581409341276082,0.9464285714285714,open_drawer,0.02705039223934591
0.02816592073333575,open_drawer__032__step_011,3,early,32,0.9818181818181818,0.0001705642516457392,0.9292035398230089,open_drawer,0.0353032533894293
0.041817496849043456,open_drawer__032__step_011,4,early,32,0.9464285714285714,-0.0001024419935578111,0.963963963963964,open_drawer,0.04377942382097899
0.05628032688472509,open_drawer__032__step_011,5,early,32,0.9292035398230089,0.0008328727227972627,0.847457627118644,open_drawer,0.08076887443689884
0.024988981628719584,open_drawer__032__step_011,6,early,32,0.9464285714285714,-0.002049424054053467,0.9464285714285714,open_drawer,0.03905609416824518
0.04557811615194349,open_drawer__032__step_011,7,early,32,0.9122807017543859,-0.00036622230820932073,0.9292035398230089,open_drawer,0.09215240874459596
0.02689144432325852,open_drawer__032__step_011,8,early,32,0.9292035398230089,0.00027071927924387715,0.8793103448275862,open_drawer,0.17049246683745878
0.0422909626824129,open_drawer__032__step_011,9,early,32,0.8793103448275862,0.00045052819647422877,0.9122807017543859,open_drawer,0.1187077687980036
0.013650245655516386,open_drawer__032__step_011,10,early,32,0.8793103448275862,0.004603610108491366,0.8319327731092437,open_drawer,0.22784787345699442
0.007647272020668461,open_drawer__032__step_011,11,early,32,0.9464285714285714,-0.0023445538780873677,0.847457627118644,open_drawer,0.2777452738218926
0.008405371514399476,open_drawer__032__step_011,12,early,32,0.9292035398230089,-0.001762092444620252,0.8166666666666667,open_drawer,0.26096861069027
0.011281258615396701,open_drawer__032__step_011,13,early,32,0.963963963963964,0.0007962781029187144,0.7868852459016393,open_drawer,0.21005496161865267
0.006550484356490681,open_drawer__032__step_011,14,early,32,0.9122807017543859,-0.0037608243523891286,0.847457627118644,open_drawer,0.39503372762032996
0.019440699212465974,open_drawer__032__step_011,15,early,32,0.9464285714285714,-0.00031105851245118686,0.9292035398230089,open_drawer,0.26056106312921656
0.03038586148690069,open_drawer__032__step_011,16,early,32,0.963963963963964,0.0003331541884569419,0.9292035398230089,open_drawer,0.1938042271308973
0.017159630972537563,open_drawer__032__step_011,17,early,32,0.9464285714285714,0.00038280347535931455,0.9292035398230089,open_drawer,0.21051395949371
0.02981315967060291,open_drawer__032__step_011,18,early,32,0.963963963963964,-4.190257766034048e-06,0.9818181818181818,open_drawer,0.10834161919422058
0.026675711675342318,open_drawer__032__step_011,19,early,32,0.963963963963964,-0.00038820091653155335,0.963963963963964,open_drawer,0.11256770520020609
0.019380171778460322,open_drawer__032__step_011,20,early,32,0.9464285714285714,0.000529535269811011,0.9464285714285714,open_drawer,0.19617028066039666
0.025505335358592715,open_drawer__032__step_011,21,early,32,0.9818181818181818,-0.0006529143729864422,0.9122807017543859,open_drawer,0.11719036496522506
0.030826986501340373,open_drawer__032__step_011,22,early,32,0.963963963963964,-0.0006050112804225874,0.963963963963964,open_drawer,0.10041812588980292
0.02113777598265973,open_drawer__032__step_011,23,early,32,0.9464285714285714,-0.0009765284108697735,0.9292035398230089,open_drawer,0.11762872012337766
0.018042792556869077,open_drawer__032__step_011,24,early,32,0.963963963963964,9.851080571543405e-05,0.9464285714285714,open_drawer,0.1350895637924694
0.025248661318734524,open_drawer__032__step_011,25,early,32,0.9818181818181818,-0.0001220605529121295,0.9464285714285714,open_drawer,0.11557092046983541
0.025367548872135166,open_drawer__032__step_011,26,early,32,0.963963963963964,-0.00025806562219742946,0.9818181818181818,open_drawer,0.19828870791238273
0.01899764488753051,open_drawer__032__step_011,27,early,32,0.9818181818181818,-0.000283147217988351,0.963963963963964,open_drawer,0.1162511734091396
0.02964437451342598,open_drawer__032__step_011,28,early,32,0.9292035398230089,-0.00012910419614914912,0.963963963963964,open_drawer,0.12071023491446908
0.023947871892567564,open_drawer__032__step_011,29,early,32,0.9122807017543859,-7.870861218227561e-05,0.9818181818181818,open_drawer,0.23338213663072338
0.04510293897448533,open_drawer__032__step_011,30,early,32,0.9818181818181818,-0.00042109214094850577,0.9292035398230089,open_drawer,0.15343002658312344
0.03401508058373812,open_drawer__032__step_011,31,early,32,0.963963963963964,-0.0003831588393110991,0.9464285714285714,open_drawer,0.31219812221138454
0.01693249462457425,open_drawer__032__step_056,0,middle,32,1.0,,,open_drawer,0.8155885748565197
0.030826955961106333,open_drawer__032__step_056,1,middle,32,1.0,,,open_drawer,0.35381477628834546
0.11560975664294149,open_drawer__032__step_056,2,middle,32,0.9464285714285714,,,open_drawer,0.017819271884036425
0.0350711897423995,open_drawer__032__step_056,3,middle,32,1.0,,,open_drawer,0.04004264753029929
0.041424135383562447,open_drawer__032__step_056,4,middle,32,0.963963963963964,,,open_drawer,0.061837672664296406
0.09318838623045216,open_drawer__032__step_056,5,middle,32,0.9464285714285714,,,open_drawer,0.07934008425263528
0.014764859255115217,open_drawer__032__step_056,6,middle,32,0.963963963963964,,,open_drawer,0.09523211220994199
0.06151637888896048,open_drawer__032__step_056,7,middle,32,0.963963963963964,,,open_drawer,0.09726847340198219
0.030804410616105102,open_drawer__032__step_056,8,middle,32,0.9464285714285714,,,open_drawer,0.21007750642093015
0.05409508444524883,open_drawer__032__step_056,9,middle,32,0.9464285714285714,,,open_drawer,0.11841871524484304
0.025119379406519052,open_drawer__032__step_056,10,middle,32,0.9292035398230089,,,open_drawer,0.17125139280778967
0.01750845013580882,open_drawer__032__step_056,11,middle,32,0.9122807017543859,,,open_drawer,0.21260461142992426
0.014525265972798676,open_drawer__032__step_056,12,middle,32,0.9818181818181818,,,open_drawer,0.21729664432041318
0.02215997761528188,open_drawer__032__step_056,13,middle,32,0.9464285714285714,,,open_drawer,0.22144317808624692
0.015047655149413182,open_drawer__032__step_056,14,middle,32,0.9122807017543859,,,open_drawer,0.3351952958869333
0.03839221226506204,open_drawer__032__step_056,15,middle,32,0.9818181818181818,,,open_drawer,0.21315526665671314
0.04404761747209888,open_drawer__032__step_056,16,middle,32,0.9464285714285714,,,open_drawer,0.11167001838964552
0.038635724654981655,open_drawer__032__step_056,17,middle,32,0.8793103448275862,,,open_drawer,0.1427093131884476
0.03325980503947288,open_drawer__032__step_056,18,middle,32,0.963963963963964,,,open_drawer,0.169751436530305
0.032904212976589325,open_drawer__032__step_056,19,middle,32,0.9818181818181818,,,open_drawer,0.061177366378004194
0.03608214847127157,open_drawer__032__step_056,20,middle,32,0.963963963963964,,,open_drawer,0.1219192226357535
0.03813931427185582,open_drawer__032__step_056,21,middle,32,0.9818181818181818,,,open_drawer,0.08634157801301967
0.04684177634957363,open_drawer__032__step_056,22,middle,32,0.963963963963964,,,open_drawer,0.09949205773051517
0.021064682573280376,open_drawer__032__step_056,23,middle,32,0.9122807017543859,,,open_drawer,0.06901032270209839
0.03103373553074768,open_drawer__032__step_056,24,middle,32,0.9818181818181818,,,open_drawer,0.09651387162111291
0.03717212199065097,open_drawer__032__step_056,25,middle,32,0.9292035398230089,,,open_drawer,0.07968884049188318
0.04561104969596531,open_drawer__032__step_056,26,middle,32,0.9122807017543859,,,open_drawer,0.11262294104265891
0.03503090733268148,open_drawer__032__step_056,27,middle,32,0.963963963963964,,,open_drawer,0.10984374678018582
0.03686593941889066,open_drawer__032__step_056,28,middle,32,0.963963963963964,,,open_drawer,0.1001178881774436
0.04030170510827681,open_drawer__032__step_056,29,middle,32,0.8793103448275862,,,open_drawer,0.14193893139066915
0.0582553602295117,open_drawer__032__step_056,30,middle,32,0.963963963963964,,,open_drawer,0.16427024867687123
0.050904335716863064,open_drawer__032__step_056,31,middle,32,0.9122807017543859,,,open_drawer,0.22993704646319202
0.01651808371770691,open_drawer__032__step_101,0,late,32,1.0,,,open_drawer,0.8234387934207916
0.02853363300362695,open_drawer__032__step_101,1,late,32,1.0,,,open_drawer,0.37421310553327203
0.11734805139972498,open_drawer__032__step_101,2,late,32,0.9464285714285714,,,open_drawer,0.02113670043786442
0.035418159940921845,open_drawer__032__step_101,3,late,32,0.9464285714285714,,,open_drawer,0.0427040298193333
0.05285021690406567,open_drawer__032__step_101,4,late,32,0.963963963963964,,,open_drawer,0.05982552447449052
0.09535724209499376,open_drawer__032__step_101,5,late,32,0.9122807017543859,,,open_drawer,0.08150577835021977
0.015485375723476314,open_drawer__032__step_101,6,late,32,0.9292035398230089,,,open_drawer,0.088973540689949
0.060817253201645785,open_drawer__032__step_101,7,late,32,0.963963963963964,,,open_drawer,0.10810264894917054
0.03371959548568539,open_drawer__032__step_101,8,late,32,0.9292035398230089,,,open_drawer,0.2261050105034883
0.05300732651651932,open_drawer__032__step_101,9,late,32,0.9292035398230089,,,open_drawer,0.11114217238355195
0.022586215281841595,open_drawer__032__step_101,10,late,32,0.9292035398230089,,,open_drawer,0.16845806431911114
0.01245404065100463,open_drawer__032__step_101,11,late,32,0.9464285714285714,,,open_drawer,0.22712325785960275
0.010194412384277748,open_drawer__032__step_101,12,late,32,0.9818181818181818,,,open_drawer,0.24375348239709638
0.01912884708487076,open_drawer__032__step_101,13,late,32,0.9464285714285714,,,open_drawer,0.23233888452296014
0.01158661521603775,open_drawer__032__step_101,14,late,32,0.9464285714285714,,,open_drawer,0.3535797931012894
0.038757969403143376,open_drawer__032__step_101,15,late,32,0.963963963963964,,,open_drawer,0.24249954087053993
0.037972412675378715,open_drawer__032__step_101,16,late,32,0.9464285714285714,,,open_drawer,0.1290937594251318
0.03585257969150847,open_drawer__032__step_101,17,late,32,0.963963963963964,,,open_drawer,0.1388233314644367
0.03366205995517708,open_drawer__032__step_101,18,late,32,0.963963963963964,,,open_drawer,0.1477468616224087
0.03135225685622076,open_drawer__032__step_101,19,late,32,0.963963963963964,,,open_drawer,0.08145899793802869
0.028451498163651296,open_drawer__032__step_101,20,late,32,0.9818181818181818,,,open_drawer,0.14646272402623595
0.03357472169433844,open_drawer__032__step_101,21,late,32,0.9818181818181818,,,open_drawer,0.08764736138748219
0.041001260627123115,open_drawer__032__step_101,22,late,32,1.0,,,open_drawer,0.12013795014286188
0.020953334727306816,open_drawer__032__step_101,23,late,32,0.9292035398230089,,,open_drawer,0.07473242943996183
0.024300327710416188,open_drawer__032__step_101,24,late,32,0.963963963963964,,,open_drawer,0.10308253001934276
0.03302875279120268,open_drawer__032__step_101,25,late,32,0.9464285714285714,,,open_drawer,0.08645793793557033
0.038425377990043835,open_drawer__032__step_101,26,late,32,0.9292035398230089,,,open_drawer,0.12069298061284428
0.028544589633916536,open_drawer__032__step_101,27,late,32,0.9818181818181818,,,open_drawer,0.10592909007931439
0.028656461223350523,open_drawer__032__step_101,28,late,32,0.9818181818181818,,,open_drawer,0.13513186362765595
0.035580188528593966,open_drawer__032__step_101,29,late,32,0.8793103448275862,,,open_drawer,0.16433978641893532
0.0493190939989648,open_drawer__032__step_101,30,late,32,0.963963963963964,,,open_drawer,0.16840408134515883
0.043639251018050135,open_drawer__032__step_101,31,late,32,0.963963963963964,,,open_drawer,0.23994185442165872
0.016809013417961077,open_drawer__095__step_011,0,early,95,1.0,,,open_drawer,0.8169498145580292
0.028405250216578515,open_drawer__095__step_011,1,early,95,1.0,,,open_drawer,0.338479412952438
0.07870152782294411,open_drawer__095__step_011,2,early,95,0.9818181818181818,,,open_drawer,0.017115236723157068
0.0313476643835069,open_drawer__095__step_011,3,early,95,0.9818181818181818,,,open_drawer,0.03086112451273948
0.07108576116970042,open_drawer__095__step_011,4,early,95,0.9464285714285714,,,open_drawer,0.030069457639001484
0.09535936776238359,open_drawer__095__step_011,5,early,95,0.9292035398230089,,,open_drawer,0.07751286213351705
0.026737794830195404,open_drawer__095__step_011,6,early,95,0.963963963963964,,,open_drawer,0.056032129997447555
0.04532408464210819,open_drawer__095__step_011,7,early,95,0.9464285714285714,,,open_drawer,0.07861754273085353
0.025165492804570613,open_drawer__095__step_011,8,early,95,0.9122807017543859,,,open_drawer,0.24070923086947005
0.0295642021963367,open_drawer__095__step_011,9,early,95,0.9292035398230089,,,open_drawer,0.15152584812040004
0.00821461927003007,open_drawer__095__step_011,10,early,95,0.963963963963964,,,open_drawer,0.25232758272431965
0.004577268208807421,open_drawer__095__step_011,11,early,95,0.9464285714285714,,,open_drawer,0.2519248378573593
0.004606759204707025,open_drawer__095__step_011,12,early,95,0.9292035398230089,,,open_drawer,0.23509147615845905
0.009527606248230921,open_drawer__095__step_011,13,early,95,0.963963963963964,,,open_drawer,0.19411885931458528
0.00412261126210861,open_drawer__095__step_011,14,early,95,0.963963963963964,,,open_drawer,0.42322696156043094
0.01987208724265574,open_drawer__095__step_011,15,early,95,0.9292035398230089,,,open_drawer,0.28109311823709504
0.017127422832658914,open_drawer__095__step_011,16,early,95,0.963963963963964,,,open_drawer,0.22554445788870225
0.03134476550540048,open_drawer__095__step_011,17,early,95,0.9464285714285714,,,open_drawer,0.20668924790834353
0.020295278018939215,open_drawer__095__step_011,18,early,95,0.9818181818181818,,,open_drawer,0.0921995882102351
0.06909659533001329,open_drawer__095__step_011,19,early,95,0.963963963963964,,,open_drawer,0.07404898838736074
0.03261809370448182,open_drawer__095__step_011,20,early,95,0.963963963963964,,,open_drawer,0.13641436884404357
0.043475259340375015,open_drawer__095__step_011,21,early,95,0.963963963963964,,,open_drawer,0.08120513695862996
0.03901007354081674,open_drawer__095__step_011,22,early,95,0.9122807017543859,,,open_drawer,0.07852479683916158
0.026186707247440284,open_drawer__095__step_011,23,early,95,0.9122807017543859,,,open_drawer,0.06057535124688229
0.014873266859029698,open_drawer__095__step_011,24,early,95,0.9292035398230089,,,open_drawer,0.12022800414294466
0.03684656834979377,open_drawer__095__step_011,25,early,95,0.963963963963964,,,open_drawer,0.06887422355556794
0.037266998563491395,open_drawer__095__step_011,26,early,95,0.8632478632478633,,,open_drawer,0.10966181759449967
0.030061334937241488,open_drawer__095__step_011,27,early,95,0.8319327731092437,,,open_drawer,0.07416697938204919
0.037124202604543736,open_drawer__095__step_011,28,early,95,0.963963963963964,,,open_drawer,0.15633184510835463
0.05281002982579078,open_drawer__095__step_011,29,early,95,0.9122807017543859,,,open_drawer,0.1608440946187102
0.10333213061180489,open_drawer__095__step_011,30,early,95,0.9292035398230089,,,open_drawer,0.112990697655448
0.10459379592328383,open_drawer__095__step_011,31,early,95,0.9292035398230089,,,open_drawer,0.2713697544668321
0.02152478954204858,open_drawer__095__step_056,0,middle,95,0.9818181818181818,,,open_drawer,0.8033538572490215
0.0487016950528111,open_drawer__095__step_056,1,middle,95,0.9818181818181818,,,open_drawer,0.33021460846066475
0.17621070869779065,open_drawer__095__step_056,2,middle,95,0.9464285714285714,,,open_drawer,0.0423097205070917
0.11362958035173801,open_drawer__095__step_056,3,middle,95,0.963963963963964,,,open_drawer,0.03448317612253504
0.12332232363586344,open_drawer__095__step_056,4,middle,95,0.9464285714285714,,,open_drawer,0.02400884130452141
0.15377352965101393,open_drawer__095__step_056,5,middle,95,0.9464285714285714,,,open_drawer,0.06002861750607735
0.04238929822425878,open_drawer__095__step_056,6,middle,95,0.9464285714285714,,,open_drawer,0.03460160455495043
0.06435265484053586,open_drawer__095__step_056,7,middle,95,0.963963963963964,,,open_drawer,0.08899747267696512
0.04885830536314977,open_drawer__095__step_056,8,middle,95,0.8793103448275862,,,open_drawer,0.1559900633756115
0.05713827866491093,open_drawer__095__step_056,9,middle,95,0.963963963963964,,,open_drawer,0.10623377224965225
0.026608549167290857,open_drawer__095__step_056,10,middle,95,0.9464285714285714,,,open_drawer,0.14927214959971025
0.008315871534521941,open_drawer__095__step_056,11,middle,95,0.9464285714285714,,,open_drawer,0.26944088980053493
0.005668499423545957,open_drawer__095__step_056,12,middle,95,0.9292035398230089,,,open_drawer,0.22358367708147853
0.01614427641322543,open_drawer__095__step_056,13,middle,95,0.963963963963964,,,open_drawer,0.24222100069709995
0.008271589391898669,open_drawer__095__step_056,14,middle,95,0.9292035398230089,,,open_drawer,0.25905858344913213
0.018335942981760976,open_drawer__095__step_056,15,middle,95,0.9464285714285714,,,open_drawer,0.22162883963028435
0.022893758001864443,open_drawer__095__step_056,16,middle,95,0.9464285714285714,,,open_drawer,0.14947911539024972
0.04014844538469771,open_drawer__095__step_056,17,middle,95,0.9122807017543859,,,open_drawer,0.15938274415611886
0.02224048658658116,open_drawer__095__step_056,18,middle,95,0.9292035398230089,,,open_drawer,0.11392210920962498
0.12934088393222662,open_drawer__095__step_056,19,middle,95,0.9464285714285714,,,open_drawer,0.10719250616358522
0.03829683120947134,open_drawer__095__step_056,20,middle,95,0.9464285714285714,,,open_drawer,0.1176622887682015
0.03378617861841065,open_drawer__095__step_056,21,middle,95,0.9464285714285714,,,open_drawer,0.0659745714204405
0.04676230081273306,open_drawer__095__step_056,22,middle,95,0.9292035398230089,,,open_drawer,0.08675148963953916
0.026189966145424487,open_drawer__095__step_056,23,middle,95,0.8793103448275862,,,open_drawer,0.05322079584759365
0.012793442524276848,open_drawer__095__step_056,24,middle,95,0.9122807017543859,,,open_drawer,0.08560047219927469
0.029986903679242245,open_drawer__095__step_056,25,middle,95,0.963963963963964,,,open_drawer,0.11773636272374688
0.025604831968044695,open_drawer__095__step_056,26,middle,95,0.847457627118644,,,open_drawer,0.1414637686307998
0.04057993201453749,open_drawer__095__step_056,27,middle,95,0.9292035398230089,,,open_drawer,0.07681689306758699
0.0666151615736376,open_drawer__095__step_056,28,middle,95,0.9292035398230089,,,open_drawer,0.10468175213785003
0.04032949509931007,open_drawer__095__step_056,29,middle,95,0.8632478632478633,,,open_drawer,0.12661248283936288
0.08375336476412835,open_drawer__095__step_056,30,middle,95,0.9122807017543859,,,open_drawer,0.1864135170226291
0.1034755307321613,open_drawer__095__step_056,31,middle,95,0.9122807017543859,,,open_drawer,0.2567276472013873
0.01763723809879345,open_drawer__095__step_101,0,late,95,1.0,,,open_drawer,0.8094980120658875
0.02467347436280264,open_drawer__095__step_101,1,late,95,0.963963963963964,,,open_drawer,0.3297591565642506
0.04250181304016889,open_drawer__095__step_101,2,late,95,0.9292035398230089,,,open_drawer,0.045562547442841606
0.028007172439742673,open_drawer__095__step_101,3,late,95,0.963963963963964,,,open_drawer,0.04399254652525997
0.057741096361288824,open_drawer__095__step_101,4,late,95,0.9122807017543859,,,open_drawer,0.027788373157591195
0.0964173818506069,open_drawer__095__step_101,5,late,95,0.9292035398230089,,,open_drawer,0.06499516041549214
0.02412640536646224,open_drawer__095__step_101,6,late,95,0.9122807017543859,,,open_drawer,0.03861503902055574
0.027563696311893957,open_drawer__095__step_101,7,late,95,0.963963963963964,,,open_drawer,0.09687147579893463
0.02304684456118046,open_drawer__095__step_101,8,late,95,0.9818181818181818,,,open_drawer,0.1571239803570279
0.03973691527015484,open_drawer__095__step_101,9,late,95,0.9292035398230089,,,open_drawer,0.10165213810114437
0.01685568944068256,open_drawer__095__step_101,10,late,95,0.8956521739130435,,,open_drawer,0.15528561979272126
0.008435578500351024,open_drawer__095__step_101,11,late,95,0.9122807017543859,,,open_drawer,0.25919379804872733
0.004102509214831761,open_drawer__095__step_101,12,late,95,0.963963963963964,,,open_drawer,0.2148309961510222
0.00920961733559241,open_drawer__095__step_101,13,late,95,0.9292035398230089,,,open_drawer,0.20657235944918284
0.0067648789127969676,open_drawer__095__step_101,14,late,95,0.9818181818181818,,,open_drawer,0.34515024722577436
0.01716583920597903,open_drawer__095__step_101,15,late,95,0.9292035398230089,,,open_drawer,0.24429017354123062
0.022035254674922383,open_drawer__095__step_101,16,late,95,0.9292035398230089,,,open_drawer,0.14722012698825893
0.028813122949236623,open_drawer__095__step_101,17,late,95,0.9122807017543859,,,open_drawer,0.17655797768861703
0.021072726325305394,open_drawer__095__step_101,18,late,95,0.9818181818181818,,,open_drawer,0.08373991044766171
0.07007606170011266,open_drawer__095__step_101,19,late,95,0.9292035398230089,,,open_drawer,0.10628274141083693
0.05846869904412723,open_drawer__095__step_101,20,late,95,0.9292035398230089,,,open_drawer,0.11976148677422316
0.04823781305262343,open_drawer__095__step_101,21,late,95,0.9122807017543859,,,open_drawer,0.11640471891769266
0.1257989753806318,open_drawer__095__step_101,22,late,95,0.9464285714285714,,,open_drawer,0.10339328291337324
0.06389516989491287,open_drawer__095__step_101,23,late,95,0.9122807017543859,,,open_drawer,0.048764065891390374
0.024195389157780415,open_drawer__095__step_101,24,late,95,0.9122807017543859,,,open_drawer,0.09112473349409811
0.04378711324677015,open_drawer__095__step_101,25,late,95,0.963963963963964,,,open_drawer,0.12054082573695268
0.07691105402039321,open_drawer__095__step_101,26,late,95,0.9292035398230089,,,open_drawer,0.11593652780766206
0.03571011701504702,open_drawer__095__step_101,27,late,95,0.9818181818181818,,,open_drawer,0.1054055493090118
0.05915196666211257,open_drawer__095__step_101,28,late,95,0.9464285714285714,,,open_drawer,0.11254442480546345
0.05367240316332747,open_drawer__095__step_101,29,late,95,0.9122807017543859,,,open_drawer,0.18312222952215507
0.07271509668867644,open_drawer__095__step_101,30,late,95,0.9464285714285714,,,open_drawer,0.1660906597247731
0.11995036088594944,open_drawer__095__step_101,31,late,95,0.9292035398230089,,,open_drawer,0.21455123249006647
0.017814186129231496,open_drawer__097__step_011,0,early,97,1.0,,,open_drawer,0.8146100491285324
0.03132473190756313,open_drawer__097__step_011,1,early,97,1.0,,,open_drawer,0.33134496095590293
0.11275290138039269,open_drawer__097__step_011,2,early,97,0.963963963963964,,,open_drawer,0.013105022795457444
0.038800913850678964,open_drawer__097__step_011,3,early,97,0.963963963963964,,,open_drawer,0.027338385038092383
0.08422332197244921,open_drawer__097__step_011,4,early,97,0.963963963963964,,,open_drawer,0.03140028782900117
0.10174505616049191,open_drawer__097__step_011,5,early,97,0.9122807017543859,,,open_drawer,0.0786416458495296
0.02897726638354487,open_drawer__097__step_011,6,early,97,0.9464285714285714,,,open_drawer,0.07054090784140499
0.054195621464309264,open_drawer__097__step_011,7,early,97,0.9464285714285714,,,open_drawer,0.07003479373145183
0.03254636054367398,open_drawer__097__step_011,8,early,97,0.9122807017543859,,,open_drawer,0.23121868716407334
0.03531304644561618,open_drawer__097__step_011,9,early,97,0.9464285714285714,,,open_drawer,0.154635514862548
0.01103127829807444,open_drawer__097__step_011,10,early,97,0.9292035398230089,,,open_drawer,0.21574944026542653
0.005553743096140824,open_drawer__097__step_011,11,early,97,0.9292035398230089,,,open_drawer,0.24077343921021566
0.0063006335282115924,open_drawer__097__step_011,12,early,97,0.963963963963964,,,open_drawer,0.22178117253133678
0.012490019600541703,open_drawer__097__step_011,13,early,97,0.9818181818181818,,,open_drawer,0.18858607841229968
0.004661321881357288,open_drawer__097__step_011,14,early,97,0.963963963963964,,,open_drawer,0.39605228125037684
0.029155335178067253,open_drawer__097__step_011,15,early,97,0.963963963963964,,,open_drawer,0.22780477857122605
0.02314115808153414,open_drawer__097__step_011,16,early,97,0.9464285714285714,,,open_drawer,0.24263826784454068
0.04407169621525153,open_drawer__097__step_011,17,early,97,0.963963963963964,,,open_drawer,0.19014329823301068
0.03063578196464426,open_drawer__097__step_011,18,early,97,0.8956521739130435,,,open_drawer,0.10778538797171677
0.07897076379696558,open_drawer__097__step_011,19,early,97,0.963963963963964,,,open_drawer,0.09529954305639876
0.05209864610411085,open_drawer__097__step_011,20,early,97,0.9292035398230089,,,open_drawer,0.1588162933901458
0.049236602229928796,open_drawer__097__step_011,21,early,97,0.9292035398230089,,,open_drawer,0.08406430838613232
0.07187677300604421,open_drawer__097__step_011,22,early,97,0.9292035398230089,,,open_drawer,0.06763729603538593
0.05725021146971442,open_drawer__097__step_011,23,early,97,0.9122807017543859,,,open_drawer,0.061402886952691915
0.03177099102213272,open_drawer__097__step_011,24,early,97,0.8956521739130435,,,open_drawer,0.08379639181563903
0.05120576104925719,open_drawer__097__step_011,25,early,97,0.9122807017543859,,,open_drawer,0.07115948127155036
0.04728142302629403,open_drawer__097__step_011,26,early,97,0.9122807017543859,,,open_drawer,0.14573943780362697
0.04146866780410276,open_drawer__097__step_011,27,early,97,0.8793103448275862,,,open_drawer,0.08199627628422945
0.046833430126652704,open_drawer__097__step_011,28,early,97,0.9464285714285714,,,open_drawer,0.13788577588985618
0.06316429613842328,open_drawer__097__step_011,29,early,97,0.9122807017543859,,,open_drawer,0.1577619619839652
0.09682127753911142,open_drawer__097__step_011,30,early,97,0.9464285714285714,,,open_drawer,0.11245319434527801
0.10474613037446501,open_drawer__097__step_011,31,early,97,0.9464285714285714,,,open_drawer,0.24705364477904368
0.023070248065567296,open_drawer__097__step_056,0,middle,97,0.9818181818181818,,,open_drawer,0.8045067861676216
0.060329985025790046,open_drawer__097__step_056,1,middle,97,1.0,,,open_drawer,0.3453639813233167
0.18187430133789365,open_drawer__097__step_056,2,middle,97,0.9818181818181818,,,open_drawer,0.041788450970670965
0.1342245541297228,open_drawer__097__step_056,3,middle,97,0.963963963963964,,,open_drawer,0.031010948479320177
0.15079694967977875,open_drawer__097__step_056,4,middle,97,0.9292035398230089,,,open_drawer,0.02560592538486617
0.14402630859841747,open_drawer__097__step_056,5,middle,97,0.9464285714285714,,,open_drawer,0.07017674138410257
0.04105768436338033,open_drawer__097__step_056,6,middle,97,0.963963963963964,,,open_drawer,0.0590807173414305
0.07310981083158036,open_drawer__097__step_056,7,middle,97,0.963963963963964,,,open_drawer,0.10365867156679087
0.039152398606273155,open_drawer__097__step_056,8,middle,97,0.8956521739130435,,,open_drawer,0.22710301739880379
0.03495237141431687,open_drawer__097__step_056,9,middle,97,0.9292035398230089,,,open_drawer,0.10381675276448732
0.03148383421226128,open_drawer__097__step_056,10,middle,97,0.963963963963964,,,open_drawer,0.1798538054790697
0.007450408259245157,open_drawer__097__step_056,11,middle,97,0.9292035398230089,,,open_drawer,0.27407506075905985
0.005861238275011079,open_drawer__097__step_056,12,middle,97,0.9464285714285714,,,open_drawer,0.22079106497767498
0.013195587966093837,open_drawer__097__step_056,13,middle,97,0.9818181818181818,,,open_drawer,0.1855110783199052
0.0056935491759857034,open_drawer__097__step_056,14,middle,97,0.963963963963964,,,open_drawer,0.3417559772383356
0.022945816514184234,open_drawer__097__step_056,15,middle,97,0.9464285714285714,,,open_drawer,0.22350186249377657
0.01651136551522681,open_drawer__097__step_056,16,middle,97,0.9464285714285714,,,open_drawer,0.1859836089312239
0.03920614815634872,open_drawer__097__step_056,17,middle,97,0.9292035398230089,,,open_drawer,0.1453681729173013
0.01763829019150389,open_drawer__097__step_056,18,middle,97,0.9292035398230089,,,open_drawer,0.0778863238783174
0.13114141695925827,open_drawer__097__step_056,19,middle,97,0.963963963963964,,,open_drawer,0.10973628078363618
0.038797867650328485,open_drawer__097__step_056,20,middle,97,0.9292035398230089,,,open_drawer,0.08430943698681403
0.033736463544443936,open_drawer__097__step_056,21,middle,97,0.8793103448275862,,,open_drawer,0.09174188211204637
0.08302958050520486,open_drawer__097__step_056,22,middle,97,0.9292035398230089,,,open_drawer,0.08286378226233637
0.03734305368669646,open_drawer__097__step_056,23,middle,97,0.9292035398230089,,,open_drawer,0.05242320621184149
0.016799379757226316,open_drawer__097__step_056,24,middle,97,0.9292035398230089,,,open_drawer,0.10351572701145528
0.04246263460179417,open_drawer__097__step_056,25,middle,97,0.8793103448275862,,,open_drawer,0.08317216947111206
0.023070752961561004,open_drawer__097__step_056,26,middle,97,0.9464285714285714,,,open_drawer,0.13123149517389265
0.04882935916895992,open_drawer__097__step_056,27,middle,97,0.9122807017543859,,,open_drawer,0.06398773235633826
0.04631205476055719,open_drawer__097__step_056,28,middle,97,0.9292035398230089,,,open_drawer,0.09254578706465111
0.043462774027595734,open_drawer__097__step_056,29,middle,97,0.8016528925619835,,,open_drawer,0.13993917922402943
0.057456514741328006,open_drawer__097__step_056,30,middle,97,0.9464285714285714,,,open_drawer,0.19867118596266664
0.09140992899132173,open_drawer__097__step_056,31,middle,97,0.963963963963964,,,open_drawer,0.2066062448352568
0.023270734222767698,open_drawer__097__step_101,0,late,97,1.0,,,open_drawer,0.8053045496344566
0.05757784134059157,open_drawer__097__step_101,1,late,97,1.0,,,open_drawer,0.34106705989688635
0.1704766787052939,open_drawer__097__step_101,2,late,97,0.963963963963964,,,open_drawer,0.03893278069654116
0.12888869112796514,open_drawer__097__step_101,3,late,97,0.9464285714285714,,,open_drawer,0.02958970883884149
0.15557409087391197,open_drawer__097__step_101,4,late,97,0.963963963963964,,,open_drawer,0.02370588245582894
0.15537026871453666,open_drawer__097__step_101,5,late,97,0.963963963963964,,,open_drawer,0.06605518105538977
0.037728104726449836,open_drawer__097__step_101,6,late,97,0.9818181818181818,,,open_drawer,0.05624102964793565
0.0739592637074878,open_drawer__097__step_101,7,late,97,0.963963963963964,,,open_drawer,0.10442192324990174
0.037849445546960056,open_drawer__097__step_101,8,late,97,0.8632478632478633,,,open_drawer,0.21978979684990918
0.03767824839075582,open_drawer__097__step_101,9,late,97,0.9292035398230089,,,open_drawer,0.10813716069355905
0.025016681762247778,open_drawer__097__step_101,10,late,97,0.9292035398230089,,,open_drawer,0.19543654924018483
0.005473035145224453,open_drawer__097__step_101,11,late,97,0.9292035398230089,,,open_drawer,0.26268050128101095
0.003956971484314109,open_drawer__097__step_101,12,late,97,0.963963963963964,,,open_drawer,0.22557229533322243
0.01011601378033299,open_drawer__097__step_101,13,late,97,0.9818181818181818,,,open_drawer,0.20676124797819284
0.004363064080507356,open_drawer__097__step_101,14,late,97,0.963963963963964,,,open_drawer,0.34168398332758443
0.016135315754379518,open_drawer__097__step_101,15,late,97,0.9292035398230089,,,open_drawer,0.24119127937660778
0.013399109957897658,open_drawer__097__step_101,16,late,97,0.963963963963964,,,open_drawer,0.18173637216955285
0.030654105760920373,open_drawer__097__step_101,17,late,97,0.9292035398230089,,,open_drawer,0.16462461461628664
0.01658894526895457,open_drawer__097__step_101,18,late,97,0.9292035398230089,,,open_drawer,0.07054365547725183
0.11843756357183709,open_drawer__097__step_101,19,late,97,0.9292035398230089,,,open_drawer,0.1032703477034147
0.02762931500577712,open_drawer__097__step_101,20,late,97,0.9464285714285714,,,open_drawer,0.08381915851059318
0.021505295162049128,open_drawer__097__step_101,21,late,97,0.9818181818181818,,,open_drawer,0.09602649255685947
0.050565811624695575,open_drawer__097__step_101,22,late,97,0.9292035398230089,,,open_drawer,0.08455826792494747
0.022714519812193888,open_drawer__097__step_101,23,late,97,0.9292035398230089,,,open_drawer,0.056924431040727086
0.011240395681039657,open_drawer__097__step_101,24,late,97,0.9292035398230089,,,open_drawer,0.11703697261685875
0.039040945614051095,open_drawer__097__step_101,25,late,97,0.9464285714285714,,,open_drawer,0.0793585748356378
0.020666709367182675,open_drawer__097__step_101,26,late,97,0.8956521739130435,,,open_drawer,0.1477017292875331
0.042853955376947334,open_drawer__097__step_101,27,late,97,0.8956521739130435,,,open_drawer,0.07393352938501607
0.048137862076075705,open_drawer__097__step_101,28,late,97,0.9122807017543859,,,open_drawer,0.08590507083195575
0.040721283708605886,open_drawer__097__step_101,29,late,97,0.8016528925619835,,,open_drawer,0.12647865889687182
0.05204266207065677,open_drawer__097__step_101,30,late,97,0.963963963963964,,,open_drawer,0.19156626059293558
0.08900529390029557,open_drawer__097__step_101,31,late,97,0.9122807017543859,,,open_drawer,0.21126876761854874
0.013777819473033732,close_drawer__000__step_011,0,early,0,,,,close_drawer,0.8215830102562904
0.025537674120880382,close_drawer__000__step_011,1,early,0,,,,close_drawer,0.3033755444921553
0.1752143279129762,close_drawer__000__step_011,2,early,0,,,,close_drawer,0.009754485200801355
0.06768416174876997,close_drawer__000__step_011,3,early,0,,,,close_drawer,0.026779422918025375
0.07385801919683284,close_drawer__000__step_011,4,early,0,,,,close_drawer,0.04692339759731112
0.10562223003793386,close_drawer__000__step_011,5,early,0,,,,close_drawer,0.10176995653364429
0.03694085674354139,close_drawer__000__step_011,6,early,0,,,,close_drawer,0.06391951897444414
0.1004099000710828,close_drawer__000__step_011,7,early,0,,,,close_drawer,0.05892546400764331
0.047815023848323576,close_drawer__000__step_011,8,early,0,,,,close_drawer,0.15898025255501125
0.042943430236388136,close_drawer__000__step_011,9,early,0,,,,close_drawer,0.13896142079738638
0.01436734591558665,close_drawer__000__step_011,10,early,0,,,,close_drawer,0.20140641395482817
0.005765089993312387,close_drawer__000__step_011,11,early,0,,,,close_drawer,0.25443654801756566
0.0037740740957035615,close_drawer__000__step_011,12,early,0,,,,close_drawer,0.2450101386384631
0.006745436211041554,close_drawer__000__step_011,13,early,0,,,,close_drawer,0.262829981298637
0.0026466974607177213,close_drawer__000__step_011,14,early,0,,,,close_drawer,0.33728956202025984
0.011675469312902566,close_drawer__000__step_011,15,early,0,,,,close_drawer,0.2519691786887961
0.005622586091694265,close_drawer__000__step_011,16,early,0,,,,close_drawer,0.30041451346733083
0.01727552905054091,close_drawer__000__step_011,17,early,0,,,,close_drawer,0.17577253487570488
0.016643563821444763,close_drawer__000__step_011,18,early,0,,,,close_drawer,0.10244609734186838
0.04333717154680047,close_drawer__000__step_011,19,early,0,,,,close_drawer,0.13158156126664267
0.010093461316150486,close_drawer__000__step_011,20,early,0,,,,close_drawer,0.19831787459182237
0.011188625253822393,close_drawer__000__step_011,21,early,0,,,,close_drawer,0.0782007397104394
0.01323268380474781,close_drawer__000__step_011,22,early,0,,,,close_drawer,0.095340233577339
0.01948336181283912,close_drawer__000__step_011,23,early,0,,,,close_drawer,0.08155742802152588
0.014116949630292256,close_drawer__000__step_011,24,early,0,,,,close_drawer,0.0938780728638875
0.02167339993919705,close_drawer__000__step_011,25,early,0,,,,close_drawer,0.10029358835292612
0.029610841103931057,close_drawer__000__step_011,26,early,0,,,,close_drawer,0.16587369620583559
0.028634817623986168,close_drawer__000__step_011,27,early,0,,,,close_drawer,0.08868204186086359
0.022500498337751668,close_drawer__000__step_011,28,early,0,,,,close_drawer,0.1257716435634677
0.024396542086886092,close_drawer__000__step_011,29,early,0,,,,close_drawer,0.15880221333492273
0.052614102887187236,close_drawer__000__step_011,30,early,0,,,,close_drawer,0.125538620486509
0.058386935004334485,close_drawer__000__step_011,31,early,0,,,,close_drawer,0.22856288427556137
0.015821526318270947,close_drawer__000__step_056,0,middle,0,,,,close_drawer,0.8244972117245197
0.028948325892125173,close_drawer__000__step_056,1,middle,0,,,,close_drawer,0.3392461286857724
0.128566491382387,close_drawer__000__step_056,2,middle,0,,,,close_drawer,0.03436525229176368
0.06672215495054544,close_drawer__000__step_056,3,middle,0,,,,close_drawer,0.03719916987597571
0.09873045296259217,close_drawer__000__step_056,4,middle,0,,,,close_drawer,0.033855982366958415
0.15964950614066287,close_drawer__000__step_056,5,middle,0,,,,close_drawer,0.06025580434697986
0.03145822108916878,close_drawer__000__step_056,6,middle,0,,,,close_drawer,0.043215433989644225
0.06081177013254805,close_drawer__000__step_056,7,middle,0,,,,close_drawer,0.07258479280585561
0.03211756099881348,close_drawer__000__step_056,8,middle,0,,,,close_drawer,0.0949765166456018
0.08943015307127324,close_drawer__000__step_056,9,middle,0,,,,close_drawer,0.07381648573164057
0.01602441670922653,close_drawer__000__step_056,10,middle,0,,,,close_drawer,0.1803444925808435
0.006723149182545798,close_drawer__000__step_056,11,middle,0,,,,close_drawer,0.200924826107439
0.015727538206630188,close_drawer__000__step_056,12,middle,0,,,,close_drawer,0.19082067169256334
0.011519983385995294,close_drawer__000__step_056,13,middle,0,,,,close_drawer,0.20622389636173466
0.005200001694142689,close_drawer__000__step_056,14,middle,0,,,,close_drawer,0.39273376325218123
0.03389263869875432,close_drawer__000__step_056,15,middle,0,,,,close_drawer,0.1999577677106572
0.00746012441915349,close_drawer__000__step_056,16,middle,0,,,,close_drawer,0.1977586468547088
0.010614358671489655,close_drawer__000__step_056,17,middle,0,,,,close_drawer,0.13399747154517172
0.015942680408545167,close_drawer__000__step_056,18,middle,0,,,,close_drawer,0.07801601455605578
0.020986192498351874,close_drawer__000__step_056,19,middle,0,,,,close_drawer,0.10856257036448369
0.0343752287512855,close_drawer__000__step_056,20,middle,0,,,,close_drawer,0.11225782649341909
0.006615945171771317,close_drawer__000__step_056,21,middle,0,,,,close_drawer,0.10881377074701959
0.019013963182190154,close_drawer__000__step_056,22,middle,0,,,,close_drawer,0.06886585777328946
0.046582199648527084,close_drawer__000__step_056,23,middle,0,,,,close_drawer,0.06153918013004045
0.010509857955363983,close_drawer__000__step_056,24,middle,0,,,,close_drawer,0.07251679465181837
0.01697940366657254,close_drawer__000__step_056,25,middle,0,,,,close_drawer,0.08407710025039705
0.032750448868132144,close_drawer__000__step_056,26,middle,0,,,,close_drawer,0.100456970799641
0.015587030388085472,close_drawer__000__step_056,27,middle,0,,,,close_drawer,0.0702612797449973
0.01218253998294113,close_drawer__000__step_056,28,middle,0,,,,close_drawer,0.13405132889965898
0.018802396718293507,close_drawer__000__step_056,29,middle,0,,,,close_drawer,0.14345189341293008
0.029938791001600552,close_drawer__000__step_056,30,middle,0,,,,close_drawer,0.17444888702357275
0.04579172052751911,close_drawer__000__step_056,31,middle,0,,,,close_drawer,0.21822824729633794
0.01630068096322939,close_drawer__000__step_101,0,late,0,,,,close_drawer,0.8258107081055641
0.0315084832611957,close_drawer__000__step_101,1,late,0,,,,close_drawer,0.33751933090388775
0.14638060392552293,close_drawer__000__step_101,2,late,0,,,,close_drawer,0.02980630977401688
0.06641934118679405,close_drawer__000__step_101,3,late,0,,,,close_drawer,0.03921819183528896
0.10081373349094644,close_drawer__000__step_101,4,late,0,,,,close_drawer,0.0356167353568253
0.15232090140361415,close_drawer__000__step_101,5,late,0,,,,close_drawer,0.06537610197437971
0.03069127690320049,close_drawer__000__step_101,6,late,0,,,,close_drawer,0.0460294836191224
0.0629336416537886,close_drawer__000__step_101,7,late,0,,,,close_drawer,0.07035855884078046
0.03195421312688493,close_drawer__000__step_101,8,late,0,,,,close_drawer,0.10441470164278144
0.08975737135549725,close_drawer__000__step_101,9,late,0,,,,close_drawer,0.08202620139172723
0.017938378887774675,close_drawer__000__step_101,10,late,0,,,,close_drawer,0.19417735669048852
0.006847511193568398,close_drawer__000__step_101,11,late,0,,,,close_drawer,0.2040290867225849
0.01912461890295466,close_drawer__000__step_101,12,late,0,,,,close_drawer,0.1786377982734848
0.013810266892596273,close_drawer__000__step_101,13,late,0,,,,close_drawer,0.20186404704691085
0.0055811552482884835,close_drawer__000__step_101,14,late,0,,,,close_drawer,0.4070253412282909
0.03529891907727595,close_drawer__000__step_101,15,late,0,,,,close_drawer,0.21342537111559068
0.007861016307433565,close_drawer__000__step_101,16,late,0,,,,close_drawer,0.2335410982641406
0.009892405593873005,close_drawer__000__step_101,17,late,0,,,,close_drawer,0.13906407975855473
0.014037687986177503,close_drawer__000__step_101,18,late,0,,,,close_drawer,0.08888942168482572
0.019721062163834967,close_drawer__000__step_101,19,late,0,,,,close_drawer,0.10493238212620781
0.028990721228765812,close_drawer__000__step_101,20,late,0,,,,close_drawer,0.1245743429411732
0.0056313472880235365,close_drawer__000__step_101,21,late,0,,,,close_drawer,0.10829430899036652
0.016618066944743062,close_drawer__000__step_101,22,late,0,,,,close_drawer,0.06811554488814409
0.0367394519950721,close_drawer__000__step_101,23,late,0,,,,close_drawer,0.06268387905006989
0.008217242331631406,close_drawer__000__step_101,24,late,0,,,,close_drawer,0.07883860327311254
0.012030906823077949,close_drawer__000__step_101,25,late,0,,,,close_drawer,0.08666683969639166
0.025261224721900913,close_drawer__000__step_101,26,late,0,,,,close_drawer,0.10942516010561576
0.014516788602115974,close_drawer__000__step_101,27,late,0,,,,close_drawer,0.0741510644671024
0.012753083193743898,close_drawer__000__step_101,28,late,0,,,,close_drawer,0.11608985427324114
0.01830421472475333,close_drawer__000__step_101,29,late,0,,,,close_drawer,0.13065590842717256
0.029975075378469794,close_drawer__000__step_101,30,late,0,,,,close_drawer,0.17110196444082248
0.04525167906384393,close_drawer__000__step_101,31,late,0,,,,close_drawer,0.22458204374015622
0.01216932256622348,close_drawer__001__step_011,0,early,1,,,,close_drawer,0.8424963504076004
0.01709871240437158,close_drawer__001__step_011,1,early,1,,,,close_drawer,0.3785685417242348
0.04714531538730999,close_drawer__001__step_011,2,early,1,,,,close_drawer,0.01790471454251019
0.011291781747921906,close_drawer__001__step_011,3,early,1,,,,close_drawer,0.04425563428367241
0.03889525836176354,close_drawer__001__step_011,4,early,1,,,,close_drawer,0.04050781204387022
0.12227836225747456,close_drawer__001__step_011,5,early,1,,,,close_drawer,0.07024346973457796
0.02481340359634001,close_drawer__001__step_011,6,early,1,,,,close_drawer,0.039253478923910734
0.042102749903348544,close_drawer__001__step_011,7,early,1,,,,close_drawer,0.08276545184844508
0.015721319853492358,close_drawer__001__step_011,8,early,1,,,,close_drawer,0.16658442826155806
0.030101455468193105,close_drawer__001__step_011,9,early,1,,,,close_drawer,0.12627847738258424
0.010867869631438562,close_drawer__001__step_011,10,early,1,,,,close_drawer,0.19678888567977992
0.004095686379024356,close_drawer__001__step_011,11,early,1,,,,close_drawer,0.25703299814449565
0.003977582953630978,close_drawer__001__step_011,12,early,1,,,,close_drawer,0.19257225426690638
0.0037217565661653465,close_drawer__001__step_011,13,early,1,,,,close_drawer,0.18089053159383184
0.0017137398871217644,close_drawer__001__step_011,14,early,1,,,,close_drawer,0.43780499437616527
0.015459231666091906,close_drawer__001__step_011,15,early,1,,,,close_drawer,0.22445729965966166
0.011642812114536395,close_drawer__001__step_011,16,early,1,,,,close_drawer,0.21239047186725202
0.008335067579973208,close_drawer__001__step_011,17,early,1,,,,close_drawer,0.1813483494936463
0.015656008136920464,close_drawer__001__step_011,18,early,1,,,,close_drawer,0.12142131486257313
0.017942473669598846,close_drawer__001__step_011,19,early,1,,,,close_drawer,0.10847540044539983
0.007138706086924153,close_drawer__001__step_011,20,early,1,,,,close_drawer,0.17365540420888692
0.009234190094654107,close_drawer__001__step_011,21,early,1,,,,close_drawer,0.09242778182851907
0.015362314180718244,close_drawer__001__step_011,22,early,1,,,,close_drawer,0.07601660700194657
0.011271616986099168,close_drawer__001__step_011,23,early,1,,,,close_drawer,0.05886927973978118
0.007083133715746601,close_drawer__001__step_011,24,early,1,,,,close_drawer,0.0940271785492115
0.009934468281088278,close_drawer__001__step_011,25,early,1,,,,close_drawer,0.10609116177843703
0.014280337507144076,close_drawer__001__step_011,26,early,1,,,,close_drawer,0.16304850569525797
0.01361800529640631,close_drawer__001__step_011,27,early,1,,,,close_drawer,0.06406024232296659
0.01016387908912925,close_drawer__001__step_011,28,early,1,,,,close_drawer,0.07004584981246609
0.01550146072359397,close_drawer__001__step_011,29,early,1,,,,close_drawer,0.15702206845759292
0.03230080247273158,close_drawer__001__step_011,30,early,1,,,,close_drawer,0.1264474968787681
0.04905713562595332,close_drawer__001__step_011,31,early,1,,,,close_drawer,0.23752938207508123
0.012270728468437811,close_drawer__001__step_056,0,middle,1,,,,close_drawer,0.8381156623363495
0.018112108114389177,close_drawer__001__step_056,1,middle,1,,,,close_drawer,0.37442116625607014
0.03143807765360081,close_drawer__001__step_056,2,middle,1,,,,close_drawer,0.04187728235854138
0.006156390410408505,close_drawer__001__step_056,3,middle,1,,,,close_drawer,0.057894241633334786
0.021673388530042328,close_drawer__001__step_056,4,middle,1,,,,close_drawer,0.028331035390351644
0.2184757388625028,close_drawer__001__step_056,5,middle,1,,,,close_drawer,0.031821355860529366
0.018273188548496848,close_drawer__001__step_056,6,middle,1,,,,close_drawer,0.024427977627397013
0.02755984613806213,close_drawer__001__step_056,7,middle,1,,,,close_drawer,0.08124107095648014
0.011074514480977848,close_drawer__001__step_056,8,middle,1,,,,close_drawer,0.07563420771839446
0.0527996346264381,close_drawer__001__step_056,9,middle,1,,,,close_drawer,0.10621893062352683
0.019726503413311034,close_drawer__001__step_056,10,middle,1,,,,close_drawer,0.1278610387671506
0.003276593700614195,close_drawer__001__step_056,11,middle,1,,,,close_drawer,0.29012095829148166
0.0046284961128869335,close_drawer__001__step_056,12,middle,1,,,,close_drawer,0.24492451348123723
0.004891450306115397,close_drawer__001__step_056,13,middle,1,,,,close_drawer,0.17213161023482826
0.0032370585764389505,close_drawer__001__step_056,14,middle,1,,,,close_drawer,0.35698739727331485
0.02723734520210059,close_drawer__001__step_056,15,middle,1,,,,close_drawer,0.19840564320747944
0.0073541894280035654,close_drawer__001__step_056,16,middle,1,,,,close_drawer,0.17986688315886568
0.010154963377012166,close_drawer__001__step_056,17,middle,1,,,,close_drawer,0.13382829104443772
0.010421957703583748,close_drawer__001__step_056,18,middle,1,,,,close_drawer,0.13197719899528693
0.008961321824897303,close_drawer__001__step_056,19,middle,1,,,,close_drawer,0.1448584558081052
0.005396578947471435,close_drawer__001__step_056,20,middle,1,,,,close_drawer,0.15575269242089007
0.005290873703816507,close_drawer__001__step_056,21,middle,1,,,,close_drawer,0.11498022806304675
0.011008420528442739,close_drawer__001__step_056,22,middle,1,,,,close_drawer,0.1425350314663234
0.0030170251872174993,close_drawer__001__step_056,23,middle,1,,,,close_drawer,0.09710785010898348
0.0028685855018388343,close_drawer__001__step_056,24,middle,1,,,,close_drawer,0.12772112646233325
0.0054881489276593825,close_drawer__001__step_056,25,middle,1,,,,close_drawer,0.12568317847386368
0.009733234554346354,close_drawer__001__step_056,26,middle,1,,,,close_drawer,0.1827730489110877
0.005803159145102958,close_drawer__001__step_056,27,middle,1,,,,close_drawer,0.06655937005741919
0.005026489956852421,close_drawer__001__step_056,28,middle,1,,,,close_drawer,0.10730858325042192
0.006481946482334082,close_drawer__001__step_056,29,middle,1,,,,close_drawer,0.1987853335112959
0.015886320215762674,close_drawer__001__step_056,30,middle,1,,,,close_drawer,0.16360359750700582
0.0307417384946543,close_drawer__001__step_056,31,middle,1,,,,close_drawer,0.20881827967082245
0.01294013366994021,close_drawer__001__step_101,0,late,1,,,,close_drawer,0.8373387269675732
0.019329768090087476,close_drawer__001__step_101,1,late,1,,,,close_drawer,0.3686244993004948
0.03359823602867598,close_drawer__001__step_101,2,late,1,,,,close_drawer,0.03751237395999851
0.006153701848051797,close_drawer__001__step_101,3,late,1,,,,close_drawer,0.05879500979426666
0.025162386990337505,close_drawer__001__step_101,4,late,1,,,,close_drawer,0.02672271954190819
0.22968619603780244,close_drawer__001__step_101,5,late,1,,,,close_drawer,0.03125625574409696
0.021474842471828518,close_drawer__001__step_101,6,late,1,,,,close_drawer,0.023349006188936983
0.03186328320177142,close_drawer__001__step_101,7,late,1,,,,close_drawer,0.0744916278515575
0.014973796888928022,close_drawer__001__step_101,8,late,1,,,,close_drawer,0.07544239327671676
0.050712915135274886,close_drawer__001__step_101,9,late,1,,,,close_drawer,0.10785986441146633
0.02494406964494803,close_drawer__001__step_101,10,late,1,,,,close_drawer,0.12826611953641986
0.0034425266333121727,close_drawer__001__step_101,11,late,1,,,,close_drawer,0.30231381147314096
0.004654966838564581,close_drawer__001__step_101,12,late,1,,,,close_drawer,0.24834030053534661
0.005073621489074322,close_drawer__001__step_101,13,late,1,,,,close_drawer,0.16188057605154427
0.003639701631507227,close_drawer__001__step_101,14,late,1,,,,close_drawer,0.32870261449625104
0.033972014932568385,close_drawer__001__step_101,15,late,1,,,,close_drawer,0.17241445385957377
0.010134392653774464,close_drawer__001__step_101,16,late,1,,,,close_drawer,0.18211955752713038
0.012740270543631698,close_drawer__001__step_101,17,late,1,,,,close_drawer,0.11896791521496652
0.012499573147467998,close_drawer__001__step_101,18,late,1,,,,close_drawer,0.1310830560848899
0.013382434269470398,close_drawer__001__step_101,19,late,1,,,,close_drawer,0.13631176150022384
0.008725881982309615,close_drawer__001__step_101,20,late,1,,,,close_drawer,0.15024392018665367
0.007969657257629837,close_drawer__001__step_101,21,late,1,,,,close_drawer,0.10057923117079781
0.013809881172117313,close_drawer__001__step_101,22,late,1,,,,close_drawer,0.12499422093632973
0.004935058960957129,close_drawer__001__step_101,23,late,1,,,,close_drawer,0.08325933172923783
0.002839303551860177,close_drawer__001__step_101,24,late,1,,,,close_drawer,0.11402919825570734
0.007271546910426679,close_drawer__001__step_101,25,late,1,,,,close_drawer,0.11458881179076741
0.011040904944071683,close_drawer__001__step_101,26,late,1,,,,close_drawer,0.1467607047559909
0.0071074714345085305,close_drawer__001__step_101,27,late,1,,,,close_drawer,0.05580757954518134
0.005493599069348604,close_drawer__001__step_101,28,late,1,,,,close_drawer,0.11771958367714319
0.006479844726325131,close_drawer__001__step_101,29,late,1,,,,close_drawer,0.183309738882258
0.01977890885183818,close_drawer__001__step_101,30,late,1,,,,close_drawer,0.15151929943414189
0.033519997487991664,close_drawer__001__step_101,31,late,1,,,,close_drawer,0.21280675997650178
0.01203628144371243,close_drawer__009__step_011,0,early,9,,,,close_drawer,0.8201711401343346
0.022390143371817797,close_drawer__009__step_011,1,early,9,,,,close_drawer,0.3353970185853541
0.09028233883870333,close_drawer__009__step_011,2,early,9,,,,close_drawer,0.016108116319628607
0.03121390730054728,close_drawer__009__step_011,3,early,9,,,,close_drawer,0.035325611058397044
0.07195601907779783,close_drawer__009__step_011,4,early,9,,,,close_drawer,0.029537614134369505
0.1327886548277651,close_drawer__009__step_011,5,early,9,,,,close_drawer,0.07226388261642569
0.02765458374048922,close_drawer__009__step_011,6,early,9,,,,close_drawer,0.060925135392153607
0.049233943526121725,close_drawer__009__step_011,7,early,9,,,,close_drawer,0.1161098112934269
0.039417098339094965,close_drawer__009__step_011,8,early,9,,,,close_drawer,0.1918469287629705
0.030907954954811037,close_drawer__009__step_011,9,early,9,,,,close_drawer,0.16262690683379333
0.023562830558141762,close_drawer__009__step_011,10,early,9,,,,close_drawer,0.13798083031633723
0.003561316467782736,close_drawer__009__step_011,11,early,9,,,,close_drawer,0.22450700804574808
0.004026678333350803,close_drawer__009__step_011,12,early,9,,,,close_drawer,0.17542419796882314
0.0034816565158624275,close_drawer__009__step_011,13,early,9,,,,close_drawer,0.27401625300080923
0.0016381678097504378,close_drawer__009__step_011,14,early,9,,,,close_drawer,0.36400200310117725
0.01002025720362842,close_drawer__009__step_011,15,early,9,,,,close_drawer,0.3298877113411436
0.0047581830282801005,close_drawer__009__step_011,16,early,9,,,,close_drawer,0.2296372700128586
0.005243444076327405,close_drawer__009__step_011,17,early,9,,,,close_drawer,0.2381253757757804
0.0053356519742519095,close_drawer__009__step_011,18,early,9,,,,close_drawer,0.03483007812216954
0.012935426780568455,close_drawer__009__step_011,19,early,9,,,,close_drawer,0.05357546754783016
0.005978237267416957,close_drawer__009__step_011,20,early,9,,,,close_drawer,0.0807761435997918
0.00728719656581624,close_drawer__009__step_011,21,early,9,,,,close_drawer,0.03900896547634147
0.007278892782852931,close_drawer__009__step_011,22,early,9,,,,close_drawer,0.046931776816087734
0.016530819120200758,close_drawer__009__step_011,23,early,9,,,,close_drawer,0.051327121627394945
0.009250314686959676,close_drawer__009__step_011,24,early,9,,,,close_drawer,0.06662589007751762
0.016005188036350093,close_drawer__009__step_011,25,early,9,,,,close_drawer,0.0647101102812968
0.02176092672469349,close_drawer__009__step_011,26,early,9,,,,close_drawer,0.11669836106187859
0.025630347452485526,close_drawer__009__step_011,27,early,9,,,,close_drawer,0.064479364412108
0.020033793130383986,close_drawer__009__step_011,28,early,9,,,,close_drawer,0.08142786015606873
0.023222101309964226,close_drawer__009__step_011,29,early,9,,,,close_drawer,0.126872928698333
0.03687332222287221,close_drawer__009__step_011,30,early,9,,,,close_drawer,0.11495490377132
0.03788187777244872,close_drawer__009__step_011,31,early,9,,,,close_drawer,0.21863040785410703
0.012401305948646415,close_drawer__009__step_056,0,middle,9,,,,close_drawer,0.8170864153653383
0.018041830645987664,close_drawer__009__step_056,1,middle,9,,,,close_drawer,0.3537733913399279
0.05181642557530507,close_drawer__009__step_056,2,middle,9,,,,close_drawer,0.03898188982384454
0.026613503278871048,close_drawer__009__step_056,3,middle,9,,,,close_drawer,0.037185990541274805
0.054317134838713706,close_drawer__009__step_056,4,middle,9,,,,close_drawer,0.02581383491701672
0.1180382966529451,close_drawer__009__step_056,5,middle,9,,,,close_drawer,0.05864491356760482
0.02512248399202361,close_drawer__009__step_056,6,middle,9,,,,close_drawer,0.04104022070760038
0.03307531179602458,close_drawer__009__step_056,7,middle,9,,,,close_drawer,0.104496553334684
0.018401110427861554,close_drawer__009__step_056,8,middle,9,,,,close_drawer,0.12733105637380504
0.05438338927015266,close_drawer__009__step_056,9,middle,9,,,,close_drawer,0.13355464731012034
0.012470680066283974,close_drawer__009__step_056,10,middle,9,,,,close_drawer,0.1943552361572074
0.004882789637105893,close_drawer__009__step_056,11,middle,9,,,,close_drawer,0.22491580358473584
0.004006564889185315,close_drawer__009__step_056,12,middle,9,,,,close_drawer,0.19489538308425836
0.005826540242557725,close_drawer__009__step_056,13,middle,9,,,,close_drawer,0.23792473971343497
0.0024185292473887787,close_drawer__009__step_056,14,middle,9,,,,close_drawer,0.42623380006807565
0.024857988139307237,close_drawer__009__step_056,15,middle,9,,,,close_drawer,0.24864322759003699
0.017125576130193033,close_drawer__009__step_056,16,middle,9,,,,close_drawer,0.23874878297010582
0.01109995494251762,close_drawer__009__step_056,17,middle,9,,,,close_drawer,0.18367357799616002
0.0117017543399045,close_drawer__009__step_056,18,middle,9,,,,close_drawer,0.14371711186595348
0.01983448275358552,close_drawer__009__step_056,19,middle,9,,,,close_drawer,0.08410183424462048
0.010383735871648763,close_drawer__009__step_056,20,middle,9,,,,close_drawer,0.1525012839650799
0.00801293898525235,close_drawer__009__step_056,21,middle,9,,,,close_drawer,0.0986198175106523
0.015440568564551662,close_drawer__009__step_056,22,middle,9,,,,close_drawer,0.12919537125094394
0.018548034708656607,close_drawer__009__step_056,23,middle,9,,,,close_drawer,0.0743796534436143
0.009953663772930802,close_drawer__009__step_056,24,middle,9,,,,close_drawer,0.09275693663016682
0.01781601470862911,close_drawer__009__step_056,25,middle,9,,,,close_drawer,0.09437225564987273
0.03380723933292551,close_drawer__009__step_056,26,middle,9,,,,close_drawer,0.12419376972843565
0.030769435478032025,close_drawer__009__step_056,27,middle,9,,,,close_drawer,0.08937301868300551
0.035024401425389796,close_drawer__009__step_056,28,middle,9,,,,close_drawer,0.10570470472413263
0.028157194123904664,close_drawer__009__step_056,29,middle,9,,,,close_drawer,0.20321715962256803
0.0478385542586476,close_drawer__009__step_056,30,middle,9,,,,close_drawer,0.16373891780051508
0.0584225285317463,close_drawer__009__step_056,31,middle,9,,,,close_drawer,0.18929292779557727
0.01318030206200446,close_drawer__009__step_101,0,late,9,,,,close_drawer,0.8163930736482143
0.020819785630440783,close_drawer__009__step_101,1,late,9,,,,close_drawer,0.3608724258374423
0.060433259138110804,close_drawer__009__step_101,2,late,9,,,,close_drawer,0.036715216466745915
0.035090558556712635,close_drawer__009__step_101,3,late,9,,,,close_drawer,0.03259453484133701
0.058064342792151884,close_drawer__009__step_101,4,late,9,,,,close_drawer,0.027817739527336016
0.13026585970849294,close_drawer__009__step_101,5,late,9,,,,close_drawer,0.05556418970672894
0.025785366111993894,close_drawer__009__step_101,6,late,9,,,,close_drawer,0.048076724335260224
0.04244030022944897,close_drawer__009__step_101,7,late,9,,,,close_drawer,0.11520973063716156
0.01817919256924135,close_drawer__009__step_101,8,late,9,,,,close_drawer,0.1256237885027076
0.05123266435200421,close_drawer__009__step_101,9,late,9,,,,close_drawer,0.1308773329747055
0.011309574665514667,close_drawer__009__step_101,10,late,9,,,,close_drawer,0.1867582693366785
0.0050684884938704,close_drawer__009__step_101,11,late,9,,,,close_drawer,0.19689991700033715
0.004502677269856559,close_drawer__009__step_101,12,late,9,,,,close_drawer,0.1993265494015759
0.004827395983350879,close_drawer__009__step_101,13,late,9,,,,close_drawer,0.21985977231452125
0.0019586498716626694,close_drawer__009__step_101,14,late,9,,,,close_drawer,0.41544384584926775
0.021956164682762305,close_drawer__009__step_101,15,late,9,,,,close_drawer,0.24319648608616262
0.008138171967045318,close_drawer__009__step_101,16,late,9,,,,close_drawer,0.19396501446499315
0.006852984630766389,close_drawer__009__step_101,17,late,9,,,,close_drawer,0.16663631015035207
0.007703127531869373,close_drawer__009__step_101,18,late,9,,,,close_drawer,0.11777520351597559
0.01736549440416544,close_drawer__009__step_101,19,late,9,,,,close_drawer,0.07795963601623157
0.00945668463945327,close_drawer__009__step_101,20,late,9,,,,close_drawer,0.16065208096046035
0.006561750665241158,close_drawer__009__step_101,21,late,9,,,,close_drawer,0.11960239650454696
0.01061298424667413,close_drawer__009__step_101,22,late,9,,,,close_drawer,0.12880098977223042
0.011373829282104649,close_drawer__009__step_101,23,late,9,,,,close_drawer,0.08550677983301114
0.007587893418379706,close_drawer__009__step_101,24,late,9,,,,close_drawer,0.11067657672868592
0.011368406997671967,close_drawer__009__step_101,25,late,9,,,,close_drawer,0.09794403721354072
0.027595727824046734,close_drawer__009__step_101,26,late,9,,,,close_drawer,0.14408917055641268
0.022004514252083912,close_drawer__009__step_101,27,late,9,,,,close_drawer,0.07747703576492881
0.02372945977659433,close_drawer__009__step_101,28,late,9,,,,close_drawer,0.09675042256442623
0.022089646518047852,close_drawer__009__step_101,29,late,9,,,,close_drawer,0.17937850844492687
0.04704537950588833,close_drawer__009__step_101,30,late,9,,,,close_drawer,0.14605374756604306
0.056054363207723425,close_drawer__009__step_101,31,late,9,,,,close_drawer,0.22120593488671147
0.01230864516426193,close_drawer__021__step_011,0,early,21,,,,close_drawer,0.8385555744171143
0.018406640351118563,close_drawer__021__step_011,1,early,21,,,,close_drawer,0.3342345589771867
0.06626844701828107,close_drawer__021__step_011,2,early,21,,,,close_drawer,0.011988786236884152
0.011535268023136865,close_drawer__021__step_011,3,early,21,,,,close_drawer,0.04428138299181228
0.03697896997706895,close_drawer__021__step_011,4,early,21,,,,close_drawer,0.04580026448729768
0.13501759765036972,close_drawer__021__step_011,5,early,21,,,,close_drawer,0.06225714152606088
0.019810964019163928,close_drawer__021__step_011,6,early,21,,,,close_drawer,0.04952302575293288
0.04296278115724426,close_drawer__021__step_011,7,early,21,,,,close_drawer,0.08226475627861873
0.013963022138978591,close_drawer__021__step_011,8,early,21,,,,close_drawer,0.1652297476430249
0.02791895012450114,close_drawer__021__step_011,9,early,21,,,,close_drawer,0.11532161189006729
0.00726815526512833,close_drawer__021__step_011,10,early,21,,,,close_drawer,0.19326904767331143
0.0038189344252910424,close_drawer__021__step_011,11,early,21,,,,close_drawer,0.23144775098671744
0.00411829027888159,close_drawer__021__step_011,12,early,21,,,,close_drawer,0.19613926844249363
0.0028731904284498176,close_drawer__021__step_011,13,early,21,,,,close_drawer,0.19953178847254094
0.0017752809964118607,close_drawer__021__step_011,14,early,21,,,,close_drawer,0.4672136324516032
0.009326318149652813,close_drawer__021__step_011,15,early,21,,,,close_drawer,0.2616465611690728
0.009043333031559212,close_drawer__021__step_011,16,early,21,,,,close_drawer,0.22126270141791338
0.007592909961676092,close_drawer__021__step_011,17,early,21,,,,close_drawer,0.18002167439453842
0.014552041824562998,close_drawer__021__step_011,18,early,21,,,,close_drawer,0.13473914782002794
0.02128903540557771,close_drawer__021__step_011,19,early,21,,,,close_drawer,0.08763814091005884
0.007300940724907886,close_drawer__021__step_011,20,early,21,,,,close_drawer,0.16496151970022765
0.008747644172504607,close_drawer__021__step_011,21,early,21,,,,close_drawer,0.1034759771836562
0.013350065554229195,close_drawer__021__step_011,22,early,21,,,,close_drawer,0.11139507552732653
0.0107580013276319,close_drawer__021__step_011,23,early,21,,,,close_drawer,0.08534222642228428
0.006803971099663448,close_drawer__021__step_011,24,early,21,,,,close_drawer,0.11283905132674477
0.00808797412648699,close_drawer__021__step_011,25,early,21,,,,close_drawer,0.1294932637841839
0.016037968687130227,close_drawer__021__step_011,26,early,21,,,,close_drawer,0.17398326168995482
0.01194828062327602,close_drawer__021__step_011,27,early,21,,,,close_drawer,0.05090060758492854
0.008863279376423476,close_drawer__021__step_011,28,early,21,,,,close_drawer,0.08377330692782436
0.01661719167037335,close_drawer__021__step_011,29,early,21,,,,close_drawer,0.16860094741429066
0.03057020382906914,close_drawer__021__step_011,30,early,21,,,,close_drawer,0.14028042629411175
0.04464165598647848,close_drawer__021__step_011,31,early,21,,,,close_drawer,0.2868924823560519
0.014214306639161142,close_drawer__021__step_056,0,middle,21,,,,close_drawer,0.8375117927789688
0.023381247454451238,close_drawer__021__step_056,1,middle,21,,,,close_drawer,0.37419914780184627
0.07197014926187238,close_drawer__021__step_056,2,middle,21,,,,close_drawer,0.02891185707915156
0.02250665680425831,close_drawer__021__step_056,3,middle,21,,,,close_drawer,0.040596903344521706
0.06373830522981536,close_drawer__021__step_056,4,middle,21,,,,close_drawer,0.030586255852767863
0.14720267744405055,close_drawer__021__step_056,5,middle,21,,,,close_drawer,0.05216570716493152
0.021176894406461217,close_drawer__021__step_056,6,middle,21,,,,close_drawer,0.05483779131554911
0.03392644097434734,close_drawer__021__step_056,7,middle,21,,,,close_drawer,0.11241346770657401
0.0184035185480217,close_drawer__021__step_056,8,middle,21,,,,close_drawer,0.10370835777985121
0.05253112002910661,close_drawer__021__step_056,9,middle,21,,,,close_drawer,0.11419920443404408
0.01131946970627737,close_drawer__021__step_056,10,middle,21,,,,close_drawer,0.19535706011083676
0.003907653413936385,close_drawer__021__step_056,11,middle,21,,,,close_drawer,0.27757320113869355
0.003997548522080139,close_drawer__021__step_056,12,middle,21,,,,close_drawer,0.26984158619052323
0.002990286451596201,close_drawer__021__step_056,13,middle,21,,,,close_drawer,0.16397746715483663
0.0011834794635480535,close_drawer__021__step_056,14,middle,21,,,,close_drawer,0.43073252865497125
0.016221770655272794,close_drawer__021__step_056,15,middle,21,,,,close_drawer,0.2039211102801346
0.00579039496784271,close_drawer__021__step_056,16,middle,21,,,,close_drawer,0.17087692250186137
0.005928981033811525,close_drawer__021__step_056,17,middle,21,,,,close_drawer,0.14922344134436116
0.013497560539900533,close_drawer__021__step_056,18,middle,21,,,,close_drawer,0.11767526988842292
0.011134979094637577,close_drawer__021__step_056,19,middle,21,,,,close_drawer,0.09888731359131953
0.006136763561801639,close_drawer__021__step_056,20,middle,21,,,,close_drawer,0.1428387412487382
0.007901702695651268,close_drawer__021__step_056,21,middle,21,,,,close_drawer,0.08119136990748643
0.011958295708195664,close_drawer__021__step_056,22,middle,21,,,,close_drawer,0.09405410581973683
0.004354280856649821,close_drawer__021__step_056,23,middle,21,,,,close_drawer,0.07193188247538274
0.003047178115414823,close_drawer__021__step_056,24,middle,21,,,,close_drawer,0.08302379810513116
0.004233939150478541,close_drawer__021__step_056,25,middle,21,,,,close_drawer,0.07873371818996588
0.0064144464402633525,close_drawer__021__step_056,26,middle,21,,,,close_drawer,0.11844780245198194
0.004292545459404005,close_drawer__021__step_056,27,middle,21,,,,close_drawer,0.054826187485573996
0.0057115684976915765,close_drawer__021__step_056,28,middle,21,,,,close_drawer,0.07021199890516527
0.007236334505700474,close_drawer__021__step_056,29,middle,21,,,,close_drawer,0.17980872000168802
0.018876895378609586,close_drawer__021__step_056,30,middle,21,,,,close_drawer,0.14062368832276206
0.04020320628169346,close_drawer__021__step_056,31,middle,21,,,,close_drawer,0.1902104244468319
0.01600448049147006,close_drawer__021__step_101,0,late,21,,,,close_drawer,0.8303293362259865
0.02585535590020054,close_drawer__021__step_101,1,late,21,,,,close_drawer,0.35016286838799715
0.10230629578591703,close_drawer__021__step_101,2,late,21,,,,close_drawer,0.026058396126984462
0.027445503310956628,close_drawer__021__step_101,3,late,21,,,,close_drawer,0.05393013906086708
0.08986685883670655,close_drawer__021__step_101,4,late,21,,,,close_drawer,0.02610570606748297
0.2250611089119415,close_drawer__021__step_101,5,late,21,,,,close_drawer,0.033809564899002
0.030475788038471625,close_drawer__021__step_101,6,late,21,,,,close_drawer,0.032114925910491365
0.04141145441361908,close_drawer__021__step_101,7,late,21,,,,close_drawer,0.09217734199023653
0.030078141742498395,close_drawer__021__step_101,8,late,21,,,,close_drawer,0.07723439007759225
0.07227542224330145,close_drawer__021__step_101,9,late,21,,,,close_drawer,0.07338345696416582
0.015605908450637146,close_drawer__021__step_101,10,late,21,,,,close_drawer,0.12450034838911961
0.002793577976594423,close_drawer__021__step_101,11,late,21,,,,close_drawer,0.23522692258393363
0.003235394279919592,close_drawer__021__step_101,12,late,21,,,,close_drawer,0.23134609299995645
0.005033284086107621,close_drawer__021__step_101,13,late,21,,,,close_drawer,0.13719107609995262
0.004189395761736643,close_drawer__021__step_101,14,late,21,,,,close_drawer,0.20047641966334595
0.01625986835465121,close_drawer__021__step_101,15,late,21,,,,close_drawer,0.1508720598869786
0.004890583345782222,close_drawer__021__step_101,16,late,21,,,,close_drawer,0.14417972181922778
0.006566630389278518,close_drawer__021__step_101,17,late,21,,,,close_drawer,0.15976134912807538
0.01030215437175671,close_drawer__021__step_101,18,late,21,,,,close_drawer,0.10449146532596387
0.012454717452003829,close_drawer__021__step_101,19,late,21,,,,close_drawer,0.07533650101674993
0.005509522753881439,close_drawer__021__step_101,20,late,21,,,,close_drawer,0.1160524714221367
0.006047915504583017,close_drawer__021__step_101,21,late,21,,,,close_drawer,0.13261699106050173
0.009220097013657612,close_drawer__021__step_101,22,late,21,,,,close_drawer,0.10197908327717187
0.002910794901599444,close_drawer__021__step_101,23,late,21,,,,close_drawer,0.09065581346078488
0.0028063052890251474,close_drawer__021__step_101,24,late,21,,,,close_drawer,0.07489284906818483
0.002490735505753691,close_drawer__021__step_101,25,late,21,,,,close_drawer,0.09015831524772011
0.00587317676501896,close_drawer__021__step_101,26,late,21,,,,close_drawer,0.17078912189862194
0.004201214210050948,close_drawer__021__step_101,27,late,21,,,,close_drawer,0.0722369475007838
0.003385850214555243,close_drawer__021__step_101,28,late,21,,,,close_drawer,0.07395377892012789
0.004663110356643412,close_drawer__021__step_101,29,late,21,,,,close_drawer,0.14264989537730344
0.014623760137709206,close_drawer__021__step_101,30,late,21,,,,close_drawer,0.14923728224266597
0.03824180894865075,close_drawer__021__step_101,31,late,21,,,,close_drawer,0.17839446394236802
0.011323908727961645,close_drawer__049__step_011,0,early,49,,,,close_drawer,0.8292765691876411
0.017281020443986744,close_drawer__049__step_011,1,early,49,,,,close_drawer,0.34398469887673855
0.05803832027493654,close_drawer__049__step_011,2,early,49,,,,close_drawer,0.015895842730742515
0.013897786117791851,close_drawer__049__step_011,3,early,49,,,,close_drawer,0.03333475106910555
0.058234586302807666,close_drawer__049__step_011,4,early,49,,,,close_drawer,0.033640509471297264
0.10343101918822585,close_drawer__049__step_011,5,early,49,,,,close_drawer,0.07846930233517924
0.013708612613445718,close_drawer__049__step_011,6,early,49,,,,close_drawer,0.05507647831223039
0.027282453327826806,close_drawer__049__step_011,7,early,49,,,,close_drawer,0.08971822947069086
0.00967158690105303,close_drawer__049__step_011,8,early,49,,,,close_drawer,0.16066416363901226
0.01480259916426702,close_drawer__049__step_011,9,early,49,,,,close_drawer,0.18038854960468598
0.009749543504921259,close_drawer__049__step_011,10,early,49,,,,close_drawer,0.15514088344298216
0.0029172334119663664,close_drawer__049__step_011,11,early,49,,,,close_drawer,0.20601404075659957
0.003882889310137782,close_drawer__049__step_011,12,early,49,,,,close_drawer,0.1983861334856556
0.0028794344779463506,close_drawer__049__step_011,13,early,49,,,,close_drawer,0.17154878476299018
0.0013987492813125413,close_drawer__049__step_011,14,early,49,,,,close_drawer,0.40111682322708475
0.007411751158872717,close_drawer__049__step_011,15,early,49,,,,close_drawer,0.24810373371201422
0.005349046546898906,close_drawer__049__step_011,16,early,49,,,,close_drawer,0.2634417461247267
0.0038254677080238886,close_drawer__049__step_011,17,early,49,,,,close_drawer,0.21115759792701283
0.00535362275832115,close_drawer__049__step_011,18,early,49,,,,close_drawer,0.11488410601140231
0.009777570261661699,close_drawer__049__step_011,19,early,49,,,,close_drawer,0.10738990726650854
0.003528457021711745,close_drawer__049__step_011,20,early,49,,,,close_drawer,0.17425909906174297
0.004035602196118596,close_drawer__049__step_011,21,early,49,,,,close_drawer,0.0688237098808564
0.00637525886015633,close_drawer__049__step_011,22,early,49,,,,close_drawer,0.0671837694145978
0.007391548704078049,close_drawer__049__step_011,23,early,49,,,,close_drawer,0.07019387251679632
0.003062763510220379,close_drawer__049__step_011,24,early,49,,,,close_drawer,0.07548415728094682
0.004232432728193887,close_drawer__049__step_011,25,early,49,,,,close_drawer,0.10162301181935618
0.00932940320269544,close_drawer__049__step_011,26,early,49,,,,close_drawer,0.14993040773291
0.008080070519962889,close_drawer__049__step_011,27,early,49,,,,close_drawer,0.07162682854479385
0.005538777732600186,close_drawer__049__step_011,28,early,49,,,,close_drawer,0.11820572010319097
0.009623048612876663,close_drawer__049__step_011,29,early,49,,,,close_drawer,0.17679029428273907
0.020523304959989944,close_drawer__049__step_011,30,early,49,,,,close_drawer,0.10940407923283146
0.04251297594260011,close_drawer__049__step_011,31,early,49,,,,close_drawer,0.21403926167658938
0.012686204685052034,close_drawer__049__step_056,0,middle,49,,,,close_drawer,0.8244275636970997
0.0187709926336295,close_drawer__049__step_056,1,middle,49,,,,close_drawer,0.35214461013674736
0.04425701354066724,close_drawer__049__step_056,2,middle,49,,,,close_drawer,0.026889976472944
0.009091614666749228,close_drawer__049__step_056,3,middle,49,,,,close_drawer,0.0417727949793516
0.028607648956709055,close_drawer__049__step_056,4,middle,49,,,,close_drawer,0.03182473386868878
0.14539936787812596,close_drawer__049__step_056,5,middle,49,,,,close_drawer,0.051378188529724866
0.014419173360777809,close_drawer__049__step_056,6,middle,49,,,,close_drawer,0.05202772728944183
0.026071042261925997,close_drawer__049__step_056,7,middle,49,,,,close_drawer,0.13094208250095107
0.011181619704424092,close_drawer__049__step_056,8,middle,49,,,,close_drawer,0.14266609004107522
0.02081118346474435,close_drawer__049__step_056,9,middle,49,,,,close_drawer,0.18257528742105933
0.03071873226483516,close_drawer__049__step_056,10,middle,49,,,,close_drawer,0.14819420166122654
0.001811425495359543,close_drawer__049__step_056,11,middle,49,,,,close_drawer,0.27932423667198236
0.0024097129957165887,close_drawer__049__step_056,12,middle,49,,,,close_drawer,0.23229928417458723
0.005458638510614784,close_drawer__049__step_056,13,middle,49,,,,close_drawer,0.18044688745339954
0.002699566267572572,close_drawer__049__step_056,14,middle,49,,,,close_drawer,0.26281621488624296
0.012294672577135502,close_drawer__049__step_056,15,middle,49,,,,close_drawer,0.17541236815327466
0.008251945017417531,close_drawer__049__step_056,16,middle,49,,,,close_drawer,0.18144218674831336
0.0076048823360071885,close_drawer__049__step_056,17,middle,49,,,,close_drawer,0.13805236518942365
0.007801431239623985,close_drawer__049__step_056,18,middle,49,,,,close_drawer,0.1180215808121261
0.00933948406695161,close_drawer__049__step_056,19,middle,49,,,,close_drawer,0.12910091289688808
0.00501899039468684,close_drawer__049__step_056,20,middle,49,,,,close_drawer,0.15568533820238883
0.0035695166140358235,close_drawer__049__step_056,21,middle,49,,,,close_drawer,0.12941549083541304
0.006159398283832382,close_drawer__049__step_056,22,middle,49,,,,close_drawer,0.1466796115465172
0.004157291437433999,close_drawer__049__step_056,23,middle,49,,,,close_drawer,0.12492915830716811
0.0021122781816267106,close_drawer__049__step_056,24,middle,49,,,,close_drawer,0.1323371438413119
0.0034978751714845784,close_drawer__049__step_056,25,middle,49,,,,close_drawer,0.10552630481294045
0.011013799200586092,close_drawer__049__step_056,26,middle,49,,,,close_drawer,0.1320980288708995
0.006663923976005503,close_drawer__049__step_056,27,middle,49,,,,close_drawer,0.059156249473886646
0.005505390192247331,close_drawer__049__step_056,28,middle,49,,,,close_drawer,0.07320722630123555
0.006481730219309277,close_drawer__049__step_056,29,middle,49,,,,close_drawer,0.1958494218309852
0.022757975132892173,close_drawer__049__step_056,30,middle,49,,,,close_drawer,0.13979860386541532
0.039183960177321786,close_drawer__049__step_056,31,middle,49,,,,close_drawer,0.22602175196698227
0.011690793094762975,close_drawer__049__step_101,0,late,49,,,,close_drawer,0.8335818350315094
0.0185037313868733,close_drawer__049__step_101,1,late,49,,,,close_drawer,0.36656435392796993
0.04944885766784619,close_drawer__049__step_101,2,late,49,,,,close_drawer,0.030874329398727696
0.01914715247987014,close_drawer__049__step_101,3,late,49,,,,close_drawer,0.037320048800893346
0.05008073463609034,close_drawer__049__step_101,4,late,49,,,,close_drawer,0.03283026939448064
0.11624231560932922,close_drawer__049__step_101,5,late,49,,,,close_drawer,0.0699112803429216
0.022512930385361705,close_drawer__049__step_101,6,late,49,,,,close_drawer,0.04584151232120348
0.026113992671010465,close_drawer__049__step_101,7,late,49,,,,close_drawer,0.1145708691924483
0.016650362625651956,close_drawer__049__step_101,8,late,49,,,,close_drawer,0.1317170082620578
0.04220869551139465,close_drawer__049__step_101,9,late,49,,,,close_drawer,0.1404954990821352
0.015240666897715385,close_drawer__049__step_101,10,late,49,,,,close_drawer,0.16900307607738796
0.005559472317297181,close_drawer__049__step_101,11,late,49,,,,close_drawer,0.22129522692921455
0.0052928770170464975,close_drawer__049__step_101,12,late,49,,,,close_drawer,0.20112952537328965
0.006882394837035169,close_drawer__049__step_101,13,late,49,,,,close_drawer,0.209230603357355
0.0032539208584236013,close_drawer__049__step_101,14,late,49,,,,close_drawer,0.39255070228364275
0.023343398168079482,close_drawer__049__step_101,15,late,49,,,,close_drawer,0.26291611948090576
0.009746651021592964,close_drawer__049__step_101,16,late,49,,,,close_drawer,0.2395595410343958
0.01021849082256326,close_drawer__049__step_101,17,late,49,,,,close_drawer,0.14024493182193964
0.016403597782577797,close_drawer__049__step_101,18,late,49,,,,close_drawer,0.0898456021458287
0.016338051033880138,close_drawer__049__step_101,19,late,49,,,,close_drawer,0.1097128085065151
0.00949252149963139,close_drawer__049__step_101,20,late,49,,,,close_drawer,0.1563636919073872
0.007646018286874592,close_drawer__049__step_101,21,late,49,,,,close_drawer,0.12199172932755431
0.010539145683496417,close_drawer__049__step_101,22,late,49,,,,close_drawer,0.13881977964564385
0.008431215749668888,close_drawer__049__step_101,23,late,49,,,,close_drawer,0.087008481256305
0.00536355934256942,close_drawer__049__step_101,24,late,49,,,,close_drawer,0.11818853482566283
0.005138646734315756,close_drawer__049__step_101,25,late,49,,,,close_drawer,0.1540872881745372
0.010544539360755592,close_drawer__049__step_101,26,late,49,,,,close_drawer,0.12459810288804363
0.005631366260435925,close_drawer__049__step_101,27,late,49,,,,close_drawer,0.07927656052444831
0.008776128168269488,close_drawer__049__step_101,28,late,49,,,,close_drawer,0.10261459030432718
0.011192413805535432,close_drawer__049__step_101,29,late,49,,,,close_drawer,0.17976323448363019
0.02810623336939458,close_drawer__049__step_101,30,late,49,,,,close_drawer,0.12888687088025108
0.04118172758182929,close_drawer__049__step_101,31,late,49,,,,close_drawer,0.2602157348796936
0.013217351544569308,pick_coke_can__001__step_008,0,early,1,1.0,,,pick_coke_can,0.7924474105238914
0.016759627875581197,pick_coke_can__001__step_008,1,early,1,0.9464285714285714,,,pick_coke_can,0.4047633338486776
0.030994726318932492,pick_coke_can__001__step_008,2,early,1,0.963963963963964,,,pick_coke_can,0.033812332053798855
0.0095466314582377,pick_coke_can__001__step_008,3,early,1,0.9818181818181818,,,pick_coke_can,0.028452554364378102
0.038384633524441686,pick_coke_can__001__step_008,4,early,1,1.0,,,pick_coke_can,0.057044144936298835
0.062105918104792664,pick_coke_can__001__step_008,5,early,1,0.963963963963964,,,pick_coke_can,0.08374863125368393
0.010862870783639024,pick_coke_can__001__step_008,6,early,1,0.9818181818181818,,,pick_coke_can,0.13752024058567258
0.024963140620036253,pick_coke_can__001__step_008,7,early,1,0.963963963963964,,,pick_coke_can,0.07029824600215306
0.029101062997147407,pick_coke_can__001__step_008,8,early,1,0.9464285714285714,,,pick_coke_can,0.17478214101674894
0.02826874486142743,pick_coke_can__001__step_008,9,early,1,0.9464285714285714,,,pick_coke_can,0.1322187035996194
0.010211047308107757,pick_coke_can__001__step_008,10,early,1,0.9818181818181818,,,pick_coke_can,0.1946160799207064
0.0008710376863127377,pick_coke_can__001__step_008,11,early,1,0.9464285714285714,,,pick_coke_can,0.19918152791251487
0.003060975004481841,pick_coke_can__001__step_008,12,early,1,0.9464285714285714,,,pick_coke_can,0.14567467775168552
0.0012636449992984194,pick_coke_can__001__step_008,13,early,1,0.9122807017543859,,,pick_coke_can,0.18051902878249848
0.0013930167818010767,pick_coke_can__001__step_008,14,early,1,0.9464285714285714,,,pick_coke_can,0.36274366224301957
0.014240386166548592,pick_coke_can__001__step_008,15,early,1,0.963963963963964,,,pick_coke_can,0.2510877371967126
0.0024810562280261485,pick_coke_can__001__step_008,16,early,1,0.963963963963964,,,pick_coke_can,0.21388701332023174
0.00195532147775781,pick_coke_can__001__step_008,17,early,1,0.963963963963964,,,pick_coke_can,0.17634015551652737
0.004730742206415289,pick_coke_can__001__step_008,18,early,1,0.9292035398230089,,,pick_coke_can,0.08203039449713856
0.02302293234199116,pick_coke_can__001__step_008,19,early,1,0.963963963963964,,,pick_coke_can,0.11528143883900555
0.013884998626470278,pick_coke_can__001__step_008,20,early,1,0.9464285714285714,,,pick_coke_can,0.15903277899226254
0.001624921144964729,pick_coke_can__001__step_008,21,early,1,0.8956521739130435,,,pick_coke_can,0.1124410964074869
0.00979842519255963,pick_coke_can__001__step_008,22,early,1,0.9292035398230089,,,pick_coke_can,0.1565644122243839
0.009520665709920686,pick_coke_can__001__step_008,23,early,1,0.9292035398230089,,,pick_coke_can,0.09519609200239643
0.008522182987995551,pick_coke_can__001__step_008,24,early,1,0.9292035398230089,,,pick_coke_can,0.13694604637035823
0.001587320132524036,pick_coke_can__001__step_008,25,early,1,0.963963963963964,,,pick_coke_can,0.13087144259838368
0.007025671532522905,pick_coke_can__001__step_008,26,early,1,0.9122807017543859,,,pick_coke_can,0.1445607418821382
0.006253614174176005,pick_coke_can__001__step_008,27,early,1,0.9464285714285714,,,pick_coke_can,0.08944932019179674
0.008389158088234082,pick_coke_can__001__step_008,28,early,1,0.9122807017543859,,,pick_coke_can,0.1133287924533235
0.012143621407253766,pick_coke_can__001__step_008,29,early,1,0.9292035398230089,,,pick_coke_can,0.21614591463236366
0.022673042003488592,pick_coke_can__001__step_008,30,early,1,0.9464285714285714,,,pick_coke_can,0.1276464120982297
0.024081071991071675,pick_coke_can__001__step_008,31,early,1,0.9464285714285714,,,pick_coke_can,0.2569264276271497
0.01322988095355353,pick_coke_can__001__step_040,0,middle,1,1.0,,,pick_coke_can,0.813919335603714
0.017733493705613827,pick_coke_can__001__step_040,1,middle,1,0.9818181818181818,,,pick_coke_can,0.40348520420957357
0.038910443596762705,pick_coke_can__001__step_040,2,middle,1,0.963963963963964,,,pick_coke_can,0.03146654841214058
0.018354015892019408,pick_coke_can__001__step_040,3,middle,1,0.9818181818181818,,,pick_coke_can,0.02608842916163212
0.04750405191424024,pick_coke_can__001__step_040,4,middle,1,0.9818181818181818,,,pick_coke_can,0.0607691696159236
0.06617024660209218,pick_coke_can__001__step_040,5,middle,1,0.9818181818181818,,,pick_coke_can,0.08288622143004432
0.01710862761865636,pick_coke_can__001__step_040,6,middle,1,0.963963963963964,,,pick_coke_can,0.10382414419927954
0.031927794442424474,pick_coke_can__001__step_040,7,middle,1,0.963963963963964,,,pick_coke_can,0.07597646309409356
0.024898246012962748,pick_coke_can__001__step_040,8,middle,1,0.9464285714285714,,,pick_coke_can,0.16262587818891916
0.03963268983632258,pick_coke_can__001__step_040,9,middle,1,0.9818181818181818,,,pick_coke_can,0.14115959248874788
0.011049368295195027,pick_coke_can__001__step_040,10,middle,1,0.963963963963964,,,pick_coke_can,0.15684415172790978
0.0009040411030647266,pick_coke_can__001__step_040,11,middle,1,0.9464285714285714,,,pick_coke_can,0.18523340215892858
0.0014144221291498011,pick_coke_can__001__step_040,12,middle,1,0.963963963963964,,,pick_coke_can,0.15706042143506238
0.0023618704690210077,pick_coke_can__001__step_040,13,middle,1,0.9818181818181818,,,pick_coke_can,0.1640892119161208
0.0021282873453853557,pick_coke_can__001__step_040,14,middle,1,0.9292035398230089,,,pick_coke_can,0.29271069056403576
0.019767119823769948,pick_coke_can__001__step_040,15,middle,1,0.9818181818181818,,,pick_coke_can,0.22009731514060604
0.0023852035806669453,pick_coke_can__001__step_040,16,middle,1,0.963963963963964,,,pick_coke_can,0.19311818539875958
0.002274173201434449,pick_coke_can__001__step_040,17,middle,1,0.9122807017543859,,,pick_coke_can,0.14087570750768919
0.005149222123284473,pick_coke_can__001__step_040,18,middle,1,0.963963963963964,,,pick_coke_can,0.08732128334594336
0.018348812853690312,pick_coke_can__001__step_040,19,middle,1,0.963963963963964,,,pick_coke_can,0.1362572531226931
0.002315249797430792,pick_coke_can__001__step_040,20,middle,1,0.9818181818181818,,,pick_coke_can,0.1847873608246502
0.001467913527837415,pick_coke_can__001__step_040,21,middle,1,0.963963963963964,,,pick_coke_can,0.09966779554071437
0.006827777197912823,pick_coke_can__001__step_040,22,middle,1,0.9818181818181818,,,pick_coke_can,0.15033683027310474
0.0033306365208667288,pick_coke_can__001__step_040,23,middle,1,0.9122807017543859,,,pick_coke_can,0.10033902879595757
0.001301445204566595,pick_coke_can__001__step_040,24,middle,1,0.9464285714285714,,,pick_coke_can,0.12766530695759215
0.0015066966183024861,pick_coke_can__001__step_040,25,middle,1,0.963963963963964,,,pick_coke_can,0.08393072349127184
0.002876085184856486,pick_coke_can__001__step_040,26,middle,1,0.9292035398230089,,,pick_coke_can,0.12976783055888852
0.005129926575613664,pick_coke_can__001__step_040,27,middle,1,0.963963963963964,,,pick_coke_can,0.0663261817780274
0.0070589884525450895,pick_coke_can__001__step_040,28,middle,1,0.9122807017543859,,,pick_coke_can,0.09940756391145555
0.006339987594445618,pick_coke_can__001__step_040,29,middle,1,0.9464285714285714,,,pick_coke_can,0.1781413782246659
0.013707965307365674,pick_coke_can__001__step_040,30,middle,1,0.9464285714285714,,,pick_coke_can,0.11854045687005055
0.023662394442253615,pick_coke_can__001__step_040,31,middle,1,0.9818181818181818,,,pick_coke_can,0.23480164405282267
0.01587750896417579,pick_coke_can__001__step_071,0,late,1,0.9818181818181818,,,pick_coke_can,0.811743289232254
0.02069955545152468,pick_coke_can__001__step_071,1,late,1,0.9818181818181818,,,pick_coke_can,0.4097995744086802
0.05069802190465335,pick_coke_can__001__step_071,2,late,1,0.963963963963964,,,pick_coke_can,0.031340584229951673
0.023420129647488058,pick_coke_can__001__step_071,3,late,1,1.0,,,pick_coke_can,0.026308182790813817
0.047937684862872476,pick_coke_can__001__step_071,4,late,1,1.0,,,pick_coke_can,0.061240912519224366
0.07661190168422694,pick_coke_can__001__step_071,5,late,1,0.963963963963964,,,pick_coke_can,0.08605410806421787
0.02029056226838371,pick_coke_can__001__step_071,6,late,1,0.963963963963964,,,pick_coke_can,0.10744555238602516
0.03140357432913348,pick_coke_can__001__step_071,7,late,1,0.963963963963964,,,pick_coke_can,0.08253178634652159
0.029441766948105054,pick_coke_can__001__step_071,8,late,1,1.0,,,pick_coke_can,0.1601497427668619
0.03871654334328349,pick_coke_can__001__step_071,9,late,1,0.9818181818181818,,,pick_coke_can,0.15634995457048717
0.016112254044223943,pick_coke_can__001__step_071,10,late,1,0.9464285714285714,,,pick_coke_can,0.17313400437660675
0.0013013096362700827,pick_coke_can__001__step_071,11,late,1,0.9292035398230089,,,pick_coke_can,0.19871928656573346
0.002027875702264368,pick_coke_can__001__step_071,12,late,1,0.9464285714285714,,,pick_coke_can,0.1739724584749638
0.0035417551422311064,pick_coke_can__001__step_071,13,late,1,0.963963963963964,,,pick_coke_can,0.1761903764758017
0.0019646455235777247,pick_coke_can__001__step_071,14,late,1,0.9464285714285714,,,pick_coke_can,0.3399203577773733
0.026093720561718523,pick_coke_can__001__step_071,15,late,1,0.963963963963964,,,pick_coke_can,0.2063938044813085
0.002329025601787166,pick_coke_can__001__step_071,16,late,1,0.9464285714285714,,,pick_coke_can,0.1917593812981977
0.00240788234641074,pick_coke_can__001__step_071,17,late,1,0.9464285714285714,,,pick_coke_can,0.1304926249012226
0.00596370618330761,pick_coke_can__001__step_071,18,late,1,0.963963963963964,,,pick_coke_can,0.08290035920174432
0.02954158948744916,pick_coke_can__001__step_071,19,late,1,0.963963963963964,,,pick_coke_can,0.14167046550116424
0.0031231261385269186,pick_coke_can__001__step_071,20,late,1,0.963963963963964,,,pick_coke_can,0.1888669734062347
0.0017065744216861521,pick_coke_can__001__step_071,21,late,1,0.963963963963964,,,pick_coke_can,0.1229806222134826
0.009325578318839123,pick_coke_can__001__step_071,22,late,1,0.963963963963964,,,pick_coke_can,0.1627177321954889
0.011944139670783826,pick_coke_can__001__step_071,23,late,1,0.9292035398230089,,,pick_coke_can,0.10488146967945511
0.0028466280365695485,pick_coke_can__001__step_071,24,late,1,0.9818181818181818,,,pick_coke_can,0.1341870795619613
0.0018900674974734843,pick_coke_can__001__step_071,25,late,1,0.9464285714285714,,,pick_coke_can,0.07950856000073259
0.007545272221823206,pick_coke_can__001__step_071,26,late,1,0.9464285714285714,,,pick_coke_can,0.1094368501547418
0.005899420030257099,pick_coke_can__001__step_071,27,late,1,0.9818181818181818,,,pick_coke_can,0.07258889548818459
0.010361337831066202,pick_coke_can__001__step_071,28,late,1,0.9464285714285714,,,pick_coke_can,0.11872413762431222
0.00903670203635623,pick_coke_can__001__step_071,29,late,1,0.963963963963964,,,pick_coke_can,0.17750216307979372
0.019302889952050404,pick_coke_can__001__step_071,30,late,1,0.9464285714285714,,,pick_coke_can,0.1173353462025375
0.027409841767812203,pick_coke_can__001__step_071,31,late,1,0.9818181818181818,,,pick_coke_can,0.23651936480609947
0.015482188264326614,pick_coke_can__003__step_008,0,early,3,1.0,1.1690428379469014e-05,0.9818181818181818,pick_coke_can,0.8213094472885132
0.02075474877620951,pick_coke_can__003__step_008,1,early,3,0.9818181818181818,8.079487172201437e-05,1.0,pick_coke_can,0.4346181694418192
0.0426577976758917,pick_coke_can__003__step_008,2,early,3,0.9464285714285714,0.0007386852502823896,0.963963963963964,pick_coke_can,0.036087800658151536
0.02173363568714752,pick_coke_can__003__step_008,3,early,3,0.963963963963964,0.00214797408288097,0.963963963963964,pick_coke_can,0.02854515223390308
0.040477476788965364,pick_coke_can__003__step_008,4,early,3,1.0,0.0027688660788963496,0.963963963963964,pick_coke_can,0.0606162431906796
0.07487764106974534,pick_coke_can__003__step_008,5,early,3,0.9818181818181818,0.0012781710306425387,0.9818181818181818,pick_coke_can,0.08915707742255563
0.02419709578872351,pick_coke_can__003__step_008,6,early,3,0.9818181818181818,0.010733720905624522,0.9464285714285714,pick_coke_can,0.11584779378085841
0.02811768572116827,pick_coke_can__003__step_008,7,early,3,0.9818181818181818,0.026740838399412697,0.9464285714285714,pick_coke_can,0.07740913756765622
0.02165278716344355,pick_coke_can__003__step_008,8,early,3,0.9292035398230089,0.02637390373717608,0.963963963963964,pick_coke_can,0.15126458544818888
0.045420213736214986,pick_coke_can__003__step_008,9,early,3,0.9292035398230089,0.036488757399238785,0.9292035398230089,pick_coke_can,0.12305347290862301
0.013613985138263934,pick_coke_can__003__step_008,10,early,3,0.9818181818181818,0.03929055194794035,0.963963963963964,pick_coke_can,0.2045211141892196
0.0059059524305975115,pick_coke_can__003__step_008,11,early,3,0.963963963963964,0.056738115575022674,0.847457627118644,pick_coke_can,0.21166991042946393
0.00407777462293504,pick_coke_can__003__step_008,12,early,3,0.9818181818181818,0.03248846312619329,0.8793103448275862,pick_coke_can,0.23320964611980344
0.008441229136284149,pick_coke_can__003__step_008,13,early,3,0.963963963963964,0.01884960815454352,0.9464285714285714,pick_coke_can,0.2406489419108766
0.0038447432263888563,pick_coke_can__003__step_008,14,early,3,0.9818181818181818,0.06213780155431116,0.963963963963964,pick_coke_can,0.420589693072543
0.02037928313761406,pick_coke_can__003__step_008,15,early,3,0.9292035398230089,0.01669046838776759,0.9464285714285714,pick_coke_can,0.23913178660870926
0.008801471206713563,pick_coke_can__003__step_008,16,early,3,0.9464285714285714,0.032008209513137355,0.963963963963964,pick_coke_can,0.20325103453780002
0.0066551789119599575,pick_coke_can__003__step_008,17,early,3,0.9464285714285714,0.03954151632557876,0.9464285714285714,pick_coke_can,0.19656723866893344
0.017598727358471986,pick_coke_can__003__step_008,18,early,3,0.9464285714285714,0.00771599966128033,0.9464285714285714,pick_coke_can,0.09653346160862952
0.018304122589236853,pick_coke_can__003__step_008,19,early,3,0.9464285714285714,0.030901668137790453,0.9818181818181818,pick_coke_can,0.18331996394505268
0.007806622721015349,pick_coke_can__003__step_008,20,early,3,0.963963963963964,0.01925686229056733,0.9292035398230089,pick_coke_can,0.11991354646632146
0.006433723766604728,pick_coke_can__003__step_008,21,early,3,0.9122807017543859,0.07391705029504154,0.8793103448275862,pick_coke_can,0.0919861226625791
0.009362951268800981,pick_coke_can__003__step_008,22,early,3,0.8956521739130435,0.02843974473922674,0.9292035398230089,pick_coke_can,0.19179510606265637
0.01609717700662439,pick_coke_can__003__step_008,23,early,3,0.963963963963964,0.008065625414437085,0.963963963963964,pick_coke_can,0.14317390392335483
0.00898852975360742,pick_coke_can__003__step_008,24,early,3,0.9292035398230089,0.02514263134117306,0.9122807017543859,pick_coke_can,0.17802577190538926
0.020946617396851507,pick_coke_can__003__step_008,25,early,3,0.9818181818181818,0.0056528201540284075,1.0,pick_coke_can,0.1377081237506559
0.009202202711473477,pick_coke_can__003__step_008,26,early,3,0.963963963963964,0.009978075187261942,0.9818181818181818,pick_coke_can,0.12658077780875487
0.010261673597953295,pick_coke_can__003__step_008,27,early,3,0.9818181818181818,0.0009662917918874039,1.0,pick_coke_can,0.10486514746996534
0.018655653825706067,pick_coke_can__003__step_008,28,early,3,0.9122807017543859,0.005928534051134776,1.0,pick_coke_can,0.11644276168349421
0.010589797938697056,pick_coke_can__003__step_008,29,early,3,0.8956521739130435,0.004226465638489867,0.963963963963964,pick_coke_can,0.23048094997835733
0.024092059101103302,pick_coke_can__003__step_008,30,early,3,0.9464285714285714,0.0030836437621031,0.9292035398230089,pick_coke_can,0.1422356315275124
0.02968995336450317,pick_coke_can__003__step_008,31,early,3,0.9464285714285714,-0.0002626186965309085,0.9292035398230089,pick_coke_can,0.2667104601059691
0.015315114924766065,pick_coke_can__003__step_040,0,middle,3,1.0,,,pick_coke_can,0.8214501440525055
0.018959854499867878,pick_coke_can__003__step_040,1,middle,3,1.0,,,pick_coke_can,0.43911032215692103
0.050681368234591455,pick_coke_can__003__step_040,2,middle,3,0.963963963963964,,,pick_coke_can,0.03287910522385573
0.021818746422568258,pick_coke_can__003__step_040,3,middle,3,0.963963963963964,,,pick_coke_can,0.026781545754374747
0.041732457359161215,pick_coke_can__003__step_040,4,middle,3,0.9818181818181818,,,pick_coke_can,0.06089518552505524
0.09045462533216324,pick_coke_can__003__step_040,5,middle,3,0.963963963963964,,,pick_coke_can,0.07518124745843124
0.02144191570707913,pick_coke_can__003__step_040,6,middle,3,0.9818181818181818,,,pick_coke_can,0.078831415226432
0.03769549498253174,pick_coke_can__003__step_040,7,middle,3,0.963963963963964,,,pick_coke_can,0.07696144319800169
0.033489715597436215,pick_coke_can__003__step_040,8,middle,3,0.9818181818181818,,,pick_coke_can,0.16223863250979775
0.036135238345429685,pick_coke_can__003__step_040,9,middle,3,0.9464285714285714,,,pick_coke_can,0.11643049773601888
0.01163693466410748,pick_coke_can__003__step_040,10,middle,3,0.9818181818181818,,,pick_coke_can,0.15304383706597946
0.0019040736421309396,pick_coke_can__003__step_040,11,middle,3,0.9818181818181818,,,pick_coke_can,0.17950558587517662
0.00118147302721818,pick_coke_can__003__step_040,12,middle,3,0.9464285714285714,,,pick_coke_can,0.19067045015071926
0.0027399718335086964,pick_coke_can__003__step_040,13,middle,3,0.963963963963964,,,pick_coke_can,0.10779864702317354
0.00650930689563612,pick_coke_can__003__step_040,14,middle,3,0.9292035398230089,,,pick_coke_can,0.2083030200740268
0.01436410925752888,pick_coke_can__003__step_040,15,middle,3,0.9464285714285714,,,pick_coke_can,0.23345673971221004
0.004425141915036939,pick_coke_can__003__step_040,16,middle,3,0.9818181818181818,,,pick_coke_can,0.17378966008868701
0.003866261091737569,pick_coke_can__003__step_040,17,middle,3,0.963963963963964,,,pick_coke_can,0.1576242292908887
0.006421372571877898,pick_coke_can__003__step_040,18,middle,3,0.9464285714285714,,,pick_coke_can,0.06027928315265285
0.00923886591543812,pick_coke_can__003__step_040,19,middle,3,0.963963963963964,,,pick_coke_can,0.14289501218615897
0.002586364660855808,pick_coke_can__003__step_040,20,middle,3,0.9292035398230089,,,pick_coke_can,0.11477448214574792
0.0024224872514876394,pick_coke_can__003__step_040,21,middle,3,0.9818181818181818,,,pick_coke_can,0.09537033132619399
0.006470510639258528,pick_coke_can__003__step_040,22,middle,3,0.963963963963964,,,pick_coke_can,0.1277271139821039
0.00406355450231645,pick_coke_can__003__step_040,23,middle,3,0.963963963963964,,,pick_coke_can,0.10926848145780355
0.004531943611833871,pick_coke_can__003__step_040,24,middle,3,0.8956521739130435,,,pick_coke_can,0.09970537171761862
0.001889745416042178,pick_coke_can__003__step_040,25,middle,3,0.963963963963964,,,pick_coke_can,0.09572994734433316
0.005369613923383618,pick_coke_can__003__step_040,26,middle,3,0.9464285714285714,,,pick_coke_can,0.12425388400118464
0.005378854772682797,pick_coke_can__003__step_040,27,middle,3,0.9292035398230089,,,pick_coke_can,0.0763016397212013
0.009106872596058156,pick_coke_can__003__step_040,28,middle,3,0.9464285714285714,,,pick_coke_can,0.08404483843530386
0.008731113737329628,pick_coke_can__003__step_040,29,middle,3,0.9464285714285714,,,pick_coke_can,0.16599004454178612
0.01631290635308785,pick_coke_can__003__step_040,30,middle,3,0.9292035398230089,,,pick_coke_can,0.16032509490804614
0.021376300770607762,pick_coke_can__003__step_040,31,middle,3,0.9818181818181818,,,pick_coke_can,0.25410470899487336
0.014890802329831952,pick_coke_can__003__step_071,0,late,3,0.9818181818181818,,,pick_coke_can,0.8203943148255348
0.018077563736723607,pick_coke_can__003__step_071,1,late,3,1.0,,,pick_coke_can,0.43413069448433816
0.044070811364975586,pick_coke_can__003__step_071,2,late,3,0.9818181818181818,,,pick_coke_can,0.03289289344388635
0.018515083112142318,pick_coke_can__003__step_071,3,late,3,0.963963963963964,,,pick_coke_can,0.02662145602334931
0.04018650082332344,pick_coke_can__003__step_071,4,late,3,1.0,,,pick_coke_can,0.06110889717797363
0.08533584266279451,pick_coke_can__003__step_071,5,late,3,0.9818181818181818,,,pick_coke_can,0.07845388308965084
0.01991562695921988,pick_coke_can__003__step_071,6,late,3,0.9818181818181818,,,pick_coke_can,0.08145987629268348
0.03329688339874699,pick_coke_can__003__step_071,7,late,3,0.9464285714285714,,,pick_coke_can,0.07747939940753668
0.02907457628231557,pick_coke_can__003__step_071,8,late,3,0.9464285714285714,,,pick_coke_can,0.1700424861380725
0.03299891762501225,pick_coke_can__003__step_071,9,late,3,0.963963963963964,,,pick_coke_can,0.12722314069969798
0.011506186977579339,pick_coke_can__003__step_071,10,late,3,1.0,,,pick_coke_can,0.1503205724268355
0.001674206158073712,pick_coke_can__003__step_071,11,late,3,0.9292035398230089,,,pick_coke_can,0.18493446439106265
0.0011037878180804915,pick_coke_can__003__step_071,12,late,3,0.9464285714285714,,,pick_coke_can,0.18521145778640857
0.0023204822061887774,pick_coke_can__003__step_071,13,late,3,0.9292035398230089,,,pick_coke_can,0.10975834124906214
0.005319442638368835,pick_coke_can__003__step_071,14,late,3,0.9122807017543859,,,pick_coke_can,0.21626908589269078
0.015634576967775305,pick_coke_can__003__step_071,15,late,3,0.9818181818181818,,,pick_coke_can,0.22729510051135549
0.00428296429359934,pick_coke_can__003__step_071,16,late,3,0.9818181818181818,,,pick_coke_can,0.17681541048858662
0.0032732402424145704,pick_coke_can__003__step_071,17,late,3,0.9292035398230089,,,pick_coke_can,0.17925433527699397
0.0060302010213582405,pick_coke_can__003__step_071,18,late,3,0.9464285714285714,,,pick_coke_can,0.07519304792697312
0.013363169820072669,pick_coke_can__003__step_071,19,late,3,0.9464285714285714,,,pick_coke_can,0.14955002876229173
0.002136894095643954,pick_coke_can__003__step_071,20,late,3,0.9464285714285714,,,pick_coke_can,0.11804913018920615
0.0018845181225181254,pick_coke_can__003__step_071,21,late,3,0.963963963963964,,,pick_coke_can,0.10128633627261507
0.004001538221241495,pick_coke_can__003__step_071,22,late,3,0.9464285714285714,,,pick_coke_can,0.13893990756372432
0.003763628188556756,pick_coke_can__003__step_071,23,late,3,0.9464285714285714,,,pick_coke_can,0.08949001628990061
0.0027198787879142566,pick_coke_can__003__step_071,24,late,3,0.9464285714285714,,,pick_coke_can,0.11865444239213119
0.0014197102119233838,pick_coke_can__003__step_071,25,late,3,0.9292035398230089,,,pick_coke_can,0.11971581402709397
0.0038055664225898817,pick_coke_can__003__step_071,26,late,3,0.9292035398230089,,,pick_coke_can,0.14368803657145435
0.0051779605588153635,pick_coke_can__003__step_071,27,late,3,0.9122807017543859,,,pick_coke_can,0.06115308955410015
0.007240211951560326,pick_coke_can__003__step_071,28,late,3,0.9464285714285714,,,pick_coke_can,0.09330785405619224
0.006245118139190835,pick_coke_can__003__step_071,29,late,3,0.9292035398230089,,,pick_coke_can,0.19471217415656383
0.017071238124461412,pick_coke_can__003__step_071,30,late,3,0.9464285714285714,,,pick_coke_can,0.14698394766764977
0.01994020335126396,pick_coke_can__003__step_071,31,late,3,0.963963963963964,,,pick_coke_can,0.2898018742541808
0.019292692947187322,pick_coke_can__030__step_008,0,early,30,1.0,-3.2520899211196247e-06,1.0,pick_coke_can,0.81097112596035
0.02532153920929057,pick_coke_can__030__step_008,1,early,30,0.9818181818181818,-9.708092947810932e-05,1.0,pick_coke_can,0.4111364521086216
0.060549107743892376,pick_coke_can__030__step_008,2,early,30,0.9818181818181818,-0.00015101701015146326,0.9818181818181818,pick_coke_can,0.03247877587335779
0.030433074001618144,pick_coke_can__030__step_008,3,early,30,0.9464285714285714,0.0002838234298390453,0.9292035398230089,pick_coke_can,0.02822389334789932
0.05299189357134076,pick_coke_can__030__step_008,4,early,30,0.963963963963964,0.0001660630099484077,0.9464285714285714,pick_coke_can,0.06836865490868149
0.0770691201138328,pick_coke_can__030__step_008,5,early,30,0.9818181818181818,-0.00021570545431931097,1.0,pick_coke_can,0.09488581447203615
0.032527734074252725,pick_coke_can__030__step_008,6,early,30,0.963963963963964,0.008179339502452023,0.9464285714285714,pick_coke_can,0.13775793492413868
0.06168294198926423,pick_coke_can__030__step_008,7,early,30,0.9464285714285714,0.05357358220830088,0.963963963963964,pick_coke_can,0.06383697187129656
0.07431618190162687,pick_coke_can__030__step_008,8,early,30,0.9464285714285714,0.03677544339243531,0.9464285714285714,pick_coke_can,0.1542519052766238
0.06446161122775489,pick_coke_can__030__step_008,9,early,30,0.9292035398230089,0.014313467336201272,0.9122807017543859,pick_coke_can,0.14081038235076448
0.03399138389094273,pick_coke_can__030__step_008,10,early,30,0.9818181818181818,0.02068901509243532,0.9464285714285714,pick_coke_can,0.16085989955718105
0.0161492584185889,pick_coke_can__030__step_008,11,early,30,0.963963963963964,0.060677226686841314,0.9292035398230089,pick_coke_can,0.2047084801422443
0.009522405555347134,pick_coke_can__030__step_008,12,early,30,0.9464285714285714,0.026111185434967155,0.9464285714285714,pick_coke_can,0.1961821517502358
0.017224356598564375,pick_coke_can__030__step_008,13,early,30,0.9464285714285714,0.011031637201901163,0.9122807017543859,pick_coke_can,0.15240535214570627
0.007961915761453603,pick_coke_can__030__step_008,14,early,30,0.963963963963964,0.042479348595244354,0.8956521739130435,pick_coke_can,0.4057000758830327
0.03966288289334437,pick_coke_can__030__step_008,15,early,30,0.9464285714285714,0.011552352644516099,0.9464285714285714,pick_coke_can,0.20746616472831647
0.017456802945836732,pick_coke_can__030__step_008,16,early,30,0.9818181818181818,0.017826233686768708,0.8793103448275862,pick_coke_can,0.2308246414270343
0.013959619331636265,pick_coke_can__030__step_008,17,early,30,0.9818181818181818,0.028260393339201495,0.8632478632478633,pick_coke_can,0.1885946940441272
0.017120538592185982,pick_coke_can__030__step_008,18,early,30,0.9292035398230089,0.013938653324500989,0.8956521739130435,pick_coke_can,0.08143747594047568
0.04569177896273473,pick_coke_can__030__step_008,19,early,30,0.9292035398230089,0.004352305784587424,0.9464285714285714,pick_coke_can,0.14190528578851058
0.04436719139133574,pick_coke_can__030__step_008,20,early,30,0.9464285714285714,0.008013138367079758,0.9122807017543859,pick_coke_can,0.13111540772620245
0.00949575845822008,pick_coke_can__030__step_008,21,early,30,0.9122807017543859,0.04627934302865354,0.8632478632478633,pick_coke_can,0.056400652352031955
0.013609087331107954,pick_coke_can__030__step_008,22,early,30,0.9464285714285714,0.005733386493537574,0.9464285714285714,pick_coke_can,0.14986848923356888
0.08056455011013341,pick_coke_can__030__step_008,23,early,30,0.9464285714285714,0.0071007731107861,0.9818181818181818,pick_coke_can,0.06789913275156323
0.0398787793902906,pick_coke_can__030__step_008,24,early,30,0.9464285714285714,0.021385033484194738,0.8956521739130435,pick_coke_can,0.11178563690513954
0.013131866998088156,pick_coke_can__030__step_008,25,early,30,0.9818181818181818,0.007484839707097451,1.0,pick_coke_can,0.11017934400844354
0.014248054029465022,pick_coke_can__030__step_008,26,early,30,0.9464285714285714,0.007437927793323162,0.9464285714285714,pick_coke_can,0.11069293214779208
0.015292667139961242,pick_coke_can__030__step_008,27,early,30,0.963963963963964,0.0031904038948694794,0.9464285714285714,pick_coke_can,0.09873955495575615
0.01767623710888934,pick_coke_can__030__step_008,28,early,30,0.9464285714285714,-0.0016054054647583558,0.9464285714285714,pick_coke_can,0.12771195199201202
0.014029233357912875,pick_coke_can__030__step_008,29,early,30,0.9464285714285714,0.0017986295975558654,0.963963963963964,pick_coke_can,0.20041575584747306
0.03907274428434204,pick_coke_can__030__step_008,30,early,30,0.9818181818181818,0.0014213345824685818,0.9464285714285714,pick_coke_can,0.1140122641215271
0.03159399639274379,pick_coke_can__030__step_008,31,early,30,0.963963963963964,-4.390147288108742e-05,0.9292035398230089,pick_coke_can,0.21703011652471105
0.016569187584319144,pick_coke_can__030__step_040,0,middle,30,0.9818181818181818,,,pick_coke_can,0.8216365352272987
0.023363689609320996,pick_coke_can__030__step_040,1,middle,30,0.963963963963964,,,pick_coke_can,0.4563162752892822
0.08350405344869022,pick_coke_can__030__step_040,2,middle,30,0.9464285714285714,,,pick_coke_can,0.03917526297061613
0.033762202494607214,pick_coke_can__030__step_040,3,middle,30,0.9818181818181818,,,pick_coke_can,0.01848666046785752
0.07042293869889209,pick_coke_can__030__step_040,4,middle,30,1.0,,,pick_coke_can,0.05305858420285858
0.1380888794476805,pick_coke_can__030__step_040,5,middle,30,1.0,,,pick_coke_can,0.06367357260512563
0.021575016829167928,pick_coke_can__030__step_040,6,middle,30,0.9818181818181818,,,pick_coke_can,0.08032441244540678
0.035983264578618585,pick_coke_can__030__step_040,7,middle,30,0.9292035398230089,,,pick_coke_can,0.09993084166865174
0.026204939576661163,pick_coke_can__030__step_040,8,middle,30,0.963963963963964,,,pick_coke_can,0.12260266423504618
0.06827766538139603,pick_coke_can__030__step_040,9,middle,30,0.9818181818181818,,,pick_coke_can,0.10834084295925095
0.023593765613408188,pick_coke_can__030__step_040,10,middle,30,0.963963963963964,,,pick_coke_can,0.12950917680836938
0.003513798923826068,pick_coke_can__030__step_040,11,middle,30,0.9292035398230089,,,pick_coke_can,0.17478274463314847
0.005618484356872217,pick_coke_can__030__step_040,12,middle,30,0.963963963963964,,,pick_coke_can,0.19591154823365287
0.005974812983324289,pick_coke_can__030__step_040,13,middle,30,0.9818181818181818,,,pick_coke_can,0.17788492341992423
0.003852841399477262,pick_coke_can__030__step_040,14,middle,30,0.963963963963964,,,pick_coke_can,0.4612660029733888
0.017976778945739093,pick_coke_can__030__step_040,15,middle,30,0.9818181818181818,,,pick_coke_can,0.23127921582454292
0.012050231455462754,pick_coke_can__030__step_040,16,middle,30,0.963963963963964,,,pick_coke_can,0.24626058294438735
0.006720812664360862,pick_coke_can__030__step_040,17,middle,30,0.963963963963964,,,pick_coke_can,0.20736755291056852
0.011956760382582666,pick_coke_can__030__step_040,18,middle,30,0.9292035398230089,,,pick_coke_can,0.0886577333046148
0.04864546034407347,pick_coke_can__030__step_040,19,middle,30,0.9292035398230089,,,pick_coke_can,0.1184993862677004
0.008304654969368032,pick_coke_can__030__step_040,20,middle,30,0.963963963963964,,,pick_coke_can,0.09971322445210973
0.005197331044428757,pick_coke_can__030__step_040,21,middle,30,0.9292035398230089,,,pick_coke_can,0.08573541009458552
0.019797382375621387,pick_coke_can__030__step_040,22,middle,30,0.9122807017543859,,,pick_coke_can,0.1336182743827692
0.02082760893477787,pick_coke_can__030__step_040,23,middle,30,0.9818181818181818,,,pick_coke_can,0.06204116782070912
0.013888703186216005,pick_coke_can__030__step_040,24,middle,30,0.9464285714285714,,,pick_coke_can,0.07847620902549579
0.0048130672481843705,pick_coke_can__030__step_040,25,middle,30,0.963963963963964,,,pick_coke_can,0.10714377883365955
0.007788903919765745,pick_coke_can__030__step_040,26,middle,30,0.9292035398230089,,,pick_coke_can,0.13509477728212005
0.009681221050260867,pick_coke_can__030__step_040,27,middle,30,0.963963963963964,,,pick_coke_can,0.11612183963904954
0.013020342778080974,pick_coke_can__030__step_040,28,middle,30,0.9464285714285714,,,pick_coke_can,0.1407154491729159
0.011671514800010056,pick_coke_can__030__step_040,29,middle,30,0.9818181818181818,,,pick_coke_can,0.17510303271751582
0.027908560366474457,pick_coke_can__030__step_040,30,middle,30,0.9464285714285714,,,pick_coke_can,0.13425050427827045
0.030477385385799725,pick_coke_can__030__step_040,31,middle,30,0.9292035398230089,,,pick_coke_can,0.233013596605133
0.016273000779057325,pick_coke_can__030__step_071,0,late,30,1.0,,,pick_coke_can,0.8238502107560635
0.019574474351054166,pick_coke_can__030__step_071,1,late,30,0.963963963963964,,,pick_coke_can,0.47522033081622794
0.07975198271298438,pick_coke_can__030__step_071,2,late,30,0.9464285714285714,,,pick_coke_can,0.030434896143447077
0.04694009635293435,pick_coke_can__030__step_071,3,late,30,0.9818181818181818,,,pick_coke_can,0.018962202706575226
0.05487351120091654,pick_coke_can__030__step_071,4,late,30,0.963963963963964,,,pick_coke_can,0.06233132645502337
0.1466491041362069,pick_coke_can__030__step_071,5,late,30,0.9818181818181818,,,pick_coke_can,0.06486391741441366
0.019735229329841182,pick_coke_can__030__step_071,6,late,30,0.963963963963964,,,pick_coke_can,0.08970019178150324
0.0318951482467295,pick_coke_can__030__step_071,7,late,30,0.963963963963964,,,pick_coke_can,0.09582646430646946
0.016018007866165262,pick_coke_can__030__step_071,8,late,30,0.963963963963964,,,pick_coke_can,0.15759389800450663
0.03368459205259366,pick_coke_can__030__step_071,9,late,30,0.963963963963964,,,pick_coke_can,0.13629951929829076
0.016450256937627857,pick_coke_can__030__step_071,10,late,30,0.9464285714285714,,,pick_coke_can,0.16677652307544122
0.006461255501439535,pick_coke_can__030__step_071,11,late,30,0.9464285714285714,,,pick_coke_can,0.20061745860880364
0.004572474540673103,pick_coke_can__030__step_071,12,late,30,0.9464285714285714,,,pick_coke_can,0.21975129521752024
0.007743032142034822,pick_coke_can__030__step_071,13,late,30,0.9292035398230089,,,pick_coke_can,0.09273735427024121
0.008330052971990224,pick_coke_can__030__step_071,14,late,30,0.963963963963964,,,pick_coke_can,0.2857240012990587
0.02320893260503024,pick_coke_can__030__step_071,15,late,30,0.9464285714285714,,,pick_coke_can,0.260546670698659
0.011748880258520063,pick_coke_can__030__step_071,16,late,30,0.9464285714285714,,,pick_coke_can,0.19904210978145898
0.00798394434871507,pick_coke_can__030__step_071,17,late,30,0.9464285714285714,,,pick_coke_can,0.1886869261147126
0.0165771624116486,pick_coke_can__030__step_071,18,late,30,0.9292035398230089,,,pick_coke_can,0.13370533979377797
0.017753969194899587,pick_coke_can__030__step_071,19,late,30,0.9292035398230089,,,pick_coke_can,0.10529275732903898
0.00643545084793068,pick_coke_can__030__step_071,20,late,30,0.9818181818181818,,,pick_coke_can,0.14518849249647303
0.011285458564815944,pick_coke_can__030__step_071,21,late,30,0.9292035398230089,,,pick_coke_can,0.09646973266828951
0.01311973765734353,pick_coke_can__030__step_071,22,late,30,1.0,,,pick_coke_can,0.1389092988993923
0.00948016198408767,pick_coke_can__030__step_071,23,late,30,0.963963963963964,,,pick_coke_can,0.06976680897113852
0.005989184968288084,pick_coke_can__030__step_071,24,late,30,0.9292035398230089,,,pick_coke_can,0.08968505352426348
0.009646996275355726,pick_coke_can__030__step_071,25,late,30,0.9818181818181818,,,pick_coke_can,0.10112233997806541
0.018661581240177475,pick_coke_can__030__step_071,26,late,30,0.9464285714285714,,,pick_coke_can,0.13264645332045433
0.017584457381471515,pick_coke_can__030__step_071,27,late,30,0.9464285714285714,,,pick_coke_can,0.06791160383462369
0.017254050839531593,pick_coke_can__030__step_071,28,late,30,0.9464285714285714,,,pick_coke_can,0.14977764729540866
0.018349054194627703,pick_coke_can__030__step_071,29,late,30,0.9464285714285714,,,pick_coke_can,0.18384149306524478
0.0355636732066195,pick_coke_can__030__step_071,30,late,30,0.9122807017543859,,,pick_coke_can,0.1468783622667047
0.04284639853831707,pick_coke_can__030__step_071,31,late,30,0.9292035398230089,,,pick_coke_can,0.2771810482558976
0.014882075179836564,pick_coke_can__059__step_008,0,early,59,0.9818181818181818,-2.329797873807521e-06,1.0,pick_coke_can,0.8039146866649389
0.021080962025615737,pick_coke_can__059__step_008,1,early,59,0.9818181818181818,-2.7355301966306735e-05,1.0,pick_coke_can,0.41379936854355037
0.04844658858280491,pick_coke_can__059__step_008,2,early,59,0.9818181818181818,8.296533163373691e-05,1.0,pick_coke_can,0.03700273230890616
0.01740157518455499,pick_coke_can__059__step_008,3,early,59,0.9818181818181818,0.0007786104031002215,0.9818181818181818,pick_coke_can,0.033435796551998465
0.04508229791409889,pick_coke_can__059__step_008,4,early,59,0.9818181818181818,0.0012640687811761907,0.963963963963964,pick_coke_can,0.06308094586347579
0.06432752786882528,pick_coke_can__059__step_008,5,early,59,0.9818181818181818,4.9771685998630834e-05,0.9818181818181818,pick_coke_can,0.08813202093324435
0.02064779091014637,pick_coke_can__059__step_008,6,early,59,0.963963963963964,0.01169189175349644,0.9464285714285714,pick_coke_can,0.15397668405967124
0.051707185349596826,pick_coke_can__059__step_008,7,early,59,0.963963963963964,0.05020525092993233,0.9122807017543859,pick_coke_can,0.06507234439106924
0.05604127265071524,pick_coke_can__059__step_008,8,early,59,0.963963963963964,0.027067654412597248,0.9464285714285714,pick_coke_can,0.18491194163198088
0.03186351525802928,pick_coke_can__059__step_008,9,early,59,0.9818181818181818,0.009780874275004776,0.9464285714285714,pick_coke_can,0.120861153437545
0.011763179511322488,pick_coke_can__059__step_008,10,early,59,0.963963963963964,0.018378930818770005,0.9122807017543859,pick_coke_can,0.13857982104514122
0.0015268286794308029,pick_coke_can__059__step_008,11,early,59,0.9292035398230089,0.07344285945547388,0.8793103448275862,pick_coke_can,0.19903974381179523
0.0022477148803042852,pick_coke_can__059__step_008,12,early,59,0.963963963963964,0.03040653093286968,0.8793103448275862,pick_coke_can,0.18378697360469687
0.002248003946603025,pick_coke_can__059__step_008,13,early,59,0.9818181818181818,0.0179197308232801,0.8632478632478633,pick_coke_can,0.14363193246330752
0.0018894502246401379,pick_coke_can__059__step_008,14,early,59,0.9464285714285714,0.05954451086976973,0.8319327731092437,pick_coke_can,0.445698797708701
0.011853310317762893,pick_coke_can__059__step_008,15,early,59,0.9818181818181818,0.012135675071980585,0.8793103448275862,pick_coke_can,0.2673522379013775
0.004038503295321922,pick_coke_can__059__step_008,16,early,59,0.9292035398230089,0.022685512930055496,0.8632478632478633,pick_coke_can,0.1946062284716561
0.0037903090800834186,pick_coke_can__059__step_008,17,early,59,0.963963963963964,0.035294355992959686,0.8793103448275862,pick_coke_can,0.16016752917380472
0.007600666551287078,pick_coke_can__059__step_008,18,early,59,0.963963963963964,0.013100463239414648,0.963963963963964,pick_coke_can,0.10886426378101532
0.026769830993179776,pick_coke_can__059__step_008,19,early,59,0.963963963963964,0.001834553243712938,0.9818181818181818,pick_coke_can,0.1354836821433878
0.010524289863691569,pick_coke_can__059__step_008,20,early,59,0.9818181818181818,0.005624663092337412,0.963963963963964,pick_coke_can,0.15421819263246306
0.004169921943039762,pick_coke_can__059__step_008,21,early,59,0.8956521739130435,0.03636910096367792,0.8793103448275862,pick_coke_can,0.07860007949565784
0.008524012419060485,pick_coke_can__059__step_008,22,early,59,0.9292035398230089,0.0075026605135862555,0.8956521739130435,pick_coke_can,0.1648436467294232
0.006871055181496211,pick_coke_can__059__step_008,23,early,59,0.9464285714285714,0.004093384930826275,0.9464285714285714,pick_coke_can,0.10214728512400484
0.0037785283953038523,pick_coke_can__059__step_008,24,early,59,0.9122807017543859,0.03783793275220941,0.9292035398230089,pick_coke_can,0.13753260724705996
0.0034747047385449495,pick_coke_can__059__step_008,25,early,59,0.9464285714285714,0.00909363197304186,0.9464285714285714,pick_coke_can,0.13278500010320826
0.007583211642100407,pick_coke_can__059__step_008,26,early,59,0.9464285714285714,0.009631090947786356,0.963963963963964,pick_coke_can,0.16343176456524233
0.008220108544363131,pick_coke_can__059__step_008,27,early,59,0.963963963963964,0.0011185029186207025,0.8632478632478633,pick_coke_can,0.15275041485875818
0.011280462995203484,pick_coke_can__059__step_008,28,early,59,0.9292035398230089,0.002481483815086113,0.9122807017543859,pick_coke_can,0.11861848842835343
0.011372334671945608,pick_coke_can__059__step_008,29,early,59,0.9464285714285714,0.013306368754926096,0.9292035398230089,pick_coke_can,0.21398632165281128
0.028592271742334543,pick_coke_can__059__step_008,30,early,59,0.9464285714285714,0.0012739657480865703,0.9464285714285714,pick_coke_can,0.1325554459818079
0.02397078423405605,pick_coke_can__059__step_008,31,early,59,0.9818181818181818,0.001306225261795883,0.9464285714285714,pick_coke_can,0.28830613911350156
0.01527977484923042,pick_coke_can__059__step_040,0,middle,59,1.0,,,pick_coke_can,0.8316004201769829
0.01965263717331086,pick_coke_can__059__step_040,1,middle,59,0.9818181818181818,,,pick_coke_can,0.4698743955232203
0.06112203710502235,pick_coke_can__059__step_040,2,middle,59,0.963963963963964,,,pick_coke_can,0.029735767928627865
0.03355845141607146,pick_coke_can__059__step_040,3,middle,59,1.0,,,pick_coke_can,0.01983770012674313
0.06241122709790588,pick_coke_can__059__step_040,4,middle,59,0.9818181818181818,,,pick_coke_can,0.055754656870931285
0.1089880085208438,pick_coke_can__059__step_040,5,middle,59,0.9464285714285714,,,pick_coke_can,0.08086440480337842
0.020488598744523627,pick_coke_can__059__step_040,6,middle,59,0.963963963963964,,,pick_coke_can,0.1066414604572401
0.03425069084321138,pick_coke_can__059__step_040,7,middle,59,0.9818181818181818,,,pick_coke_can,0.0711935769709271
0.019992834876741382,pick_coke_can__059__step_040,8,middle,59,0.9292035398230089,,,pick_coke_can,0.14120028359161552
0.04527789226255947,pick_coke_can__059__step_040,9,middle,59,0.9464285714285714,,,pick_coke_can,0.13650272501035943
0.020752979090558454,pick_coke_can__059__step_040,10,middle,59,0.9464285714285714,,,pick_coke_can,0.12007259997267283
0.0029471574615790638,pick_coke_can__059__step_040,11,middle,59,0.8956521739130435,,,pick_coke_can,0.22397452389691352
0.002715734340820103,pick_coke_can__059__step_040,12,middle,59,0.963963963963964,,,pick_coke_can,0.20255703992143026
0.004156278913356789,pick_coke_can__059__step_040,13,middle,59,0.9292035398230089,,,pick_coke_can,0.1594348348235144
0.0031560054856379994,pick_coke_can__059__step_040,14,middle,59,0.963963963963964,,,pick_coke_can,0.46535420336840616
0.011761955532066642,pick_coke_can__059__step_040,15,middle,59,0.963963963963964,,,pick_coke_can,0.287483131990939
0.007447854211978161,pick_coke_can__059__step_040,16,middle,59,0.9464285714285714,,,pick_coke_can,0.1870576625975673
0.005922034188834351,pick_coke_can__059__step_040,17,middle,59,0.9464285714285714,,,pick_coke_can,0.184443545322722
0.009163772574035804,pick_coke_can__059__step_040,18,middle,59,0.9464285714285714,,,pick_coke_can,0.10721445185225775
0.01984406853482915,pick_coke_can__059__step_040,19,middle,59,0.9818181818181818,,,pick_coke_can,0.11315823006111714
0.005431948133885883,pick_coke_can__059__step_040,20,middle,59,0.9818181818181818,,,pick_coke_can,0.16600672567331287
0.002987779420418316,pick_coke_can__059__step_040,21,middle,59,0.963963963963964,,,pick_coke_can,0.13288021485224988
0.009519836374621365,pick_coke_can__059__step_040,22,middle,59,0.9292035398230089,,,pick_coke_can,0.15960482135230336
0.021097081122394855,pick_coke_can__059__step_040,23,middle,59,0.963963963963964,,,pick_coke_can,0.10306158761440543
0.0465304480198505,pick_coke_can__059__step_040,24,middle,59,0.9818181818181818,,,pick_coke_can,0.1261536066234612
0.00232767767424096,pick_coke_can__059__step_040,25,middle,59,0.9818181818181818,,,pick_coke_can,0.1489519262801906
0.008971621612579942,pick_coke_can__059__step_040,26,middle,59,0.963963963963964,,,pick_coke_can,0.15297473416430307
0.005986587384249348,pick_coke_can__059__step_040,27,middle,59,0.9818181818181818,,,pick_coke_can,0.14964484443396486
0.009477683011281306,pick_coke_can__059__step_040,28,middle,59,0.9292035398230089,,,pick_coke_can,0.1434010138705304
0.0082632898820848,pick_coke_can__059__step_040,29,middle,59,0.9818181818181818,,,pick_coke_can,0.2551358807303643
0.019252867944739984,pick_coke_can__059__step_040,30,middle,59,0.9818181818181818,,,pick_coke_can,0.17599754314773008
0.021083421989012086,pick_coke_can__059__step_040,31,middle,59,0.9464285714285714,,,pick_coke_can,0.29384224090790667
0.01614390794078012,pick_coke_can__059__step_071,0,late,59,0.9818181818181818,,,pick_coke_can,0.8261625990271568
0.021915460556218472,pick_coke_can__059__step_071,1,late,59,1.0,,,pick_coke_can,0.4802930804435164
0.08242075481367774,pick_coke_can__059__step_071,2,late,59,0.9464285714285714,,,pick_coke_can,0.031227098761917205
0.0336599233487002,pick_coke_can__059__step_071,3,late,59,0.9464285714285714,,,pick_coke_can,0.019333690880330323
0.05042201531461797,pick_coke_can__059__step_071,4,late,59,0.9818181818181818,,,pick_coke_can,0.0646196292636887
0.1885429709986051,pick_coke_can__059__step_071,5,late,59,0.9464285714285714,,,pick_coke_can,0.0473925491510272
0.021069232989793178,pick_coke_can__059__step_071,6,late,59,0.963963963963964,,,pick_coke_can,0.079417143947353
0.027518724678584353,pick_coke_can__059__step_071,7,late,59,0.963963963963964,,,pick_coke_can,0.08769171417384314
0.019044044149519497,pick_coke_can__059__step_071,8,late,59,0.9464285714285714,,,pick_coke_can,0.17051157470791622
0.02790039461827201,pick_coke_can__059__step_071,9,late,59,0.9818181818181818,,,pick_coke_can,0.13752937978165392
0.015963186526625178,pick_coke_can__059__step_071,10,late,59,0.9292035398230089,,,pick_coke_can,0.15123665143619291
0.004208088296904061,pick_coke_can__059__step_071,11,late,59,0.9464285714285714,,,pick_coke_can,0.22025230726546852
0.00457250454915873,pick_coke_can__059__step_071,12,late,59,0.9122807017543859,,,pick_coke_can,0.22912846927624742
0.006847746478867833,pick_coke_can__059__step_071,13,late,59,0.9292035398230089,,,pick_coke_can,0.11340288219855665
0.0074061162445435555,pick_coke_can__059__step_071,14,late,59,0.9292035398230089,,,pick_coke_can,0.29134425290430954
0.0191052218698521,pick_coke_can__059__step_071,15,late,59,0.9292035398230089,,,pick_coke_can,0.23317103801889516
0.011036815044438746,pick_coke_can__059__step_071,16,late,59,0.9464285714285714,,,pick_coke_can,0.18949549933842036
0.008351344033937932,pick_coke_can__059__step_071,17,late,59,0.9464285714285714,,,pick_coke_can,0.19001057622455164
0.01572032545653674,pick_coke_can__059__step_071,18,late,59,0.963963963963964,,,pick_coke_can,0.12474366014015459
0.009864860884075576,pick_coke_can__059__step_071,19,late,59,0.9464285714285714,,,pick_coke_can,0.09023223797177593
0.0050028279370032906,pick_coke_can__059__step_071,20,late,59,0.9464285714285714,,,pick_coke_can,0.19168595998550586
0.009144229337349829,pick_coke_can__059__step_071,21,late,59,0.9818181818181818,,,pick_coke_can,0.08795545802777838
0.008788918954633233,pick_coke_can__059__step_071,22,late,59,0.9818181818181818,,,pick_coke_can,0.1539960470247479
0.011163489741024999,pick_coke_can__059__step_071,23,late,59,0.8956521739130435,,,pick_coke_can,0.07843605582193192
0.004016971519157372,pick_coke_can__059__step_071,24,late,59,0.8956521739130435,,,pick_coke_can,0.12403386068145039
0.0056285067563767634,pick_coke_can__059__step_071,25,late,59,0.963963963963964,,,pick_coke_can,0.12075015583814164
0.019815687817550623,pick_coke_can__059__step_071,26,late,59,0.9292035398230089,,,pick_coke_can,0.15525179922178722
0.014361509283211926,pick_coke_can__059__step_071,27,late,59,0.963963963963964,,,pick_coke_can,0.0977861933786528
0.018814635145553593,pick_coke_can__059__step_071,28,late,59,0.9464285714285714,,,pick_coke_can,0.12710832078813894
0.014671852278169738,pick_coke_can__059__step_071,29,late,59,0.9292035398230089,,,pick_coke_can,0.20696821899019824
0.027320377829407008,pick_coke_can__059__step_071,30,late,59,0.9818181818181818,,,pick_coke_can,0.15293906933845847
0.023561552012205108,pick_coke_can__059__step_071,31,late,59,0.9464285714285714,,,pick_coke_can,0.2461600485054305
0.01779906745827481,pick_coke_can__095__step_008,0,early,95,0.9818181818181818,,,pick_coke_can,0.826803270727396
0.023911232538202123,pick_coke_can__095__step_008,1,early,95,0.9818181818181818,,,pick_coke_can,0.43354480690322816
0.048866665334347054,pick_coke_can__095__step_008,2,early,95,0.9292035398230089,,,pick_coke_can,0.03299110531634142
0.022683502343701915,pick_coke_can__095__step_008,3,early,95,0.9818181818181818,,,pick_coke_can,0.028065585437133223
0.03950483926436396,pick_coke_can__095__step_008,4,early,95,0.9818181818181818,,,pick_coke_can,0.07004356869799722
0.08443278452251571,pick_coke_can__095__step_008,5,early,95,0.9818181818181818,,,pick_coke_can,0.075492483981634
0.022049505418264632,pick_coke_can__095__step_008,6,early,95,0.9464285714285714,,,pick_coke_can,0.13243193650055218
0.031493050002095846,pick_coke_can__095__step_008,7,early,95,0.963963963963964,,,pick_coke_can,0.07796443811844256
0.038619988417550134,pick_coke_can__095__step_008,8,early,95,0.9464285714285714,,,pick_coke_can,0.16543432495905108
0.045427256377670804,pick_coke_can__095__step_008,9,early,95,0.9464285714285714,,,pick_coke_can,0.1407465813069848
0.013660592072015145,pick_coke_can__095__step_008,10,early,95,0.9292035398230089,,,pick_coke_can,0.18407342114460334
0.0038351137340773495,pick_coke_can__095__step_008,11,early,95,0.9818181818181818,,,pick_coke_can,0.1915580343181773
0.0030352854304439344,pick_coke_can__095__step_008,12,early,95,0.9464285714285714,,,pick_coke_can,0.22909058434947838
0.0057552625928113926,pick_coke_can__095__step_008,13,early,95,0.9464285714285714,,,pick_coke_can,0.1836103788575656
0.00356203200914311,pick_coke_can__095__step_008,14,early,95,0.9464285714285714,,,pick_coke_can,0.44196589074363146
0.01934122000448363,pick_coke_can__095__step_008,15,early,95,0.9292035398230089,,,pick_coke_can,0.2179197803251327
0.005498442968250326,pick_coke_can__095__step_008,16,early,95,0.9818181818181818,,,pick_coke_can,0.17791200874103197
0.00448745122168305,pick_coke_can__095__step_008,17,early,95,0.9818181818181818,,,pick_coke_can,0.17142217057829612
0.005314541902853641,pick_coke_can__095__step_008,18,early,95,0.9818181818181818,,,pick_coke_can,0.10560641179509389
0.00838900103999834,pick_coke_can__095__step_008,19,early,95,0.9818181818181818,,,pick_coke_can,0.13793181684522438
0.0035545550395344717,pick_coke_can__095__step_008,20,early,95,0.9464285714285714,,,pick_coke_can,0.15637175977476048
0.0018983108473289902,pick_coke_can__095__step_008,21,early,95,0.9292035398230089,,,pick_coke_can,0.14682117974512465
0.005548701050937797,pick_coke_can__095__step_008,22,early,95,0.963963963963964,,,pick_coke_can,0.19325938261434317
0.005651140169837125,pick_coke_can__095__step_008,23,early,95,0.9464285714285714,,,pick_coke_can,0.1208258837537528
0.014667185888267802,pick_coke_can__095__step_008,24,early,95,0.9292035398230089,,,pick_coke_can,0.1572256084940591
0.002182093152224599,pick_coke_can__095__step_008,25,early,95,0.9818181818181818,,,pick_coke_can,0.15792575090347327
0.0038052514581946527,pick_coke_can__095__step_008,26,early,95,0.963963963963964,,,pick_coke_can,0.1367079601595549
0.006682850749399969,pick_coke_can__095__step_008,27,early,95,0.9464285714285714,,,pick_coke_can,0.10665911313925136
0.006165621567058294,pick_coke_can__095__step_008,28,early,95,0.963963963963964,,,pick_coke_can,0.12447943895423919
0.006093831376947533,pick_coke_can__095__step_008,29,early,95,0.963963963963964,,,pick_coke_can,0.24273942927857206
0.013224987110194517,pick_coke_can__095__step_008,30,early,95,0.963963963963964,,,pick_coke_can,0.15583445424186948
0.02012840812167334,pick_coke_can__095__step_008,31,early,95,0.9464285714285714,,,pick_coke_can,0.28484796022894443
0.017796706969498435,pick_coke_can__095__step_040,0,middle,95,0.9818181818181818,,,pick_coke_can,0.8255230188369751
0.0255544867863695,pick_coke_can__095__step_040,1,middle,95,1.0,,,pick_coke_can,0.4867656740825623
0.07207944440841968,pick_coke_can__095__step_040,2,middle,95,1.0,,,pick_coke_can,0.05161272599406175
0.04160604523613586,pick_coke_can__095__step_040,3,middle,95,0.9464285714285714,,,pick_coke_can,0.024047916729472263
0.11107000602169691,pick_coke_can__095__step_040,4,middle,95,0.9818181818181818,,,pick_coke_can,0.04514404695316898
0.1446740270923354,pick_coke_can__095__step_040,5,middle,95,0.9292035398230089,,,pick_coke_can,0.07479606504944059
0.030497254558401358,pick_coke_can__095__step_040,6,middle,95,0.963963963963964,,,pick_coke_can,0.10243878784558547
0.03894471700260532,pick_coke_can__095__step_040,7,middle,95,0.9464285714285714,,,pick_coke_can,0.1136164320195121
0.028022810692567682,pick_coke_can__095__step_040,8,middle,95,0.963963963963964,,,pick_coke_can,0.1359581794120004
0.06069223604268711,pick_coke_can__095__step_040,9,middle,95,0.9122807017543859,,,pick_coke_can,0.12984440745549364
0.03005527251933411,pick_coke_can__095__step_040,10,middle,95,0.9122807017543859,,,pick_coke_can,0.14392761396072729
0.003992547162999082,pick_coke_can__095__step_040,11,middle,95,0.9292035398230089,,,pick_coke_can,0.15874661801512957
0.00539632526401088,pick_coke_can__095__step_040,12,middle,95,0.9464285714285714,,,pick_coke_can,0.1634984682158347
0.008701512608952054,pick_coke_can__095__step_040,13,middle,95,0.963963963963964,,,pick_coke_can,0.2033188103359862
0.005711537031348054,pick_coke_can__095__step_040,14,middle,95,0.963963963963964,,,pick_coke_can,0.30083319914638196
0.018304613219605366,pick_coke_can__095__step_040,15,middle,95,0.9818181818181818,,,pick_coke_can,0.23800109711567075
0.007954777140327165,pick_coke_can__095__step_040,16,middle,95,0.9818181818181818,,,pick_coke_can,0.2168549487766427
0.006813784872145831,pick_coke_can__095__step_040,17,middle,95,0.9292035398230089,,,pick_coke_can,0.2092158965216413
0.010542201703951641,pick_coke_can__095__step_040,18,middle,95,0.9464285714285714,,,pick_coke_can,0.10866582974369976
0.033368205903759364,pick_coke_can__095__step_040,19,middle,95,0.9292035398230089,,,pick_coke_can,0.1122650398584426
0.0048885173801549815,pick_coke_can__095__step_040,20,middle,95,0.9818181818181818,,,pick_coke_can,0.133205696892162
0.0036897308157208927,pick_coke_can__095__step_040,21,middle,95,0.9464285714285714,,,pick_coke_can,0.11213605381913894
0.01127181669076887,pick_coke_can__095__step_040,22,middle,95,0.9292035398230089,,,pick_coke_can,0.18946262409014025
0.0115638081986484,pick_coke_can__095__step_040,23,middle,95,0.9464285714285714,,,pick_coke_can,0.060287574508670616
0.0038557191616745688,pick_coke_can__095__step_040,24,middle,95,0.9292035398230089,,,pick_coke_can,0.13014424338322783
0.004892754581727991,pick_coke_can__095__step_040,25,middle,95,0.9464285714285714,,,pick_coke_can,0.14643042721554167
0.01953729015787501,pick_coke_can__095__step_040,26,middle,95,0.9122807017543859,,,pick_coke_can,0.16614244685682422
0.014249647319718896,pick_coke_can__095__step_040,27,middle,95,0.9818181818181818,,,pick_coke_can,0.07530845256749075
0.021214735036363144,pick_coke_can__095__step_040,28,middle,95,0.963963963963964,,,pick_coke_can,0.11519305698659821
0.013650670166569493,pick_coke_can__095__step_040,29,middle,95,0.963963963963964,,,pick_coke_can,0.16747510554876044
0.04661730312745964,pick_coke_can__095__step_040,30,middle,95,0.9464285714285714,,,pick_coke_can,0.12154644160511907
0.04733983754702879,pick_coke_can__095__step_040,31,middle,95,0.9464285714285714,,,pick_coke_can,0.24261910553718735
0.019386132535163633,pick_coke_can__095__step_071,0,late,95,1.0,,,pick_coke_can,0.8259188458323479
0.03381258588889971,pick_coke_can__095__step_071,1,late,95,0.9818181818181818,,,pick_coke_can,0.47424213238991797
0.10689638469582806,pick_coke_can__095__step_071,2,late,95,0.9464285714285714,,,pick_coke_can,0.0575989697913144
0.07097911374874645,pick_coke_can__095__step_071,3,late,95,0.963963963963964,,,pick_coke_can,0.02280421178005554
0.126217879916512,pick_coke_can__095__step_071,4,late,95,0.9818181818181818,,,pick_coke_can,0.049512352865008324
0.16793577841901622,pick_coke_can__095__step_071,5,late,95,0.963963963963964,,,pick_coke_can,0.08187197902987009
0.05083944185482609,pick_coke_can__095__step_071,6,late,95,0.9818181818181818,,,pick_coke_can,0.10631260201648729
0.06509481119351598,pick_coke_can__095__step_071,7,late,95,0.9464285714285714,,,pick_coke_can,0.10875906104070054
0.05049310836261491,pick_coke_can__095__step_071,8,late,95,0.9292035398230089,,,pick_coke_can,0.1650440421121857
0.07412665787365533,pick_coke_can__095__step_071,9,late,95,0.963963963963964,,,pick_coke_can,0.11756065979170671
0.05492050639502775,pick_coke_can__095__step_071,10,late,95,0.9122807017543859,,,pick_coke_can,0.16674617582043538
0.007624576733305688,pick_coke_can__095__step_071,11,late,95,0.9292035398230089,,,pick_coke_can,0.16796437610014436
0.009396902260334015,pick_coke_can__095__step_071,12,late,95,0.963963963963964,,,pick_coke_can,0.19359509480989345
0.014342543128493075,pick_coke_can__095__step_071,13,late,95,0.9464285714285714,,,pick_coke_can,0.21684235726183942
0.0072335986819576925,pick_coke_can__095__step_071,14,late,95,1.0,,,pick_coke_can,0.37903987520667215
0.0486268314938512,pick_coke_can__095__step_071,15,late,95,0.963963963963964,,,pick_coke_can,0.20121678289115152
0.01302849359202017,pick_coke_can__095__step_071,16,late,95,0.8956521739130435,,,pick_coke_can,0.22762547982239312
0.010002559690053535,pick_coke_can__095__step_071,17,late,95,0.9292035398230089,,,pick_coke_can,0.19320362707526328
0.02351809158305715,pick_coke_can__095__step_071,18,late,95,0.9818181818181818,,,pick_coke_can,0.13888973072062072
0.03448310727654465,pick_coke_can__095__step_071,19,late,95,0.963963963963964,,,pick_coke_can,0.14831513535898466
0.015037867619189411,pick_coke_can__095__step_071,20,late,95,0.9464285714285714,,,pick_coke_can,0.12570596167928016
0.0054958712131845415,pick_coke_can__095__step_071,21,late,95,0.9464285714285714,,,pick_coke_can,0.10606139707061146
0.025297262890675038,pick_coke_can__095__step_071,22,late,95,0.9292035398230089,,,pick_coke_can,0.2000898469523804
0.059537316274017295,pick_coke_can__095__step_071,23,late,95,0.9464285714285714,,,pick_coke_can,0.08534941743354807
0.042022551002800584,pick_coke_can__095__step_071,24,late,95,0.9292035398230089,,,pick_coke_can,0.16833974311631295
0.005937415987258026,pick_coke_can__095__step_071,25,late,95,0.9818181818181818,,,pick_coke_can,0.1250755441835878
0.013071555803034828,pick_coke_can__095__step_071,26,late,95,0.9292035398230089,,,pick_coke_can,0.137337902847392
0.026105009644841283,pick_coke_can__095__step_071,27,late,95,0.9464285714285714,,,pick_coke_can,0.0902667292476167
0.027189708278775735,pick_coke_can__095__step_071,28,late,95,0.9818181818181818,,,pick_coke_can,0.1386116409409226
0.018303865720147226,pick_coke_can__095__step_071,29,late,95,0.8793103448275862,,,pick_coke_can,0.23672388676232003
0.0385506725854912,pick_coke_can__095__step_071,30,late,95,0.9122807017543859,,,pick_coke_can,0.14878800816461535
0.04507787668028242,pick_coke_can__095__step_071,31,late,95,0.9292035398230089,,,pick_coke_can,0.26681020937621724
0.015081867610136733,move_near__000__step_008,0,early,0,1.0,0.00011619843382475008,1.0,move_near,0.7706392605905421
0.015965716305104294,move_near__000__step_008,1,early,0,1.0,8.379674870683494e-05,1.0,move_near,0.3924409413302783
0.026399858986435105,move_near__000__step_008,2,early,0,0.9818181818181818,-8.544051007002007e-05,0.9818181818181818,move_near,0.04253477930080862
0.012040014822515863,move_near__000__step_008,3,early,0,0.9818181818181818,0.005708253495837184,0.9818181818181818,move_near,0.03716607296530583
0.028778902052834926,move_near__000__step_008,4,early,0,1.0,0.0007358921837812707,0.9818181818181818,move_near,0.05471131580156907
0.06941593220356776,move_near__000__step_008,5,early,0,0.963963963963964,0.000574343094928014,0.9818181818181818,move_near,0.04970571921012379
0.016527053987687397,move_near__000__step_008,6,early,0,0.963963963963964,0.007420933967034825,0.9464285714285714,move_near,0.04421328016252346
0.014906497233603794,move_near__000__step_008,7,early,0,0.963963963963964,0.014567030225730582,0.9464285714285714,move_near,0.083460884023566
0.011874869249227822,move_near__000__step_008,8,early,0,0.9818181818181818,0.009730595056435927,0.963963963963964,move_near,0.16823135208187523
0.02663622106200022,move_near__000__step_008,9,early,0,0.963963963963964,0.008366189696984529,0.9122807017543859,move_near,0.13842571485702138
0.006682510586408062,move_near__000__step_008,10,early,0,0.963963963963964,0.004278739038409491,0.9464285714285714,move_near,0.18424117556196506
0.0006386552167483604,move_near__000__step_008,11,early,0,0.963963963963964,0.012768029025898804,0.7868852459016393,move_near,0.21730328353851291
0.0012707425708222368,move_near__000__step_008,12,early,0,0.963963963963964,0.008029640552268787,0.8956521739130435,move_near,0.2233748565404312
0.001384076056790028,move_near__000__step_008,13,early,0,0.9818181818181818,0.003325827489740002,0.9122807017543859,move_near,0.200932274721481
0.0010091222562426227,move_near__000__step_008,14,early,0,0.9464285714285714,0.0045004430252528135,0.9464285714285714,move_near,0.3746428719298365
0.006814674112980346,move_near__000__step_008,15,early,0,0.9818181818181818,0.0034248729868604447,0.963963963963964,move_near,0.23087262760736849
0.0011710797111142166,move_near__000__step_008,16,early,0,0.9818181818181818,3.069092708806245e-05,1.0,move_near,0.1851912020375721
0.000986490938454595,move_near__000__step_008,17,early,0,0.9818181818181818,0.005763999051129299,0.9818181818181818,move_near,0.23546071421833403
0.001833216763249498,move_near__000__step_008,18,early,0,0.9818181818181818,-0.0031182302913837223,0.9818181818181818,move_near,0.0966021076193897
0.0015326048839586302,move_near__000__step_008,19,early,0,0.9464285714285714,0.0017302053765193698,0.963963963963964,move_near,0.11617343043414508
0.0007183143290365561,move_near__000__step_008,20,early,0,0.9818181818181818,0.0005512898978373808,0.9464285714285714,move_near,0.16589850639064707
0.00033517197686043325,move_near__000__step_008,21,early,0,0.9818181818181818,-0.002405275963093593,0.963963963963964,move_near,0.10196046768017197
0.0005550507516550458,move_near__000__step_008,22,early,0,1.0,-0.00175199342539082,1.0,move_near,0.13616213119424003
0.0011318665315196445,move_near__000__step_008,23,early,0,0.9464285714285714,0.0020501392518536762,0.9464285714285714,move_near,0.08969673458250327
8.755835197136886e-05,move_near__000__step_008,24,early,0,0.963963963963964,0.000374040958679156,0.9818181818181818,move_near,0.13769037958531882
0.00015551593957406612,move_near__000__step_008,25,early,0,0.9818181818181818,0.0003095648870071119,0.9818181818181818,move_near,0.1638546203795883
0.0001910773279947521,move_near__000__step_008,26,early,0,0.9464285714285714,-0.0009952261178559976,0.9818181818181818,move_near,0.12354298136689223
0.00019182445282523475,move_near__000__step_008,27,early,0,0.9818181818181818,0.00031152924439661195,0.9818181818181818,move_near,0.07876785683198051
0.00034595254381949796,move_near__000__step_008,28,early,0,0.9818181818181818,0.0003847020485515454,0.9818181818181818,move_near,0.1117280534384264
0.00040045277378677525,move_near__000__step_008,29,early,0,0.9464285714285714,0.001872755640320016,0.9464285714285714,move_near,0.2110178613893936
0.0009258814455264579,move_near__000__step_008,30,early,0,0.9292035398230089,-0.00013081290972974044,0.963963963963964,move_near,0.14324452429161738
0.0032748508524563695,move_near__000__step_008,31,early,0,1.0,0.0011186650460567014,0.9818181818181818,move_near,0.28858020396455686
0.014864693067150292,move_near__000__step_040,0,middle,0,1.0,,,move_near,0.769234370731283
0.021890525020324406,move_near__000__step_040,1,middle,0,1.0,,,move_near,0.41807983777835034
0.0482569292057946,move_near__000__step_040,2,middle,0,0.9818181818181818,,,move_near,0.06013552576609982
0.027985399312356007,move_near__000__step_040,3,middle,0,1.0,,,move_near,0.02476885916678384
0.07164750954170795,move_near__000__step_040,4,middle,0,1.0,,,move_near,0.020854321072420134
0.13726686183781503,move_near__000__step_040,5,middle,0,1.0,,,move_near,0.02774297675807702
0.021086813216558677,move_near__000__step_040,6,middle,0,0.9818181818181818,,,move_near,0.035982589982381796
0.02276125316775939,move_near__000__step_040,7,middle,0,0.963963963963964,,,move_near,0.07948024505674312
0.013085229884081869,move_near__000__step_040,8,middle,0,0.963963963963964,,,move_near,0.1564551516744359
0.029031468194741308,move_near__000__step_040,9,middle,0,0.9818181818181818,,,move_near,0.12639677692277473
0.021145300089299424,move_near__000__step_040,10,middle,0,0.9818181818181818,,,move_near,0.13581767061441496
0.0011880660875485739,move_near__000__step_040,11,middle,0,0.9464285714285714,,,move_near,0.22244211608995101
0.0027398941526880524,move_near__000__step_040,12,middle,0,0.9818181818181818,,,move_near,0.20796815855896966
0.004468093564094513,move_near__000__step_040,13,middle,0,0.963963963963964,,,move_near,0.13242440407566392
0.0020612601159409063,move_near__000__step_040,14,middle,0,0.9818181818181818,,,move_near,0.3469944376147396
0.011211889834594105,move_near__000__step_040,15,middle,0,0.9818181818181818,,,move_near,0.2629591772413278
0.0015847096310120865,move_near__000__step_040,16,middle,0,0.9818181818181818,,,move_near,0.10501362215038057
0.0016291615258501213,move_near__000__step_040,17,middle,0,0.9818181818181818,,,move_near,0.21326892874145642
0.0019135336676462844,move_near__000__step_040,18,middle,0,0.963963963963964,,,move_near,0.11099867049438217
0.001976151169731578,move_near__000__step_040,19,middle,0,0.963963963963964,,,move_near,0.1430599502829466
0.0009435582137125235,move_near__000__step_040,20,middle,0,0.9818181818181818,,,move_near,0.1547506974295061
0.0003429431873521204,move_near__000__step_040,21,middle,0,0.963963963963964,,,move_near,0.15592624541103817
0.0007935029257826064,move_near__000__step_040,22,middle,0,0.963963963963964,,,move_near,0.15756536712594027
0.0012279169762413568,move_near__000__step_040,23,middle,0,0.963963963963964,,,move_near,0.09551273240748515
0.000191195108251226,move_near__000__step_040,24,middle,0,0.9292035398230089,,,move_near,0.12907556969848244
0.00015411710334706577,move_near__000__step_040,25,middle,0,0.9818181818181818,,,move_near,0.1491095194315264
0.0003091389874428103,move_near__000__step_040,26,middle,0,0.9122807017543859,,,move_near,0.12848061364113406
0.0002315180950049204,move_near__000__step_040,27,middle,0,1.0,,,move_near,0.09959957229897043
0.0016540876981956964,move_near__000__step_040,28,middle,0,0.9464285714285714,,,move_near,0.11755837526263235
0.0007489993463592465,move_near__000__step_040,29,middle,0,0.9464285714285714,,,move_near,0.18000657223623762
0.0013275785747380326,move_near__000__step_040,30,middle,0,0.9464285714285714,,,move_near,0.16904884307467682
0.005462978852445734,move_near__000__step_040,31,middle,0,0.9464285714285714,,,move_near,0.2469311471174933
0.0118973149075747,move_near__000__step_071,0,late,0,1.0,,,move_near,0.7767997606424615
0.01794501545071074,move_near__000__step_071,1,late,0,1.0,,,move_near,0.39815827104030177
0.025815616846845232,move_near__000__step_071,2,late,0,1.0,,,move_near,0.04367824885605387
0.008970201282458692,move_near__000__step_071,3,late,0,0.9818181818181818,,,move_near,0.030292170704797172
0.03490472569097209,move_near__000__step_071,4,late,0,0.9818181818181818,,,move_near,0.030598864082776345
0.09907157918556352,move_near__000__step_071,5,late,0,0.9818181818181818,,,move_near,0.03565556716705487
0.010859120646933264,move_near__000__step_071,6,late,0,0.963963963963964,,,move_near,0.05903412123348062
0.012693416939929347,move_near__000__step_071,7,late,0,0.963963963963964,,,move_near,0.10343197023303219
0.00564334467466222,move_near__000__step_071,8,late,0,1.0,,,move_near,0.12900904241269018
0.014873367865301993,move_near__000__step_071,9,late,0,0.9818181818181818,,,move_near,0.11323878179246094
0.010586490985381046,move_near__000__step_071,10,late,0,0.9818181818181818,,,move_near,0.10079039726679184
0.0005319555472452586,move_near__000__step_071,11,late,0,0.963963963963964,,,move_near,0.20397122598751594
0.0008531674611933116,move_near__000__step_071,12,late,0,1.0,,,move_near,0.22755187924394704
0.0013712006210490671,move_near__000__step_071,13,late,0,0.963963963963964,,,move_near,0.1534563591829965
0.0006676188358996629,move_near__000__step_071,14,late,0,0.963963963963964,,,move_near,0.33627903830813466
0.006714041654252062,move_near__000__step_071,15,late,0,1.0,,,move_near,0.26409248474078595
0.0007994897659012439,move_near__000__step_071,16,late,0,0.963963963963964,,,move_near,0.1303180488793032
0.0003896613633425906,move_near__000__step_071,17,late,0,0.9464285714285714,,,move_near,0.19769491003395956
0.0008295495370231001,move_near__000__step_071,18,late,0,0.9292035398230089,,,move_near,0.12189425534063503
0.0024183395940258552,move_near__000__step_071,19,late,0,0.9292035398230089,,,move_near,0.11549332985035221
0.00038857079944158734,move_near__000__step_071,20,late,0,0.963963963963964,,,move_near,0.20206481022469802
0.00014332677925040028,move_near__000__step_071,21,late,0,0.963963963963964,,,move_near,0.12628283009364338
0.00018148229562780046,move_near__000__step_071,22,late,0,0.9464285714285714,,,move_near,0.16274378257112687
0.0005715641361112868,move_near__000__step_071,23,late,0,1.0,,,move_near,0.06385329100790216
0.0001747974526512688,move_near__000__step_071,24,late,0,0.9122807017543859,,,move_near,0.12128213842534308
0.00010165994881254714,move_near__000__step_071,25,late,0,0.963963963963964,,,move_near,0.1297030560252601
0.00011704002128229764,move_near__000__step_071,26,late,0,0.9122807017543859,,,move_near,0.1115420256444466
0.00011962532373084643,move_near__000__step_071,27,late,0,0.963963963963964,,,move_near,0.0771953709179165
0.00028134774741860453,move_near__000__step_071,28,late,0,0.9464285714285714,,,move_near,0.08652269346175245
0.00037336268431534215,move_near__000__step_071,29,late,0,0.9292035398230089,,,move_near,0.1506552408885966
0.0011462930020813898,move_near__000__step_071,30,late,0,0.9818181818181818,,,move_near,0.1284572009836893
0.003363700292932939,move_near__000__step_071,31,late,0,0.9818181818181818,,,move_near,0.25107709554959
0.016337633285400995,move_near__001__step_008,0,early,1,1.0,,,move_near,0.7370294759748504
0.01917817455618419,move_near__001__step_008,1,early,1,0.963963963963964,,,move_near,0.3554589307459537
0.03427901921619914,move_near__001__step_008,2,early,1,0.9818181818181818,,,move_near,0.02581436284992833
0.018156242317176465,move_near__001__step_008,3,early,1,1.0,,,move_near,0.03247272250126798
0.03407281367850095,move_near__001__step_008,4,early,1,1.0,,,move_near,0.05524150333599209
0.06490480665821419,move_near__001__step_008,5,early,1,1.0,,,move_near,0.06745788307011935
0.015473408302530606,move_near__001__step_008,6,early,1,0.9292035398230089,,,move_near,0.06891683717446995
0.030120509391381788,move_near__001__step_008,7,early,1,0.963963963963964,,,move_near,0.06259012416489895
0.026335185134538527,move_near__001__step_008,8,early,1,0.9818181818181818,,,move_near,0.13692303827110663
0.02293989593118561,move_near__001__step_008,9,early,1,0.9818181818181818,,,move_near,0.10742036322790227
0.010437317132781947,move_near__001__step_008,10,early,1,0.9464285714285714,,,move_near,0.16749535788630965
0.01005782191689682,move_near__001__step_008,11,early,1,0.963963963963964,,,move_near,0.217014787322114
0.00859433368513562,move_near__001__step_008,12,early,1,0.9464285714285714,,,move_near,0.24749404667090857
0.021321498566004116,move_near__001__step_008,13,early,1,0.963963963963964,,,move_near,0.17712691179872309
0.010368831065709901,move_near__001__step_008,14,early,1,0.963963963963964,,,move_near,0.3377811333416503
0.01958315127824376,move_near__001__step_008,15,early,1,0.963963963963964,,,move_near,0.18510027814750174
0.02216873544162862,move_near__001__step_008,16,early,1,0.963963963963964,,,move_near,0.17268852933540302
0.010498371237468789,move_near__001__step_008,17,early,1,0.9464285714285714,,,move_near,0.16630280977028633
0.016536919281416713,move_near__001__step_008,18,early,1,0.963963963963964,,,move_near,0.09088155470502102
0.00837562948732525,move_near__001__step_008,19,early,1,0.963963963963964,,,move_near,0.08443628938923098
0.012123065955214186,move_near__001__step_008,20,early,1,1.0,,,move_near,0.15856062288574435
0.00828096390656643,move_near__001__step_008,21,early,1,0.9818181818181818,,,move_near,0.0894043181137647
0.007359948346131697,move_near__001__step_008,22,early,1,0.9818181818181818,,,move_near,0.11193395233989634
0.012743030087559908,move_near__001__step_008,23,early,1,0.963963963963964,,,move_near,0.06133437724619739
0.007063082776384423,move_near__001__step_008,24,early,1,0.9464285714285714,,,move_near,0.08509081263366625
0.009415426616938265,move_near__001__step_008,25,early,1,0.963963963963964,,,move_near,0.10352851396700657
0.006952786050943518,move_near__001__step_008,26,early,1,0.963963963963964,,,move_near,0.10588727458525682
0.008528137021427332,move_near__001__step_008,27,early,1,0.963963963963964,,,move_near,0.06444367125649109
0.012045657372495683,move_near__001__step_008,28,early,1,0.9818181818181818,,,move_near,0.0759858624572658
0.010892695849409745,move_near__001__step_008,29,early,1,0.963963963963964,,,move_near,0.14092235654209162
0.012637673665019193,move_near__001__step_008,30,early,1,0.963963963963964,,,move_near,0.11683215786069923
0.02031175076092964,move_near__001__step_008,31,early,1,0.9818181818181818,,,move_near,0.20021362030456658
0.01594757093159308,move_near__001__step_040,0,middle,1,0.9818181818181818,,,move_near,0.7515762305120006
0.023618085854881395,move_near__001__step_040,1,middle,1,0.9818181818181818,,,move_near,0.4097281481954269
0.05353855294337384,move_near__001__step_040,2,middle,1,0.9818181818181818,,,move_near,0.04495829890947789
0.025444245041448262,move_near__001__step_040,3,middle,1,1.0,,,move_near,0.0340965594575664
0.040161026998161535,move_near__001__step_040,4,middle,1,0.963963963963964,,,move_near,0.06297149555302894
0.0814782401857583,move_near__001__step_040,5,middle,1,0.9464285714285714,,,move_near,0.06455578504312598
0.015327646145684404,move_near__001__step_040,6,middle,1,0.9818181818181818,,,move_near,0.05535400507289978
0.02945074119232902,move_near__001__step_040,7,middle,1,0.963963963963964,,,move_near,0.08768709821151788
0.03358076101135851,move_near__001__step_040,8,middle,1,0.963963963963964,,,move_near,0.1416251881601056
0.040375823024677855,move_near__001__step_040,9,middle,1,0.963963963963964,,,move_near,0.0981457056752788
0.014141228056527538,move_near__001__step_040,10,middle,1,0.963963963963964,,,move_near,0.15774446625414384
0.0018482526362917314,move_near__001__step_040,11,middle,1,0.9292035398230089,,,move_near,0.22070991454211253
0.004097228102697234,move_near__001__step_040,12,middle,1,0.963963963963964,,,move_near,0.24040720902303292
0.005265679219497717,move_near__001__step_040,13,middle,1,0.9464285714285714,,,move_near,0.15817261110032632
0.002641316168445013,move_near__001__step_040,14,middle,1,0.963963963963964,,,move_near,0.34024147601257937
0.022606345703815787,move_near__001__step_040,15,middle,1,0.9818181818181818,,,move_near,0.17081330715484455
0.0034143347657686948,move_near__001__step_040,16,middle,1,0.963963963963964,,,move_near,0.14540848729416211
0.0020924086799380547,move_near__001__step_040,17,middle,1,0.9292035398230089,,,move_near,0.19201118745081658
0.014144600097911268,move_near__001__step_040,18,middle,1,0.963963963963964,,,move_near,0.1220193852813054
0.007739642771506556,move_near__001__step_040,19,middle,1,0.9818181818181818,,,move_near,0.13690677722854616
0.010219547228487388,move_near__001__step_040,20,middle,1,0.9818181818181818,,,move_near,0.17165398287960443
0.0011874491308537,move_near__001__step_040,21,middle,1,1.0,,,move_near,0.11341143450860613
0.005089071632212091,move_near__001__step_040,22,middle,1,0.963963963963964,,,move_near,0.14133204458741488
0.03196334764680717,move_near__001__step_040,23,middle,1,0.963963963963964,,,move_near,0.09274431135031591
0.02173751278709562,move_near__001__step_040,24,middle,1,0.9818181818181818,,,move_near,0.10148358859129303
0.0009521854049561495,move_near__001__step_040,25,middle,1,0.9818181818181818,,,move_near,0.1258999184686047
0.002591483334517513,move_near__001__step_040,26,middle,1,0.9464285714285714,,,move_near,0.15819209875716922
0.0025555000588139785,move_near__001__step_040,27,middle,1,0.963963963963964,,,move_near,0.07314834953304938
0.0035864431075989293,move_near__001__step_040,28,middle,1,0.963963963963964,,,move_near,0.09637795269501481
0.004259107683565038,move_near__001__step_040,29,middle,1,0.9464285714285714,,,move_near,0.16764152544305944
0.007803253993356788,move_near__001__step_040,30,middle,1,0.9292035398230089,,,move_near,0.14641098710563938
0.01745117721048713,move_near__001__step_040,31,middle,1,0.9292035398230089,,,move_near,0.22818899121648428
0.01720206890236884,move_near__001__step_071,0,late,1,0.9818181818181818,,,move_near,0.7521948210778646
0.026307648079345238,move_near__001__step_071,1,late,1,0.9818181818181818,,,move_near,0.412290534528438
0.05478041378454361,move_near__001__step_071,2,late,1,0.9818181818181818,,,move_near,0.04345431455715243
0.025958510165427908,move_near__001__step_071,3,late,1,1.0,,,move_near,0.033918327853939445
0.041610556353559175,move_near__001__step_071,4,late,1,0.9818181818181818,,,move_near,0.05809290715319548
0.08256818707406069,move_near__001__step_071,5,late,1,0.963963963963964,,,move_near,0.059766100266870126
0.017146965121902,move_near__001__step_071,6,late,1,0.963963963963964,,,move_near,0.051785782575677786
0.02449288659482541,move_near__001__step_071,7,late,1,0.9292035398230089,,,move_near,0.08273270462552773
0.027286612911200762,move_near__001__step_071,8,late,1,0.963963963963964,,,move_near,0.14379864401917075
0.04202036810913533,move_near__001__step_071,9,late,1,0.9818181818181818,,,move_near,0.09856543036448784
0.013049709768407055,move_near__001__step_071,10,late,1,0.9464285714285714,,,move_near,0.15444135728239416
0.0020942855897338026,move_near__001__step_071,11,late,1,0.9464285714285714,,,move_near,0.21130454211879623
0.004157488076356721,move_near__001__step_071,12,late,1,1.0,,,move_near,0.23228306883811456
0.0035423418944617235,move_near__001__step_071,13,late,1,0.9464285714285714,,,move_near,0.15674852797269523
0.0020612470208905636,move_near__001__step_071,14,late,1,0.9818181818181818,,,move_near,0.3288725160791728
0.020475375882848975,move_near__001__step_071,15,late,1,0.963963963963964,,,move_near,0.17320952024078906
0.002283411741057865,move_near__001__step_071,16,late,1,0.963963963963964,,,move_near,0.14294697215024144
0.0016108759401362706,move_near__001__step_071,17,late,1,0.9464285714285714,,,move_near,0.19746151987868643
0.008013097665047321,move_near__001__step_071,18,late,1,0.9464285714285714,,,move_near,0.12105140047458463
0.007109332889360058,move_near__001__step_071,19,late,1,0.963963963963964,,,move_near,0.1208218097527265
0.009868441853405442,move_near__001__step_071,20,late,1,0.9818181818181818,,,move_near,0.16484001555556915
0.0008425066306014142,move_near__001__step_071,21,late,1,0.9818181818181818,,,move_near,0.10873823656970671
0.0024447271976817835,move_near__001__step_071,22,late,1,0.9818181818181818,,,move_near,0.13582109998958458
0.028690940007015036,move_near__001__step_071,23,late,1,0.963963963963964,,,move_near,0.08975250035638282
0.00841784324351635,move_near__001__step_071,24,late,1,0.9818181818181818,,,move_near,0.09544455606947366
0.000895519909917471,move_near__001__step_071,25,late,1,0.963963963963964,,,move_near,0.12712193510657244
0.0016889761041461219,move_near__001__step_071,26,late,1,0.9464285714285714,,,move_near,0.14102285957555694
0.001284656413665343,move_near__001__step_071,27,late,1,0.963963963963964,,,move_near,0.06799367558451763
0.0017288392116239168,move_near__001__step_071,28,late,1,0.9464285714285714,,,move_near,0.08676231667183032
0.002493618188386422,move_near__001__step_071,29,late,1,0.963963963963964,,,move_near,0.15787918090055086
0.005183597130763914,move_near__001__step_071,30,late,1,0.963963963963964,,,move_near,0.14328123127262415
0.010493280766081884,move_near__001__step_071,31,late,1,0.9464285714285714,,,move_near,0.23050875019634987
0.015921266076654915,move_near__002__step_008,0,early,2,1.0,,,move_near,0.7384835234843194
0.020867882420360542,move_near__002__step_008,1,early,2,1.0,,,move_near,0.37587605757289566
0.02809877699765498,move_near__002__step_008,2,early,2,0.9818181818181818,,,move_near,0.033756476784333245
0.019730796431198433,move_near__002__step_008,3,early,2,1.0,,,move_near,0.035832511941748635
0.03151603363984984,move_near__002__step_008,4,early,2,1.0,,,move_near,0.050611841665840984
0.05501296380381674,move_near__002__step_008,5,early,2,0.9818181818181818,,,move_near,0.0756853802772639
0.017264646040705454,move_near__002__step_008,6,early,2,0.9818181818181818,,,move_near,0.07584993928412587
0.02106348849348406,move_near__002__step_008,7,early,2,0.9818181818181818,,,move_near,0.08247138925867148
0.014350394261406165,move_near__002__step_008,8,early,2,0.9818181818181818,,,move_near,0.14746025613203528
0.031012516716678443,move_near__002__step_008,9,early,2,0.9818181818181818,,,move_near,0.10136203994807147
0.009950448892112388,move_near__002__step_008,10,early,2,0.963963963963964,,,move_near,0.17205324787664722
0.007365911173781965,move_near__002__step_008,11,early,2,0.9818181818181818,,,move_near,0.19632047918776152
0.014767752387963044,move_near__002__step_008,12,early,2,0.9464285714285714,,,move_near,0.2749200668768026
0.019157247823336988,move_near__002__step_008,13,early,2,0.9292035398230089,,,move_near,0.16074132448966338
0.01303036932072805,move_near__002__step_008,14,early,2,0.9464285714285714,,,move_near,0.38341853445490415
0.0412707213846326,move_near__002__step_008,15,early,2,0.9818181818181818,,,move_near,0.2374806013556281
0.046524531047294225,move_near__002__step_008,16,early,2,0.9818181818181818,,,move_near,0.19129188574459022
0.03401302711376731,move_near__002__step_008,17,early,2,0.963963963963964,,,move_near,0.2229657640465348
0.10388686735901939,move_near__002__step_008,18,early,2,0.9464285714285714,,,move_near,0.102812695201834
0.06617983533863041,move_near__002__step_008,19,early,2,0.9818181818181818,,,move_near,0.08734310867049544
0.11339276368838234,move_near__002__step_008,20,early,2,0.963963963963964,,,move_near,0.16201113581843174
0.0732305675716573,move_near__002__step_008,21,early,2,0.9818181818181818,,,move_near,0.1184050683375375
0.07854048721592649,move_near__002__step_008,22,early,2,0.9818181818181818,,,move_near,0.10829247417700572
0.05093723605421108,move_near__002__step_008,23,early,2,0.963963963963964,,,move_near,0.09528419665969068
0.08580444002030573,move_near__002__step_008,24,early,2,0.9818181818181818,,,move_near,0.09205485176083172
0.04359054226300815,move_near__002__step_008,25,early,2,0.9818181818181818,,,move_near,0.10305497815233622
0.04985189074834016,move_near__002__step_008,26,early,2,0.9292035398230089,,,move_near,0.12205094281064532
0.013954964964989878,move_near__002__step_008,27,early,2,0.9818181818181818,,,move_near,0.07935775163631575
0.02697378298086839,move_near__002__step_008,28,early,2,0.963963963963964,,,move_near,0.09199347376510048
0.04280495527752163,move_near__002__step_008,29,early,2,0.9292035398230089,,,move_near,0.1601621517785503
0.033070776445672634,move_near__002__step_008,30,early,2,0.9464285714285714,,,move_near,0.1322140826175655
0.03839962983024292,move_near__002__step_008,31,early,2,0.963963963963964,,,move_near,0.23787912753005003
0.011443088855078347,move_near__002__step_040,0,middle,2,1.0,,,move_near,0.7526296189171262
0.015154965793696101,move_near__002__step_040,1,middle,2,0.9818181818181818,,,move_near,0.45447147835511714
0.014017011908763371,move_near__002__step_040,2,middle,2,0.9818181818181818,,,move_near,0.07743169513867088
0.009697717472270738,move_near__002__step_040,3,middle,2,0.9818181818181818,,,move_near,0.029914017191543962
0.025444492530697062,move_near__002__step_040,4,middle,2,0.9818181818181818,,,move_near,0.021570702814983633
0.07944050977681634,move_near__002__step_040,5,middle,2,1.0,,,move_near,0.04799924906637898
0.006603229800903028,move_near__002__step_040,6,middle,2,0.963963963963964,,,move_near,0.07178425586374715
0.01359579621897202,move_near__002__step_040,7,middle,2,0.9464285714285714,,,move_near,0.09743445873402834
0.007478585007594907,move_near__002__step_040,8,middle,2,0.963963963963964,,,move_near,0.12076935299046454
0.023542257871160335,move_near__002__step_040,9,middle,2,0.9292035398230089,,,move_near,0.12290920042960352
0.0063749883414255075,move_near__002__step_040,10,middle,2,0.9464285714285714,,,move_near,0.1628776679940529
0.0017076749609410576,move_near__002__step_040,11,middle,2,0.9292035398230089,,,move_near,0.19561385038014123
0.002605181897063256,move_near__002__step_040,12,middle,2,0.9292035398230089,,,move_near,0.26975748076392847
0.002648183018748956,move_near__002__step_040,13,middle,2,0.9292035398230089,,,move_near,0.17246442595751432
0.0022315224108690472,move_near__002__step_040,14,middle,2,0.9464285714285714,,,move_near,0.3596010348587697
0.013199282641008841,move_near__002__step_040,15,middle,2,0.963963963963964,,,move_near,0.25175171033424704
0.00422594654045683,move_near__002__step_040,16,middle,2,0.9818181818181818,,,move_near,0.15664343370735878
0.004732364488653492,move_near__002__step_040,17,middle,2,0.9464285714285714,,,move_near,0.1841318854731071
0.005791641296180255,move_near__002__step_040,18,middle,2,1.0,,,move_near,0.1165109260264785
0.0070223475094730176,move_near__002__step_040,19,middle,2,0.9818181818181818,,,move_near,0.12155649677441716
0.0038690620868636256,move_near__002__step_040,20,middle,2,0.9818181818181818,,,move_near,0.15104683072573266
0.0016371886328521417,move_near__002__step_040,21,middle,2,0.9464285714285714,,,move_near,0.1301548856787349
0.002276894021831985,move_near__002__step_040,22,middle,2,0.9818181818181818,,,move_near,0.1329088084438581
0.00876138384907366,move_near__002__step_040,23,middle,2,0.8956521739130435,,,move_near,0.10618971384890585
0.0010659630295837789,move_near__002__step_040,24,middle,2,0.963963963963964,,,move_near,0.1332381795684725
0.0017672869288250606,move_near__002__step_040,25,middle,2,0.9818181818181818,,,move_near,0.13169952718727274
0.0026420942269492456,move_near__002__step_040,26,middle,2,0.963963963963964,,,move_near,0.15871016797540705
0.002579030625426603,move_near__002__step_040,27,middle,2,0.9464285714285714,,,move_near,0.09047758083675106
0.004231746067279058,move_near__002__step_040,28,middle,2,0.9122807017543859,,,move_near,0.10866363073182939
0.005030071712207797,move_near__002__step_040,29,middle,2,0.9122807017543859,,,move_near,0.2117223903723584
0.010402212560679821,move_near__002__step_040,30,middle,2,0.963963963963964,,,move_near,0.19901515769356593
0.022784460054320017,move_near__002__step_040,31,middle,2,0.9464285714285714,,,move_near,0.2330485934508033
0.012143624989040206,move_near__002__step_071,0,late,2,1.0,,,move_near,0.7481318687205203
0.016293411531463277,move_near__002__step_071,1,late,2,1.0,,,move_near,0.43453321006381884
0.015036278302267538,move_near__002__step_071,2,late,2,0.9818181818181818,,,move_near,0.07125288305167032
0.009204519402620182,move_near__002__step_071,3,late,2,0.9818181818181818,,,move_near,0.03264148997220673
0.02786571622417441,move_near__002__step_071,4,late,2,0.963963963963964,,,move_near,0.02004086918708481
0.08346376357955053,move_near__002__step_071,5,late,2,0.9818181818181818,,,move_near,0.04490787847157662
0.007494878036608033,move_near__002__step_071,6,late,2,0.9818181818181818,,,move_near,0.0662886756097123
0.015749748150562546,move_near__002__step_071,7,late,2,0.9818181818181818,,,move_near,0.09592762525585385
0.007307529896583679,move_near__002__step_071,8,late,2,0.9818181818181818,,,move_near,0.12169894993780872
0.02460697098810354,move_near__002__step_071,9,late,2,0.9122807017543859,,,move_near,0.1147909187429832
0.00578842253400548,move_near__002__step_071,10,late,2,0.963963963963964,,,move_near,0.1636192994897101
0.0016360591873904329,move_near__002__step_071,11,late,2,0.9122807017543859,,,move_near,0.19525876937041176
0.0028027438407537382,move_near__002__step_071,12,late,2,0.9464285714285714,,,move_near,0.24693243867523051
0.002814634563183489,move_near__002__step_071,13,late,2,0.9122807017543859,,,move_near,0.16462484079670503
0.0027468033915453386,move_near__002__step_071,14,late,2,0.963963963963964,,,move_near,0.323448353502954
0.010033982715065516,move_near__002__step_071,15,late,2,0.9818181818181818,,,move_near,0.25175778213929334
0.0035561059260757607,move_near__002__step_071,16,late,2,0.9818181818181818,,,move_near,0.14633957508107187
0.004613608581747974,move_near__002__step_071,17,late,2,0.9464285714285714,,,move_near,0.17339104286861584
0.0049381999194673225,move_near__002__step_071,18,late,2,0.963963963963964,,,move_near,0.11345881596469098
0.0035281069851882075,move_near__002__step_071,19,late,2,0.963963963963964,,,move_near,0.11872440304591692
0.0024456137507391884,move_near__002__step_071,20,late,2,0.9464285714285714,,,move_near,0.15332345388475233
0.0014281595474018168,move_near__002__step_071,21,late,2,0.9818181818181818,,,move_near,0.1266011421580231
0.0024886567607843462,move_near__002__step_071,22,late,2,1.0,,,move_near,0.13653321044237998
0.007922459298113506,move_near__002__step_071,23,late,2,0.963963963963964,,,move_near,0.1087972308577605
0.0010220789204007637,move_near__002__step_071,24,late,2,0.9464285714285714,,,move_near,0.10952265215168211
0.0016054270198561699,move_near__002__step_071,25,late,2,0.9818181818181818,,,move_near,0.12712998498425776
0.0027345154052011897,move_near__002__step_071,26,late,2,0.9292035398230089,,,move_near,0.15562395638950477
0.002387268702395802,move_near__002__step_071,27,late,2,0.9464285714285714,,,move_near,0.08491428366698628
0.003665369696546374,move_near__002__step_071,28,late,2,0.9292035398230089,,,move_near,0.11398056130148149
0.004553057542704768,move_near__002__step_071,29,late,2,0.963963963963964,,,move_near,0.20805650759524497
0.007294502690750069,move_near__002__step_071,30,late,2,1.0,,,move_near,0.19079482568983508
0.014443426201403924,move_near__002__step_071,31,late,2,0.9292035398230089,,,move_near,0.20912673357838685
0.014846020229636558,move_near__031__step_008,0,early,31,0.9818181818181818,-0.00011083453415075984,0.9818181818181818,move_near,0.7423220722703263
0.01866633180828825,move_near__031__step_008,1,early,31,0.9818181818181818,0.00018588941581073812,0.9818181818181818,move_near,0.3882163499656599
0.024752991963926132,move_near__031__step_008,2,early,31,0.9818181818181818,-0.00027164885069626103,0.9292035398230089,move_near,0.04185816182700819
0.018384644602831186,move_near__031__step_008,3,early,31,1.0,0.001942960221379796,0.9818181818181818,move_near,0.02864264298273156
0.044885297099996564,move_near__031__step_008,4,early,31,0.9818181818181818,-0.00019864188749079206,0.9818181818181818,move_near,0.03413158729574661
0.09103685681401569,move_near__031__step_008,5,early,31,1.0,0.00020402765860224378,0.963963963963964,move_near,0.056903607661070055
0.013684780515666342,move_near__031__step_008,6,early,31,0.9818181818181818,0.0036055011790736176,0.9818181818181818,move_near,0.05230233855752431
0.023160942421637288,move_near__031__step_008,7,early,31,0.963963963963964,0.035636550107781,0.9818181818181818,move_near,0.07147825306594768
0.013045343809712735,move_near__031__step_008,8,early,31,0.9818181818181818,0.03500320194163357,0.963963963963964,move_near,0.12813490671851469
0.029245179297083253,move_near__031__step_008,9,early,31,0.9818181818181818,0.05410782491411654,0.963963963963964,move_near,0.09859003680139722
0.009099663036900624,move_near__031__step_008,10,early,31,0.9464285714285714,0.01695413393928047,0.963963963963964,move_near,0.16381936705010958
0.0037609167158392117,move_near__031__step_008,11,early,31,0.9818181818181818,0.023615199721113395,0.9292035398230089,move_near,0.1920656463071282
0.005431614045864729,move_near__031__step_008,12,early,31,0.9464285714285714,0.011702155245596556,0.9464285714285714,move_near,0.26843688809049127
0.0041899388485121805,move_near__031__step_008,13,early,31,1.0,0.0077429052132361766,0.9122807017543859,move_near,0.1716363464377082
0.004055757504414347,move_near__031__step_008,14,early,31,0.9464285714285714,0.007468964393440317,0.9818181818181818,move_near,0.39261880195499543
0.012758590787436132,move_near__031__step_008,15,early,31,0.963963963963964,0.0016398551998333113,0.9818181818181818,move_near,0.27797929779239894
0.010055715294143805,move_near__031__step_008,16,early,31,0.9464285714285714,0.0032274823188133102,0.9464285714285714,move_near,0.15338268363336738
0.005678524927821013,move_near__031__step_008,17,early,31,0.9464285714285714,0.007754180387712769,0.963963963963964,move_near,0.22692229033441436
0.007097616321095747,move_near__031__step_008,18,early,31,0.9818181818181818,0.004271718366305868,0.9818181818181818,move_near,0.1059336121393244
0.005237161739870369,move_near__031__step_008,19,early,31,0.9292035398230089,0.010418996859443991,0.9464285714285714,move_near,0.09785018013766944
0.004879006807949947,move_near__031__step_008,20,early,31,0.963963963963964,0.010357661929784328,0.963963963963964,move_near,0.155767533827202
0.003145454415811443,move_near__031__step_008,21,early,31,0.9818181818181818,0.014278107457467718,0.963963963963964,move_near,0.1549009866729989
0.002403386210666103,move_near__031__step_008,22,early,31,0.9464285714285714,0.008977039243387148,0.9818181818181818,move_near,0.09401905208356709
0.006802223990151542,move_near__031__step_008,23,early,31,0.963963963963964,-0.0006388751940008992,0.9818181818181818,move_near,0.07763278051967859
0.0014416737008729338,move_near__031__step_008,24,early,31,0.963963963963964,0.011252764982795448,0.9292035398230089,move_near,0.09254032646704857
0.0024165303054281668,move_near__031__step_008,25,early,31,0.963963963963964,0.0034328422936977035,0.963963963963964,move_near,0.11465645386457624
0.0023390238241706336,move_near__031__step_008,26,early,31,0.9818181818181818,0.0010743492385457132,0.963963963963964,move_near,0.13783627691599065
0.0035936637167220155,move_near__031__step_008,27,early,31,0.9464285714285714,-0.0036353838718176795,0.9818181818181818,move_near,0.06869330349698899
0.0022970976935044025,move_near__031__step_008,28,early,31,0.963963963963964,-0.0036402174698043077,1.0,move_near,0.1169438994064933
0.0024034733256865903,move_near__031__step_008,29,early,31,0.9818181818181818,-0.0026397070698595676,0.963963963963964,move_near,0.15457157908026886
0.005912877982587324,move_near__031__step_008,30,early,31,0.963963963963964,-0.0033623995281606422,0.963963963963964,move_near,0.1267785414491982
0.014900856071060441,move_near__031__step_008,31,early,31,0.963963963963964,-0.002516360037397254,1.0,move_near,0.26326488608992804
0.012301264292079108,move_near__031__step_040,0,middle,31,1.0,,,move_near,0.7525486396625638
0.017107087820854353,move_near__031__step_040,1,middle,31,1.0,,,move_near,0.43563392185023986
0.030022892489611316,move_near__031__step_040,2,middle,31,0.963963963963964,,,move_near,0.049242079856639975
0.024930769048124652,move_near__031__step_040,3,middle,31,0.9818181818181818,,,move_near,0.021881275675013967
0.03837093591103347,move_near__031__step_040,4,middle,31,1.0,,,move_near,0.03921480016720125
0.10735127967209543,move_near__031__step_040,5,middle,31,0.963963963963964,,,move_near,0.047873671274487606
0.01238058747824131,move_near__031__step_040,6,middle,31,1.0,,,move_near,0.054912356492081926
0.02695012648681121,move_near__031__step_040,7,middle,31,0.9818181818181818,,,move_near,0.06972963981309022
0.016456021205358363,move_near__031__step_040,8,middle,31,0.9818181818181818,,,move_near,0.1327858898212071
0.02337132010497625,move_near__031__step_040,9,middle,31,0.9818181818181818,,,move_near,0.09681792549338297
0.007893885602003563,move_near__031__step_040,10,middle,31,0.9818181818181818,,,move_near,0.13147508848032885
0.0011587048283602556,move_near__031__step_040,11,middle,31,0.9464285714285714,,,move_near,0.20085252438821044
0.0035419909305244132,move_near__031__step_040,12,middle,31,0.963963963963964,,,move_near,0.23951264022298346
0.0031591583848915267,move_near__031__step_040,13,middle,31,1.0,,,move_near,0.16080993956461498
0.003287771552267356,move_near__031__step_040,14,middle,31,0.963963963963964,,,move_near,0.33615406350600097
0.0070132949245378905,move_near__031__step_040,15,middle,31,0.963963963963964,,,move_near,0.2721347989217975
0.003640629429210426,move_near__031__step_040,16,middle,31,0.9818181818181818,,,move_near,0.10578281384800903
0.004399379739401505,move_near__031__step_040,17,middle,31,0.9464285714285714,,,move_near,0.2053060322800775
0.005784368655593546,move_near__031__step_040,18,middle,31,0.963963963963964,,,move_near,0.08473470360502233
0.004715462908088022,move_near__031__step_040,19,middle,31,0.9818181818181818,,,move_near,0.07137056672000597
0.002511757650262891,move_near__031__step_040,20,middle,31,0.963963963963964,,,move_near,0.13779746361268508
0.0016356137437951936,move_near__031__step_040,21,middle,31,0.9818181818181818,,,move_near,0.12516516166607516
0.002984174617654512,move_near__031__step_040,22,middle,31,1.0,,,move_near,0.08355908395737544
0.002276211612008035,move_near__031__step_040,23,middle,31,0.963963963963964,,,move_near,0.08007178847674368
0.001147845460573698,move_near__031__step_040,24,middle,31,0.9818181818181818,,,move_near,0.08725156981093107
0.0014107972657848404,move_near__031__step_040,25,middle,31,0.9818181818181818,,,move_near,0.13736233884863225
0.002639556332141401,move_near__031__step_040,26,middle,31,0.9122807017543859,,,move_near,0.149225954036865
0.0026953020695458193,move_near__031__step_040,27,middle,31,0.963963963963964,,,move_near,0.09497808142886299
0.004036903762366835,move_near__031__step_040,28,middle,31,0.9122807017543859,,,move_near,0.10828869498743643
0.0037396020155173156,move_near__031__step_040,29,middle,31,0.9122807017543859,,,move_near,0.17323174820603526
0.010566039201284103,move_near__031__step_040,30,middle,31,0.8793103448275862,,,move_near,0.15271824926730915
0.018124167457462054,move_near__031__step_040,31,middle,31,0.9818181818181818,,,move_near,0.2659943578819366
0.01423860801725362,move_near__031__step_071,0,late,31,1.0,,,move_near,0.7458885948872194
0.016760138252231282,move_near__031__step_071,1,late,31,1.0,,,move_near,0.42755431710975245
0.03464430639773912,move_near__031__step_071,2,late,31,0.963963963963964,,,move_near,0.057968687559082355
0.027012211348081336,move_near__031__step_071,3,late,31,0.9818181818181818,,,move_near,0.022850905254614418
0.038035131514272506,move_near__031__step_071,4,late,31,0.9818181818181818,,,move_near,0.036899144943333795
0.11509317976897425,move_near__031__step_071,5,late,31,0.9818181818181818,,,move_near,0.04171478804414619
0.01983019012242706,move_near__031__step_071,6,late,31,0.963963963963964,,,move_near,0.04434821254017152
0.04189479188778715,move_near__031__step_071,7,late,31,0.9464285714285714,,,move_near,0.06854062020772744
0.01690521325578568,move_near__031__step_071,8,late,31,0.963963963963964,,,move_near,0.13092432408939203
0.03812226832978211,move_near__031__step_071,9,late,31,0.9818181818181818,,,move_near,0.11259060628913176
0.006172918746888647,move_near__031__step_071,10,late,31,0.9818181818181818,,,move_near,0.13349681784256973
0.0012206825362415079,move_near__031__step_071,11,late,31,0.963963963963964,,,move_near,0.21361017049639486
0.002861306000725112,move_near__031__step_071,12,late,31,0.963963963963964,,,move_near,0.252207338469816
0.0037965576244112886,move_near__031__step_071,13,late,31,0.9464285714285714,,,move_near,0.13279624999381667
0.0035127239906422064,move_near__031__step_071,14,late,31,0.9464285714285714,,,move_near,0.3344233696388983
0.008793658754431222,move_near__031__step_071,15,late,31,0.963963963963964,,,move_near,0.28011737111910406
0.004552521262525861,move_near__031__step_071,16,late,31,0.963963963963964,,,move_near,0.12469688731283668
0.0054738806047144005,move_near__031__step_071,17,late,31,0.9464285714285714,,,move_near,0.21168642072473176
0.00759238928162983,move_near__031__step_071,18,late,31,0.9464285714285714,,,move_near,0.09333009026028094
0.006490499871457278,move_near__031__step_071,19,late,31,1.0,,,move_near,0.0906263559905085
0.003812703015919473,move_near__031__step_071,20,late,31,0.963963963963964,,,move_near,0.1477290254935042
0.0016750924397642695,move_near__031__step_071,21,late,31,0.9292035398230089,,,move_near,0.15305157945715564
0.00438442015699391,move_near__031__step_071,22,late,31,0.9464285714285714,,,move_near,0.09870287103395015
0.0167508553766628,move_near__031__step_071,23,late,31,0.9292035398230089,,,move_near,0.08804984126777526
0.001384450888860972,move_near__031__step_071,24,late,31,0.963963963963964,,,move_near,0.0893233149229502
0.001611317642987279,move_near__031__step_071,25,late,31,0.963963963963964,,,move_near,0.13783772849027542
0.002579165609531479,move_near__031__step_071,26,late,31,0.9292035398230089,,,move_near,0.15077520910382702
0.0034169442640255144,move_near__031__step_071,27,late,31,0.9464285714285714,,,move_near,0.09184684332274884
0.004628150716253073,move_near__031__step_071,28,late,31,0.8793103448275862,,,move_near,0.10710041308848162
0.00402127016806473,move_near__031__step_071,29,late,31,0.9292035398230089,,,move_near,0.17934619694511866
0.01275897767474164,move_near__031__step_071,30,late,31,0.8956521739130435,,,move_near,0.14535140651605616
0.01949091853040294,move_near__031__step_071,31,late,31,0.9464285714285714,,,move_near,0.24586490366755243
0.012670837831198108,move_near__073__step_008,0,early,73,0.9818181818181818,-6.732691973491099e-05,1.0,move_near,0.7261422882438637
0.020539663502087118,move_near__073__step_008,1,early,73,1.0,-5.524491825757531e-05,0.9464285714285714,move_near,0.33446410883334465
0.025623776434671616,move_near__073__step_008,2,early,73,1.0,-0.00013705396823164486,0.9818181818181818,move_near,0.031363570759367576
0.008778272814332478,move_near__073__step_008,3,early,73,1.0,0.00226197392239463,0.963963963963964,move_near,0.034682170584915184
0.021764249538877876,move_near__073__step_008,4,early,73,0.9818181818181818,0.0009803549679039923,0.963963963963964,move_near,0.04662709612898652
0.037708479687549534,move_near__073__step_008,5,early,73,0.9818181818181818,0.0003529513912836381,0.9818181818181818,move_near,0.08236393595734626
0.009684614925658887,move_near__073__step_008,6,early,73,1.0,0.010102625400968889,0.9818181818181818,move_near,0.09163004075071512
0.01652118361595593,move_near__073__step_008,7,early,73,0.963963963963964,0.015969910365491353,0.9464285714285714,move_near,0.09722842004407539
0.018523120408963745,move_near__073__step_008,8,early,73,0.963963963963964,0.01720542166509649,0.9818181818181818,move_near,0.15582948224391657
0.012374225674196205,move_near__073__step_008,9,early,73,0.9292035398230089,0.027829533970065636,0.9122807017543859,move_near,0.10291738710702703
0.012410522044518407,move_near__073__step_008,10,early,73,0.963963963963964,0.007409227313597863,0.8956521739130435,move_near,0.16622727361072975
0.0031529915850951697,move_near__073__step_008,11,early,73,0.9464285714285714,0.01483115620308325,0.744,move_near,0.25081837303878274
0.0034869057419674274,move_near__073__step_008,12,early,73,0.9464285714285714,0.004241845391200083,0.8632478632478633,move_near,0.20867896047343493
0.003500085564908249,move_near__073__step_008,13,early,73,0.963963963963964,0.01285433044288186,0.847457627118644,move_near,0.19154996115219092
0.0023883835128763933,move_near__073__step_008,14,early,73,1.0,0.0008370555907878403,0.9292035398230089,move_near,0.3716286501989998
0.008366614354223709,move_near__073__step_008,15,early,73,0.9818181818181818,0.0012201527440875246,0.9818181818181818,move_near,0.21470621330797712
0.004595237844875883,move_near__073__step_008,16,early,73,0.9818181818181818,0.000834135715064987,0.9464285714285714,move_near,0.19841786395932104
0.0053785781307149165,move_near__073__step_008,17,early,73,0.963963963963964,0.00010838582622665557,0.9464285714285714,move_near,0.20178146944329
0.007792218810569606,move_near__073__step_008,18,early,73,0.9818181818181818,0.000806763986924411,0.9464285714285714,move_near,0.0786432368255845
0.002597323805976955,move_near__073__step_008,19,early,73,0.9464285714285714,0.0006333416324892241,0.9818181818181818,move_near,0.11112635312007058
0.0026506222158137827,move_near__073__step_008,20,early,73,0.9818181818181818,0.0014121438583931463,0.9818181818181818,move_near,0.16091511119446977
0.0020558011928436463,move_near__073__step_008,21,early,73,0.9818181818181818,-0.002010847073780334,0.963963963963964,move_near,0.10097699638994584
0.004235186779333009,move_near__073__step_008,22,early,73,0.963963963963964,0.005473531216177933,0.9818181818181818,move_near,0.14628382560861297
0.004342488326045292,move_near__073__step_008,23,early,73,0.963963963963964,-0.0024583966156939453,0.9292035398230089,move_near,0.07902356973477254
0.002709950252281785,move_near__073__step_008,24,early,73,0.9818181818181818,-0.00031666725573608126,0.9818181818181818,move_near,0.11147851967787403
0.0062133198329987396,move_near__073__step_008,25,early,73,0.9818181818181818,0.0010103409646246009,0.9818181818181818,move_near,0.09955296875385145
0.00794483390778763,move_near__073__step_008,26,early,73,0.9818181818181818,0.013588936001297167,0.963963963963964,move_near,0.13415865437549712
0.0061441503032392646,move_near__073__step_008,27,early,73,0.9464285714285714,-0.00793312573649356,0.963963963963964,move_near,0.07780364018354646
0.00840462694407955,move_near__073__step_008,28,early,73,0.9292035398230089,0.002562924126877003,0.9464285714285714,move_near,0.07332546767765358
0.011148263836841626,move_near__073__step_008,29,early,73,0.9292035398230089,-0.0012820226528550555,0.9464285714285714,move_near,0.15986065145062867
0.026795847938088344,move_near__073__step_008,30,early,73,0.963963963963964,-0.002398563769529006,0.9464285714285714,move_near,0.11861094873259503
0.028952021745622572,move_near__073__step_008,31,early,73,0.963963963963964,-0.00045471140080846975,0.9818181818181818,move_near,0.23792300474224248
0.013655373198798558,move_near__073__step_040,0,middle,73,0.9818181818181818,,,move_near,0.7434689851943403
0.018577428679953423,move_near__073__step_040,1,middle,73,1.0,,,move_near,0.35872977873077616
0.02188044485895863,move_near__073__step_040,2,middle,73,0.9818181818181818,,,move_near,0.03333712217556695
0.008606913985106199,move_near__073__step_040,3,middle,73,0.9818181818181818,,,move_near,0.04144828025437164
0.03096281107698386,move_near__073__step_040,4,middle,73,0.9818181818181818,,,move_near,0.03776003760719959
0.07360831818367915,move_near__073__step_040,5,middle,73,0.9818181818181818,,,move_near,0.05379638525573682
0.009254299305305035,move_near__073__step_040,6,middle,73,1.0,,,move_near,0.05813814022928909
0.017659936095754634,move_near__073__step_040,7,middle,73,0.9818181818181818,,,move_near,0.07904284973812992
0.009177574479863778,move_near__073__step_040,8,middle,73,0.963963963963964,,,move_near,0.14091782212381077
0.01645049125489396,move_near__073__step_040,9,middle,73,0.9818181818181818,,,move_near,0.12953022422971117
0.005427901059758817,move_near__073__step_040,10,middle,73,0.9464285714285714,,,move_near,0.12659944291090142
0.0015570097009456726,move_near__073__step_040,11,middle,73,0.9464285714285714,,,move_near,0.20385839908021808
0.0017608054229139637,move_near__073__step_040,12,middle,73,0.9464285714285714,,,move_near,0.20440136547199472
0.0021405218181524644,move_near__073__step_040,13,middle,73,0.9818181818181818,,,move_near,0.14849454708473786
0.002511143754918632,move_near__073__step_040,14,middle,73,0.963963963963964,,,move_near,0.3069969657835827
0.006649541142438194,move_near__073__step_040,15,middle,73,1.0,,,move_near,0.23306554097666776
0.003263777393641323,move_near__073__step_040,16,middle,73,0.963963963963964,,,move_near,0.11814510244846588
0.003988968193116562,move_near__073__step_040,17,middle,73,0.9818181818181818,,,move_near,0.19079360751698005
0.004356098669146193,move_near__073__step_040,18,middle,73,0.9464285714285714,,,move_near,0.06836367418600275
0.0038721690225349244,move_near__073__step_040,19,middle,73,0.963963963963964,,,move_near,0.09284008572745961
0.0028091290501742927,move_near__073__step_040,20,middle,73,0.963963963963964,,,move_near,0.09442276122342719
0.0019574246282632476,move_near__073__step_040,21,middle,73,0.963963963963964,,,move_near,0.08653875700858293
0.0025682304030329264,move_near__073__step_040,22,middle,73,0.9818181818181818,,,move_near,0.09716061131578613
0.001802944218856909,move_near__073__step_040,23,middle,73,0.9818181818181818,,,move_near,0.07508031017832195
0.0010351490175223126,move_near__073__step_040,24,middle,73,0.9818181818181818,,,move_near,0.0662569401384836
0.0017890837789812154,move_near__073__step_040,25,middle,73,0.9464285714285714,,,move_near,0.08751409834172108
0.0025797850666255517,move_near__073__step_040,26,middle,73,0.9464285714285714,,,move_near,0.12212636739860727
0.0022713857182721227,move_near__073__step_040,27,middle,73,0.963963963963964,,,move_near,0.09264593073717364
0.003178484024025511,move_near__073__step_040,28,middle,73,0.963963963963964,,,move_near,0.1021147128569524
0.003660103634922262,move_near__073__step_040,29,middle,73,0.963963963963964,,,move_near,0.15678230601595544
0.012995145935909554,move_near__073__step_040,30,middle,73,0.9818181818181818,,,move_near,0.14330337437698404
0.016180734164265943,move_near__073__step_040,31,middle,73,0.9818181818181818,,,move_near,0.23304177922409508
0.012530790195893649,move_near__073__step_071,0,late,73,1.0,,,move_near,0.7421428131638095
0.017608797029893288,move_near__073__step_071,1,late,73,1.0,,,move_near,0.40046620287466794
0.017045727946013008,move_near__073__step_071,2,late,73,1.0,,,move_near,0.055024748007781454
0.006851042257166975,move_near__073__step_071,3,late,73,1.0,,,move_near,0.03739502059795541
0.019331185571467846,move_near__073__step_071,4,late,73,0.9818181818181818,,,move_near,0.04094732027306236
0.07531813846814674,move_near__073__step_071,5,late,73,0.9464285714285714,,,move_near,0.04850022683751831
0.0069024709232592164,move_near__073__step_071,6,late,73,0.9818181818181818,,,move_near,0.05926951463663954
0.011733157583164964,move_near__073__step_071,7,late,73,0.9464285714285714,,,move_near,0.08541395433553589
0.005841985266646961,move_near__073__step_071,8,late,73,0.963963963963964,,,move_near,0.14238106528318895
0.01297379357078112,move_near__073__step_071,9,late,73,0.963963963963964,,,move_near,0.12766382331392379
0.003931684789767176,move_near__073__step_071,10,late,73,0.963963963963964,,,move_near,0.1486473916502291
0.0014238669078969603,move_near__073__step_071,11,late,73,0.963963963963964,,,move_near,0.21697516343056122
0.0017492489196184343,move_near__073__step_071,12,late,73,0.9818181818181818,,,move_near,0.2500343693548075
0.0016521035752995465,move_near__073__step_071,13,late,73,1.0,,,move_near,0.17724048933598624
0.001421603997699646,move_near__073__step_071,14,late,73,0.9464285714285714,,,move_near,0.3542762470751768
0.0045401180053225975,move_near__073__step_071,15,late,73,0.9818181818181818,,,move_near,0.22066774598761185
0.0026135732720874703,move_near__073__step_071,16,late,73,0.9818181818181818,,,move_near,0.1459350055428672
0.002395942062173644,move_near__073__step_071,17,late,73,0.9464285714285714,,,move_near,0.17699962196400065
0.0035455457262861326,move_near__073__step_071,18,late,73,0.963963963963964,,,move_near,0.13148204050054346
0.002954225158693492,move_near__073__step_071,19,late,73,0.9464285714285714,,,move_near,0.09403504325501899
0.00262593760751345,move_near__073__step_071,20,late,73,0.963963963963964,,,move_near,0.1343866975854553
0.0017773446044416644,move_near__073__step_071,21,late,73,0.9818181818181818,,,move_near,0.08900887748828268
0.0030434189238561582,move_near__073__step_071,22,late,73,0.963963963963964,,,move_near,0.1151985809380136
0.003276673147856959,move_near__073__step_071,23,late,73,0.9818181818181818,,,move_near,0.08176619938821261
0.003065261021668702,move_near__073__step_071,24,late,73,0.9292035398230089,,,move_near,0.07918648662897354
0.002923150454362469,move_near__073__step_071,25,late,73,0.9818181818181818,,,move_near,0.08392742063911385
0.004008504446365031,move_near__073__step_071,26,late,73,0.9464285714285714,,,move_near,0.13904457539021564
0.0036259592529606995,move_near__073__step_071,27,late,73,1.0,,,move_near,0.11389854260639254
0.005360748877948302,move_near__073__step_071,28,late,73,0.963963963963964,,,move_near,0.10928210033220864
0.005275092606315147,move_near__073__step_071,29,late,73,0.963963963963964,,,move_near,0.17273255853220348
0.012923202473241358,move_near__073__step_071,30,late,73,0.9122807017543859,,,move_near,0.1521494204218925
0.022029773830603717,move_near__073__step_071,31,late,73,0.9818181818181818,,,move_near,0.22820759149544756
