task,seed,vanilla,shr,l11_matched
google_robot_open_drawer,0,False,True,False
google_robot_open_drawer,1,False,False,True
google_robot_open_drawer,2,False,False,True
google_robot_open_drawer,3,False,False,False
google_robot_open_drawer,4,False,True,False
google_robot_open_drawer,5,False,False,False
google_robot_open_drawer,6,True,True,True
google_robot_open_drawer,7,True,False,True
google_robot_open_drawer,8,False,True,False
google_robot_open_drawer,9,False,False,False
google_robot_open_drawer,10,False,True,True
google_robot_open_drawer,11,True,True,True
google_robot_open_drawer,12,False,False,False
google_robot_open_drawer,13,True,False,False
google_robot_open_drawer,14,True,False,True
google_robot_open_drawer,15,False,True,False
google_robot_open_drawer,16,False,False,False
google_robot_open_drawer,17,False,True,True
google_robot_open_drawer,18,True,True,True
google_robot_open_drawer,19,False,False,False
google_robot_open_drawer,20,True,True,True
google_robot_open_drawer,21,False,False,False
google_robot_open_drawer,22,True,False,True
google_robot_open_drawer,23,False,False,False
google_robot_open_drawer,24,True,True,True
google_robot_open_drawer,25,True,False,True
google_robot_open_drawer,26,False,True,False
google_robot_open_drawer,27,False,False,False
google_robot_open_drawer,28,False,False,False
google_robot_open_drawer,29,False,True,True
google_robot_open_drawer,30,False,False,False
google_robot_open_drawer,31,False,False,True
google_robot_open_drawer,32,False,True,True
google_robot_open_drawer,33,True,True,True
google_robot_open_drawer,34,False,False,False
google_robot_open_drawer,35,False,True,True
google_robot_open_drawer,36,False,False,True
google_robot_open_drawer,37,False,False,False
google_robot_open_drawer,38,False,False,False
google_robot_open_drawer,39,False,False,True
google_robot_open_drawer,40,False,False,True
google_robot_open_drawer,41,False,True,False
google_robot_open_drawer,42,True,False,False
google_robot_open_drawer,43,True,True,True
google_robot_open_drawer,44,False,True,False
google_robot_open_drawer,45,True,True,True
google_robot_open_drawer,46,False,True,False
google_robot_open_drawer,47,False,False,False
google_robot_open_drawer,48,False,True,False
google_robot_open_drawer,49,False,False,False
google_robot_open_drawer,50,True,True,True
google_robot_open_drawer,51,False,False,False
google_robot_open_drawer,52,True,True,True
google_robot_open_drawer,53,False,False,False
google_robot_open_drawer,54,False,False,False
google_robot_open_drawer,55,True,True,False
google_robot_open_drawer,56,False,True,True
google_robot_open_drawer,57,False,False,False
google_robot_open_drawer,58,False,True,False
google_robot_open_drawer,59,False,True,False
google_robot_open_drawer,60,False,True,True
google_robot_open_drawer,61,False,False,False
google_robot_open_drawer,62,False,False,False
google_robot_open_drawer,63,False,True,True
google_robot_open_drawer,64,False,True,True
google_robot_open_drawer,65,False,False,False
google_robot_open_drawer,66,False,True,True
google_robot_open_drawer,67,False,False,False
google_robot_open_drawer,68,False,False,True
google_robot_open_drawer,69,False,True,False
google_robot_open_drawer,70,False,False,False
google_robot_open_drawer,71,True,True,False
google_robot_open_drawer,72,False,False,True
google_robot_open_drawer,73,False,False,False
google_robot_open_drawer,74,False,False,True
google_robot_open_drawer,75,True,True,True
google_robot_open_drawer,76,False,True,True
google_robot_open_drawer,77,True,True,True
google_robot_open_drawer,78,False,False,False
google_robot_open_drawer,79,False,True,True
google_robot_open_drawer,80,True,False,True
google_robot_open_drawer,81,True,True,True
google_robot_open_drawer,82,False,False,True
google_robot_open_drawer,83,False,False,True
google_robot_open_drawer,84,False,False,False
google_robot_open_drawer,85,False,True,True
google_robot_open_drawer,86,False,True,True
google_robot_open_drawer,87,False,False,False
google_robot_open_drawer,88,True,True,True
google_robot_open_drawer,89,False,False,True
google_robot_open_drawer,90,False,False,False
google_robot_open_drawer,91,False,False,False
google_robot_open_drawer,92,False,False,False
google_robot_open_drawer,93,False,True,True
google_robot_open_drawer,94,True,False,False
google_robot_open_drawer,95,False,False,False
google_robot_open_drawer,96,True,True,True
google_robot_open_drawer,97,False,False,True
google_robot_open_drawer,98,True,True,True
google_robot_open_drawer,99,True,True,True
google_robot_open_drawer,100,False,False,False
google_robot_open_drawer,101,False,False,False
google_robot_open_drawer,102,False,False,True
google_robot_open_drawer,103,False,False,True
google_robot_open_drawer,104,False,True,True
google_robot_open_drawer,105,False,False,True
google_robot_open_drawer,106,False,True,True
google_robot_open_drawer,107,False,True,True
google_robot_open_drawer,108,False,True,True
google_robot_open_drawer,109,False,False,False
google_robot_open_drawer,110,False,True,False
google_robot_open_drawer,111,False,True,True
google_robot_open_drawer,112,False,False,True
google_robot_open_drawer,113,False,True,False
google_robot_open_drawer,114,False,False,True
google_robot_open_drawer,115,False,False,False
google_robot_open_drawer,116,False,False,False
google_robot_open_drawer,117,False,True,True
google_robot_open_drawer,118,False,False,False
google_robot_open_drawer,119,False,False,False
google_robot_open_drawer,120,False,True,False
google_robot_open_drawer,121,False,False,False
google_robot_open_drawer,122,True,False,True
google_robot_open_drawer,123,False,False,False
google_robot_open_drawer,124,False,False,False
google_robot_open_drawer,125,False,False,False
google_robot_open_drawer,126,False,False,False
google_robot_open_drawer,127,False,False,False
google_robot_open_drawer,128,False,False,True
google_robot_open_drawer,129,False,False,True
google_robot_open_drawer,130,False,False,True
google_robot_open_drawer,131,False,True,False
google_robot_open_drawer,132,False,True,True
google_robot_open_drawer,133,False,False,False
google_robot_open_drawer,134,False,False,False
google_robot_open_drawer,135,False,True,False
google_robot_open_drawer,136,False,False,False
google_robot_open_drawer,137,False,False,False
google_robot_open_drawer,138,False,False,False
google_robot_open_drawer,139,False,True,True
google_robot_open_drawer,140,True,False,True
google_robot_open_drawer,141,False,False,False
google_robot_open_drawer,142,False,False,False
google_robot_open_drawer,143,False,False,False
google_robot_open_drawer,144,False,False,True
google_robot_open_drawer,145,False,False,True
google_robot_open_drawer,146,False,False,False
google_robot_open_drawer,147,False,False,False
google_robot_open_drawer,148,False,False,False
google_robot_open_drawer,149,False,False,False
google_robot_open_drawer,150,True,False,False
google_robot_open_drawer,151,False,True,False
google_robot_open_drawer,152,True,True,False
google_robot_open_drawer,153,False,True,True
google_robot_open_drawer,154,False,False,False
google_robot_open_drawer,155,False,True,False
google_robot_open_drawer,156,False,False,False
google_robot_open_drawer,157,False,False,True
google_robot_open_drawer,158,False,True,False
google_robot_open_drawer,159,False,True,False
google_robot_open_drawer,160,False,False,False
google_robot_open_drawer,161,False,False,True
google_robot_open_drawer,162,False,False,False
google_robot_open_drawer,163,False,True,False
google_robot_open_drawer,164,False,False,False
google_robot_open_drawer,165,False,False,False
google_robot_open_drawer,166,False,False,False
google_robot_open_drawer,167,False,False,False
google_robot_open_drawer,168,False,True,True
google_robot_open_drawer,169,False,False,True
google_robot_open_drawer,170,False,True,False
google_robot_open_drawer,171,False,True,True
google_robot_open_drawer,172,False,False,False
google_robot_open_drawer,173,True,True,True
google_robot_open_drawer,174,False,False,True
google_robot_open_drawer,175,True,False,True
google_robot_open_drawer,176,False,True,False
google_robot_open_drawer,177,False,True,True
google_robot_open_drawer,178,False,False,True
google_robot_open_drawer,179,True,True,True
google_robot_open_drawer,180,False,True,True
google_robot_open_drawer,181,False,True,True
google_robot_open_drawer,182,False,True,False
google_robot_open_drawer,183,False,True,True
google_robot_open_drawer,184,True,False,False
google_robot_open_drawer,185,True,False,True
google_robot_open_drawer,186,False,True,True
google_robot_open_drawer,187,False,False,False
google_robot_open_drawer,188,True,False,True
google_robot_open_drawer,189,False,False,False
google_robot_open_drawer,190,False,False,False
google_robot_open_drawer,191,False,True,True
google_robot_open_drawer,192,False,True,True
google_robot_open_drawer,193,False,False,False
google_robot_open_drawer,194,False,True,False
google_robot_open_drawer,195,True,True,True
google_robot_open_drawer,196,False,True,False
google_robot_open_drawer,197,False,True,True
google_robot_open_drawer,198,False,True,True
google_robot_open_drawer,199,True,True,True
google_robot_open_drawer,200,False,True,True
google_robot_open_drawer,201,True,True,False
google_robot_open_drawer,202,False,False,False
google_robot_open_drawer,203,False,True,False
google_robot_open_drawer,204,False,False,False
google_robot_open_drawer,205,True,True,False
google_robot_open_drawer,206,False,False,False
google_robot_open_drawer,207,False,False,False
google_robot_open_drawer,208,True,True,True
google_robot_open_drawer,209,True,False,False
google_robot_open_drawer,210,False,False,True
google_robot_open_drawer,211,False,False,False
google_robot_open_drawer,212,False,False,False
google_robot_open_drawer,213,True,True,False
google_robot_open_drawer,214,False,True,False
google_robot_open_drawer,215,True,True,False
google_robot_open_drawer,216,False,False,False
google_robot_open_drawer,217,False,False,False
google_robot_open_drawer,218,False,True,True
google_robot_open_drawer,219,False,True,True
google_robot_open_drawer,220,False,True,True
google_robot_open_drawer,221,True,True,True
google_robot_open_drawer,222,False,False,False
google_robot_open_drawer,223,False,False,True
google_robot_open_drawer,224,False,True,False
google_robot_open_drawer,225,False,False,False
google_robot_open_drawer,226,False,False,False
google_robot_open_drawer,227,False,True,True
google_robot_open_drawer,228,True,False,True
google_robot_open_drawer,229,False,True,True
google_robot_open_drawer,230,True,True,False
google_robot_open_drawer,231,True,True,True
google_robot_open_drawer,232,False,False,False
google_robot_open_drawer,233,True,True,True
google_robot_open_drawer,234,True,True,True
google_robot_open_drawer,235,True,False,True
google_robot_open_drawer,236,False,False,True
google_robot_open_drawer,237,False,False,False
google_robot_open_drawer,238,False,False,False
google_robot_open_drawer,239,False,False,False
google_robot_open_drawer,240,False,True,True
google_robot_open_drawer,241,True,True,False
google_robot_open_drawer,242,False,True,False
google_robot_open_drawer,243,False,False,False
google_robot_open_drawer,244,False,False,False
google_robot_open_drawer,245,True,True,True
google_robot_open_drawer,246,True,True,False
google_robot_open_drawer,247,True,True,True
google_robot_open_drawer,248,False,False,False
google_robot_open_drawer,249,False,True,True
google_robot_open_drawer,250,True,False,True
google_robot_open_drawer,251,True,False,True
google_robot_open_drawer,252,False,False,False
google_robot_open_drawer,253,False,False,True
google_robot_open_drawer,254,True,True,True
google_robot_open_drawer,255,False,False,False
google_robot_open_drawer,256,True,True,True
google_robot_open_drawer,257,False,True,False
google_robot_open_drawer,258,False,False,True
google_robot_open_drawer,259,False,True,True
google_robot_open_drawer,260,False,False,False
google_robot_open_drawer,261,False,True,True
google_robot_open_drawer,262,False,True,True
google_robot_open_drawer,263,True,False,True
google_robot_open_drawer,264,True,True,True
google_robot_open_drawer,265,False,False,True
google_robot_open_drawer,266,False,True,False
google_robot_open_drawer,267,False,True,True
google_robot_open_drawer,268,False,True,True
google_robot_open_drawer,269,False,False,False
google_robot_open_drawer,270,False,False,False
google_robot_open_drawer,271,True,True,True
google_robot_open_drawer,272,False,False,False
google_robot_open_drawer,273,True,True,True
google_robot_open_drawer,274,False,False,False
google_robot_open_drawer,275,False,True,False
google_robot_open_drawer,276,False,False,True
google_robot_open_drawer,277,False,False,True
google_robot_open_drawer,278,True,True,True
google_robot_open_drawer,279,False,False,False
google_robot_open_drawer,280,False,True,True
google_robot_open_drawer,281,True,True,True
google_robot_open_drawer,282,True,True,True
google_robot_open_drawer,283,False,True,True
google_robot_open_drawer,284,True,True,True
google_robot_open_drawer,285,True,True,True
google_robot_open_drawer,286,False,False,True
google_robot_open_drawer,287,False,False,False
google_robot_open_drawer,288,False,False,False
google_robot_open_drawer,289,False,False,False
google_robot_open_drawer,290,True,True,True
google_robot_open_drawer,291,False,False,False
google_robot_open_drawer,292,True,True,False
google_robot_open_drawer,293,False,True,False
google_robot_open_drawer,294,False,False,False
google_robot_open_drawer,295,False,False,True
google_robot_open_drawer,296,False,True,False
google_robot_open_drawer,297,False,True,True
google_robot_open_drawer,298,False,True,True
google_robot_open_drawer,299,False,False,False
google_robot_close_drawer,0,False,True,True
google_robot_close_drawer,1,False,False,True
google_robot_close_drawer,2,False,False,True
google_robot_close_drawer,3,True,True,True
google_robot_close_drawer,4,True,True,True
google_robot_close_drawer,5,False,True,True
google_robot_close_drawer,6,False,True,True
google_robot_close_drawer,7,True,True,True
google_robot_close_drawer,8,True,True,True
google_robot_close_drawer,9,True,True,False
google_robot_close_drawer,10,True,True,True
google_robot_close_drawer,11,True,True,True
google_robot_close_drawer,12,False,False,True
google_robot_close_drawer,13,False,True,True
google_robot_close_drawer,14,True,True,True
google_robot_close_drawer,15,False,True,True
google_robot_close_drawer,16,True,False,True
google_robot_close_drawer,17,False,True,False
google_robot_close_drawer,18,False,True,True
google_robot_close_drawer,19,True,False,True
google_robot_close_drawer,20,True,True,True
google_robot_close_drawer,21,False,False,False
google_robot_close_drawer,22,False,False,True
google_robot_close_drawer,23,True,True,True
google_robot_close_drawer,24,False,True,True
google_robot_close_drawer,25,True,True,True
google_robot_close_drawer,26,True,True,True
google_robot_close_drawer,27,False,False,True
google_robot_close_drawer,28,True,False,True
google_robot_close_drawer,29,True,True,True
google_robot_close_drawer,30,True,False,True
google_robot_close_drawer,31,False,True,True
google_robot_close_drawer,32,False,True,True
google_robot_close_drawer,33,True,True,True
google_robot_close_drawer,34,False,True,False
google_robot_close_drawer,35,False,False,True
google_robot_close_drawer,36,False,False,False
google_robot_close_drawer,37,True,True,True
google_robot_close_drawer,38,False,True,True
google_robot_close_drawer,39,True,True,True
google_robot_close_drawer,40,True,True,True
google_robot_close_drawer,41,True,True,True
google_robot_close_drawer,42,True,True,True
google_robot_close_drawer,43,True,True,True
google_robot_close_drawer,44,True,True,True
google_robot_close_drawer,45,False,True,True
google_robot_close_drawer,46,True,True,True
google_robot_close_drawer,47,False,True,True
google_robot_close_drawer,48,True,True,True
google_robot_close_drawer,49,True,True,False
google_robot_close_drawer,50,True,True,True
google_robot_close_drawer,51,False,True,True
google_robot_close_drawer,52,False,True,True
google_robot_close_drawer,53,True,False,True
google_robot_close_drawer,54,False,False,False
google_robot_close_drawer,55,False,True,False
google_robot_close_drawer,56,True,True,True
google_robot_close_drawer,57,True,True,False
google_robot_close_drawer,58,True,True,True
google_robot_close_drawer,59,True,True,True
google_robot_close_drawer,60,True,True,True
google_robot_close_drawer,61,False,False,False
google_robot_close_drawer,62,True,True,True
google_robot_close_drawer,63,True,True,True
google_robot_close_drawer,64,True,True,True
google_robot_close_drawer,65,False,False,True
google_robot_close_drawer,66,True,True,True
google_robot_close_drawer,67,False,True,False
google_robot_close_drawer,68,False,True,True
google_robot_close_drawer,69,False,True,True
google_robot_close_drawer,70,False,True,True
google_robot_close_drawer,71,False,True,False
google_robot_close_drawer,72,True,True,True
google_robot_close_drawer,73,False,False,False
google_robot_close_drawer,74,True,True,True
google_robot_close_drawer,75,True,True,True
google_robot_close_drawer,76,False,True,True
google_robot_close_drawer,77,True,True,True
google_robot_close_drawer,78,False,True,False
google_robot_close_drawer,79,True,True,True
google_robot_close_drawer,80,True,True,True
google_robot_close_drawer,81,False,False,False
google_robot_close_drawer,82,True,True,True
google_robot_close_drawer,83,False,True,True
google_robot_close_drawer,84,False,False,True
google_robot_close_drawer,85,False,True,True
google_robot_close_drawer,86,True,True,True
google_robot_close_drawer,87,False,True,True
google_robot_close_drawer,88,True,True,True
google_robot_close_drawer,89,True,True,True
google_robot_close_drawer,90,False,False,False
google_robot_close_drawer,91,False,True,False
google_robot_close_drawer,92,True,True,True
google_robot_close_drawer,93,True,True,True
google_robot_close_drawer,94,False,False,False
google_robot_close_drawer,95,True,True,True
google_robot_close_drawer,96,True,True,True
google_robot_close_drawer,97,True,False,True
google_robot_close_drawer,98,True,True,True
google_robot_close_drawer,99,True,True,True
google_robot_close_drawer,100,False,False,True
google_robot_close_drawer,101,False,True,False
google_robot_close_drawer,102,True,True,True
google_robot_close_drawer,103,True,True,True
google_robot_close_drawer,104,True,True,True
google_robot_close_drawer,105,True,True,True
google_robot_close_drawer,106,True,True,True
google_robot_close_drawer,107,False,True,True
google_robot_close_drawer,108,False,True,False
google_robot_close_drawer,109,True,True,False
google_robot_close_drawer,110,True,True,True
google_robot_close_drawer,111,True,True,True
google_robot_close_drawer,112,False,False,True
google_robot_close_drawer,113,False,False,True
google_robot_close_drawer,114,False,True,True
google_robot_close_drawer,115,False,True,True
google_robot_close_drawer,116,False,True,False
google_robot_close_drawer,117,False,False,False
google_robot_close_drawer,118,False,False,True
google_robot_close_drawer,119,False,False,False
google_robot_close_drawer,120,False,False,False
google_robot_close_drawer,121,False,False,False
google_robot_close_drawer,122,True,True,True
google_robot_close_drawer,123,False,False,False
google_robot_close_drawer,124,False,True,True
google_robot_close_drawer,125,False,False,False
google_robot_close_drawer,126,False,False,False
google_robot_close_drawer,127,False,False,False
google_robot_close_drawer,128,True,False,True
google_robot_close_drawer,129,False,False,True
google_robot_close_drawer,130,True,False,True
google_robot_close_drawer,131,True,True,True
google_robot_close_drawer,132,True,True,True
google_robot_close_drawer,133,False,False,False
google_robot_close_drawer,134,True,True,False
google_robot_close_drawer,135,False,True,True
google_robot_close_drawer,136,True,False,True
google_robot_close_drawer,137,False,False,True
google_robot_close_drawer,138,False,False,False
google_robot_close_drawer,139,True,True,True
google_robot_close_drawer,140,True,True,True
google_robot_close_drawer,141,False,False,True
google_robot_close_drawer,142,False,True,True
google_robot_close_drawer,143,False,False,True
google_robot_close_drawer,144,False,False,True
google_robot_close_drawer,145,False,False,True
google_robot_close_drawer,146,True,True,True
google_robot_close_drawer,147,True,True,False
google_robot_close_drawer,148,True,True,True
google_robot_close_drawer,149,False,True,True
google_robot_close_drawer,150,True,True,True
google_robot_close_drawer,151,False,True,True
google_robot_close_drawer,152,True,True,True
google_robot_close_drawer,153,True,True,True
google_robot_close_drawer,154,True,False,True
google_robot_close_drawer,155,False,True,True
google_robot_close_drawer,156,False,False,True
google_robot_close_drawer,157,True,True,True
google_robot_close_drawer,158,False,False,False
google_robot_close_drawer,159,True,True,True
google_robot_close_drawer,160,False,False,True
google_robot_close_drawer,161,True,True,True
google_robot_close_drawer,162,False,False,True
google_robot_close_drawer,163,True,True,True
google_robot_close_drawer,164,False,False,True
google_robot_close_drawer,165,True,False,False
google_robot_close_drawer,166,False,True,False
google_robot_close_drawer,167,False,True,True
google_robot_close_drawer,168,False,True,True
google_robot_close_drawer,169,False,True,True
google_robot_close_drawer,170,False,True,True
google_robot_close_drawer,171,True,True,True
google_robot_close_drawer,172,False,False,True
google_robot_close_drawer,173,True,True,True
google_robot_close_drawer,174,False,True,True
google_robot_close_drawer,175,True,True,True
google_robot_close_drawer,176,False,True,True
google_robot_close_drawer,177,False,False,False
google_robot_close_drawer,178,True,True,True
google_robot_close_drawer,179,True,True,True
google_robot_close_drawer,180,False,False,False
google_robot_close_drawer,181,True,True,True
google_robot_close_drawer,182,False,False,False
google_robot_close_drawer,183,True,True,True
google_robot_close_drawer,184,False,True,True
google_robot_close_drawer,185,True,True,True
google_robot_close_drawer,186,True,True,True
google_robot_close_drawer,187,False,False,True
google_robot_close_drawer,188,True,True,False
google_robot_close_drawer,189,True,False,True
google_robot_close_drawer,190,False,True,True
google_robot_close_drawer,191,True,True,True
google_robot_close_drawer,192,True,True,True
google_robot_close_drawer,193,False,True,True
google_robot_close_drawer,194,False,False,True
google_robot_close_drawer,195,True,True,True
google_robot_close_drawer,196,False,False,False
google_robot_close_drawer,197,True,True,True
google_robot_close_drawer,198,True,True,True
google_robot_close_drawer,199,True,True,True
google_robot_close_drawer,200,False,False,False
google_robot_close_drawer,201,True,True,True
google_robot_close_drawer,202,False,True,False
google_robot_close_drawer,203,False,True,True
google_robot_close_drawer,204,True,False,True
google_robot_close_drawer,205,True,False,True
google_robot_close_drawer,206,False,False,False
google_robot_close_drawer,207,False,True,False
google_robot_close_drawer,208,False,True,False
google_robot_close_drawer,209,False,False,False
google_robot_close_drawer,210,False,True,True
google_robot_close_drawer,211,False,True,True
google_robot_close_drawer,212,True,False,False
google_robot_close_drawer,213,True,True,True
google_robot_close_drawer,214,True,True,True
google_robot_close_drawer,215,True,False,True
google_robot_close_drawer,216,False,True,False
google_robot_close_drawer,217,False,False,True
google_robot_close_drawer,218,False,True,False
google_robot_close_drawer,219,True,True,True
google_robot_close_drawer,220,True,True,True
google_robot_close_drawer,221,True,True,True
google_robot_close_drawer,222,True,True,True
google_robot_close_drawer,223,True,False,False
google_robot_close_drawer,224,True,True,True
google_robot_close_drawer,225,False,True,True
google_robot_close_drawer,226,False,False,True
google_robot_close_drawer,227,True,True,True
google_robot_close_drawer,228,False,True,True
google_robot_close_drawer,229,True,True,True
google_robot_close_drawer,230,True,True,True
google_robot_close_drawer,231,True,True,True
google_robot_close_drawer,232,True,False,True
google_robot_close_drawer,233,True,True,True
google_robot_close_drawer,234,True,True,True
google_robot_close_drawer,235,True,True,True
google_robot_close_drawer,236,False,False,False
google_robot_close_drawer,237,False,True,False
google_robot_close_drawer,238,True,True,False
google_robot_close_drawer,239,False,False,False
google_robot_close_drawer,240,True,True,True
google_robot_close_drawer,241,True,True,True
google_robot_close_drawer,242,False,True,True
google_robot_close_drawer,243,False,False,False
google_robot_close_drawer,244,False,True,True
google_robot_close_drawer,245,False,True,True
google_robot_close_drawer,246,True,True,True
google_robot_close_drawer,247,True,True,True
google_robot_close_drawer,248,False,True,True
google_robot_close_drawer,249,True,True,True
google_robot_close_drawer,250,False,True,True
google_robot_close_drawer,251,True,True,True
google_robot_close_drawer,252,False,False,True
google_robot_close_drawer,253,False,True,True
google_robot_close_drawer,254,False,True,False
google_robot_close_drawer,255,False,True,False
google_robot_close_drawer,256,True,True,True
google_robot_close_drawer,257,False,True,True
google_robot_close_drawer,258,False,False,True
google_robot_close_drawer,259,True,True,True
google_robot_close_drawer,260,False,True,True
google_robot_close_drawer,261,True,True,True
google_robot_close_drawer,262,False,True,False
google_robot_close_drawer,263,True,True,True
google_robot_close_drawer,264,False,True,True
google_robot_close_drawer,265,False,False,True
google_robot_close_drawer,266,True,False,True
google_robot_close_drawer,267,True,True,True
google_robot_close_drawer,268,False,False,False
google_robot_close_drawer,269,False,False,True
google_robot_close_drawer,270,False,False,True
google_robot_close_drawer,271,True,True,True
google_robot_close_drawer,272,False,False,True
google_robot_close_drawer,273,True,True,True
google_robot_close_drawer,274,True,False,False
google_robot_close_drawer,275,False,False,False
google_robot_close_drawer,276,True,True,True
google_robot_close_drawer,277,False,False,False
google_robot_close_drawer,278,True,True,True
google_robot_close_drawer,279,False,False,False
google_robot_close_drawer,280,True,True,True
google_robot_close_drawer,281,True,True,True
google_robot_close_drawer,282,False,False,False
google_robot_close_drawer,283,True,True,True
google_robot_close_drawer,284,True,True,True
google_robot_close_drawer,285,False,False,False
google_robot_close_drawer,286,False,True,True
google_robot_close_drawer,287,False,False,False
google_robot_close_drawer,288,True,True,True
google_robot_close_drawer,289,False,True,False
google_robot_close_drawer,290,True,True,True
google_robot_close_drawer,291,True,False,True
google_robot_close_drawer,292,True,True,True
google_robot_close_drawer,293,True,True,True
google_robot_close_drawer,294,False,False,True
google_robot_close_drawer,295,True,True,True
google_robot_close_drawer,296,True,True,True
google_robot_close_drawer,297,True,True,True
google_robot_close_drawer,298,True,True,True
google_robot_close_drawer,299,False,True,False
google_robot_pick_coke_can,0,False,False,True
google_robot_pick_coke_can,1,False,False,False
google_robot_pick_coke_can,2,False,False,True
google_robot_pick_coke_can,3,True,True,True
google_robot_pick_coke_can,4,False,False,False
google_robot_pick_coke_can,5,True,True,False
google_robot_pick_coke_can,6,False,False,False
google_robot_pick_coke_can,7,False,True,True
google_robot_pick_coke_can,8,False,False,False
google_robot_pick_coke_can,9,True,True,True
google_robot_pick_coke_can,10,False,False,False
google_robot_pick_coke_can,11,False,False,False
google_robot_pick_coke_can,12,True,False,True
google_robot_pick_coke_can,13,False,True,True
google_robot_pick_coke_can,14,False,True,True
google_robot_pick_coke_can,15,False,True,True
google_robot_pick_coke_can,16,False,True,False
google_robot_pick_coke_can,17,False,False,False
google_robot_pick_coke_can,18,False,True,True
google_robot_pick_coke_can,19,False,False,False
google_robot_pick_coke_can,20,False,False,False
google_robot_pick_coke_can,21,False,False,False
google_robot_pick_coke_can,22,False,False,False
google_robot_pick_coke_can,23,False,True,True
google_robot_pick_coke_can,24,False,True,False
google_robot_pick_coke_can,25,True,True,True
google_robot_pick_coke_can,26,False,False,False
google_robot_pick_coke_can,27,True,True,True
google_robot_pick_coke_can,28,False,False,True
google_robot_pick_coke_can,29,False,False,False
google_robot_pick_coke_can,30,False,True,False
google_robot_pick_coke_can,31,False,False,False
google_robot_pick_coke_can,32,False,False,False
google_robot_pick_coke_can,33,True,True,True
google_robot_pick_coke_can,34,False,False,True
google_robot_pick_coke_can,35,False,False,False
google_robot_pick_coke_can,36,False,False,False
google_robot_pick_coke_can,37,False,False,True
google_robot_pick_coke_can,38,False,False,False
google_robot_pick_coke_can,39,False,True,False
google_robot_pick_coke_can,40,False,True,True
google_robot_pick_coke_can,41,True,False,False
google_robot_pick_coke_can,42,False,False,True
google_robot_pick_coke_can,43,False,True,True
google_robot_pick_coke_can,44,False,False,True
google_robot_pick_coke_can,45,False,True,False
google_robot_pick_coke_can,46,True,False,True
google_robot_pick_coke_can,47,False,True,False
google_robot_pick_coke_can,48,True,True,True
google_robot_pick_coke_can,49,True,True,False
google_robot_pick_coke_can,50,False,True,True
google_robot_pick_coke_can,51,False,False,False
google_robot_pick_coke_can,52,False,True,False
google_robot_pick_coke_can,53,False,True,True
google_robot_pick_coke_can,54,True,False,False
google_robot_pick_coke_can,55,False,False,False
google_robot_pick_coke_can,56,False,False,False
google_robot_pick_coke_can,57,False,False,True
google_robot_pick_coke_can,58,True,False,False
google_robot_pick_coke_can,59,False,True,True
google_robot_pick_coke_can,60,False,False,False
google_robot_pick_coke_can,61,False,True,False
google_robot_pick_coke_can,62,False,True,True
google_robot_pick_coke_can,63,False,False,True
google_robot_pick_coke_can,64,False,False,True
google_robot_pick_coke_can,65,False,False,False
google_robot_pick_coke_can,66,False,False,False
google_robot_pick_coke_can,67,False,False,False
google_robot_pick_coke_can,68,False,False,True
google_robot_pick_coke_can,69,True,True,False
google_robot_pick_coke_can,70,False,False,False
google_robot_pick_coke_can,71,False,False,False
google_robot_pick_coke_can,72,False,True,True
google_robot_pick_coke_can,73,True,False,True
google_robot_pick_coke_can,74,False,True,True
google_robot_pick_coke_can,75,False,False,False
google_robot_pick_coke_can,76,False,False,False
google_robot_pick_coke_can,77,False,False,False
google_robot_pick_coke_can,78,False,False,True
google_robot_pick_coke_can,79,True,False,False
google_robot_pick_coke_can,80,True,False,True
google_robot_pick_coke_can,81,False,False,False
google_robot_pick_coke_can,82,True,True,False
google_robot_pick_coke_can,83,False,True,False
google_robot_pick_coke_can,84,False,False,False
google_robot_pick_coke_can,85,True,True,True
google_robot_pick_coke_can,86,False,True,False
google_robot_pick_coke_can,87,False,False,True
google_robot_pick_coke_can,88,False,True,True
google_robot_pick_coke_can,89,False,True,False
google_robot_pick_coke_can,90,False,False,False
google_robot_pick_coke_can,91,True,True,True
google_robot_pick_coke_can,92,False,False,True
google_robot_pick_coke_can,93,False,False,True
google_robot_pick_coke_can,94,True,True,True
google_robot_pick_coke_can,95,True,False,False
google_robot_pick_coke_can,96,False,True,False
google_robot_pick_coke_can,97,False,True,False
google_robot_pick_coke_can,98,False,False,True
google_robot_pick_coke_can,99,True,False,False
google_robot_pick_coke_can,100,False,False,False
google_robot_pick_coke_can,101,False,False,True
google_robot_pick_coke_can,102,True,False,True
google_robot_pick_coke_can,103,False,False,False
google_robot_pick_coke_can,104,False,False,False
google_robot_pick_coke_can,105,False,False,False
google_robot_pick_coke_can,106,False,False,False
google_robot_pick_coke_can,107,True,True,False
google_robot_pick_coke_can,108,False,False,False
google_robot_pick_coke_can,109,True,False,True
google_robot_pick_coke_can,110,True,True,True
google_robot_pick_coke_can,111,False,False,False
google_robot_pick_coke_can,112,True,True,True
google_robot_pick_coke_can,113,False,False,False
google_robot_pick_coke_can,114,True,False,False
google_robot_pick_coke_can,115,True,True,True
google_robot_pick_coke_can,116,False,False,False
google_robot_pick_coke_can,117,True,False,False
google_robot_pick_coke_can,118,False,True,True
google_robot_pick_coke_can,119,False,False,False
google_robot_pick_coke_can,120,False,False,False
google_robot_pick_coke_can,121,True,True,True
google_robot_pick_coke_can,122,False,True,True
google_robot_pick_coke_can,123,False,False,False
google_robot_pick_coke_can,124,True,True,True
google_robot_pick_coke_can,125,False,False,False
google_robot_pick_coke_can,126,False,False,True
google_robot_pick_coke_can,127,False,False,False
google_robot_pick_coke_can,128,False,False,False
google_robot_pick_coke_can,129,False,False,True
google_robot_pick_coke_can,130,False,False,False
google_robot_pick_coke_can,131,True,False,True
google_robot_pick_coke_can,132,False,True,True
google_robot_pick_coke_can,133,False,True,False
google_robot_pick_coke_can,134,True,False,False
google_robot_pick_coke_can,135,False,True,False
google_robot_pick_coke_can,136,False,False,False
google_robot_pick_coke_can,137,False,False,False
google_robot_pick_coke_can,138,True,False,False
google_robot_pick_coke_can,139,True,False,True
google_robot_pick_coke_can,140,False,False,True
google_robot_pick_coke_can,141,False,False,False
google_robot_pick_coke_can,142,False,False,False
google_robot_pick_coke_can,143,False,False,False
google_robot_pick_coke_can,144,True,False,False
google_robot_pick_coke_can,145,False,False,True
google_robot_pick_coke_can,146,True,True,True
google_robot_pick_coke_can,147,True,False,True
google_robot_pick_coke_can,148,False,False,True
google_robot_pick_coke_can,149,False,False,False
google_robot_pick_coke_can,150,False,False,False
google_robot_pick_coke_can,151,False,True,False
google_robot_pick_coke_can,152,False,False,False
google_robot_pick_coke_can,153,False,True,True
google_robot_pick_coke_can,154,True,False,True
google_robot_pick_coke_can,155,True,False,False
google_robot_pick_coke_can,156,True,True,True
google_robot_pick_coke_can,157,False,False,False
google_robot_pick_coke_can,158,False,False,False
google_robot_pick_coke_can,159,False,False,False
google_robot_pick_coke_can,160,False,False,False
google_robot_pick_coke_can,161,False,False,False
google_robot_pick_coke_can,162,False,False,True
google_robot_pick_coke_can,163,False,False,False
google_robot_pick_coke_can,164,True,False,False
google_robot_pick_coke_can,165,False,True,True
google_robot_pick_coke_can,166,False,False,False
google_robot_pick_coke_can,167,False,False,False
google_robot_pick_coke_can,168,False,False,False
google_robot_pick_coke_can,169,False,False,False
google_robot_pick_coke_can,170,False,False,False
google_robot_pick_coke_can,171,False,False,False
google_robot_pick_coke_can,172,False,False,False
google_robot_pick_coke_can,173,False,False,True
google_robot_pick_coke_can,174,False,False,False
google_robot_pick_coke_can,175,False,False,False
google_robot_pick_coke_can,176,False,True,True
google_robot_pick_coke_can,177,False,False,False
google_robot_pick_coke_can,178,True,False,False
google_robot_pick_coke_can,179,False,False,False
google_robot_pick_coke_can,180,False,True,False
google_robot_pick_coke_can,181,False,False,False
google_robot_pick_coke_can,182,False,False,False
google_robot_pick_coke_can,183,False,True,True
google_robot_pick_coke_can,184,True,False,False
google_robot_pick_coke_can,185,True,False,True
google_robot_pick_coke_can,186,True,False,False
google_robot_pick_coke_can,187,True,False,False
google_robot_pick_coke_can,188,True,False,False
google_robot_pick_coke_can,189,False,True,False
google_robot_pick_coke_can,190,False,True,True
google_robot_pick_coke_can,191,False,False,True
google_robot_pick_coke_can,192,False,True,False
google_robot_pick_coke_can,193,True,True,True
google_robot_pick_coke_can,194,False,False,False
google_robot_pick_coke_can,195,False,False,False
google_robot_pick_coke_can,196,False,True,True
google_robot_pick_coke_can,197,True,False,False
google_robot_pick_coke_can,198,False,False,False
google_robot_pick_coke_can,199,False,False,False
google_robot_pick_coke_can,200,False,False,False
google_robot_pick_coke_can,201,False,True,False
google_robot_pick_coke_can,202,False,False,False
google_robot_pick_coke_can,203,False,False,False
google_robot_pick_coke_can,204,False,False,False
google_robot_pick_coke_can,205,False,False,False
google_robot_pick_coke_can,206,False,False,False
google_robot_pick_coke_can,207,True,True,True
google_robot_pick_coke_can,208,True,True,False
google_robot_pick_coke_can,209,False,False,False
google_robot_pick_coke_can,210,False,False,True
google_robot_pick_coke_can,211,True,True,True
google_robot_pick_coke_can,212,True,False,False
google_robot_pick_coke_can,213,False,False,True
google_robot_pick_coke_can,214,False,False,False
google_robot_pick_coke_can,215,True,True,True
google_robot_pick_coke_can,216,True,True,True
google_robot_pick_coke_can,217,True,False,False
google_robot_pick_coke_can,218,False,False,False
google_robot_pick_coke_can,219,True,False,False
google_robot_pick_coke_can,220,False,True,True
google_robot_pick_coke_can,221,False,False,False
google_robot_pick_coke_can,222,True,True,True
google_robot_pick_coke_can,223,True,True,True
google_robot_pick_coke_can,224,False,True,True
google_robot_pick_coke_can,225,False,False,False
google_robot_pick_coke_can,226,False,False,True
google_robot_pick_coke_can,227,True,True,True
google_robot_pick_coke_can,228,True,True,False
google_robot_pick_coke_can,229,False,False,False
google_robot_pick_coke_can,230,True,False,True
google_robot_pick_coke_can,231,False,False,True
google_robot_pick_coke_can,232,True,False,False
google_robot_pick_coke_can,233,False,False,False
google_robot_pick_coke_can,234,True,True,False
google_robot_pick_coke_can,235,False,False,False
google_robot_pick_coke_can,236,False,False,False
google_robot_pick_coke_can,237,False,False,False
google_robot_pick_coke_can,238,False,False,False
google_robot_pick_coke_can,239,False,True,False
google_robot_pick_coke_can,240,True,False,False
google_robot_pick_coke_can,241,True,True,False
google_robot_pick_coke_can,242,False,False,False
google_robot_pick_coke_can,243,True,False,False
google_robot_pick_coke_can,244,True,True,False
google_robot_pick_coke_can,245,False,False,False
google_robot_pick_coke_can,246,False,False,True
google_robot_pick_coke_can,247,False,False,True
google_robot_pick_coke_can,248,False,False,True
google_robot_pick_coke_can,249,False,False,True
google_robot_pick_coke_can,250,False,True,True
google_robot_pick_coke_can,251,False,False,False
google_robot_pick_coke_can,252,False,False,True
google_robot_pick_coke_can,253,True,False,True
google_robot_pick_coke_can,254,True,True,False
google_robot_pick_coke_can,255,False,False,False
google_robot_pick_coke_can,256,True,True,True
google_robot_pick_coke_can,257,False,True,False
google_robot_pick_coke_can,258,False,False,True
google_robot_pick_coke_can,259,False,False,False
google_robot_pick_coke_can,260,True,False,False
google_robot_pick_coke_can,261,False,False,False
google_robot_pick_coke_can,262,False,False,True
google_robot_pick_coke_can,263,False,False,False
google_robot_pick_coke_can,264,False,False,False
google_robot_pick_coke_can,265,False,True,True
google_robot_pick_coke_can,266,False,True,False
google_robot_pick_coke_can,267,True,True,True
google_robot_pick_coke_can,268,True,True,False
google_robot_pick_coke_can,269,False,False,True
google_robot_pick_coke_can,270,False,False,False
google_robot_pick_coke_can,271,False,False,False
google_robot_pick_coke_can,272,False,False,False
google_robot_pick_coke_can,273,True,True,True
google_robot_pick_coke_can,274,True,True,True
google_robot_pick_coke_can,275,True,True,True
google_robot_pick_coke_can,276,False,False,False
google_robot_pick_coke_can,277,False,False,False
google_robot_pick_coke_can,278,False,False,True
google_robot_pick_coke_can,279,False,False,False
google_robot_pick_coke_can,280,False,False,False
google_robot_pick_coke_can,281,False,True,False
google_robot_pick_coke_can,282,False,False,False
google_robot_pick_coke_can,283,False,False,False
google_robot_pick_coke_can,284,False,False,True
google_robot_pick_coke_can,285,False,False,True
google_robot_pick_coke_can,286,False,False,False
google_robot_pick_coke_can,287,True,False,True
google_robot_pick_coke_can,288,False,False,False
google_robot_pick_coke_can,289,False,True,True
google_robot_pick_coke_can,290,False,True,False
google_robot_pick_coke_can,291,False,False,False
google_robot_pick_coke_can,292,True,True,True
google_robot_pick_coke_can,293,False,True,True
google_robot_pick_coke_can,294,False,False,False
google_robot_pick_coke_can,295,False,False,True
google_robot_pick_coke_can,296,False,False,True
google_robot_pick_coke_can,297,False,False,True
google_robot_pick_coke_can,298,True,False,True
google_robot_pick_coke_can,299,False,False,True
google_robot_move_near,0,True,True,True
google_robot_move_near,1,False,False,False
google_robot_move_near,2,False,True,True
google_robot_move_near,3,False,True,False
google_robot_move_near,4,True,True,True
google_robot_move_near,5,True,True,True
google_robot_move_near,6,True,True,True
google_robot_move_near,7,True,True,True
google_robot_move_near,8,True,True,True
google_robot_move_near,9,True,True,True
google_robot_move_near,10,True,True,True
google_robot_move_near,11,True,True,True
google_robot_move_near,12,True,True,True
google_robot_move_near,13,False,False,False
google_robot_move_near,14,True,False,False
google_robot_move_near,15,True,True,True
google_robot_move_near,16,True,True,True
google_robot_move_near,17,True,True,True
google_robot_move_near,18,False,True,False
google_robot_move_near,19,True,True,True
google_robot_move_near,20,True,True,True
google_robot_move_near,21,True,True,True
google_robot_move_near,22,True,False,True
google_robot_move_near,23,False,False,False
google_robot_move_near,24,True,True,True
google_robot_move_near,25,True,True,True
google_robot_move_near,26,True,False,True
google_robot_move_near,27,False,False,False
google_robot_move_near,28,False,False,False
google_robot_move_near,29,True,True,True
google_robot_move_near,30,False,False,False
google_robot_move_near,31,False,False,False
google_robot_move_near,32,True,True,True
google_robot_move_near,33,False,True,False
google_robot_move_near,34,True,True,True
google_robot_move_near,35,True,True,True
google_robot_move_near,36,True,False,True
google_robot_move_near,37,True,True,True
google_robot_move_near,38,True,True,True
google_robot_move_near,39,True,True,True
google_robot_move_near,40,True,False,False
google_robot_move_near,41,False,True,False
google_robot_move_near,42,True,False,True
google_robot_move_near,43,True,True,True
google_robot_move_near,44,False,True,False
google_robot_move_near,45,True,True,True
google_robot_move_near,46,True,True,False
google_robot_move_near,47,False,False,False
google_robot_move_near,48,False,True,False
google_robot_move_near,49,False,True,False
google_robot_move_near,50,False,False,False
google_robot_move_near,51,True,True,True
google_robot_move_near,52,True,False,True
google_robot_move_near,53,True,True,True
google_robot_move_near,54,True,True,True
google_robot_move_near,55,False,False,False
google_robot_move_near,56,False,False,False
google_robot_move_near,57,True,True,True
google_robot_move_near,58,True,True,True
google_robot_move_near,59,False,False,False
google_robot_move_near,60,False,False,False
google_robot_move_near,61,True,True,True
google_robot_move_near,62,False,False,False
google_robot_move_near,63,True,True,True
google_robot_move_near,64,True,True,True
google_robot_move_near,65,True,True,True
google_robot_move_near,66,False,True,False
google_robot_move_near,67,True,True,True
google_robot_move_near,68,True,False,True
google_robot_move_near,69,True,False,False
google_robot_move_near,70,True,True,True
google_robot_move_near,71,True,False,False
google_robot_move_near,72,False,True,True
google_robot_move_near,73,False,True,True
google_robot_move_near,74,False,False,False
google_robot_move_near,75,False,False,True
google_robot_move_near,76,True,True,True
google_robot_move_near,77,True,True,True
google_robot_move_near,78,True,True,False
google_robot_move_near,79,True,True,True
google_robot_move_near,80,True,True,True
google_robot_move_near,81,True,True,True
google_robot_move_near,82,True,True,True
google_robot_move_near,83,False,False,False
google_robot_move_near,84,False,True,False
google_robot_move_near,85,False,False,False
google_robot_move_near,86,False,True,False
google_robot_move_near,87,True,False,True
google_robot_move_near,88,False,True,True
google_robot_move_near,89,False,False,False
google_robot_move_near,90,True,True,True
google_robot_move_near,91,False,False,False
google_robot_move_near,92,True,True,True
google_robot_move_near,93,False,False,False
google_robot_move_near,94,True,True,True
google_robot_move_near,95,False,True,True
google_robot_move_near,96,False,True,False
google_robot_move_near,97,True,True,True
google_robot_move_near,98,True,True,True
google_robot_move_near,99,False,False,False
google_robot_move_near,100,True,True,True
google_robot_move_near,101,False,False,False
google_robot_move_near,102,False,True,False
google_robot_move_near,103,False,False,False
google_robot_move_near,104,True,True,False
google_robot_move_near,105,False,True,False
google_robot_move_near,106,True,True,True
google_robot_move_near,107,False,True,False
google_robot_move_near,108,True,True,True
google_robot_move_near,109,True,False,False
google_robot_move_near,110,False,True,False
google_robot_move_near,111,False,True,False
google_robot_move_near,112,False,False,True
google_robot_move_near,113,False,False,False
google_robot_move_near,114,True,True,True
google_robot_move_near,115,False,False,False
google_robot_move_near,116,True,False,True
google_robot_move_near,117,True,True,True
google_robot_move_near,118,False,True,False
google_robot_move_near,119,True,True,True
google_robot_move_near,120,False,True,True
google_robot_move_near,121,True,True,True
google_robot_move_near,122,True,True,True
google_robot_move_near,123,True,True,True
google_robot_move_near,124,True,True,True
google_robot_move_near,125,True,True,True
google_robot_move_near,126,True,False,True
google_robot_move_near,127,True,True,True
google_robot_move_near,128,False,False,False
google_robot_move_near,129,False,False,False
google_robot_move_near,130,True,True,True
google_robot_move_near,131,True,True,True
google_robot_move_near,132,True,True,True
google_robot_move_near,133,True,True,True
google_robot_move_near,134,True,True,True
google_robot_move_near,135,False,True,True
google_robot_move_near,136,False,False,False
google_robot_move_near,137,False,False,False
google_robot_move_near,138,True,True,True
google_robot_move_near,139,True,True,True
google_robot_move_near,140,False,True,True
google_robot_move_near,141,True,False,False
google_robot_move_near,142,True,True,True
google_robot_move_near,143,True,True,True
google_robot_move_near,144,False,True,True
google_robot_move_near,145,True,False,True
google_robot_move_near,146,True,True,True
google_robot_move_near,147,False,True,True
google_robot_move_near,148,False,False,False
google_robot_move_near,149,False,False,False
google_robot_move_near,150,False,False,True
google_robot_move_near,151,False,True,True
google_robot_move_near,152,True,True,True
google_robot_move_near,153,False,False,False
google_robot_move_near,154,True,True,True
google_robot_move_near,155,True,True,True
google_robot_move_near,156,True,True,True
google_robot_move_near,157,True,False,True
google_robot_move_near,158,True,True,True
google_robot_move_near,159,True,True,True
google_robot_move_near,160,False,True,True
google_robot_move_near,161,True,True,True
google_robot_move_near,162,True,True,True
google_robot_move_near,163,True,True,True
google_robot_move_near,164,False,False,True
google_robot_move_near,165,False,True,False
google_robot_move_near,166,True,True,False
google_robot_move_near,167,False,False,True
google_robot_move_near,168,True,True,True
google_robot_move_near,169,True,True,True
google_robot_move_near,170,True,True,True
google_robot_move_near,171,False,False,False
google_robot_move_near,172,True,True,True
google_robot_move_near,173,False,False,False
google_robot_move_near,174,True,True,True
google_robot_move_near,175,False,True,False
google_robot_move_near,176,False,True,False
google_robot_move_near,177,False,False,False
google_robot_move_near,178,True,False,False
google_robot_move_near,179,True,True,True
google_robot_move_near,180,False,False,False
google_robot_move_near,181,True,True,True
google_robot_move_near,182,False,True,False
google_robot_move_near,183,False,False,False
google_robot_move_near,184,True,True,True
google_robot_move_near,185,False,True,False
google_robot_move_near,186,False,True,True
google_robot_move_near,187,True,False,False
google_robot_move_near,188,False,False,False
google_robot_move_near,189,False,True,False
google_robot_move_near,190,True,True,True
google_robot_move_near,191,False,False,False
google_robot_move_near,192,True,True,True
google_robot_move_near,193,True,True,True
google_robot_move_near,194,True,True,True
google_robot_move_near,195,True,True,True
google_robot_move_near,196,True,True,True
google_robot_move_near,197,False,False,False
google_robot_move_near,198,False,False,False
google_robot_move_near,199,False,False,True
google_robot_move_near,200,True,True,True
google_robot_move_near,201,False,True,False
google_robot_move_near,202,False,False,False
google_robot_move_near,203,True,True,True
google_robot_move_near,204,False,False,False
google_robot_move_near,205,True,True,True
google_robot_move_near,206,True,True,True
google_robot_move_near,207,True,False,False
google_robot_move_near,208,False,False,False
google_robot_move_near,209,True,False,False
google_robot_move_near,210,True,True,True
google_robot_move_near,211,True,False,False
google_robot_move_near,212,False,True,True
google_robot_move_near,213,True,False,False
google_robot_move_near,214,True,False,True
google_robot_move_near,215,True,False,False
google_robot_move_near,216,False,False,False
google_robot_move_near,217,False,False,False
google_robot_move_near,218,False,False,False
google_robot_move_near,219,False,False,False
google_robot_move_near,220,True,True,True
google_robot_move_near,221,False,False,False
google_robot_move_near,222,True,False,False
google_robot_move_near,223,False,False,False
google_robot_move_near,224,True,True,True
google_robot_move_near,225,True,True,True
google_robot_move_near,226,False,True,False
google_robot_move_near,227,True,True,True
google_robot_move_near,228,True,True,False
google_robot_move_near,229,True,True,True
google_robot_move_near,230,False,True,False
google_robot_move_near,231,True,True,True
google_robot_move_near,232,True,True,False
google_robot_move_near,233,False,True,True
google_robot_move_near,234,True,True,True
google_robot_move_near,235,False,True,True
google_robot_move_near,236,False,False,False
google_robot_move_near,237,True,True,True
google_robot_move_near,238,True,True,True
google_robot_move_near,239,False,True,True
google_robot_move_near,240,True,True,True
google_robot_move_near,241,True,True,True
google_robot_move_near,242,True,True,True
google_robot_move_near,243,True,True,False
google_robot_move_near,244,False,True,False
google_robot_move_near,245,True,False,True
google_robot_move_near,246,False,False,True
google_robot_move_near,247,True,False,False
google_robot_move_near,248,True,True,True
google_robot_move_near,249,True,True,True
google_robot_move_near,250,True,True,True
google_robot_move_near,251,True,True,True
google_robot_move_near,252,True,True,True
google_robot_move_near,253,True,True,True
google_robot_move_near,254,True,False,False
google_robot_move_near,255,True,True,True
google_robot_move_near,256,True,True,True
google_robot_move_near,257,True,False,False
google_robot_move_near,258,False,False,False
google_robot_move_near,259,False,True,True
google_robot_move_near,260,True,True,True
google_robot_move_near,261,True,True,True
google_robot_move_near,262,False,False,False
google_robot_move_near,263,False,False,False
google_robot_move_near,264,True,True,True
google_robot_move_near,265,True,False,True
google_robot_move_near,266,False,False,False
google_robot_move_near,267,True,True,True
google_robot_move_near,268,True,True,True
google_robot_move_near,269,True,True,True
google_robot_move_near,270,True,True,False
google_robot_move_near,271,True,True,True
google_robot_move_near,272,False,False,False
google_robot_move_near,273,True,True,True
google_robot_move_near,274,False,False,False
google_robot_move_near,275,True,True,True
google_robot_move_near,276,True,True,True
google_robot_move_near,277,False,False,False
google_robot_move_near,278,True,True,True
google_robot_move_near,279,False,False,False
google_robot_move_near,280,False,False,False
google_robot_move_near,281,True,True,True
google_robot_move_near,282,True,True,True
google_robot_move_near,283,True,True,True
google_robot_move_near,284,False,False,False
google_robot_move_near,285,True,True,True
google_robot_move_near,286,False,False,False
google_robot_move_near,287,True,True,False
google_robot_move_near,288,True,True,True
google_robot_move_near,289,True,True,True
google_robot_move_near,290,True,True,True
google_robot_move_near,291,True,True,True
google_robot_move_near,292,True,True,True
google_robot_move_near,293,True,False,True
google_robot_move_near,294,True,True,True
google_robot_move_near,295,True,True,True
google_robot_move_near,296,False,True,False
google_robot_move_near,297,True,False,False
google_robot_move_near,298,False,False,False
google_robot_move_near,299,True,True,True
google_robot_place_apple_in_closed_top_drawer,0,False,False,False
google_robot_place_apple_in_closed_top_drawer,1,False,False,True
google_robot_place_apple_in_closed_top_drawer,2,False,False,False
google_robot_place_apple_in_closed_top_drawer,3,False,False,False
google_robot_place_apple_in_closed_top_drawer,4,False,False,False
google_robot_place_apple_in_closed_top_drawer,5,False,False,False
google_robot_place_apple_in_closed_top_drawer,6,False,False,False
google_robot_place_apple_in_closed_top_drawer,7,False,False,False
google_robot_place_apple_in_closed_top_drawer,8,False,False,False
google_robot_place_apple_in_closed_top_drawer,9,False,False,False
google_robot_place_apple_in_closed_top_drawer,10,False,False,False
google_robot_place_apple_in_closed_top_drawer,11,False,False,False
google_robot_place_apple_in_closed_top_drawer,12,False,False,False
google_robot_place_apple_in_closed_top_drawer,13,False,False,False
google_robot_place_apple_in_closed_top_drawer,14,False,False,False
google_robot_place_apple_in_closed_top_drawer,15,False,False,False
google_robot_place_apple_in_closed_top_drawer,16,False,False,False
google_robot_place_apple_in_closed_top_drawer,17,False,False,False
google_robot_place_apple_in_closed_top_drawer,18,False,False,False
google_robot_place_apple_in_closed_top_drawer,19,False,False,False
google_robot_place_apple_in_closed_top_drawer,20,False,False,False
google_robot_place_apple_in_closed_top_drawer,21,False,False,False
google_robot_place_apple_in_closed_top_drawer,22,False,False,False
google_robot_place_apple_in_closed_top_drawer,23,False,False,False
google_robot_place_apple_in_closed_top_drawer,24,False,False,False
google_robot_place_apple_in_closed_top_drawer,25,False,False,False
google_robot_place_apple_in_closed_top_drawer,26,False,False,False
google_robot_place_apple_in_closed_top_drawer,27,False,False,False
google_robot_place_apple_in_closed_top_drawer,28,False,False,False
google_robot_place_apple_in_closed_top_drawer,29,False,False,False
google_robot_place_apple_in_closed_top_drawer,30,False,False,False
google_robot_place_apple_in_closed_top_drawer,31,False,False,False
google_robot_place_apple_in_closed_top_drawer,32,False,False,False
google_robot_place_apple_in_closed_top_drawer,33,False,False,False
google_robot_place_apple_in_closed_top_drawer,34,False,False,False
google_robot_place_apple_in_closed_top_drawer,35,False,False,False
google_robot_place_apple_in_closed_top_drawer,36,False,False,False
google_robot_place_apple_in_closed_top_drawer,37,False,False,False
google_robot_place_apple_in_closed_top_drawer,38,False,False,False
google_robot_place_apple_in_closed_top_drawer,39,False,False,False
google_robot_place_apple_in_closed_top_drawer,40,False,False,False
google_robot_place_apple_in_closed_top_drawer,41,False,False,False
google_robot_place_apple_in_closed_top_drawer,42,False,False,False
google_robot_place_apple_in_closed_top_drawer,43,False,False,False
google_robot_place_apple_in_closed_top_drawer,44,False,False,False
google_robot_place_apple_in_closed_top_drawer,45,False,False,False
google_robot_place_apple_in_closed_top_drawer,46,False,False,False
google_robot_place_apple_in_closed_top_drawer,47,False,False,False
google_robot_place_apple_in_closed_top_drawer,48,False,False,False
google_robot_place_apple_in_closed_top_drawer,49,False,False,False
google_robot_place_apple_in_closed_top_drawer,50,False,False,False
google_robot_place_apple_in_closed_top_drawer,51,False,False,False
google_robot_place_apple_in_closed_top_drawer,52,False,False,False
google_robot_place_apple_in_closed_top_drawer,53,False,False,False
google_robot_place_apple_in_closed_top_drawer,54,False,False,False
google_robot_place_apple_in_closed_top_drawer,55,False,False,False
google_robot_place_apple_in_closed_top_drawer,56,False,False,False
google_robot_place_apple_in_closed_top_drawer,57,False,False,False
google_robot_place_apple_in_closed_top_drawer,58,False,False,False
google_robot_place_apple_in_closed_top_drawer,59,False,False,False
google_robot_place_apple_in_closed_top_drawer,60,False,False,False
google_robot_place_apple_in_closed_top_drawer,61,False,False,False
google_robot_place_apple_in_closed_top_drawer,62,False,False,False
google_robot_place_apple_in_closed_top_drawer,63,False,False,False
google_robot_place_apple_in_closed_top_drawer,64,False,False,False
google_robot_place_apple_in_closed_top_drawer,65,False,False,False
google_robot_place_apple_in_closed_top_drawer,66,False,False,False
google_robot_place_apple_in_closed_top_drawer,67,False,False,False
google_robot_place_apple_in_closed_top_drawer,68,False,False,False
google_robot_place_apple_in_closed_top_drawer,69,False,False,False
google_robot_place_apple_in_closed_top_drawer,70,False,False,False
google_robot_place_apple_in_closed_top_drawer,71,False,False,False
google_robot_place_apple_in_closed_top_drawer,72,False,False,False
google_robot_place_apple_in_closed_top_drawer,73,False,False,False
google_robot_place_apple_in_closed_top_drawer,74,False,False,False
google_robot_place_apple_in_closed_top_drawer,75,False,False,False
google_robot_place_apple_in_closed_top_drawer,76,False,False,False
google_robot_place_apple_in_closed_top_drawer,77,False,False,False
google_robot_place_apple_in_closed_top_drawer,78,False,False,False
google_robot_place_apple_in_closed_top_drawer,79,False,False,False
google_robot_place_apple_in_closed_top_drawer,80,False,False,False
google_robot_place_apple_in_closed_top_drawer,81,False,False,False
google_robot_place_apple_in_closed_top_drawer,82,False,False,False
google_robot_place_apple_in_closed_top_drawer,83,False,False,False
google_robot_place_apple_in_closed_top_drawer,84,False,False,False
google_robot_place_apple_in_closed_top_drawer,85,False,False,False
google_robot_place_apple_in_closed_top_drawer,86,False,False,False
google_robot_place_apple_in_closed_top_drawer,87,False,False,False
google_robot_place_apple_in_closed_top_drawer,88,False,False,False
google_robot_place_apple_in_closed_top_drawer,89,False,False,False
google_robot_place_apple_in_closed_top_drawer,90,False,False,False
google_robot_place_apple_in_closed_top_drawer,91,False,False,False
google_robot_place_apple_in_closed_top_drawer,92,False,False,False
google_robot_place_apple_in_closed_top_drawer,93,False,False,False
google_robot_place_apple_in_closed_top_drawer,94,False,False,False
google_robot_place_apple_in_closed_top_drawer,95,False,False,False
google_robot_place_apple_in_closed_top_drawer,96,False,False,False
google_robot_place_apple_in_closed_top_drawer,97,False,False,False
google_robot_place_apple_in_closed_top_drawer,98,False,False,False
google_robot_place_apple_in_closed_top_drawer,99,False,False,False
google_robot_place_apple_in_closed_top_drawer,100,False,False,False
google_robot_place_apple_in_closed_top_drawer,101,False,False,False
google_robot_place_apple_in_closed_top_drawer,102,False,False,False
google_robot_place_apple_in_closed_top_drawer,103,False,False,False
google_robot_place_apple_in_closed_top_drawer,104,False,False,False
google_robot_place_apple_in_closed_top_drawer,105,False,False,False
google_robot_place_apple_in_closed_top_drawer,106,False,False,False
google_robot_place_apple_in_closed_top_drawer,107,False,False,False
google_robot_place_apple_in_closed_top_drawer,108,False,False,False
google_robot_place_apple_in_closed_top_drawer,109,False,False,False
google_robot_place_apple_in_closed_top_drawer,110,False,False,False
google_robot_place_apple_in_closed_top_drawer,111,False,False,False
google_robot_place_apple_in_closed_top_drawer,112,False,False,False
google_robot_place_apple_in_closed_top_drawer,113,False,False,False
google_robot_place_apple_in_closed_top_drawer,114,False,False,False
google_robot_place_apple_in_closed_top_drawer,115,False,False,False
google_robot_place_apple_in_closed_top_drawer,116,False,False,False
google_robot_place_apple_in_closed_top_drawer,117,False,False,False
google_robot_place_apple_in_closed_top_drawer,118,False,False,False
google_robot_place_apple_in_closed_top_drawer,119,False,False,False
google_robot_place_apple_in_closed_top_drawer,120,False,False,False
google_robot_place_apple_in_closed_top_drawer,121,False,False,False
google_robot_place_apple_in_closed_top_drawer,122,False,False,False
google_robot_place_apple_in_closed_top_drawer,123,False,False,False
google_robot_place_apple_in_closed_top_drawer,124,False,False,False
google_robot_place_apple_in_closed_top_drawer,125,False,False,False
google_robot_place_apple_in_closed_top_drawer,126,False,False,False
google_robot_place_apple_in_closed_top_drawer,127,False,False,False
google_robot_place_apple_in_closed_top_drawer,128,False,False,False
google_robot_place_apple_in_closed_top_drawer,129,False,False,False
google_robot_place_apple_in_closed_top_drawer,130,False,False,False
google_robot_place_apple_in_closed_top_drawer,131,False,False,False
google_robot_place_apple_in_closed_top_drawer,132,False,False,False
google_robot_place_apple_in_closed_top_drawer,133,False,False,False
google_robot_place_apple_in_closed_top_drawer,134,False,False,False
google_robot_place_apple_in_closed_top_drawer,135,False,False,False
google_robot_place_apple_in_closed_top_drawer,136,False,False,False
google_robot_place_apple_in_closed_top_drawer,137,False,False,False
google_robot_place_apple_in_closed_top_drawer,138,False,False,False
google_robot_place_apple_in_closed_top_drawer,139,False,False,False
google_robot_place_apple_in_closed_top_drawer,140,False,False,False
google_robot_place_apple_in_closed_top_drawer,141,False,False,False
google_robot_place_apple_in_closed_top_drawer,142,False,False,False
google_robot_place_apple_in_closed_top_drawer,143,False,False,False
google_robot_place_apple_in_closed_top_drawer,144,False,False,False
google_robot_place_apple_in_closed_top_drawer,145,False,False,False
google_robot_place_apple_in_closed_top_drawer,146,False,False,False
google_robot_place_apple_in_closed_top_drawer,147,False,False,False
google_robot_place_apple_in_closed_top_drawer,148,False,False,False
google_robot_place_apple_in_closed_top_drawer,149,False,False,False
google_robot_place_apple_in_closed_top_drawer,150,False,False,False
google_robot_place_apple_in_closed_top_drawer,151,False,False,False
google_robot_place_apple_in_closed_top_drawer,152,False,False,False
google_robot_place_apple_in_closed_top_drawer,153,False,False,False
google_robot_place_apple_in_closed_top_drawer,154,False,False,False
google_robot_place_apple_in_closed_top_drawer,155,False,False,False
google_robot_place_apple_in_closed_top_drawer,156,False,False,False
google_robot_place_apple_in_closed_top_drawer,157,False,False,False
google_robot_place_apple_in_closed_top_drawer,158,False,False,False
google_robot_place_apple_in_closed_top_drawer,159,False,False,False
google_robot_place_apple_in_closed_top_drawer,160,False,False,False
google_robot_place_apple_in_closed_top_drawer,161,False,False,False
google_robot_place_apple_in_closed_top_drawer,162,False,False,False
google_robot_place_apple_in_closed_top_drawer,163,False,False,False
google_robot_place_apple_in_closed_top_drawer,164,False,False,False
google_robot_place_apple_in_closed_top_drawer,165,False,False,False
google_robot_place_apple_in_closed_top_drawer,166,False,False,False
google_robot_place_apple_in_closed_top_drawer,167,False,False,False
google_robot_place_apple_in_closed_top_drawer,168,False,False,False
google_robot_place_apple_in_closed_top_drawer,169,False,False,False
google_robot_place_apple_in_closed_top_drawer,170,False,False,False
google_robot_place_apple_in_closed_top_drawer,171,False,False,False
google_robot_place_apple_in_closed_top_drawer,172,False,False,False
google_robot_place_apple_in_closed_top_drawer,173,False,False,False
google_robot_place_apple_in_closed_top_drawer,174,False,False,False
google_robot_place_apple_in_closed_top_drawer,175,False,False,False
google_robot_place_apple_in_closed_top_drawer,176,False,False,False
google_robot_place_apple_in_closed_top_drawer,177,False,False,False
google_robot_place_apple_in_closed_top_drawer,178,False,False,False
google_robot_place_apple_in_closed_top_drawer,179,False,False,False
google_robot_place_apple_in_closed_top_drawer,180,False,False,False
google_robot_place_apple_in_closed_top_drawer,181,False,False,False
google_robot_place_apple_in_closed_top_drawer,182,False,False,False
google_robot_place_apple_in_closed_top_drawer,183,False,False,False
google_robot_place_apple_in_closed_top_drawer,184,False,False,False
google_robot_place_apple_in_closed_top_drawer,185,False,False,False
google_robot_place_apple_in_closed_top_drawer,186,False,False,False
google_robot_place_apple_in_closed_top_drawer,187,False,False,False
google_robot_place_apple_in_closed_top_drawer,188,False,False,False
google_robot_place_apple_in_closed_top_drawer,189,False,False,False
google_robot_place_apple_in_closed_top_drawer,190,False,False,False
google_robot_place_apple_in_closed_top_drawer,191,False,False,False
google_robot_place_apple_in_closed_top_drawer,192,False,False,False
google_robot_place_apple_in_closed_top_drawer,193,False,False,False
google_robot_place_apple_in_closed_top_drawer,194,False,False,False
google_robot_place_apple_in_closed_top_drawer,195,False,False,False
google_robot_place_apple_in_closed_top_drawer,196,False,False,False
google_robot_place_apple_in_closed_top_drawer,197,False,False,False
google_robot_place_apple_in_closed_top_drawer,198,False,False,False
google_robot_place_apple_in_closed_top_drawer,199,False,False,False
google_robot_place_apple_in_closed_top_drawer,200,False,False,False
google_robot_place_apple_in_closed_top_drawer,201,False,False,False
google_robot_place_apple_in_closed_top_drawer,202,False,False,False
google_robot_place_apple_in_closed_top_drawer,203,False,False,False
google_robot_place_apple_in_closed_top_drawer,204,False,False,False
google_robot_place_apple_in_closed_top_drawer,205,False,False,False
google_robot_place_apple_in_closed_top_drawer,206,False,False,False
google_robot_place_apple_in_closed_top_drawer,207,False,False,False
google_robot_place_apple_in_closed_top_drawer,208,False,False,False
google_robot_place_apple_in_closed_top_drawer,209,False,False,False
google_robot_place_apple_in_closed_top_drawer,210,False,False,False
google_robot_place_apple_in_closed_top_drawer,211,False,False,False
google_robot_place_apple_in_closed_top_drawer,212,False,False,False
google_robot_place_apple_in_closed_top_drawer,213,False,False,False
google_robot_place_apple_in_closed_top_drawer,214,False,False,False
google_robot_place_apple_in_closed_top_drawer,215,False,False,False
google_robot_place_apple_in_closed_top_drawer,216,False,False,False
google_robot_place_apple_in_closed_top_drawer,217,False,False,False
google_robot_place_apple_in_closed_top_drawer,218,False,False,False
google_robot_place_apple_in_closed_top_drawer,219,False,False,False
google_robot_place_apple_in_closed_top_drawer,220,False,False,False
google_robot_place_apple_in_closed_top_drawer,221,False,False,False
google_robot_place_apple_in_closed_top_drawer,222,False,False,False
google_robot_place_apple_in_closed_top_drawer,223,False,False,False
google_robot_place_apple_in_closed_top_drawer,224,False,False,False
google_robot_place_apple_in_closed_top_drawer,225,False,False,False
google_robot_place_apple_in_closed_top_drawer,226,False,False,False
google_robot_place_apple_in_closed_top_drawer,227,False,False,False
google_robot_place_apple_in_closed_top_drawer,228,False,False,False
google_robot_place_apple_in_closed_top_drawer,229,False,False,False
google_robot_place_apple_in_closed_top_drawer,230,False,False,False
google_robot_place_apple_in_closed_top_drawer,231,False,False,False
google_robot_place_apple_in_closed_top_drawer,232,False,False,False
google_robot_place_apple_in_closed_top_drawer,233,False,False,False
google_robot_place_apple_in_closed_top_drawer,234,False,False,False
google_robot_place_apple_in_closed_top_drawer,235,False,False,False
google_robot_place_apple_in_closed_top_drawer,236,False,False,False
google_robot_place_apple_in_closed_top_drawer,237,False,False,False
google_robot_place_apple_in_closed_top_drawer,238,False,False,False
google_robot_place_apple_in_closed_top_drawer,239,False,False,False
google_robot_place_apple_in_closed_top_drawer,240,False,False,False
google_robot_place_apple_in_closed_top_drawer,241,False,False,False
google_robot_place_apple_in_closed_top_drawer,242,False,False,False
google_robot_place_apple_in_closed_top_drawer,243,False,False,False
google_robot_place_apple_in_closed_top_drawer,244,False,False,False
google_robot_place_apple_in_closed_top_drawer,245,False,False,False
google_robot_place_apple_in_closed_top_drawer,246,False,False,False
google_robot_place_apple_in_closed_top_drawer,247,False,False,False
google_robot_place_apple_in_closed_top_drawer,248,False,False,False
google_robot_place_apple_in_closed_top_drawer,249,False,False,False
google_robot_place_apple_in_closed_top_drawer,250,False,False,False
google_robot_place_apple_in_closed_top_drawer,251,False,False,False
google_robot_place_apple_in_closed_top_drawer,252,False,False,False
google_robot_place_apple_in_closed_top_drawer,253,False,False,False
google_robot_place_apple_in_closed_top_drawer,254,False,False,False
google_robot_place_apple_in_closed_top_drawer,255,False,False,False
google_robot_place_apple_in_closed_top_drawer,256,False,False,False
google_robot_place_apple_in_closed_top_drawer,257,False,False,False
google_robot_place_apple_in_closed_top_drawer,258,False,False,False
google_robot_place_apple_in_closed_top_drawer,259,False,False,False
google_robot_place_apple_in_closed_top_drawer,260,False,False,False
google_robot_place_apple_in_closed_top_drawer,261,False,False,False
google_robot_place_apple_in_closed_top_drawer,262,False,False,False
google_robot_place_apple_in_closed_top_drawer,263,False,False,False
google_robot_place_apple_in_closed_top_drawer,264,False,False,False
google_robot_place_apple_in_closed_top_drawer,265,False,False,False
google_robot_place_apple_in_closed_top_drawer,266,False,False,False
google_robot_place_apple_in_closed_top_drawer,267,False,False,False
google_robot_place_apple_in_closed_top_drawer,268,False,False,False
google_robot_place_apple_in_closed_top_drawer,269,False,False,False
google_robot_place_apple_in_closed_top_drawer,270,False,False,False
google_robot_place_apple_in_closed_top_drawer,271,False,False,False
google_robot_place_apple_in_closed_top_drawer,272,False,False,False
google_robot_place_apple_in_closed_top_drawer,273,False,False,False
google_robot_place_apple_in_closed_top_drawer,274,False,False,False
google_robot_place_apple_in_closed_top_drawer,275,False,False,False
google_robot_place_apple_in_closed_top_drawer,276,False,False,False
google_robot_place_apple_in_closed_top_drawer,277,False,False,False
google_robot_place_apple_in_closed_top_drawer,278,False,False,False
google_robot_place_apple_in_closed_top_drawer,279,False,False,False
google_robot_place_apple_in_closed_top_drawer,280,False,False,False
google_robot_place_apple_in_closed_top_drawer,281,False,False,False
google_robot_place_apple_in_closed_top_drawer,282,False,False,False
google_robot_place_apple_in_closed_top_drawer,283,False,False,False
google_robot_place_apple_in_closed_top_drawer,284,False,False,False
google_robot_place_apple_in_closed_top_drawer,285,False,False,False
google_robot_place_apple_in_closed_top_drawer,286,False,False,False
google_robot_place_apple_in_closed_top_drawer,287,False,False,False
google_robot_place_apple_in_closed_top_drawer,288,False,False,False
google_robot_place_apple_in_closed_top_drawer,289,False,False,False
google_robot_place_apple_in_closed_top_drawer,290,False,False,False
google_robot_place_apple_in_closed_top_drawer,291,False,False,False
google_robot_place_apple_in_closed_top_drawer,292,False,False,False
google_robot_place_apple_in_closed_top_drawer,293,False,False,False
google_robot_place_apple_in_closed_top_drawer,294,False,False,False
google_robot_place_apple_in_closed_top_drawer,295,False,False,False
google_robot_place_apple_in_closed_top_drawer,296,False,False,False
google_robot_place_apple_in_closed_top_drawer,297,False,False,False
google_robot_place_apple_in_closed_top_drawer,298,False,False,False
google_robot_place_apple_in_closed_top_drawer,299,False,False,False
widowx_carrot_on_plate,0,False,False,False
widowx_carrot_on_plate,1,False,False,False
widowx_carrot_on_plate,2,False,False,False
widowx_carrot_on_plate,3,False,False,False
widowx_carrot_on_plate,4,False,False,False
widowx_carrot_on_plate,5,False,False,False
widowx_carrot_on_plate,6,False,False,False
widowx_carrot_on_plate,7,False,False,False
widowx_carrot_on_plate,8,False,False,False
widowx_carrot_on_plate,9,False,False,False
widowx_carrot_on_plate,10,False,False,False
widowx_carrot_on_plate,11,False,False,False
widowx_carrot_on_plate,12,False,False,False
widowx_carrot_on_plate,13,False,False,False
widowx_carrot_on_plate,14,False,False,False
widowx_carrot_on_plate,15,False,False,False
widowx_carrot_on_plate,16,False,False,False
widowx_carrot_on_plate,17,False,False,False
widowx_carrot_on_plate,18,False,False,False
widowx_carrot_on_plate,19,False,False,False
widowx_carrot_on_plate,20,False,False,False
widowx_carrot_on_plate,21,False,False,False
widowx_carrot_on_plate,22,False,False,False
widowx_carrot_on_plate,23,False,False,False
widowx_carrot_on_plate,24,False,False,False
widowx_carrot_on_plate,25,False,False,False
widowx_carrot_on_plate,26,False,False,False
widowx_carrot_on_plate,27,False,False,False
widowx_carrot_on_plate,28,False,False,False
widowx_carrot_on_plate,29,False,False,False
widowx_carrot_on_plate,30,False,False,False
widowx_carrot_on_plate,31,False,False,False
widowx_carrot_on_plate,32,False,False,False
widowx_carrot_on_plate,33,True,False,False
widowx_carrot_on_plate,34,False,False,False
widowx_carrot_on_plate,35,False,False,False
widowx_carrot_on_plate,36,False,False,False
widowx_carrot_on_plate,37,False,False,False
widowx_carrot_on_plate,38,False,False,False
widowx_carrot_on_plate,39,False,False,False
widowx_carrot_on_plate,40,False,False,False
widowx_carrot_on_plate,41,False,False,False
widowx_carrot_on_plate,42,True,False,False
widowx_carrot_on_plate,43,False,False,False
widowx_carrot_on_plate,44,False,False,False
widowx_carrot_on_plate,45,False,False,False
widowx_carrot_on_plate,46,False,False,False
widowx_carrot_on_plate,47,False,False,False
widowx_carrot_on_plate,48,False,False,False
widowx_carrot_on_plate,49,False,False,False
widowx_carrot_on_plate,50,False,False,False
widowx_carrot_on_plate,51,False,False,False
widowx_carrot_on_plate,52,False,False,False
widowx_carrot_on_plate,53,False,False,False
widowx_carrot_on_plate,54,False,False,False
widowx_carrot_on_plate,55,False,False,False
widowx_carrot_on_plate,56,False,False,False
widowx_carrot_on_plate,57,False,False,False
widowx_carrot_on_plate,58,False,False,False
widowx_carrot_on_plate,59,False,False,False
widowx_carrot_on_plate,60,False,False,False
widowx_carrot_on_plate,61,False,False,False
widowx_carrot_on_plate,62,False,False,False
widowx_carrot_on_plate,63,False,False,False
widowx_carrot_on_plate,64,False,False,False
widowx_carrot_on_plate,65,False,False,False
widowx_carrot_on_plate,66,True,False,False
widowx_carrot_on_plate,67,False,False,False
widowx_carrot_on_plate,68,False,False,False
widowx_carrot_on_plate,69,False,True,False
widowx_carrot_on_plate,70,False,False,False
widowx_carrot_on_plate,71,False,False,False
widowx_carrot_on_plate,72,False,False,False
widowx_carrot_on_plate,73,False,True,False
widowx_carrot_on_plate,74,False,False,False
widowx_carrot_on_plate,75,False,False,False
widowx_carrot_on_plate,76,False,False,False
widowx_carrot_on_plate,77,False,False,False
widowx_carrot_on_plate,78,False,False,False
widowx_carrot_on_plate,79,False,False,False
widowx_carrot_on_plate,80,False,False,False
widowx_carrot_on_plate,81,False,False,False
widowx_carrot_on_plate,82,False,False,False
widowx_carrot_on_plate,83,False,False,False
widowx_carrot_on_plate,84,False,False,False
widowx_carrot_on_plate,85,False,False,False
widowx_carrot_on_plate,86,True,False,False
widowx_carrot_on_plate,87,True,False,False
widowx_carrot_on_plate,88,False,False,False
widowx_carrot_on_plate,89,False,False,False
widowx_carrot_on_plate,90,False,False,False
widowx_carrot_on_plate,91,False,False,False
widowx_carrot_on_plate,92,False,False,False
widowx_carrot_on_plate,93,False,False,False
widowx_carrot_on_plate,94,False,False,False
widowx_carrot_on_plate,95,False,True,False
widowx_carrot_on_plate,96,False,False,False
widowx_carrot_on_plate,97,False,False,False
widowx_carrot_on_plate,98,False,False,False
widowx_carrot_on_plate,99,False,False,False
widowx_carrot_on_plate,100,False,False,False
widowx_carrot_on_plate,101,False,False,False
widowx_carrot_on_plate,102,False,False,False
widowx_carrot_on_plate,103,False,False,False
widowx_carrot_on_plate,104,False,False,False
widowx_carrot_on_plate,105,False,False,False
widowx_carrot_on_plate,106,False,False,False
widowx_carrot_on_plate,107,False,False,False
widowx_carrot_on_plate,108,False,False,False
widowx_carrot_on_plate,109,False,False,False
widowx_carrot_on_plate,110,False,False,False
widowx_carrot_on_plate,111,False,False,False
widowx_carrot_on_plate,112,False,False,False
widowx_carrot_on_plate,113,False,False,False
widowx_carrot_on_plate,114,False,False,False
widowx_carrot_on_plate,115,False,False,False
widowx_carrot_on_plate,116,False,False,False
widowx_carrot_on_plate,117,False,False,False
widowx_carrot_on_plate,118,False,False,False
widowx_carrot_on_plate,119,False,False,False
widowx_carrot_on_plate,120,False,False,False
widowx_carrot_on_plate,121,False,False,False
widowx_carrot_on_plate,122,False,False,False
widowx_carrot_on_plate,123,False,False,False
widowx_carrot_on_plate,124,False,False,False
widowx_carrot_on_plate,125,False,False,False
widowx_carrot_on_plate,126,False,False,False
widowx_carrot_on_plate,127,False,False,False
widowx_carrot_on_plate,128,False,False,False
widowx_carrot_on_plate,129,False,False,False
widowx_carrot_on_plate,130,False,False,False
widowx_carrot_on_plate,131,False,False,False
widowx_carrot_on_plate,132,False,False,False
widowx_carrot_on_plate,133,False,False,False
widowx_carrot_on_plate,134,False,False,False
widowx_carrot_on_plate,135,False,False,False
widowx_carrot_on_plate,136,False,False,False
widowx_carrot_on_plate,137,True,False,False
widowx_carrot_on_plate,138,False,False,False
widowx_carrot_on_plate,139,False,False,False
widowx_carrot_on_plate,140,False,False,False
widowx_carrot_on_plate,141,False,False,False
widowx_carrot_on_plate,142,False,False,False
widowx_carrot_on_plate,143,False,False,False
widowx_carrot_on_plate,144,False,False,False
widowx_carrot_on_plate,145,False,False,False
widowx_carrot_on_plate,146,False,False,False
widowx_carrot_on_plate,147,False,False,False
widowx_carrot_on_plate,148,False,False,False
widowx_carrot_on_plate,149,False,False,False
widowx_carrot_on_plate,150,False,False,False
widowx_carrot_on_plate,151,False,False,False
widowx_carrot_on_plate,152,False,False,False
widowx_carrot_on_plate,153,False,False,False
widowx_carrot_on_plate,154,False,False,False
widowx_carrot_on_plate,155,True,False,False
widowx_carrot_on_plate,156,False,False,False
widowx_carrot_on_plate,157,False,False,False
widowx_carrot_on_plate,158,False,False,False
widowx_carrot_on_plate,159,False,False,False
widowx_carrot_on_plate,160,False,False,False
widowx_carrot_on_plate,161,False,False,False
widowx_carrot_on_plate,162,False,False,False
widowx_carrot_on_plate,163,False,False,False
widowx_carrot_on_plate,164,False,False,False
widowx_carrot_on_plate,165,False,False,False
widowx_carrot_on_plate,166,False,False,False
widowx_carrot_on_plate,167,False,False,False
widowx_carrot_on_plate,168,False,False,False
widowx_carrot_on_plate,169,False,False,False
widowx_carrot_on_plate,170,False,False,False
widowx_carrot_on_plate,171,False,False,False
widowx_carrot_on_plate,172,False,False,False
widowx_carrot_on_plate,173,False,False,False
widowx_carrot_on_plate,174,False,False,False
widowx_carrot_on_plate,175,True,False,False
widowx_carrot_on_plate,176,False,False,False
widowx_carrot_on_plate,177,False,False,False
widowx_carrot_on_plate,178,False,True,False
widowx_carrot_on_plate,179,False,False,False
widowx_carrot_on_plate,180,False,False,False
widowx_carrot_on_plate,181,False,False,False
widowx_carrot_on_plate,182,False,False,False
widowx_carrot_on_plate,183,False,False,False
widowx_carrot_on_plate,184,False,False,False
widowx_carrot_on_plate,185,False,False,False
widowx_carrot_on_plate,186,False,False,False
widowx_carrot_on_plate,187,False,False,False
widowx_carrot_on_plate,188,False,False,False
widowx_carrot_on_plate,189,False,False,False
widowx_carrot_on_plate,190,False,False,False
widowx_carrot_on_plate,191,False,False,False
widowx_carrot_on_plate,192,False,False,False
widowx_carrot_on_plate,193,False,False,False
widowx_carrot_on_plate,194,False,False,False
widowx_carrot_on_plate,195,False,False,False
widowx_carrot_on_plate,196,False,False,False
widowx_carrot_on_plate,197,False,False,False
widowx_carrot_on_plate,198,False,False,False
widowx_carrot_on_plate,199,False,False,False
widowx_carrot_on_plate,200,False,False,False
widowx_carrot_on_plate,201,False,False,False
widowx_carrot_on_plate,202,False,False,False
widowx_carrot_on_plate,203,False,False,False
widowx_carrot_on_plate,204,False,False,False
widowx_carrot_on_plate,205,False,False,False
widowx_carrot_on_plate,206,False,False,False
widowx_carrot_on_plate,207,False,False,False
widowx_carrot_on_plate,208,True,False,False
widowx_carrot_on_plate,209,False,False,False
widowx_carrot_on_plate,210,False,False,False
widowx_carrot_on_plate,211,True,False,False
widowx_carrot_on_plate,212,False,False,False
widowx_carrot_on_plate,213,False,False,False
widowx_carrot_on_plate,214,False,False,False
widowx_carrot_on_plate,215,True,False,False
widowx_carrot_on_plate,216,False,False,False
widowx_carrot_on_plate,217,False,False,False
widowx_carrot_on_plate,218,False,False,False
widowx_carrot_on_plate,219,False,False,False
widowx_carrot_on_plate,220,False,False,False
widowx_carrot_on_plate,221,False,False,False
widowx_carrot_on_plate,222,False,False,False
widowx_carrot_on_plate,223,False,False,False
widowx_carrot_on_plate,224,False,False,False
widowx_carrot_on_plate,225,False,False,False
widowx_carrot_on_plate,226,False,False,False
widowx_carrot_on_plate,227,False,False,False
widowx_carrot_on_plate,228,False,False,False
widowx_carrot_on_plate,229,False,False,False
widowx_carrot_on_plate,230,False,False,False
widowx_carrot_on_plate,231,False,False,False
widowx_carrot_on_plate,232,False,False,False
widowx_carrot_on_plate,233,False,False,False
widowx_carrot_on_plate,234,False,False,False
widowx_carrot_on_plate,235,False,False,False
widowx_carrot_on_plate,236,False,False,False
widowx_carrot_on_plate,237,False,False,False
widowx_carrot_on_plate,238,False,False,False
widowx_carrot_on_plate,239,False,False,False
widowx_carrot_on_plate,240,False,False,False
widowx_carrot_on_plate,241,False,False,False
widowx_carrot_on_plate,242,False,False,False
widowx_carrot_on_plate,243,False,False,False
widowx_carrot_on_plate,244,False,False,False
widowx_carrot_on_plate,245,False,False,False
widowx_carrot_on_plate,246,False,False,False
widowx_carrot_on_plate,247,False,False,False
widowx_carrot_on_plate,248,False,False,False
widowx_carrot_on_plate,249,False,False,False
widowx_carrot_on_plate,250,False,False,False
widowx_carrot_on_plate,251,False,False,False
widowx_carrot_on_plate,252,False,False,False
widowx_carrot_on_plate,253,False,False,False
widowx_carrot_on_plate,254,False,False,False
widowx_carrot_on_plate,255,False,False,False
widowx_carrot_on_plate,256,False,False,False
widowx_carrot_on_plate,257,True,False,False
widowx_carrot_on_plate,258,False,False,False
widowx_carrot_on_plate,259,False,False,False
widowx_carrot_on_plate,260,False,False,False
widowx_carrot_on_plate,261,False,False,False
widowx_carrot_on_plate,262,False,False,False
widowx_carrot_on_plate,263,False,False,False
widowx_carrot_on_plate,264,False,False,False
widowx_carrot_on_plate,265,False,False,False
widowx_carrot_on_plate,266,False,False,False
widowx_carrot_on_plate,267,False,False,False
widowx_carrot_on_plate,268,False,False,False
widowx_carrot_on_plate,269,False,False,False
widowx_carrot_on_plate,270,False,False,False
widowx_carrot_on_plate,271,False,False,False
widowx_carrot_on_plate,272,False,False,False
widowx_carrot_on_plate,273,False,False,False
widowx_carrot_on_plate,274,False,False,False
widowx_carrot_on_plate,275,False,False,False
widowx_carrot_on_plate,276,False,False,False
widowx_carrot_on_plate,277,False,False,False
widowx_carrot_on_plate,278,False,False,False
widowx_carrot_on_plate,279,False,False,False
widowx_carrot_on_plate,280,False,False,False
widowx_carrot_on_plate,281,True,False,False
widowx_carrot_on_plate,282,False,False,False
widowx_carrot_on_plate,283,False,False,False
widowx_carrot_on_plate,284,False,False,False
widowx_carrot_on_plate,285,False,False,False
widowx_carrot_on_plate,286,False,False,False
widowx_carrot_on_plate,287,False,False,False
widowx_carrot_on_plate,288,False,False,False
widowx_carrot_on_plate,289,False,False,False
widowx_carrot_on_plate,290,False,False,False
widowx_carrot_on_plate,291,False,False,False
widowx_carrot_on_plate,292,False,False,False
widowx_carrot_on_plate,293,False,False,False
widowx_carrot_on_plate,294,False,False,False
widowx_carrot_on_plate,295,False,False,False
widowx_carrot_on_plate,296,False,False,False
widowx_carrot_on_plate,297,True,False,False
widowx_carrot_on_plate,298,False,False,False
widowx_carrot_on_plate,299,False,False,False
widowx_put_eggplant_in_basket,0,False,False,False
widowx_put_eggplant_in_basket,1,False,False,False
widowx_put_eggplant_in_basket,2,False,False,False
widowx_put_eggplant_in_basket,3,False,False,False
widowx_put_eggplant_in_basket,4,False,False,False
widowx_put_eggplant_in_basket,5,False,False,False
widowx_put_eggplant_in_basket,6,False,False,False
widowx_put_eggplant_in_basket,7,False,False,False
widowx_put_eggplant_in_basket,8,False,False,False
widowx_put_eggplant_in_basket,9,False,False,False
widowx_put_eggplant_in_basket,10,False,False,False
widowx_put_eggplant_in_basket,11,False,False,False
widowx_put_eggplant_in_basket,12,False,False,False
widowx_put_eggplant_in_basket,13,False,False,False
widowx_put_eggplant_in_basket,14,False,False,False
widowx_put_eggplant_in_basket,15,False,False,False
widowx_put_eggplant_in_basket,16,False,False,False
widowx_put_eggplant_in_basket,17,False,False,False
widowx_put_eggplant_in_basket,18,False,False,False
widowx_put_eggplant_in_basket,19,False,False,False
widowx_put_eggplant_in_basket,20,False,False,False
widowx_put_eggplant_in_basket,21,False,False,False
widowx_put_eggplant_in_basket,22,False,False,False
widowx_put_eggplant_in_basket,23,False,False,False
widowx_put_eggplant_in_basket,24,False,False,False
widowx_put_eggplant_in_basket,25,False,False,False
widowx_put_eggplant_in_basket,26,False,False,False
widowx_put_eggplant_in_basket,27,False,False,False
widowx_put_eggplant_in_basket,28,False,False,False
widowx_put_eggplant_in_basket,29,False,False,False
widowx_put_eggplant_in_basket,30,False,False,False
widowx_put_eggplant_in_basket,31,False,False,False
widowx_put_eggplant_in_basket,32,False,False,False
widowx_put_eggplant_in_basket,33,False,False,False
widowx_put_eggplant_in_basket,34,False,False,False
widowx_put_eggplant_in_basket,35,False,False,False
widowx_put_eggplant_in_basket,36,False,False,False
widowx_put_eggplant_in_basket,37,False,False,False
widowx_put_eggplant_in_basket,38,False,False,False
widowx_put_eggplant_in_basket,39,False,False,False
widowx_put_eggplant_in_basket,40,False,False,False
widowx_put_eggplant_in_basket,41,False,False,False
widowx_put_eggplant_in_basket,42,False,False,False
widowx_put_eggplant_in_basket,43,False,False,False
widowx_put_eggplant_in_basket,44,False,False,False
widowx_put_eggplant_in_basket,45,False,False,False
widowx_put_eggplant_in_basket,46,False,False,False
widowx_put_eggplant_in_basket,47,False,False,False
widowx_put_eggplant_in_basket,48,False,False,True
widowx_put_eggplant_in_basket,49,False,False,False
widowx_put_eggplant_in_basket,50,False,False,False
widowx_put_eggplant_in_basket,51,False,False,True
widowx_put_eggplant_in_basket,52,False,False,True
widowx_put_eggplant_in_basket,53,False,False,False
widowx_put_eggplant_in_basket,54,False,False,False
widowx_put_eggplant_in_basket,55,False,False,False
widowx_put_eggplant_in_basket,56,False,False,False
widowx_put_eggplant_in_basket,57,False,False,False
widowx_put_eggplant_in_basket,58,False,False,False
widowx_put_eggplant_in_basket,59,False,False,False
widowx_put_eggplant_in_basket,60,False,False,False
widowx_put_eggplant_in_basket,61,False,False,False
widowx_put_eggplant_in_basket,62,False,False,False
widowx_put_eggplant_in_basket,63,False,False,False
widowx_put_eggplant_in_basket,64,False,False,False
widowx_put_eggplant_in_basket,65,False,False,False
widowx_put_eggplant_in_basket,66,False,False,False
widowx_put_eggplant_in_basket,67,False,False,False
widowx_put_eggplant_in_basket,68,False,False,False
widowx_put_eggplant_in_basket,69,False,False,False
widowx_put_eggplant_in_basket,70,False,False,False
widowx_put_eggplant_in_basket,71,False,False,False
widowx_put_eggplant_in_basket,72,False,False,False
widowx_put_eggplant_in_basket,73,False,False,False
widowx_put_eggplant_in_basket,74,False,False,False
widowx_put_eggplant_in_basket,75,False,False,False
widowx_put_eggplant_in_basket,76,False,False,False
widowx_put_eggplant_in_basket,77,False,False,False
widowx_put_eggplant_in_basket,78,False,False,False
widowx_put_eggplant_in_basket,79,False,False,False
widowx_put_eggplant_in_basket,80,False,False,False
widowx_put_eggplant_in_basket,81,False,False,False
widowx_put_eggplant_in_basket,82,False,False,False
widowx_put_eggplant_in_basket,83,False,False,False
widowx_put_eggplant_in_basket,84,False,False,False
widowx_put_eggplant_in_basket,85,False,False,False
widowx_put_eggplant_in_basket,86,False,False,False
widowx_put_eggplant_in_basket,87,False,False,False
widowx_put_eggplant_in_basket,88,False,False,False
widowx_put_eggplant_in_basket,89,False,False,False
widowx_put_eggplant_in_basket,90,False,False,False
widowx_put_eggplant_in_basket,91,False,False,False
widowx_put_eggplant_in_basket,92,False,False,False
widowx_put_eggplant_in_basket,93,False,False,False
widowx_put_eggplant_in_basket,94,False,False,False
widowx_put_eggplant_in_basket,95,False,False,False
widowx_put_eggplant_in_basket,96,False,False,False
widowx_put_eggplant_in_basket,97,False,False,False
widowx_put_eggplant_in_basket,98,False,False,False
widowx_put_eggplant_in_basket,99,False,False,False
widowx_put_eggplant_in_basket,100,False,False,False
widowx_put_eggplant_in_basket,101,False,False,False
widowx_put_eggplant_in_basket,102,False,False,False
widowx_put_eggplant_in_basket,103,False,False,False
widowx_put_eggplant_in_basket,104,False,False,True
widowx_put_eggplant_in_basket,105,False,False,False
widowx_put_eggplant_in_basket,106,False,False,False
widowx_put_eggplant_in_basket,107,False,False,False
widowx_put_eggplant_in_basket,108,False,False,False
widowx_put_eggplant_in_basket,109,False,False,False
widowx_put_eggplant_in_basket,110,False,False,False
widowx_put_eggplant_in_basket,111,False,False,False
widowx_put_eggplant_in_basket,112,False,False,False
widowx_put_eggplant_in_basket,113,False,False,False
widowx_put_eggplant_in_basket,114,False,False,False
widowx_put_eggplant_in_basket,115,False,False,False
widowx_put_eggplant_in_basket,116,False,False,False
widowx_put_eggplant_in_basket,117,False,False,False
widowx_put_eggplant_in_basket,118,False,False,False
widowx_put_eggplant_in_basket,119,False,False,False
widowx_put_eggplant_in_basket,120,False,False,False
widowx_put_eggplant_in_basket,121,False,False,False
widowx_put_eggplant_in_basket,122,False,False,False
widowx_put_eggplant_in_basket,123,False,False,False
widowx_put_eggplant_in_basket,124,False,False,False
widowx_put_eggplant_in_basket,125,False,False,False
widowx_put_eggplant_in_basket,126,False,False,False
widowx_put_eggplant_in_basket,127,False,False,False
widowx_put_eggplant_in_basket,128,False,False,False
widowx_put_eggplant_in_basket,129,False,False,False
widowx_put_eggplant_in_basket,130,False,False,False
widowx_put_eggplant_in_basket,131,False,False,False
widowx_put_eggplant_in_basket,132,False,False,False
widowx_put_eggplant_in_basket,133,False,False,False
widowx_put_eggplant_in_basket,134,False,False,False
widowx_put_eggplant_in_basket,135,False,False,False
widowx_put_eggplant_in_basket,136,False,False,False
widowx_put_eggplant_in_basket,137,False,False,False
widowx_put_eggplant_in_basket,138,False,False,False
widowx_put_eggplant_in_basket,139,False,False,False
widowx_put_eggplant_in_basket,140,False,False,False
widowx_put_eggplant_in_basket,141,False,False,False
widowx_put_eggplant_in_basket,142,False,False,False
widowx_put_eggplant_in_basket,143,False,False,False
widowx_put_eggplant_in_basket,144,False,False,False
widowx_put_eggplant_in_basket,145,False,False,True
widowx_put_eggplant_in_basket,146,False,False,False
widowx_put_eggplant_in_basket,147,False,False,False
widowx_put_eggplant_in_basket,148,False,False,False
widowx_put_eggplant_in_basket,149,False,False,False
widowx_put_eggplant_in_basket,150,False,False,False
widowx_put_eggplant_in_basket,151,False,False,False
widowx_put_eggplant_in_basket,152,False,False,False
widowx_put_eggplant_in_basket,153,False,False,False
widowx_put_eggplant_in_basket,154,False,False,False
widowx_put_eggplant_in_basket,155,False,False,False
widowx_put_eggplant_in_basket,156,False,False,False
widowx_put_eggplant_in_basket,157,False,False,False
widowx_put_eggplant_in_basket,158,False,False,False
widowx_put_eggplant_in_basket,159,False,False,False
widowx_put_eggplant_in_basket,160,False,False,False
widowx_put_eggplant_in_basket,161,False,False,False
widowx_put_eggplant_in_basket,162,False,False,False
widowx_put_eggplant_in_basket,163,False,False,False
widowx_put_eggplant_in_basket,164,False,False,False
widowx_put_eggplant_in_basket,165,False,False,False
widowx_put_eggplant_in_basket,166,False,False,False
widowx_put_eggplant_in_basket,167,False,False,False
widowx_put_eggplant_in_basket,168,False,False,False
widowx_put_eggplant_in_basket,169,False,False,False
widowx_put_eggplant_in_basket,170,False,False,False
widowx_put_eggplant_in_basket,171,False,False,False
widowx_put_eggplant_in_basket,172,False,False,False
widowx_put_eggplant_in_basket,173,False,False,False
widowx_put_eggplant_in_basket,174,False,False,False
widowx_put_eggplant_in_basket,175,False,False,False
widowx_put_eggplant_in_basket,176,False,False,False
widowx_put_eggplant_in_basket,177,False,False,False
widowx_put_eggplant_in_basket,178,False,False,False
widowx_put_eggplant_in_basket,179,False,False,False
widowx_put_eggplant_in_basket,180,False,False,False
widowx_put_eggplant_in_basket,181,False,False,False
widowx_put_eggplant_in_basket,182,False,False,False
widowx_put_eggplant_in_basket,183,False,False,True
widowx_put_eggplant_in_basket,184,False,False,False
widowx_put_eggplant_in_basket,185,False,False,False
widowx_put_eggplant_in_basket,186,False,False,False
widowx_put_eggplant_in_basket,187,False,False,False
widowx_put_eggplant_in_basket,188,False,False,False
widowx_put_eggplant_in_basket,189,False,False,False
widowx_put_eggplant_in_basket,190,False,False,False
widowx_put_eggplant_in_basket,191,False,False,False
widowx_put_eggplant_in_basket,192,False,False,False
widowx_put_eggplant_in_basket,193,False,False,False
widowx_put_eggplant_in_basket,194,False,False,False
widowx_put_eggplant_in_basket,195,False,False,False
widowx_put_eggplant_in_basket,196,False,False,False
widowx_put_eggplant_in_basket,197,False,False,False
widowx_put_eggplant_in_basket,198,False,False,False
widowx_put_eggplant_in_basket,199,False,False,False
widowx_put_eggplant_in_basket,200,False,False,False
widowx_put_eggplant_in_basket,201,False,False,False
widowx_put_eggplant_in_basket,202,False,False,False
widowx_put_eggplant_in_basket,203,False,False,False
widowx_put_eggplant_in_basket,204,False,False,False
widowx_put_eggplant_in_basket,205,False,False,False
widowx_put_eggplant_in_basket,206,False,False,True
widowx_put_eggplant_in_basket,207,False,False,False
widowx_put_eggplant_in_basket,208,False,False,False
widowx_put_eggplant_in_basket,209,True,False,False
widowx_put_eggplant_in_basket,210,False,False,False
widowx_put_eggplant_in_basket,211,False,False,False
widowx_put_eggplant_in_basket,212,False,False,False
widowx_put_eggplant_in_basket,213,False,False,False
widowx_put_eggplant_in_basket,214,False,False,False
widowx_put_eggplant_in_basket,215,False,False,False
widowx_put_eggplant_in_basket,216,False,False,False
widowx_put_eggplant_in_basket,217,False,False,True
widowx_put_eggplant_in_basket,218,False,False,False
widowx_put_eggplant_in_basket,219,False,False,False
widowx_put_eggplant_in_basket,220,False,False,False
widowx_put_eggplant_in_basket,221,False,False,False
widowx_put_eggplant_in_basket,222,False,False,False
widowx_put_eggplant_in_basket,223,False,False,False
widowx_put_eggplant_in_basket,224,False,False,False
widowx_put_eggplant_in_basket,225,False,False,False
widowx_put_eggplant_in_basket,226,False,False,False
widowx_put_eggplant_in_basket,227,False,False,False
widowx_put_eggplant_in_basket,228,False,False,False
widowx_put_eggplant_in_basket,229,False,False,False
widowx_put_eggplant_in_basket,230,False,False,True
widowx_put_eggplant_in_basket,231,False,False,False
widowx_put_eggplant_in_basket,232,False,False,False
widowx_put_eggplant_in_basket,233,False,False,False
widowx_put_eggplant_in_basket,234,False,False,False
widowx_put_eggplant_in_basket,235,False,False,False
widowx_put_eggplant_in_basket,236,False,False,False
widowx_put_eggplant_in_basket,237,False,False,False
widowx_put_eggplant_in_basket,238,False,False,False
widowx_put_eggplant_in_basket,239,False,False,False
widowx_put_eggplant_in_basket,240,False,False,False
widowx_put_eggplant_in_basket,241,False,False,False
widowx_put_eggplant_in_basket,242,False,False,False
widowx_put_eggplant_in_basket,243,False,False,False
widowx_put_eggplant_in_basket,244,False,False,False
widowx_put_eggplant_in_basket,245,False,False,True
widowx_put_eggplant_in_basket,246,False,False,False
widowx_put_eggplant_in_basket,247,False,False,False
widowx_put_eggplant_in_basket,248,False,False,False
widowx_put_eggplant_in_basket,249,False,False,False
widowx_put_eggplant_in_basket,250,False,False,False
widowx_put_eggplant_in_basket,251,False,False,False
widowx_put_eggplant_in_basket,252,False,False,False
widowx_put_eggplant_in_basket,253,False,False,False
widowx_put_eggplant_in_basket,254,False,False,False
widowx_put_eggplant_in_basket,255,False,False,False
widowx_put_eggplant_in_basket,256,False,False,True
widowx_put_eggplant_in_basket,257,False,False,False
widowx_put_eggplant_in_basket,258,False,False,False
widowx_put_eggplant_in_basket,259,False,False,False
widowx_put_eggplant_in_basket,260,False,False,False
widowx_put_eggplant_in_basket,261,False,False,False
widowx_put_eggplant_in_basket,262,False,False,False
widowx_put_eggplant_in_basket,263,False,False,False
widowx_put_eggplant_in_basket,264,False,False,False
widowx_put_eggplant_in_basket,265,False,False,False
widowx_put_eggplant_in_basket,266,False,False,False
widowx_put_eggplant_in_basket,267,False,False,False
widowx_put_eggplant_in_basket,268,False,False,False
widowx_put_eggplant_in_basket,269,False,False,False
widowx_put_eggplant_in_basket,270,False,False,False
widowx_put_eggplant_in_basket,271,False,False,False
widowx_put_eggplant_in_basket,272,False,False,False
widowx_put_eggplant_in_basket,273,False,False,False
widowx_put_eggplant_in_basket,274,False,False,False
widowx_put_eggplant_in_basket,275,False,False,False
widowx_put_eggplant_in_basket,276,False,False,False
widowx_put_eggplant_in_basket,277,False,False,False
widowx_put_eggplant_in_basket,278,False,False,False
widowx_put_eggplant_in_basket,279,False,False,False
widowx_put_eggplant_in_basket,280,False,False,False
widowx_put_eggplant_in_basket,281,False,False,False
widowx_put_eggplant_in_basket,282,False,False,False
widowx_put_eggplant_in_basket,283,False,False,False
widowx_put_eggplant_in_basket,284,False,False,False
widowx_put_eggplant_in_basket,285,False,False,False
widowx_put_eggplant_in_basket,286,False,False,False
widowx_put_eggplant_in_basket,287,False,False,False
widowx_put_eggplant_in_basket,288,False,False,False
widowx_put_eggplant_in_basket,289,False,False,False
widowx_put_eggplant_in_basket,290,False,False,False
widowx_put_eggplant_in_basket,291,False,False,False
widowx_put_eggplant_in_basket,292,False,False,False
widowx_put_eggplant_in_basket,293,False,False,False
widowx_put_eggplant_in_basket,294,False,False,False
widowx_put_eggplant_in_basket,295,False,False,True
widowx_put_eggplant_in_basket,296,False,False,False
widowx_put_eggplant_in_basket,297,False,False,False
widowx_put_eggplant_in_basket,298,False,False,False
widowx_put_eggplant_in_basket,299,False,False,False
widowx_spoon_on_towel,0,False,False,False
widowx_spoon_on_towel,1,False,False,False
widowx_spoon_on_towel,2,False,False,False
widowx_spoon_on_towel,3,False,False,False
widowx_spoon_on_towel,4,False,False,False
widowx_spoon_on_towel,5,False,False,False
widowx_spoon_on_towel,6,False,False,False
widowx_spoon_on_towel,7,False,False,False
widowx_spoon_on_towel,8,False,False,False
widowx_spoon_on_towel,9,False,False,False
widowx_spoon_on_towel,10,False,False,False
widowx_spoon_on_towel,11,False,False,True
widowx_spoon_on_towel,12,False,False,False
widowx_spoon_on_towel,13,False,False,False
widowx_spoon_on_towel,14,False,False,False
widowx_spoon_on_towel,15,False,False,False
widowx_spoon_on_towel,16,False,False,False
widowx_spoon_on_towel,17,False,False,False
widowx_spoon_on_towel,18,False,False,False
widowx_spoon_on_towel,19,False,False,False
widowx_spoon_on_towel,20,False,False,False
widowx_spoon_on_towel,21,False,False,False
widowx_spoon_on_towel,22,False,False,False
widowx_spoon_on_towel,23,False,False,False
widowx_spoon_on_towel,24,False,False,False
widowx_spoon_on_towel,25,False,False,False
widowx_spoon_on_towel,26,False,False,False
widowx_spoon_on_towel,27,False,False,False
widowx_spoon_on_towel,28,False,False,False
widowx_spoon_on_towel,29,False,False,False
widowx_spoon_on_towel,30,False,False,False
widowx_spoon_on_towel,31,False,False,False
widowx_spoon_on_towel,32,False,False,False
widowx_spoon_on_towel,33,False,False,False
widowx_spoon_on_towel,34,False,False,False
widowx_spoon_on_towel,35,False,False,False
widowx_spoon_on_towel,36,False,False,False
widowx_spoon_on_towel,37,False,False,False
widowx_spoon_on_towel,38,False,False,False
widowx_spoon_on_towel,39,False,False,False
widowx_spoon_on_towel,40,False,False,False
widowx_spoon_on_towel,41,False,False,False
widowx_spoon_on_towel,42,False,False,False
widowx_spoon_on_towel,43,False,False,False
widowx_spoon_on_towel,44,False,False,False
widowx_spoon_on_towel,45,False,False,False
widowx_spoon_on_towel,46,False,False,False
widowx_spoon_on_towel,47,False,False,False
widowx_spoon_on_towel,48,False,False,False
widowx_spoon_on_towel,49,False,False,False
widowx_spoon_on_towel,50,False,False,False
widowx_spoon_on_towel,51,False,False,False
widowx_spoon_on_towel,52,False,False,False
widowx_spoon_on_towel,53,False,False,False
widowx_spoon_on_towel,54,False,False,False
widowx_spoon_on_towel,55,False,False,False
widowx_spoon_on_towel,56,False,False,False
widowx_spoon_on_towel,57,False,False,False
widowx_spoon_on_towel,58,False,False,False
widowx_spoon_on_towel,59,False,False,False
widowx_spoon_on_towel,60,False,False,False
widowx_spoon_on_towel,61,False,False,False
widowx_spoon_on_towel,62,False,False,False
widowx_spoon_on_towel,63,False,False,False
widowx_spoon_on_towel,64,False,False,False
widowx_spoon_on_towel,65,False,False,False
widowx_spoon_on_towel,66,False,False,False
widowx_spoon_on_towel,67,False,False,False
widowx_spoon_on_towel,68,False,False,False
widowx_spoon_on_towel,69,False,False,False
widowx_spoon_on_towel,70,False,False,False
widowx_spoon_on_towel,71,False,False,False
widowx_spoon_on_towel,72,False,False,False
widowx_spoon_on_towel,73,False,False,False
widowx_spoon_on_towel,74,False,False,False
widowx_spoon_on_towel,75,False,False,False
widowx_spoon_on_towel,76,False,False,False
widowx_spoon_on_towel,77,False,False,False
widowx_spoon_on_towel,78,False,False,False
widowx_spoon_on_towel,79,False,False,False
widowx_spoon_on_towel,80,False,False,False
widowx_spoon_on_towel,81,False,False,False
widowx_spoon_on_towel,82,False,False,False
widowx_spoon_on_towel,83,False,False,False
widowx_spoon_on_towel,84,False,False,False
widowx_spoon_on_towel,85,False,False,False
widowx_spoon_on_towel,86,False,False,False
widowx_spoon_on_towel,87,False,False,False
widowx_spoon_on_towel,88,False,False,False
widowx_spoon_on_towel,89,False,False,False
widowx_spoon_on_towel,90,False,False,False
widowx_spoon_on_towel,91,False,False,False
widowx_spoon_on_towel,92,False,False,False
widowx_spoon_on_towel,93,False,False,False
widowx_spoon_on_towel,94,False,False,False
widowx_spoon_on_towel,95,False,False,False
widowx_spoon_on_towel,96,False,False,False
widowx_spoon_on_towel,97,False,False,False
widowx_spoon_on_towel,98,False,False,False
widowx_spoon_on_towel,99,False,False,False
widowx_spoon_on_towel,100,False,False,False
widowx_spoon_on_towel,101,False,False,False
widowx_spoon_on_towel,102,False,False,False
widowx_spoon_on_towel,103,False,False,False
widowx_spoon_on_towel,104,False,False,False
widowx_spoon_on_towel,105,False,False,False
widowx_spoon_on_towel,106,False,False,False
widowx_spoon_on_towel,107,False,False,False
widowx_spoon_on_towel,108,False,False,False
widowx_spoon_on_towel,109,False,False,False
widowx_spoon_on_towel,110,False,False,False
widowx_spoon_on_towel,111,False,False,False
widowx_spoon_on_towel,112,False,False,False
widowx_spoon_on_towel,113,False,False,False
widowx_spoon_on_towel,114,False,False,False
widowx_spoon_on_towel,115,False,False,False
widowx_spoon_on_towel,116,False,False,False
widowx_spoon_on_towel,117,False,False,False
widowx_spoon_on_towel,118,False,False,False
widowx_spoon_on_towel,119,False,False,False
widowx_spoon_on_towel,120,False,False,False
widowx_spoon_on_towel,121,False,False,False
widowx_spoon_on_towel,122,False,False,False
widowx_spoon_on_towel,123,False,False,False
widowx_spoon_on_towel,124,False,False,False
widowx_spoon_on_towel,125,False,False,False
widowx_spoon_on_towel,126,False,False,False
widowx_spoon_on_towel,127,False,False,False
widowx_spoon_on_towel,128,False,False,False
widowx_spoon_on_towel,129,False,False,False
widowx_spoon_on_towel,130,False,False,False
widowx_spoon_on_towel,131,False,False,False
widowx_spoon_on_towel,132,False,False,False
widowx_spoon_on_towel,133,False,False,False
widowx_spoon_on_towel,134,False,False,False
widowx_spoon_on_towel,135,False,False,False
widowx_spoon_on_towel,136,False,False,False
widowx_spoon_on_towel,137,False,False,False
widowx_spoon_on_towel,138,False,False,False
widowx_spoon_on_towel,139,False,False,False
widowx_spoon_on_towel,140,False,False,False
widowx_spoon_on_towel,141,False,False,False
widowx_spoon_on_towel,142,False,False,False
widowx_spoon_on_towel,143,False,False,False
widowx_spoon_on_towel,144,False,False,False
widowx_spoon_on_towel,145,False,False,False
widowx_spoon_on_towel,146,False,False,False
widowx_spoon_on_towel,147,False,False,True
widowx_spoon_on_towel,148,False,False,False
widowx_spoon_on_towel,149,False,False,False
widowx_spoon_on_towel,150,False,False,False
widowx_spoon_on_towel,151,False,False,False
widowx_spoon_on_towel,152,False,False,False
widowx_spoon_on_towel,153,False,False,False
widowx_spoon_on_towel,154,False,False,False
widowx_spoon_on_towel,155,False,False,False
widowx_spoon_on_towel,156,False,False,False
widowx_spoon_on_towel,157,False,False,False
widowx_spoon_on_towel,158,False,False,False
widowx_spoon_on_towel,159,False,False,False
widowx_spoon_on_towel,160,False,False,False
widowx_spoon_on_towel,161,False,False,False
widowx_spoon_on_towel,162,False,False,False
widowx_spoon_on_towel,163,False,False,False
widowx_spoon_on_towel,164,False,False,False
widowx_spoon_on_towel,165,False,False,False
widowx_spoon_on_towel,166,False,False,False
widowx_spoon_on_towel,167,False,False,False
widowx_spoon_on_towel,168,False,False,False
widowx_spoon_on_towel,169,False,False,False
widowx_spoon_on_towel,170,False,False,False
widowx_spoon_on_towel,171,False,False,False
widowx_spoon_on_towel,172,False,False,False
widowx_spoon_on_towel,173,False,False,False
widowx_spoon_on_towel,174,False,False,False
widowx_spoon_on_towel,175,False,False,False
widowx_spoon_on_towel,176,False,False,False
widowx_spoon_on_towel,177,False,False,False
widowx_spoon_on_towel,178,False,False,False
widowx_spoon_on_towel,179,False,False,True
widowx_spoon_on_towel,180,False,False,False
widowx_spoon_on_towel,181,False,False,False
widowx_spoon_on_towel,182,False,False,False
widowx_spoon_on_towel,183,False,False,False
widowx_spoon_on_towel,184,False,False,False
widowx_spoon_on_towel,185,False,False,False
widowx_spoon_on_towel,186,False,False,False
widowx_spoon_on_towel,187,False,False,False
widowx_spoon_on_towel,188,False,False,False
widowx_spoon_on_towel,189,False,False,False
widowx_spoon_on_towel,190,False,False,False
widowx_spoon_on_towel,191,False,False,False
widowx_spoon_on_towel,192,False,False,False
widowx_spoon_on_towel,193,False,False,False
widowx_spoon_on_towel,194,False,False,False
widowx_spoon_on_towel,195,False,False,False
widowx_spoon_on_towel,196,False,False,False
widowx_spoon_on_towel,197,False,False,False
widowx_spoon_on_towel,198,False,False,False
widowx_spoon_on_towel,199,False,False,False
widowx_spoon_on_towel,200,False,False,False
widowx_spoon_on_towel,201,False,False,False
widowx_spoon_on_towel,202,False,False,False
widowx_spoon_on_towel,203,False,False,False
widowx_spoon_on_towel,204,False,False,False
widowx_spoon_on_towel,205,False,False,False
widowx_spoon_on_towel,206,False,False,False
widowx_spoon_on_towel,207,False,False,False
widowx_spoon_on_towel,208,False,False,False
widowx_spoon_on_towel,209,False,True,False
widowx_spoon_on_towel,210,False,False,False
widowx_spoon_on_towel,211,False,False,False
widowx_spoon_on_towel,212,False,False,False
widowx_spoon_on_towel,213,False,False,False
widowx_spoon_on_towel,214,False,False,False
widowx_spoon_on_towel,215,False,False,False
widowx_spoon_on_towel,216,False,False,False
widowx_spoon_on_towel,217,False,False,False
widowx_spoon_on_towel,218,False,False,False
widowx_spoon_on_towel,219,False,False,False
widowx_spoon_on_towel,220,False,False,False
widowx_spoon_on_towel,221,False,False,False
widowx_spoon_on_towel,222,False,False,False
widowx_spoon_on_towel,223,False,False,False
widowx_spoon_on_towel,224,False,False,False
widowx_spoon_on_towel,225,False,False,False
widowx_spoon_on_towel,226,False,False,False
widowx_spoon_on_towel,227,False,False,False
widowx_spoon_on_towel,228,False,False,False
widowx_spoon_on_towel,229,False,False,False
widowx_spoon_on_towel,230,False,False,False
widowx_spoon_on_towel,231,False,False,False
widowx_spoon_on_towel,232,False,False,False
widowx_spoon_on_towel,233,False,False,False
widowx_spoon_on_towel,234,False,False,False
widowx_spoon_on_towel,235,False,False,False
widowx_spoon_on_towel,236,False,False,False
widowx_spoon_on_towel,237,False,False,False
widowx_spoon_on_towel,238,False,False,False
widowx_spoon_on_towel,239,False,False,False
widowx_spoon_on_towel,240,False,False,False
widowx_spoon_on_towel,241,False,False,False
widowx_spoon_on_towel,242,False,False,False
widowx_spoon_on_towel,243,False,False,False
widowx_spoon_on_towel,244,False,False,False
widowx_spoon_on_towel,245,False,False,False
widowx_spoon_on_towel,246,False,False,False
widowx_spoon_on_towel,247,False,False,False
widowx_spoon_on_towel,248,False,False,False
widowx_spoon_on_towel,249,False,False,False
widowx_spoon_on_towel,250,False,False,False
widowx_spoon_on_towel,251,False,False,False
widowx_spoon_on_towel,252,False,False,False
widowx_spoon_on_towel,253,False,False,False
widowx_spoon_on_towel,254,False,False,False
widowx_spoon_on_towel,255,False,False,False
widowx_spoon_on_towel,256,False,False,False
widowx_spoon_on_towel,257,False,False,False
widowx_spoon_on_towel,258,False,False,False
widowx_spoon_on_towel,259,False,False,False
widowx_spoon_on_towel,260,False,False,False
widowx_spoon_on_towel,261,False,False,False
widowx_spoon_on_towel,262,False,False,False
widowx_spoon_on_towel,263,False,False,False
widowx_spoon_on_towel,264,False,False,False
widowx_spoon_on_towel,265,False,False,False
widowx_spoon_on_towel,266,False,False,False
widowx_spoon_on_towel,267,False,False,False
widowx_spoon_on_towel,268,False,False,False
widowx_spoon_on_towel,269,False,False,False
widowx_spoon_on_towel,270,False,False,False
widowx_spoon_on_towel,271,False,False,False
widowx_spoon_on_towel,272,False,False,False
widowx_spoon_on_towel,273,False,False,False
widowx_spoon_on_towel,274,False,False,False
widowx_spoon_on_towel,275,False,False,False
widowx_spoon_on_towel,276,False,False,False
widowx_spoon_on_towel,277,False,False,False
widowx_spoon_on_towel,278,False,False,False
widowx_spoon_on_towel,279,False,False,False
widowx_spoon_on_towel,280,False,False,False
widowx_spoon_on_towel,281,False,False,False
widowx_spoon_on_towel,282,False,False,False
widowx_spoon_on_towel,283,False,False,False
widowx_spoon_on_towel,284,False,False,False
widowx_spoon_on_towel,285,False,False,False
widowx_spoon_on_towel,286,False,False,False
widowx_spoon_on_towel,287,False,False,False
widowx_spoon_on_towel,288,False,False,False
widowx_spoon_on_towel,289,False,False,False
widowx_spoon_on_towel,290,False,False,False
widowx_spoon_on_towel,291,False,False,False
widowx_spoon_on_towel,292,False,False,False
widowx_spoon_on_towel,293,False,False,False
widowx_spoon_on_towel,294,False,False,False
widowx_spoon_on_towel,295,False,False,False
widowx_spoon_on_towel,296,False,False,False
widowx_spoon_on_towel,297,False,False,False
widowx_spoon_on_towel,298,False,False,False
widowx_spoon_on_towel,299,False,False,True
widowx_stack_cube,0,False,False,False
widowx_stack_cube,1,False,False,False
widowx_stack_cube,2,False,False,False
widowx_stack_cube,3,False,False,False
widowx_stack_cube,4,False,False,False
widowx_stack_cube,5,False,False,False
widowx_stack_cube,6,False,False,False
widowx_stack_cube,7,False,False,False
widowx_stack_cube,8,False,False,False
widowx_stack_cube,9,False,False,False
widowx_stack_cube,10,False,False,False
widowx_stack_cube,11,False,False,False
widowx_stack_cube,12,False,False,False
widowx_stack_cube,13,False,False,False
widowx_stack_cube,14,False,False,False
widowx_stack_cube,15,False,False,False
widowx_stack_cube,16,False,False,False
widowx_stack_cube,17,False,False,False
widowx_stack_cube,18,False,False,False
widowx_stack_cube,19,False,False,False
widowx_stack_cube,20,False,False,False
widowx_stack_cube,21,False,False,False
widowx_stack_cube,22,False,False,False
widowx_stack_cube,23,False,False,False
widowx_stack_cube,24,False,False,False
widowx_stack_cube,25,False,False,False
widowx_stack_cube,26,False,False,False
widowx_stack_cube,27,False,False,False
widowx_stack_cube,28,False,False,False
widowx_stack_cube,29,False,False,False
widowx_stack_cube,30,False,False,False
widowx_stack_cube,31,False,False,False
widowx_stack_cube,32,False,False,False
widowx_stack_cube,33,False,False,False
widowx_stack_cube,34,False,False,False
widowx_stack_cube,35,False,False,False
widowx_stack_cube,36,False,False,False
widowx_stack_cube,37,False,False,False
widowx_stack_cube,38,False,False,False
widowx_stack_cube,39,False,False,False
widowx_stack_cube,40,False,False,False
widowx_stack_cube,41,False,False,False
widowx_stack_cube,42,False,False,False
widowx_stack_cube,43,False,False,False
widowx_stack_cube,44,False,False,False
widowx_stack_cube,45,False,False,False
widowx_stack_cube,46,False,False,False
widowx_stack_cube,47,False,False,False
widowx_stack_cube,48,False,False,False
widowx_stack_cube,49,False,False,False
widowx_stack_cube,50,False,False,False
widowx_stack_cube,51,False,False,False
widowx_stack_cube,52,False,False,False
widowx_stack_cube,53,False,False,False
widowx_stack_cube,54,False,False,False
widowx_stack_cube,55,False,False,False
widowx_stack_cube,56,False,False,False
widowx_stack_cube,57,False,False,False
widowx_stack_cube,58,False,False,False
widowx_stack_cube,59,False,False,False
widowx_stack_cube,60,False,False,False
widowx_stack_cube,61,False,False,False
widowx_stack_cube,62,False,False,False
widowx_stack_cube,63,False,False,False
widowx_stack_cube,64,False,False,False
widowx_stack_cube,65,False,False,False
widowx_stack_cube,66,False,False,False
widowx_stack_cube,67,False,False,False
widowx_stack_cube,68,False,False,False
widowx_stack_cube,69,False,False,False
widowx_stack_cube,70,False,False,False
widowx_stack_cube,71,False,False,False
widowx_stack_cube,72,False,False,False
widowx_stack_cube,73,False,False,False
widowx_stack_cube,74,False,False,False
widowx_stack_cube,75,False,False,False
widowx_stack_cube,76,False,False,False
widowx_stack_cube,77,False,False,False
widowx_stack_cube,78,False,False,False
widowx_stack_cube,79,False,False,False
widowx_stack_cube,80,False,False,False
widowx_stack_cube,81,False,False,False
widowx_stack_cube,82,False,False,False
widowx_stack_cube,83,False,False,False
widowx_stack_cube,84,False,False,False
widowx_stack_cube,85,False,False,False
widowx_stack_cube,86,False,False,False
widowx_stack_cube,87,False,False,False
widowx_stack_cube,88,False,False,False
widowx_stack_cube,89,False,False,False
widowx_stack_cube,90,False,False,False
widowx_stack_cube,91,False,False,False
widowx_stack_cube,92,False,False,False
widowx_stack_cube,93,False,False,False
widowx_stack_cube,94,False,False,False
widowx_stack_cube,95,False,False,False
widowx_stack_cube,96,False,False,False
widowx_stack_cube,97,False,False,False
widowx_stack_cube,98,False,False,False
widowx_stack_cube,99,False,False,False
widowx_stack_cube,100,False,False,False
widowx_stack_cube,101,False,False,True
widowx_stack_cube,102,False,False,False
widowx_stack_cube,103,False,False,False
widowx_stack_cube,104,False,False,False
widowx_stack_cube,105,False,False,False
widowx_stack_cube,106,False,False,False
widowx_stack_cube,107,False,False,False
widowx_stack_cube,108,False,False,False
widowx_stack_cube,109,False,False,False
widowx_stack_cube,110,False,False,False
widowx_stack_cube,111,False,False,False
widowx_stack_cube,112,False,False,False
widowx_stack_cube,113,False,False,False
widowx_stack_cube,114,False,False,False
widowx_stack_cube,115,False,False,False
widowx_stack_cube,116,False,False,False
widowx_stack_cube,117,False,False,False
widowx_stack_cube,118,False,False,False
widowx_stack_cube,119,False,False,False
widowx_stack_cube,120,False,False,False
widowx_stack_cube,121,False,False,False
widowx_stack_cube,122,False,False,False
widowx_stack_cube,123,False,False,False
widowx_stack_cube,124,False,False,False
widowx_stack_cube,125,False,False,False
widowx_stack_cube,126,False,False,False
widowx_stack_cube,127,False,False,False
widowx_stack_cube,128,False,False,False
widowx_stack_cube,129,False,False,False
widowx_stack_cube,130,False,False,False
widowx_stack_cube,131,False,False,False
widowx_stack_cube,132,False,False,False
widowx_stack_cube,133,False,False,False
widowx_stack_cube,134,False,False,False
widowx_stack_cube,135,False,False,True
widowx_stack_cube,136,False,False,False
widowx_stack_cube,137,False,False,False
widowx_stack_cube,138,False,False,False
widowx_stack_cube,139,False,False,False
widowx_stack_cube,140,False,False,False
widowx_stack_cube,141,False,False,False
widowx_stack_cube,142,False,False,False
widowx_stack_cube,143,False,False,False
widowx_stack_cube,144,False,False,False
widowx_stack_cube,145,False,False,False
widowx_stack_cube,146,False,False,False
widowx_stack_cube,147,False,False,False
widowx_stack_cube,148,False,False,False
widowx_stack_cube,149,False,False,False
widowx_stack_cube,150,False,False,False
widowx_stack_cube,151,False,False,False
widowx_stack_cube,152,False,False,False
widowx_stack_cube,153,False,False,False
widowx_stack_cube,154,False,False,False
widowx_stack_cube,155,False,False,False
widowx_stack_cube,156,False,False,False
widowx_stack_cube,157,False,False,False
widowx_stack_cube,158,False,False,False
widowx_stack_cube,159,False,False,True
widowx_stack_cube,160,False,False,False
widowx_stack_cube,161,False,False,False
widowx_stack_cube,162,False,False,True
widowx_stack_cube,163,False,False,False
widowx_stack_cube,164,False,False,False
widowx_stack_cube,165,False,False,False
widowx_stack_cube,166,False,False,False
widowx_stack_cube,167,False,False,False
widowx_stack_cube,168,False,False,False
widowx_stack_cube,169,False,False,False
widowx_stack_cube,170,False,False,False
widowx_stack_cube,171,False,False,False
widowx_stack_cube,172,False,False,False
widowx_stack_cube,173,False,False,False
widowx_stack_cube,174,False,False,False
widowx_stack_cube,175,False,False,False
widowx_stack_cube,176,False,False,False
widowx_stack_cube,177,False,False,False
widowx_stack_cube,178,False,False,False
widowx_stack_cube,179,False,False,False
widowx_stack_cube,180,False,False,False
widowx_stack_cube,181,False,False,False
widowx_stack_cube,182,False,False,False
widowx_stack_cube,183,False,False,False
widowx_stack_cube,184,False,False,False
widowx_stack_cube,185,False,False,False
widowx_stack_cube,186,False,False,False
widowx_stack_cube,187,False,False,True
widowx_stack_cube,188,False,False,False
widowx_stack_cube,189,False,False,False
widowx_stack_cube,190,False,False,False
widowx_stack_cube,191,False,False,False
widowx_stack_cube,192,False,False,False
widowx_stack_cube,193,False,False,False
widowx_stack_cube,194,False,False,False
widowx_stack_cube,195,False,False,False
widowx_stack_cube,196,False,False,False
widowx_stack_cube,197,False,False,False
widowx_stack_cube,198,False,False,False
widowx_stack_cube,199,False,False,False
widowx_stack_cube,200,False,False,False
widowx_stack_cube,201,False,False,False
widowx_stack_cube,202,False,False,False
widowx_stack_cube,203,False,False,False
widowx_stack_cube,204,False,False,False
widowx_stack_cube,205,False,False,False
widowx_stack_cube,206,False,False,False
widowx_stack_cube,207,False,False,False
widowx_stack_cube,208,False,False,False
widowx_stack_cube,209,False,False,False
widowx_stack_cube,210,False,False,False
widowx_stack_cube,211,False,False,False
widowx_stack_cube,212,False,False,False
widowx_stack_cube,213,False,False,True
widowx_stack_cube,214,False,False,False
widowx_stack_cube,215,False,False,False
widowx_stack_cube,216,False,False,False
widowx_stack_cube,217,False,False,False
widowx_stack_cube,218,False,False,False
widowx_stack_cube,219,False,False,False
widowx_stack_cube,220,False,False,False
widowx_stack_cube,221,False,False,False
widowx_stack_cube,222,False,False,False
widowx_stack_cube,223,False,False,False
widowx_stack_cube,224,False,False,False
widowx_stack_cube,225,False,False,False
widowx_stack_cube,226,False,False,False
widowx_stack_cube,227,False,False,False
widowx_stack_cube,228,False,False,False
widowx_stack_cube,229,False,False,False
widowx_stack_cube,230,False,False,False
widowx_stack_cube,231,False,False,False
widowx_stack_cube,232,False,False,False
widowx_stack_cube,233,False,False,False
widowx_stack_cube,234,False,False,False
widowx_stack_cube,235,False,False,False
widowx_stack_cube,236,False,False,False
widowx_stack_cube,237,False,False,False
widowx_stack_cube,238,False,False,False
widowx_stack_cube,239,False,False,False
widowx_stack_cube,240,False,False,False
widowx_stack_cube,241,False,False,False
widowx_stack_cube,242,False,False,False
widowx_stack_cube,243,False,False,False
widowx_stack_cube,244,False,False,False
widowx_stack_cube,245,False,False,False
widowx_stack_cube,246,False,False,False
widowx_stack_cube,247,False,False,True
widowx_stack_cube,248,False,False,False
widowx_stack_cube,249,False,False,False
widowx_stack_cube,250,False,False,False
widowx_stack_cube,251,False,False,True
widowx_stack_cube,252,False,False,False
widowx_stack_cube,253,False,False,False
widowx_stack_cube,254,False,False,False
widowx_stack_cube,255,False,False,False
widowx_stack_cube,256,False,False,False
widowx_stack_cube,257,False,False,False
widowx_stack_cube,258,False,False,False
widowx_stack_cube,259,False,False,False
widowx_stack_cube,260,False,False,False
widowx_stack_cube,261,False,False,False
widowx_stack_cube,262,False,False,False
widowx_stack_cube,263,False,False,False
widowx_stack_cube,264,False,False,False
widowx_stack_cube,265,False,False,False
widowx_stack_cube,266,False,False,False
widowx_stack_cube,267,False,False,False
widowx_stack_cube,268,False,False,False
widowx_stack_cube,269,False,False,False
widowx_stack_cube,270,False,False,False
widowx_stack_cube,271,False,False,False
widowx_stack_cube,272,False,False,False
widowx_stack_cube,273,False,False,False
widowx_stack_cube,274,False,False,False
widowx_stack_cube,275,False,False,False
widowx_stack_cube,276,False,False,False
widowx_stack_cube,277,False,False,False
widowx_stack_cube,278,False,False,False
widowx_stack_cube,279,False,False,False
widowx_stack_cube,280,False,False,False
widowx_stack_cube,281,False,False,False
widowx_stack_cube,282,False,False,False
widowx_stack_cube,283,False,False,False
widowx_stack_cube,284,False,False,False
widowx_stack_cube,285,False,False,False
widowx_stack_cube,286,False,False,False
widowx_stack_cube,287,False,False,False
widowx_stack_cube,288,False,False,False
widowx_stack_cube,289,False,False,False
widowx_stack_cube,290,False,False,False
widowx_stack_cube,291,False,False,False
widowx_stack_cube,292,False,False,False
widowx_stack_cube,293,False,False,False
widowx_stack_cube,294,False,False,False
widowx_stack_cube,295,False,False,False
widowx_stack_cube,296,False,False,False
widowx_stack_cube,297,False,False,False
widowx_stack_cube,298,False,False,False
widowx_stack_cube,299,False,False,False
