task,seed,stage,category,step,entered_boost_rank,entered_difference,entered_p,entered_p_rank,entered_q,entered_q_rank,entered_rc,entered_token,exited_boost_rank,exited_difference,exited_p,exited_p_rank,exited_q,exited_q_rank,exited_rc,exited_token,index,only_action_l2_vs_correct,only_residual_cosine_vs_correct,undo_action_l2_vs_boost,undo_residual_cosine_vs_boost
close_drawer,0,middle,both_success,56,46,0.0010362416885796423,0.005691288935614081,47,0.004655047247034439,50,"[6, 5]",101,48,-0.0020425622980214907,0.006078766258570425,45,0.008121328556591915,39,"[12, 7]",199,0,0.0,0.9938821519500732,0.0,0.9938821519500732
close_drawer,1,early,both_success,13,16,0.004205120648280838,0.01921542513698825,18,0.01501030448870741,22,"[12, 7]",199,18,3.221628922356681e-05,0.019979145351182757,16,0.01994692906195919,14,"[11, 1]",177,0,0.0,0.9813725080113167,0.0,0.9813725080113167
close_drawer,1,middle,both_success,56,5,0.013612032799441648,0.04203224321813182,7,0.028420210418690174,12,"[10, 4]",164,8,-0.0010082135773543596,0.042099229027483025,6,0.043107442604837384,5,"[9, 3]",147,0,0.0,0.989087013115472,0.0,0.989087013115472
close_drawer,3,early,both_success,13,22,0.006029628407430956,0.010651425667224977,25,0.004621797259794022,51,"[13, 8]",216,24,-0.0013935798151861675,0.011304982530476473,22,0.012698562345662641,21,"[11, 7]",183,0,0.014118062926273711,0.9854440434619224,0.014118062926273711,0.9854440434619224
close_drawer,3,middle,both_success,56,24,0.0014924135907805882,0.0067180641582727015,26,0.005225650567492113,31,"[11, 10]",186,25,-0.0025537570307181427,0.007347682132465981,23,0.009901439163184124,23,"[11, 4]",180,0,0.004667983202373244,0.9914069254126691,0.004667983202373244,0.9914069254126691
close_drawer,3,late,both_success,99,28,0.0014559481031878804,0.007980329928645002,29,0.006524381825457122,31,"[9, 4]",148,29,-0.0007336076625676542,0.008339459626696466,28,0.00907306728926412,22,"[6, 3]",99,0,0.0,0.9934996438170585,0.0,0.9934996438170585
close_drawer,5,early,harm,13,23,0.0071022577781497545,0.010024148024455469,30,0.0029218902463057144,76,"[15, 6]",246,29,-0.005202332750588363,0.01053038379118875,28,0.015732716541777114,17,"[8, 1]",129,0,0.0,0.9963730740021435,0.0,0.9963730740021435
close_drawer,7,late,both_success,99,52,0.0005795585172955245,0.004068287270512853,55,0.0034887287532173283,61,"[5, 8]",88,57,-0.00432824397261495,0.004140799608693977,52,0.008469043581308927,34,"[6, 1]",97,0,0.0,0.9821616120738,0.0,0.9821616120738
close_drawer,8,middle,both_success,56,44,0.0007253691004098194,0.005193123217855948,46,0.004467754117446128,50,"[8, 6]",134,46,0.00013353459494056582,0.0053115889645068025,44,0.005178054369566237,46,"[0, 0]",0,0,0.0,0.9966665892443081,0.0,0.9966665892443081
close_drawer,8,late,both_success,99,45,0.0016225239828528194,0.00512536915145071,49,0.0035028451685978905,55,"[7, 11]",123,47,-0.0017164535649390397,0.005541777440211385,46,0.007258231005150425,41,"[12, 9]",201,0,0.0,0.9964464587056912,0.0,0.9964464587056912
close_drawer,9,early,both_fail,13,23,0.004397767740890529,0.007778063298433244,32,0.0033802955575427153,55,"[13, 3]",211,24,-0.0038612646857588088,0.009602701969673411,23,0.01346396665543222,17,"[10, 15]",175,0,0.05904728405148374,0.9896345050832015,0.05904728405148374,0.9896345050832015
close_drawer,10,early,both_success,13,41,0.0027401251173983193,0.005210592651098212,51,0.0024704675336998925,63,"[11, 7]",183,43,-0.001564632834090641,0.006424373139730664,41,0.007989005973821305,37,"[8, 15]",143,0,0.0,0.9871436282722035,0.0,0.9871436282722035
close_drawer,10,middle,both_success,56,46,0.0014401585887839942,0.0035801353785457134,51,0.002139976789761719,66,"[8, 9]",137,52,-0.0015430088380635502,0.003666065587659596,49,0.005209074425723146,35,"[6, 10]",106,0,0.0,0.9982047780230543,0.0489656727278934,0.9978352048998158
close_drawer,10,middle,both_success,56,47,0.0012690127330467833,0.0036118685284048137,50,0.0023428557953580303,62,"[7, 7]",119,51,-0.00023967384068197036,0.003701138764630265,47,0.003940812605312235,43,"[14, 0]",224,1,0.0,0.9865126138673526,0.0489656727278934,0.9866037075986034
close_drawer,11,late,both_success,99,52,0.0004377544682689267,0.001396775079402964,56,0.0009590206111340374,67,"[13, 6]",214,54,-0.000575104873083951,0.0015963912463663027,52,0.0021714961194502537,47,"[6, 14]",110,0,0.0,0.9890280246626283,0.0,0.9890280246626283
close_drawer,12,middle,both_success,56,6,0.01678558706559037,0.045275080822671496,7,0.028489493757081125,11,"[12, 9]",201,7,-0.007859312821126264,0.04595627938202394,6,0.05381559220315021,6,"[11, 8]",184,0,0.08371550498639838,0.8383154815180277,0.08371550498639838,0.8383154815180277
close_drawer,14,late,both_success,99,52,0.0005795585172955245,0.004068287270512853,55,0.0034887287532173283,61,"[5, 8]",88,57,-0.00432824397261495,0.004140799608693977,52,0.008469043581308927,34,"[6, 1]",97,0,0.0,0.9821616120738,0.0,0.9821616120738
close_drawer,15,middle,both_success,56,46,0.0010362416885796423,0.005691288935614081,47,0.004655047247034439,50,"[6, 5]",101,48,-0.0020425622980214907,0.006078766258570425,45,0.008121328556591915,39,"[12, 7]",199,0,0.0,0.9938821519500732,0.0,0.9938821519500732
close_drawer,16,early,both_success,13,26,0.001828393272505193,0.010908231169565923,29,0.00907983789706073,31,"[8, 6]",134,29,-0.001268277141814808,0.011160090847109241,27,0.01242836798892405,21,"[6, 4]",100,0,0.011071365759653173,0.9841695392564781,0.011071365759653173,0.9841695392564781
close_drawer,16,middle,both_success,56,38,0.0018060591993854262,0.004220748183159464,43,0.002414688983774038,61,"[6, 7]",103,45,1.2477158128750866e-05,0.004447682029039164,42,0.004435204870910413,41,"[5, 9]",89,0,0.0031590756598640912,0.9967365677358035,0.0,0.9966349757911844
close_drawer,16,middle,both_success,56,39,0.0018118991833878293,0.00419902799114683,44,0.0023871288077590004,62,"[7, 8]",120,44,4.675784431331601e-05,0.0044506446621451696,41,0.0044038868178318535,43,"[9, 4]",148,1,0.0031590756598640912,0.9971743738505902,0.0,0.9972971773591578
close_drawer,16,middle,both_success,56,42,0.0017431313616025766,0.004086399672050383,45,0.0023432683104478067,63,"[12, 9]",201,43,-0.00048804916590079826,0.004809147127376298,38,0.005297196293277096,33,"[5, 5]",85,2,0.0031590756598640912,0.9949932171784039,0.0,0.9966671073976252
close_drawer,17,middle,both_fail,56,4,0.001612649117549523,0.029257080142880386,5,0.027644431025330863,7,"[8, 1]",129,5,-0.009017662919032419,0.03005293466945509,4,0.03907059758848751,1,"[6, 15]",111,0,0.0,0.8395451061718302,0.0,0.8395451061718302
close_drawer,17,late,both_fail,99,27,0.002486190139436701,0.008709393157624541,34,0.00622320301818784,48,"[14, 7]",231,31,-0.0005212895348135071,0.00966902659402305,29,0.010190316128836557,29,"[11, 4]",180,0,0.0,0.998193167377206,0.0,0.9981370625401523
close_drawer,17,late,both_fail,99,28,0.0009006413572879932,0.009466806502354786,30,0.008566165145066792,36,"[9, 6]",150,30,-0.0014096190526844046,0.009696783487448337,28,0.011106402540132742,27,"[12, 3]",195,1,0.0,0.9921626004904667,0.0,0.9924871999252269
close_drawer,19,late,harm,99,35,0.002936235612707097,0.005953647888753754,38,0.003017412276046657,59,"[8, 7]",135,38,-0.002552474755081944,0.006179696436231454,35,0.008732171191313398,24,"[4, 10]",74,0,0.0,0.9971951004204732,0.0,0.9971951004204732
close_drawer,21,late,both_fail,99,31,0.0012445957231873748,0.0061898245612219795,32,0.004945228838034605,34,"[11, 7]",183,32,0.0002226471911119512,0.006244906312943399,31,0.006022259121831448,31,"[11, 2]",178,0,0.011071365759653173,0.9956376819811625,0.011071365759653173,0.9956376819811625
close_drawer,22,early,both_success,13,33,0.005122283692929122,0.006098687436046383,45,0.0009764037431172616,95,"[10, 7]",167,44,-0.0022381047702241677,0.006510687572345192,41,0.00874879234256936,32,"[9, 13]",157,0,0.0,0.9883027231220849,0.0,0.9896173572689242
close_drawer,22,early,both_success,13,39,0.003491492375191224,0.005843430405669943,48,0.002351938030478719,64,"[9, 7]",151,42,-0.001722668914487812,0.006636723789348889,40,0.008359392703836701,34,"[10, 14]",174,1,0.0,0.9937604760220371,0.0,0.9937734914091904
close_drawer,22,middle,both_success,56,44,0.001422962409202609,0.003186783176222272,49,0.001763820767019663,56,"[8, 10]",138,47,-3.803029593044431e-05,0.00374704488761879,43,0.003785075183549234,42,"[8, 4]",132,0,0.0,0.9943927280529531,0.0,0.9943927280529531
close_drawer,22,late,both_success,99,53,0.0009670833725508065,0.0020355776462939405,55,0.001068494273743134,67,"[15, 15]",255,57,0.0001652521192196609,0.002086038595507558,54,0.001920786476287897,52,"[7, 10]",122,0,0.0,0.9934181473585741,0.0,0.9936018099086487
close_drawer,22,late,both_success,99,54,0.0009727051707774168,0.0019080701268461696,56,0.0009353649560687529,73,"[8, 8]",136,55,-0.0004026518626230177,0.0023728864365870333,51,0.002775538299210051,48,"[5, 4]",84,1,0.0,0.9969683517479272,0.0,0.9967735256181703
close_drawer,23,early,both_success,13,22,0.006029628407430956,0.010651425667224977,25,0.004621797259794022,51,"[13, 8]",216,24,-0.0013935798151861675,0.011304982530476473,22,0.012698562345662641,21,"[11, 7]",183,0,0.014118062926273711,0.9854440434619224,0.014118062926273711,0.9854440434619224
close_drawer,23,middle,both_success,56,24,0.0014924135907805882,0.0067180641582727015,26,0.005225650567492113,31,"[11, 10]",186,25,-0.0025537570307181427,0.007347682132465981,23,0.009901439163184124,23,"[11, 4]",180,0,0.004667983202373244,0.9914069254126691,0.004667983202373244,0.9914069254126691
close_drawer,23,late,both_success,99,28,0.0014559481031878804,0.007980329928645002,29,0.006524381825457122,31,"[9, 4]",148,29,-0.0007336076625676542,0.008339459626696466,28,0.00907306728926412,22,"[6, 3]",99,0,0.0,0.9934996438170585,0.0,0.9934996438170585
close_drawer,25,late,both_success,99,52,0.0005795585172955245,0.004068287270512853,55,0.0034887287532173283,61,"[5, 8]",88,57,-0.00432824397261495,0.004140799608693977,52,0.008469043581308927,34,"[6, 1]",97,0,0.0,0.9821616120738,0.0,0.9821616120738
close_drawer,26,early,both_success,13,22,0.004337789024487477,0.010420568298853518,30,0.006082779274366041,47,"[13, 8]",216,28,-0.004048012145314254,0.010998429965219894,26,0.015046442110534148,17,"[11, 2]",178,0,0.0,0.9912402962184567,0.0,0.9912402962184567
close_drawer,26,middle,both_success,56,53,0.0006621726463660019,0.00322092578484282,55,0.002558753138476818,68,"[9, 6]",150,56,-0.0004538110719920557,0.0034034690109217927,53,0.0038572800829138484,53,"[14, 5]",229,0,0.0,0.9845029705904539,0.0,0.9845029705904539
close_drawer,26,late,both_success,99,51,0.0009702911334307871,0.0026383569982147454,56,0.0016680658647839582,77,"[9, 6]",150,52,-0.0017590335195050541,0.003047408502533724,51,0.004806442022038778,44,"[4, 14]",78,0,0.0,0.9807946297881128,0.0,0.9807946297881128
close_drawer,27,early,harm,13,12,0.0027576955354019876,0.019106177738714036,17,0.01634848220331205,18,"[9, 2]",146,15,-0.0017031935518081048,0.019782380416188235,13,0.02148557396799634,9,"[8, 6]",134,0,0.0,0.9905554399685998,0.0,0.9905554399685998
close_drawer,27,middle,harm,56,33,0.0005557911933579424,0.005652798997343196,34,0.005097007803985254,34,"[4, 9]",73,34,7.266956074084441e-05,0.005863444899554284,33,0.00579077533881344,32,"[8, 5]",133,0,0.0,0.9767845779997606,0.0,0.9767845779997606
close_drawer,28,late,harm,99,35,0.002936235612707097,0.005953647888753754,38,0.003017412276046657,59,"[8, 7]",135,38,-0.002552474755081944,0.006179696436231454,35,0.008732171191313398,24,"[4, 10]",74,0,0.0,0.9971951004204732,0.0,0.9971951004204732
close_drawer,29,early,both_success,13,17,0.006691155122730299,0.015008713936685592,22,0.008317558813955293,33,"[14, 9]",233,22,-0.001839455596614692,0.015868558506507497,21,0.01770801410312219,18,"[13, 5]",213,0,0.0,0.9971601620152837,0.0,0.9971601620152837
close_drawer,29,middle,both_success,56,43,0.001398893614130302,0.002688782043670398,50,0.0012898884295400959,78,"[8, 9]",137,47,-0.0005595559518875616,0.00307278781984392,44,0.003632343771731482,36,"[0, 1]",1,0,0.0,0.9864957106109733,0.0,0.9864957106109733
close_drawer,29,late,both_success,99,44,0.0014400331205520135,0.002843570019902393,47,0.0014035368993503793,76,"[8, 9]",137,47,-0.0009841407437634147,0.0029462561803471564,46,0.003930396924110571,34,"[0, 2]",2,0,0.0,0.9991478194629816,0.0,0.9991478194629816
close_drawer,30,early,both_success,13,26,0.001828393272505193,0.010908231169565923,29,0.00907983789706073,31,"[8, 6]",134,29,-0.001268277141814808,0.011160090847109241,27,0.01242836798892405,21,"[6, 4]",100,0,0.011071365759653173,0.9841695392564781,0.011071365759653173,0.9841695392564781
close_drawer,30,middle,both_success,56,38,0.0018060591993854262,0.004220748183159464,43,0.002414688983774038,61,"[6, 7]",103,45,1.2477158128750866e-05,0.004447682029039164,42,0.004435204870910413,41,"[5, 9]",89,0,0.0031590756598640912,0.9967365677358035,0.0,0.9966349757911844
close_drawer,30,middle,both_success,56,39,0.0018118991833878293,0.00419902799114683,44,0.0023871288077590004,62,"[7, 8]",120,44,4.675784431331601e-05,0.0044506446621451696,41,0.0044038868178318535,43,"[9, 4]",148,1,0.0031590756598640912,0.9971743738505902,0.0,0.9972971773591578
close_drawer,30,middle,both_success,56,42,0.0017431313616025766,0.004086399672050383,45,0.0023432683104478067,63,"[12, 9]",201,43,-0.00048804916590079826,0.004809147127376298,38,0.005297196293277096,33,"[5, 5]",85,2,0.0031590756598640912,0.9949932171784039,0.0,0.9966671073976252
close_drawer,31,late,both_success,99,34,0.002440560178475853,0.0036920755434355613,40,0.0012515153649597082,97,"[11, 2]",178,35,-0.0021007752847988564,0.004873525191294836,34,0.006974300476093692,28,"[8, 4]",132,0,0.0,0.9981838662404092,0.0,0.9981838662404092
close_drawer,32,early,both_success,13,2,0.018687445500724664,0.038543839531242026,5,0.019856394030517362,11,"[14, 5]",229,5,-0.010199997374229143,0.04133308383554989,3,0.051533081209779036,2,"[13, 12]",220,0,0.0,0.8766697553777598,0.0,0.8766697553777598
close_drawer,32,middle,both_success,56,23,0.004399505001166291,0.01050335332299641,26,0.00610384832183012,35,"[13, 4]",212,25,-0.0015356508967367087,0.011538113065297997,23,0.013073763962034706,20,"[11, 3]",179,0,0.0,0.9777340088546754,0.0,0.9777340088546754
close_drawer,33,early,both_success,13,24,0.006063082280147971,0.010315846478722225,27,0.004252764198574254,54,"[8, 8]",136,27,0.0018372417699843453,0.011165666777623645,26,0.0093284250076393,28,"[10, 3]",163,0,0.027239863989725967,0.9970888135287865,0.027239863989725967,0.9970888135287865
close_drawer,33,late,both_success,99,47,0.0017594569504006392,0.004158150388082088,52,0.002398693437681449,72,"[8, 6]",134,52,-0.0042924755876259935,0.004606019703453475,48,0.008898495291079469,29,"[12, 5]",197,0,0.0,0.9953939466474439,0.0,0.9981355190121325
close_drawer,33,late,both_success,99,48,0.001422104976287602,0.004188654507726268,51,0.002766549531438666,67,"[6, 8]",104,51,-0.002084120440432509,0.0046129921041229835,47,0.006697112544555493,41,"[11, 5]",181,1,0.0,0.990942570101998,0.0,0.994889156205772
close_drawer,34,late,both_fail,99,22,0.0025782070844358133,0.01106224017699097,25,0.008484033092555156,39,"[14, 8]",232,24,-0.0017055830535285706,0.012162587729588488,22,0.013868170783117058,21,"[13, 2]",210,0,0.0,0.9819627897027275,0.0,0.9819627897027275
close_drawer,35,middle,both_success,56,51,0.0007854559221621082,0.0015184331589959744,54,0.0007329772368338662,82,"[8, 8]",136,52,-0.0004256181434892424,0.0018494649316996355,50,0.002275083075188878,48,"[15, 13]",253,0,0.0,0.9969298943704838,0.0,0.9969298943704838
close_drawer,35,late,both_success,99,39,0.0015068484300796068,0.005036835017699607,41,0.0035299865876200005,45,"[10, 5]",165,41,0.00014166417463945102,0.005166673857612475,40,0.005025009682973024,40,"[9, 2]",146,0,0.03705991518146848,0.9827059883360414,0.03705991518146848,0.9827059883360414
close_drawer,36,late,both_fail,99,44,0.00045806072167950754,0.002545915486647983,47,0.0020878547649684754,50,"[10, 14]",174,45,0.00011655872081637068,0.002668942329709937,44,0.0025523836088935663,48,"[11, 10]",186,0,0.07695394414223133,0.8751367114917661,0.07695394414223133,0.8751367114917661
close_drawer,37,early,both_success,13,27,0.0016551047193542334,0.009883492050709299,29,0.008228387331355065,33,"[9, 7]",151,29,-0.0016145450794601435,0.01031234605117121,27,0.011926891130631353,20,"[7, 4]",116,0,0.05166295780856683,0.9630533170276663,0.05166295780856683,0.9630533170276663
close_drawer,38,early,both_success,13,36,0.003184097117978503,0.007483144759145315,38,0.004299047641166812,48,"[12, 5]",197,38,0.0005067898179239912,0.008237317889808452,37,0.007730528071884461,34,"[9, 8]",152,0,0.03159075659864086,0.9024361149249414,0.03159075659864086,0.9024361149249414
close_drawer,38,middle,both_success,56,41,0.002262300305066925,0.004769329736293087,46,0.0025070294312261624,64,"[6, 7]",103,45,-0.0009002844229257442,0.005659445158585905,41,0.006559729581511649,31,"[11, 5]",181,0,0.0,0.9595034329313272,0.0,0.9595034329313272
close_drawer,39,early,both_success,13,23,0.0030829453937775446,0.010753954927395693,27,0.007671009533618148,38,"[12, 10]",202,29,-0.004316572790589557,0.010782117528750754,26,0.01509869031934031,16,"[11, 0]",176,0,0.0,0.9585935066230985,0.0,0.9801450013655176
close_drawer,39,early,both_success,13,25,0.002420492488778613,0.010273716768037611,30,0.007853224279258999,37,"[15, 12]",252,28,-0.0031780499021777982,0.010802078071580493,25,0.013980127973758291,20,"[10, 0]",160,1,0.023080892063444547,0.7946586351985739,0.023080892063444547,0.8332514872281352
close_drawer,39,middle,both_success,56,53,0.0012447605471137034,0.002239131424901774,58,0.0009943708777880706,82,"[8, 9]",137,56,-0.0014083454911061185,0.002729855126188208,53,0.004138200617294327,41,"[0, 6]",6,0,0.0,0.9988064599315656,0.0,0.9988064599315656
close_drawer,39,late,both_success,99,53,0.0007665132065598802,0.00251422522847555,55,0.0017477120219156696,69,"[8, 11]",139,54,0.00014795944950159873,0.0026892374291559947,53,0.002541277979654396,53,"[7, 11]",123,0,0.0,0.999094254422961,0.0,0.999094254422961
close_drawer,40,early,both_success,13,21,0.00614647742006588,0.012658228348857312,24,0.006511750928791432,45,"[14, 7]",231,23,0.0027941623855087146,0.013748847724614691,21,0.010954685339105976,28,"[14, 3]",227,0,0.0,0.9964469635340316,0.0,0.9964469635340316
close_drawer,40,late,both_success,99,30,0.002243156656374954,0.004510598262633287,33,0.002267441606258333,58,"[13, 8]",216,35,-0.0013588401533750792,0.004727034559680938,32,0.006085874713056017,25,"[11, 9]",185,0,0.0,0.9888375002988601,0.0,0.9888375002988601
close_drawer,41,middle,both_success,56,34,0.0016275382799704604,0.006928901508717047,37,0.005301363228746587,46,"[9, 7]",151,37,-0.004384913225853168,0.007339305246056654,34,0.011724218471909822,22,"[11, 8]",184,0,0.0,0.9951145177275589,0.0,0.9951145177275589
close_drawer,41,late,both_success,99,43,0.002628754124521159,0.005100325812780762,50,0.002471571688259603,70,"[8, 10]",138,51,1.3568028028388898e-05,0.005321612320538221,48,0.005308044292509832,46,"[8, 12]",140,0,0.0,0.9510049393964104,0.0,0.9508999436421623
close_drawer,41,late,both_success,99,47,0.0017419573851652327,0.005129940211065196,49,0.0033879828258999633,56,"[7, 10]",122,49,-0.0013329813936158834,0.005729400025639296,45,0.00706238141925518,38,"[0, 2]",2,1,0.0,0.9934171957780871,0.0,0.9934490365290006
close_drawer,42,early,both_success,13,20,0.004736664612732693,0.012506977251193988,24,0.007770312638461295,30,"[13, 9]",217,24,-0.000654835759612964,0.012803378595582537,23,0.013458214355195501,22,"[14, 7]",231,0,0.0,0.9866038572877657,0.0,0.9866038572877657
close_drawer,42,late,both_success,99,48,0.0009344039120813088,0.0020301100128346733,52,0.0010957061007533645,82,"[13, 1]",209,50,-0.0021852332191943436,0.002248967392631697,49,0.0044342006118260405,33,"[10, 5]",165,0,0.0,0.9979933689639794,0.0,0.9979933689639794
close_drawer,43,early,both_success,13,29,0.0014892644573540033,0.0052327957018142215,32,0.003743531244460218,40,"[13, 5]",213,30,-0.0020028978528412516,0.005870879979784347,29,0.007873777832625599,26,"[13, 10]",218,0,0.0,0.996333560632156,0.0,0.996333560632156
close_drawer,43,middle,both_success,56,34,0.0008131636811107732,0.004968883762883435,37,0.0041557200817726615,40,"[11, 14]",190,39,-0.0001096284204107666,0.005064956768368149,35,0.005174585188778916,34,"[14, 1]",225,0,0.06706079889980016,0.9569846603320338,0.06706079889980016,0.9569846603320338
close_drawer,44,middle,both_success,56,31,0.0035733459675431826,0.006933316606588297,38,0.0033599706390451145,55,"[11, 10]",186,32,-0.003225827992190275,0.008393752353981742,31,0.011619580346172017,29,"[12, 7]",199,0,0.0,0.9913212941619467,0.0,0.9913212941619467
close_drawer,44,late,both_success,99,49,0.000851538609702092,0.004462521453563305,52,0.0036109828438612127,53,"[7, 12]",124,50,0.00013736187390926777,0.00468756499935996,49,0.004550203125450692,49,"[9, 8]",152,0,0.0,0.9984895884609897,0.0,0.9984895884609897
close_drawer,46,late,harm,99,33,0.0018352630080974838,0.005839639987583625,37,0.004004376979486141,47,"[8, 7]",135,36,-0.0023075980937926526,0.006526867307521636,33,0.008834465401314289,26,"[13, 15]",223,0,0.0,0.9975536060972444,0.0,0.9975536060972444
close_drawer,47,late,both_success,99,37,0.002685158583368885,0.003349666206200658,42,0.0006645076228317731,120,"[11, 8]",184,41,-0.003386108690814921,0.003610120822999808,39,0.006996229513814729,31,"[9, 7]",151,0,0.0,0.9982691822148373,0.0,0.9982691822148373
close_drawer,48,middle,both_success,56,31,0.0035733459675431826,0.006933316606588297,38,0.0033599706390451145,55,"[11, 10]",186,32,-0.003225827992190275,0.008393752353981742,31,0.011619580346172017,29,"[12, 7]",199,0,0.0,0.9913212941619467,0.0,0.9913212941619467
close_drawer,48,late,both_success,99,49,0.000851538609702092,0.004462521453563305,52,0.0036109828438612127,53,"[7, 12]",124,50,0.00013736187390926777,0.00468756499935996,49,0.004550203125450692,49,"[9, 8]",152,0,0.0,0.9984895884609897,0.0,0.9984895884609897
close_drawer,50,early,both_success,13,29,0.0014892644573540033,0.0052327957018142215,32,0.003743531244460218,40,"[13, 5]",213,30,-0.0020028978528412516,0.005870879979784347,29,0.007873777832625599,26,"[13, 10]",218,0,0.0,0.996333560632156,0.0,0.996333560632156
close_drawer,50,middle,both_success,56,34,0.0008131636811107732,0.004968883762883435,37,0.0041557200817726615,40,"[11, 14]",190,39,-0.0001096284204107666,0.005064956768368149,35,0.005174585188778916,34,"[14, 1]",225,0,0.06706079889980016,0.9569846603320338,0.06706079889980016,0.9569846603320338
close_drawer,51,early,harm,13,15,0.009132426802281442,0.016849672688220137,18,0.007717245885938695,31,"[12, 8]",200,17,-0.004294295442526661,0.018426410369773494,16,0.022720705812300155,14,"[11, 10]",186,0,0.0,0.9268871871852925,0.0,0.9268871871852925
close_drawer,52,early,both_success,13,5,0.003274919315221024,0.029084953625627224,6,0.0258100343104062,7,"[12, 3]",195,6,-0.007542884349122311,0.029780273453559745,5,0.037323157802682055,3,"[0, 1]",1,0,0.054088892231973974,0.5085461359078968,0.054088892231973974,0.5085461359078968
close_drawer,52,late,both_success,99,32,0.0016378443121950175,0.005576371136069722,33,0.003938526823874704,36,"[8, 7]",135,33,0.000743048169231173,0.0059102602725717955,32,0.0051672121033406225,31,"[7, 4]",116,0,0.0,0.9979118577395079,0.0,0.9979118577395079
close_drawer,53,early,both_success,13,50,0.000833496182572533,0.003096243175597549,55,0.002262746993025016,63,"[13, 7]",215,51,-0.0003031757489739056,0.003440005378155345,50,0.0037431811271292506,48,"[6, 6]",102,0,0.0,0.9987323266178881,0.0,0.9987323266178881
close_drawer,53,late,both_success,99,27,0.004321191374419672,0.009806488057861117,29,0.0054852966834414455,34,"[8, 7]",135,29,-0.003783742181789864,0.011641665606775174,27,0.015425407788565038,22,"[0, 13]",13,0,0.02843168093877682,0.951258448792953,0.02843168093877682,0.951258448792953
close_drawer,54,early,rescue,13,12,0.0087205133575416,0.018926874605006073,20,0.010206361247464473,29,"[11, 9]",185,20,-0.0030154494714351304,0.01931390051955566,19,0.02232934999099079,16,"[10, 13]",173,0,0.007897689149660159,0.9681415245347178,0.007897689149660159,0.9681415245347178
close_drawer,54,late,rescue,99,42,0.0012712147327774534,0.0031804877823799374,43,0.001909273049602484,56,"[6, 9]",105,43,0.0003330482746597644,0.0034121241307773272,42,0.003079075856117563,45,"[11, 7]",183,0,0.0,0.9970885870654221,0.0,0.9970885870654221
close_drawer,55,early,rescue,13,7,0.012654604151489153,0.020386020318293962,11,0.007731416166804809,43,"[12, 5]",197,8,-0.0035844601555639864,0.025922896006587336,7,0.029507356162151322,8,"[12, 3]",195,0,0.0,0.9966844135722814,0.0,0.9966844135722814
close_drawer,55,middle,rescue,56,19,0.005719673769856789,0.012181743917549663,25,0.006462070147692874,34,"[12, 5]",197,24,-0.002284523776227022,0.013843069721438657,20,0.01612759349766568,19,"[11, 5]",181,0,0.0,0.9894754363462933,0.0,0.9891131340318934
close_drawer,55,middle,rescue,56,20,0.0034542863649894874,0.012621520633276267,23,0.00916723426828678,26,"[12, 8]",200,22,-0.0025738460372448785,0.014191359012903866,19,0.016765205050148745,17,"[10, 2]",162,1,0.11504726535666215,0.9504062886148893,0.11504726535666215,0.95512330574695
close_drawer,56,early,both_success,13,41,0.0027401251173983193,0.005210592651098212,51,0.0024704675336998925,63,"[11, 7]",183,43,-0.001564632834090641,0.006424373139730664,41,0.007989005973821305,37,"[8, 15]",143,0,0.0,0.9871436282722035,0.0,0.9871436282722035
close_drawer,56,middle,both_success,56,46,0.0014401585887839942,0.0035801353785457134,51,0.002139976789761719,66,"[8, 9]",137,52,-0.0015430088380635502,0.003666065587659596,49,0.005209074425723146,35,"[6, 10]",106,0,0.0,0.9982047780230543,0.0489656727278934,0.9978352048998158
close_drawer,56,middle,both_success,56,47,0.0012690127330467833,0.0036118685284048137,50,0.0023428557953580303,62,"[7, 7]",119,51,-0.00023967384068197036,0.003701138764630265,47,0.003940812605312235,43,"[14, 0]",224,1,0.0,0.9865126138673526,0.0489656727278934,0.9866037075986034
close_drawer,57,early,both_fail,13,23,0.004397767740890529,0.007778063298433244,32,0.0033802955575427153,55,"[13, 3]",211,24,-0.0038612646857588088,0.009602701969673411,23,0.01346396665543222,17,"[10, 15]",175,0,0.05904728405148374,0.9896345050832015,0.05904728405148374,0.9896345050832015
close_drawer,58,early,both_success,13,29,0.0009474708120160071,0.010055762757679812,32,0.009108291945663805,36,"[10, 5]",165,30,0.00028905260356016163,0.010318962480392407,29,0.010029909876832246,30,"[11, 13]",189,0,0.01774010046607989,0.9892279579307074,0.01774010046607989,0.9892279579307074
close_drawer,58,middle,both_success,56,51,0.0015052550651390088,0.0035910262275721454,54,0.0020857711624331365,65,"[6, 5]",101,53,-0.0004656150898978183,0.003958965815859105,50,0.0044245809057569235,48,"[12, 6]",198,0,0.0,0.990806435451419,0.0,0.990806435451419
close_drawer,58,late,both_success,99,52,0.0016548880051997705,0.003725777109591249,54,0.0020708891043914783,71,"[6, 1]",97,55,-0.0005674151361105238,0.0041346789813150285,53,0.004702094117425552,46,"[0, 2]",2,0,0.0,0.9902400912491675,0.0,0.9902400912491675
close_drawer,59,late,both_success,99,18,0.0037752660007819155,0.010210350338709717,24,0.006435084337927801,30,"[10, 4]",164,24,-0.004614152645319926,0.010983447057140315,19,0.015597599702460241,14,"[0, 13]",13,0,0.008168970604153225,0.8518286682029634,0.008168970604153225,0.8505718631838146
close_drawer,59,late,both_success,99,19,0.0027374682777094143,0.010669888227993224,20,0.00793241995028381,26,"[8, 4]",132,20,-0.000701413271581271,0.012020362333045648,18,0.012721775604626919,17,"[7, 2]",114,1,0.0,0.992234303079898,0.0,0.9925171918039394
close_drawer,60,early,both_success,13,6,0.01519186618920861,0.027699566283494046,8,0.012507700094285435,25,"[12, 10]",202,7,0.00046689446793109213,0.03506077714542545,5,0.03459388267749436,6,"[14, 13]",237,0,0.0,0.8447758937503365,0.0,0.8447758937503365
close_drawer,62,early,both_success,13,22,0.006029628407430956,0.010651425667224977,25,0.004621797259794022,51,"[13, 8]",216,24,-0.0013935798151861675,0.011304982530476473,22,0.012698562345662641,21,"[11, 7]",183,0,0.014118062926273711,0.9854440434619224,0.014118062926273711,0.9854440434619224
close_drawer,62,middle,both_success,56,24,0.0014924135907805882,0.0067180641582727015,26,0.005225650567492113,31,"[11, 10]",186,25,-0.0025537570307181427,0.007347682132465981,23,0.009901439163184124,23,"[11, 4]",180,0,0.004667983202373244,0.9914069254126691,0.004667983202373244,0.9914069254126691
close_drawer,62,late,both_success,99,28,0.0014559481031878804,0.007980329928645002,29,0.006524381825457122,31,"[9, 4]",148,29,-0.0007336076625676542,0.008339459626696466,28,0.00907306728926412,22,"[6, 3]",99,0,0.0,0.9934996438170585,0.0,0.9934996438170585
close_drawer,63,early,both_success,13,28,0.000697851784869025,0.011251576391179697,29,0.010553724606310672,32,"[10, 5]",165,29,-0.003963244760504699,0.011377892333415887,28,0.015341137093920586,19,"[8, 4]",132,0,0.02427192703211714,0.9930594581081109,0.02427192703211714,0.9930594581081109
close_drawer,63,middle,both_success,56,44,0.0020291221933174996,0.005275069623527489,49,0.003245947430209989,57,"[5, 11]",91,47,0.0006666906072811283,0.005571141246509175,45,0.004904450639228047,47,"[14, 0]",224,0,0.0,0.9900257857790015,0.0,0.9900257857790015
close_drawer,64,early,both_success,13,20,0.0011883213786935635,0.011006579335503997,23,0.009818257956810433,28,"[12, 8]",200,23,-0.002075685502952453,0.011201337209036146,21,0.0132770227119886,20,"[0, 0]",0,0,0.0,0.9809364233286373,0.0,0.9809364233286373
close_drawer,64,late,both_success,99,50,0.002183308912418378,0.004555651773437943,61,0.002372342861019565,82,"[10, 8]",168,63,-0.0004294166175515344,0.004560193760334006,60,0.004989610377885541,53,"[2, 2]",34,0,0.0,0.9925505332758358,0.0,0.9933226997849905
close_drawer,64,late,both_success,99,60,0.001343267005372976,0.0041309247924902915,62,0.0027876577871173156,74,"[7, 6]",118,62,-0.00011624492884630688,0.004646912426041132,59,0.0047631573548874385,54,"[7, 10]",122,1,0.0,0.9100775295350776,0.0,0.9086664164336504
close_drawer,65,early,both_success,13,20,0.004063623816874284,0.01630770851544687,21,0.012244084698572586,25,"[13, 5]",213,21,-0.006966001883776711,0.017577470357701148,20,0.02454347224147786,13,"[11, 13]",189,0,0.1803485256036121,0.9786263883439803,0.1803485256036121,0.9786263883439803
close_drawer,65,middle,both_success,56,7,0.02036715252701597,0.029498671369531236,8,0.009131518842515268,22,"[12, 7]",199,8,-0.008616381386224073,0.03691651674640345,7,0.04553289813262752,6,"[12, 4]",196,0,0.04084485302076617,0.9260432430240637,0.04084485302076617,0.9260432430240637
close_drawer,67,early,rescue,13,19,0.006647503844851881,0.012544669967365784,22,0.005897166122513903,42,"[11, 7]",183,23,-0.0005062161264602991,0.01325888798844144,21,0.01376510411490174,20,"[9, 5]",149,0,0.07945770362037284,0.9373297137953511,0.09562952030189945,0.9452063554827562
close_drawer,67,early,rescue,13,21,0.004681104246215015,0.011919581854237188,25,0.0072384776080221735,39,"[9, 10]",154,22,-0.00012481399880800992,0.01362070410847101,20,0.01374551810727902,21,"[9, 9]",153,1,0.11122023510497854,0.9829271225613792,0.04588370451038956,0.9856475947417398
close_drawer,67,late,rescue,99,37,0.00371210471778694,0.005041062184822561,43,0.0013289574670356204,75,"[9, 10]",154,40,0.00025214514798052937,0.005771177895067549,39,0.00551903274708702,39,"[15, 15]",255,0,0.0,0.9932011566220657,0.0,0.9932011566220657
close_drawer,68,late,both_success,99,34,0.002440560178475853,0.0036920755434355613,40,0.0012515153649597082,97,"[11, 2]",178,35,-0.0021007752847988564,0.004873525191294836,34,0.006974300476093692,28,"[8, 4]",132,0,0.0,0.9981838662404092,0.0,0.9981838662404092
close_drawer,69,early,both_success,13,20,0.006096206373648855,0.016026607073360965,23,0.00993040069971211,29,"[13, 6]",214,21,-0.010855635380051118,0.018753580219328082,20,0.0296092155993792,11,"[12, 13]",205,0,0.0,0.9933559323780204,0.0,0.9933559323780204
close_drawer,70,early,harm,13,23,0.0071022577781497545,0.010024148024455469,30,0.0029218902463057144,76,"[15, 6]",246,29,-0.005202332750588363,0.01053038379118875,28,0.015732716541777114,17,"[8, 1]",129,0,0.0,0.9963730740021435,0.0,0.9963730740021435
close_drawer,71,early,rescue,13,7,0.012654604151489153,0.020386020318293962,11,0.007731416166804809,43,"[12, 5]",197,8,-0.0035844601555639864,0.025922896006587336,7,0.029507356162151322,8,"[12, 3]",195,0,0.0,0.9966844135722814,0.0,0.9966844135722814
close_drawer,71,middle,rescue,56,19,0.005719673769856789,0.012181743917549663,25,0.006462070147692874,34,"[12, 5]",197,24,-0.002284523776227022,0.013843069721438657,20,0.01612759349766568,19,"[11, 5]",181,0,0.0,0.9894754363462933,0.0,0.9891131340318934
close_drawer,71,middle,rescue,56,20,0.0034542863649894874,0.012621520633276267,23,0.00916723426828678,26,"[12, 8]",200,22,-0.0025738460372448785,0.014191359012903866,19,0.016765205050148745,17,"[10, 2]",162,1,0.11504726535666215,0.9504062886148893,0.11504726535666215,0.95512330574695
close_drawer,72,early,both_success,13,32,0.004735094194246198,0.006617135121578484,43,0.001882040927332286,71,"[9, 12]",156,35,-0.0011002517787654185,0.00844406013851491,33,0.009544311917280328,31,"[10, 10]",170,0,0.0,0.9967791242034442,0.0,0.9967791242034442
close_drawer,72,middle,both_success,56,52,0.0006004720453418157,0.0034187637845378106,53,0.002818291739195995,53,"[11, 11]",187,55,-0.0013523222978476931,0.003426199999441502,52,0.004778522297289195,50,"[13, 7]",215,0,0.0,0.9928122283141159,0.0,0.9928122283141159
close_drawer,73,early,both_fail,13,43,0.001659143217115709,0.0024086222426168724,51,0.0007494790255011634,115,"[12, 4]",196,47,0.00027217634072374724,0.0028553455813759214,45,0.002583169240652174,51,"[6, 9]",105,0,0.0,0.9989784046651593,0.0,0.9991068134029581
close_drawer,73,early,both_fail,13,44,0.001405982727636678,0.0025226852302910416,48,0.0011167025026543637,94,"[13, 5]",213,46,-0.0010447505756750936,0.003127937877403468,42,0.0041726884530785616,34,"[8, 11]",139,1,0.007059031463136828,0.9985357456445537,0.007059031463136828,0.9984970955070598
close_drawer,75,early,both_success,13,29,0.0014892644573540033,0.0052327957018142215,32,0.003743531244460218,40,"[13, 5]",213,30,-0.0020028978528412516,0.005870879979784347,29,0.007873777832625599,26,"[13, 10]",218,0,0.0,0.996333560632156,0.0,0.996333560632156
close_drawer,75,middle,both_success,56,34,0.0008131636811107732,0.004968883762883435,37,0.0041557200817726615,40,"[11, 14]",190,39,-0.0001096284204107666,0.005064956768368149,35,0.005174585188778916,34,"[14, 1]",225,0,0.06706079889980016,0.9569846603320338,0.06706079889980016,0.9569846603320338
close_drawer,76,late,harm,99,49,0.0008748222231295196,0.0029530467990044958,53,0.0020782245758749762,71,"[11, 9]",185,52,-0.0010881482195970503,0.0031368470662607338,50,0.004224995285857784,43,"[10, 12]",172,0,0.0,0.9735001772057588,0.0,0.9735001772057588
close_drawer,77,middle,both_success,56,43,0.0021065003601798103,0.006588390303216154,48,0.004481889943036344,58,"[14, 0]",224,49,-0.0020166628395045646,0.006601223321967254,47,0.008617886161471819,40,"[8, 9]",137,0,0.0,0.9666369276160772,0.0,0.9666369276160772
close_drawer,77,late,both_success,99,43,0.002939778291245254,0.005791309145981184,49,0.00285153085473593,58,"[5, 11]",91,48,0.0003864195859169346,0.00599085978327622,47,0.005604440197359286,50,"[7, 5]",117,0,0.0,0.997726071095572,0.0,0.997726071095572
close_drawer,78,early,both_fail,13,25,0.002453488610158536,0.010260977255846767,31,0.007807488645688231,40,"[14, 7]",231,26,6.735651693734815e-05,0.011363799255293043,25,0.011296442738355695,30,"[11, 7]",183,0,0.0,0.9980894436572542,0.0,0.9980894436572542
close_drawer,78,middle,both_fail,56,27,0.001971246372424693,0.010754522862349052,30,0.00878327648992436,38,"[14, 8]",232,28,0.0002915188376005802,0.011470900938437723,27,0.011179382100837142,29,"[11, 7]",183,0,0.0,0.9974608970302747,0.0,0.9974608970302747
close_drawer,78,late,both_fail,99,25,0.0018331616472217656,0.010497857575461487,28,0.008664695928239721,37,"[9, 6]",150,27,-0.0020865963982755614,0.011285727124273328,26,0.01337232352254889,23,"[13, 2]",210,0,0.0,0.9788301852501172,0.0,0.9788301852501172
close_drawer,79,early,both_success,13,17,0.006691155122730299,0.015008713936685592,22,0.008317558813955293,33,"[14, 9]",233,22,-0.001839455596614692,0.015868558506507497,21,0.01770801410312219,18,"[13, 5]",213,0,0.0,0.9971601620152837,0.0,0.9971601620152837
close_drawer,79,middle,both_success,56,43,0.001398893614130302,0.002688782043670398,50,0.0012898884295400959,78,"[8, 9]",137,47,-0.0005595559518875616,0.00307278781984392,44,0.003632343771731482,36,"[0, 1]",1,0,0.0,0.9864957106109733,0.0,0.9864957106109733
close_drawer,79,late,both_success,99,44,0.0014400331205520135,0.002843570019902393,47,0.0014035368993503793,76,"[8, 9]",137,47,-0.0009841407437634147,0.0029462561803471564,46,0.003930396924110571,34,"[0, 2]",2,0,0.0,0.9991478194629816,0.0,0.9991478194629816
close_drawer,80,late,both_success,99,52,0.0005795585172955245,0.004068287270512853,55,0.0034887287532173283,61,"[5, 8]",88,57,-0.00432824397261495,0.004140799608693977,52,0.008469043581308927,34,"[6, 1]",97,0,0.0,0.9821616120738,0.0,0.9821616120738
close_drawer,81,early,rescue,13,5,0.009141661630538943,0.027789742708606898,6,0.018648081078067955,14,"[11, 7]",183,6,0.00013119472758658934,0.030096626769267047,5,0.029965432041680458,4,"[11, 10]",186,0,0.0,0.873367248947278,0.0,0.873367248947278
close_drawer,82,early,both_success,13,21,0.0071237597486298815,0.011261728251408238,29,0.004137968502778357,51,"[13, 9]",217,30,-0.002169076887573021,0.011801057705127141,27,0.013970134592700162,23,"[14, 4]",228,0,0.0,0.9843046524373887,0.0,0.9816941302959076
close_drawer,82,early,both_success,13,22,0.008048285400891685,0.010571693497577818,30,0.0025234080966861326,67,"[14, 9]",233,29,-0.0025798473935193956,0.012008698275267387,26,0.014588545668786783,19,"[0, 0]",0,1,0.04738613489796131,0.9606461589132869,0.04738613489796131,0.9578111795623663
close_drawer,83,late,both_success,99,34,0.002440560178475853,0.0036920755434355613,40,0.0012515153649597082,97,"[11, 2]",178,35,-0.0021007752847988564,0.004873525191294836,34,0.006974300476093692,28,"[8, 4]",132,0,0.0,0.9981838662404092,0.0,0.9981838662404092
close_drawer,85,early,both_success,13,19,0.0068053532709596385,0.012883722171270007,21,0.006078368900310369,40,"[15, 6]",246,20,-0.011528905110573095,0.01564721050261016,17,0.027176115613183255,9,"[11, 14]",190,0,0.07187571931435192,0.9350545413647853,0.07187571931435192,0.9350545413647853
close_drawer,86,late,both_success,99,46,0.0017663623960840259,0.003140576450134148,52,0.001374214054050122,71,"[7, 13]",125,52,3.908783246011401e-05,0.0031660454273033703,51,0.0031269575948432563,51,"[9, 9]",153,0,0.0,0.99804764774592,0.0,0.99804764774592
close_drawer,87,early,harm,13,23,0.0071022577781497545,0.010024148024455469,30,0.0029218902463057144,76,"[15, 6]",246,29,-0.005202332750588363,0.01053038379118875,28,0.015732716541777114,17,"[8, 1]",129,0,0.0,0.9963730740021435,0.0,0.9963730740021435
close_drawer,88,early,both_success,13,29,0.0014892644573540033,0.0052327957018142215,32,0.003743531244460218,40,"[13, 5]",213,30,-0.0020028978528412516,0.005870879979784347,29,0.007873777832625599,26,"[13, 10]",218,0,0.0,0.996333560632156,0.0,0.996333560632156
close_drawer,88,middle,both_success,56,34,0.0008131636811107732,0.004968883762883435,37,0.0041557200817726615,40,"[11, 14]",190,39,-0.0001096284204107666,0.005064956768368149,35,0.005174585188778916,34,"[14, 1]",225,0,0.06706079889980016,0.9569846603320338,0.06706079889980016,0.9569846603320338
close_drawer,90,early,rescue,13,12,0.0087205133575416,0.018926874605006073,20,0.010206361247464473,29,"[11, 9]",185,20,-0.0030154494714351304,0.01931390051955566,19,0.02232934999099079,16,"[10, 13]",173,0,0.007897689149660159,0.9681415245347178,0.007897689149660159,0.9681415245347178
close_drawer,90,late,rescue,99,42,0.0012712147327774534,0.0031804877823799374,43,0.001909273049602484,56,"[6, 9]",105,43,0.0003330482746597644,0.0034121241307773272,42,0.003079075856117563,45,"[11, 7]",183,0,0.0,0.9970885870654221,0.0,0.9970885870654221
close_drawer,91,early,rescue,13,47,0.0017697953915202635,0.002624477484334125,51,0.0008546820928138615,114,"[12, 0]",192,49,-0.0011208507888842748,0.0031239113855703444,48,0.004244762174454619,41,"[5, 0]",80,0,0.11826910327880168,0.9952903494680341,0.11826910327880168,0.9952903494680341
close_drawer,91,middle,rescue,56,42,0.00150215111436045,0.002324110176391956,51,0.0008219590620315062,95,"[15, 14]",254,45,-0.0009010716996343099,0.002860057463489944,44,0.003761129163124254,43,"[0, 4]",4,0,0.0,0.9948360277726683,0.0,0.9948360277726683
close_drawer,91,late,rescue,99,35,0.00019155482727549336,0.00328322505870382,36,0.0030916702314283265,39,"[3, 0]",48,36,-0.0005083275778732894,0.003377232502439962,35,0.0038855600803132514,35,"[9, 7]",151,0,0.0,0.993433631310178,0.0,0.993433631310178
close_drawer,93,early,both_success,13,34,0.003667124479887133,0.007153363002880534,40,0.0034862385229934008,61,"[9, 7]",151,37,-0.002027491209583298,0.008401585862874544,35,0.010429077072457842,29,"[10, 13]",173,0,0.01764757865784211,0.9748622347671426,0.01764757865784211,0.973497383795503
close_drawer,93,early,both_success,13,35,0.0050302426089010414,0.006116097270086542,48,0.0010858546611855,88,"[10, 7]",167,36,-0.0007593901020966042,0.00862436987159384,34,0.009383759973690444,34,"[11, 5]",181,1,0.0034682408769925455,0.9672087920845147,0.0034682408769925455,0.9659635593552083
close_drawer,93,late,both_success,99,50,0.0016250043285518942,0.0028312036830036,52,0.0012061993544517056,75,"[8, 7]",135,52,-0.0010146956192568172,0.003429112977958502,49,0.004443808597215319,42,"[1, 4]",20,0,0.0,0.9981532228867552,0.0,0.9981532228867552
close_drawer,94,early,rescue,13,26,0.004888442946755315,0.010058328007379996,30,0.0051698850606246806,45,"[15, 10]",250,28,-0.000153180756724167,0.012037731380394746,25,0.012190912137118913,27,"[14, 0]",224,0,0.0,0.9920031348305642,0.0,0.9920031348305642
close_drawer,96,middle,both_success,56,35,0.00113572168288444,0.007294509654493121,38,0.006158787971608681,43,"[7, 7]",119,38,-0.0017021304491922707,0.00759431788710086,36,0.009296448336293131,29,"[12, 7]",199,0,0.0,0.9952067666818695,0.0,0.9952784907405221
close_drawer,96,middle,both_success,56,36,0.0013150476416596462,0.007189953567129318,39,0.005874905925469672,44,"[9, 8]",152,37,-0.0016320894141289774,0.0077138166089195555,35,0.009345906023048533,28,"[0, 2]",2,1,0.0,0.9794049703212226,0.0,0.9802377623433515
close_drawer,97,middle,both_success,56,47,0.0004221036828717991,0.001722857029166207,50,0.0013007533462944078,68,"[14, 3]",227,48,-0.0003800458647473593,0.0019157747961110838,47,0.002295820660858443,49,"[14, 1]",225,0,0.0,0.9987425736954278,0.0,0.9987425736954278
move_near,0,early,both_success,9,20,0.006127739479093621,0.014326019622840878,25,0.008198280143747258,37,"[8, 4]",132,26,-0.007978214758388632,0.01433900829305767,24,0.022317223051446303,11,"[13, 2]",210,0,0.03353039944990005,0.9930826123788244,0.0,0.9950591779532318
move_near,0,early,both_success,9,22,0.0060550752942287265,0.012239871962533986,26,0.0061847966683052594,46,"[9, 2]",146,25,-0.009078541098073092,0.014934542127102277,23,0.02401308322517537,8,"[13, 3]",211,1,0.03353039944990005,0.9885238617149904,0.0,0.9883483064529746
move_near,0,middle,both_success,40,43,0.002629922572507019,0.0039471864679959615,48,0.0013172638954889423,92,"[11, 4]",180,48,0.00037697209708017695,0.004066045687797501,46,0.003689073590717324,56,"[1, 0]",16,0,0.03384396669568587,0.9224261506004031,0.03384396669568587,0.9224261506004031
move_near,1,early,both_fail,9,43,0.003093261514681412,0.00551925948295526,54,0.0024259979682738483,100,"[3, 4]",52,53,-0.00412115384038073,0.005695708760386155,50,0.009816862600766885,33,"[2, 9]",41,0,0.0,0.9779506012471837,0.0,0.9779506012471837
move_near,1,middle,both_fail,40,59,0.0015074980558925036,0.002161303770952889,76,0.0006538057150603853,132,"[7, 9]",121,68,-0.0007981741724009169,0.00251456016727699,62,0.003312734339677907,52,"[13, 9]",217,0,0.0,0.9958234578327105,0.0,0.9958234578327105
move_near,2,early,harm,9,41,0.00205177302427697,0.0060861347725264464,46,0.0040343617482494765,70,"[4, 10]",74,44,-0.0022906620760385086,0.006666973143464213,43,0.008957635219502722,35,"[1, 14]",30,0,0.0,0.9943315100473119,0.0,0.9943315100473119
move_near,2,late,harm,70,41,0.0028651525890855956,0.00397050250673869,49,0.0011053499176530942,113,"[5, 13]",93,46,-0.00017967778509313768,0.004584586818948257,44,0.004764264604041395,50,"[4, 6]",70,0,0.0030275596146490114,0.9903091351999392,0.0030275596146490114,0.9903091351999392
move_near,3,early,both_fail,9,28,0.007697307054813671,0.009659494886475484,35,0.001962187831661813,116,"[4, 3]",67,38,-0.0024292578451563466,0.010540734105011506,33,0.012969991950167853,21,"[14, 9]",233,0,0.012015207320793926,0.9958113956228707,0.0,0.9957812087847989
move_near,3,early,both_fail,9,32,0.007381002577962761,0.008371245079201103,42,0.0009902425012383422,147,"[3, 4]",52,37,-0.002960399126478587,0.010703726416869445,31,0.013664125543348032,17,"[8, 13]",141,1,0.066979251523916,0.9208378103676096,0.005294273597352628,0.9227509452103402
move_near,3,early,both_fail,9,33,0.004522438276792239,0.009455346543803624,36,0.004932908267011385,65,"[10, 3]",163,35,-0.010830737009889353,0.011387682737578002,29,0.022218419747467355,6,"[11, 10]",186,2,0.048440953834384015,0.9639673411529799,0.027467127083328283,0.9613725630817538
move_near,3,middle,both_fail,40,38,0.003748529155404269,0.004205116035728823,47,0.0004565868803245538,157,"[3, 9]",57,40,0.0003036962323089993,0.005799121570115434,39,0.005495425337806435,38,"[5, 6]",86,0,0.017341204384962783,0.9957540404546293,0.017341204384962783,0.9957540404546293
move_near,3,late,both_fail,70,41,0.0021860609464904174,0.004004553435631099,46,0.0018184924891406814,90,"[2, 10]",42,46,-0.0006564006948711829,0.004082766911323745,45,0.0047391676061949274,44,"[9, 5]",149,0,0.04441058634743269,0.9090904239953285,0.04441058634743269,0.9090904239953285
move_near,5,early,both_success,9,53,0.002092787874959684,0.0031143127078910398,65,0.0010215248329313556,136,"[5, 8]",88,59,-0.0007055757467374258,0.00374855365321677,56,0.004454129399954196,56,"[4, 13]",77,0,0.0,0.9896782032258634,0.007380910506435467,0.9948718488312644
move_near,5,early,both_success,9,56,0.00229845525805569,0.002851227494772151,68,0.000552772236716461,164,"[4, 8]",72,58,-0.0001675427053583929,0.003816045158892229,55,0.003983587864250622,65,"[5, 12]",92,1,0.0,0.9834190401790184,0.007380910506435467,0.9898501118807651
move_near,6,early,both_success,9,32,0.005027358376833045,0.007488967159089195,41,0.0024616087822561506,93,"[7, 5]",117,40,-0.004152622614847784,0.008234460779719075,35,0.012387083394566858,20,"[0, 13]",13,0,0.03240552304699166,0.989532019395353,0.035358731577747535,0.9911622315849669
move_near,6,early,both_success,9,33,0.004358582918852599,0.007596496043308476,40,0.0032379131244558773,76,"[8, 6]",134,39,-0.009219189383448753,0.008614281578543619,34,0.017833470961992372,15,"[12, 3]",195,1,0.0017647578657842278,0.9979823636556586,0.0,0.9979859887423262
move_near,6,early,both_success,9,37,0.0030603975256892763,0.007666515327046421,38,0.0046061178013571446,56,"[5, 3]",83,38,-0.002640855593341259,0.009084280611865512,32,0.01172513620520677,23,"[6, 13]",109,2,0.03235743428679506,0.9832973871091503,0.007001974803559907,0.9818573521472724
move_near,7,early,both_success,9,13,0.016248298395802253,0.01944735011269784,19,0.003199051716895586,77,"[5, 6]",86,14,0.006499386925909576,0.02206754582752695,13,0.015568158901617375,20,"[8, 13]",141,0,0.0,0.9531192769426075,0.0,0.9531192769426075
move_near,7,middle,both_success,40,18,0.004612619261680105,0.015229631150848607,20,0.010617011889168502,28,"[4, 5]",69,20,-0.002866576889342512,0.01664898412913542,18,0.01951556101847793,12,"[7, 6]",118,0,0.021511838688694874,0.8195289909608678,0.021511838688694874,0.8195289909608678
move_near,10,early,both_success,9,53,0.0012343471965864145,0.0033098666623210533,59,0.002075519465734639,99,"[6, 3]",99,54,-0.006370436054530198,0.003900338527429626,53,0.010270774581959824,24,"[12, 3]",195,0,0.0,0.9964183757733872,0.0,0.9964183757733872
move_near,11,late,harm,70,78,0.0006100118807297419,0.0009232384831862463,85,0.00031322660245650444,156,"[8, 10]",138,80,-0.0033856730984178343,0.0011061048170885079,79,0.004491777915506342,56,"[8, 3]",131,0,0.0,0.9987125293325783,0.0,0.9987125293325783
move_near,12,early,both_success,9,40,0.0015622896712730993,0.004795357523525922,46,0.003233067852252823,81,"[4, 13]",77,45,-0.008464015038852307,0.005145737599125309,44,0.013609752637977616,20,"[13, 4]",212,0,0.0873456439489436,0.9677209173510527,0.0873456439489436,0.9677209173510527
move_near,12,middle,both_success,40,74,0.00023760047388513917,0.0016207954131832415,78,0.0013831949392981023,109,"[10, 3]",163,78,-0.00025829591212019466,0.0017003197738948833,76,0.001958615686015078,92,"[8, 2]",130,0,0.0,0.9455778178953642,0.0,0.9568932756726666
move_near,12,middle,both_success,40,76,0.0002016903582662277,0.0016166425885269274,79,0.0014149522302606998,108,"[7, 2]",114,77,-0.0016384643752876675,0.0017007358409072768,75,0.0033392002161949444,67,"[1, 0]",16,1,0.0,0.9886348868161843,0.0,0.9824039424747599
move_near,12,late,both_success,70,73,0.00026785402412746444,0.0017409013023231535,74,0.001473047278195689,100,"[10, 3]",163,75,-0.001380485355779797,0.0017577905919314912,73,0.003138275947711288,63,"[1, 0]",16,0,0.0,0.8667101824094505,0.0,0.8667101824094505
move_near,13,early,both_fail,9,26,0.0022646151424050506,0.011331755428374744,29,0.009067140285969694,29,"[6, 10]",106,29,-0.010700736202294147,0.012058520197897224,27,0.02275925640019137,9,"[8, 9]",137,0,0.0,0.9510935439125399,0.0,0.9510935439125399
move_near,13,middle,both_fail,40,21,0.0050725300282132195,0.012173530232501222,25,0.007101000204288002,41,"[7, 2]",114,25,-0.0074436041800168985,0.01282395107397836,23,0.02026755525399526,8,"[0, 1]",1,0,0.02952364202574187,0.963633666989518,0.02952364202574187,0.963633666989518
move_near,14,middle,both_fail,40,26,0.008560979440409304,0.01029583413210445,33,0.001734854691695145,95,"[9, 12]",156,35,-0.006706228426140591,0.010515514598684975,32,0.017221743024825566,16,"[10, 5]",165,0,0.0,0.9638709930615165,0.011669958005933179,0.9710295506050786
move_near,14,middle,both_fail,40,29,0.005019827334473001,0.009968239190562939,34,0.004948411856089938,56,"[6, 10]",106,34,-0.001179467292200101,0.01065577717998599,31,0.01183524447218609,25,"[14, 4]",228,1,0.011669958005933179,0.8874298039807307,0.0,0.8959188360783605
move_near,14,late,both_fail,70,29,0.004997899119443081,0.006294030636301283,37,0.001296131516858202,93,"[10, 12]",172,38,-0.0003789155889408393,0.00647212535127628,35,0.0068510409402171195,31,"[12, 1]",193,0,0.0,0.9594160248177074,0.2967480734836191,0.9635027637233973
move_near,14,late,both_fail,70,33,0.004506649237576162,0.0055743576121543405,43,0.0010677083745781793,103,"[10, 10]",170,36,-0.0006611373447219637,0.00679471349307278,34,0.007455850837794743,27,"[10, 5]",165,1,0.021192917302543024,0.9934468427527419,0.27555878870731715,0.9942382875258294
move_near,15,early,both_success,9,21,0.00850695954033956,0.011954551656145089,27,0.0034475921158055294,76,"[9, 2]",146,29,-0.02133559051384261,0.01366712617811886,24,0.03500271669196147,3,"[7, 10]",122,0,0.06977449369378935,0.9648703520538083,0.02304266438067194,0.959272893850816
move_near,15,early,both_success,9,25,0.008191515186324253,0.010918161254384459,29,0.0027266460680602064,89,"[6, 2]",98,28,-0.0017074440921430855,0.013779513063509663,23,0.015486957155652748,15,"[0, 15]",15,1,0.007001974803559907,0.9820302279257173,0.047648462376173845,0.9806290738386574
move_near,15,middle,both_success,40,10,0.006324562562368803,0.017377502884672196,15,0.011052940322303393,26,"[6, 2]",98,15,-0.0005135087464770496,0.018839330699544136,13,0.019352839446021185,11,"[5, 3]",83,0,0.022941852255194795,0.8971251563621793,0.022941852255194795,0.8971251563621793
move_near,15,late,both_success,70,14,0.010788984777617276,0.01595084299503594,18,0.005161858217418663,56,"[10, 3]",163,15,0.0004010764831833477,0.020710514997886988,14,0.02030943851470364,13,"[6, 5]",101,0,0.0,0.8771647035442609,0.0,0.8771647035442609
move_near,16,early,both_success,9,20,0.009286862888384512,0.013654655769844854,27,0.004367792881460344,75,"[3, 11]",59,27,0.00014576937203735277,0.01489650069711564,25,0.014750731325078287,16,"[4, 15]",79,0,0.12916593386262065,0.9736949861883394,0.12916593386262065,0.9736949861883394
move_near,16,middle,both_success,40,26,0.0035198632257315045,0.008545306754891102,30,0.005025443529159597,50,"[5, 11]",91,28,-0.003746847640458578,0.008925277777832512,27,0.01267212541829109,24,"[11, 10]",186,0,0.0,0.990812984460346,0.0,0.990812984460346
move_near,16,late,both_success,70,7,0.024621625550636125,0.03281616581424964,9,0.008194540263613517,37,"[4, 10]",74,10,-0.018006244991400695,0.03761723191916994,7,0.05562347691057064,2,"[7, 8]",120,0,0.039488445748301126,0.9087428086780537,0.039488445748301126,0.9087428086780537
move_near,17,early,both_success,9,13,0.016248298395802253,0.01944735011269784,19,0.003199051716895586,77,"[5, 6]",86,14,0.006499386925909576,0.02206754582752695,13,0.015568158901617375,20,"[8, 13]",141,0,0.0,0.9531192769426075,0.0,0.9531192769426075
move_near,17,middle,both_success,40,18,0.004612619261680105,0.015229631150848607,20,0.010617011889168502,28,"[4, 5]",69,20,-0.002866576889342512,0.01664898412913542,18,0.01951556101847793,12,"[7, 6]",118,0,0.021511838688694874,0.8195289909608678,0.021511838688694874,0.8195289909608678
move_near,18,early,both_fail,9,28,0.007697307054813671,0.009659494886475484,35,0.001962187831661813,116,"[4, 3]",67,38,-0.0024292578451563466,0.010540734105011506,33,0.012969991950167853,21,"[14, 9]",233,0,0.012015207320793926,0.9958113956228707,0.0,0.9957812087847989
move_near,18,early,both_fail,9,32,0.007381002577962761,0.008371245079201103,42,0.0009902425012383422,147,"[3, 4]",52,37,-0.002960399126478587,0.010703726416869445,31,0.013664125543348032,17,"[8, 13]",141,1,0.066979251523916,0.9208378103676096,0.005294273597352628,0.9227509452103402
move_near,18,early,both_fail,9,33,0.004522438276792239,0.009455346543803624,36,0.004932908267011385,65,"[10, 3]",163,35,-0.010830737009889353,0.011387682737578002,29,0.022218419747467355,6,"[11, 10]",186,2,0.048440953834384015,0.9639673411529799,0.027467127083328283,0.9613725630817538
move_near,18,middle,both_fail,40,38,0.003748529155404269,0.004205116035728823,47,0.0004565868803245538,157,"[3, 9]",57,40,0.0003036962323089993,0.005799121570115434,39,0.005495425337806435,38,"[5, 6]",86,0,0.017341204384962783,0.9957540404546293,0.017341204384962783,0.9957540404546293
move_near,18,late,both_fail,70,41,0.0021860609464904174,0.004004553435631099,46,0.0018184924891406814,90,"[2, 10]",42,46,-0.0006564006948711829,0.004082766911323745,45,0.0047391676061949274,44,"[9, 5]",149,0,0.04441058634743269,0.9090904239953285,0.04441058634743269,0.9090904239953285
move_near,19,early,both_success,9,21,0.008055634956040504,0.01157569582657626,26,0.0035200608705357544,81,"[5, 10]",90,26,-0.0063546944686754155,0.012069932848761362,23,0.018424627317436777,10,"[11, 10]",186,0,0.0,0.9931191452655733,0.0,0.9938763783181376
move_near,19,early,both_success,9,22,0.007180038835199243,0.010394910766494413,30,0.003214871931295171,89,"[3, 11]",59,25,-0.005620411425393396,0.01210585282187714,22,0.017726264247270536,11,"[7, 11]",123,1,0.0,0.9803539290206787,0.0,0.981278417329639
move_near,19,late,both_success,70,8,0.012572581056355794,0.01835829741577657,10,0.005785716359420773,39,"[5, 9]",89,9,0.00014744545464921016,0.020445547435911707,8,0.020298101981262497,11,"[6, 8]",104,0,0.02697843512239354,0.5373197330536709,0.02697843512239354,0.5373197330536709
move_near,20,early,both_success,9,53,0.002092787874959684,0.0031143127078910398,65,0.0010215248329313556,136,"[5, 8]",88,59,-0.0007055757467374258,0.00374855365321677,56,0.004454129399954196,56,"[4, 13]",77,0,0.0,0.9896782032258634,0.007380910506435467,0.9948718488312644
move_near,20,early,both_success,9,56,0.00229845525805569,0.002851227494772151,68,0.000552772236716461,164,"[4, 8]",72,58,-0.0001675427053583929,0.003816045158892229,55,0.003983587864250622,65,"[5, 12]",92,1,0.0,0.9834190401790184,0.007380910506435467,0.9898501118807651
move_near,21,early,both_success,9,53,0.0012343471965864145,0.0033098666623210533,59,0.002075519465734639,99,"[6, 3]",99,54,-0.006370436054530198,0.003900338527429626,53,0.010270774581959824,24,"[12, 3]",195,0,0.0,0.9964183757733872,0.0,0.9964183757733872
move_near,22,early,both_success,9,21,0.0032130660329606,0.012746642300673832,23,0.009533576267713232,35,"[8, 6]",134,22,-0.010647861228752522,0.014181148480466026,21,0.024829009709218548,7,"[13, 3]",211,0,0.0,0.9678711203455816,0.0,0.9678711203455816
move_near,24,early,both_success,9,65,0.0021296155118951136,0.002720422330864751,82,0.0005908068189696375,159,"[11, 2]",178,75,0.00016028870792228608,0.0033012680935885132,74,0.003140979385666227,88,"[10, 2]",162,0,0.0,0.9994095878524519,0.0,0.9994095878524519
move_near,24,middle,both_success,40,17,0.009110999878567543,0.014932945978655429,21,0.0058219461000878865,48,"[8, 3]",131,20,-0.004058525239915116,0.017281371203224042,18,0.021339896443139158,10,"[13, 3]",211,0,0.0,0.8444320485820934,0.0,0.8303429036458378
move_near,24,middle,both_success,40,18,0.004957310845153823,0.015900683894403134,20,0.01094337304924931,31,"[7, 5]",117,19,-0.001976340206655172,0.017451039706709557,17,0.01942737991336473,12,"[13, 4]",212,1,0.0,0.9809570065399675,0.0,0.9844682975992392
move_near,25,early,both_success,9,39,0.004417669647800342,0.005302768844221504,48,0.0008850991964211614,157,"[4, 5]",69,42,-0.005137990815812645,0.007019922758839128,41,0.012157913574651773,18,"[14, 9]",233,0,0.0,0.9988484100806144,0.0,0.9988484100806144
move_near,25,late,both_success,70,11,0.008985030278208466,0.013542511495513363,14,0.004557481217304897,43,"[6, 9]",105,14,-0.0003983079507166726,0.014496579321816867,13,0.01489488727253354,15,"[5, 4]",84,0,0.027745927015940364,0.9764498660968622,0.027745927015940364,0.9764498660968622
move_near,26,early,both_success,9,21,0.0032130660329606,0.012746642300673832,23,0.009533576267713232,35,"[8, 6]",134,22,-0.010647861228752522,0.014181148480466026,21,0.024829009709218548,7,"[13, 3]",211,0,0.0,0.9678711203455816,0.0,0.9678711203455816
move_near,28,early,both_fail,9,30,0.007682561728756674,0.009110186720017018,36,0.001427624991260343,127,"[3, 5]",53,40,-0.006250835048836249,0.009459354877431306,34,0.015710189926267555,12,"[7, 15]",127,0,0.0,0.9823814283666527,0.0046679832023732715,0.985132715563352
move_near,28,early,both_fail,9,33,0.004817576874418135,0.00901583607854512,38,0.004198259204126985,65,"[4, 7]",71,38,-0.00026428380089851475,0.00948302648644089,33,0.009747310287339404,26,"[9, 6]",150,1,0.0,0.9952263550411681,0.0,0.994919308710265
move_near,28,early,both_fail,9,34,0.004435344125885447,0.00899691519948104,39,0.0045615710735955935,61,"[3, 8]",56,36,-0.010982952936038367,0.01061521892071429,30,0.021598171856752658,9,"[13, 2]",210,2,0.0046679832023732715,0.9889132480907755,0.0046679832023732715,0.9881676509897928
move_near,28,middle,both_fail,40,21,0.008805325854132256,0.012027417608474167,27,0.0032220917543419113,75,"[4, 3]",67,30,-0.00541193853601887,0.012364876533496647,25,0.017776815069515516,15,"[12, 10]",202,0,0.04896567272789337,0.5896033309737349,0.0,0.595535456416676
move_near,28,middle,both_fail,40,26,0.004969752614396307,0.01064483221332397,31,0.005675079598927662,52,"[6, 5]",101,29,-0.0010738114903827943,0.012502902513749314,24,0.013576714004132108,23,"[3, 6]",54,1,0.07739735366667014,0.9565351126648901,0.028431680938776765,0.9665026466532617
move_near,28,late,both_fail,70,12,0.010434404776861346,0.01981813800403641,14,0.009383733227175063,32,"[2, 2]",34,15,0.001029418340283226,0.02063222424273355,13,0.019602805902450324,12,"[7, 4]",116,0,0.0,0.9658012525146145,0.0,0.9658012525146145
move_near,29,early,both_success,9,32,0.004040320298315117,0.00587841784625254,42,0.0018380975479374223,107,"[10, 9]",169,42,-0.0059580349467874254,0.006136554375332221,40,0.012094589322119646,26,"[13, 5]",213,0,0.0,0.9915543553593934,0.0,0.9927347474608902
move_near,29,early,both_success,9,33,0.003435732582210621,0.006098484806742264,41,0.002662752224531643,90,"[10, 10]",170,41,-0.0024599051235031444,0.006201339058362581,39,0.008661244181865726,32,"[14, 5]",229,1,0.0,0.998140525102703,0.0,0.9982118620731709
move_near,29,middle,both_success,40,51,0.0013770486898997075,0.003131925906545692,61,0.0017548772166459845,111,"[10, 8]",168,56,-0.0034010315742214075,0.0036907236024823534,54,0.007091755176703761,41,"[14, 8]",232,0,0.0,0.997159543396853,0.0,0.9970635010707835
move_near,29,middle,both_success,40,54,0.0006166969946402221,0.0034374691963079008,57,0.0028207722016676787,81,"[5, 11]",91,55,-0.0015206044220289678,0.003723184959462836,53,0.005243789381491804,58,"[10, 12]",172,1,0.0,0.9888624078465941,0.0,0.9892776002287351
move_near,29,late,both_success,70,53,0.0007154719213264204,0.0025690955395862025,57,0.0018536236182597821,108,"[8, 7]",135,57,-0.0019070415881448795,0.0025719668945411805,56,0.00447900848268606,57,"[14, 8]",232,0,0.0,0.9985200808493779,0.0,0.9985200808493779
move_near,30,early,both_fail,9,43,0.003093261514681412,0.00551925948295526,54,0.0024259979682738483,100,"[3, 4]",52,53,-0.00412115384038073,0.005695708760386155,50,0.009816862600766885,33,"[2, 9]",41,0,0.0,0.9779506012471837,0.0,0.9779506012471837
move_near,30,middle,both_fail,40,59,0.0015074980558925036,0.002161303770952889,76,0.0006538057150603853,132,"[7, 9]",121,68,-0.0007981741724009169,0.00251456016727699,62,0.003312734339677907,52,"[13, 9]",217,0,0.0,0.9958234578327105,0.0,0.9958234578327105
move_near,31,early,both_fail,9,26,0.0022646151424050506,0.011331755428374744,29,0.009067140285969694,29,"[6, 10]",106,29,-0.010700736202294147,0.012058520197897224,27,0.02275925640019137,9,"[8, 9]",137,0,0.0,0.9510935439125399,0.0,0.9510935439125399
move_near,31,middle,both_fail,40,21,0.0050725300282132195,0.012173530232501222,25,0.007101000204288002,41,"[7, 2]",114,25,-0.0074436041800168985,0.01282395107397836,23,0.02026755525399526,8,"[0, 1]",1,0,0.02952364202574187,0.963633666989518,0.02952364202574187,0.963633666989518
move_near,32,middle,both_success,40,51,0.00020052513964048148,0.0036891578442043117,53,0.00348863270456383,82,"[7, 2]",114,52,-0.0045033451080536205,0.003758354703697392,51,0.008261699811751013,32,"[15, 8]",248,0,0.01579537829932043,0.9949514876440081,0.01579537829932043,0.9949514876440081
move_near,33,early,rescue,9,17,0.008549545204612735,0.012456352761407816,23,0.003906807556795081,68,"[6, 10]",106,24,-0.008166798527610847,0.012738789342334186,22,0.020905587869945032,9,"[13, 2]",210,0,0.0,0.9777467665282428,0.0,0.9783786779104028
move_near,33,early,rescue,9,21,0.004922588338282624,0.011212511371441863,26,0.0062899230331592395,49,"[2, 14]",46,23,-0.007125418450485468,0.012911000893478188,21,0.020036419343963656,11,"[0, 1]",1,1,0.012636302639456365,0.9263203310417275,0.012636302639456365,0.9258509653606559
move_near,33,late,rescue,70,11,0.01508420515076286,0.016740032690970817,15,0.0016558275402079573,88,"[10, 3]",163,16,-0.0006579420515952089,0.019432746214789565,13,0.020090688266384774,10,"[13, 4]",212,0,0.0,0.994919506955414,0.0,0.996850675106709
move_near,33,late,rescue,70,13,0.01090096110525694,0.01777042386849606,14,0.00686946276323912,38,"[8, 4]",132,15,-0.004957605565003655,0.022635627698564163,11,0.02759323326356782,8,"[13, 3]",211,1,0.0,0.9876114468329045,0.0,0.991119285817489
move_near,34,early,both_success,9,67,0.0008225025097532985,0.001965648989838679,75,0.0011431464800853804,131,"[8, 7]",135,74,-0.004076317358475346,0.002050465443655697,73,0.006126782802131043,47,"[12, 0]",192,0,0.0,0.9955515909660654,0.0,0.9955515909660654
move_near,34,middle,both_success,40,19,0.0073820919604636066,0.010069370559444174,25,0.0026872785989805674,78,"[6, 11]",107,23,-0.006853370484605166,0.012685741564566727,20,0.019539112049171893,14,"[11, 10]",186,0,0.0,0.9900295613227712,0.0,0.9900295613227712
move_near,35,early,both_success,9,53,0.0012343471965864145,0.0033098666623210533,59,0.002075519465734639,99,"[6, 3]",99,54,-0.006370436054530198,0.003900338527429626,53,0.010270774581959824,24,"[12, 3]",195,0,0.0,0.9964183757733872,0.0,0.9964183757733872
move_near,36,early,both_success,9,36,0.003975783633971865,0.00587181692186883,44,0.0018960332878969653,108,"[3, 6]",54,42,-0.0017490272696715908,0.006693588118755027,40,0.008442615388426618,32,"[9, 8]",152,0,0.0,0.9929425130944229,0.0,0.9929425130944229
move_near,36,middle,both_success,40,58,0.0010324239434895553,0.0031299706207396248,63,0.0020975466772500694,93,"[2, 4]",36,59,-0.0009611443260376098,0.003629941198772863,58,0.004591085524810473,53,"[13, 8]",216,0,0.0,0.9963609014302396,0.0,0.9963609014302396
move_near,36,late,both_success,70,33,0.0014349447758784288,0.0062982810393189545,36,0.004863336263440526,59,"[3, 4]",52,37,-0.0031410959191702685,0.0064584082795551044,34,0.009599504198725373,31,"[2, 2]",34,0,0.0,0.9955284570748758,0.0,0.9955284570748758
move_near,37,middle,both_success,40,34,0.0007787080317101041,0.004682142036968826,36,0.0039034340052587217,57,"[5, 9]",89,35,-0.0139310783850733,0.005012371023872318,34,0.018943449408945618,14,"[7, 6]",118,0,0.004667983202373299,0.9804500881658627,0.004667983202373299,0.9804500881658627
move_near,38,early,both_success,9,67,0.0008225025097532985,0.001965648989838679,75,0.0011431464800853804,131,"[8, 7]",135,74,-0.004076317358475346,0.002050465443655697,73,0.006126782802131043,47,"[12, 0]",192,0,0.0,0.9955515909660654,0.0,0.9955515909660654
move_near,38,middle,both_success,40,19,0.0073820919604636066,0.010069370559444174,25,0.0026872785989805674,78,"[6, 11]",107,23,-0.006853370484605166,0.012685741564566727,20,0.019539112049171893,14,"[11, 10]",186,0,0.0,0.9900295613227712,0.0,0.9900295613227712
move_near,39,early,both_success,9,53,0.0012343471965864145,0.0033098666623210533,59,0.002075519465734639,99,"[6, 3]",99,54,-0.006370436054530198,0.003900338527429626,53,0.010270774581959824,24,"[12, 3]",195,0,0.0,0.9964183757733872,0.0,0.9964183757733872
move_near,40,early,both_fail,9,21,0.01154086056265962,0.014079916743998885,26,0.0025390561813392644,80,"[6, 7]",103,29,-0.002005673688435298,0.016192434302696804,22,0.0181981079911321,15,"[4, 14]",78,0,0.04264752140816516,0.9561456386759535,0.04264752140816516,0.9610504988862755
move_near,40,early,both_fail,9,24,0.011624031842264201,0.013286714123715234,28,0.0016626822814510332,109,"[8, 3]",131,27,-0.023234922728939362,0.017846905495547644,19,0.041081828224487006,2,"[8, 9]",137,1,0.005294273597352656,0.9730985504396391,0.005294273597352656,0.9679781026881581
move_near,41,early,both_fail,9,12,0.011150309129992363,0.019777623210329824,16,0.008627314080337461,40,"[5, 8]",88,15,0.008432042886668418,0.0204083803874355,14,0.011976337500767082,22,"[6, 8]",104,0,0.0,0.9667865611407578,0.0,0.8087869609204476
move_near,41,early,both_fail,9,14,0.008485130911312781,0.02039746047694561,15,0.01191232956563283,23,"[4, 9]",73,16,0.0015125221133705999,0.0219211148374588,12,0.0204085927240882,7,"[6, 10]",106,1,0.02583318677252422,0.907208824820597,0.02583318677252422,0.7508722430682746
move_near,41,late,both_fail,70,81,0.0010685282673558313,0.001415765976330587,90,0.0003472377089747557,176,"[2, 15]",47,86,-0.0013074244350910107,0.0017998848208781002,84,0.003107309255969111,75,"[13, 6]",214,0,0.0,0.9974801477600608,0.0,0.997373658228691
move_near,41,late,both_fail,70,82,0.0007411992710966584,0.001523522604778946,86,0.0007823233336822876,133,"[5, 0]",80,85,-0.00025384394639659555,0.001812796123460961,83,0.0020666400698575566,93,"[0, 8]",8,1,0.0,0.9983623768155453,0.0,0.9983970015803926
move_near,43,early,both_success,9,39,0.004417669647800342,0.005302768844221504,48,0.0008850991964211614,157,"[4, 5]",69,42,-0.005137990815812645,0.007019922758839128,41,0.012157913574651773,18,"[14, 9]",233,0,0.0,0.9988484100806144,0.0,0.9988484100806144
move_near,43,late,both_success,70,11,0.008985030278208466,0.013542511495513363,14,0.004557481217304897,43,"[6, 9]",105,14,-0.0003983079507166726,0.014496579321816867,13,0.01489488727253354,15,"[5, 4]",84,0,0.027745927015940364,0.9764498660968622,0.027745927015940364,0.9764498660968622
move_near,44,early,rescue,9,17,0.008549545204612735,0.012456352761407816,23,0.003906807556795081,68,"[6, 10]",106,24,-0.008166798527610847,0.012738789342334186,22,0.020905587869945032,9,"[13, 2]",210,0,0.0,0.9777467665282428,0.0,0.9783786779104028
move_near,44,early,rescue,9,21,0.004922588338282624,0.011212511371441863,26,0.0062899230331592395,49,"[2, 14]",46,23,-0.007125418450485468,0.012911000893478188,21,0.020036419343963656,11,"[0, 1]",1,1,0.012636302639456365,0.9263203310417275,0.012636302639456365,0.9258509653606559
move_near,44,late,rescue,70,11,0.01508420515076286,0.016740032690970817,15,0.0016558275402079573,88,"[10, 3]",163,16,-0.0006579420515952089,0.019432746214789565,13,0.020090688266384774,10,"[13, 4]",212,0,0.0,0.994919506955414,0.0,0.996850675106709
move_near,44,late,rescue,70,13,0.01090096110525694,0.01777042386849606,14,0.00686946276323912,38,"[8, 4]",132,15,-0.004957605565003655,0.022635627698564163,11,0.02759323326356782,8,"[13, 3]",211,1,0.0,0.9876114468329045,0.0,0.991119285817489
move_near,45,early,both_success,9,40,0.0015622896712730993,0.004795357523525922,46,0.003233067852252823,81,"[4, 13]",77,45,-0.008464015038852307,0.005145737599125309,44,0.013609752637977616,20,"[13, 4]",212,0,0.0873456439489436,0.9677209173510527,0.0873456439489436,0.9677209173510527
move_near,45,middle,both_success,40,74,0.00023760047388513917,0.0016207954131832415,78,0.0013831949392981023,109,"[10, 3]",163,78,-0.00025829591212019466,0.0017003197738948833,76,0.001958615686015078,92,"[8, 2]",130,0,0.0,0.9455778178953642,0.0,0.9568932756726666
move_near,45,middle,both_success,40,76,0.0002016903582662277,0.0016166425885269274,79,0.0014149522302606998,108,"[7, 2]",114,77,-0.0016384643752876675,0.0017007358409072768,75,0.0033392002161949444,67,"[1, 0]",16,1,0.0,0.9886348868161843,0.0,0.9824039424747599
move_near,45,late,both_success,70,73,0.00026785402412746444,0.0017409013023231535,74,0.001473047278195689,100,"[10, 3]",163,75,-0.001380485355779797,0.0017577905919314912,73,0.003138275947711288,63,"[1, 0]",16,0,0.0,0.8667101824094505,0.0,0.8667101824094505
move_near,46,early,rescue,9,22,0.009912892177331403,0.012009414717308087,28,0.002096522539976685,110,"[5, 10]",90,26,-0.0018590018445930855,0.01396892608076215,25,0.015827927925355235,17,"[9, 9]",153,0,0.04188801468113279,0.862409738232973,0.04188801468113279,0.862409738232973
move_near,46,middle,rescue,40,84,0.0006548871382570608,0.0014720808735715595,90,0.0008171937353144987,130,"[6, 10]",106,88,-0.0010785762148018024,0.0015553904758412649,87,0.002633966690643067,85,"[13, 7]",215,0,0.044285463038612805,0.9925214676449592,0.044285463038612805,0.9925214676449592
move_near,47,early,both_fail,9,36,0.006609281900789446,0.007686447118945956,43,0.0010771652181565102,133,"[9, 3]",147,45,-0.006112143218174838,0.008837067548604137,40,0.014949210766778975,19,"[9, 13]",157,0,0.2288082256994996,0.9109759290357351,0.2288082256994996,0.9165819985740337
move_near,47,early,both_fail,9,40,0.005379234331301993,0.007843713976228097,42,0.0024644796449261046,79,"[6, 6]",102,44,-0.006765737777216417,0.009259525363088415,37,0.01602526314030483,17,"[13, 3]",211,1,0.0,0.9965296746721829,0.0,0.9945987894098406
move_near,47,middle,both_fail,40,54,0.0035425948429313294,0.0045357247574978055,62,0.0009931299145664763,148,"[7, 2]",114,63,-0.0016880393017469847,0.0046284052393332,61,0.006316444541080185,43,"[13, 10]",218,0,0.0,0.9215486564419105,0.0,0.9333501551692516
move_near,47,middle,both_fail,40,59,0.003200938877100821,0.004344050450175705,64,0.0011431115730748842,138,"[4, 2]",66,62,-0.0007369189254346565,0.005267908143990037,59,0.006004827069424693,47,"[5, 5]",85,1,0.0,0.99387333903861,0.0,0.9971702159826439
move_near,47,late,both_fail,70,47,0.005836267787505272,0.006755060882035392,57,0.00091879309453012,155,"[5, 2]",82,55,0.002051719183404694,0.007285342101154174,52,0.00523362291774948,59,"[5, 7]",87,0,0.0,0.9945031722565951,0.0,0.9834551424358527
move_near,47,late,both_fail,70,49,0.004473196763660181,0.007187372584396599,54,0.0027141758207364177,89,"[5, 1]",81,54,-0.0030776941576195135,0.008709180542958952,48,0.011786874700578466,22,"[14, 9]",233,1,0.0,0.989947810003575,0.0,0.9838906690669718
move_near,48,early,both_fail,9,12,0.011150309129992363,0.019777623210329824,16,0.008627314080337461,40,"[5, 8]",88,15,0.008432042886668418,0.0204083803874355,14,0.011976337500767082,22,"[6, 8]",104,0,0.0,0.9667865611407578,0.0,0.8087869609204476
move_near,48,early,both_fail,9,14,0.008485130911312781,0.02039746047694561,15,0.01191232956563283,23,"[4, 9]",73,16,0.0015125221133705999,0.0219211148374588,12,0.0204085927240882,7,"[6, 10]",106,1,0.02583318677252422,0.907208824820597,0.02583318677252422,0.7508722430682746
move_near,48,late,both_fail,70,81,0.0010685282673558313,0.001415765976330587,90,0.0003472377089747557,176,"[2, 15]",47,86,-0.0013074244350910107,0.0017998848208781002,84,0.003107309255969111,75,"[13, 6]",214,0,0.0,0.9974801477600608,0.0,0.997373658228691
move_near,48,late,both_fail,70,82,0.0007411992710966584,0.001523522604778946,86,0.0007823233336822876,133,"[5, 0]",80,85,-0.00025384394639659555,0.001812796123460961,83,0.0020666400698575566,93,"[0, 8]",8,1,0.0,0.9983623768155453,0.0,0.9983970015803926
move_near,49,early,both_fail,9,28,0.007697307054813671,0.009659494886475484,35,0.001962187831661813,116,"[4, 3]",67,38,-0.0024292578451563466,0.010540734105011506,33,0.012969991950167853,21,"[14, 9]",233,0,0.012015207320793926,0.9958113956228707,0.0,0.9957812087847989
move_near,49,early,both_fail,9,32,0.007381002577962761,0.008371245079201103,42,0.0009902425012383422,147,"[3, 4]",52,37,-0.002960399126478587,0.010703726416869445,31,0.013664125543348032,17,"[8, 13]",141,1,0.066979251523916,0.9208378103676096,0.005294273597352628,0.9227509452103402
move_near,49,early,both_fail,9,33,0.004522438276792239,0.009455346543803624,36,0.004932908267011385,65,"[10, 3]",163,35,-0.010830737009889353,0.011387682737578002,29,0.022218419747467355,6,"[11, 10]",186,2,0.048440953834384015,0.9639673411529799,0.027467127083328283,0.9613725630817538
move_near,49,middle,both_fail,40,38,0.003748529155404269,0.004205116035728823,47,0.0004565868803245538,157,"[3, 9]",57,40,0.0003036962323089993,0.005799121570115434,39,0.005495425337806435,38,"[5, 6]",86,0,0.017341204384962783,0.9957540404546293,0.017341204384962783,0.9957540404546293
move_near,49,late,both_fail,70,41,0.0021860609464904174,0.004004553435631099,46,0.0018184924891406814,90,"[2, 10]",42,46,-0.0006564006948711829,0.004082766911323745,45,0.0047391676061949274,44,"[9, 5]",149,0,0.04441058634743269,0.9090904239953285,0.04441058634743269,0.9090904239953285
move_near,50,middle,both_fail,40,35,0.003104562266942568,0.004618454597338904,40,0.0015138923303963363,78,"[9, 7]",151,40,-0.0021776179669949682,0.005440992529334258,39,0.0076186104963292265,31,"[0, 6]",6,0,0.0,0.9811011438539512,0.0,0.9811011438539512
move_near,51,early,harm,9,31,0.004953104487867799,0.01069557334952456,37,0.005742468861656761,56,"[6, 5]",101,32,-0.011103790673931914,0.013072415367292265,30,0.02417620604122418,7,"[12, 10]",202,0,0.0,0.9955185259351468,0.0,0.9955185259351468
move_near,51,middle,harm,40,53,0.000425921861970002,0.0032052120854534037,57,0.0027792902234834017,60,"[2, 7]",39,58,-0.004936528674903135,0.003270975630323002,56,0.008207504305226137,28,"[7, 3]",115,0,0.019412336523626367,0.9904849141559411,0.019412336523626367,0.9904849141559411
move_near,51,late,harm,70,49,0.0016162595821592669,0.0028812675712296242,55,0.0012650079890703574,105,"[10, 10]",170,54,-0.0035603640570124988,0.0029351074114412823,53,0.006495471468453781,40,"[7, 3]",115,0,0.0,0.9989961915869552,0.0,0.9989961915869552
move_near,52,early,both_success,9,21,0.0032130660329606,0.012746642300673832,23,0.009533576267713232,35,"[8, 6]",134,22,-0.010647861228752522,0.014181148480466026,21,0.024829009709218548,7,"[13, 3]",211,0,0.0,0.9678711203455816,0.0,0.9678711203455816
move_near,53,late,harm,70,78,0.0006100118807297419,0.0009232384831862463,85,0.00031322660245650444,156,"[8, 10]",138,80,-0.0033856730984178343,0.0011061048170885079,79,0.004491777915506342,56,"[8, 3]",131,0,0.0,0.9987125293325783,0.0,0.9987125293325783
move_near,54,early,both_success,9,13,0.016248298395802253,0.01944735011269784,19,0.003199051716895586,77,"[5, 6]",86,14,0.006499386925909576,0.02206754582752695,13,0.015568158901617375,20,"[8, 13]",141,0,0.0,0.9531192769426075,0.0,0.9531192769426075
move_near,54,middle,both_success,40,18,0.004612619261680105,0.015229631150848607,20,0.010617011889168502,28,"[4, 5]",69,20,-0.002866576889342512,0.01664898412913542,18,0.01951556101847793,12,"[7, 6]",118,0,0.021511838688694874,0.8195289909608678,0.021511838688694874,0.8195289909608678
move_near,55,early,both_fail,9,22,0.008370292658748862,0.012168993358337429,29,0.003798700699588566,65,"[9, 6]",150,29,-0.005136248251206869,0.013159832931527974,27,0.018296081182734843,14,"[5, 9]",89,0,0.03791841243014735,0.9692411471678292,0.03791841243014735,0.9692411471678292
move_near,55,late,both_fail,70,32,0.004715048722732005,0.00875670753615855,37,0.004041658813426546,64,"[10, 6]",166,34,-0.0033379455835898762,0.009663253894683829,32,0.013001199478273705,18,"[8, 9]",137,0,0.0,0.9970926093430343,0.0,0.9970926093430343
move_near,56,early,both_fail,9,50,0.0012767920503914,0.0035170325285635256,54,0.0022402404781721257,101,"[3, 4]",52,52,-0.0007003134776117029,0.0038811657970271854,51,0.004581479274638888,60,"[8, 2]",130,0,0.0,0.9978543602936263,0.0,0.9978543602936263
move_near,56,late,both_fail,70,60,0.00034997804590398236,0.002959553486240204,62,0.0026095754403362217,85,"[7, 7]",119,61,3.6346334264881434e-05,0.003098113899632963,60,0.0030617675653680817,77,"[8, 14]",142,0,0.016869652492964564,0.9949961098960831,0.016869652492964564,0.9949961098960831
move_near,57,middle,both_success,40,34,0.0007787080317101041,0.004682142036968826,36,0.0039034340052587217,57,"[5, 9]",89,35,-0.0139310783850733,0.005012371023872318,34,0.018943449408945618,14,"[7, 6]",118,0,0.004667983202373299,0.9804500881658627,0.004667983202373299,0.9804500881658627
move_near,58,early,both_success,9,53,0.002092787874959684,0.0031143127078910398,65,0.0010215248329313556,136,"[5, 8]",88,59,-0.0007055757467374258,0.00374855365321677,56,0.004454129399954196,56,"[4, 13]",77,0,0.0,0.9896782032258634,0.007380910506435467,0.9948718488312644
move_near,58,early,both_success,9,56,0.00229845525805569,0.002851227494772151,68,0.000552772236716461,164,"[4, 8]",72,58,-0.0001675427053583929,0.003816045158892229,55,0.003983587864250622,65,"[5, 12]",92,1,0.0,0.9834190401790184,0.007380910506435467,0.9898501118807651
move_near,59,early,rescue,9,23,0.005717261984677213,0.010665424934206868,31,0.004948162949529654,57,"[8, 9]",137,25,-0.010978764572051913,0.012941141508244087,23,0.023919906080296,6,"[13, 2]",210,0,0.0,0.9931830764351407,0.0,0.9931830764351407
move_near,59,middle,rescue,40,35,0.0043922361839100555,0.004841681844648823,45,0.00044944566073876744,140,"[8, 9]",137,45,-0.0020441140458574564,0.004924592493495511,44,0.0069687065393529675,34,"[15, 5]",245,0,0.0,0.9963958462686905,0.0,0.9963958462686905
move_near,59,late,rescue,70,55,0.0014183057435656374,0.002406916837847439,66,0.0009886110942818015,105,"[7, 9]",121,58,-0.0015389019459935774,0.0028918935139612767,56,0.004430795459954854,46,"[15, 8]",248,0,0.0,0.9976280293929877,0.0,0.9979219533938852
move_near,59,late,rescue,70,56,0.001604017092164409,0.0022497155879007864,70,0.0006456984957363775,128,"[8, 10]",138,57,-0.00016144722394012328,0.0029849085239720477,55,0.003146355747912171,58,"[13, 8]",216,1,0.0,0.9951883535104576,0.0,0.9957721746606182
move_near,60,early,both_fail,9,22,0.008370292658748862,0.012168993358337429,29,0.003798700699588566,65,"[9, 6]",150,29,-0.005136248251206869,0.013159832931527974,27,0.018296081182734843,14,"[5, 9]",89,0,0.03791841243014735,0.9692411471678292,0.03791841243014735,0.9692411471678292
move_near,60,late,both_fail,70,32,0.004715048722732005,0.00875670753615855,37,0.004041658813426546,64,"[10, 6]",166,34,-0.0033379455835898762,0.009663253894683829,32,0.013001199478273705,18,"[8, 9]",137,0,0.0,0.9970926093430343,0.0,0.9970926093430343
move_near,61,early,both_success,9,53,0.002092787874959684,0.0031143127078910398,65,0.0010215248329313556,136,"[5, 8]",88,59,-0.0007055757467374258,0.00374855365321677,56,0.004454129399954196,56,"[4, 13]",77,0,0.0,0.9896782032258634,0.007380910506435467,0.9948718488312644
move_near,61,early,both_success,9,56,0.00229845525805569,0.002851227494772151,68,0.000552772236716461,164,"[4, 8]",72,58,-0.0001675427053583929,0.003816045158892229,55,0.003983587864250622,65,"[5, 12]",92,1,0.0,0.9834190401790184,0.007380910506435467,0.9898501118807651
move_near,62,early,both_fail,9,26,0.0022646151424050506,0.011331755428374744,29,0.009067140285969694,29,"[6, 10]",106,29,-0.010700736202294147,0.012058520197897224,27,0.02275925640019137,9,"[8, 9]",137,0,0.0,0.9510935439125399,0.0,0.9510935439125399
move_near,62,middle,both_fail,40,21,0.0050725300282132195,0.012173530232501222,25,0.007101000204288002,41,"[7, 2]",114,25,-0.0074436041800168985,0.01282395107397836,23,0.02026755525399526,8,"[0, 1]",1,0,0.02952364202574187,0.963633666989518,0.02952364202574187,0.963633666989518
move_near,63,early,both_success,9,20,0.006127739479093621,0.014326019622840878,25,0.008198280143747258,37,"[8, 4]",132,26,-0.007978214758388632,0.01433900829305767,24,0.022317223051446303,11,"[13, 2]",210,0,0.03353039944990005,0.9930826123788244,0.0,0.9950591779532318
move_near,63,early,both_success,9,22,0.0060550752942287265,0.012239871962533986,26,0.0061847966683052594,46,"[9, 2]",146,25,-0.009078541098073092,0.014934542127102277,23,0.02401308322517537,8,"[13, 3]",211,1,0.03353039944990005,0.9885238617149904,0.0,0.9883483064529746
move_near,63,middle,both_success,40,43,0.002629922572507019,0.0039471864679959615,48,0.0013172638954889423,92,"[11, 4]",180,48,0.00037697209708017695,0.004066045687797501,46,0.003689073590717324,56,"[1, 0]",16,0,0.03384396669568587,0.9224261506004031,0.03384396669568587,0.9224261506004031
move_near,64,early,both_success,9,39,0.004417669647800342,0.005302768844221504,48,0.0008850991964211614,157,"[4, 5]",69,42,-0.005137990815812645,0.007019922758839128,41,0.012157913574651773,18,"[14, 9]",233,0,0.0,0.9988484100806144,0.0,0.9988484100806144
move_near,64,late,both_success,70,11,0.008985030278208466,0.013542511495513363,14,0.004557481217304897,43,"[6, 9]",105,14,-0.0003983079507166726,0.014496579321816867,13,0.01489488727253354,15,"[5, 4]",84,0,0.027745927015940364,0.9764498660968622,0.027745927015940364,0.9764498660968622
move_near,65,early,both_success,9,24,0.008977456078033838,0.011002367829677546,31,0.0020249117516437077,104,"[9, 4]",148,29,-0.002644058431071324,0.011822741778171672,28,0.014466800209242996,21,"[3, 13]",61,0,0.0,0.9765688299090276,0.0,0.9765688299090276
move_near,66,early,rescue,9,17,0.008549545204612735,0.012456352761407816,23,0.003906807556795081,68,"[6, 10]",106,24,-0.008166798527610847,0.012738789342334186,22,0.020905587869945032,9,"[13, 2]",210,0,0.0,0.9777467665282428,0.0,0.9783786779104028
move_near,66,early,rescue,9,21,0.004922588338282624,0.011212511371441863,26,0.0062899230331592395,49,"[2, 14]",46,23,-0.007125418450485468,0.012911000893478188,21,0.020036419343963656,11,"[0, 1]",1,1,0.012636302639456365,0.9263203310417275,0.012636302639456365,0.9258509653606559
move_near,66,late,rescue,70,11,0.01508420515076286,0.016740032690970817,15,0.0016558275402079573,88,"[10, 3]",163,16,-0.0006579420515952089,0.019432746214789565,13,0.020090688266384774,10,"[13, 4]",212,0,0.0,0.994919506955414,0.0,0.996850675106709
move_near,66,late,rescue,70,13,0.01090096110525694,0.01777042386849606,14,0.00686946276323912,38,"[8, 4]",132,15,-0.004957605565003655,0.022635627698564163,11,0.02759323326356782,8,"[13, 3]",211,1,0.0,0.9876114468329045,0.0,0.991119285817489
move_near,69,middle,both_fail,40,38,0.002320331049736031,0.0046322090918943515,45,0.0023118780421583205,79,"[5, 2]",82,48,-0.00542129542886729,0.004697025607212765,43,0.010118321036080055,26,"[1, 0]",16,0,0.0,0.991313164215729,0.0,0.9917552980435451
move_near,69,middle,both_fail,40,40,0.002955088863336042,0.004221311915147027,52,0.001266223051810985,99,"[6, 11]",107,47,-0.0013986521418897545,0.004701472702061076,42,0.00610012484395083,41,"[14, 6]",230,1,0.0,0.9942747970359492,0.0,0.9952267988579099
move_near,69,middle,both_fail,40,42,0.0028311031672964854,0.004088730364231284,55,0.001257627196934798,100,"[4, 10]",74,45,-0.0017814964910692873,0.004826208029597734,41,0.0066077045206670215,37,"[15, 8]",248,2,0.0,0.9972039520894351,0.0,0.9978061642702777
move_near,69,late,both_fail,70,60,0.0021817019360440737,0.0024055038731047246,71,0.00022380193706065076,207,"[6, 14]",110,67,-0.0007927397963220888,0.0026719714750623154,65,0.003464711271384404,67,"[0, 2]",2,0,0.0,0.9961340219380165,0.019412336523626367,0.9972378769822642
move_near,69,late,both_fail,70,64,0.00185751031505088,0.002087548091228185,77,0.0002300377761773049,206,"[6, 13]",109,66,-0.00024023000091734316,0.0027981173401350735,63,0.0030383473410524166,72,"[5, 3]",83,1,0.0,0.991362138245297,0.019412336523626367,0.992330474819133
move_near,71,middle,both_fail,40,26,0.008560979440409304,0.01029583413210445,33,0.001734854691695145,95,"[9, 12]",156,35,-0.006706228426140591,0.010515514598684975,32,0.017221743024825566,16,"[10, 5]",165,0,0.0,0.9638709930615165,0.011669958005933179,0.9710295506050786
move_near,71,middle,both_fail,40,29,0.005019827334473001,0.009968239190562939,34,0.004948411856089938,56,"[6, 10]",106,34,-0.001179467292200101,0.01065577717998599,31,0.01183524447218609,25,"[14, 4]",228,1,0.011669958005933179,0.8874298039807307,0.0,0.8959188360783605
move_near,71,late,both_fail,70,29,0.004997899119443081,0.006294030636301283,37,0.001296131516858202,93,"[10, 12]",172,38,-0.0003789155889408393,0.00647212535127628,35,0.0068510409402171195,31,"[12, 1]",193,0,0.0,0.9594160248177074,0.2967480734836191,0.9635027637233973
move_near,71,late,both_fail,70,33,0.004506649237576162,0.0055743576121543405,43,0.0010677083745781793,103,"[10, 10]",170,36,-0.0006611373447219637,0.00679471349307278,34,0.007455850837794743,27,"[10, 5]",165,1,0.021192917302543024,0.9934468427527419,0.27555878870731715,0.9942382875258294
move_near,72,late,harm,70,68,0.00013750212209459427,0.0018966022845991126,70,0.0017591001625045183,77,"[3, 0]",48,70,-0.00010148596066985932,0.001900789911151762,68,0.0020022758718216214,73,"[4, 2]",66,0,0.0,0.9950620518057256,0.0,0.9950620518057256
move_near,73,middle,harm,40,37,0.004888164114314361,0.005697667691232342,50,0.0008095035769179808,142,"[11, 4]",180,51,-0.00035662573037836126,0.005773732403633901,49,0.006130358134012262,46,"[8, 11]",139,0,0.0,0.9990524419894373,0.0,0.9990817441600641
move_near,73,middle,harm,40,46,0.0021188575733075464,0.00552451128936666,51,0.0034056537160591137,75,"[10, 2]",162,50,-0.007648807072952893,0.00584113237730794,48,0.013489939450260833,18,"[5, 5]",85,1,0.0,0.9922127468593969,0.0,0.9925502737680127
move_near,73,late,harm,70,51,0.0010749908732784036,0.0034417459263125167,56,0.002366755053034113,72,"[2, 5]",37,54,0.00016574464607014422,0.0037568458223906746,52,0.0035911011763205304,55,"[13, 8]",216,0,0.0,0.9966425048621635,0.0,0.9966425048621635
move_near,74,early,rescue,9,24,0.006738484063042877,0.01129805427167239,29,0.004559570208629513,57,"[5, 5]",85,28,1.148453892652751e-05,0.013115328855192973,26,0.013103844316266445,18,"[3, 12]",60,0,0.0,0.9577001006284543,0.0,0.9577001006284543
move_near,74,middle,rescue,40,11,0.011797910147006277,0.01829375717307783,17,0.006495847026071554,52,"[3, 7]",55,17,-0.003689665042439949,0.021217780424515227,14,0.024907445466955176,6,"[5, 5]",85,0,0.09549543255304468,0.887413869124895,0.036330715375788136,0.858679216918906
move_near,74,middle,rescue,40,12,0.009312438462538888,0.018724067183915897,16,0.009411628721377008,32,"[10, 3]",163,16,-0.004409734117190495,0.021377373168431846,13,0.025787107285622342,4,"[13, 2]",210,1,0.08687458064626241,0.871296083270548,0.01588282079205791,0.8802954719773846
move_near,76,early,both_success,9,67,0.0008225025097532985,0.001965648989838679,75,0.0011431464800853804,131,"[8, 7]",135,74,-0.004076317358475346,0.002050465443655697,73,0.006126782802131043,47,"[12, 0]",192,0,0.0,0.9955515909660654,0.0,0.9955515909660654
move_near,76,middle,both_success,40,19,0.0073820919604636066,0.010069370559444174,25,0.0026872785989805674,78,"[6, 11]",107,23,-0.006853370484605166,0.012685741564566727,20,0.019539112049171893,14,"[11, 10]",186,0,0.0,0.9900295613227712,0.0,0.9900295613227712
move_near,77,middle,both_success,40,51,0.00020052513964048148,0.0036891578442043117,53,0.00348863270456383,82,"[7, 2]",114,52,-0.0045033451080536205,0.003758354703697392,51,0.008261699811751013,32,"[15, 8]",248,0,0.01579537829932043,0.9949514876440081,0.01579537829932043,0.9949514876440081
move_near,78,early,rescue,9,22,0.009912892177331403,0.012009414717308087,28,0.002096522539976685,110,"[5, 10]",90,26,-0.0018590018445930855,0.01396892608076215,25,0.015827927925355235,17,"[9, 9]",153,0,0.04188801468113279,0.862409738232973,0.04188801468113279,0.862409738232973
move_near,78,middle,rescue,40,84,0.0006548871382570608,0.0014720808735715595,90,0.0008171937353144987,130,"[6, 10]",106,88,-0.0010785762148018024,0.0015553904758412649,87,0.002633966690643067,85,"[13, 7]",215,0,0.044285463038612805,0.9925214676449592,0.044285463038612805,0.9925214676449592
move_near,79,middle,both_success,40,51,0.00020052513964048148,0.0036891578442043117,53,0.00348863270456383,82,"[7, 2]",114,52,-0.0045033451080536205,0.003758354703697392,51,0.008261699811751013,32,"[15, 8]",248,0,0.01579537829932043,0.9949514876440081,0.01579537829932043,0.9949514876440081
move_near,80,early,both_success,9,13,0.016248298395802253,0.01944735011269784,19,0.003199051716895586,77,"[5, 6]",86,14,0.006499386925909576,0.02206754582752695,13,0.015568158901617375,20,"[8, 13]",141,0,0.0,0.9531192769426075,0.0,0.9531192769426075
move_near,80,middle,both_success,40,18,0.004612619261680105,0.015229631150848607,20,0.010617011889168502,28,"[4, 5]",69,20,-0.002866576889342512,0.01664898412913542,18,0.01951556101847793,12,"[7, 6]",118,0,0.021511838688694874,0.8195289909608678,0.021511838688694874,0.8195289909608678
move_near,83,early,both_fail,9,26,0.0022646151424050506,0.011331755428374744,29,0.009067140285969694,29,"[6, 10]",106,29,-0.010700736202294147,0.012058520197897224,27,0.02275925640019137,9,"[8, 9]",137,0,0.0,0.9510935439125399,0.0,0.9510935439125399
move_near,83,middle,both_fail,40,21,0.0050725300282132195,0.012173530232501222,25,0.007101000204288002,41,"[7, 2]",114,25,-0.0074436041800168985,0.01282395107397836,23,0.02026755525399526,8,"[0, 1]",1,0,0.02952364202574187,0.963633666989518,0.02952364202574187,0.963633666989518
move_near,84,early,both_fail,9,28,0.007697307054813671,0.009659494886475484,35,0.001962187831661813,116,"[4, 3]",67,38,-0.0024292578451563466,0.010540734105011506,33,0.012969991950167853,21,"[14, 9]",233,0,0.012015207320793926,0.9958113956228707,0.0,0.9957812087847989
move_near,84,early,both_fail,9,32,0.007381002577962761,0.008371245079201103,42,0.0009902425012383422,147,"[3, 4]",52,37,-0.002960399126478587,0.010703726416869445,31,0.013664125543348032,17,"[8, 13]",141,1,0.066979251523916,0.9208378103676096,0.005294273597352628,0.9227509452103402
move_near,84,early,both_fail,9,33,0.004522438276792239,0.009455346543803624,36,0.004932908267011385,65,"[10, 3]",163,35,-0.010830737009889353,0.011387682737578002,29,0.022218419747467355,6,"[11, 10]",186,2,0.048440953834384015,0.9639673411529799,0.027467127083328283,0.9613725630817538
move_near,84,middle,both_fail,40,38,0.003748529155404269,0.004205116035728823,47,0.0004565868803245538,157,"[3, 9]",57,40,0.0003036962323089993,0.005799121570115434,39,0.005495425337806435,38,"[5, 6]",86,0,0.017341204384962783,0.9957540404546293,0.017341204384962783,0.9957540404546293
move_near,84,late,both_fail,70,41,0.0021860609464904174,0.004004553435631099,46,0.0018184924891406814,90,"[2, 10]",42,46,-0.0006564006948711829,0.004082766911323745,45,0.0047391676061949274,44,"[9, 5]",149,0,0.04441058634743269,0.9090904239953285,0.04441058634743269,0.9090904239953285
move_near,85,early,both_fail,9,31,0.007021271870670789,0.008219382147267713,40,0.0011981102765969238,143,"[3, 4]",52,37,-0.006299276700288512,0.009832003097972464,34,0.016131279798260977,15,"[9, 12]",156,0,0.0,0.9849058446490218,0.0,0.9849058446490218
move_near,85,middle,both_fail,40,43,0.002235843271489198,0.0036806686503373996,51,0.0014448253788482018,97,"[2, 10]",42,47,-0.0010043121829743954,0.0044790513862708265,45,0.005483363569245222,47,"[7, 8]",120,0,0.0,0.9980810615545493,0.0,0.9980810615545493
move_near,85,late,both_fail,70,68,0.0011412971329164618,0.00256764235219657,74,0.001426345219280108,103,"[2, 9]",41,73,4.376263290478688e-05,0.002681204826473288,72,0.0026374421935685013,76,"[2, 11]",43,0,0.0,0.9921180447097394,0.0,0.9921180447097394
move_near,86,early,rescue,9,17,0.008549545204612735,0.012456352761407816,23,0.003906807556795081,68,"[6, 10]",106,24,-0.008166798527610847,0.012738789342334186,22,0.020905587869945032,9,"[13, 2]",210,0,0.0,0.9777467665282428,0.0,0.9783786779104028
move_near,86,early,rescue,9,21,0.004922588338282624,0.011212511371441863,26,0.0062899230331592395,49,"[2, 14]",46,23,-0.007125418450485468,0.012911000893478188,21,0.020036419343963656,11,"[0, 1]",1,1,0.012636302639456365,0.9263203310417275,0.012636302639456365,0.9258509653606559
move_near,86,late,rescue,70,11,0.01508420515076286,0.016740032690970817,15,0.0016558275402079573,88,"[10, 3]",163,16,-0.0006579420515952089,0.019432746214789565,13,0.020090688266384774,10,"[13, 4]",212,0,0.0,0.994919506955414,0.0,0.996850675106709
move_near,86,late,rescue,70,13,0.01090096110525694,0.01777042386849606,14,0.00686946276323912,38,"[8, 4]",132,15,-0.004957605565003655,0.022635627698564163,11,0.02759323326356782,8,"[13, 3]",211,1,0.0,0.9876114468329045,0.0,0.991119285817489
move_near,88,late,harm,70,68,0.00013750212209459427,0.0018966022845991126,70,0.0017591001625045183,77,"[3, 0]",48,70,-0.00010148596066985932,0.001900789911151762,68,0.0020022758718216214,73,"[4, 2]",66,0,0.0,0.9950620518057256,0.0,0.9950620518057256
move_near,91,early,rescue,9,24,0.0058369961227410835,0.009712209767613974,32,0.00387521364487289,71,"[6, 5]",101,33,-0.0034168910664470684,0.010716559901557019,30,0.014133450968004087,16,"[0, 1]",1,0,0.07945190160784446,0.978494903883558,0.006055119229298023,0.9799349952146152
move_near,91,early,rescue,9,26,0.0026282275530762848,0.010182180794555245,31,0.0075539532414789605,40,"[8, 5]",133,32,-0.01250755241598022,0.010736903314658944,29,0.023244455730639164,9,"[13, 2]",210,1,0.07773574672117109,0.9916588155404544,0.017504937008899768,0.9907110902225684
move_near,91,middle,rescue,40,58,0.0009814615865927911,0.002569591986422908,59,0.001588130399830117,99,"[3, 4]",52,59,-0.0017687070739438124,0.0026627769333262856,58,0.004431484007270098,66,"[6, 14]",110,0,0.011056764809524333,0.9863297663608305,0.011056764809524333,0.9863297663608305
move_near,93,early,both_fail,9,43,0.003093261514681412,0.00551925948295526,54,0.0024259979682738483,100,"[3, 4]",52,53,-0.00412115384038073,0.005695708760386155,50,0.009816862600766885,33,"[2, 9]",41,0,0.0,0.9779506012471837,0.0,0.9779506012471837
move_near,93,middle,both_fail,40,59,0.0015074980558925036,0.002161303770952889,76,0.0006538057150603853,132,"[7, 9]",121,68,-0.0007981741724009169,0.00251456016727699,62,0.003312734339677907,52,"[13, 9]",217,0,0.0,0.9958234578327105,0.0,0.9958234578327105
move_near,94,early,both_success,9,23,0.006280229072165596,0.01195831562775311,30,0.005678086555587515,56,"[4, 7]",71,33,-0.006940585131081669,0.01214706623974049,29,0.01908765137082216,10,"[13, 2]",210,0,0.0,0.9685098435865157,0.0,0.9640994090826748
move_near,94,early,both_success,9,27,0.004917528887667836,0.011643957986943832,33,0.006726429099275996,48,"[7, 12]",124,31,-0.0005778068035579998,0.012687283178207763,28,0.013265089981765763,25,"[2, 15]",47,1,0.0,0.9603235319448816,0.0,0.9651971974880371
move_near,94,early,both_success,9,28,0.00689114930218554,0.010421458711408182,34,0.0035303094092226425,77,"[6, 7]",103,30,-0.0004520939379667223,0.012775224000189642,27,0.013227317938156364,26,"[6, 14]",110,2,0.0,0.9643326815866075,0.0,0.9603967934445758
move_near,94,late,both_success,70,53,0.00022206376784775043,0.002967485339896755,54,0.0027454215720490046,68,"[5, 9]",89,54,-0.0020010347581778834,0.003075769845133728,53,0.0050768046033116115,48,"[14, 4]",228,0,0.014215840469388369,0.9723542519607112,0.014215840469388369,0.9723542519607112
move_near,95,middle,harm,40,37,0.004888164114314361,0.005697667691232342,50,0.0008095035769179808,142,"[11, 4]",180,51,-0.00035662573037836126,0.005773732403633901,49,0.006130358134012262,46,"[8, 11]",139,0,0.0,0.9990524419894373,0.0,0.9990817441600641
move_near,95,middle,harm,40,46,0.0021188575733075464,0.00552451128936666,51,0.0034056537160591137,75,"[10, 2]",162,50,-0.007648807072952893,0.00584113237730794,48,0.013489939450260833,18,"[5, 5]",85,1,0.0,0.9922127468593969,0.0,0.9925502737680127
move_near,95,late,harm,70,51,0.0010749908732784036,0.0034417459263125167,56,0.002366755053034113,72,"[2, 5]",37,54,0.00016574464607014422,0.0037568458223906746,52,0.0035911011763205304,55,"[13, 8]",216,0,0.0,0.9966425048621635,0.0,0.9966425048621635
move_near,96,early,rescue,9,17,0.008549545204612735,0.012456352761407816,23,0.003906807556795081,68,"[6, 10]",106,24,-0.008166798527610847,0.012738789342334186,22,0.020905587869945032,9,"[13, 2]",210,0,0.0,0.9777467665282428,0.0,0.9783786779104028
move_near,96,early,rescue,9,21,0.004922588338282624,0.011212511371441863,26,0.0062899230331592395,49,"[2, 14]",46,23,-0.007125418450485468,0.012911000893478188,21,0.020036419343963656,11,"[0, 1]",1,1,0.012636302639456365,0.9263203310417275,0.012636302639456365,0.9258509653606559
move_near,96,late,rescue,70,11,0.01508420515076286,0.016740032690970817,15,0.0016558275402079573,88,"[10, 3]",163,16,-0.0006579420515952089,0.019432746214789565,13,0.020090688266384774,10,"[13, 4]",212,0,0.0,0.994919506955414,0.0,0.996850675106709
move_near,96,late,rescue,70,13,0.01090096110525694,0.01777042386849606,14,0.00686946276323912,38,"[8, 4]",132,15,-0.004957605565003655,0.022635627698564163,11,0.02759323326356782,8,"[13, 3]",211,1,0.0,0.9876114468329045,0.0,0.991119285817489
move_near,97,early,both_success,9,24,0.007286420115310983,0.011561620045306737,31,0.004275199929995754,69,"[4, 3]",67,28,-0.003332449000292049,0.013486044637892616,26,0.016818493638184665,16,"[0, 15]",15,0,0.0,0.9039231848795555,0.0,0.9039231848795555
move_near,97,late,both_success,70,51,3.245510576789859e-06,0.0025267314867881787,52,0.002523485976211389,80,"[6, 2]",98,52,-0.0020415740780914565,0.0025273118741993973,51,0.004568885952290854,55,"[14, 8]",232,0,0.0,0.9983496298685546,0.0,0.9983496298685546
move_near,98,early,both_success,9,38,0.003727673564095122,0.005302585651192346,47,0.001574912087097224,115,"[4, 10]",74,45,-0.004907980874498964,0.005810182464951954,43,0.010718163339450918,28,"[14, 9]",233,0,0.0,0.9985775735923047,0.0,0.9984444222817239
move_near,98,early,both_success,9,41,0.0026331925541542853,0.005394045599001992,46,0.002760853044847707,90,"[6, 6]",102,44,-0.0002787869091771481,0.0060951824491443495,42,0.006373969358321498,51,"[1, 12]",28,1,0.03330315576113907,0.9820678512226674,0.03330315576113907,0.982287871162839
move_near,98,middle,both_success,40,28,0.004891477746786122,0.008490236769627292,32,0.0035987590228411708,62,"[3, 10]",58,33,-0.0008681341138341153,0.008511024968799708,31,0.009379159082633823,32,"[2, 8]",40,0,0.051743156522200635,0.9637987633731644,0.0,0.9826580583079867
move_near,98,middle,both_success,40,30,0.0035380040685919784,0.008167597835543088,33,0.00462959376695111,52,"[4, 3]",67,32,-0.0013367300930962646,0.00881518596655168,30,0.010151916059647945,28,"[2, 9]",41,1,0.051743156522200635,0.8631267127221263,0.0,0.8745017413293803
move_near,99,early,both_fail,9,30,0.007682561728756674,0.009110186720017018,36,0.001427624991260343,127,"[3, 5]",53,40,-0.006250835048836249,0.009459354877431306,34,0.015710189926267555,12,"[7, 15]",127,0,0.0,0.9823814283666527,0.0046679832023732715,0.985132715563352
move_near,99,early,both_fail,9,33,0.004817576874418135,0.00901583607854512,38,0.004198259204126985,65,"[4, 7]",71,38,-0.00026428380089851475,0.00948302648644089,33,0.009747310287339404,26,"[9, 6]",150,1,0.0,0.9952263550411681,0.0,0.994919308710265
move_near,99,early,both_fail,9,34,0.004435344125885447,0.00899691519948104,39,0.0045615710735955935,61,"[3, 8]",56,36,-0.010982952936038367,0.01061521892071429,30,0.021598171856752658,9,"[13, 2]",210,2,0.0046679832023732715,0.9889132480907755,0.0046679832023732715,0.9881676509897928
move_near,99,middle,both_fail,40,21,0.008805325854132256,0.012027417608474167,27,0.0032220917543419113,75,"[4, 3]",67,30,-0.00541193853601887,0.012364876533496647,25,0.017776815069515516,15,"[12, 10]",202,0,0.04896567272789337,0.5896033309737349,0.0,0.595535456416676
move_near,99,middle,both_fail,40,26,0.004969752614396307,0.01064483221332397,31,0.005675079598927662,52,"[6, 5]",101,29,-0.0010738114903827943,0.012502902513749314,24,0.013576714004132108,23,"[3, 6]",54,1,0.07739735366667014,0.9565351126648901,0.028431680938776765,0.9665026466532617
move_near,99,late,both_fail,70,12,0.010434404776861346,0.01981813800403641,14,0.009383733227175063,32,"[2, 2]",34,15,0.001029418340283226,0.02063222424273355,13,0.019602805902450324,12,"[7, 4]",116,0,0.0,0.9658012525146145,0.0,0.9658012525146145
open_drawer,0,early,both_fail,13,30,0.005691879881582042,0.009013278692670127,34,0.003321398811088085,57,"[5, 7]",87,35,-0.0011140812361884259,0.009414541354798906,33,0.010528622590987332,31,"[8, 8]",136,0,0.0,0.9968023004416708,0.05904728405148374,0.9968373389514793
open_drawer,0,early,both_fail,13,32,0.0019500134376658849,0.008998330270904582,35,0.0070483168332386974,41,"[3, 13]",61,34,-0.001846002081296266,0.009454140455986124,32,0.01130014253728239,29,"[7, 4]",116,1,0.0,0.9614051985039705,0.05904728405148374,0.9600502535014703
open_drawer,0,late,both_fail,99,42,0.0014076176989222299,0.0041472156463781655,48,0.0027395979474559356,64,"[7, 12]",124,43,-0.002482481978930061,0.0045785524051024035,42,0.007061034384032465,39,"[9, 9]",153,0,0.0,0.9753770973800486,0.0,0.9753770973800486
open_drawer,1,early,harm,13,28,0.004041271198156922,0.009894440703465329,32,0.005853169505308406,47,"[10, 6]",166,32,-0.007710933766690796,0.01095922965630018,29,0.018670163422990976,13,"[7, 11]",123,0,0.0,0.9774333021113226,0.0,0.9774333021113226
open_drawer,2,early,harm,13,39,0.0015243630038247816,0.008420218578678168,44,0.0068958555748533865,44,"[6, 6]",102,44,0.0002863752596869839,0.008618377923686738,41,0.008332002663999754,35,"[4, 12]",76,0,0.04955510576412168,0.9670079332768327,0.08692097364641005,0.9867672633858332
open_drawer,2,early,harm,13,40,0.0030680547560668087,0.00764316366922492,46,0.004575108913158111,55,"[4, 10]",74,45,-0.00014640418180230687,0.008695705298098922,40,0.008842109479901229,32,"[2, 13]",45,1,0.035733296572926655,0.8864398406975198,0.08447122470879802,0.9007436310375613
open_drawer,2,early,harm,13,41,0.004346553866793803,0.0069987971422873045,51,0.002652243275493502,73,"[5, 4]",84,43,-0.00018298983867867484,0.00900403135364352,36,0.009187021192322195,30,"[0, 14]",14,2,0.01517094540771316,0.9924065379628548,0.03935827499043704,0.9941316458548707
open_drawer,2,middle,harm,56,24,0.005009301760199957,0.012229297945057272,27,0.0072199961848573154,43,"[6, 12]",108,25,-0.0018332143002754014,0.014688534801732135,24,0.016521749102007537,19,"[6, 4]",100,0,0.0,0.9877669856169893,0.0,0.9877669856169893
open_drawer,3,early,both_fail,13,12,0.009596286304818714,0.017510573803796246,15,0.007914287498977532,38,"[10, 7]",167,16,0.003936076147686254,0.017525757708008332,14,0.013589681560322078,20,"[6, 3]",99,0,0.02119291730254308,0.9934920668565441,0.022114673406844886,0.9935238821137103
open_drawer,3,early,both_fail,13,13,0.011959100973942701,0.01588500505959463,17,0.003925904085651927,67,"[10, 6]",166,17,-0.007411609420653855,0.019128690722467347,12,0.0265403001431212,9,"[7, 4]",116,1,0.006318151319728155,0.9970773418176941,0.0,0.9969324082056409
open_drawer,4,early,both_fail,13,43,0.0020029347918471448,0.0036921591675968674,49,0.0016892243757497224,81,"[12, 8]",200,50,-0.003945610646705044,0.0040090025976512594,47,0.007954613244356304,41,"[5, 7]",87,0,0.06357875190762902,0.997321459311677,0.23584037963549281,0.996242046932536
open_drawer,4,early,both_fail,13,45,0.002075719341536922,0.0035275351299742393,50,0.001451815788437317,85,"[13, 5]",213,49,-0.027826612199491015,0.004037410010967432,46,0.03186402221045845,5,"[8, 11]",139,1,0.081786475913626,0.9767647069119503,0.16352460829660667,0.9804272023729775
open_drawer,4,early,both_fail,13,47,0.002265718381408764,0.0032835750964784905,51,0.0010178567150697269,97,"[12, 3]",195,48,-0.01020457375578995,0.004161864491511024,45,0.014366438247300974,25,"[7, 4]",116,2,0.06418813716141808,0.9889557312517544,0.23584037963549281,0.9848438092363757
open_drawer,4,late,both_fail,99,40,0.0005320845499868633,0.0033192831382061277,44,0.0027871985882192644,49,"[8, 7]",135,44,-0.000384671665299026,0.0033628712156411797,43,0.0037475428809402057,44,"[6, 5]",101,0,0.0,0.9985031481131068,0.0,0.9985031481131068
open_drawer,5,early,both_fail,13,12,0.016648298955939653,0.023835169222167368,13,0.007186870266227716,47,"[12, 5]",197,13,-0.008213153472086437,0.02914763337907073,10,0.037360786851157166,3,"[12, 9]",201,0,0.151141655191931,0.5913679664757688,0.151141655191931,0.5913679664757688
open_drawer,5,middle,both_fail,56,29,0.0016747132273130091,0.00511290255700972,33,0.0034381893296967113,53,"[10, 4]",164,33,-0.003975238378550833,0.005206733517724515,32,0.009181971896275348,22,"[15, 10]",250,0,0.0,0.992321257030301,0.0,0.992321257030301
open_drawer,6,early,both_success,13,50,0.0009072368397996786,0.002389365472771858,54,0.0014821286329721795,81,"[13, 5]",213,52,-0.008055606476009657,0.0026948467588767833,51,0.01075045323488644,29,"[9, 9]",153,0,0.1848617165810575,0.9754368261788058,0.1848617165810575,0.9754368261788058
open_drawer,6,middle,both_success,56,28,0.001914253195271754,0.0041406764646168435,30,0.0022264232693450896,37,"[14, 1]",225,31,-4.219797290317719e-06,0.004216346242096643,29,0.004220566039386961,28,"[15, 4]",244,0,0.0,0.9574961040138699,0.0,0.9574961040138699
open_drawer,7,early,harm,13,65,0.0003373542251278775,0.0031961166267612784,67,0.002858762401633401,68,"[12, 14]",206,67,-0.0031605294341641122,0.0032537403393940144,65,0.006414269773558127,44,"[11, 5]",181,0,0.0,0.9882345307049837,0.0,0.9882345307049837
open_drawer,7,middle,harm,56,34,0.0016214743743908685,0.009455348457483857,36,0.007833874083092988,43,"[0, 0]",0,35,-0.002085702874776208,0.010086222784720471,34,0.01217192565949668,25,"[8, 2]",130,0,0.0,0.9978938954395769,0.0,0.9978938954395769
open_drawer,8,early,both_fail,13,70,0.00014715120535637523,0.0014180309494968425,71,0.0012708797441404673,76,"[1, 7]",23,72,-0.0006396270191378916,0.0014384687915663433,70,0.002078095810704235,62,"[11, 6]",182,0,0.0,0.9940932516617652,0.0,0.9940932516617652
open_drawer,8,late,both_fail,99,45,0.0015335013174962455,0.003985592522351099,50,0.002452091204854853,61,"[7, 14]",126,49,-0.0021031303192103525,0.004450122976021701,48,0.006553253295232053,41,"[10, 11]",171,0,0.0,0.959725619677637,0.0,0.959725619677637
open_drawer,9,late,both_fail,99,33,0.0029431898268712387,0.00416822129530594,43,0.001225031468434701,81,"[12, 7]",199,41,-0.0009681339436264967,0.004338123559710149,39,0.005306257503336646,37,"[15, 13]",253,0,0.0,0.9953737515925287,0.0,0.9956712567147064
open_drawer,9,late,both_fail,99,38,0.0005551845380311693,0.004225511080444645,41,0.003670326542413476,53,"[8, 5]",133,40,-0.002570253120611987,0.004350295573560146,38,0.006920548694172133,32,"[1, 4]",20,1,0.0,0.996619273055279,0.0,0.996505555488442
open_drawer,10,early,both_success,13,30,0.0041991590963855975,0.007855724843544859,37,0.003656565747159261,68,"[12, 7]",199,36,-0.006349724266900735,0.0086374924945039,33,0.014987216761404635,21,"[10, 11]",171,0,0.042354188778821134,0.9813157101652341,0.042354188778821134,0.9813157101652341
open_drawer,10,middle,both_success,56,16,0.0023514261122299113,0.012612556107004652,22,0.01026112999477474,28,"[12, 0]",192,24,-0.0004812654947071813,0.012643710015825862,21,0.013124975510533043,20,"[11, 5]",181,0,0.021820235074341325,0.734320017202801,0.05577435827719032,0.7383743406108318
open_drawer,10,middle,both_success,56,18,0.002745566773144985,0.012384576904918827,23,0.009639010131773842,30,"[9, 6]",150,23,-0.0018435963050004046,0.01270174792698839,20,0.014545344231988794,17,"[10, 8]",168,1,0.0,0.9853129216540492,0.034749832258505,0.9869352010174984
open_drawer,10,late,both_success,99,18,0.0038668813924756414,0.011058019663925082,24,0.007191138271449441,34,"[14, 1]",225,19,-0.0054203079656677325,0.01284949208269601,18,0.018269800048363743,12,"[13, 4]",212,0,0.0,0.9839383830647799,0.0,0.9839383830647799
open_drawer,11,early,both_success,13,49,0.0015400425090594124,0.003875245985640349,54,0.0023352034765809367,67,"[10, 6]",166,51,-0.005601896777293093,0.004531425420913483,50,0.010133322198206576,33,"[7, 10]",122,0,0.0,0.9967780733693229,0.0,0.9967780733693229
open_drawer,12,early,both_fail,13,41,0.0022750744242609425,0.0027016730308060156,51,0.00042659860654507305,116,"[13, 8]",216,50,-0.005739949875255191,0.002978809535558683,47,0.008718759410813874,30,"[7, 12]",124,0,0.0,0.9987124066553031,0.0,0.9987124066553031
open_drawer,13,early,rescue,13,46,0.0010924421514574483,0.002040941562422608,53,0.0009484994109651599,83,"[15, 7]",247,51,-0.0005344084638106575,0.002309735540654484,49,0.0028441440044651416,53,"[13, 0]",208,0,0.1790456265248805,0.9597341700572507,0.04969611804233922,0.9660308255948814
open_drawer,13,early,rescue,13,49,0.001081173710735921,0.001978052573367684,54,0.0008968788626317633,85,"[13, 5]",213,50,-0.0033604728903420798,0.00239439029720977,48,0.00575486318755185,32,"[10, 15]",175,1,0.07088982015696049,0.9568325444685548,0.18604569017070804,0.9526990932353615
open_drawer,14,early,harm,13,65,0.0003373542251278775,0.0031961166267612784,67,0.002858762401633401,68,"[12, 14]",206,67,-0.0031605294341641122,0.0032537403393940144,65,0.006414269773558127,44,"[11, 5]",181,0,0.0,0.9882345307049837,0.0,0.9882345307049837
open_drawer,14,middle,harm,56,34,0.0016214743743908685,0.009455348457483857,36,0.007833874083092988,43,"[0, 0]",0,35,-0.002085702874776208,0.010086222784720471,34,0.01217192565949668,25,"[8, 2]",130,0,0.0,0.9978938954395769,0.0,0.9978938954395769
open_drawer,15,early,both_fail,13,30,0.005691879881582042,0.009013278692670127,34,0.003321398811088085,57,"[5, 7]",87,35,-0.0011140812361884259,0.009414541354798906,33,0.010528622590987332,31,"[8, 8]",136,0,0.0,0.9968023004416708,0.05904728405148374,0.9968373389514793
open_drawer,15,early,both_fail,13,32,0.0019500134376658849,0.008998330270904582,35,0.0070483168332386974,41,"[3, 13]",61,34,-0.001846002081296266,0.009454140455986124,32,0.01130014253728239,29,"[7, 4]",116,1,0.0,0.9614051985039705,0.05904728405148374,0.9600502535014703
open_drawer,15,late,both_fail,99,42,0.0014076176989222299,0.0041472156463781655,48,0.0027395979474559356,64,"[7, 12]",124,43,-0.002482481978930061,0.0045785524051024035,42,0.007061034384032465,39,"[9, 9]",153,0,0.0,0.9753770973800486,0.0,0.9753770973800486
open_drawer,16,early,both_fail,13,40,0.0031327374083063375,0.006425156829754419,46,0.0032924194214480817,68,"[10, 5]",165,47,-0.004647542856844906,0.006775632083892916,44,0.011423174940737822,25,"[8, 14]",142,0,0.04580659706802931,0.9825653718236506,0.0,0.9832226408589401
open_drawer,16,early,both_fail,13,42,0.003009524941934399,0.006288269100537576,47,0.0032787441586031767,69,"[12, 8]",200,45,-0.007395614818025471,0.007059403891346333,43,0.014455018709371804,20,"[9, 13]",157,1,0.0,0.9706682291299802,0.04580659706802931,0.9786384712699343
open_drawer,16,late,both_fail,99,37,0.0025533075112770167,0.005029439311597023,42,0.002476131800320006,64,"[8, 7]",135,42,-0.0022051134467289905,0.005462839244275093,41,0.007667952691004083,31,"[4, 10]",74,0,0.009335966404746543,0.9959667341526928,0.009335966404746543,0.9959667341526928
open_drawer,17,middle,both_success,56,24,0.002614986686098138,0.010513468383777622,27,0.007898481697679484,34,"[14, 6]",230,28,-0.0018210364631415388,0.011087257313998872,26,0.01290829377714041,19,"[12, 10]",202,0,0.0,0.944545039797601,0.034749832258504976,0.9510277598088733
open_drawer,17,middle,both_success,56,26,0.004799940743427914,0.009164910255885594,31,0.00436496951245768,44,"[12, 6]",198,27,-0.004734037513869759,0.011368967292637193,25,0.016103004806506952,15,"[8, 3]",131,1,0.0,0.9840898331938316,0.034749832258504976,0.9862354740878653
open_drawer,18,early,both_success,13,50,0.0009072368397996786,0.002389365472771858,54,0.0014821286329721795,81,"[13, 5]",213,52,-0.008055606476009657,0.0026948467588767833,51,0.01075045323488644,29,"[9, 9]",153,0,0.1848617165810575,0.9754368261788058,0.1848617165810575,0.9754368261788058
open_drawer,18,middle,both_success,56,28,0.001914253195271754,0.0041406764646168435,30,0.0022264232693450896,37,"[14, 1]",225,31,-4.219797290317719e-06,0.004216346242096643,29,0.004220566039386961,28,"[15, 4]",244,0,0.0,0.9574961040138699,0.0,0.9574961040138699
open_drawer,19,early,both_fail,13,4,0.022115433013079524,0.032643047471947545,6,0.010527614458868021,30,"[8, 9]",137,6,-0.021859187974388974,0.03938936670346391,4,0.06124855467785288,2,"[12, 10]",202,0,0.09688190766876814,0.7647858274534411,0.09688190766876814,0.7647858274534411
open_drawer,19,late,both_fail,99,35,0.0007181022450444604,0.0049196155360705885,37,0.004201513291026128,39,"[7, 7]",119,37,-0.00010231221309458475,0.005173755136324265,36,0.0052760673494188495,32,"[9, 10]",154,0,0.0,0.9806764677920774,0.0,0.9806764677920774
open_drawer,20,middle,harm,56,49,0.0004793617101733205,0.002457551507956071,53,0.0019781897977827504,50,"[6, 9]",105,55,-0.0009151852606615672,0.002467029744266179,52,0.003382215004927746,43,"[7, 6]",118,0,0.0,0.9982232773902232,0.0,0.9981937758087541
open_drawer,20,middle,harm,56,52,0.0009909381014355035,0.0020792125760419286,58,0.001088274474606425,71,"[6, 7]",103,53,-0.0004817927058634987,0.0025585665316857466,50,0.0030403592375492453,44,"[12, 12]",204,1,0.0,0.9891952307399344,0.0,0.9888014956016907
open_drawer,20,late,harm,99,52,0.0008278929362245099,0.0012021708373631246,59,0.0003742779011386147,104,"[9, 10]",154,53,8.148715967218833e-05,0.0015321044395532185,52,0.0014506172798810302,53,"[6, 5]",101,0,0.0,0.9989506952175254,0.0,0.9989506952175254
open_drawer,21,early,rescue,13,34,0.003834341379150179,0.007316500854833324,45,0.003482159475683145,60,"[10, 6]",166,36,-0.007227389968536519,0.008539635446100473,35,0.015767025414636992,15,"[7, 10]",122,0,0.0,0.9707430909214072,0.0,0.9707430909214072
open_drawer,22,early,both_success,13,48,0.002595685407427069,0.0056860010951682366,52,0.0030903156877411676,74,"[9, 5]",149,52,-0.004340785380153067,0.005833255743554136,51,0.010174041123707202,37,"[10, 0]",160,0,0.0,0.9515207000870303,0.0,0.9515207000870303
open_drawer,23,early,both_fail,13,7,0.014680844135821294,0.018770256545789947,14,0.004089412409968654,64,"[10, 6]",166,16,-0.017583270173905433,0.020455255257182097,10,0.03803852543108753,2,"[7, 5]",117,0,0.01263630263945642,0.9979625474037706,0.0,0.9967970305177818
open_drawer,23,early,both_fail,13,13,0.012474204961621936,0.014738718920409339,18,0.0022645139587874033,89,"[10, 5]",165,15,-0.005952245290274799,0.02080686247019517,9,0.02675910776046997,8,"[11, 11]",187,1,0.0,0.9854523055020062,0.01263630263945642,0.9851424831666183
open_drawer,24,early,both_success,13,50,0.0009072368397996786,0.002389365472771858,54,0.0014821286329721795,81,"[13, 5]",213,52,-0.008055606476009657,0.0026948467588767833,51,0.01075045323488644,29,"[9, 9]",153,0,0.1848617165810575,0.9754368261788058,0.1848617165810575,0.9754368261788058
open_drawer,24,middle,both_success,56,28,0.001914253195271754,0.0041406764646168435,30,0.0022264232693450896,37,"[14, 1]",225,31,-4.219797290317719e-06,0.004216346242096643,29,0.004220566039386961,28,"[15, 4]",244,0,0.0,0.9574961040138699,0.0,0.9574961040138699
open_drawer,25,early,harm,13,65,0.0003373542251278775,0.0031961166267612784,67,0.002858762401633401,68,"[12, 14]",206,67,-0.0031605294341641122,0.0032537403393940144,65,0.006414269773558127,44,"[11, 5]",181,0,0.0,0.9882345307049837,0.0,0.9882345307049837
open_drawer,25,middle,harm,56,34,0.0016214743743908685,0.009455348457483857,36,0.007833874083092988,43,"[0, 0]",0,35,-0.002085702874776208,0.010086222784720471,34,0.01217192565949668,25,"[8, 2]",130,0,0.0,0.9978938954395769,0.0,0.9978938954395769
open_drawer,26,late,rescue,99,33,0.004944190420760514,0.008099149213709848,44,0.0031549587929493345,65,"[10, 5]",165,44,-0.0010438589177893271,0.008659041216865055,40,0.009702900134654382,33,"[8, 7]",135,0,0.0,0.9970306019142059,0.07909283042751525,0.9968053629113746
open_drawer,26,late,rescue,99,38,0.003710669783352544,0.007907755494941437,45,0.004197085711588893,60,"[12, 6]",198,43,-0.0007213740308821166,0.00924983908027299,39,0.009971213111155107,31,"[9, 3]",147,1,0.01579537829932043,0.9867354220251021,0.07749956031757238,0.9868594449243593
open_drawer,26,late,rescue,99,39,0.003068238333286721,0.008165321390818787,43,0.0050970830575320656,52,"[11, 4]",180,42,-0.004049891067169107,0.00925625444270891,38,0.013306145509878017,24,"[9, 12]",156,2,0.0,0.9599158732349977,0.07749956031757238,0.9638600893973003
open_drawer,27,early,both_fail,13,14,0.006337162779918387,0.01430047740643881,20,0.007963314626520423,36,"[6, 11]",107,22,-0.0004041045628209207,0.014499955119066309,18,0.01490405968188723,20,"[11, 4]",180,0,0.0,0.9832380714784542,0.0,0.9776096130572043
open_drawer,27,early,both_fail,13,19,0.004128011788005523,0.013525455740855872,24,0.009397443952850349,32,"[4, 10]",74,21,-0.0027707358703894513,0.01502425011351034,17,0.01779498598389979,18,"[7, 3]",115,1,0.04434584042254608,0.8625682513216602,0.04434584042254608,0.8602825824502695
open_drawer,27,late,both_fail,99,22,0.0017407574063451996,0.013383167784160595,25,0.011642410377815396,26,"[6, 8]",104,25,-0.005419200083178529,0.014122281773926052,23,0.01954148185710458,16,"[9, 3]",147,0,0.0,0.9668736360522922,0.0,0.9668736360522922
open_drawer,28,early,both_fail,13,4,0.022115433013079524,0.032643047471947545,6,0.010527614458868021,30,"[8, 9]",137,6,-0.021859187974388974,0.03938936670346391,4,0.06124855467785288,2,"[12, 10]",202,0,0.09688190766876814,0.7647858274534411,0.09688190766876814,0.7647858274534411
open_drawer,28,late,both_fail,99,35,0.0007181022450444604,0.0049196155360705885,37,0.004201513291026128,39,"[7, 7]",119,37,-0.00010231221309458475,0.005173755136324265,36,0.0052760673494188495,32,"[9, 10]",154,0,0.0,0.9806764677920774,0.0,0.9806764677920774
open_drawer,30,early,both_fail,13,40,0.0031327374083063375,0.006425156829754419,46,0.0032924194214480817,68,"[10, 5]",165,47,-0.004647542856844906,0.006775632083892916,44,0.011423174940737822,25,"[8, 14]",142,0,0.04580659706802931,0.9825653718236506,0.0,0.9832226408589401
open_drawer,30,early,both_fail,13,42,0.003009524941934399,0.006288269100537576,47,0.0032787441586031767,69,"[12, 8]",200,45,-0.007395614818025471,0.007059403891346333,43,0.014455018709371804,20,"[9, 13]",157,1,0.0,0.9706682291299802,0.04580659706802931,0.9786384712699343
open_drawer,30,late,both_fail,99,37,0.0025533075112770167,0.005029439311597023,42,0.002476131800320006,64,"[8, 7]",135,42,-0.0022051134467289905,0.005462839244275093,41,0.007667952691004083,31,"[4, 10]",74,0,0.009335966404746543,0.9959667341526928,0.009335966404746543,0.9959667341526928
open_drawer,31,late,both_success,99,33,0.00558564985949376,0.00872937839984465,36,0.00314372854035089,63,"[10, 7]",167,39,-0.0016567614063537888,0.008942311786414588,34,0.010599073192768376,26,"[7, 4]",116,0,0.0,0.9981444279599586,0.0,0.9978221192031144
open_drawer,31,late,both_success,99,34,0.005099385241652852,0.008729698064817222,35,0.0036303128231643706,59,"[10, 6]",166,36,-0.0012853126458675108,0.009983641254432971,32,0.011268953900300482,25,"[10, 2]",162,1,0.0,0.9880335641882922,0.0,0.9873345568209718
open_drawer,32,middle,both_success,56,34,0.004139398986924829,0.0066214408615692675,45,0.002482041874644438,86,"[10, 2]",162,40,-0.0003428195716752274,0.007866879070091364,39,0.008209698641766591,35,"[3, 12]",60,0,0.0,0.9878951355554864,0.0,0.9878951355554864
open_drawer,33,early,both_success,13,51,0.002036866066301597,0.004566856444318944,58,0.0025299903780173468,74,"[6, 4]",100,52,-0.00024868866932987056,0.005528534228098736,50,0.0057772228974286065,49,"[10, 10]",170,0,0.016337941208306478,0.997037460358434,0.016337941208306478,0.997037460358434
open_drawer,33,late,both_success,99,20,0.0017921876083719264,0.011491882733357894,22,0.009699695124985967,34,"[7, 8]",120,22,0.0002886446810041743,0.01173676023709962,20,0.011448115556095446,23,"[9, 1]",145,0,0.0,0.9397244017226322,0.0,0.9397244017226322
open_drawer,34,early,both_fail,13,46,0.001371931585256535,0.005495120473122428,49,0.0041231888878658935,56,"[13, 8]",216,49,-0.0003112724660496403,0.00561223554411674,47,0.00592350801016638,49,"[0, 0]",0,0,0.0070019748035598794,0.9890231639379333,0.0070019748035598794,0.9890231639379333
open_drawer,34,late,both_fail,99,21,0.004734928294927276,0.010005634797625632,24,0.005270706502698355,38,"[10, 4]",164,24,-0.00013307958467268476,0.010035172427733635,23,0.01016825201240632,25,"[0, 1]",1,0,0.23312209032797326,0.9487773159761314,0.23312209032797326,0.9487773159761314
open_drawer,35,early,harm,13,31,0.006889957038429668,0.009326320504489055,38,0.002436363466059388,75,"[12, 9]",201,33,-0.007003832470236719,0.012420643274065227,30,0.019424475744301947,15,"[8, 5]",133,0,0.0,0.9942520044656108,0.0,0.9942520044656108
open_drawer,35,late,harm,99,25,0.004030286839213945,0.010012711779411206,33,0.005982424940197261,50,"[13, 8]",216,30,-0.0005280573882221751,0.011150104149851282,27,0.011678161538073457,23,"[10, 7]",167,0,0.0,0.9904291638251158,0.0,0.9904291638251158
open_drawer,36,early,harm,13,38,0.0038302872723043873,0.005219136034642245,45,0.0013888487623378576,71,"[12, 10]",202,41,-0.006168651343620397,0.006780783712020956,38,0.012949435055641353,24,"[8, 15]",143,0,0.009477226979592301,0.9825044158979294,0.009477226979592301,0.9825044158979294
open_drawer,36,middle,harm,56,38,0.0020310093984427075,0.004256984061349546,44,0.0022259746629068387,61,"[12, 9]",201,40,-0.002010187622624165,0.004715840537937455,38,0.00672602816056162,31,"[9, 15]",159,0,0.0,0.967960829866561,0.0,0.967960829866561
open_drawer,37,early,both_fail,13,40,0.0020263126254135193,0.006828425505903437,44,0.004802112880489918,55,"[8, 10]",138,44,-0.0003516897346108735,0.0071167858490267175,43,0.007468475583637591,45,"[6, 8]",104,0,0.01633794120830645,0.9677776333185019,0.01633794120830645,0.9677776333185019
open_drawer,37,late,both_fail,99,46,0.0007106140859481345,0.00416319333261416,49,0.0034525792466660256,56,"[15, 13]",253,47,-0.0005833514876455647,0.004415576457534538,46,0.004998927945180103,46,"[11, 5]",181,0,0.0,0.9794568459978643,0.0,0.9794568459978643
open_drawer,38,early,both_fail,13,46,0.0026941656840569735,0.004827823871834125,51,0.0021336581877771515,74,"[10, 5]",165,48,-0.0063550562374525815,0.00603259566968985,47,0.012387651907142432,22,"[9, 14]",158,0,0.0,0.9774393745140794,0.0,0.9774393745140794
open_drawer,38,middle,both_fail,56,50,0.001111727509645465,0.001936233189379394,59,0.0008245056797339289,84,"[12, 9]",201,54,0.00017362984726918343,0.0022213979343915793,51,0.002047768087122396,53,"[8, 4]",132,0,0.0,0.9870904041812245,0.0,0.9869396861199564
open_drawer,38,middle,both_fail,56,52,0.0007281117116288976,0.0020979114063440574,55,0.0013697996947151599,64,"[13, 6]",214,53,0.00016373690227526301,0.0023621567720411513,47,0.0021984198697658883,48,"[5, 4]",84,1,0.0,0.9981127374228939,0.0,0.9982101189702164
open_drawer,38,late,both_fail,99,45,0.0005832733288674051,0.0032097313690842362,46,0.002626458040216831,51,"[13, 7]",215,47,-0.0009951119453698882,0.003238850863915897,45,0.004233962809285785,39,"[5, 7]",87,0,0.0105885471947052,0.9991492156294365,0.0105885471947052,0.9991492156294365
open_drawer,39,late,both_success,99,49,0.0002967691342322409,0.0031553548655469327,51,0.002858585731314692,55,"[14, 6]",230,51,-0.000933270505143574,0.0031846690571906773,50,0.004117939562334251,46,"[11, 13]",189,0,0.053704286217689495,0.9605355897666193,0.053704286217689495,0.9605355897666193
open_drawer,40,early,both_success,13,36,0.0031401608419276794,0.005155300922230338,39,0.0020151400803026585,79,"[13, 5]",213,37,-0.004939335492343257,0.006427368433657043,35,0.0113667039260003,29,"[0, 13]",13,0,0.01845227626608864,0.8848578659722622,0.01845227626608864,0.8848578659722622
open_drawer,40,late,both_success,99,29,0.003640276236474892,0.00793199458279371,32,0.004291718346318818,47,"[14, 1]",225,32,-0.002667877952929427,0.008180287107546069,31,0.010848165060475496,26,"[7, 1]",113,0,0.0,0.9957983884087406,0.0,0.9957983884087406
open_drawer,41,early,rescue,13,35,0.004105578313271067,0.007248484456312932,44,0.003142906143041865,61,"[9, 12]",156,45,-0.0062352987550126065,0.007461155013610055,41,0.013696453768622661,23,"[11, 8]",184,0,0.0,0.9943565851334276,0.0,0.99523674439036
open_drawer,41,early,rescue,13,38,0.0037086910797039466,0.006612663472303367,48,0.0029039723925994203,62,"[7, 8]",120,44,-0.0008599394671059551,0.007503201800722824,40,0.00836314126782878,37,"[13, 9]",217,1,0.0,0.9934555808826653,0.01211023845859599,0.9926580372157068
open_drawer,41,early,rescue,13,40,0.0028185799887616176,0.006726280960939536,47,0.003907700972177918,56,"[5, 14]",94,43,-0.007986730062629312,0.007900671399836218,39,0.01588740146246553,21,"[11, 7]",183,2,0.014215840469388397,0.9836506010050432,0.014215840469388397,0.9843210237949248
open_drawer,41,middle,rescue,56,34,0.0020964594694444,0.006180504534339608,38,0.004084045064895208,45,"[8, 11]",139,39,-0.002636778342637751,0.006304068111214003,37,0.008940846453851754,29,"[11, 5]",181,0,0.0023339916011866357,0.9328684359712512,0.0023339916011866357,0.9277114799597912
open_drawer,41,middle,rescue,56,36,0.002218799318730107,0.005625503491163439,40,0.0034067041724333324,50,"[9, 11]",155,38,-5.726285860436012e-05,0.006414579452008929,36,0.006471842310613289,34,"[7, 6]",118,1,0.0,0.9804928752530622,0.0,0.9693324000401846
open_drawer,42,early,both_fail,13,46,0.0012064768543845793,0.002304742763545277,49,0.0010982659091606979,89,"[12, 10]",202,48,-0.0014270394338197026,0.0024934076971489584,46,0.003920447130968661,55,"[0, 2]",2,0,0.012636302639456365,0.9955284546676864,0.012636302639456365,0.9955284546676864
open_drawer,42,middle,both_fail,56,31,0.0012658328443858168,0.003074125375983314,38,0.0018082925315974971,58,"[14, 7]",231,33,-0.0010927536933841666,0.0035881030845260815,32,0.004680856777910248,30,"[8, 10]",138,0,0.0,0.9988015367503968,0.0,0.9988015367503968
open_drawer,42,late,both_fail,99,44,0.0009714110599409469,0.002603317477364255,51,0.001631906417423308,67,"[14, 9]",233,49,-7.406435958683816e-05,0.0028635905481896114,47,0.0029376549077764495,51,"[1, 5]",21,0,0.0023339916011866357,0.9727878901509802,0.0023339916011866357,0.9727878901509802
open_drawer,43,late,harm,99,34,0.0005708609124696696,0.006864733085143347,35,0.006293872172673677,37,"[12, 5]",197,35,-0.0016329010569056755,0.0070584542500772215,34,0.008691355306982897,29,"[10, 14]",174,0,0.0,0.996427767838258,0.0,0.996427767838258
open_drawer,44,early,both_fail,13,5,0.006622969303528566,0.032227990168226764,7,0.025605020864698198,10,"[8, 13]",141,7,-0.0011923258085969543,0.03300404800497185,6,0.034196373813568805,4,"[9, 13]",157,0,0.12832491244872407,0.7147531805388464,0.12832491244872407,0.7147531805388464
open_drawer,44,middle,both_fail,56,26,0.005048671913045773,0.011207434691595197,30,0.006158762778549424,47,"[6, 11]",107,29,0.0020064579352383465,0.012149330225690355,25,0.010142872290452009,28,"[0, 0]",0,0,0.0,0.9832204921175188,0.0,0.9832204921175188
open_drawer,44,late,both_fail,99,48,0.0011571288713630007,0.0032860509926327,51,0.0021289221212696992,61,"[7, 5]",117,53,-0.000683533414842685,0.0033756977173733473,48,0.004059231132216032,47,"[10, 6]",166,0,0.0,0.9965357495807546,0.0,0.9965357495807546
open_drawer,45,early,both_success,13,50,0.0009072368397996786,0.002389365472771858,54,0.0014821286329721795,81,"[13, 5]",213,52,-0.008055606476009657,0.0026948467588767833,51,0.01075045323488644,29,"[9, 9]",153,0,0.1848617165810575,0.9754368261788058,0.1848617165810575,0.9754368261788058
open_drawer,45,middle,both_success,56,28,0.001914253195271754,0.0041406764646168435,30,0.0022264232693450896,37,"[14, 1]",225,31,-4.219797290317719e-06,0.004216346242096643,29,0.004220566039386961,28,"[15, 4]",244,0,0.0,0.9574961040138699,0.0,0.9574961040138699
open_drawer,46,early,both_fail,13,29,0.005983226692008309,0.00853840402626603,38,0.002555177334257722,70,"[11, 9]",185,41,-0.007647656762324064,0.009322406201684962,33,0.016970062964009026,17,"[7, 6]",118,0,0.0,0.9965980029921568,0.0242467881557795,0.9958237496393407
open_drawer,46,early,both_fail,13,33,0.0047611405404366786,0.007957536625977353,42,0.003196396085540674,64,"[10, 5]",165,39,-0.00670692453391606,0.009443103536360457,32,0.016150028070276518,19,"[9, 14]",158,1,0.007059031463136856,0.957865303879915,0.007059031463136856,0.9589822265003906
open_drawer,46,early,both_fail,13,35,0.003205422867008377,0.008465183754349521,39,0.005259760887341145,44,"[11, 8]",184,37,-0.0028838465444396486,0.009670515128519724,31,0.012554361672959372,25,"[6, 4]",100,2,0.0,0.9916939870216588,0.0,0.9902263781320674
open_drawer,46,late,both_fail,99,46,0.0005577735748703903,0.002386173811589373,49,0.0018284002367189827,59,"[12, 6]",198,50,-0.00045605687053876503,0.0024385860514445647,48,0.0028946429219833297,41,"[11, 11]",187,0,0.0,0.9982525316582056,0.0,0.9982525316582056
open_drawer,47,middle,both_fail,56,31,0.0029204830690622275,0.005229481159532698,35,0.0023089980904704706,61,"[12, 3]",195,34,-0.0022113936054399767,0.0057575235650816625,33,0.00796891717052164,28,"[13, 9]",217,0,0.008458109193248475,0.9783590098966711,0.008458109193248475,0.9783590098966711
open_drawer,47,late,both_fail,99,30,0.0029294927224197543,0.005196040321156916,35,0.0022665475987371617,61,"[12, 3]",195,34,-0.002163786314980344,0.005727203978036944,33,0.007890990293017288,28,"[13, 9]",217,0,0.0,0.9784870413550412,0.0,0.9784870413550412
open_drawer,48,early,both_fail,13,5,0.006622969303528566,0.032227990168226764,7,0.025605020864698198,10,"[8, 13]",141,7,-0.0011923258085969543,0.03300404800497185,6,0.034196373813568805,4,"[9, 13]",157,0,0.12832491244872407,0.7147531805388464,0.12832491244872407,0.7147531805388464
open_drawer,48,middle,both_fail,56,26,0.005048671913045773,0.011207434691595197,30,0.006158762778549424,47,"[6, 11]",107,29,0.0020064579352383465,0.012149330225690355,25,0.010142872290452009,28,"[0, 0]",0,0,0.0,0.9832204921175188,0.0,0.9832204921175188
open_drawer,48,late,both_fail,99,48,0.0011571288713630007,0.0032860509926327,51,0.0021289221212696992,61,"[7, 5]",117,53,-0.000683533414842685,0.0033756977173733473,48,0.004059231132216032,47,"[10, 6]",166,0,0.0,0.9965357495807546,0.0,0.9965357495807546
open_drawer,49,early,both_fail,13,27,0.006764286919668623,0.00763833246414496,35,0.0008740455444763365,115,"[11, 8]",184,33,-0.0033422508122384342,0.009871467648976914,28,0.013213718461215348,23,"[6, 4]",100,0,0.0,0.9952345278484288,0.0,0.9952345278484288
open_drawer,49,middle,both_fail,56,29,0.000238223862995603,0.007074108587253281,30,0.006835884724257678,30,"[7, 3]",115,30,-0.004377519360117929,0.007075483703371977,29,0.011453003063489906,17,"[11, 10]",186,0,0.0,0.9799749774065679,0.0,0.9799749774065679
open_drawer,49,late,both_fail,99,29,0.000238223862995603,0.007074108587253281,30,0.006835884724257678,30,"[7, 3]",115,30,-0.004377519360117929,0.007075483703371977,29,0.011453003063489906,17,"[11, 10]",186,0,0.0,0.9799749774065679,0.0,0.9799749774065679
open_drawer,50,late,harm,99,34,0.0005708609124696696,0.006864733085143347,35,0.006293872172673677,37,"[12, 5]",197,35,-0.0016329010569056755,0.0070584542500772215,34,0.008691355306982897,29,"[10, 14]",174,0,0.0,0.996427767838258,0.0,0.996427767838258
open_drawer,51,middle,both_fail,56,39,0.0011997335550292317,0.0029901100617886534,47,0.0017903765067594217,78,"[13, 6]",214,40,-0.0009701941474700533,0.0033813685186748705,39,0.004351562666144924,38,"[0, 0]",0,0,0.0,0.9922334295471161,0.0,0.9922334295471161
open_drawer,51,late,both_fail,99,39,0.0011997335550292317,0.0029901100617886534,47,0.0017903765067594217,78,"[13, 6]",214,40,-0.0009701941474700533,0.0033813685186748705,39,0.004351562666144924,38,"[0, 0]",0,0,0.0,0.9922334295471161,0.0,0.9922334295471161
open_drawer,52,early,both_success,13,46,0.0007960385938019145,0.007562821968913729,49,0.006766783375111814,52,"[11, 6]",182,49,0.00012336531337163708,0.007695896776582909,48,0.007572531463211272,44,"[9, 9]",153,0,0.018671932809493114,0.9461062707388771,0.018671932809493114,0.9461062707388771
open_drawer,52,late,both_success,99,31,0.002769394410609944,0.0071761565941488165,36,0.004406762183538872,47,"[9, 3]",147,34,0.0004191868450353969,0.007811115764414926,33,0.007391928919379529,35,"[8, 2]",130,0,0.0,0.9884011724682316,0.0,0.9892464999796153
open_drawer,52,late,both_success,99,32,0.0030153397933928242,0.006982559395115548,38,0.003967219601722724,50,"[9, 5]",149,35,-0.0001220587022879166,0.007954073329065607,32,0.008076132031353524,31,"[6, 4]",100,1,0.0,0.9986348501749188,0.0,0.9984820480640104
open_drawer,53,early,both_fail,13,40,0.0031327374083063375,0.006425156829754419,46,0.0032924194214480817,68,"[10, 5]",165,47,-0.004647542856844906,0.006775632083892916,44,0.011423174940737822,25,"[8, 14]",142,0,0.04580659706802931,0.9825653718236506,0.0,0.9832226408589401
open_drawer,53,early,both_fail,13,42,0.003009524941934399,0.006288269100537576,47,0.0032787441586031767,69,"[12, 8]",200,45,-0.007395614818025471,0.007059403891346333,43,0.014455018709371804,20,"[9, 13]",157,1,0.0,0.9706682291299802,0.04580659706802931,0.9786384712699343
open_drawer,53,late,both_fail,99,37,0.0025533075112770167,0.005029439311597023,42,0.002476131800320006,64,"[8, 7]",135,42,-0.0022051134467289905,0.005462839244275093,41,0.007667952691004083,31,"[4, 10]",74,0,0.009335966404746543,0.9959667341526928,0.009335966404746543,0.9959667341526928
open_drawer,54,late,both_fail,99,4,0.01139217647933383,0.04245750245125682,5,0.031065325971922988,11,"[10, 9]",169,5,-0.0027485753993261516,0.047443498304622446,4,0.0501920737039486,3,"[10, 7]",167,0,0.0,0.9777364987196674,0.0,0.9777364987196674
open_drawer,55,early,rescue,13,42,0.0024115634851539936,0.007310153253652679,47,0.004898589768498686,58,"[11, 8]",184,48,2.630287588892364e-05,0.007799996998681521,45,0.0077736941227925975,42,"[10, 2]",162,0,0.06786291337358893,0.9168758680099934,0.07591282847462495,0.9211104127429832
open_drawer,55,early,rescue,13,44,0.0028518859550979124,0.006780756130764943,49,0.0039288701756670305,67,"[11, 5]",181,47,-0.0028616512140391716,0.007814067853043616,44,0.010675719067082787,31,"[0, 13]",13,1,0.03935827499043698,0.9380112028340593,0.052023613154888126,0.946534330669031
open_drawer,55,late,rescue,99,43,0.0016969458827731784,0.004630208155336084,48,0.0029332622725629053,62,"[9, 3]",147,48,-0.00014205327006252058,0.0050025370433036545,45,0.005144590313366175,43,"[9, 12]",156,0,0.0,0.9939466060988342,0.0,0.9941395639255172
open_drawer,55,late,rescue,99,45,0.0007445370114938614,0.004829872536152537,47,0.004085335524658676,51,"[6, 6]",102,47,4.930936477165991e-05,0.005003457585548468,44,0.004954148220776808,45,"[13, 5]",213,1,0.0,0.9987882021747636,0.0,0.9987295488039146
open_drawer,56,early,both_success,13,30,0.0041991590963855975,0.007855724843544859,37,0.003656565747159261,68,"[12, 7]",199,36,-0.006349724266900735,0.0086374924945039,33,0.014987216761404635,21,"[10, 11]",171,0,0.042354188778821134,0.9813157101652341,0.042354188778821134,0.9813157101652341
open_drawer,56,middle,both_success,56,16,0.0023514261122299113,0.012612556107004652,22,0.01026112999477474,28,"[12, 0]",192,24,-0.0004812654947071813,0.012643710015825862,21,0.013124975510533043,20,"[11, 5]",181,0,0.021820235074341325,0.734320017202801,0.05577435827719032,0.7383743406108318
open_drawer,56,middle,both_success,56,18,0.002745566773144985,0.012384576904918827,23,0.009639010131773842,30,"[9, 6]",150,23,-0.0018435963050004046,0.01270174792698839,20,0.014545344231988794,17,"[10, 8]",168,1,0.0,0.9853129216540492,0.034749832258505,0.9869352010174984
open_drawer,56,late,both_success,99,18,0.0038668813924756414,0.011058019663925082,24,0.007191138271449441,34,"[14, 1]",225,19,-0.0054203079656677325,0.01284949208269601,18,0.018269800048363743,12,"[13, 4]",212,0,0.0,0.9839383830647799,0.0,0.9839383830647799
open_drawer,57,late,both_fail,99,33,0.0029431898268712387,0.00416822129530594,43,0.001225031468434701,81,"[12, 7]",199,41,-0.0009681339436264967,0.004338123559710149,39,0.005306257503336646,37,"[15, 13]",253,0,0.0,0.9953737515925287,0.0,0.9956712567147064
open_drawer,57,late,both_fail,99,38,0.0005551845380311693,0.004225511080444645,41,0.003670326542413476,53,"[8, 5]",133,40,-0.002570253120611987,0.004350295573560146,38,0.006920548694172133,32,"[1, 4]",20,1,0.0,0.996619273055279,0.0,0.996505555488442
open_drawer,58,early,rescue,13,47,0.0019065073513771483,0.005670522317213937,50,0.003764014965836789,61,"[6, 5]",101,52,-0.0006560263001356616,0.005911997124179757,49,0.006568023424315419,49,"[9, 3]",147,0,0.0,0.9983407841538187,0.0,0.9985206185795679
open_drawer,58,early,rescue,13,48,0.002850154940411234,0.005141643386178635,55,0.002291488445767401,78,"[7, 12]",124,51,-0.0023833819006740435,0.006140073211033708,48,0.008523455111707752,40,"[11, 8]",184,1,0.0,0.988011663273053,0.0,0.9883369777964169
open_drawer,58,late,rescue,99,30,0.003734916517924793,0.008638359888174206,34,0.004903443370249413,54,"[7, 9]",121,34,-0.003530100162482253,0.009604861226450885,30,0.013134961388933138,25,"[8, 6]",134,0,0.0,0.982321625091377,0.0,0.982321625091377
open_drawer,59,early,both_fail,13,32,0.006000834778966435,0.009792694404242455,38,0.0037918596252760205,69,"[12, 10]",202,38,-0.002023420840309967,0.010240067396032343,35,0.01226348823634231,28,"[6, 10]",106,0,0.0035295157315684555,0.9230422377211044,0.0,0.9203108622318505
open_drawer,59,early,both_fail,13,35,0.0019021747561914935,0.009503292215666889,39,0.007601117459475395,40,"[8, 6]",134,37,-0.004080596424343179,0.010294901110500024,34,0.014375497534843204,21,"[8, 2]",130,1,0.0035295157315684555,0.9949873089159309,0.0,0.9941035709935316
open_drawer,59,middle,both_fail,56,57,0.0010234567459898253,0.0041180464049605705,60,0.003094589658970745,65,"[9, 2]",146,60,-0.0017625636685390297,0.004156873299562497,58,0.005919436968101527,52,"[5, 2]",82,0,0.0,0.9547081310283313,0.0,0.9547081310283313
open_drawer,59,late,both_fail,99,33,0.0014748472840055175,0.004052047354235876,36,0.002577200070230359,51,"[11, 7]",183,36,-0.0005096541212012192,0.004085987088451807,34,0.004595641209653026,33,"[9, 8]",152,0,0.18628445374750305,0.8611705021789325,0.18628445374750305,0.8611705021789325
open_drawer,60,early,both_success,13,44,0.0012800707834602011,0.0047667042869047,46,0.0034866335034444986,56,"[12, 8]",200,46,-0.01006113607411713,0.005092128936236551,45,0.01515326501035368,17,"[9, 13]",157,0,0.0,0.9142245883284499,0.0,0.9142245883284499
open_drawer,60,middle,both_success,56,56,0.0009029853077367255,0.0022552909870374276,58,0.001352305679300702,69,"[12, 6]",198,59,-0.00018825534069347215,0.002306854606919924,56,0.0024951099476133963,53,"[5, 7]",87,0,0.0,0.9964773976826553,0.0,0.9964773976826553
open_drawer,60,late,both_success,99,35,0.0020658450403791004,0.0039056409295232927,39,0.001839795889144192,46,"[8, 12]",140,40,-0.0005339925644289069,0.004093613122405399,36,0.0046276056868343055,34,"[11, 14]",190,0,0.0,0.958340907035192,0.0,0.9585224335403275
open_drawer,60,late,both_success,99,37,0.0016707211927925372,0.0036171033025135958,40,0.0019463821097210586,45,"[13, 9]",217,38,0.0003217365392814541,0.004244938803712429,35,0.003923202264430975,35,"[7, 0]",112,1,0.0,0.9928254450332032,0.0,0.9937670815952401
open_drawer,61,middle,both_fail,56,28,0.004218957660497624,0.0051273385154100145,39,0.0009083808549123902,91,"[11, 8]",184,37,-0.0013436959077639844,0.005569250796611348,35,0.006912946704375332,36,"[12, 11]",203,0,0.0,0.989987363202746,0.0,0.989987363202746
open_drawer,61,late,both_fail,99,28,0.004218957660497624,0.0051273385154100145,39,0.0009083808549123902,91,"[11, 8]",184,37,-0.0013436959077639844,0.005569250796611348,35,0.006912946704375332,36,"[12, 11]",203,0,0.0,0.989987363202746,0.0,0.989987363202746
open_drawer,62,early,both_fail,13,7,0.014680844135821294,0.018770256545789947,14,0.004089412409968654,64,"[10, 6]",166,16,-0.017583270173905433,0.020455255257182097,10,0.03803852543108753,2,"[7, 5]",117,0,0.01263630263945642,0.9979625474037706,0.0,0.9967970305177818
open_drawer,62,early,both_fail,13,13,0.012474204961621936,0.014738718920409339,18,0.0022645139587874033,89,"[10, 5]",165,15,-0.005952245290274799,0.02080686247019517,9,0.02675910776046997,8,"[11, 11]",187,1,0.0,0.9854523055020062,0.01263630263945642,0.9851424831666183
open_drawer,63,early,both_success,13,45,0.0016684640323990658,0.006780072173732493,48,0.005111608141333427,52,"[4, 12]",76,51,-0.0009280092784900162,0.00687593532070223,47,0.007803944599192246,37,"[8, 4]",132,0,0.013872963507970182,0.9639054520300442,0.10754148291627601,0.968341906757295
open_drawer,63,early,both_success,13,46,0.0013684302607750434,0.006776328889376063,50,0.00540789862860102,48,"[6, 5]",101,49,-0.0021050358574321365,0.007139959273063553,46,0.00924499513049569,30,"[9, 6]",150,1,0.0,0.9878925049863438,0.0,0.9935211452204528
open_drawer,63,early,both_success,13,47,0.001798308126029195,0.006272570152788552,51,0.004474262026759357,54,"[14, 0]",224,48,-0.0009858910172301696,0.0071633973940040865,45,0.008149288411234256,33,"[8, 5]",133,2,0.08687458064626241,0.9479150515448231,0.06271982877768274,0.9542359257405805
open_drawer,63,middle,both_success,56,29,0.0025719061552356955,0.006584588481060246,39,0.0040126823258245506,65,"[11, 12]",188,32,-0.0007583083886996463,0.007406012015181054,31,0.0081643204038807,31,"[12, 8]",200,0,0.01845227626608864,0.9879470052931576,0.01845227626608864,0.9879470052931576
open_drawer,64,early,harm,13,44,0.0018681078492298392,0.0073646304403573596,45,0.00549652259112752,55,"[0, 2]",2,46,-0.0034591709362258886,0.007682594409199766,44,0.011141765345425655,30,"[12, 7]",199,0,0.0,0.9838097888693017,0.0,0.9838097888693017
open_drawer,64,middle,harm,56,32,0.00304859632657334,0.0065379390248326,40,0.0034893426982592598,67,"[9, 3]",147,36,0.0007002128265956621,0.006770436139210212,34,0.00607022331261455,35,"[9, 2]",146,0,0.0,0.9994016364860839,0.0,0.9994411427265136
open_drawer,64,middle,harm,56,35,0.0023248805761590945,0.006006511743497857,43,0.0036816311673387625,65,"[10, 5]",165,37,0.0001327733600640195,0.007043252798460886,32,0.006910479438396866,30,"[14, 2]",226,1,0.0,0.995520922236468,0.0,0.9959225468506246
open_drawer,64,late,harm,99,28,0.0031455491361684204,0.007027422224961963,32,0.003881873088793543,68,"[10, 4]",164,33,-0.0014109995977709374,0.007620141708275403,29,0.00903114130604634,23,"[13, 7]",215,0,0.0,0.9989998412563476,0.0,0.9993468870402122
open_drawer,64,late,harm,99,29,0.002853700820663079,0.006864148182964251,34,0.004010447362301172,65,"[11, 2]",178,32,-0.00143986069711949,0.0077052984904500445,28,0.009145159187569534,21,"[13, 0]",208,1,0.0,0.9981213945005897,0.0,0.9977616293251337
open_drawer,65,middle,both_fail,56,40,0.0007456288815690763,0.0032464973095834015,43,0.002500868428014325,66,"[13, 6]",214,44,4.0004702485888204e-05,0.003289415356998211,42,0.0032494106545123227,52,"[6, 8]",104,0,0.0,0.998750368124767,0.055491854031880616,0.9986823764345747
open_drawer,65,middle,both_fail,56,41,0.000669836097249848,0.003111170900136744,47,0.002441334802886896,68,"[12, 0]",192,43,-9.407721624676109e-05,0.0033965142443507013,41,0.0034905914605974624,46,"[7, 5]",117,1,0.055491854031880616,0.9905109063705618,0.0,0.9907091839227745
open_drawer,65,late,both_fail,99,40,0.0007456288815690763,0.0032464973095834015,43,0.002500868428014325,66,"[13, 6]",214,44,4.0004702485888204e-05,0.003289415356998211,42,0.0032494106545123227,52,"[6, 8]",104,0,0.0,0.998750368124767,0.055491854031880616,0.9986823764345747
open_drawer,65,late,both_fail,99,41,0.000669836097249848,0.003111170900136744,47,0.002441334802886896,68,"[12, 0]",192,43,-9.407721624676109e-05,0.0033965142443507013,41,0.0034905914605974624,46,"[7, 5]",117,1,0.055491854031880616,0.9905109063705618,0.0,0.9907091839227745
open_drawer,66,middle,both_success,56,30,0.0029970796049634575,0.009703542045940636,34,0.006706462440977178,40,"[5, 8]",88,32,-0.006399902755322552,0.010977923284228119,29,0.01737782603955067,18,"[8, 4]",132,0,0.0,0.985478320702679,0.0,0.985478320702679
open_drawer,67,early,both_fail,13,38,0.0034678929947694675,0.006773610070900794,45,0.0033057170761313266,69,"[8, 5]",133,43,-0.006453807065828281,0.007844362405076537,41,0.014298169470904818,22,"[7, 14]",126,0,0.0,0.9633249191971941,0.0,0.9637900340233668
open_drawer,67,early,both_fail,13,39,0.0032430116867197822,0.006845036710023167,44,0.0036020250233033844,64,"[12, 8]",200,42,-0.007208300599128702,0.008251646386825212,40,0.015459946985953914,19,"[7, 6]",118,1,0.0,0.9962326517345639,0.0,0.9960170079788809
open_drawer,67,late,both_fail,99,3,0.004478809511425735,0.061875780748813176,4,0.05739697123738744,4,"[10, 8]",168,4,-0.0102990090560868,0.06301868714064643,3,0.07331769619673323,3,"[10, 10]",170,0,0.0,0.5478421637137619,0.0,0.5478421637137619
open_drawer,68,late,both_success,99,33,0.00558564985949376,0.00872937839984465,36,0.00314372854035089,63,"[10, 7]",167,39,-0.0016567614063537888,0.008942311786414588,34,0.010599073192768376,26,"[7, 4]",116,0,0.0,0.9981444279599586,0.0,0.9978221192031144
open_drawer,68,late,both_success,99,34,0.005099385241652852,0.008729698064817222,35,0.0036303128231643706,59,"[10, 6]",166,36,-0.0012853126458675108,0.009983641254432971,32,0.011268953900300482,25,"[10, 2]",162,1,0.0,0.9880335641882922,0.0,0.9873345568209718
open_drawer,69,late,both_fail,99,41,0.0017044608596874823,0.0039418851529597855,48,0.002237424293272303,60,"[10, 6]",166,47,-0.0015046366600902387,0.004152257967491338,45,0.005656894627581577,35,"[15, 8]",248,0,0.05166637354504827,0.9348284386622177,0.05166637354504827,0.9348284386622177
open_drawer,70,early,both_fail,13,12,0.016648298955939653,0.023835169222167368,13,0.007186870266227716,47,"[12, 5]",197,13,-0.008213153472086437,0.02914763337907073,10,0.037360786851157166,3,"[12, 9]",201,0,0.151141655191931,0.5913679664757688,0.151141655191931,0.5913679664757688
open_drawer,70,middle,both_fail,56,29,0.0016747132273130091,0.00511290255700972,33,0.0034381893296967113,53,"[10, 4]",164,33,-0.003975238378550833,0.005206733517724515,32,0.009181971896275348,22,"[15, 10]",250,0,0.0,0.992321257030301,0.0,0.992321257030301
open_drawer,71,early,rescue,13,42,0.0024115634851539936,0.007310153253652679,47,0.004898589768498686,58,"[11, 8]",184,48,2.630287588892364e-05,0.007799996998681521,45,0.0077736941227925975,42,"[10, 2]",162,0,0.06786291337358893,0.9168758680099934,0.07591282847462495,0.9211104127429832
open_drawer,71,early,rescue,13,44,0.0028518859550979124,0.006780756130764943,49,0.0039288701756670305,67,"[11, 5]",181,47,-0.0028616512140391716,0.007814067853043616,44,0.010675719067082787,31,"[0, 13]",13,1,0.03935827499043698,0.9380112028340593,0.052023613154888126,0.946534330669031
open_drawer,71,late,rescue,99,43,0.0016969458827731784,0.004630208155336084,48,0.0029332622725629053,62,"[9, 3]",147,48,-0.00014205327006252058,0.0050025370433036545,45,0.005144590313366175,43,"[9, 12]",156,0,0.0,0.9939466060988342,0.0,0.9941395639255172
open_drawer,71,late,rescue,99,45,0.0007445370114938614,0.004829872536152537,47,0.004085335524658676,51,"[6, 6]",102,47,4.930936477165991e-05,0.005003457585548468,44,0.004954148220776808,45,"[13, 5]",213,1,0.0,0.9987882021747636,0.0,0.9987295488039146
open_drawer,72,early,both_success,13,48,0.0020315763334128748,0.0053137948809943054,52,0.0032822185475814307,63,"[6, 15]",111,52,-0.003907672140705913,0.0056725482475647945,50,0.009580220388270708,38,"[12, 8]",200,0,0.0,0.9662394273933109,0.0,0.9662394273933109
open_drawer,72,late,both_success,99,15,0.0037531485122787554,0.012170969572723735,20,0.00841782106044498,34,"[7, 14]",126,18,-0.0003487326403231062,0.013725428987195948,16,0.014074161627519054,17,"[9, 8]",152,0,0.0,0.9739770409465237,0.0,0.9739770409465237
open_drawer,73,early,both_fail,13,35,0.0036511179307385133,0.005851089684708026,40,0.0021999717539695125,70,"[9, 8]",152,40,-0.0003600096803633981,0.00596408949605629,37,0.0063240991764196884,35,"[11, 14]",190,0,0.0,0.9763603755164502,0.0,0.9763603755164502
open_drawer,73,middle,both_fail,56,39,0.00032337817643213456,0.004543301989273458,42,0.004219923812841323,49,"[7, 9]",121,41,-0.002527163118723685,0.004576237537061635,40,0.00710340065578532,34,"[15, 11]",251,0,0.0,0.979269729514607,0.0,0.979269729514607
open_drawer,73,late,both_fail,99,39,0.00033889945647480775,0.00452537331089401,41,0.0041864738544192025,48,"[7, 9]",121,41,-0.0005470528535106356,0.004527793940074162,40,0.005074846793584798,42,"[0, 2]",2,0,0.0,0.994741488576758,0.0,0.994741488576758
open_drawer,74,early,harm,13,48,0.001842799321386266,0.003372187634272784,52,0.0015293883128865181,78,"[13, 7]",215,52,-0.003181992912181365,0.003487074633986398,50,0.006669067546167763,36,"[7, 6]",118,0,0.0924421022546977,0.9968659471991478,0.0,0.9969750726656774
open_drawer,74,early,harm,13,49,0.0009477944456751939,0.003239402586019514,55,0.00229160814034432,71,"[11, 10]",186,51,-0.0012756430915043843,0.0036825206324030764,49,0.004958163723907461,46,"[0, 1]",1,1,0.04667983202373277,0.9678435401264598,0.10355939835201775,0.9678616035402233
open_drawer,75,late,harm,99,34,0.0005708609124696696,0.006864733085143347,35,0.006293872172673677,37,"[12, 5]",197,35,-0.0016329010569056755,0.0070584542500772215,34,0.008691355306982897,29,"[10, 14]",174,0,0.0,0.996427767838258,0.0,0.996427767838258
open_drawer,76,early,harm,13,33,0.003284471836258033,0.009904190922286147,37,0.006619719086028114,47,"[10, 3]",163,37,0.0010166763792445986,0.009988911951110983,36,0.008972235571866384,34,"[10, 2]",162,0,0.0,0.9884266660405078,0.0,0.9894882044331416
open_drawer,76,early,harm,13,35,0.0055980865435320114,0.007826014962496975,44,0.0022279284189649644,85,"[12, 8]",200,39,-0.002137198932576939,0.010235434686606718,35,0.012372633619183657,25,"[10, 11]",171,1,0.007001974803559935,0.923239490206338,0.007001974803559935,0.9193875830230932
open_drawer,76,early,harm,13,36,0.001816276488343354,0.009669056653100761,39,0.007852780164757408,41,"[12, 7]",199,38,-0.002999253717494472,0.010318712538024452,34,0.013317966255518924,22,"[8, 2]",130,2,0.0,0.9935689612705708,0.07468773123797243,0.9923592200276024
open_drawer,76,middle,harm,56,42,0.0017759334532081658,0.004709706057199618,43,0.0029337726039914518,54,"[12, 9]",201,43,0.0007119721415918155,0.004834328364103509,42,0.004122356222511694,45,"[11, 8]",184,0,0.0,0.9846999605290667,0.0,0.9846999605290667
open_drawer,77,early,both_success,13,37,0.0038190711013895186,0.006938138335029642,44,0.0031190672336401234,65,"[5, 12]",92,45,-0.0007208396658398113,0.00712789654665664,42,0.007848736212496451,36,"[5, 4]",84,0,0.0,0.9847236480480859,0.08477166921017204,0.9849507069173586
open_drawer,77,early,both_success,13,42,0.0027338811932483597,0.006886636149611179,45,0.0041527549563628195,54,"[10, 0]",160,44,-0.0007341166861587799,0.007661284457423549,40,0.008395401143582329,32,"[8, 9]",137,1,0.09795983829693378,0.9699841298945748,0.049090671399794304,0.9672363945582502
open_drawer,77,middle,both_success,56,24,0.0031025813627742083,0.008597887001026051,28,0.005495305638251843,52,"[8, 6]",134,27,0.0007898472723326475,0.009330872033474344,26,0.008541024761141696,29,"[12, 8]",200,0,0.03935827499043698,0.9957254984465912,0.03935827499043698,0.9957254984465912
open_drawer,77,late,both_success,99,19,0.003344027403065589,0.01225578487985167,21,0.00891175747678608,31,"[14, 1]",225,20,-0.006847979090876923,0.012742717839505703,19,0.019590696930382626,9,"[11, 11]",187,0,0.013962594896711008,0.9719957810650011,0.013962594896711008,0.9719957810650011
open_drawer,78,early,both_fail,13,35,0.004494643634869614,0.010035671526226565,42,0.005541027891356951,52,"[12, 6]",198,40,-0.005940044354213452,0.01114784967904842,39,0.01708789403326187,18,"[10, 10]",170,0,0.012636302639456365,0.9681229316302569,0.012636302639456365,0.9681229316302569
open_drawer,78,late,both_fail,99,5,0.006872370175073344,0.02283204818533762,7,0.015959678010264277,15,"[10, 6]",166,7,-0.009951060444390033,0.02455486874999149,6,0.03450592919438152,3,"[9, 1]",145,0,0.0,0.9918866849888252,0.0,0.9918866849888252
open_drawer,80,early,harm,13,65,0.0003373542251278775,0.0031961166267612784,67,0.002858762401633401,68,"[12, 14]",206,67,-0.0031605294341641122,0.0032537403393940144,65,0.006414269773558127,44,"[11, 5]",181,0,0.0,0.9882345307049837,0.0,0.9882345307049837
open_drawer,80,middle,harm,56,34,0.0016214743743908685,0.009455348457483857,36,0.007833874083092988,43,"[0, 0]",0,35,-0.002085702874776208,0.010086222784720471,34,0.01217192565949668,25,"[8, 2]",130,0,0.0,0.9978938954395769,0.0,0.9978938954395769
open_drawer,81,early,harm,13,35,0.003391855641997895,0.00634813937493555,40,0.0029562837329376547,65,"[12, 7]",199,40,-0.0024772611122299767,0.006969735421707432,39,0.009446996533937409,33,"[7, 10]",122,0,0.0,0.9781831905705122,0.0,0.9781831905705122
open_drawer,81,middle,harm,56,17,0.0005323453390638257,0.010125198639388362,18,0.009592853300324536,20,"[10, 8]",168,19,-0.0009977698127046804,0.010248653167775743,16,0.011246422980480423,15,"[11, 3]",179,0,0.0,0.9840988513906112,0.0,0.9840988513906112
open_drawer,81,late,harm,99,36,0.0008225633704931328,0.005882171975629094,37,0.0050596086051359615,38,"[10, 15]",175,37,-0.0005397669335453093,0.00607407084750141,34,0.0066138377810467195,30,"[10, 7]",167,0,0.0,0.9929554152720469,0.0,0.9929554152720469
open_drawer,82,middle,both_success,56,10,0.007916509577774147,0.02454964052571941,12,0.016633130947945263,15,"[10, 10]",170,13,0.0014557670228885315,0.02641730721618496,10,0.02496154019329643,9,"[13, 9]",217,0,0.0,0.8877918188724523,0.0,0.8877918188724523
open_drawer,82,late,both_success,99,49,0.0005677844041415438,0.0021657851447138762,51,0.0015980007405723324,67,"[10, 6]",166,50,-0.00048221018335329897,0.0022536223957854624,49,0.0027358325791387614,46,"[15, 14]",254,0,0.0,0.9804456948879322,0.0,0.9804456948879322
open_drawer,83,late,both_success,99,33,0.00558564985949376,0.00872937839984465,36,0.00314372854035089,63,"[10, 7]",167,39,-0.0016567614063537888,0.008942311786414588,34,0.010599073192768376,26,"[7, 4]",116,0,0.0,0.9981444279599586,0.0,0.9978221192031144
open_drawer,83,late,both_success,99,34,0.005099385241652852,0.008729698064817222,35,0.0036303128231643706,59,"[10, 6]",166,36,-0.0012853126458675108,0.009983641254432971,32,0.011268953900300482,25,"[10, 2]",162,1,0.0,0.9880335641882922,0.0,0.9873345568209718
open_drawer,84,early,both_fail,13,6,0.026494021909008337,0.030749404713839083,9,0.004255382804830746,46,"[11, 7]",183,7,-0.014206123236257966,0.042507662101175195,5,0.05671378533743316,3,"[10, 15]",175,0,0.0,0.8434372905162814,0.0,0.8434372905162814
open_drawer,85,middle,harm,56,49,0.00036013040535167644,0.001697014714964687,54,0.0013368843096130106,69,"[10, 6]",166,52,-0.0011829102555859343,0.0018121504236168946,49,0.002995060679202829,41,"[14, 14]",238,0,0.2462451022664704,0.843258186032021,0.2462451022664704,0.843258186032021
open_drawer,85,late,harm,99,48,0.0008794392253380534,0.0039554756513451375,50,0.003076036426007084,51,"[10, 9]",169,50,-0.0006256972431865045,0.004178209038169561,49,0.004803906281356065,43,"[9, 13]",157,0,0.0,0.9975719473914932,0.0,0.9975719473914932
open_drawer,86,late,both_success,99,47,0.00045514689871433605,0.003999471535297611,48,0.003544324636583275,54,"[6, 12]",108,49,-0.002021343766430838,0.004045454135459512,47,0.00606679790189035,40,"[10, 14]",174,0,0.006055119229297967,0.9922417044846317,0.006055119229297967,0.9922417044846317
open_drawer,87,early,both_fail,13,12,0.016648298955939653,0.023835169222167368,13,0.007186870266227716,47,"[12, 5]",197,13,-0.008213153472086437,0.02914763337907073,10,0.037360786851157166,3,"[12, 9]",201,0,0.151141655191931,0.5913679664757688,0.151141655191931,0.5913679664757688
open_drawer,87,middle,both_fail,56,29,0.0016747132273130091,0.00511290255700972,33,0.0034381893296967113,53,"[10, 4]",164,33,-0.003975238378550833,0.005206733517724515,32,0.009181971896275348,22,"[15, 10]",250,0,0.0,0.992321257030301,0.0,0.992321257030301
open_drawer,88,late,harm,99,34,0.0005708609124696696,0.006864733085143347,35,0.006293872172673677,37,"[12, 5]",197,35,-0.0016329010569056755,0.0070584542500772215,34,0.008691355306982897,29,"[10, 14]",174,0,0.0,0.996427767838258,0.0,0.996427767838258
open_drawer,89,early,harm,13,48,0.001842799321386266,0.003372187634272784,52,0.0015293883128865181,78,"[13, 7]",215,52,-0.003181992912181365,0.003487074633986398,50,0.006669067546167763,36,"[7, 6]",118,0,0.0924421022546977,0.9968659471991478,0.0,0.9969750726656774
open_drawer,89,early,harm,13,49,0.0009477944456751939,0.003239402586019514,55,0.00229160814034432,71,"[11, 10]",186,51,-0.0012756430915043843,0.0036825206324030764,49,0.004958163723907461,46,"[0, 1]",1,1,0.04667983202373277,0.9678435401264598,0.10355939835201775,0.9678616035402233
open_drawer,90,late,both_fail,99,4,0.01139217647933383,0.04245750245125682,5,0.031065325971922988,11,"[10, 9]",169,5,-0.0027485753993261516,0.047443498304622446,4,0.0501920737039486,3,"[10, 7]",167,0,0.0,0.9777364987196674,0.0,0.9777364987196674
open_drawer,92,middle,both_fail,56,46,0.0005687717142960182,0.0018168476160811858,51,0.0012480759017851676,67,"[11, 10]",186,48,-0.0005085131733609692,0.002054487172666497,47,0.002563000346027466,43,"[9, 5]",149,0,0.004738613489796123,0.9972042587843982,0.004738613489796123,0.9972042587843982
open_drawer,92,late,both_fail,99,43,0.00020221069438915227,0.0015382053955755083,46,0.001335994701186356,57,"[10, 8]",168,46,-0.00017870427993512956,0.0015893529829489128,44,0.0017680572628840424,50,"[15, 14]",254,0,0.0,0.9969308819551932,0.0,0.9969308819551932
open_drawer,93,middle,both_success,56,32,0.0019687734374806056,0.006187253943798808,35,0.004218480506318203,44,"[8, 7]",135,37,-0.0005519059409082455,0.006277997847011267,34,0.006829903787919513,33,"[6, 5]",101,0,0.11071365759653201,0.9971393309406301,0.0,0.9971844046526469
open_drawer,93,middle,both_success,56,33,0.0016090374633640032,0.006169349402889489,36,0.004560311939525486,40,"[9, 4]",148,35,-0.0011895028258261412,0.006508717405365777,33,0.0076982202311919185,30,"[15, 13]",253,1,0.11071365759653201,0.9962811552363056,0.0,0.9962841396717212
open_drawer,93,late,both_success,99,24,0.0010041775905266,0.00921136401133324,26,0.00820718642080664,33,"[10, 0]",160,26,-0.0014493370911537323,0.009437218736302247,25,0.01088655582745598,21,"[10, 9]",169,0,0.0,0.9387362305336968,0.0,0.9387362305336968
open_drawer,95,middle,both_fail,56,46,0.0005687717142960182,0.0018168476160811858,51,0.0012480759017851676,67,"[11, 10]",186,48,-0.0005085131733609692,0.002054487172666497,47,0.002563000346027466,43,"[9, 5]",149,0,0.004738613489796123,0.9972042587843982,0.004738613489796123,0.9972042587843982
open_drawer,95,late,both_fail,99,43,0.00020221069438915227,0.0015382053955755083,46,0.001335994701186356,57,"[10, 8]",168,46,-0.00017870427993512956,0.0015893529829489128,44,0.0017680572628840424,50,"[15, 14]",254,0,0.0,0.9969308819551932,0.0,0.9969308819551932
open_drawer,96,early,both_success,13,32,0.002138817580181908,0.008840606493676798,34,0.00670178891349489,45,"[7, 2]",114,34,-0.0011160940398196439,0.009745129575399872,31,0.010861223615219516,30,"[10, 6]",166,0,0.0,0.9984433516599419,0.0,0.9984433516599419
open_drawer,96,middle,both_success,56,19,0.005709787941197015,0.01027301642534106,27,0.004563228484144045,53,"[8, 3]",131,24,-0.0007205569018813619,0.012513905276322687,20,0.01323446217820405,16,"[10, 0]",160,0,0.0,0.9933151659012138,0.0,0.9933151659012138
open_drawer,96,late,both_success,99,26,0.0017830470623903302,0.006262367008396364,33,0.004479319946006034,45,"[11, 2]",178,35,-0.0019137823064145302,0.006346698047202413,31,0.008260480353616944,24,"[13, 1]",209,0,0.0,0.9953368607875672,0.0,0.9958701295682979
open_drawer,96,late,both_success,99,29,0.0005446538430729482,0.006338997188939873,32,0.005794343345866925,36,"[0, 2]",2,34,-0.0006964782440788001,0.006419533180641207,30,0.007116011424720007,30,"[12, 0]",192,1,0.0,0.9818199454359319,0.0,0.9869973373012416
open_drawer,96,late,both_success,99,31,0.0031084507645952643,0.005031139354970961,43,0.001922688590375697,76,"[9, 4]",148,33,-0.0013611438071383505,0.006500473135359762,29,0.007861616942498113,26,"[11, 0]",176,2,0.0,0.9969564061834787,0.0,0.9990323990012505
open_drawer,98,middle,harm,56,49,0.0004793617101733205,0.002457551507956071,53,0.0019781897977827504,50,"[6, 9]",105,55,-0.0009151852606615672,0.002467029744266179,52,0.003382215004927746,43,"[7, 6]",118,0,0.0,0.9982232773902232,0.0,0.9981937758087541
open_drawer,98,middle,harm,56,52,0.0009909381014355035,0.0020792125760419286,58,0.001088274474606425,71,"[6, 7]",103,53,-0.0004817927058634987,0.0025585665316857466,50,0.0030403592375492453,44,"[12, 12]",204,1,0.0,0.9891952307399344,0.0,0.9888014956016907
open_drawer,98,late,harm,99,52,0.0008278929362245099,0.0012021708373631246,59,0.0003742779011386147,104,"[9, 10]",154,53,8.148715967218833e-05,0.0015321044395532185,52,0.0014506172798810302,53,"[6, 5]",101,0,0.0,0.9989506952175254,0.0,0.9989506952175254
open_drawer,99,early,harm,13,48,0.0021432858737720885,0.005367642796279839,50,0.00322435692250775,61,"[13, 7]",215,49,-0.00032584082931337577,0.005985662323541208,48,0.006311503152854584,42,"[8, 11]",139,0,0.0,0.9891233146335133,0.0,0.9891233146335133
open_drawer,99,middle,harm,56,50,0.0005302362885804596,0.001879736688167895,55,0.0013495003995874354,61,"[14, 7]",231,54,-0.0001705129868958379,0.0019861113282240786,52,0.0021566243151199165,53,"[8, 5]",133,0,0.0,0.9951191426128594,0.0,0.9951191426128594
open_drawer,99,late,harm,99,21,0.0035484758804803966,0.011056496192443938,27,0.007508020311963542,28,"[9, 9]",153,26,-0.0046762776011225055,0.011643225182977574,23,0.01631950278410008,13,"[14, 12]",236,0,0.035994935401381996,0.9640640431028156,0.08189052318125263,0.9661981735462896
open_drawer,99,late,harm,99,23,0.0020545032070794587,0.011057526002416877,26,0.009003022795337419,24,"[12, 9]",201,25,-0.0010405191254012347,0.011794145992796006,22,0.01283466511819724,19,"[15, 13]",253,1,0.06937192018373817,0.9439696541252836,0.04235418877882116,0.9364115854703898
pick_coke_can,2,early,both_success,9,11,0.014370179699438013,0.016939718577904436,15,0.002569538878466422,79,"[5, 4]",84,15,-0.0015010880876379779,0.019800667520632198,14,0.021301755608270176,10,"[5, 11]",91,0,0.025833186772524164,0.7878292405224566,0.025833186772524164,0.7878292405224566
pick_coke_can,5,early,both_fail,9,13,0.003406912700240853,0.01588695498547546,14,0.012480042285234607,28,"[2, 14]",46,14,-0.009483988676610267,0.016103118839668754,13,0.02558710751627902,9,"[13, 3]",211,0,0.0,0.9866326514943895,0.0,0.9866326514943895
pick_coke_can,6,middle,both_fail,40,22,0.006853516001163311,0.011303496395023654,27,0.004449980393860343,55,"[9, 7]",151,26,-0.0042760777758716825,0.013766145874903407,24,0.01804222365077509,15,"[2, 15]",47,0,0.0,0.8707553014362985,0.0,0.8707553014362985
pick_coke_can,6,late,both_fail,70,24,0.007171162912786376,0.012203445380692958,27,0.005032282467906582,56,"[9, 6]",150,27,-0.007260440875195855,0.012579758929578024,25,0.01984019980477388,16,"[9, 14]",158,0,0.0,0.7449342278676876,0.0,0.7512631884330296
pick_coke_can,6,late,both_fail,70,25,0.006394903882338732,0.012433745915240829,26,0.006038842032902097,46,"[9, 7]",151,26,-0.005900133797534846,0.014214206719010955,24,0.0201143405165458,15,"[3, 14]",62,1,0.0,0.9383895567082842,0.0,0.9510340456760162
pick_coke_can,7,middle,both_success,40,11,0.004360245456221275,0.0172514447124324,13,0.012891199256211124,23,"[3, 11]",59,13,-0.007066161046576622,0.017933921054190182,12,0.025000082100766804,8,"[0, 1]",1,0,0.0,0.9656981503460409,0.0,0.9656981503460409
pick_coke_can,7,late,both_success,70,31,0.002739260323066559,0.007138665057467333,38,0.004399404734400774,59,"[10, 5]",165,36,-0.0049598239563693365,0.007283554534352482,35,0.012243378490721818,24,"[3, 8]",56,0,0.0,0.9609075401680308,0.0,0.9609075401680308
pick_coke_can,9,late,both_success,70,65,0.0002630712307532734,0.0016670589007918102,68,0.0014039876700385368,85,"[1, 10]",26,66,-0.0003391686190533762,0.0017847198508107419,65,0.002123888469864118,68,"[15, 13]",253,0,0.0,0.9814259798545486,0.0,0.9814259798545486
pick_coke_can,10,late,both_fail,70,17,0.006398320762622616,0.011684629683235196,25,0.00528630892061258,59,"[8, 2]",130,23,-0.009912851675667677,0.012701977225385555,21,0.022614828901053232,6,"[10, 8]",168,0,0.0,0.9795154403983852,0.0,0.9856164569845499
pick_coke_can,10,late,both_fail,70,21,0.005473681628554023,0.010948583991875342,29,0.005474902363321319,58,"[8, 3]",131,22,-0.006989933256384039,0.012775688590805596,20,0.019765621847189635,11,"[8, 12]",140,1,0.08174410959552308,0.7621998495052908,0.08174410959552308,0.7935956101082113
pick_coke_can,11,middle,both_fail,40,23,0.006030216535573936,0.009336445300060205,29,0.0033062287644862695,66,"[6, 3]",99,26,-0.0032947570428223973,0.009886582824756254,25,0.013181339867578652,17,"[2, 15]",47,0,0.07423827800680607,0.8879946835859103,0.07423827800680607,0.8879946835859103
pick_coke_can,11,late,both_fail,70,27,0.004313497392521785,0.007322327495874974,40,0.003008830103353189,81,"[6, 5]",101,33,-0.006362769398796205,0.00834920088911035,32,0.014711970287906556,19,"[2, 14]",46,0,0.0,0.9834628899711382,0.0,0.9834628899711382
pick_coke_can,12,late,harm,70,21,0.0015262464905026196,0.009556167305413974,24,0.008029920814911355,31,"[8, 2]",130,23,-0.0029017207853275304,0.009702412894635085,22,0.012604133679962616,17,"[7, 5]",117,0,0.0,0.9906915319811817,0.0,0.9906915319811817
pick_coke_can,13,early,harm,9,14,0.012612466714224193,0.018218866628586967,17,0.005606399914362774,45,"[8, 4]",132,16,-0.00429953809265789,0.021679780831902116,15,0.025979318924560006,12,"[8, 10]",138,0,0.007897689149660242,0.5759823657747419,0.007897689149660242,0.5759823657747419
pick_coke_can,15,early,both_success,9,22,0.0057371242619598415,0.011369017504652397,28,0.005631893242692555,45,"[8, 7]",135,27,-0.007672493068400692,0.012928105813432919,26,0.02060059888183361,10,"[0, 1]",1,0,0.0,0.9618999543837988,0.0,0.9618999543837988
pick_coke_can,15,middle,both_success,40,8,0.009732956154966558,0.0291502627069526,9,0.019417306551986042,11,"[8, 7]",135,9,-0.001138964167134028,0.03255576466115667,8,0.0336947288282907,6,"[6, 3]",99,0,0.0,0.9422977723888407,0.0,0.9422977723888407
pick_coke_can,16,late,both_fail,70,17,0.004295671228524452,0.00978843916998688,20,0.005492767941462428,48,"[8, 4]",132,19,-0.00915469375099884,0.011423628251415118,18,0.020578322002413958,13,"[7, 6]",118,0,0.051468513449033026,0.9781102868744839,0.051468513449033026,0.9781102868744839
pick_coke_can,18,early,both_success,9,6,0.016068383642953588,0.034919036353806006,7,0.018850652710852418,14,"[8, 7]",135,7,0.009555287787236771,0.03576033694537373,6,0.026205049158136956,4,"[6, 8]",104,0,0.04855537227789547,0.9095341448375623,0.04855537227789547,0.9095341448375623
pick_coke_can,19,middle,both_fail,40,26,0.001615091846505358,0.007904598644023111,28,0.0062895067975177535,41,"[2, 12]",44,28,-0.004639115992642688,0.008449762773076606,27,0.013088878765719293,19,"[15, 9]",249,0,0.0,0.9710877129267943,0.0,0.9710877129267943
pick_coke_can,19,late,both_fail,70,15,0.003573808428750919,0.01023748021192971,17,0.006663671783178791,38,"[2, 11]",43,16,-0.008312878490106618,0.011363551389608654,14,0.01967642987971527,8,"[5, 8]",88,0,0.0,0.8544203985868488,0.0,0.8544203985868488
pick_coke_can,20,late,rescue,70,7,0.01466232114797827,0.02440128268397485,9,0.00973896153599658,30,"[6, 12]",108,10,-0.0047193104172591,0.0251934251111586,8,0.0299127355284177,8,"[0, 13]",13,0,0.00631815131972821,0.8335176998662579,0.00631815131972821,0.8335176998662579
pick_coke_can,21,late,both_fail,70,72,0.0006211836999668953,0.0013642862062001899,76,0.0007431025062332946,108,"[10, 4]",164,76,-0.0011176495173027038,0.0014332182823187573,75,0.002550867799621461,71,"[2, 5]",37,0,0.0,0.9976572070454505,0.0,0.9976572070454505
pick_coke_can,22,early,both_fail,9,13,0.011276173446257216,0.01577947684364784,17,0.004503303397390623,51,"[7, 6]",118,14,-0.001723473409552867,0.019139717881838512,13,0.02086319129139138,13,"[8, 15]",143,0,0.007380910506435467,0.9528484144904036,0.007380910506435467,0.9528484144904036
pick_coke_can,22,late,both_fail,70,28,0.002953861252259725,0.005575096266671553,33,0.0026212350144118276,77,"[8, 10]",138,30,-0.0027154039404813837,0.006473359411696199,29,0.009188763352177583,27,"[14, 11]",235,0,0.0035009874017799536,0.943052413314704,0.0035009874017799536,0.943052413314704
pick_coke_can,23,early,both_success,9,6,0.018686949549266366,0.03458718668085651,9,0.015900237131590143,19,"[7, 11]",123,9,0.00398213542782868,0.03753275322456969,8,0.03355061779674101,6,"[8, 14]",142,0,0.02100592441067972,0.649607500443986,0.02100592441067972,0.649607500443986
pick_coke_can,24,middle,both_fail,40,14,0.0029367430986730163,0.01947572779344134,16,0.016538984694768322,18,"[9, 8]",152,15,-0.007400659689080474,0.020493296019121383,14,0.027893955708201856,10,"[13, 3]",211,0,0.0,0.9423015847845722,0.0,0.9423015847845722
pick_coke_can,24,late,both_fail,70,8,0.015555218426754489,0.03621917145285593,9,0.02066395302610144,17,"[9, 10]",154,10,0.00010384046325089685,0.03873139178551932,8,0.03862755132226842,4,"[8, 8]",136,0,0.0,0.851318996909401,0.0,0.851318996909401
pick_coke_can,25,early,both_success,9,15,0.011166065698203788,0.018059302139575854,18,0.006893236441372066,45,"[8, 7]",135,16,-0.006019918843740955,0.023636758416462875,12,0.02965667726020383,5,"[8, 13]",141,0,0.0400152814083329,0.8284708956769651,0.0400152814083329,0.8284708956769651
pick_coke_can,25,late,both_success,70,10,0.015636746001009554,0.021232137259300676,16,0.0055953912582911245,50,"[7, 10]",122,13,-0.0007558194932067858,0.02545967323641787,11,0.026215492729624656,8,"[9, 12]",156,0,0.0,0.9344278603609161,0.0,0.9344278603609161
pick_coke_can,27,late,both_success,70,33,0.0009864137622127922,0.0074229613993396365,34,0.006436547637126844,47,"[2, 4]",36,34,0.00013601693473576284,0.0074742287903055175,33,0.007338211855569755,39,"[7, 8]",120,0,0.0,0.9790936407778384,0.0,0.9790936407778384
pick_coke_can,28,middle,harm,40,39,0.000644531531231683,0.004150164166057395,41,0.003505632634825712,52,"[3, 14]",62,42,-0.0022551229088735294,0.004383982091230139,40,0.006639105000103668,33,"[13, 7]",215,0,0.0,0.9850584361180493,0.0,0.9833540458414893
pick_coke_can,28,middle,harm,40,40,0.0011501846866495261,0.0038935787142348327,43,0.0027433940275853066,64,"[4, 9]",73,41,-0.002396348238532856,0.004458505206087352,39,0.006854853444620208,32,"[15, 9]",249,1,0.0,0.9885050940025116,0.0,0.9869015801458499
pick_coke_can,29,middle,both_fail,40,6,0.020386974493454495,0.026880468515118276,9,0.006493494021663782,48,"[7, 6]",118,9,-0.0001798368630209421,0.03253718405799991,7,0.03271702092102085,4,"[6, 14]",110,0,0.0,0.4064867785702058,0.0,0.4064867785702058
pick_coke_can,30,early,both_fail,9,37,0.0030625790684471457,0.005158824064710763,50,0.0020962449962636173,90,"[7, 9]",121,39,-0.004457245062359325,0.00635957905393319,38,0.010816824116292515,26,"[8, 13]",141,0,0.0,0.9683000440491962,0.0,0.9683000440491962
pick_coke_can,33,early,harm,9,14,0.011385464308898174,0.014501861837669668,19,0.003116397528771494,74,"[4, 7]",71,16,-0.008690630343029516,0.017661001880581353,15,0.02635163222361087,6,"[13, 6]",214,0,0.0,0.9904542754061821,0.0,0.9904542754061821
pick_coke_can,33,middle,harm,40,23,0.0020603976995887128,0.008230347658356086,25,0.006169949958767373,42,"[4, 9]",73,24,2.036570903594416e-05,0.00908208423377805,23,0.009061718524742106,30,"[2, 9]",41,0,0.0,0.9819168360804861,0.0,0.9819168360804861
pick_coke_can,33,late,harm,70,24,0.002119448035111788,0.007445384643395434,29,0.005325936608283646,49,"[4, 9]",73,26,-0.0023830130726636943,0.008247141431432181,24,0.010630154504095875,26,"[1, 12]",28,0,0.0,0.9795320966720409,0.0,0.9795320966720409
pick_coke_can,34,late,harm,70,30,0.0008929996281124052,0.008158869562492295,31,0.00726586993437989,36,"[8, 5]",133,31,-0.001986578973814908,0.008470154575329406,30,0.010456733549144314,26,"[13, 10]",218,0,0.0,0.9959677508137379,0.0,0.9959677508137379
pick_coke_can,35,early,both_fail,9,17,0.006048999008361828,0.009590888872693732,27,0.0035418898643319037,72,"[8, 6]",134,28,-0.0014464576457225067,0.009980786349311207,24,0.011427243995033714,24,"[13, 6]",214,0,0.014761821012870935,0.9969366735145156,0.014761821012870935,0.9977773420899304
pick_coke_can,35,early,both_fail,9,22,0.0059050805257558035,0.008055540184207233,34,0.002150459658451429,94,"[6, 7]",103,26,-0.00030706978008779653,0.010666009234826329,23,0.010973079014914126,27,"[14, 6]",230,1,0.0,0.9975842788600641,0.0,0.998450100945391
pick_coke_can,37,early,harm,9,12,0.017371393660504,0.02006420196465047,17,0.0026928083041464694,80,"[9, 7]",151,16,0.001543824422150973,0.02222855901111947,12,0.020684734588968495,14,"[4, 15]",79,0,0.012636302639456365,0.825867796256181,0.012636302639456365,0.825867796256181
pick_coke_can,41,early,rescue,9,12,0.013304398773634735,0.019019170166184252,14,0.005714771392549518,51,"[6, 5]",101,15,-0.01161602205398449,0.02027790734578869,12,0.03189392939977318,5,"[4, 12]",76,0,0.15342691123796606,0.8866274320622933,0.15342691123796606,0.8866274320622933
pick_coke_can,41,middle,rescue,40,16,0.00873441072851323,0.01285968755045131,23,0.00412527682193808,52,"[6, 5]",101,19,-0.0017038117652985098,0.015602822521983138,14,0.017306634287281648,13,"[9, 10]",154,0,0.0,0.962909277245203,0.0,0.962909277245203
pick_coke_can,41,late,rescue,70,17,0.01098331360551638,0.012847216011318283,23,0.001863902405801903,90,"[4, 3]",67,18,-0.000745744110218275,0.0161065889504186,17,0.016852333060636875,14,"[13, 6]",214,0,0.0,0.9814532037701122,0.0,0.9814532037701122
pick_coke_can,43,late,both_success,70,26,0.004512388082695596,0.006465273901741785,34,0.0019528858190461893,85,"[8, 5]",133,35,-0.004076773328386558,0.006579105578481027,32,0.010655878906867585,26,"[14, 10]",234,0,0.0,0.9897321304088383,0.0,0.9897321304088383
pick_coke_can,44,early,both_success,9,16,0.011038213282738372,0.012746448033351752,25,0.0017082347506133801,95,"[9, 4]",148,23,-0.006909564739318922,0.013901840309912403,22,0.020811405049231325,12,"[5, 13]",93,0,0.0,0.9238602101419668,0.0,0.9238602101419668
pick_coke_can,44,middle,both_success,40,13,0.0007592720305691879,0.01747367096325214,14,0.016714398932682954,15,"[0, 1]",1,14,-0.004610312622143054,0.01763399616948261,13,0.022244308791625665,13,"[6, 9]",105,0,0.0,0.956059649098671,0.0,0.956059649098671
pick_coke_can,45,early,both_fail,9,30,0.0023033105442697736,0.0067962759625855495,35,0.004492965418315776,52,"[10, 9]",169,31,-0.003115163190468912,0.007909865237258982,30,0.011025028427727894,25,"[3, 14]",62,0,0.0,0.9673599828867016,0.0,0.9673599828867016
pick_coke_can,45,middle,both_fail,40,29,0.000729204883705285,0.009888271321570587,30,0.009159066437865302,36,"[9, 6]",150,30,-0.007088985161679979,0.010027628506026084,29,0.017116613667706063,16,"[15, 13]",253,0,0.0,0.9577644430513295,0.0,0.9577644430513295
pick_coke_can,46,early,both_success,9,6,0.027408234019691162,0.03488828374191508,8,0.007480049722223915,46,"[7, 8]",120,8,0.0023693751031554425,0.04000924317839613,6,0.03763986807524069,2,"[9, 8]",152,0,0.03583244105089396,0.6024679983227619,0.03583244105089396,0.6024679983227619
pick_coke_can,47,late,both_fail,70,41,0.0005778342662691319,0.002962513093030525,45,0.002384678826761393,81,"[3, 10]",58,45,-0.0013213478472131474,0.002999300589492178,44,0.004320648436705325,48,"[9, 6]",150,0,0.0,0.988040886427203,0.0,0.988040886427203
pick_coke_can,48,middle,both_success,40,9,0.006866714531603082,0.020731964157071004,11,0.013865249625467922,16,"[4, 9]",73,11,-0.003201420783188403,0.020987280646240267,10,0.02418870142942867,7,"[0, 1]",1,0,0.0,0.9591319093636863,0.0,0.9591319093636863
pick_coke_can,49,early,rescue,9,23,0.003340082035110173,0.010370703890052575,27,0.007030621854942402,47,"[7, 5]",117,26,-0.007271675776823252,0.011035163386833318,25,0.01830683916365657,18,"[0, 13]",13,0,0.0,0.9672847642504261,0.0,0.9672847642504261
pick_coke_can,49,middle,rescue,40,57,0.0006026566322308909,0.00319377160235131,59,0.002591114970120419,69,"[1, 7]",23,58,-0.0021837575695748865,0.0033908929694576096,57,0.005574650539032496,44,"[13, 9]",217,0,0.0,0.967333019192001,0.0,0.967333019192001
pick_coke_can,50,early,both_success,9,31,0.0016411924098159282,0.007989727909354545,33,0.006348535499538617,46,"[5, 9]",89,32,-0.002013549542462554,0.008728505284407493,31,0.010742054826870047,27,"[5, 7]",87,0,0.0,0.993422875605149,0.0,0.993422875605149
pick_coke_can,50,late,both_success,70,29,0.0020744214274417147,0.006830512056833778,33,0.004756090629392063,46,"[5, 8]",88,31,-0.0027769586823216397,0.007549663629801744,29,0.010326622312123383,21,"[13, 10]",218,0,0.00631815131972821,0.9963508727329805,0.00631815131972821,0.9963508727329805
pick_coke_can,51,early,both_fail,9,27,0.002779997469497342,0.005898126748002106,33,0.003118129278504764,71,"[7, 8]",120,31,-0.0054065045225009396,0.006343398199874159,30,0.011749902722375099,24,"[13, 6]",214,0,0.0,0.9954282055645153,0.0,0.9954282055645153
pick_coke_can,51,middle,both_fail,40,29,0.0008177661808616418,0.006446104222945743,30,0.005628338042084101,40,"[6, 8]",104,30,-0.0032035588992109067,0.006452720559000616,29,0.009656279458211523,25,"[6, 13]",109,0,0.0,0.9423697197063041,0.0,0.9423697197063041
pick_coke_can,52,middle,rescue,40,21,0.009120546751218395,0.010862780639647778,29,0.0017422338884293836,93,"[6, 3]",99,29,-0.009946864332447548,0.0120561692331126,26,0.02200303356556015,12,"[12, 12]",204,0,0.0,0.9026368767495413,0.0,0.9026368767495413
pick_coke_can,52,late,rescue,70,10,0.013982837847502223,0.015412507426032269,22,0.0014296695785300463,99,"[7, 4]",116,14,0.0008793042609449367,0.02052832146657449,13,0.019649017205629553,13,"[7, 14]",126,0,0.042979929710115855,0.8774304036255836,0.10655183781893739,0.8566827429782724
pick_coke_can,52,late,rescue,70,11,0.00859930740979297,0.017722094777604603,18,0.009122787367811634,37,"[4, 4]",68,15,-0.005357640689452693,0.02079796300331175,12,0.026155603692764443,9,"[5, 12]",92,1,0.0,0.9200283145804222,0.08431485532769553,0.9496534432673222
pick_coke_can,54,middle,both_fail,40,13,0.005591323210890663,0.01726136663944853,15,0.011670043428557866,32,"[6, 10]",106,14,0.0012256312042431758,0.01887533571254472,13,0.017649704508301545,21,"[5, 7]",87,0,0.0,0.9178404363313195,0.0,0.9178404363313195
pick_coke_can,55,late,rescue,70,9,0.004409109604972497,0.016785231509922206,11,0.01237612190494971,17,"[3, 11]",59,10,0.0009525184348132196,0.018464675800793563,8,0.017512157365980344,10,"[4, 11]",75,0,0.0,0.9502837450227466,0.0,0.9502837450227466
pick_coke_can,56,middle,both_fail,40,33,0.0019796746443454293,0.007150207441838647,36,0.0051705327974932175,58,"[9, 7]",151,34,-0.004346846484067829,0.007904296046766965,33,0.012251142530834794,24,"[6, 15]",111,0,0.0,0.9793202028678943,0.0,0.9793202028678943
pick_coke_can,56,late,both_fail,70,38,0.001074656426501743,0.006334745517999792,43,0.005260089091498049,54,"[2, 13]",45,42,-0.00191560869046578,0.006417932773966919,41,0.008333541464432699,38,"[15, 6]",246,0,0.0,0.9929741968601592,0.0,0.9929741968601592
pick_coke_can,59,early,harm,9,11,0.00994794831350122,0.0212552639519894,14,0.01130731563848818,26,"[9, 3]",147,14,-0.005517839351287954,0.021317241700523022,13,0.026835081051810976,8,"[13, 3]",211,0,0.008823789328921111,0.8615903932905177,0.008823789328921111,0.8615903932905177
pick_coke_can,60,early,rescue,9,74,0.0010215860864267166,0.0016922023525307842,83,0.0006706162661040676,134,"[10, 5]",165,80,-0.0015731101207253333,0.0018797348097820336,79,0.003452844930507367,73,"[1, 15]",31,0,0.0,0.9301302163025508,0.0,0.9301302163025508
pick_coke_can,60,middle,rescue,40,62,0.0004884984195864983,0.0017401745611919479,67,0.0012516761416054495,87,"[7, 6]",118,66,-0.0019144251584636875,0.0017637249544993822,65,0.0036781501129630697,55,"[13, 8]",216,0,0.0,0.9970628828708746,0.0,0.9970628828708746
pick_coke_can,61,middle,both_fail,40,40,0.0022495360604574467,0.004291727024360452,43,0.0020421909639030057,75,"[10, 5]",165,42,-0.0003462758257076516,0.0050278710433018965,41,0.005374146869009548,44,"[13, 5]",213,0,0.02211352961904864,0.992252235203377,0.02211352961904864,0.992252235203377
pick_coke_can,62,early,both_success,9,5,0.026127211780915413,0.030316774294117273,9,0.004189562513201862,59,"[6, 8]",104,10,-0.002233690860885193,0.03295792969728683,7,0.03519162055817202,3,"[4, 11]",75,0,0.02211352961904861,0.9028099584823466,0.0,0.8675815983400187
pick_coke_can,62,early,both_success,9,7,0.01507922275214834,0.031334945939619226,8,0.016255723187470886,14,"[6, 12]",108,8,-0.004279020644315686,0.03811849111392798,4,0.04239751175824367,2,"[4, 13]",77,1,0.0,0.852035047276685,0.02211352961904861,0.8542005400909428
pick_coke_can,62,late,both_success,70,53,0.0007973520434665345,0.0029759308314693286,59,0.002178578788002794,76,"[6, 11]",107,57,-0.0012124565816533373,0.0030440008096690174,56,0.004256457391322355,54,"[6, 3]",99,0,0.0,0.9849682983763299,0.0,0.9849682983763299
pick_coke_can,63,early,harm,9,10,0.015779661933888828,0.020481879951100894,16,0.004702218017212068,60,"[5, 6]",86,14,-0.0008852632958911248,0.02226043712262082,13,0.023145700418511946,11,"[7, 15]",127,0,0.01619394193324692,0.8883693476704893,0.01619394193324692,0.8883693476704893
pick_coke_can,63,middle,harm,40,17,0.0037982762690595678,0.012052333486461947,20,0.00825405721740238,42,"[4, 6]",70,20,-0.0022005781163767467,0.012793087143799302,17,0.014993665260176049,15,"[9, 6]",150,0,0.0,0.9372509923416431,0.0,0.9372509923416431
pick_coke_can,64,early,both_success,9,15,0.015313402157535627,0.016693590730771705,18,0.0013801885732360776,113,"[6, 7]",103,18,-0.00669541863524779,0.018058457018444583,16,0.024753875653692373,11,"[5, 14]",94,0,0.041882427680679395,0.8631437456558243,0.041882427680679395,0.8631437456558243
pick_coke_can,64,late,both_success,70,22,0.002544084920417894,0.010187343540720886,24,0.007643258620302992,41,"[4, 11]",75,24,-0.00849192665599713,0.010885650035040677,22,0.019377576691037807,11,"[15, 6]",246,0,0.0,0.9876800467023773,0.0,0.9876800467023773
pick_coke_can,66,late,both_fail,70,8,0.0032805232971446913,0.028837689426659874,9,0.025557166129515183,10,"[3, 7]",55,9,0.0006138462492003526,0.030130832983387226,8,0.029516986734186873,6,"[5, 6]",86,0,0.0,0.7215511732265568,0.0,0.7215511732265568
pick_coke_can,67,middle,both_fail,40,5,0.015014345283869274,0.02114711941366401,8,0.006132774129794739,54,"[4, 9]",73,8,-0.006304609291673133,0.023062310818090598,7,0.02936692010976373,3,"[8, 12]",140,0,0.0,0.9742518577072928,0.0,0.9742518577072928
pick_coke_can,68,late,harm,70,25,0.001824881668944049,0.008721654508784257,27,0.006896772839840208,28,"[3, 4]",52,26,-0.0022124728704084867,0.008904308590243966,24,0.011116781460652453,21,"[12, 6]",198,0,0.0,0.9886312186971209,0.0,0.9886312186971209
pick_coke_can,69,middle,both_fail,40,21,0.0012637008472276513,0.007398433784026469,22,0.006134732936798818,29,"[1, 13]",29,22,-0.0012760958485177835,0.00799974923184643,21,0.009275845080364213,21,"[8, 10]",138,0,0.0,0.9573644529559544,0.0,0.9573644529559544
pick_coke_can,69,late,both_fail,70,19,0.0011135215583349097,0.00849083073630461,20,0.007377309177969701,28,"[5, 12]",92,20,-0.0009413179025787432,0.008791685539609826,19,0.00973300344218857,18,"[2, 12]",44,0,0.0,0.9656557946084711,0.0,0.9656557946084711
pick_coke_can,73,early,both_success,9,9,0.014626520613891613,0.025001570536182696,13,0.010375049922291083,30,"[8, 7]",135,15,-0.0116252833623986,0.026972695074816238,11,0.03859797843721484,4,"[5, 15]",95,0,0.044227059238097194,0.8999773505229681,0.044227059238097194,0.8999773505229681
pick_coke_can,76,early,both_fail,9,21,0.003959237592745519,0.008355186271811286,25,0.0043959486790657665,47,"[9, 5]",149,26,-0.0053273816565729895,0.008551156928497478,23,0.013878538585070467,17,"[9, 13]",157,0,0.09649715107552836,0.9159198814750111,0.005294273597352656,0.9215563490697687
pick_coke_can,76,early,both_fail,9,22,0.00473827329569034,0.007283944170896192,29,0.002545670875205852,67,"[6, 11]",107,25,0.0001433449517058722,0.008811841658869536,22,0.008668496707163664,27,"[4, 15]",79,1,0.0,0.9867313487747077,0.09635180762585474,0.9877135967763176
pick_coke_can,77,middle,both_fail,40,21,0.00894718164296581,0.010425390922675718,32,0.0014782092797099087,109,"[9, 9]",153,26,-0.007055463057641331,0.011811458425632766,24,0.018866921483274096,9,"[5, 11]",91,0,0.0031590756598640912,0.6278197529046765,0.0031590756598640912,0.6278197529046765
pick_coke_can,78,early,harm,9,32,0.003984996157966274,0.005387447983252843,44,0.0014024518252865692,107,"[7, 6]",118,35,-0.0009058172957516087,0.007111474634466217,34,0.008017291930217826,44,"[10, 3]",163,0,0.200059180165932,0.9890496534189079,0.200059180165932,0.9890496534189079
pick_coke_can,78,late,harm,70,62,0.0004879090474885026,0.0022871104709122373,65,0.0017992014234237347,101,"[7, 6]",118,65,-0.0002450490011415571,0.002413270888402796,64,0.0026583198895443532,85,"[4, 12]",76,0,0.0,0.9753004770049786,0.0,0.9753004770049786
pick_coke_can,79,middle,both_fail,40,39,0.0010196473749178783,0.0027006289181764334,47,0.0016809815432585551,85,"[8, 4]",132,45,-0.004662494151022812,0.0028774744714682413,43,0.007539968622491054,28,"[8, 8]",136,0,0.0,0.9844398864814359,0.0,0.9837448919451823
pick_coke_can,79,middle,both_fail,40,41,0.0012247848367459948,0.0024974296218507135,52,0.0012726447851047187,95,"[8, 5]",133,44,-0.003675766852757168,0.0029649505619223954,41,0.006640717414679563,34,"[14, 3]",227,1,0.0,0.9985399163613385,0.0,0.9985524436704771
pick_coke_can,81,late,both_fail,70,12,0.008753642334429938,0.01485620612726045,14,0.006102563792830513,44,"[6, 7]",103,14,-0.0062544984225633045,0.017322962869427232,12,0.023577461291990537,7,"[13, 3]",211,0,0.09964229183687878,0.9820644312131931,0.09964229183687878,0.9820644312131931
pick_coke_can,82,early,both_fail,9,15,0.0058276414506948215,0.014208628127618162,18,0.00838098667692334,34,"[6, 7]",103,16,-0.0011225505041291654,0.014916111452755239,15,0.016038661956884404,14,"[4, 13]",77,0,0.0,0.9554388110797128,0.0,0.9554388110797128
pick_coke_can,82,middle,both_fail,40,21,0.001200844781261777,0.008473463777909107,22,0.00727261899664733,30,"[5, 6]",86,23,-0.006066161686875279,0.008917214521289896,21,0.014983376208165176,15,"[15, 6]",246,0,0.0,0.9916695976587556,0.0,0.9916695976587556
pick_coke_can,83,early,rescue,9,19,0.0026327934767138962,0.009868372197941759,20,0.0072355787212278625,35,"[4, 5]",69,20,-0.008011623694939119,0.010465381442460672,19,0.01847700513739979,14,"[0, 14]",14,0,0.037560758827400176,0.8477463701264089,0.037560758827400176,0.8477463701264089
pick_coke_can,85,middle,both_success,40,16,0.004217773669714569,0.010230049112791274,21,0.006012275443076706,35,"[2, 9]",41,17,-0.0018391051609952212,0.011212988328575457,16,0.013052093489570678,17,"[8, 4]",132,0,0.0,0.9672883977700136,0.0,0.9672883977700136
pick_coke_can,86,early,both_fail,9,13,0.014157404757565195,0.015373237328849432,19,0.0012158325712842374,106,"[4, 5]",69,20,-0.019615460650061898,0.016259093350714574,16,0.03587455400077647,3,"[9, 10]",154,0,0.06883522677453252,0.8850539821429051,0.06660631152227814,0.8304908907488718
pick_coke_can,86,early,both_fail,9,14,0.013234991736627164,0.015322653714539704,20,0.00208766197791254,93,"[4, 6]",70,19,-0.016321017728647746,0.01815794808465352,15,0.03447896581330127,5,"[7, 11]",123,1,0.017374916129252488,0.8682160072577797,0.0,0.6976063769987608
pick_coke_can,86,early,both_fail,9,15,0.010598087825991873,0.014778553364613999,22,0.004180465538622126,59,"[3, 9]",57,18,-0.009486592712548675,0.01906905957323848,14,0.028555652285787155,8,"[0, 1]",1,2,0.34642949886230145,0.835717129217282,0.1197447979116701,0.8742698775642367
pick_coke_can,86,early,both_fail,9,16,0.012192089825513844,0.013562177679070843,23,0.001370087853556999,104,"[6, 6]",102,17,-0.01639125032335863,0.019303425852695077,13,0.03569467617605371,4,"[9, 9]",153,3,0.017374916129252488,0.9106720459505018,0.0,0.9677684490769957
pick_coke_can,86,middle,both_fail,40,16,0.01015056179949242,0.012867076087717005,19,0.002716514288224585,72,"[4, 8]",72,17,-0.003359707008808211,0.016159408819120147,16,0.019519115827928358,13,"[14, 6]",230,0,0.0,0.996572337382621,0.0,0.996572337382621
pick_coke_can,89,early,both_fail,9,11,0.013330159658226377,0.01632184694843502,16,0.0029916872902086417,78,"[6, 7]",103,15,-0.008460080097042511,0.01761212087286771,13,0.026072200969910222,7,"[0, 12]",12,0,0.07630129929383594,0.9515741326365491,0.0031590756598640912,0.9438425194295336
pick_coke_can,89,early,both_fail,9,13,0.011208731574127141,0.01408537536687872,19,0.002876643792751579,79,"[7, 7]",119,14,-0.010485482167677532,0.019379478234531775,12,0.029864960402209307,3,"[5, 13]",93,1,0.014228101613294011,0.9511109705290215,0.06242833578586571,0.9514824056012189
pick_coke_can,90,early,both_fail,9,10,0.01524266642602547,0.017118189479672235,16,0.0018755230536467652,90,"[5, 6]",86,16,-0.005130477042543633,0.018668451739190007,15,0.02379892878173364,7,"[8, 14]",142,0,0.0015795378299320317,0.9349693120115892,0.0015795378299320317,0.9349693120115892
pick_coke_can,90,middle,both_fail,40,53,0.0014543868968900533,0.001837949991665744,66,0.0003835630947756907,125,"[10, 4]",164,67,-0.0019513225544107438,0.0018417560492115564,65,0.0037930786036223002,53,"[0, 9]",9,0,0.0,0.9906296899480789,0.0,0.9899850310407508
pick_coke_can,90,middle,both_fail,40,59,0.0011046267180059694,0.001634560906766887,68,0.0005299341887609177,114,"[10, 5]",165,66,-0.0018005472692555907,0.0018677999741208674,64,0.003668347243376458,55,"[0, 13]",13,1,0.0,0.968978500183657,0.0,0.9740746053331204
pick_coke_can,90,late,both_fail,70,23,0.003198263888372084,0.00792521438410248,29,0.0047269504957303966,51,"[8, 8]",136,25,-0.004188847975600088,0.0092418293258043,24,0.013430677301404388,17,"[14, 5]",229,0,0.0,0.9953485778170663,0.0,0.9953485778170663
pick_coke_can,91,middle,both_success,40,58,0.000440390949862299,0.002053199904870898,61,0.0016128089550085992,79,"[10, 4]",164,59,-0.0002615792829031788,0.002168589848748501,58,0.00243016913165168,66,"[15, 7]",247,0,0.0,0.9961578968678189,0.0,0.9961578968678189
pick_coke_can,92,early,harm,9,13,0.009533973433645256,0.016238652389156276,16,0.006704678955511019,45,"[12, 11]",203,16,-0.0017173456296622931,0.017263377326739222,15,0.018980722956401515,14,"[8, 15]",143,0,0.038858073915029406,0.8708882954867636,0.038858073915029406,0.8708882954867636
pick_coke_can,92,late,harm,70,15,0.004924415085668869,0.012983969099562925,20,0.008059554013894056,37,"[8, 10]",138,17,-0.0016166883699330371,0.014418332432351254,16,0.01603502080228429,17,"[6, 15]",111,0,0.0,0.924565103856145,0.0,0.924565103856145
pick_coke_can,95,early,rescue,9,6,0.02072112941817865,0.03144761412916909,8,0.01072648471099044,28,"[6, 4]",100,7,0.0003578820355270018,0.03420883615733423,6,0.03385095412180723,4,"[5, 14]",94,0,0.0,0.5733041731331453,0.0,0.5733041731331453
pick_coke_can,96,early,rescue,9,13,0.016299388714638905,0.021226953210101488,15,0.004927564495462584,60,"[4, 11]",75,14,-0.0038212816446487503,0.024855174052214747,13,0.028676455696863497,5,"[1, 15]",31,0,0.07720612518148724,0.9636089497489934,0.07720612518148724,0.9636089497489934
pick_coke_can,96,middle,rescue,40,10,0.008527698697372032,0.02021718326059877,11,0.01168948456322674,26,"[6, 5]",101,12,-0.008059151971711424,0.020341797939298755,10,0.02840094991101018,5,"[13, 3]",211,0,0.0,0.8797942432036315,0.0,0.8797942432036315
pick_coke_can,96,late,rescue,70,27,0.003152512192152297,0.006475973255371655,35,0.003323461063219358,68,"[6, 6]",102,30,-0.0018626427742897385,0.0077385069840663475,28,0.009601149758356086,29,"[13, 5]",213,0,0.0,0.9409800775549058,0.0,0.9409800775549058
pick_coke_can,98,early,both_success,9,12,0.017102749244333332,0.02279759266180706,15,0.005694843417473726,51,"[8, 8]",136,17,-0.010498534031696514,0.02353629142487627,14,0.034034825456572784,5,"[6, 14]",110,0,0.0,0.5669694162460888,0.004738613489796123,0.5422668574878604
pick_coke_can,98,early,both_success,9,14,0.010187942874956968,0.021361078685265635,18,0.011173135810308666,26,"[8, 10]",138,15,0.0005544417458069398,0.02584793168632402,13,0.02529348994051708,8,"[8, 14]",142,1,0.004738613489796123,0.9466764660853529,0.0,0.9881976057857421
