split,task,seed,layer,states,top_alignment,bottom_alignment,wrong_prompt_alignment,random_alignment,top_strength_ratio,top_minus_random,top_minus_bottom,top_minus_wrong_prompt,causal_margin
exploration,move_near,1,0,3,0.46625047121143454,0.07315593817343495,0.46625047121143454,0.13699245247805478,0.6096780314853034,0.32925801873337973,0.3930945330379996,0.0,-0.047286171223090236
exploration,move_near,1,1,3,0.5083083596083581,-0.2007634078309487,0.5031517359284216,0.13699245247805478,0.542386417781683,0.3713159071303032,0.7090717674393067,0.005156623679936523,0.005156623679936523
exploration,move_near,1,2,3,0.4952549044774004,0.20020894990896818,0.4686410485671309,0.13699245247805478,0.6917957009943628,0.3582624519993456,0.29504595456843224,0.026613855910269504,0.00541026689500107
exploration,move_near,1,3,3,0.4750746078281245,-0.06570797249738167,0.42855135940659955,0.13699245247805478,0.7629257349933193,0.3380821553500697,0.5407825803255061,0.04652324842152491,0.04652324842152491
exploration,move_near,1,4,3,0.43553184915386095,0.2395720020201749,0.3871586529627471,0.13699245247805478,0.7171960979526073,0.29853939667580615,0.1959598471336861,0.048373196191113854,0.031981829000864236
exploration,move_near,1,5,3,0.4519866531306939,0.08430423940871128,0.4519866531306939,0.13699245247805478,0.7632910683882029,0.3149942006526391,0.3676824137219827,0.0,0.0
exploration,move_near,1,6,3,0.3756455901208098,0.11847234155242385,0.49623792325828503,0.13699245247805478,0.626585788624494,0.23865313764275498,0.2571732485683859,-0.12059233313747532,-0.12059233313747532
exploration,move_near,1,7,3,0.32539615892492335,0.05211260578014981,0.43583634434394297,0.13699245247805478,0.519145440935942,0.18840370644686857,0.27328355314477354,-0.11044018541901955,-0.12323805372874257
exploration,move_near,1,8,3,0.5003061004440239,0.0038022592839033384,0.6838125129427958,0.13699245247805478,0.5488408797829468,0.3633136479659691,0.49650384116012064,-0.18350641249877186,-0.18350641249877186
exploration,move_near,1,9,3,0.23630824066665268,0.10454419623859068,0.31452917421771903,0.13699245247805478,0.5187192133471473,0.09931578818859788,0.13176404442806197,-0.07822093355106637,-0.0860206722744812
exploration,move_near,1,10,3,0.3399878961082145,-0.03333719370273288,0.40215752285856804,0.13699245247805478,0.5366490150412947,0.20299544363015973,0.3733250898109473,-0.06216962675035359,-0.0932639042133419
exploration,move_near,1,11,3,0.35221972926834355,-0.08616705120412006,0.4272072256480719,0.13699245247805478,0.547093450785651,0.21522727679028875,0.43838678047246366,-0.07498749637972839,-0.07498749637972839
exploration,move_near,1,12,3,0.3109354847024712,0.05509257733684464,0.4068255659198579,0.13699245247805478,0.5568462880963491,0.17394303222441643,0.25584290736562654,-0.09589008121738679,-0.09589008121738679
exploration,move_near,1,13,3,0.37009903478564427,0.08307547706144965,0.2113742702160897,0.13699245247805478,0.5691299340144848,0.23310658230758943,0.2870235577241946,0.15872476456955453,0.10241213461408895
exploration,move_near,1,14,3,0.3714179447339208,0.014225173669253533,0.1593718516299398,0.13699245247805478,0.5591363977591962,0.2344254922558661,0.35719277106466735,0.21204609310398106,0.13767204708444566
exploration,move_near,1,15,3,0.3083295894392384,0.015075452615973012,0.40402221346940353,0.13699245247805478,0.4859203791042647,0.1713371369611836,0.2932541368232654,-0.09569262403016514,-0.09569262403016514
exploration,move_near,1,16,3,0.19789627426771758,-0.17355573263922394,0.4115187108497225,0.13699245247805478,0.4696546952172662,0.06090382178966277,0.3714520069069415,-0.213622436582005,-0.23977843220467732
exploration,move_near,1,17,3,0.23279767943831522,-0.03997909012110892,0.3980877867614853,0.13699245247805478,0.4567372146757113,0.09580522696026045,0.27277676955942415,-0.16529010732317007,-0.16529010732317007
exploration,move_near,1,18,3,0.17053225348238843,0.04855841847002489,0.3420818288749903,0.13699245247805478,0.4805091522943024,0.033539801004333646,0.12197383501236352,-0.17154957539260188,-0.17154957539260188
exploration,move_near,1,19,3,0.19436789918141129,0.06238992722400627,0.30255833391900494,0.13699245247805478,0.499443032911512,0.05737544670335649,0.131977971957405,-0.1081904347375937,-0.11234071053108659
exploration,move_near,1,20,3,0.15809082804391292,0.145540715364689,0.0799964321004434,0.13699245247805478,0.4637430687271859,0.021098375565858103,0.01255011267922391,0.0780943959434695,-0.05067976357100504
exploration,move_near,1,21,3,0.21880839324804938,0.012505258742974498,0.2795996250993187,0.13699245247805478,0.49556504016218833,0.08181594076999459,0.20630313450507487,-0.060791231851269306,-0.2054760122912064
exploration,move_near,1,22,3,0.1391614339057529,0.35923470575449135,0.3016256617462126,0.13699245247805478,0.5110061555387803,0.002168981427698132,-0.22007327184873846,-0.1624642278404597,-0.28639087969476135
exploration,move_near,1,23,3,0.27891937889805235,0.022687284891493003,0.19944683538880933,0.13699245247805478,0.5086487854373926,0.14192692641999752,0.2562320940065593,0.07947254350924299,0.018996723230140882
exploration,move_near,1,24,3,0.178317871029427,0.21707616623832157,0.23996672047321146,0.13699245247805478,0.5018878760966449,0.04132541855137223,-0.03875829520889457,-0.06164884944378446,-0.21141454051896524
exploration,move_near,1,25,3,0.11825309832782403,0.002149617580178953,0.17602493833345548,0.13699245247805478,0.4932089509355158,-0.018739354150230748,0.1161034807476451,-0.05777184000563148,-0.1434942286957133
exploration,move_near,1,26,3,0.20002497159888752,0.28922513611915235,0.16758389127398524,0.13699245247805478,0.48633580334510684,0.06303251912083273,-0.08920016452026484,0.03244108032490225,-0.1438124334009608
exploration,move_near,1,27,3,0.18219817094676183,0.1887324148426287,0.18342182058526166,0.13699245247805478,0.5074910915411935,0.045205718468707044,-0.006534243895866885,-0.0012236496384998529,-0.09592475179032388
exploration,move_near,1,28,3,0.23544855605974602,0.024756729994817688,0.25564664295577905,0.13699245247805478,0.4990307640632549,0.09845610358169121,0.2106918260649283,-0.020198086896033043,-0.059919059489683825
exploration,move_near,1,29,3,0.11490890799287784,-0.017250575774535138,0.18453176233142976,0.13699245247805478,0.5244580867867147,-0.022083544485176937,0.13215948376741296,-0.06962285433855193,-0.17774802830953176
exploration,move_near,1,30,3,0.202952804982051,-0.14792145113811553,0.20646401139791415,0.13699245247805478,0.5066185886722151,0.06596035250399622,0.35087425612016654,-0.0035112064158631822,-0.07226191131398364
exploration,move_near,1,31,3,0.13914384988914727,-0.025421309388102536,0.2654194543427692,0.13699245247805478,0.5039467779900135,0.0021513974110924836,0.1645651592772498,-0.12627560445362193,-0.19920208810497986
exploration,move_near,2,0,3,0.1262766146450046,0.16958751065545394,0.053833184430860825,-0.016428364061341943,1.2341234065465303,0.14270497870634652,-0.04331089601044935,0.07244343021414375,-0.062989508192469
exploration,move_near,2,1,3,0.09277780211491964,0.14324283727376713,0.09388951587962434,-0.016428364061341943,1.182700582778064,0.1092061661762616,-0.05046503515884748,-0.0011117137647046933,-0.12145039248660407
exploration,move_near,2,2,3,0.07277014798854882,0.10367781409423756,0.022348035726929966,-0.016428364061341943,1.30613246291514,0.08919851204989078,-0.030907666105688722,0.05042211226161886,-0.06203265346405399
exploration,move_near,2,3,3,0.21775868239531707,0.12320753941286929,0.1591966901682035,-0.016428364061341943,1.209306864527038,0.23418704645665897,0.09455114298244778,0.058561992227113537,-0.03756946165748343
exploration,move_near,2,4,3,0.015602082479372864,0.12108886801339025,0.09207250904929243,-0.016428364061341943,1.5161251934041886,0.032030446540714796,-0.1054867855340174,-0.07647042656991955,-0.1539408121286655
exploration,move_near,2,5,3,-0.03370492001552436,0.1053751636326969,-0.036331316629548936,-0.016428364061341943,1.4587859570932151,-0.017276555954182427,-0.1390800836482213,0.0026263966140245795,-0.22168837767831626
exploration,move_near,2,6,3,0.10911175121282557,0.10334335713534504,0.04384375578183006,-0.016428364061341943,1.2323122749060431,0.1255401152741675,0.005768394077480532,0.0652679954309955,-0.07750226869580028
exploration,move_near,2,7,3,0.08243875754458868,0.10528527299733265,0.14104620025693718,-0.016428364061341943,1.3093572178956956,0.09886712160593063,-0.02284651545274397,-0.058607442712348516,-0.1088514025875224
exploration,move_near,2,8,3,0.22013743433656766,0.1983411304806584,0.24167937617239046,-0.016428364061341943,1.2625805543734752,0.23656579839790962,0.02179630385590924,-0.02154194183582281,-0.06342149428196787
exploration,move_near,2,9,3,0.29465034794954853,0.11049624446575353,0.0993465313342574,-0.016428364061341943,1.091528899969818,0.3110787120108905,0.18415410348379502,0.19530381661529114,0.10766206487500111
exploration,move_near,2,10,3,0.24886833385487728,0.03981631429476852,0.08536758602112342,-0.016428364061341943,1.3565402669925246,0.26529669791621924,0.20905201956010877,0.16350074783375387,0.05129751433498491
exploration,move_near,2,11,3,0.26664245036558903,0.2089764399825361,0.17821285903230835,-0.016428364061341943,1.4050851661938966,0.283070814426931,0.05766601038305297,0.08842959133328071,-0.06610538274755796
exploration,move_near,2,12,3,0.1318073856306353,0.23053532398685653,0.2780941759913607,-0.016428364061341943,1.245727773011793,0.14823574969197725,-0.09872793835622125,-0.14628679036072542,-0.25820686566432344
exploration,move_near,2,13,3,0.253986108669849,0.23834550520818146,0.1806690330781484,-0.016428364061341943,1.2723824842522926,0.27041447273119096,0.01564060346166753,0.07331707559170057,-0.09470258755421691
exploration,move_near,2,14,3,0.25376213014816046,0.10176195401808412,0.14876291121456864,-0.016428364061341943,1.333041962509554,0.2701904942095024,0.15200017613007635,0.10499921893359182,0.03190483221983048
exploration,move_near,2,15,3,0.07101498491146539,0.23217602922861613,0.11073915016336078,-0.016428364061341943,1.2283944241278644,0.08744334897280732,-0.16116104431715073,-0.03972416525189539,-0.21040302253905238
exploration,move_near,2,16,3,0.09629501292841774,0.18442241134770784,0.009199342365742528,-0.016428364061341943,1.2623183140837917,0.11272337698975969,-0.08812739841929007,0.08709567056267524,-0.12438439113947782
exploration,move_near,2,17,3,0.2971000455818915,0.040726139717967756,0.23091549843237524,-0.016428364061341943,1.0181082301831765,0.3135284096432334,0.2563739058639238,0.06618454714951627,0.03081142097706671
exploration,move_near,2,18,3,0.27489543456763743,-0.004317727332701083,0.10334402487601402,-0.016428364061341943,1.0469432641555998,0.29132379862897934,0.27921316190033846,0.17155140969162339,0.09708158509177507
exploration,move_near,2,19,3,0.11992435779090382,0.0636288132283601,0.14753249710520167,-0.016428364061341943,0.9011077087246105,0.13635272185224578,0.056295544562543744,-0.02760813931429783,-0.12364357741838426
exploration,move_near,2,20,3,0.10860099042833372,-0.0865076834873163,0.13536617235160367,-0.016428364061341943,0.851160458134672,0.12502935448967567,0.19510867391565,-0.02676518192326996,-0.13306633176631225
exploration,move_near,2,21,3,0.09679678641476804,0.010994186359574193,0.129652205905688,-0.016428364061341943,0.9556377854285016,0.11322515047611,0.08580260005519386,-0.03285541949091994,-0.129328291341009
exploration,move_near,2,22,3,0.05872235870096998,0.09847246389725069,0.03359942411727065,-0.016428364061341943,0.9835121469845144,0.07515072276231191,-0.039750105196280715,0.025122934583699335,-0.11969618297522651
exploration,move_near,2,23,3,0.013814473281686031,0.3307466302309538,0.0017433511610981227,-0.016428364061341943,1.0642993280606874,0.030242837343027962,-0.31693215694926774,0.01207112212058791,-0.31980419750475636
exploration,move_near,2,24,3,0.08874284873025662,-0.08602869588614477,0.07419340889663384,-0.016428364061341943,1.0678496993934998,0.10517121279159856,0.1747715446164014,0.014549439833622774,-0.10205047600607435
exploration,move_near,2,25,3,0.022016310688712376,0.05785293567603545,0.0629390066623813,-0.016428364061341943,0.9987989938527946,0.03844467475005433,-0.035836624987323075,-0.040922695973668925,-0.23562925921092573
exploration,move_near,2,26,3,0.09684763152058318,0.20076714266522075,0.08653865086445163,-0.016428364061341943,0.9866008684787978,0.11327599558192514,-0.10391951114463759,0.010308980656131561,-0.14255457417218995
exploration,move_near,2,27,3,0.013060467602518439,0.07804416805821537,0.032688989893074206,-0.016428364061341943,0.9776794552291012,0.029488831663860387,-0.06498370045569693,-0.019628522290555766,-0.20630693159670396
exploration,move_near,2,28,3,-0.0029762047975331607,0.16578074404581175,-0.0023965543050558785,-0.016428364061341943,1.0080917781527063,0.013452159263808772,-0.1687569488433449,-0.0005796504924772822,-0.25203641004496186
exploration,move_near,2,29,3,0.05692136663659072,-0.10584171602986536,0.062119761302225955,-0.016428364061341943,0.9436810757357016,0.07334973069793267,0.16276308266645606,-0.005198394665635241,-0.12957154399981727
exploration,move_near,2,30,3,0.06706168384846627,0.22761423246667048,0.07673885423095324,-0.016428364061341943,0.8221663181953444,0.08349004790980818,-0.1605525486182042,-0.009677170382486963,-0.18329934951863613
exploration,move_near,2,31,3,0.0659706585680768,0.0182084587281611,0.07061946443310078,-0.016428364061341943,0.8155726525105936,0.08239902262941874,0.0477621998399157,-0.004648805865023993,-0.10442642169791272
exploration,move_near,31,0,3,0.4352723882648985,0.1552550098848137,0.4352723882648985,-0.028973838248340628,0.9764462843108714,0.46424622651323905,0.2800173783800848,0.0,0.0
exploration,move_near,31,1,3,0.4066264030546201,-0.030553135117962565,0.40039583317684463,-0.028973838248340628,1.0321020152659568,0.43560024130296077,0.4371795381725827,0.006230569877775538,0.006230569877775538
exploration,move_near,31,2,3,0.3304447556540224,0.10032151501625745,0.36589026664764385,-0.028973838248340628,1.0343328809374943,0.3594185939023631,0.23012324063776493,-0.03544551099362144,-0.03544551099362144
exploration,move_near,31,3,3,0.3635910893488828,0.21704537806575439,0.37254637994446776,-0.028973838248340628,1.1341883546804397,0.39256492759722345,0.1465457112831284,-0.00895529059558505,-0.00895529059558505
exploration,move_near,31,4,3,0.3909482576754651,0.09210934473483977,0.3900346946017062,-0.028973838248340628,1.1932627647281293,0.41992209592380575,0.2988389129406253,0.000913563073758857,0.000913563073758857
exploration,move_near,31,5,3,0.4046002878838517,0.23177189016162267,0.36847175553284045,-0.028973838248340628,1.1209816291566757,0.4335741261321923,0.172828397722229,0.03612853235101127,0.001308317338558777
exploration,move_near,31,6,3,0.3635216076214624,0.11071004571652611,0.36477235410690523,-0.028973838248340628,1.0692563129665473,0.39249544586980306,0.2528115619049363,-0.0012507464854428219,-0.023422117016636084
exploration,move_near,31,7,3,0.5069599455393989,0.3657280645867383,0.5426660981309234,-0.028973838248340628,1.0085338851768137,0.5359337837877395,0.14123188095266062,-0.03570615259152449,-0.03570615259152449
exploration,move_near,31,8,3,0.3887045054358269,0.05036400961097628,0.39842783159064976,-0.028973838248340628,0.9863923975768542,0.41767834368416756,0.3383404958248506,-0.009723326154822817,-0.009723326154822817
exploration,move_near,31,9,3,0.43099346974118813,0.07396957161096253,0.454059877155923,-0.028973838248340628,1.0587416887380463,0.4599673079895288,0.3570238981302256,-0.023066407414734886,-0.023066407414734886
exploration,move_near,31,10,3,0.4252902656729714,0.12243727479155629,0.4058841129919262,-0.028973838248340628,1.0531719405525353,0.45426410392131206,0.3028529908814152,0.019406152681045164,0.019406152681045164
exploration,move_near,31,11,3,0.47130655870037125,0.028361969383203456,0.47970516287393883,-0.028973838248340628,1.1292326351188169,0.5002803969487118,0.44294458931716774,-0.008398604173567636,-0.008398604173567636
exploration,move_near,31,12,3,0.3808788983775564,0.040460811534844376,0.408621444863191,-0.028973838248340628,1.1321604442484026,0.40985273662589705,0.340418086842712,-0.027742546485634557,-0.027742546485634557
exploration,move_near,31,13,3,0.4158675506446756,0.024719726883644533,0.40803137473909407,-0.028973838248340628,1.1286186054993326,0.4448413888930163,0.3911478237610311,0.007836175905581527,-0.025154687535354492
exploration,move_near,31,14,3,0.4262454413636787,0.14706169859116858,0.41876238547274247,-0.028973838248340628,1.1376115726570464,0.45521927961201936,0.2791837427725101,0.00748305589093623,0.00748305589093623
exploration,move_near,31,15,3,0.4046259473999397,0.11262149558547614,0.40735268955246107,-0.028973838248340628,1.0732909284798924,0.4335997856482803,0.2920044518144636,-0.0027267421525213748,-0.08342446075440102
exploration,move_near,31,16,3,0.38086864019748257,0.20582092325237464,0.4064529072785768,-0.028973838248340628,0.9749359444349226,0.4098424784458232,0.1750477169451079,-0.025584267081094226,-0.059315816584940735
exploration,move_near,31,17,3,0.3210856312620577,0.1856302641904899,0.3476896272385412,-0.028973838248340628,0.89591657866878,0.3500594695103983,0.13545536707156783,-0.02660399597648346,-0.02660399597648346
exploration,move_near,31,18,3,0.41863288613240224,0.09037845763314283,0.3711825377759112,-0.028973838248340628,0.9129244250623594,0.4476067243807429,0.32825442849925945,0.047450348356491055,0.047450348356491055
exploration,move_near,31,19,3,0.38108083477143956,0.12084942690968947,0.33364853081166895,-0.028973838248340628,0.8231326321757063,0.4100546730197802,0.2602314078617501,0.04743230395977057,0.031824537170478284
exploration,move_near,31,20,3,0.4180304379315484,0.04343928330384409,0.39954435312608133,-0.028973838248340628,0.7519142947738021,0.4470042761798891,0.3745911546277043,0.018486084805467096,0.018486084805467096
exploration,move_near,31,21,3,0.34715626272703876,0.03382421666399733,0.32511288345990735,-0.028973838248340628,0.8991339952202009,0.3761301009753793,0.3133320460630414,0.02204337926713133,0.02204337926713133
exploration,move_near,31,22,3,0.37404766430036135,0.14345824275742966,0.38703937648746467,-0.028973838248340628,0.8884282068125918,0.403021502548702,0.2305894215429317,-0.012991712187103313,-0.012991712187103313
exploration,move_near,31,23,3,0.3349708123014444,0.010296009678405854,0.3665437983466117,-0.028973838248340628,0.8560152607783366,0.36394465054978503,0.32467480262303855,-0.031572986045167305,-0.031572986045167305
exploration,move_near,31,24,3,0.36386366481750193,0.03268826687915346,0.37420934217361945,-0.028973838248340628,0.8454276601199237,0.3928375030658426,0.33117539793834844,-0.010345677356117597,-0.010345677356117597
exploration,move_near,31,25,3,0.3707507702184047,0.05131847846786869,0.368171255485056,-0.028973838248340628,0.7796511749788043,0.39972460846674523,0.31943229175053595,0.0025795147333486277,0.0025795147333486277
exploration,move_near,31,26,3,0.35639429286575175,-0.11472212589046389,0.37836366406998295,-0.028973838248340628,0.7891044387959689,0.38536813111409235,0.4711164187562156,-0.021969371204231213,-0.021969371204231213
exploration,move_near,31,27,3,0.3234045616631991,-0.04543071323780592,0.34042528480571765,-0.028973838248340628,0.7689424376943276,0.3523783999115397,0.36883527490100504,-0.01702072314251858,-0.01702072314251858
exploration,move_near,31,28,3,0.3671838912437433,-0.06932594272585284,0.36081155024895,-0.028973838248340628,0.7957912154910697,0.39615772949208394,0.4365098339695961,0.006372340994793261,0.006372340994793261
exploration,move_near,31,29,3,0.3825127477059654,-0.01770320388344519,0.39219316874629717,-0.028973838248340628,0.8532969588471543,0.41148658595430604,0.4002159515894106,-0.00968042104033178,-0.00968042104033178
exploration,move_near,31,30,3,0.3791377525789612,0.06795865793165323,0.3838818869658936,-0.028973838248340628,0.7688769418652733,0.40811159082730186,0.31117909464730803,-0.004744134386932404,-0.004744134386932404
exploration,move_near,31,31,3,0.34586324444582806,0.06042668274356535,0.35716097558895804,-0.028973838248340628,0.7162046950187714,0.37483708269416866,0.28543656170226267,-0.011297731143130022,-0.011297731143130022
exploration,move_near,73,0,3,0.5382615823557687,-0.0078996913670428,0.5382615823557687,0.07393389642959552,1.1573715281099062,0.46432768592617313,0.5461612737228114,0.0,0.0
exploration,move_near,73,1,3,0.5502827088371279,-0.1392421352603692,0.5616755805015158,0.07393389642959552,1.1372788906727271,0.4763488124075324,0.6895248440974971,-0.011392871664387813,-0.011392871664387813
exploration,move_near,73,2,3,0.5040588469286262,0.04744118575922036,0.4861512749588552,0.07393389642959552,1.0130984217285937,0.4301249504990307,0.4566176611694059,0.01790757196977107,0.01790757196977107
exploration,move_near,73,3,3,0.5095113884162886,0.08812289717835631,0.5101897855583303,0.07393389642959552,1.0819635382140351,0.43557749198669304,0.42138849123793226,-0.0006783971420416349,-0.0006783971420416349
exploration,move_near,73,4,3,0.5364859640192466,0.16058843311051196,0.5439254640638191,0.07393389642959552,1.1013173861987466,0.4625520675896511,0.3758975309087347,-0.007439500044572556,-0.007439500044572556
exploration,move_near,73,5,3,0.5355923688008466,0.22396897450812614,0.5304275868226466,0.07393389642959552,1.125145027050418,0.46165847237125107,0.31162339429272046,0.0051647819782000655,0.0051647819782000655
exploration,move_near,73,6,3,0.5660517594945936,0.196947552718965,0.5434126221933319,0.07393389642959552,1.095484568016843,0.49211786306499805,0.36910420677562855,0.022639137301261696,0.022639137301261696
exploration,move_near,73,7,3,0.5121669521771929,0.14708232110145003,0.3959100883803714,0.07393389642959552,1.029759510896224,0.43823305574759736,0.3650846310757429,0.11625686379682153,0.11625686379682153
exploration,move_near,73,8,3,0.4325730282023012,0.15038461091206176,0.4738702229544098,0.07393389642959552,1.0793582211741108,0.3586391317727056,0.28218841729023947,-0.04129719475210858,-0.04129719475210858
exploration,move_near,73,9,3,0.5305332153059618,0.11173406130676772,0.4984471266329013,0.07393389642959552,1.042254012557468,0.45659931887636623,0.41879915399919393,0.03208608867306049,0.03208608867306049
exploration,move_near,73,10,3,0.5747889311522165,0.21707516012504224,0.5646038437771862,0.07393389642959552,1.149091906119586,0.500855034722621,0.3577137710271743,0.010185087375030433,0.010185087375030433
exploration,move_near,73,11,3,0.2986894373268652,0.03343725033894513,0.535655982594328,0.07393389642959552,1.0630098524356588,0.22475554089726968,0.26525218698792014,-0.23696654526746289,-0.23696654526746289
exploration,move_near,73,12,3,0.52299248184551,0.0887495748915615,0.5475225950037714,0.07393389642959552,1.155431040565023,0.44905858541591437,0.4342429069539484,-0.024530113158261518,-0.024530113158261518
exploration,move_near,73,13,3,0.545528223165287,-0.054205156721717,0.5405746805684278,0.07393389642959552,1.2504350714313894,0.47159432673569146,0.599733379887004,0.004953542596859224,0.004953542596859224
exploration,move_near,73,14,3,0.4099909059797145,0.06526564193154817,0.47608890361276196,0.07393389642959552,1.0339829825428264,0.3360570095501189,0.34472526404816634,-0.06609799763304747,-0.06609799763304747
exploration,move_near,73,15,3,0.5861624975071101,0.025145197678895777,0.5815366128738692,0.07393389642959552,1.1252003854067334,0.5122286010775147,0.5610172998282144,0.004625884633241058,0.004625884633241058
exploration,move_near,73,16,3,0.5865596301541239,0.027285859833133506,0.5808893615788301,0.07393389642959552,1.1679888732589438,0.5126257337245285,0.5592737703209903,0.005670268575293846,0.005670268575293846
exploration,move_near,73,17,3,0.4831875323025907,-0.03306107260660059,0.4524673863651359,0.07393389642959552,1.1079596726289145,0.40925363587299524,0.5162486049091913,0.030720145937454795,0.030720145937454795
exploration,move_near,73,18,3,0.3389542086814081,-0.07244894728971879,0.3878737284517295,0.07393389642959552,1.0344017568547892,0.2650203122518125,0.4114031559711268,-0.04891951977032144,-0.04891951977032144
exploration,move_near,73,19,3,0.4834791808026299,0.06802384198342253,0.4882012857474712,0.07393389642959552,0.9926943536004984,0.40954528437303434,0.41545533881920743,-0.0047221049448412655,-0.0047221049448412655
exploration,move_near,73,20,3,0.34040033001831166,0.17449496881623552,0.3524653024716227,0.07393389642959552,0.8860191359698354,0.2664664335887162,0.16590536120207613,-0.01206497245331109,-0.09299003745920582
exploration,move_near,73,21,3,0.43376430700980695,0.22324048947372163,0.3616618587275487,0.07393389642959552,0.880346158012403,0.3598304105802114,0.21052381753608537,0.0721024482822583,0.007255170112950997
exploration,move_near,73,22,3,0.49389087368176976,0.17457383574446061,0.44155576659660783,0.07393389642959552,0.9937889748841462,0.4199569772521743,0.31931703793730914,0.05233510708516198,0.05233510708516198
exploration,move_near,73,23,3,0.47980579263071926,0.2547189068608439,0.4993834233788081,0.07393389642959552,0.8620530721730674,0.4058718962011238,0.22508688576987534,-0.019577630748088843,-0.019577630748088843
exploration,move_near,73,24,3,0.5254905447631374,0.0976031304828826,0.5114593851003314,0.07393389642959552,0.914290746250074,0.45155664833354187,0.42788741428025473,0.014031159662806048,0.014031159662806048
exploration,move_near,73,25,3,0.4139070084115679,0.09406575989246148,0.4426232089168672,0.07393389642959552,0.7632712319632686,0.3399731119819724,0.31984124851910645,-0.028716200505299272,-0.028716200505299272
exploration,move_near,73,26,3,0.4846476480501322,0.09328124624940655,0.5189572156409367,0.07393389642959552,0.7214460726903398,0.41071375162053664,0.3913664018007256,-0.03430956759080456,-0.03430956759080456
exploration,move_near,73,27,3,0.44780210801153547,-0.032962699771643754,0.48542931423952923,0.07393389642959552,0.6981182524959445,0.3738682115819399,0.4807648077831792,-0.03762720622799378,-0.03762720622799378
exploration,move_near,73,28,3,0.4937298923864488,-0.12107469526531717,0.44793643105116304,0.07393389642959552,0.7237458206018043,0.4197959959568533,0.6148045876517659,0.0457934613352858,0.0457934613352858
exploration,move_near,73,29,3,0.3038396208707818,-0.011145206197436761,0.342488670167625,0.07393389642959552,0.695310454275567,0.2299057244411863,0.3149848270682186,-0.03864904929684316,-0.03864904929684316
exploration,move_near,73,30,3,0.27979231795719245,0.0005619008572166536,0.25044394901009615,0.07393389642959552,0.6437332764324604,0.2058584215275969,0.27923041709997576,0.02934836894709626,0.02934836894709626
exploration,move_near,73,31,3,0.21305453619087364,0.09796420645291082,0.2236759329937834,0.07393389642959552,0.6567789137227314,0.1391206397612781,0.11509032973796281,-0.01062139680290977,-0.0482557602115537
exploration,move_near,95,0,3,0.5382615823557687,-0.0078996913670428,0.5382615823557687,0.15812130899583476,1.1573715281099062,0.3801402733599339,0.5461612737228114,0.0,0.0
exploration,move_near,95,1,3,0.5502827088371279,-0.1392421352603692,0.5616755805015158,0.15812130899583476,1.1372788906727271,0.39216139984129317,0.6895248440974971,-0.011392871664387813,-0.011392871664387813
exploration,move_near,95,2,3,0.5040588469286262,0.04744118575922036,0.4861512749588552,0.15812130899583476,1.0130984217285937,0.34593753793279153,0.4566176611694059,0.01790757196977107,0.01790757196977107
exploration,move_near,95,3,3,0.5095113884162886,0.08812289717835631,0.5101897855583303,0.15812130899583476,1.0819635382140351,0.35139007942045386,0.42138849123793226,-0.0006783971420416349,-0.0006783971420416349
exploration,move_near,95,4,3,0.5364859640192466,0.16058843311051196,0.5439254640638191,0.15812130899583476,1.1013173861987466,0.3783646550234119,0.3758975309087347,-0.007439500044572556,-0.007439500044572556
exploration,move_near,95,5,3,0.5355923688008466,0.22396897450812614,0.5304275868226466,0.15812130899583476,1.125145027050418,0.3774710598050118,0.31162339429272046,0.0051647819782000655,0.0051647819782000655
exploration,move_near,95,6,3,0.5660517594945936,0.196947552718965,0.5434126221933319,0.15812130899583476,1.095484568016843,0.4079304504987588,0.36910420677562855,0.022639137301261696,0.022639137301261696
exploration,move_near,95,7,3,0.5121669521771929,0.14708232110145003,0.3959100883803714,0.15812130899583476,1.029759510896224,0.3540456431813581,0.3650846310757429,0.11625686379682153,0.11251925620770446
exploration,move_near,95,8,3,0.4325730282023012,0.15038461091206176,0.4738702229544098,0.15812130899583476,1.0793582211741108,0.27445171920646644,0.28218841729023947,-0.04129719475210858,-0.04129719475210858
exploration,move_near,95,9,3,0.5305332153059618,0.11173406130676772,0.4984471266329013,0.15812130899583476,1.042254012557468,0.372411906310127,0.41879915399919393,0.03208608867306049,0.03208608867306049
exploration,move_near,95,10,3,0.5747889311522165,0.21707516012504224,0.5646038437771862,0.15812130899583476,1.149091906119586,0.4166676221563818,0.3577137710271743,0.010185087375030433,0.010185087375030433
exploration,move_near,95,11,3,0.2986894373268652,0.03343725033894513,0.535655982594328,0.15812130899583476,1.0630098524356588,0.1405681283310305,0.26525218698792014,-0.23696654526746289,-0.23696654526746289
exploration,move_near,95,12,3,0.52299248184551,0.0887495748915615,0.5475225950037714,0.15812130899583476,1.155431040565023,0.3648711728496752,0.4342429069539484,-0.024530113158261518,-0.024530113158261518
exploration,move_near,95,13,3,0.545528223165287,-0.054205156721717,0.5405746805684278,0.15812130899583476,1.2504350714313894,0.3874069141694523,0.599733379887004,0.004953542596859224,0.004953542596859224
exploration,move_near,95,14,3,0.4099909059797145,0.06526564193154817,0.47608890361276196,0.15812130899583476,1.0339829825428264,0.25186959698387973,0.34472526404816634,-0.06609799763304747,-0.06609799763304747
exploration,move_near,95,15,3,0.5861624975071101,0.025145197678895777,0.5815366128738692,0.15812130899583476,1.1252003854067334,0.4280411885112754,0.5610172998282144,0.004625884633241058,0.004625884633241058
exploration,move_near,95,16,3,0.5865596301541239,0.027285859833133506,0.5808893615788301,0.15812130899583476,1.1679888732589438,0.42843832115828917,0.5592737703209903,0.005670268575293846,0.005670268575293846
exploration,move_near,95,17,3,0.4831875323025907,-0.03306107260660059,0.4524673863651359,0.15812130899583476,1.1079596726289145,0.32506622330675594,0.5162486049091913,0.030720145937454795,0.030720145937454795
exploration,move_near,95,18,3,0.3389542086814081,-0.07244894728971879,0.3878737284517295,0.15812130899583476,1.0344017568547892,0.18083289968557334,0.4114031559711268,-0.04891951977032144,-0.04891951977032144
exploration,move_near,95,19,3,0.4834791808026299,0.06802384198342253,0.4882012857474712,0.15812130899583476,0.9926943536004984,0.32535787180679515,0.41545533881920743,-0.0047221049448412655,-0.0047221049448412655
exploration,move_near,95,20,3,0.34040033001831166,0.17449496881623552,0.3524653024716227,0.15812130899583476,0.8860191359698354,0.18227902102247692,0.16590536120207613,-0.01206497245331109,-0.09299003745920582
exploration,move_near,95,21,3,0.43376430700980695,0.22324048947372163,0.3616618587275487,0.15812130899583476,0.880346158012403,0.27564299801397224,0.21052381753608537,0.0721024482822583,0.007255170112950997
exploration,move_near,95,22,3,0.49389087368176976,0.17457383574446061,0.44155576659660783,0.15812130899583476,0.9937889748841462,0.33576956468593505,0.31931703793730914,0.05233510708516198,0.05233510708516198
exploration,move_near,95,23,3,0.47980579263071926,0.2547189068608439,0.4993834233788081,0.15812130899583476,0.8620530721730674,0.3216844836348845,0.22508688576987534,-0.019577630748088843,-0.019577630748088843
exploration,move_near,95,24,3,0.5254905447631374,0.0976031304828826,0.5114593851003314,0.15812130899583476,0.914290746250074,0.3673692357673026,0.42788741428025473,0.014031159662806048,0.014031159662806048
exploration,move_near,95,25,3,0.4139070084115679,0.09406575989246148,0.4426232089168672,0.15812130899583476,0.7632712319632686,0.2557856994157332,0.31984124851910645,-0.028716200505299272,-0.028716200505299272
exploration,move_near,95,26,3,0.4846476480501322,0.09328124624940655,0.5189572156409367,0.15812130899583476,0.7214460726903398,0.32652633905429745,0.3913664018007256,-0.03430956759080456,-0.03430956759080456
exploration,move_near,95,27,3,0.44780210801153547,-0.032962699771643754,0.48542931423952923,0.15812130899583476,0.6981182524959445,0.28968079901570065,0.4807648077831792,-0.03762720622799378,-0.03762720622799378
exploration,move_near,95,28,3,0.4937298923864488,-0.12107469526531717,0.44793643105116304,0.15812130899583476,0.7237458206018043,0.335608583390614,0.6148045876517659,0.0457934613352858,0.0457934613352858
exploration,move_near,95,29,3,0.3038396208707818,-0.011145206197436761,0.342488670167625,0.15812130899583476,0.695310454275567,0.1457183118749471,0.3149848270682186,-0.03864904929684316,-0.07142556857079599
exploration,move_near,95,30,3,0.27979231795719245,0.0005619008572166536,0.25044394901009615,0.15812130899583476,0.6437332764324604,0.12167100896135767,0.27923041709997576,0.02934836894709626,0.003934255112953801
exploration,move_near,95,31,3,0.21305453619087364,0.09796420645291082,0.2236759329937834,0.15812130899583476,0.6567789137227314,0.05493322719503887,0.11509032973796281,-0.01062139680290977,-0.09541698872826686
exploration,move_near,98,0,3,0.25834559221842907,0.08320355358293073,0.18067982692112552,0.08930361623250332,1.0738345744032076,0.16904197598592577,0.17514203863549835,0.07766576529730357,-0.049132019459307556
exploration,move_near,98,1,3,0.27494825379515103,0.16743319981581598,0.2752241349040451,0.08930361623250332,1.0275470951556673,0.1856446375626477,0.10751505397933503,-0.0002758811088941308,-0.10325067487300273
exploration,move_near,98,2,3,0.24353201373510766,0.06898016246079294,0.23646003948155214,0.08930361623250332,1.1176265374318513,0.1542283975026043,0.17455185127431472,0.007071974253555509,-0.030443115880421406
exploration,move_near,98,3,3,0.14440851138419378,0.15495619652806894,0.15170292129961663,0.08930361623250332,1.146825657998961,0.055104895151690446,-0.010547685143875182,-0.007294409915422864,-0.18669703296634557
exploration,move_near,98,4,3,0.15773722738571042,0.14588921051065662,0.16325114056761866,0.08930361623250332,1.0995496268345073,0.06843361115320708,0.011848016875053777,-0.005513913181908264,-0.08547721703833606
exploration,move_near,98,5,3,0.1216236405958856,0.1006560365901349,0.14797525325375616,0.08930361623250332,1.1125093423322825,0.03232002436338224,0.02096760400575068,-0.026351612657870616,-0.13148166914780282
exploration,move_near,98,6,3,0.2887682103390204,0.01574849215914072,0.2872944387925878,0.08930361623250332,1.0533291467806905,0.19946459410651707,0.2730197181798797,0.0014737715464325691,-0.001370464770394449
exploration,move_near,98,7,3,0.2818202930701407,0.1535154958943393,0.3288291645161965,0.08930361623250332,1.1415579042416673,0.1925166768376374,0.12830479717580143,-0.047008871446055776,-0.08722551616153894
exploration,move_near,98,8,3,0.2575481658195597,0.17286625361982944,0.3128300532170381,0.08930361623250332,1.049389671311127,0.16824454958705637,0.08468191219973027,-0.05528188739747841,-0.11493391255520356
exploration,move_near,98,9,3,0.4223044949955372,0.11896711456604425,0.4301174767548955,0.08930361623250332,1.071884933130922,0.3330008787630338,0.30333738042949293,-0.007812981759358314,-0.007812981759358314
exploration,move_near,98,10,3,0.39948576761118276,0.08635320056364426,0.3790306121480529,0.08930361623250332,0.9761773655626236,0.3101821513786795,0.31313256704753856,0.020455155463129964,0.020455155463129964
exploration,move_near,98,11,3,0.5573787419631983,0.14295819804862983,0.49359716534002535,0.08930361623250332,1.2938178800044164,0.4680751257306948,0.4144205439145683,0.06378157662317278,0.06378157662317278
exploration,move_near,98,12,3,0.3870730781343578,-0.003596015948605429,0.43611158205344164,0.08930361623250332,1.0103529284809996,0.29776946190185444,0.3906690940829632,-0.049038503919083876,-0.049038503919083876
exploration,move_near,98,13,3,0.38336609639201463,0.08779897133537075,0.46899574259008975,0.08930361623250332,1.0223180956020304,0.29406248015951125,0.29556712505664384,-0.08562964619807521,-0.08562964619807521
exploration,move_near,98,14,3,0.4940166847657595,0.12964810761469436,0.33366554906679063,0.08930361623250332,1.1149480068818727,0.4047130685332562,0.36436857715106513,0.1603511356989689,0.12686932076343788
exploration,move_near,98,15,3,0.2903315961239548,0.17786746275059706,0.2083465120131136,0.08930361623250332,1.0188573554535987,0.2010279798914514,0.1124641333733577,0.08198508411084117,-0.0038173346722615666
exploration,move_near,98,16,3,0.2901752613108857,0.14219195031260523,0.1786983653098737,0.08930361623250332,1.0063050920646066,0.2008716450783824,0.14798331099828052,0.11147689600101202,0.1031247418570273
exploration,move_near,98,17,3,0.23135947692831962,0.11466121242905847,0.26292819414442586,0.08930361623250332,0.9533422056734443,0.1420558606958163,0.11669826449926118,-0.03156871721610627,-0.04475661780341469
exploration,move_near,98,18,3,0.15419113587692979,0.12289684211930185,0.17656267526583866,0.08930361623250332,0.9862295806020528,0.06488751964442646,0.03129429375762794,-0.022371539388908873,-0.0852462398630206
exploration,move_near,98,19,3,0.17996149125198177,0.0556687844692938,0.20181155530506203,0.08930361623250332,0.8901376056273752,0.0906578750194784,0.12429270678268793,-0.021850064053080296,-0.06737454139852417
exploration,move_near,98,20,3,0.2351955924423534,0.09251144521971601,0.1671349713088419,0.08930361623250332,0.9661187515184023,0.14589197620985006,0.14268414722263742,0.06806062113351154,-0.02269985321209948
exploration,move_near,98,21,3,0.2762290951725163,0.0762611701886955,0.2837496525067677,0.08930361623250332,0.9242228244080869,0.186925478940013,0.1999679249838208,-0.007520557334251364,-0.023238440763051357
exploration,move_near,98,22,3,0.1329188868694557,0.060806985505798335,0.1621127279943129,0.08930361623250332,0.9156012438599683,0.04361527063695234,0.07211190136365735,-0.029193841124857216,-0.1124369592579607
exploration,move_near,98,23,3,0.13369676356426932,0.10666908689998184,0.13405547940815732,0.08930361623250332,0.993886538684232,0.04439314733176602,0.027027676664287514,-0.0003587158438879967,-0.0774104102338693
exploration,move_near,98,24,3,0.17174991353096622,0.11885125338770929,0.17850699856385646,0.08930361623250332,0.9617992049757946,0.08244629729846287,0.05289866014325691,-0.00675708503289026,-0.12198216442627648
exploration,move_near,98,25,3,0.1626475814455671,0.1321916638425513,0.15199116749917868,0.08930361623250332,0.9516012597126228,0.07334396521306376,0.030455917603015803,0.010656413946388407,-0.17646734663756522
exploration,move_near,98,26,3,0.19136591191165775,0.29084878010278725,0.16365392284674568,0.08930361623250332,1.0125686980503166,0.10206229567915441,-0.0994828681911295,0.02771198906491205,-0.2966978723017912
exploration,move_near,98,27,3,0.19606129862733465,0.3188360887230097,0.24373076901078652,0.08930361623250332,0.9185205665768345,0.10675768239483134,-0.12277479009567509,-0.04766947038345188,-0.29435075074812067
exploration,move_near,98,28,3,0.24391701019878406,0.29111022445154805,0.2450323103420936,0.08930361623250332,0.9263792224794031,0.1546133939662807,-0.047193214252764015,-0.0011153001433095537,-0.2500049407239633
exploration,move_near,98,29,3,0.25342520448743305,-0.011913846683631962,0.2713875832466128,0.08930361623250332,0.8770217496775387,0.16412158825492967,0.265339051171065,-0.01796237875917973,-0.025467211765144288
exploration,move_near,98,30,3,0.1929163119635454,0.03380136316843325,0.18775346539173277,0.08930361623250332,0.957030249506753,0.10361269573104204,0.1591149487951121,0.005162846571812633,-0.06663413076705706
exploration,move_near,98,31,3,0.2877661584360775,0.2621002495729094,0.29524877719398684,0.08930361623250332,0.9099263679977265,0.19846254220357418,0.025665908863168108,-0.0074826187579093055,-0.19570938420712392
exploration,move_near,99,0,3,0.25343355409330287,0.05614165910567414,0.25343355409330287,0.029111105497289624,0.9161465799912074,0.22432244859601322,0.1972918949876287,0.0,0.0
exploration,move_near,99,1,3,0.24477213948697715,0.018012093560097864,0.24400685908742092,0.029111105497289624,0.9274677690224928,0.21566103398968753,0.22676004592687926,0.0007652803995562377,-0.007163727399122975
exploration,move_near,99,2,3,0.14616050651196247,-0.02519483852073519,0.20770047537326555,0.029111105497289624,0.7725071817203775,0.11704940101467283,0.17135534503269767,-0.06153996886130309,-0.0647567161790955
exploration,move_near,99,3,3,0.2720377581429023,0.042475781003634035,0.27367986570227876,0.029111105497289624,0.9962726363016644,0.24292665264561264,0.2295619771392683,-0.001642107559376475,-0.001642107559376475
exploration,move_near,99,4,3,0.3115963930340538,0.03910748708496284,0.3200831988567053,0.029111105497289624,1.0186989332630367,0.2824852875367642,0.272488905949091,-0.008486805822651452,-0.008486805822651452
exploration,move_near,99,5,3,0.2575171815300626,0.08774904989773395,0.2576347706287356,0.029111105497289624,1.0048263900647214,0.22840607603277296,0.16976813163232865,-0.00011758909867298772,-0.00011758909867298772
exploration,move_near,99,6,3,0.313493284211115,0.09479799965503123,0.30547521397369776,0.029111105497289624,1.140076646057281,0.2843821787138254,0.2186952845560838,0.00801807023741725,0.00801807023741725
exploration,move_near,99,7,3,0.29576721798053246,0.09176950666881235,0.294173304553846,0.029111105497289624,0.9599514495380143,0.2666561124832428,0.20399771131172006,0.0015939134266864663,0.0015939134266864663
exploration,move_near,99,8,3,0.19069272248393346,0.11396584960829015,0.24274061871163358,0.029111105497289624,1.1217755577771835,0.16158161698664386,0.07672687287564335,-0.0520478962277001,-0.0520478962277001
exploration,move_near,99,9,3,0.19899537604275627,0.1106099454607673,0.25627936877530344,0.029111105497289624,0.9506677111282418,0.16988427054546665,0.08838543058198896,-0.057283992732547195,-0.059577631437863786
exploration,move_near,99,10,3,0.24155562793385102,0.06424643333394926,0.24300382855145183,0.029111105497289624,0.8628652823539738,0.2124445224365614,0.17730919459990177,-0.0014482006176007773,-0.0014482006176007773
exploration,move_near,99,11,3,0.2519678983793744,0.02642863158432041,0.23814981093526288,0.029111105497289624,1.138739617588498,0.2228567928820848,0.22553926679505398,0.013818087444111496,0.013818087444111496
exploration,move_near,99,12,3,0.17041683978498934,0.039539958940610284,0.12709788935775215,0.029111105497289624,0.9626186879418753,0.1413057342876997,0.13087688084437904,0.04331895042723718,0.023284598129664994
exploration,move_near,99,13,3,0.2258778706008426,0.04981125014083355,0.1987317531513865,0.029111105497289624,0.8834460337730762,0.19676676510355295,0.176066620460009,0.02714611744945609,-0.006575272916978796
exploration,move_near,99,14,3,0.17785101707741138,-0.025386480639145396,0.1861437567955949,0.029111105497289624,0.9168626125290893,0.14873991158012176,0.20323749771655678,-0.008292739718183497,-0.02541144449215491
exploration,move_near,99,15,3,0.17497256396680783,-0.01624447657527424,0.24342057969368192,0.029111105497289624,0.8469050861909516,0.1458614584695182,0.19121704054208202,-0.06844801572687409,-0.06844801572687409
exploration,move_near,99,16,3,0.1449244106610628,0.09211933514698284,0.15444053369310926,0.029111105497289624,0.8205076336949949,0.1158133051637732,0.05280507551407996,-0.009516123032046422,-0.026278738251170237
exploration,move_near,99,17,3,0.1273834906189513,0.027509945133603803,0.08000747154251252,0.029111105497289624,0.7829312168789192,0.09827238512166168,0.09987354548534749,0.047376019076438784,-0.030506543795000247
exploration,move_near,99,18,3,0.16256508953486962,0.05619472294868664,0.13649253829384192,0.029111105497289624,0.8435690104051184,0.13345398403758,0.10637036658618294,0.02607255124102768,-0.026887783775317628
exploration,move_near,99,19,3,0.10209254893135439,0.05021645501899874,0.12035496871928808,0.029111105497289624,0.8429962671952574,0.07298144343406475,0.05187609391235565,-0.018262419787933682,-0.059771305592952934
exploration,move_near,99,20,3,0.08404959510631087,0.1274780475472839,0.24021259397062308,0.029111105497289624,0.7849218028665317,0.05493848960902122,-0.043428452440973035,-0.1561629988643122,-0.1561629988643122
exploration,move_near,99,21,3,0.1500126616078463,0.04379423021336628,0.16607221711004896,0.029111105497289624,0.7560691856644249,0.12090155611055664,0.10621843139447999,-0.016059555502202717,-0.024035974269834875
exploration,move_near,99,22,3,0.1749330779568353,0.05709751122278279,0.17067042566107296,0.029111105497289624,0.7501127388186327,0.14582197245954565,0.1178355667340525,0.004262652295762319,-0.010232956155578352
exploration,move_near,99,23,3,0.1984109690940725,-0.005625083055276259,0.20206432918872683,0.029111105497289624,0.8590141472023566,0.16929986359678284,0.20403605214934872,-0.003653360094654325,-0.003653360094654325
exploration,move_near,99,24,3,0.19034147088342027,0.02718380406125706,0.19295226366258297,0.029111105497289624,0.9181719810265019,0.16123036538613064,0.16315766682216323,-0.0026107927791626747,-0.012441568972642536
exploration,move_near,99,25,3,0.17951017966451496,-0.06594610292216892,0.22885939228211064,0.029111105497289624,0.7751214133030387,0.15039907416722534,0.24545628258668387,-0.0493492126175957,-0.0493492126175957
exploration,move_near,99,26,3,0.15907544286843125,0.036356652257886264,0.21347153357920098,0.029111105497289624,0.7716733887061552,0.12996433737114163,0.12271879061054503,-0.05439609071076971,-0.05439609071076971
exploration,move_near,99,27,3,0.23872407995908937,0.020106724522134644,0.15123760525367927,0.029111105497289624,0.8448981662675102,0.20961297446179974,0.21861735543695474,0.08748647470541011,0.07765569851193026
exploration,move_near,99,28,3,0.2088170574253175,0.08674396778333593,0.23593756020537113,0.029111105497289624,0.760675680049229,0.17970595192802788,0.1220730896419816,-0.027120502780053596,-0.027120502780053596
exploration,move_near,99,29,3,0.20207180020079876,0.024351269753497124,0.1662850854209025,0.029111105497289624,0.7499077114848988,0.17296069470350914,0.17772053044730166,0.03578671477989628,0.03578671477989628
exploration,move_near,99,30,3,0.1020173983593116,0.02156676360249662,0.12028422646234717,0.029111105497289624,0.7793808763475966,0.07290629286202195,0.08045063475681498,-0.018266828103035582,-0.06048730472099539
exploration,move_near,99,31,3,0.08100463616130411,0.006742819178640061,0.08179674020825511,0.029111105497289624,0.8209210064876662,0.051893530664014496,0.07426181698266406,-0.0007921040469509958,-0.06168158778046362
exploration,open_drawer,11,0,3,0.462236129125364,-0.08886265994649038,0.462236129125364,0.336089583638919,1.5262975838040476,0.12614654548644497,0.5510987890718544,0.0,0.0
exploration,open_drawer,11,1,3,0.3953049508078923,0.03772617723092758,0.3883408475060956,0.336089583638919,1.6079758607807861,0.05921536716897324,0.3575787735769647,0.006964103301796716,-0.08672712109924445
exploration,open_drawer,11,2,3,0.39856796660660265,0.08695654523720053,0.40583431670571546,0.336089583638919,1.6480736849158657,0.06247838296768362,0.3116114213694021,-0.0072663500991127965,-0.08494887751889037
exploration,open_drawer,11,3,3,0.3647304740477442,-0.03825029251332314,0.3548034826077413,0.336089583638919,1.5924602671788062,0.028640890408825226,0.4029807665610674,0.009926991440002938,-0.06797130736410328
exploration,open_drawer,11,4,3,0.3671692498354778,0.06976304797720005,0.38206155862340707,0.336089583638919,1.625415630207599,0.031079666196558792,0.29740620185827776,-0.014892308787929279,-0.12169673747930475
exploration,open_drawer,11,5,3,0.3727432367661588,0.13649618615641804,0.3558270973215029,0.336089583638919,1.733378585054438,0.03665365312723982,0.2362470506097408,0.01691613944465595,-0.07216647327420155
exploration,open_drawer,11,6,3,0.2997930575153383,0.08906097662171375,0.314241992693224,0.336089583638919,1.511156101989154,-0.03629652612358072,0.21073208089362452,-0.01444893517788567,-0.12451154018999021
exploration,open_drawer,11,7,3,0.3140272833075772,-0.06992939773236163,0.34694216197400113,0.336089583638919,1.4948740640978853,-0.022062300331341878,0.38395668103993885,-0.03291487866642396,-0.09777283428482574
exploration,open_drawer,11,8,3,0.3809507635506157,0.02768246753726049,0.37260167469171684,0.336089583638919,1.5554655203428933,0.04486117991169664,0.35326829601335524,0.008349088858898882,-0.020462554847524544
exploration,open_drawer,11,9,3,0.34325962074722866,-0.02136729507854765,0.31726685908630675,0.336089583638919,1.4935722242134624,0.007170037108309583,0.3646269158257762,0.025992761660921848,-0.07806586763760533
exploration,open_drawer,11,10,3,0.45804933153733507,-0.1402458779856427,0.4365208224911821,0.336089583638919,1.6747650821102649,0.12195974789841606,0.5982952095229778,0.021528509046152906,-0.0023894000904829495
exploration,open_drawer,11,11,3,0.31760871037824806,0.11026379926769253,0.3718499367613151,0.336089583638919,1.6489361630734651,-0.018480873260670983,0.2073449111105555,-0.054241226383067144,-0.09116699668004342
exploration,open_drawer,11,12,3,0.2944874824917321,0.06771694346910566,0.3487258234216422,0.336089583638919,1.5758196847527202,-0.04160210114718685,0.22677053902262653,-0.054238340929910096,-0.0544922738567799
exploration,open_drawer,11,13,3,0.39279409261955345,0.004230794678833537,0.30955485350423634,0.336089583638919,1.6125217619912533,0.05670450898063444,0.3885632979407199,0.08323923911531708,-0.001714334930131169
exploration,open_drawer,11,14,3,0.42025566794987435,0.00021819410956511998,0.28215739762784503,0.336089583638919,1.6254001533408626,0.0841660843109553,0.4200374738403092,0.13809827032202934,0.04246357880063362
exploration,open_drawer,11,15,3,0.304711199855274,0.11627528135810876,0.279066161800761,0.336089583638919,1.5958044790076602,-0.03137838378364504,0.18843591849716523,0.025645038054513014,-0.0314029489560908
exploration,open_drawer,11,16,3,0.2156912981705151,-0.0013106199825821858,0.4169544527656777,0.336089583638919,1.3315717225017312,-0.12039828546840392,0.2170019181530973,-0.2012631545951626,-0.24421426271260063
exploration,open_drawer,11,17,3,0.33057562558076364,-0.10691885360476132,0.3148508306350202,0.336089583638919,1.424231022171168,-0.00551395805815541,0.43749447918552486,0.015724794945743432,-0.06173394846627569
exploration,open_drawer,11,18,3,0.18420871092123012,0.04900029830410336,0.3233487362367714,0.336089583638919,1.3475755591224017,-0.1518808727176889,0.13520841261712674,-0.1391400253155413,-0.22330070215861517
exploration,open_drawer,11,19,3,0.3250170296748586,0.0720447083387945,0.41460620200485415,0.336089583638919,1.4347114894999387,-0.011072553964060372,0.2529723213360641,-0.08958917232999547,-0.16468783225890618
exploration,open_drawer,11,20,3,0.30136402785655503,-0.16226195595182538,0.34311528297513566,0.336089583638919,1.2728414657606104,-0.03472555578236395,0.46362598380838044,-0.041751255118580605,-0.09860354930385379
exploration,open_drawer,11,21,3,0.29645051530292554,-0.06514161418970711,0.3029925456757795,0.336089583638919,1.2688462558182827,-0.0396390683359935,0.3615921294926327,-0.006542030372853974,-0.07490404108967914
exploration,open_drawer,11,22,3,0.2785498621728942,0.03360118828404081,0.3197208259762353,0.336089583638919,1.3071319952675446,-0.0575397214660248,0.2449486738888534,-0.041170963803341086,-0.10678742108880619
exploration,open_drawer,11,23,3,0.32962365226123985,0.1517872596363706,0.32368606612615325,0.336089583638919,1.3484909307976352,-0.006465931377679164,0.17783639262486925,0.005937586135086603,-0.05973203413559471
exploration,open_drawer,11,24,3,0.25455016418250787,-0.060354911230682796,0.31128493084891273,0.336089583638919,1.287840673901697,-0.08153941945641113,0.3149050754131906,-0.05673476666640483,-0.11246755086377237
exploration,open_drawer,11,25,3,0.2005189373065398,-0.026653629266827555,0.20053712733544918,0.336089583638919,1.2762050326930607,-0.1355706463323792,0.22717256657336735,-1.8190028909394657e-05,-0.14828431370974407
exploration,open_drawer,11,26,3,0.19486349278733148,-0.047183329335483755,0.21687347676490024,0.336089583638919,1.2632268072602486,-0.14122609085158755,0.24204682212281523,-0.022009983977568762,-0.1550368068833913
exploration,open_drawer,11,27,3,0.2241713679147345,0.023160003203281192,0.2876952453914393,0.336089583638919,1.3047426188506188,-0.11191821572418452,0.2010113647114533,-0.06352387747670483,-0.12451741967684242
exploration,open_drawer,11,28,3,0.19556277717115877,0.02110065572747565,0.2553401987243515,0.336089583638919,1.2877613876121832,-0.14052680646776025,0.17446212144368312,-0.05977742155319271,-0.15312985927861875
exploration,open_drawer,11,29,3,0.38492036350965336,0.10076811737585778,0.39623179178844187,0.336089583638919,1.4205172862673499,0.048830779870734316,0.2841522461337956,-0.011311428278788541,-0.06833667916893492
exploration,open_drawer,11,30,3,0.2778761541155519,-0.10107485985686245,0.28504286695563186,0.336089583638919,1.2578575506527834,-0.05821342952336711,0.3789510139724143,-0.007166712840079951,-0.07081648233422559
exploration,open_drawer,11,31,3,0.22996335528420678,0.06582054428754479,0.22373650309908277,0.336089583638919,1.2395545231140577,-0.10612622835471221,0.16414281099666203,0.006226852185124004,-0.11428749605326956
exploration,open_drawer,32,0,3,0.31327769461177213,0.06210339518070801,0.31327769461177213,0.005601454738889368,1.8291504979309383,0.3076762398728828,0.2511742994310641,0.0,0.0
exploration,open_drawer,32,1,3,0.3393846069000938,0.1674830294271841,0.34350803754927456,0.005601454738889368,1.3576149683090637,0.33378315216120447,0.17190157747290966,-0.004123430649180822,-0.004123430649180822
exploration,open_drawer,32,2,3,0.3555337867315886,0.0635064730712279,0.33756252514323015,0.005601454738889368,1.3308425556197345,0.34993233199269924,0.29202731366036067,0.017971261588358444,0.017971261588358444
exploration,open_drawer,32,3,3,0.32725191951302773,-0.025133283258516766,0.29441224061193877,0.005601454738889368,1.289253471048573,0.32165046477413833,0.35238520277154445,0.032839678901088916,0.032839678901088916
exploration,open_drawer,32,4,3,0.26892383012844756,-0.03924999006996204,0.1927199728474457,0.005601454738889368,1.2226989915766735,0.2633223753895582,0.3081738201984096,0.07620385728100187,0.05596697844473824
exploration,open_drawer,32,5,3,0.2176333338956311,0.021321643000105903,0.1957986758506922,0.005601454738889368,1.405852227559338,0.2120318791567417,0.19631169089552516,0.02183465804493891,-0.014483710867957494
exploration,open_drawer,32,6,3,0.3483822663094666,-0.03082030572803146,0.33177722764382417,0.005601454738889368,1.5006947459258058,0.3427808115705772,0.3792025720374981,0.016605038665642436,0.016605038665642436
exploration,open_drawer,32,7,3,0.26686767111617327,0.04460415097703998,0.2755211745883208,0.005601454738889368,1.5316129633519573,0.2612662163772839,0.22226352013913328,-0.008653503472147559,-0.008653503472147559
exploration,open_drawer,32,8,3,0.30800881327360524,-0.08500827880764085,0.2616783355691885,0.005601454738889368,1.6491333623658593,0.30240735853471595,0.39301709208124613,0.04633047770441676,0.04633047770441676
exploration,open_drawer,32,9,3,0.2689355054611173,0.029068431841007575,0.32848806963378513,0.005601454738889368,1.2346217156440094,0.26333405072222793,0.23986707362010973,-0.05955256417266786,-0.05955256417266786
exploration,open_drawer,32,10,3,0.27515118894487195,0.04328920928144509,0.27712779490344935,0.005601454738889368,1.4652889864519454,0.26954973420598255,0.23186197966342684,-0.0019766059585773765,-0.0019766059585773765
exploration,open_drawer,32,11,3,0.3454539730048721,-0.10255749708188229,0.27811630383712665,0.005601454738889368,1.3881192030138791,0.3398525182659826,0.44801147008675435,0.06733766916774536,0.06021679387779439
exploration,open_drawer,32,12,3,0.3482220391071646,-0.010756979427889805,0.31579814227637576,0.005601454738889368,1.3783205034253303,0.3426205843682752,0.3589790185350543,0.03242389683078877,0.03242389683078877
exploration,open_drawer,32,13,3,0.29772915655485693,0.02494381046798595,0.3190308721351183,0.005601454738889368,1.3835011133142923,0.2921277018159676,0.272785346086871,-0.021301715580261376,-0.021301715580261376
exploration,open_drawer,32,14,3,0.2735818648022625,0.10787800974128242,0.2977698856536632,0.005601454738889368,1.356166892619111,0.26798041006337314,0.16570385506098004,-0.024188020851400704,-0.024188020851400704
exploration,open_drawer,32,15,3,0.2957615432861769,0.1214826582408552,0.3058366619609442,0.005601454738889368,1.4677446885607128,0.29016008854728753,0.17427888504532166,-0.010075118674767328,-0.010075118674767328
exploration,open_drawer,32,16,3,0.24425669862819613,-0.010133293778880066,0.2524655040336458,0.005601454738889368,1.4140571008885476,0.23865524388930678,0.2543899924070762,-0.00820880540544966,-0.00820880540544966
exploration,open_drawer,32,17,3,0.25863457334145107,-0.0787310977475177,0.2603724880388288,0.005601454738889368,1.3236269775572205,0.2530331186025617,0.33736567108896875,-0.001737914697377672,-0.001737914697377672
exploration,open_drawer,32,18,3,0.30134463775855297,-0.07256263650849785,0.23553819075280238,0.005601454738889368,1.2460453046878261,0.29574318301966357,0.37390727426705084,0.0658064470057506,0.0658064470057506
exploration,open_drawer,32,19,3,0.2553499847175095,0.04443935270814143,0.2602824907348176,0.005601454738889368,1.2600092767697213,0.24974852997862018,0.2109106320093681,-0.004932506017308047,-0.004932506017308047
exploration,open_drawer,32,20,3,0.21471707120478803,-0.120418266329748,0.2322833795462802,0.005601454738889368,1.2848801643429872,0.2091156164658987,0.33513533753453606,-0.01756630834149214,-0.0187976646719715
exploration,open_drawer,32,21,3,0.19011112398113936,-0.006294760898601486,0.17635531926890113,0.005601454738889368,1.4248445771913272,0.18450966924224996,0.19640588487974084,0.013755804712238182,0.013755804712238182
exploration,open_drawer,32,22,3,0.22059643413175536,-0.040115918849139176,0.2475521183464641,0.005601454738889368,1.601572732264982,0.21499497939286605,0.26071235298089457,-0.02695568421470872,-0.02695568421470872
exploration,open_drawer,32,23,3,0.21424378698946978,0.006854991964605465,0.26794843902000726,0.005601454738889368,1.5145526985276838,0.20864233225058046,0.20738879502486432,-0.05370465203053746,-0.05370465203053746
exploration,open_drawer,32,24,3,0.2579144221915654,-0.021262796064736685,0.22618403299461062,0.005601454738889368,1.4120865791404233,0.252312967452676,0.2791772182563021,0.03173038919695478,0.03173038919695478
exploration,open_drawer,32,25,3,0.26526789733024225,0.06427309518418613,0.26300773542357464,0.005601454738889368,1.526089513856402,0.25966644259135285,0.2009948021460561,0.00226016190666758,0.00226016190666758
exploration,open_drawer,32,26,3,0.2501075534039871,-0.12397988298913924,0.22774250055735804,0.005601454738889368,1.483311606738832,0.24450609866509768,0.37408743639312636,0.022365052846629003,0.022365052846629003
exploration,open_drawer,32,27,3,0.21601866027215885,-0.08969820998800314,0.20923756267414143,0.005601454738889368,1.547748573400886,0.21041720553326948,0.305716870260162,0.006781097598017411,0.006781097598017411
exploration,open_drawer,32,28,3,0.20652997434574147,0.01660360100831944,0.2061135082304327,0.005601454738889368,1.5215795417450229,0.2009285196068521,0.18992637333742204,0.0004164661153087529,0.0004164661153087529
exploration,open_drawer,32,29,3,0.2937847793684685,0.06429196371432114,0.29324286673680894,0.005601454738889368,1.4662908279434914,0.28818332462957913,0.22949281565414734,0.0005419126316595219,0.0005419126316595219
exploration,open_drawer,32,30,3,0.325261911291319,-0.03336655976281954,0.2692615151308571,0.005601454738889368,1.185883943832029,0.31966045655242964,0.3586284710541386,0.056000396160461874,0.056000396160461874
exploration,open_drawer,32,31,3,0.23518871368452254,0.15411708788089784,0.24138627193394577,0.005601454738889368,1.1443290975478346,0.22958725894563317,0.0810716258036247,-0.006197558249423224,-0.06931483294437776
exploration,open_drawer,56,0,3,0.38424199703217704,0.11173461656991894,0.38424199703217704,-0.029233894470379624,1.2789271656832302,0.4134758915025567,0.27250738046225814,0.0,0.0
exploration,open_drawer,56,1,3,0.21325810762795772,0.12240814612100559,0.21211505471847505,-0.029233894470379624,1.3404301840575261,0.24249200209833735,0.09084996150695211,0.0011430529094826457,-0.11115569334295833
exploration,open_drawer,56,2,3,0.16350650066489297,-0.165700630414469,0.1687516974299366,-0.029233894470379624,1.2183836865701638,0.19274039513527264,0.329207131079362,-0.005245196765043619,-0.005245196765043619
exploration,open_drawer,56,3,3,0.22322228515975837,-0.00015160887041571502,0.19666983620921905,-0.029233894470379624,1.3229279834430356,0.25245617963013806,0.22337389403017405,0.02655244895053932,0.02655244895053932
exploration,open_drawer,56,4,3,0.23549327482848623,-0.06384915784875746,0.21113128983951965,-0.029233894470379624,1.2176218751605932,0.2647271692988658,0.29934243267724364,0.02436198498896659,0.02436198498896659
exploration,open_drawer,56,5,3,0.15863456364733836,-0.0007009054128620332,0.23925986611857822,-0.029233894470379624,1.3208412446445983,0.187868458117718,0.15933546906020044,-0.08062530247123988,-0.09087870100537661
exploration,open_drawer,56,6,3,0.28712884333747296,-0.02372342995119445,0.24656861373332917,-0.029233894470379624,1.3887273135339029,0.31636273780785257,0.3108522732886674,0.040560229604143815,0.040560229604143815
exploration,open_drawer,56,7,3,0.21377595074950959,-0.11805384920739233,0.24659750861352348,-0.029233894470379624,1.335183175901009,0.24300984521988922,0.3318297999569019,-0.032821557864013876,-0.032821557864013876
exploration,open_drawer,56,8,3,0.2873446441937934,0.14330094354470485,0.2879242297699994,-0.029233894470379624,1.2937136035111731,0.316578538664173,0.14404370064908853,-0.0005795855762060117,-0.04806218304753646
exploration,open_drawer,56,9,3,0.3407131742371609,-0.11411390025310757,0.33065637085771793,-0.029233894470379624,1.421642389876322,0.3699470687075405,0.45482707449026843,0.010056803379442944,0.009387052914436256
exploration,open_drawer,56,10,3,0.4016268391663423,0.019984742049685648,0.41027616606044554,-0.029233894470379624,1.4895766938216461,0.430860733636722,0.3816420971166567,-0.00864932689410324,-0.00864932689410324
exploration,open_drawer,56,11,3,0.2830927484964539,0.04335323620940107,0.26632799083889225,-0.029233894470379624,1.509890913500094,0.31232664296683355,0.23973951228705284,0.016764757657561673,0.013479754244322517
exploration,open_drawer,56,12,3,0.2730849466322154,0.11772129339397737,0.26483006920345614,-0.029233894470379624,1.492163080976663,0.302318841102595,0.15536365323823798,0.008254877428759235,0.008254877428759235
exploration,open_drawer,56,13,3,0.34610168213306136,0.09102549928624006,0.2938668941248291,-0.029233894470379624,1.5904618030700586,0.375335576603441,0.2550761828468213,0.05223478800823226,0.05223478800823226
exploration,open_drawer,56,14,3,0.4002717315665458,0.099378320533414,0.36473867576589103,-0.029233894470379624,1.5419769340446716,0.4295056260369254,0.3008934110331317,0.03553305580065467,0.03553305580065467
exploration,open_drawer,56,15,3,0.37685134797904213,0.054375691454720876,0.3586072030471797,-0.029233894470379624,1.3803552939345618,0.40608524244942185,0.3224756565243213,0.018244144931862494,0.018244144931862494
exploration,open_drawer,56,16,3,0.2511620283536072,0.12222185628047673,0.2914449047614005,-0.029233894470379624,1.2738967103257235,0.28039592282398684,0.12894017207313047,-0.040282876407793294,-0.045235961407176346
exploration,open_drawer,56,17,3,0.22574070199576327,0.08647427394697232,0.21326617148989127,-0.029233894470379624,1.2621520548770981,0.25497459646614296,0.13926642804879097,0.012474530505872003,0.012474530505872003
exploration,open_drawer,56,18,3,0.3273361512640081,0.0948487972078399,0.26465104006833345,-0.029233894470379624,1.2836659919862632,0.3565700457343877,0.2324873540561682,0.06268511119567467,0.04045919999586577
exploration,open_drawer,56,19,3,0.31125444963551213,0.1687060339606948,0.3061849908884399,-0.029233894470379624,1.1943767413925883,0.34048834410589174,0.14254841567481732,0.0050694587470722086,-0.009341539200222978
exploration,open_drawer,56,20,3,0.28013417452491757,-0.06254241910631568,0.282719393974976,-0.029233894470379624,1.2451405985457802,0.30936806899529723,0.34267659363123326,-0.002585219450058398,-0.002585219450058398
exploration,open_drawer,56,21,3,0.21463925529919337,0.029465356797179505,0.21596012029744913,-0.029233894470379624,1.179331928494858,0.24387314976957306,0.18517389850201385,-0.0013208649982557562,-0.0013208649982557562
exploration,open_drawer,56,22,3,0.2469414261459668,-0.002973390253637787,0.24754730666548905,-0.029233894470379624,1.1129780000298422,0.2761753206163465,0.24991481639960464,-0.0006058805195221737,-0.0006058805195221737
exploration,open_drawer,56,23,3,0.3167971102280374,-0.0314819863774528,0.3145344790458646,-0.029233894470379624,1.2381994948826724,0.346031004698417,0.3482790966054902,0.00226263118217275,0.00226263118217275
exploration,open_drawer,56,24,3,0.3240037209975479,-0.02749444695786731,0.3265413167527893,-0.029233894470379624,1.2543464001342837,0.3532376154679275,0.35149816795541516,-0.0025375957552414654,-0.0025375957552414654
exploration,open_drawer,56,25,3,0.22131274217523558,0.06836009947007232,0.23406851936566378,-0.029233894470379624,1.176843093357344,0.2505466366456152,0.15295264270516326,-0.012755777190428202,-0.012755777190428202
exploration,open_drawer,56,26,3,0.22364776834965197,-0.05681108278240914,0.23049826016566521,-0.029233894470379624,1.1196978478119062,0.2528816628200316,0.2804588511320611,-0.006850491816013253,-0.006850491816013253
exploration,open_drawer,56,27,3,0.29471322659700505,0.009811011574189572,0.22464290601833806,-0.029233894470379624,1.240563213552926,0.3239471210673847,0.2849022150228155,0.07007032057866697,0.07007032057866697
exploration,open_drawer,56,28,3,0.1883379314508542,0.09118170898384424,0.20411860258120543,-0.029233894470379624,1.1431266092399128,0.2175718259212338,0.09715622246700995,-0.01578067113035123,-0.01578067113035123
exploration,open_drawer,56,29,3,0.29628998803457174,0.011535851043663068,0.284423663989178,-0.029233894470379624,1.248940513138688,0.3255238825049514,0.2847541369909087,0.011866324045393747,0.011866324045393747
exploration,open_drawer,56,30,3,0.19746736603930626,0.01081724985065862,0.16097793007902064,-0.029233894470379624,1.1703471805046661,0.2267012605096859,0.18665011618864766,0.03648943596028561,0.03517966520199214
exploration,open_drawer,56,31,3,0.15032467233524602,-0.10028937197950259,0.14579990761239553,-0.029233894470379624,1.1694412162019476,0.17955856680562565,0.2506140443147486,0.004524764722850493,-0.023220853730224072
exploration,open_drawer,93,0,3,0.27220498273860455,0.13487913079805705,0.27220498273860455,0.08705300376118529,1.2073659077049272,0.18515197897741922,0.13732585194054747,0.0,-0.05001647947952526
exploration,open_drawer,93,1,3,0.3255728232827534,0.20626316397621278,0.3255728232827534,0.08705300376118529,1.328098499894731,0.2385198195215681,0.1193096593065406,0.0,-0.0225874788531182
exploration,open_drawer,93,2,3,0.3586054839934382,0.15396345525261185,0.3284322969098939,0.08705300376118529,1.2624806010961405,0.271552480232253,0.2046420287408264,0.030173187083544384,-0.009855193202041377
exploration,open_drawer,93,3,3,0.31593618488906267,0.10185472725523644,0.34404545803023034,0.08705300376118529,1.1891094248675673,0.2288831811278773,0.21408145763382616,-0.02810927314116775,-0.02810927314116775
exploration,open_drawer,93,4,3,0.3741720506318809,0.15339640509439775,0.3588248561302954,0.08705300376118529,1.3218987471946286,0.28711904687069567,0.2207756455374832,0.015347194501585504,0.012209883051213474
exploration,open_drawer,93,5,3,0.3838512379271007,0.11435344669780977,0.3008342134331837,0.08705300376118529,1.2286009368340316,0.2967982341659154,0.2694977912292909,0.083017024493917,0.08095095914126924
exploration,open_drawer,93,6,3,0.3510175543755712,0.13061050062510368,0.3307177167700123,0.08705300376118529,1.2119588031152844,0.26396455061438595,0.2204070537504675,0.020299837605558885,0.005962254015173095
exploration,open_drawer,93,7,3,0.30902217020302897,0.1528495781723018,0.2954648617090497,0.08705300376118529,1.195991621019255,0.22196916644184372,0.15617259203072723,0.013557308493979328,-0.005175242412586906
exploration,open_drawer,93,8,3,0.30508197008651144,0.048316948441794384,0.30396536844953975,0.08705300376118529,1.3073102501576235,0.2180289663253261,0.256765021644717,0.001116601636971637,-0.021538274285829207
exploration,open_drawer,93,9,3,0.30816253869155935,0.12531418077013337,0.291265158605395,0.08705300376118529,1.2815380638984581,0.22110953493037408,0.18284835792142598,0.016897380086164333,-0.014860836890801
exploration,open_drawer,93,10,3,0.3025091164142922,0.12566788150519903,0.30148624882969394,0.08705300376118529,1.226514797415905,0.21545611265310693,0.17684123490909318,0.0010228675845982138,-0.04943218543929154
exploration,open_drawer,93,11,3,0.2823450032647257,0.10671080848429326,0.2833997781640871,0.08705300376118529,1.2229458272793012,0.19529199950354048,0.17563419478043243,-0.0010547748993614107,-0.04891998957111004
exploration,open_drawer,93,12,3,0.332571096355402,0.11722451950985702,0.30538590921998715,0.08705300376118529,1.2324382270140262,0.24551809259421672,0.21534657684554495,0.027185187135414828,0.01957632610417
exploration,open_drawer,93,13,3,0.332332886604372,0.10984841556448699,0.33433288579242104,0.08705300376118529,1.3181213430702476,0.24527988284318672,0.222484471039885,-0.0019999991880490695,-0.008599104018478002
exploration,open_drawer,93,14,3,0.30007742040917124,0.1438331128065651,0.2824089955641926,0.08705300376118529,1.28050990636817,0.213024416647986,0.15624430760260613,0.0176684248449787,-0.041320606917091905
exploration,open_drawer,93,15,3,0.32649828744298376,0.1832659576731437,0.2950570226408104,0.08705300376118529,1.2312118436779216,0.2394452836817984,0.14323232976984004,0.031441264802173324,-0.006312353921611479
exploration,open_drawer,93,16,3,0.3213094256677233,0.13245058126629414,0.27510968711774164,0.08705300376118529,1.0933332472282506,0.23425642190653795,0.1888588444014291,0.046199738549981606,-0.0013471716823169194
exploration,open_drawer,93,17,3,0.2833316576102031,0.1540356457958946,0.31765357232559843,0.08705300376118529,1.090508748373825,0.19627865384901785,0.12929601181430855,-0.034321914715395335,-0.05325222599821794
exploration,open_drawer,93,18,3,0.2944037071159212,0.11886048318187016,0.28888296081276277,0.08705300376118529,1.1690636734308248,0.20735070335473585,0.175543223934051,0.005520746303158408,-0.029141652755128616
exploration,open_drawer,93,19,3,0.2957564499427528,0.1628950716606333,0.3121828649467676,0.08705300376118529,1.0798662286363965,0.20870344618156753,0.1328613782821195,-0.016426415004014826,-0.055584748796396966
exploration,open_drawer,93,20,3,0.2912248315778954,0.11743400283397502,0.2807495816900325,0.08705300376118529,1.1507703474858937,0.20417182781671017,0.1737908287439204,0.010475249887862905,-0.023124756635877607
exploration,open_drawer,93,21,3,0.26993653482691243,0.17037098101955397,0.3095698510329898,0.08705300376118529,1.1217741711055977,0.18288353106572716,0.09956555380735843,-0.039633316206077344,-0.0864892385539896
exploration,open_drawer,93,22,3,0.26390924857675463,0.14746057809390561,0.30281035112914495,0.08705300376118529,1.1368293646314425,0.17685624481556936,0.11644867048284903,-0.0389011025523903,-0.07623645983172783
exploration,open_drawer,93,23,3,0.2538420245027723,-0.0037284566232670276,0.2582109378688276,0.08705300376118529,1.1479987170302117,0.16678902074158705,0.25757048112603936,-0.004368913366055331,-0.04487285550623965
exploration,open_drawer,93,24,3,0.2823974206604518,0.11934193907841273,0.2941847889747204,0.08705300376118529,1.0889854047864853,0.19534441689926654,0.16305548158203909,-0.01178736831426856,-0.043110027169209725
exploration,open_drawer,93,25,3,0.30649443103417084,0.10638067286216514,0.27495409098954876,0.08705300376118529,1.1631561253263698,0.21944142727298557,0.2001137581720057,0.031540340044622056,-0.025284233949692453
exploration,open_drawer,93,26,3,0.2859893105464921,0.10037101762637518,0.29968364342652337,0.08705300376118529,1.1450380959532154,0.19893630678530685,0.18561829292011697,-0.013694332880031213,-0.06705959259431483
exploration,open_drawer,93,27,3,0.2848713901258361,0.058630311960831294,0.27293405191611786,0.08705300376118529,1.1220046453231276,0.19781838636465085,0.22624107816500483,0.01193733820971824,-0.04409696515239827
exploration,open_drawer,93,28,3,0.2821578763258384,0.15566439362871187,0.2668816329717893,0.08705300376118529,1.1398607825864568,0.19510487256465311,0.12649348269712654,0.015276243354049148,-0.04359329295068994
exploration,open_drawer,93,29,3,0.2579235014742942,0.04655098871239224,0.2791030868660329,0.08705300376118529,1.1789482363599877,0.17087049771310894,0.21137251276190197,-0.021179585391738708,-0.09086882183072482
exploration,open_drawer,93,30,3,0.29957445000139943,0.16312296890009173,0.28448703255452806,0.08705300376118529,1.1242777753934055,0.21252144624021416,0.13645148110130767,0.015087417446871343,-0.02121796853901073
exploration,open_drawer,93,31,3,0.321244821498025,0.1180775759173754,0.3270222096196631,0.08705300376118529,1.1007145228124469,0.23419181773683975,0.2031672455806496,-0.005777388121638065,-0.03821625398743294
exploration,open_drawer,95,0,3,0.2699663441628896,-0.09524949315086452,0.2699663441628896,0.18016154923062466,1.9498880435483548,0.08980479493226494,0.3652158373137541,0.0,-0.09747464706914906
exploration,open_drawer,95,1,3,0.25989277836097996,-0.04172941068609556,0.2576935198768304,0.18016154923062466,1.8918669153689276,0.0797312291303553,0.30162218904707555,0.002199258484149554,-0.09629325818170405
exploration,open_drawer,95,2,3,0.2792139788164332,0.05163142559241177,0.2818633580609141,0.18016154923062466,1.7802523970094655,0.09905242958580851,0.22758255322402143,-0.002649379244480924,-0.050275983730056484
exploration,open_drawer,95,3,3,0.2333271969317332,0.055192862869120236,0.22823545729081415,0.18016154923062466,1.8170230392924094,0.05316564770110854,0.178134334062613,0.00509173964091909,-0.07592775076955274
exploration,open_drawer,95,4,3,0.23674341387901374,0.031093391800853593,0.24945046825638353,0.18016154923062466,1.8356458922834704,0.05658186464838905,0.20565002207816016,-0.012707054377369778,-0.07774345906565185
exploration,open_drawer,95,5,3,0.24933504839403606,0.08185705619553667,0.21991546741005832,0.18016154923062466,1.835930928913155,0.06917349916341135,0.16747799219849938,0.02941958098397771,-0.046183615734997574
exploration,open_drawer,95,6,3,0.21623718030345165,0.008722398484065683,0.2463917590127651,0.18016154923062466,1.9389454692552446,0.03607563107282699,0.207514781819386,-0.030154578709313404,-0.10842820869902835
exploration,open_drawer,95,7,3,0.28127968681802257,0.038881824011667454,0.25659043339312376,0.18016154923062466,1.7832352691235276,0.10111813758739786,0.24239786280635514,0.024689253424898805,-0.12187114405005865
exploration,open_drawer,95,8,3,0.37868479804325855,0.044241285566052176,0.37110536830028246,0.18016154923062466,1.50088489665287,0.19852324881263386,0.33444351247720633,0.007579429742976096,0.007579429742976096
exploration,open_drawer,95,9,3,0.43875727763067235,0.01969878038410446,0.4484622707199306,0.18016154923062466,1.5096584204785024,0.2585957284000477,0.4190584972465679,-0.009704993089258263,-0.009704993089258263
exploration,open_drawer,95,10,3,0.3867501704766907,0.006817311743691286,0.4290626268515849,0.18016154923062466,1.445777061739232,0.20658862124606603,0.37993285873299937,-0.04231245637489419,-0.04231245637489419
exploration,open_drawer,95,11,3,0.41899000105909073,-0.019179267201856347,0.4011928147517531,0.18016154923062466,1.4275276622397957,0.23882845182846604,0.4381692682609471,0.017797186307337638,0.017797186307337638
exploration,open_drawer,95,12,3,0.37101627126645204,0.09777772593148408,0.34457067229838584,0.18016154923062466,1.3578392704623174,0.19085472203582735,0.27323854533496794,0.026445598968066215,0.026445598968066215
exploration,open_drawer,95,13,3,0.36699023800475,-0.06335926934094975,0.3634632526032296,0.18016154923062466,1.3675392491926732,0.18682868877412528,0.43034950734569977,0.0035269854015203364,0.0035269854015203364
exploration,open_drawer,95,14,3,0.3715244944223675,-0.012775701453676949,0.3670012611024311,0.18016154923062466,1.2981304473870654,0.19136294519174282,0.3843001958760445,0.004523233319936463,0.004523233319936463
exploration,open_drawer,95,15,3,0.4228625794243213,-0.03785761800620912,0.3746988586924705,0.18016154923062466,1.4581786882790704,0.24270103019369668,0.46072019743053044,0.04816372073185082,0.04816372073185082
exploration,open_drawer,95,16,3,0.3695447528113675,-0.05327900120947964,0.4051991542811102,0.18016154923062466,1.326628604501309,0.18938320358074281,0.4228237540208471,-0.035654401469742636,-0.035654401469742636
exploration,open_drawer,95,17,3,0.4113217828511484,-0.11362588693399057,0.42152332238902585,0.18016154923062466,1.3551768649570353,0.23116023362052365,0.524947669785139,-0.010201539537877483,-0.010201539537877483
exploration,open_drawer,95,18,3,0.4492030718042233,-0.02357063289692832,0.4061826115213603,0.18016154923062466,1.314899162579786,0.26904152257359865,0.4727737047011516,0.04302046028286305,0.04302046028286305
exploration,open_drawer,95,19,3,0.4074142694258048,0.10632621554640777,0.4454191380232598,0.18016154923062466,1.3287078227681473,0.22725272019518009,0.301088053879397,-0.038004868597455,-0.038004868597455
exploration,open_drawer,95,20,3,0.4138219997731143,0.04635790801868605,0.41111734252013715,0.18016154923062466,1.31445688807829,0.2336604505424896,0.3674640917544283,0.0027046572529771384,0.0027046572529771384
exploration,open_drawer,95,21,3,0.4364709119603996,0.00922257054796092,0.3984222235138794,0.18016154923062466,1.2860680737639323,0.25630936272977495,0.42724834141243867,0.038048688446520186,0.038048688446520186
exploration,open_drawer,95,22,3,0.4095344041085405,-0.023379307416691922,0.4065064790236646,0.18016154923062466,1.2667573885075847,0.22937285487791578,0.4329137115252324,0.0030279250848758155,0.0030279250848758155
exploration,open_drawer,95,23,3,0.41691130630617806,0.019686968042458678,0.4322514462364279,0.18016154923062466,1.2947969554481982,0.23674975707555337,0.39722433826371945,-0.015340139930249796,-0.015340139930249796
exploration,open_drawer,95,24,3,0.4126466322506672,0.05986725280790162,0.42783119369046535,0.18016154923062466,1.2799423761049913,0.23248508302004253,0.3527793794427656,-0.015184561439798147,-0.015184561439798147
exploration,open_drawer,95,25,3,0.4279783931915324,0.09231816624791084,0.43559127086664257,0.18016154923062466,1.2574089803624628,0.24781684396090772,0.3356602269436216,-0.007612877675110134,-0.007612877675110134
exploration,open_drawer,95,26,3,0.2942050958979992,0.036878094834569636,0.37503281546790435,0.18016154923062466,1.2532721125340387,0.11404354666737455,0.2573270010634296,-0.08082771956990509,-0.08082771956990509
exploration,open_drawer,95,27,3,0.38074010282338405,0.04765231411102517,0.37991811364865224,0.18016154923062466,1.3421953075178494,0.20057855359275936,0.3330877887123589,0.0008219891747318261,0.0008219891747318261
exploration,open_drawer,95,28,3,0.3550201946257881,-0.047228454031325556,0.3824541531418351,0.18016154923062466,1.3870948104456444,0.1748586453951634,0.4022486486571137,-0.027433958516047057,-0.027433958516047057
exploration,open_drawer,95,29,3,0.4316938807857207,-0.016998465949137478,0.3837703008638575,0.18016154923062466,1.265857337393575,0.25153233155509597,0.4486923467348581,0.04792357992186321,0.04792357992186321
exploration,open_drawer,95,30,3,0.32143630784931515,0.02635774903643594,0.3143697951617693,0.18016154923062466,1.3308984313763206,0.14127475861869046,0.29507855881287925,0.007066512687545841,0.0005870109364430146
exploration,open_drawer,95,31,3,0.34643817876680316,-0.035710386379826174,0.31601724443890106,0.18016154923062466,1.361045919980941,0.1662766295361785,0.38214856514662937,0.030420934327902115,0.030420934327902115
exploration,open_drawer,97,0,3,0.15706832763205683,0.08088914213645493,0.15706832763205683,-0.05792426959105034,1.261927633852896,0.21499259722310718,0.07617918549560192,0.0,-0.03335964151350949
exploration,open_drawer,97,1,3,0.17743120765191822,0.08297911183589961,0.17847271765510073,-0.05792426959105034,1.3619501618051444,0.23535547724296857,0.09445209581601864,-0.001041510003182496,-0.10837981763696415
exploration,open_drawer,97,2,3,0.26783880144841915,0.10239333373254828,0.2567850711140572,-0.05792426959105034,1.021975713691937,0.3257630710394695,0.16544546771587085,0.011053730334362003,0.011053730334362003
exploration,open_drawer,97,3,3,0.17050272272096859,-0.00533287301209065,0.2305015360343716,-0.05792426959105034,1.216817091548563,0.22842699231201893,0.17583559573305926,-0.059998813313402975,-0.059998813313402975
exploration,open_drawer,97,4,3,0.15852529747515273,0.10684484859195313,0.16645172333915134,-0.05792426959105034,1.0435632161000246,0.21644956706620308,0.051680448883199594,-0.007926425863998615,-0.10905921298704406
exploration,open_drawer,97,5,3,0.1975338375188124,0.19169002929770337,0.24883357547624416,-0.05792426959105034,0.9642737202103895,0.2554581071098628,0.005843808221109063,-0.051299737957431736,-0.10180527510150535
exploration,open_drawer,97,6,3,0.2703615229177549,0.00039271613191058097,0.20065432504599212,-0.05792426959105034,1.1336392909366817,0.3282857925088052,0.26996880678584434,0.06970719787176277,0.06578202011785118
exploration,open_drawer,97,7,3,0.4297679853441187,0.12086796712018417,0.3731385408468258,-0.05792426959105034,1.3829338389849708,0.487692254935169,0.3089000182239345,0.05662944449729285,0.05662944449729285
exploration,open_drawer,97,8,3,0.39048430126661193,-0.10550120302497557,0.2975915267320856,-0.05792426959105034,1.1962285744564005,0.44840857085766234,0.49598550429158755,0.09289277453452638,0.09289277453452638
exploration,open_drawer,97,9,3,0.39052197846393527,0.10261805162911147,0.37337774370002125,-0.05792426959105034,1.2985848857030182,0.44844624805498556,0.2879039268348238,0.017144234763913968,0.017144234763913968
exploration,open_drawer,97,10,3,0.4111443463923033,0.18171917848300603,0.4066647022887177,-0.05792426959105034,1.1533106816327416,0.4690686159833537,0.22942516790929732,0.004479644103585682,-0.03304107253394863
exploration,open_drawer,97,11,3,0.3177333891853944,0.09511089086172603,0.2709558332004105,-0.05792426959105034,1.366556603954255,0.3756576587764447,0.22262249832366834,0.04677755598498387,-0.01359061226990708
exploration,open_drawer,97,12,3,0.30828606031803935,0.11138116542783194,0.25495102648865614,-0.05792426959105034,1.4178270544351275,0.3662103299090897,0.19690489489020738,0.05333503382938318,0.015407018273741737
exploration,open_drawer,97,13,3,0.309843807861231,0.05941236585329427,0.32526041609222034,-0.05792426959105034,1.2069564216462156,0.36776807745228135,0.25043144200793677,-0.015416608230989356,-0.015416608230989356
exploration,open_drawer,97,14,3,0.28288261141188314,0.02840170937132649,0.2678507816979007,-0.05792426959105034,1.1554000676273979,0.3408068810029335,0.2544809020405567,0.015031829713982434,0.015031829713982434
exploration,open_drawer,97,15,3,0.34755389613495247,-0.12554491687907657,0.27904405466838333,-0.05792426959105034,1.1927705494074037,0.40547816572600287,0.473098813014029,0.06850984146656912,0.05231831390310083
exploration,open_drawer,97,16,3,0.366237751507883,-0.04818280957165597,0.31420773881743486,-0.05792426959105034,1.36024391701665,0.42416202109893336,0.41442056107953906,0.05203001269044819,0.05203001269044819
exploration,open_drawer,97,17,3,0.3022817670245276,0.06182323011648667,0.23657267551097716,-0.05792426959105034,1.2949342792521996,0.36020603661557793,0.2404585369080409,0.06570909151355044,0.06109553662250875
exploration,open_drawer,97,18,3,0.33887545530032764,0.0202742212801701,0.3001581607965071,-0.05792426959105034,1.1774195281857276,0.396799724891378,0.31860123402015755,0.038717294503820575,0.03161484921095823
exploration,open_drawer,97,19,3,0.16948363011355985,0.14275746393936617,0.26070387574366244,-0.05792426959105034,1.0848450126373546,0.2274078997046102,0.02672616617419372,-0.09122024563010257,-0.11654019173568118
exploration,open_drawer,97,20,3,0.27165616572465096,0.1265307741339287,0.27199703549916676,-0.05792426959105034,1.154357300972315,0.3295804353157013,0.14512539159072227,-0.0003408697745158086,-0.01015550153430026
exploration,open_drawer,97,21,3,0.21991330321428196,0.10438131120350495,0.2540193702003688,-0.05792426959105034,1.258065332006022,0.27783757280533233,0.11553199201077703,-0.03410606698608682,-0.04046902507228144
exploration,open_drawer,97,22,3,0.2279249254553899,-0.0007069932502107648,0.21982107334310186,-0.05792426959105034,1.1836605495610142,0.2858491950464403,0.22863191870560065,0.008103852112288054,0.008103852112288054
exploration,open_drawer,97,23,3,0.1835002928657198,0.029814762652001392,0.08425566726717648,-0.05792426959105034,1.1803359107573643,0.24142456245677013,0.15368553021371842,0.0992446255985433,0.017770327405624915
exploration,open_drawer,97,24,3,0.0747775694083645,0.060034575836047537,0.13664808886572036,-0.05792426959105034,1.139855735078452,0.13270183899941482,0.014742993572316935,-0.06187051945735589,-0.16012923175070404
exploration,open_drawer,97,25,3,0.10465762518317506,0.022023632788926478,0.06706829717281236,-0.05792426959105034,1.2628512399629412,0.16258189477422538,0.08263399239424858,0.03758932801036269,-0.12904389757257315
exploration,open_drawer,97,26,3,0.08566672902125748,-0.08693988925801106,0.08532927027676164,-0.05792426959105034,1.241566753424449,0.1435909986123078,0.17260661827926851,0.00033745874449583646,-0.040143790586612466
exploration,open_drawer,97,27,3,0.06644820743952545,-0.010358468164867634,0.15053910027173803,-0.05792426959105034,1.2566476783473297,0.12437247703057579,0.0768066756043931,-0.08409089283221256,-0.08409089283221256
exploration,open_drawer,97,28,3,0.2449365782398416,0.020396204711146462,0.22981727433014276,-0.05792426959105034,1.0605984227744836,0.302860847830892,0.22454037352869516,0.015119303909698886,0.015119303909698886
exploration,open_drawer,97,29,3,0.18172032848994193,0.0011472041252686648,0.19261575660978777,-0.05792426959105034,1.1358638272540738,0.23964459808099225,0.1805731243646733,-0.01089542811984584,-0.01089542811984584
exploration,open_drawer,97,30,3,0.1674538555779762,-0.03892063815460801,0.16407663591211052,-0.05792426959105034,1.1068365324223148,0.22537812516902656,0.2063744937325842,0.003377219665865664,0.003377219665865664
exploration,open_drawer,97,31,3,0.26008453789884883,-0.03201376794819411,0.2736832312898958,-0.05792426959105034,1.1425723881933663,0.3180088074898992,0.29209830584704294,-0.013598693391046987,-0.0305270125925861
exploration,open_drawer,99,0,3,0.41598612808422136,0.07126959336071766,0.41598612808422136,0.097838474977754,1.3441568822146694,0.31814765310646737,0.3447165347235037,0.0,0.0
exploration,open_drawer,99,1,3,0.2931519946378982,0.06468041590613925,0.2876377187531837,0.097838474977754,1.5024519041999091,0.19531351966014424,0.22847157873175897,0.005514275884714481,-0.06388984867567175
exploration,open_drawer,99,2,3,0.3907971359361446,-0.005099421741997974,0.3218925773769051,0.097838474977754,1.4815660272456823,0.2929586609583906,0.39589655767814264,0.06890455855923956,0.06890455855923956
exploration,open_drawer,99,3,3,0.344222029976828,0.11563746584247686,0.3687613347925578,0.097838474977754,1.417366303881286,0.24638355499907402,0.22858456413435113,-0.02453930481572982,-0.02453930481572982
exploration,open_drawer,99,4,3,0.357818940594548,0.07789106230593218,0.3698113415090254,0.097838474977754,1.38467087126285,0.25998046561679394,0.2799278782886158,-0.011992400914477416,-0.011992400914477416
exploration,open_drawer,99,5,3,0.42223896233946717,0.08042299469983062,0.40627813493295184,0.097838474977754,1.3430735894046724,0.3244004873617132,0.34181596763963656,0.015960827406515277,0.015960827406515277
exploration,open_drawer,99,6,3,0.20465014720126248,0.023792433215912526,0.3213395447820116,0.097838474977754,1.6160152769253096,0.10681167222350847,0.18085771398534997,-0.1166893975807491,-0.1166893975807491
exploration,open_drawer,99,7,3,0.3395580598311882,0.03949952037279347,0.35726731806004625,0.097838474977754,1.472850079993713,0.24171958485343423,0.3000585394583947,-0.01770925822885801,-0.01770925822885801
exploration,open_drawer,99,8,3,0.35505418826901053,0.03017119527660168,0.34555384668346845,0.097838474977754,1.5335502202254638,0.25721571329125653,0.32488299299240886,0.009500341585542046,0.009500341585542046
exploration,open_drawer,99,9,3,0.30233271394264966,0.1835965349655908,0.27620442582351656,0.097838474977754,1.4014140027851,0.20449423896489563,0.1187361789770588,0.026128288119133074,0.012319123655381034
exploration,open_drawer,99,10,3,0.24156481954256273,0.05029571979369898,0.23018346479063231,0.097838474977754,1.5327393991946814,0.14372634456480873,0.19126909974886375,0.011381354751930431,-0.02947021632962639
exploration,open_drawer,99,11,3,0.29218305616148327,0.10372170092016635,0.25998723961326353,0.097838474977754,1.6912595139503772,0.1943445811837293,0.18846135524131694,0.032195816548219715,0.020604058362234407
exploration,open_drawer,99,12,3,0.2951086023018466,-0.07408245743914056,0.3050225428866482,0.097838474977754,1.65389563352429,0.19727012732409258,0.3691910597409871,-0.009913940584801634,-0.009913940584801634
exploration,open_drawer,99,13,3,0.3076741484222553,-0.03780531310301317,0.31070000791486585,0.097838474977754,1.760641191785582,0.20983567344450127,0.3454794615252685,-0.0030258594926105644,-0.0030258594926105644
exploration,open_drawer,99,14,3,0.3273569727041851,0.015642667915865365,0.3514393042633588,0.097838474977754,1.6341456882050525,0.22951849772643107,0.31171430478831974,-0.02408233155917372,-0.02408233155917372
exploration,open_drawer,99,15,3,0.2729858565367948,0.04487424045163917,0.2875101259887099,0.097838474977754,1.6157331936734216,0.17514738155904075,0.2281116160851556,-0.014524269451915114,-0.014524269451915114
exploration,open_drawer,99,16,3,0.2845990227959746,0.01882072120483602,0.24939265054158719,0.097838474977754,1.5961972071201334,0.1867605478182206,0.2657783015911385,0.035206372254387365,0.0218179961342712
exploration,open_drawer,99,17,3,0.2754103005491833,0.05079924986397447,0.2579997262469354,0.097838474977754,1.727542625025313,0.17757182557142934,0.2246110506852088,0.01741057430224795,0.0016926383762414232
exploration,open_drawer,99,18,3,0.257649142387061,0.00813288382017352,0.2448524600711638,0.097838474977754,1.6744163145100985,0.159810667409307,0.24951625856688744,0.012796682315897192,0.005997759156294173
exploration,open_drawer,99,19,3,0.21571640117528545,0.15301128870138186,0.22355925388622053,0.097838474977754,1.6035845680447416,0.11787792619753144,0.06270511247390358,-0.007842852710935072,-0.028431867743213546
exploration,open_drawer,99,20,3,0.14674008564487656,0.09661138052894243,0.12151140899387493,0.097838474977754,1.496136181793511,0.04890161066712254,0.05012870511593411,0.02522867665100162,-0.01943299195435992
exploration,open_drawer,99,21,3,0.128173279556296,0.1273166389165209,0.1479891365310126,0.097838474977754,1.4156515440061643,0.030334804578542023,0.0008566406397751136,-0.019815856974716575,-0.07413745306253507
exploration,open_drawer,99,22,3,0.18641151482441853,0.07324916233631566,0.209054593513008,0.097838474977754,1.3823149265200112,0.08857303984666452,0.11316235248810286,-0.022643078688589474,-0.03648402523992177
exploration,open_drawer,99,23,3,0.19860453449062457,0.026118482501695812,0.20528378352174448,0.097838474977754,1.4060473144093886,0.10076605951287056,0.17248605198892875,-0.006679249031119929,-0.015421361592858293
exploration,open_drawer,99,24,3,0.17986388896385272,-0.011828681146178176,0.18167068249951143,0.097838474977754,1.6461581933761646,0.08202541398609871,0.19169257011003094,-0.0018067935356587267,-0.04182298089671883
exploration,open_drawer,99,25,3,0.16786127603237522,0.06438953001442249,0.17528375664885973,0.097838474977754,1.5257169748203987,0.0700228010546212,0.10347174601795271,-0.00742248061648453,-0.050799833883595664
exploration,open_drawer,99,26,3,0.18512626776776694,0.07257357700351619,0.17913175059072495,0.097838474977754,1.4072181669357982,0.08728779279001296,0.11255269076425074,0.005994517177042011,-0.030396614586386966
exploration,open_drawer,99,27,3,0.19833062077613062,0.03998243019239429,0.19031486413910506,0.097838474977754,1.4571182202832755,0.1004921457983766,0.1583481905837363,0.008015756637025528,-0.020330489139840275
exploration,open_drawer,99,28,3,0.18239028457465326,0.021034610544108167,0.20662805589883895,0.097838474977754,1.4636637980030252,0.08455180959689924,0.1613556740305451,-0.0242377713241857,-0.04480432579286928
exploration,open_drawer,99,29,3,0.21481722020628746,-0.0013126471190292495,0.22215468133017904,0.097838474977754,1.5017214477682066,0.11697874522853347,0.2161298673253167,-0.007337461123891599,-0.017121421397969776
exploration,open_drawer,99,30,3,0.1910054069101851,0.05383407448209638,0.1729798575146145,0.097838474977754,1.439081361092537,0.0931669319324311,0.1371713324280887,0.01802554939557062,-0.033783337864383985
exploration,open_drawer,99,31,3,0.16239704327007679,0.1309790008001854,0.2123621031379664,0.097838474977754,1.4361864110376885,0.06455856829232277,0.03141804246989138,-0.04996505986788963,-0.0626439179640816
exploration,pick_coke_can,0,0,3,0.28727214738004353,-0.09301683695231512,0.26402145769932756,0.049699782995308694,0.6338695487348703,0.2375723643847348,0.38028898433235864,0.023250689680715916,0.021088151186079564
exploration,pick_coke_can,0,1,3,0.41321329273050034,0.06091758023269269,0.41321329273050034,0.049699782995308694,0.7473998222178341,0.3635135097351916,0.3522957124978076,0.0,0.0
exploration,pick_coke_can,0,2,3,0.17704250504384758,0.11056791956398515,0.22273992727647288,0.049699782995308694,0.4059861996718503,0.1273427220485389,0.06647458547986244,-0.04569742223262532,-0.10416799970998462
exploration,pick_coke_can,0,3,3,0.3434779789476958,0.11966288535520032,0.29383798193495864,0.049699782995308694,0.6988900044563424,0.2937781959523871,0.22381509359249543,0.04963999701273711,0.025475524151833424
exploration,pick_coke_can,0,4,3,0.46301036293371767,0.05733930723812721,0.22128377156996437,0.049699782995308694,0.7372623767991979,0.413310579938409,0.4056710556955905,0.24172659136375332,0.22423358450330175
exploration,pick_coke_can,0,5,3,0.5015818410119884,0.062321067868397285,0.4640441624257689,0.049699782995308694,0.7303850275212588,0.45188205801667974,0.43926077314359113,0.0375376785862195,0.0375376785862195
exploration,pick_coke_can,0,6,3,0.42055499832108967,-0.21337927185644753,0.45994167066176456,0.049699782995308694,1.0475260024694368,0.370855215325781,0.6339342701775372,-0.03938667234067491,-0.03938667234067491
exploration,pick_coke_can,0,7,3,0.4944616947170015,0.11409817734674726,0.3584864527828182,0.049699782995308694,0.977523670221686,0.4447619117216928,0.38036351737025426,0.13597524193418334,0.07664841698233753
exploration,pick_coke_can,0,8,3,0.4526914904989699,0.1422678631703554,0.4710122010181328,0.049699782995308694,0.7821132354516465,0.40299170750366126,0.31042362732861456,-0.018320710519162824,-0.018320710519162824
exploration,pick_coke_can,0,9,3,0.4579958476910977,0.043342388873751546,0.27745165412197315,0.049699782995308694,0.6553033327357501,0.408296064695789,0.4146534588173461,0.18054419356912452,0.16296911995086646
exploration,pick_coke_can,0,10,3,0.393160739513146,0.10413355672089707,0.3390283608923484,0.049699782995308694,0.6671310669732039,0.3434609565178373,0.289027182792249,0.05413237862079759,-0.007854318246706219
exploration,pick_coke_can,0,11,3,0.4281709663140845,0.23644896177081906,0.44778083653413514,0.049699782995308694,0.7173383619268944,0.3784711833187758,0.1917220045432655,-0.019609870220050656,-0.019609870220050656
exploration,pick_coke_can,0,12,3,0.45327848002266585,0.13168918341490662,0.45235118386766815,0.049699782995308694,0.747885993493616,0.40357869702735716,0.3215892966077592,0.0009272961549976847,8.010318850075009e-05
exploration,pick_coke_can,0,13,3,0.43237878970116045,0.09124721789063604,0.3042707676572223,0.049699782995308694,0.7026475130488913,0.3826790067058518,0.3411315718105244,0.12810802204393815,0.12389797849238049
exploration,pick_coke_can,0,14,3,0.3539275468060545,0.09600178244134956,0.33359799947402385,0.049699782995308694,0.7093986425227242,0.3042277638107458,0.2579257643647049,0.020329547332030684,-0.007454803350084416
exploration,pick_coke_can,0,15,3,0.3275381810201106,0.1917837015215124,0.22016367937236567,0.049699782995308694,0.7282850971472,0.2778383980248019,0.13575447949859823,0.10737450164774494,0.03938279139870485
exploration,pick_coke_can,0,16,3,0.36708233091093545,0.024491796000439214,0.35787165690027517,0.049699782995308694,0.6109811005240529,0.31738254791562676,0.34259053491049624,0.009210674010660244,0.009210674010660244
exploration,pick_coke_can,0,17,3,0.3177457750403026,0.14915069168030776,0.2853322617365075,0.049699782995308694,0.7568406414221052,0.26804599204499385,0.16859508335999482,0.032413513303795084,-0.0018636019607996546
exploration,pick_coke_can,0,18,3,0.2515289085608021,-0.06314394463455049,0.27210421897902376,0.049699782995308694,0.6095528735729208,0.20182912556549346,0.31467285319535265,-0.02057531041822162,-0.03345918533208626
exploration,pick_coke_can,0,19,3,0.2081861427985329,0.14428709476437873,0.20405071075266323,0.049699782995308694,0.5184915153244835,0.1584863598032242,0.06389904803415415,0.004135432045869664,-0.017836303500434064
exploration,pick_coke_can,0,20,3,0.23870054182799627,0.1370559036551597,0.2750078525295829,0.049699782995308694,0.638355235464019,0.1890007588326876,0.10164463817283657,-0.036307310701586604,-0.04644188854868598
exploration,pick_coke_can,0,21,3,0.2718225569142769,0.06174322056468856,0.23445538697999216,0.049699782995308694,0.5652390850190928,0.2221227739189682,0.2100793363495883,0.03736716993428472,0.0188015562000096
exploration,pick_coke_can,0,22,3,0.22422073524983407,0.017605419563540902,0.23315069044446968,0.049699782995308694,0.6701302830723951,0.17452095225452538,0.20661531568629318,-0.008929955194635611,-0.008929955194635611
exploration,pick_coke_can,0,23,3,0.19516039108452746,0.062215984682790826,0.08446591958583272,0.049699782995308694,0.5570804002908603,0.14546060808921876,0.13294440640173666,0.11069447149869475,-0.000736770993815967
exploration,pick_coke_can,0,24,3,0.221524379913852,0.15770990123688586,0.22722946373377498,0.049699782995308694,0.5555588924003075,0.17182459691854332,0.0638144786769662,-0.005705083819922972,-0.005705083819922972
exploration,pick_coke_can,0,25,3,0.26410495045463817,0.25409504582830605,0.2350383977922551,0.049699782995308694,0.6169624443471428,0.2144051674593295,0.010009904626332116,0.0290665526623831,-0.03870844965015167
exploration,pick_coke_can,0,26,3,0.28740844622250344,0.1965927181352007,0.29220148335173407,0.049699782995308694,0.6061553253324382,0.23770866322719475,0.09081572808730272,-0.0047930371292305984,-0.041876005889187946
exploration,pick_coke_can,0,27,3,0.26664104113552184,0.05075647673662274,0.26131292933617606,0.049699782995308694,0.5146971071460712,0.21694125814021317,0.2158845643988991,0.005328111799345808,-0.006231480128094278
exploration,pick_coke_can,0,28,3,0.2510944764151091,0.1512567281126971,0.2765265294161903,0.049699782995308694,0.6292706338739317,0.20139469341980046,0.09983774830241203,-0.025432053001081218,-0.09405154318662906
exploration,pick_coke_can,0,29,3,0.2617811689063388,0.02269399623047493,0.2883320490982883,0.049699782995308694,0.5755555558670489,0.21208138591103007,0.2390871726758638,-0.02655088019194952,-0.04058650334878414
exploration,pick_coke_can,0,30,3,0.27178099061640154,0.3723688977592035,0.3186587951202488,0.049699782995308694,0.49020112832808876,0.22208120762109287,-0.10058790714280195,-0.0468778045038472,-0.12655947888114838
exploration,pick_coke_can,0,31,3,0.1454270377520971,-0.10714223599144652,0.25652561368708643,0.049699782995308694,0.46210103086600895,0.0957272547567884,0.25256927374354365,-0.1110985759349893,-0.14697278399095573
exploration,pick_coke_can,1,0,3,0.16154388391297328,-0.2289675309995796,0.22821901671017122,0.085969926429376,0.8848829490936234,0.07557395748359727,0.39051141491255287,-0.06667513279719794,-0.13592684001147323
exploration,pick_coke_can,1,1,3,0.07972212345541348,-0.21579094409659882,0.06968330762314301,0.085969926429376,1.11594984404534,-0.006247802973962537,0.2955130675520123,0.010038815832270473,-0.10717829737813428
exploration,pick_coke_can,1,2,3,0.014155601236561214,-0.1787545823052911,0.04790258992498456,0.085969926429376,1.1062418848651905,-0.07181432519281479,0.19291018354185233,-0.033746988688423345,-0.15096049722291405
exploration,pick_coke_can,1,3,3,0.09894334357797756,-0.1468535561924263,0.13755998898249147,0.085969926429376,1.1415227456272823,0.012973417148601544,0.24579689977040386,-0.03861664540451392,-0.15446599739257363
exploration,pick_coke_can,1,4,3,0.15561657859239114,-0.22316570218554224,0.12247865266118445,0.085969926429376,1.3206439509824939,0.06964665216301512,0.37878228077793336,0.03313792593120669,-0.08563959011154358
exploration,pick_coke_can,1,5,3,0.12083916501053803,-0.1378945873548101,0.11276221388027725,0.085969926429376,1.2974867122705798,0.03486923858116201,0.2587337523653481,0.008076951130260773,-0.1355104430573347
exploration,pick_coke_can,1,6,3,0.1924997580488685,-0.10603029523998708,0.1613869772900418,0.085969926429376,1.1592187945792256,0.10652983161949248,0.29853005328885557,0.0311127807588267,-0.0244194281029574
exploration,pick_coke_can,1,7,3,0.34340936197302047,-0.14660807771414,0.26645326315760903,0.085969926429376,1.1814540056176572,0.2574394355436445,0.49001743968716055,0.07695609881541142,0.06277636151777931
exploration,pick_coke_can,1,8,3,0.13099920302424806,-0.2214701171311961,0.127540277121725,0.085969926429376,1.2908426870933607,0.04502927659487205,0.35246932015544413,0.003458925902523044,-0.1291182067839746
exploration,pick_coke_can,1,9,3,0.20316673942663666,-0.1883412015006142,0.18447031863951083,0.085969926429376,1.1255738105122781,0.11719681299726063,0.3915079409272509,0.01869642078712581,-0.03618429784949968
exploration,pick_coke_can,1,10,3,0.250352385073245,-0.07109202842872399,0.18992273390104053,0.085969926429376,1.1698915913173036,0.164382458643869,0.321444413501969,0.060429651172204495,0.0015923803306834294
exploration,pick_coke_can,1,11,3,0.3048950923569658,-0.22879140442993617,0.2291134643724898,0.085969926429376,1.2061087368551666,0.21892516592758984,0.533686496786902,0.07578162798447607,0.028908335311177424
exploration,pick_coke_can,1,12,3,0.3880247890324811,-0.20971637654185007,0.3318349901778394,0.085969926429376,1.221885533338228,0.30205486260310516,0.5977411655743313,0.056189798854641794,-0.006648342163925606
exploration,pick_coke_can,1,13,3,0.3841095042586912,-0.15848958752210365,0.22821492886588843,0.085969926429376,1.3128432559123508,0.29813957782931516,0.5425990917807949,0.15589457539280277,0.14333167184664514
exploration,pick_coke_can,1,14,3,0.3741036040119638,-0.09009267606058631,0.21046684036740926,0.085969926429376,1.1950724057369202,0.28813367758258773,0.4641962800725501,0.16363676364455454,0.03805404755291387
exploration,pick_coke_can,1,15,3,0.20403119377249815,-0.2097240202161251,0.22083525159139047,0.085969926429376,1.2205097109875358,0.11806126734312213,0.4137552139886232,-0.01680405781889234,-0.025501320982962348
exploration,pick_coke_can,1,16,3,0.24384250227233864,-0.13796547825864672,0.2846825420640477,0.085969926429376,1.1478128105486927,0.15787257584296263,0.38180798053098536,-0.04084003979170908,-0.04084003979170908
exploration,pick_coke_can,1,17,3,0.3556112320214952,-0.1415512010567715,0.3371546474985912,0.085969926429376,0.9926185434530294,0.2696413055921192,0.49716243307826663,0.018456584522903958,0.018456584522903958
exploration,pick_coke_can,1,18,3,0.3076633231209967,-0.18308817485482695,0.2625087761062781,0.085969926429376,1.1784960859670408,0.22169339669162066,0.4907514979758236,0.04515454701471855,0.04515454701471855
exploration,pick_coke_can,1,19,3,0.4232687108249269,-0.14227097617564818,0.34759642690260856,0.085969926429376,1.1847946552716422,0.33729878439555083,0.565539687000575,0.07567228392231831,0.07567228392231831
exploration,pick_coke_can,1,20,3,0.1803821040221779,-0.07358680600394817,0.2690143846315311,0.085969926429376,1.1033690319130904,0.09441217759280192,0.2539689100261261,-0.08863228060935317,-0.08863228060935317
exploration,pick_coke_can,1,21,3,0.3317027922832106,-0.06131433908054356,0.2878555946757643,0.085969926429376,1.0934669202861225,0.2457328658538346,0.3930171313637542,0.0438471976074463,0.0438471976074463
exploration,pick_coke_can,1,22,3,0.2843238195947132,-0.19936892973342024,0.22131330399049495,0.085969926429376,1.1640610624959955,0.19835389316533722,0.4836927493281334,0.06301051560421826,0.0404680374689123
exploration,pick_coke_can,1,23,3,0.24266866378067606,-0.10372756931282456,0.3364476717914358,0.085969926429376,1.178731865388167,0.15669873735130002,0.3463962330935006,-0.09377900801075982,-0.09377900801075982
exploration,pick_coke_can,1,24,3,0.3118310639377341,-0.17477959271475976,0.30219477134208395,0.085969926429376,1.0601777189123647,0.22586113750835804,0.48661065665249387,0.009636292595650131,0.009636292595650131
exploration,pick_coke_can,1,25,3,0.38712778293266364,-0.24836296931939925,0.38226869496218946,0.085969926429376,1.170706247826939,0.30115785650328764,0.6354907522520629,0.004859087970474176,0.004859087970474176
exploration,pick_coke_can,1,26,3,0.3618511075276629,-0.1337990434467671,0.3824644012436562,0.085969926429376,1.1984714249075732,0.2758811810982869,0.49565015097443005,-0.02061329371599324,-0.02061329371599324
exploration,pick_coke_can,1,27,3,0.3730326682971534,-0.21043901599390216,0.34571968816312104,0.085969926429376,1.188133863767385,0.2870627418677774,0.5834716842910556,0.027312980134032393,0.027312980134032393
exploration,pick_coke_can,1,28,3,0.403505805022673,-0.28029296682304844,0.26196071145731814,0.085969926429376,1.1015379842987454,0.317535878593297,0.6837987718457215,0.1415450935653549,0.11585550190619669
exploration,pick_coke_can,1,29,3,0.3618045848939484,-0.17219566573863068,0.3508699808978162,0.085969926429376,1.0392311210763243,0.2758346584645724,0.534000250632579,0.0109346039961322,0.0109346039961322
exploration,pick_coke_can,1,30,3,0.319382011133239,-0.16402307202810132,0.3469178712006455,0.085969926429376,1.1625363031959302,0.23341208470386296,0.4834050831613403,-0.027535860067406492,-0.027535860067406492
exploration,pick_coke_can,1,31,3,0.47524837262248787,-0.19944185152485097,0.47557770500620494,0.085969926429376,0.9920873066246833,0.3892784461931118,0.6746902241473389,-0.0003293323837171476,-0.0003293323837171476
exploration,pick_coke_can,30,0,3,0.26714657266719444,-0.01722779477195871,0.26110264866870664,0.06848204348958199,1.38441985818039,0.19866452917761243,0.2843743674391532,0.006043923998487845,0.006043923998487845
exploration,pick_coke_can,30,1,3,0.21964959361241973,0.0789615733855677,0.21072650092409106,0.06848204348958199,1.1580923522924593,0.15116755012283775,0.14068802022685203,0.008923092688328657,0.0017394804334778247
exploration,pick_coke_can,30,2,3,0.08153002512777179,-0.13585804659620307,0.07329240325175103,0.06848204348958199,0.8174758178129907,0.013047981638189779,0.21738807172397487,0.008237621876020737,-0.03266851305631183
exploration,pick_coke_can,30,3,3,0.11257832542963601,-0.09716768051839535,0.08680694482837437,0.06848204348958199,1.1495585922603893,0.044096281940054015,0.2097460059480314,0.025771380601261634,0.025771380601261634
exploration,pick_coke_can,30,4,3,0.21295098482447652,-0.06431324143618354,0.22979676829998694,0.06848204348958199,1.183927941946241,0.14446894133489455,0.2772642262606601,-0.016845783475510367,-0.0231815344367865
exploration,pick_coke_can,30,5,3,0.28171936870810277,0.08377293964017722,0.23313960873222342,0.06848204348958199,1.174140477881014,0.21323732521852076,0.1979464290679256,0.04857975997587933,0.007782497018003376
exploration,pick_coke_can,30,6,3,0.31789699849846875,-0.00816458157824057,0.33815832457046735,0.06848204348958199,1.3318429435047971,0.2494149550088868,0.3260615800767093,-0.020261326071998525,-0.020261326071998525
exploration,pick_coke_can,30,7,3,0.2534419116491405,-0.0543664497247967,0.17507329788804601,0.06848204348958199,1.3050727588816284,0.18495986815955848,0.3078083613739372,0.07836861376109448,0.06454616460656934
exploration,pick_coke_can,30,8,3,0.3428245467841253,-0.012475937328412035,0.3349508612685417,0.06848204348958199,1.5456994747888475,0.27434250329454324,0.35530048411253734,0.007873685515583567,0.007873685515583567
exploration,pick_coke_can,30,9,3,0.3267891687286646,-0.09462301910182665,0.2738464923873498,0.06848204348958199,1.3966177361578485,0.25830712523908256,0.4214121878304912,0.05294267634131475,0.030428541805240877
exploration,pick_coke_can,30,10,3,0.3243526296244401,-0.10484235389998327,0.2691646361957434,0.06848204348958199,1.5001837201514538,0.25587058613485814,0.42919498352442337,0.055187993428696756,0.055187993428696756
exploration,pick_coke_can,30,11,3,0.33383997686883515,-0.12569754434549285,0.27209335237041726,0.06848204348958199,1.4442515835083836,0.2653579333792532,0.459537521214328,0.06174662449841792,0.06174662449841792
exploration,pick_coke_can,30,12,3,0.32617627117563047,-0.12937295109640812,0.2896668503664642,0.06848204348958199,1.5315529116385393,0.2576942276860485,0.4555492222720386,0.03650942080916623,0.03650942080916623
exploration,pick_coke_can,30,13,3,0.3017737393913227,-0.127132627460794,0.3083890638652697,0.06848204348958199,1.5426441460728835,0.2332916959017407,0.4289063668521167,-0.006615324473947017,-0.006615324473947017
exploration,pick_coke_can,30,14,3,0.40576470181109864,-0.11750259528713751,0.22143282644151863,0.06848204348958199,1.489895055451323,0.33728265832151666,0.5232672970982362,0.18433187536957998,0.17041961437190145
exploration,pick_coke_can,30,15,3,0.3180904552499864,-0.02369766543709691,0.3057721790601388,0.06848204348958199,1.704793834229128,0.2496084117604044,0.34178812068708336,0.012318276189847618,0.012318276189847618
exploration,pick_coke_can,30,16,3,0.3568136727363847,-0.05274313155994506,0.3310330514878901,0.06848204348958199,1.6959996060250593,0.2883316292468027,0.4095568042963298,0.025780621248494656,0.025780621248494656
exploration,pick_coke_can,30,17,3,0.3886371758156017,-0.10475722331874272,0.29663119141410393,0.06848204348958199,1.6624579530044385,0.32015513232601966,0.4933943991343444,0.09200598440149772,0.09200598440149772
exploration,pick_coke_can,30,18,3,0.30925062847672474,-0.06182863530600935,0.3268324670204224,0.06848204348958199,1.708712395237991,0.24076858498714274,0.3710792637827341,-0.01758183854369763,-0.01758183854369763
exploration,pick_coke_can,30,19,3,0.29668022924360393,-0.06127202353191391,0.2888574845334617,0.06848204348958199,1.498625769432308,0.22819818575402193,0.35795225277551784,0.007822744710142207,0.007822744710142207
exploration,pick_coke_can,30,20,3,0.30951985032776125,-0.06207321358706411,0.27678954167977565,0.06848204348958199,1.4003243490138555,0.24103780683817924,0.37159306391482533,0.032730308647985616,0.032730308647985616
exploration,pick_coke_can,30,21,3,0.3286402752615207,-0.08507052352842435,0.2991730000990211,0.06848204348958199,1.5515873858099303,0.26015823177193864,0.41371079878994504,0.029467275162499574,0.029467275162499574
exploration,pick_coke_can,30,22,3,0.29052936451111794,-0.11206079975954585,0.30607507677114293,0.06848204348958199,1.4124429086202637,0.222047321021536,0.40259016427066374,-0.015545712260024944,-0.015545712260024944
exploration,pick_coke_can,30,23,3,0.19780265160466945,-0.06603213395717487,0.19915230518766344,0.06848204348958199,1.3421026238046998,0.12932060811508742,0.2638347855618443,-0.001349653582994011,-0.001349653582994011
exploration,pick_coke_can,30,24,3,0.24907316338239227,-0.04593015707155152,0.20533153835745888,0.06848204348958199,1.4927287043099071,0.18059111989281026,0.2950033204539438,0.043741625024933416,0.043741625024933416
exploration,pick_coke_can,30,25,3,0.2717207002789436,0.027148416385015407,0.2887210161670519,0.06848204348958199,1.231066659174529,0.2032386567893616,0.24457228389392818,-0.017000315888108315,-0.017000315888108315
exploration,pick_coke_can,30,26,3,0.28126765051984837,0.006052974492021408,0.31557664221108733,0.06848204348958199,1.436908882892669,0.21278560703026636,0.27521467602782695,-0.03430899169123899,-0.03430899169123899
exploration,pick_coke_can,30,27,3,0.3185371563080943,-0.03454897273687415,0.3025963438165206,0.06848204348958199,1.4822644623005514,0.2500551128185123,0.35308612904496844,0.015940812491573714,0.015940812491573714
exploration,pick_coke_can,30,28,3,0.24423309987035946,0.010244625691137285,0.25245135352768305,0.06848204348958199,1.4182465971373428,0.17575105638077745,0.2339884741792222,-0.008218253657323593,-0.014647517845185068
exploration,pick_coke_can,30,29,3,0.2877535458888885,-0.08026179951551382,0.2932293333174303,0.06848204348958199,1.3639131906899848,0.2192715023993065,0.36801534540440234,-0.005475787428541786,-0.005475787428541786
exploration,pick_coke_can,30,30,3,0.3000364588750783,0.0678542941084223,0.29592088819595513,0.06848204348958199,1.343367727755032,0.2315544153854963,0.232182164766656,0.004115570679123215,0.004115570679123215
exploration,pick_coke_can,30,31,3,0.2698738351397332,-0.022369408875869867,0.25917566811358433,0.06848204348958199,1.1661874338455913,0.20139179165015117,0.29224324401560303,0.010698167026148883,-0.001189223756836578
exploration,pick_coke_can,59,0,3,0.16345445397747269,-0.16489132701345907,0.17380814786346102,0.10466633239166429,1.320041810076428,0.058788121585808366,0.32834578099093176,-0.010353693885988384,-0.010353693885988384
exploration,pick_coke_can,59,1,3,0.10622171241050031,-0.1053471871531033,0.0662879609686195,0.10466633239166429,1.7189198660997071,0.0015553800188359927,0.21156889956360359,0.0399337514418808,-0.04233011314923707
exploration,pick_coke_can,59,2,3,0.2248309661768432,-0.09183714077511547,0.1649423087991184,0.10466633239166429,1.271857306042514,0.12016463378517894,0.3166681069519587,0.059888657377724835,0.023514000508796623
exploration,pick_coke_can,59,3,3,0.06646851313577272,0.256696794993507,0.19598801942065483,0.10466633239166429,1.341018302292295,-0.03819781925589158,-0.1902282818577343,-0.12951950628488215,-0.2023314442387962
exploration,pick_coke_can,59,4,3,0.162457575787078,0.0860719901846292,0.028682845956590142,0.10466633239166429,1.3515541350739866,0.0577912433954137,0.0763855856024488,0.13377472983048788,0.04310544583353093
exploration,pick_coke_can,59,5,3,0.0847639978351663,-0.02297665837177874,0.07602809391794109,0.10466633239166429,1.401990433998084,-0.01990233455649799,0.10774065620694505,0.008735903917225217,-0.031144732101181054
exploration,pick_coke_can,59,6,3,0.258014826895798,0.07225721164379366,0.25750210822884234,0.10466633239166429,1.834778872572788,0.15334849450413376,0.18575761525200438,0.0005127186669557221,0.0005127186669557221
exploration,pick_coke_can,59,7,3,0.18491807751620457,-0.013055562366506082,0.11184351688889067,0.10466633239166429,1.6165352736761243,0.08025174512454027,0.19797363988271066,0.07307456062731389,0.0060355436329918785
exploration,pick_coke_can,59,8,3,0.15066775772104088,-0.06791861067686754,0.16591690587018212,0.10466633239166429,1.6166050671481436,0.046001425329376594,0.21858636839790843,-0.01524914814914124,-0.01524914814914124
exploration,pick_coke_can,59,9,3,0.17756426293084737,-0.1167275426815973,0.18674437706676641,0.10466633239166429,1.8945179441337867,0.07289793053918309,0.29429180561244467,-0.009180114135919024,-0.009815112505274004
exploration,pick_coke_can,59,10,3,0.16117896556130035,-0.18698392359720997,0.16550165955482382,0.10466633239166429,1.8096361635139797,0.056512633169636055,0.3481628891585104,-0.004322693993523477,-0.011466683493451537
exploration,pick_coke_can,59,11,3,0.22465101803904242,-0.1345057488473477,0.15744703966694182,0.10466633239166429,1.9005772005996782,0.11998468564737812,0.35915676688639014,0.06720397837210058,0.05134152621060778
exploration,pick_coke_can,59,12,3,0.16026268588372494,-0.0828660110038052,0.11001315382271067,0.10466633239166429,1.7272573598839713,0.055596353492060636,0.24312869688753014,0.05024953206101428,0.004175634057070543
exploration,pick_coke_can,59,13,3,0.19245855449446125,-0.13155362627518055,0.12084432180386084,0.10466633239166429,1.778398367124769,0.08779222210279695,0.32401218076964183,0.07161423269060042,0.03292040772783084
exploration,pick_coke_can,59,14,3,0.21060351413072068,-0.08448938536845908,0.1093003676366915,0.10466633239166429,1.5590856935809339,0.10593718173905638,0.2950928994991798,0.10130314649402918,0.02665400360345795
exploration,pick_coke_can,59,15,3,0.12891549217854362,-0.0656871048712876,0.1429661036395112,0.10466633239166429,1.6660076910116501,0.02424915978687933,0.1946025970498312,-0.014050611460967566,-0.025809255148733997
exploration,pick_coke_can,59,16,3,0.10404404092607944,-0.11375562057693123,0.1291000148767293,0.10466633239166429,1.4841485594090873,-0.0006222914655848686,0.21779966150301067,-0.02505597395064989,-0.030267953615594912
exploration,pick_coke_can,59,17,3,0.1684659580461579,-0.08708001596140609,0.17550787401031556,0.10466633239166429,1.415206139854816,0.06379962565449361,0.255545974007564,-0.00704191596415769,-0.10902777503852111
exploration,pick_coke_can,59,18,3,0.1593098136217526,0.2305529400585582,0.19539485021594896,0.10466633239166429,1.3358918489689673,0.054643481230088276,-0.0712431264368056,-0.03608503659419641,-0.10240818556469711
exploration,pick_coke_can,59,19,3,0.17600197608825538,-0.09674251887854574,0.19306111248311117,0.10466633239166429,1.2717460449144626,0.07133564369659107,0.27274449496680114,-0.01705913639485579,-0.04052219825746862
exploration,pick_coke_can,59,20,3,0.15031962845339017,0.061744642915825564,0.1304630136368702,0.10466633239166429,1.1736577079526882,0.04565329606172588,0.0885749855375646,0.019856614816519944,-0.06466033332476522
exploration,pick_coke_can,59,21,3,0.2167362015966273,-0.12388578709495403,0.2557226118868051,0.10466633239166429,0.9926925085735917,0.11206986920496297,0.3406219886915813,-0.03898641029017786,-0.03898641029017786
exploration,pick_coke_can,59,22,3,0.15105589823564627,0.05844962408900564,0.16257627392338372,0.10466633239166429,1.0343503078255167,0.04638956584398198,0.09260627414664063,-0.011520375687737472,-0.017378209962472937
exploration,pick_coke_can,59,23,3,0.1753116606637025,-0.056790423671283896,0.21909543625996042,0.10466633239166429,1.0518616870780082,0.07064532827203818,0.23210208433498636,-0.04378377559625793,-0.05856985098575687
exploration,pick_coke_can,59,24,3,0.18304804648124015,-0.0901449338290562,0.1586741484732264,0.10466633239166429,1.313377900332962,0.07838171408957585,0.2731929803102964,0.02437389800801378,-0.0047544675212916705
exploration,pick_coke_can,59,25,3,0.2333777565877598,0.12562265130339992,0.20703964614096318,0.10466633239166429,1.0326245569081414,0.12871142419609552,0.10775510528435987,0.026338110446796608,0.014172445077243209
exploration,pick_coke_can,59,26,3,0.1968476334680297,0.0005890077608190653,0.22550038879446113,0.10466633239166429,1.0948994942315433,0.09218130107636537,0.19625862570721062,-0.028652755326431467,-0.028652755326431467
exploration,pick_coke_can,59,27,3,0.19059958043575062,0.04876657442756243,0.1586994458109665,0.10466633239166429,0.991592765939596,0.08593324804408635,0.14183300600818824,0.03190013462478413,-0.016710291345976073
exploration,pick_coke_can,59,28,3,0.10829602073970294,-0.03484804165278798,0.1070908467091863,0.10466633239166429,0.9998015185801229,0.0036296883480386364,0.14314406239249092,0.0012051740305166227,-0.036877911909677985
exploration,pick_coke_can,59,29,3,0.25312792215584595,0.10332422836581494,0.2450809287252663,0.10466633239166429,1.0372386432010308,0.14846158976418167,0.149803693790031,0.008046993430579685,-0.042969635652890005
exploration,pick_coke_can,59,30,3,0.23232201582417256,-0.02020199172051862,0.24175666678120092,0.10466633239166429,1.0620120516035996,0.12765568343250827,0.25252400754469123,-0.009434650957028367,-0.009434650957028367
exploration,pick_coke_can,59,31,3,0.21506402584216353,0.06971685327059347,0.16426684320914678,0.10466633239166429,0.9730700498349423,0.11039769345049921,0.14534717257157,0.050797182633016726,-0.013371820363392855
exploration,pick_coke_can,96,0,3,0.3067540877792147,0.08888002686128382,0.3067540877792147,-0.0372646391677657,0.6868110029275915,0.3440187269469804,0.2178740609179309,0.0,0.0
exploration,pick_coke_can,96,1,3,0.4852022791828865,0.19096128635948517,0.42478262879803763,-0.0372646391677657,1.0983820359422773,0.5224669183506522,0.2942409928234013,0.060419650384848866,0.060419650384848866
exploration,pick_coke_can,96,2,3,0.2788203212434677,0.034106227174204334,0.31994741289166545,-0.0372646391677657,0.7252094812485438,0.3160849604112334,0.24471409406926337,-0.04112709164819775,-0.04112709164819775
exploration,pick_coke_can,96,3,3,0.2920603335337583,0.09034528485842469,0.332571370227992,-0.0372646391677657,1.0869043860380352,0.329324972701524,0.20171504867533363,-0.040511036694233636,-0.040511036694233636
exploration,pick_coke_can,96,4,3,0.36454191936032854,0.13628296687369373,0.3626617777876284,-0.0372646391677657,1.076117649133552,0.40180655852809427,0.22825895248663478,0.0018801415727001114,-0.008664400204945744
exploration,pick_coke_can,96,5,3,0.4334048221564137,0.010818375007247527,0.33639774523397087,-0.0372646391677657,1.0005858416763413,0.4706694613241793,0.42258644714916604,0.09700707692244272,0.09700707692244272
exploration,pick_coke_can,96,6,3,0.4041358764500344,0.11891748756417975,0.3631861822687134,-0.0372646391677657,1.0529746803128468,0.4414005156178001,0.28521838888585466,0.04094969418132096,-0.03354451171333611
exploration,pick_coke_can,96,7,3,0.43882891115253525,0.08495252679123959,0.42589666255161157,-0.0372646391677657,1.0559817455356455,0.476093550320301,0.35387638436129576,0.012932248600923716,-0.010577068458135016
exploration,pick_coke_can,96,8,3,0.3886911158700315,0.11109453037576011,0.37061730286937195,-0.0372646391677657,1.0432223951604842,0.42595575503779726,0.2775965854942714,0.018073813000659588,-0.024021551028365267
exploration,pick_coke_can,96,9,3,0.4486610198737851,0.020741986712776328,0.3360075288985474,-0.0372646391677657,1.0698868719295587,0.4859256590415508,0.42791903316100877,0.1126534909752376,0.1126534909752376
exploration,pick_coke_can,96,10,3,0.3620507771741311,0.10240996100198534,0.40867438682715157,-0.0372646391677657,1.161441925905535,0.3993154163418968,0.2596408161721458,-0.04662360965302051,-0.1094496774436788
exploration,pick_coke_can,96,11,3,0.4933463941938938,0.11393619565902564,0.3434151254724544,-0.0372646391677657,1.1686787409938273,0.5306110333616595,0.3794101985348682,0.14993126872143944,0.14993126872143944
exploration,pick_coke_can,96,12,3,0.5035397044110501,0.07708641779486278,0.4769289953380314,-0.0372646391677657,1.232982670436318,0.5408043435788158,0.42645328661618725,0.02661070907301864,0.02661070907301864
exploration,pick_coke_can,96,13,3,0.4097005790943154,0.0685424530115517,0.34120744642785356,-0.0372646391677657,1.1630146645415749,0.4469652182620811,0.34115812608276364,0.06849313266646184,0.06849313266646184
exploration,pick_coke_can,96,14,3,0.48631376671775167,0.12887031148286854,0.1280794008295437,-0.0372646391677657,1.1044800309360407,0.5235784058855173,0.3574434552348831,0.35823436588820795,0.2466696053997346
exploration,pick_coke_can,96,15,3,0.3136485406394905,0.1308288998224959,0.4002248752508846,-0.0372646391677657,0.9337059711741608,0.35091317980725617,0.18281964081699456,-0.08657633461139413,-0.08657633461139413
exploration,pick_coke_can,96,16,3,0.3300777353574089,0.11297947131321022,0.38424703306105096,-0.0372646391677657,0.8998592686410921,0.36734237452517465,0.21709826404419866,-0.05416929770364202,-0.05416929770364202
exploration,pick_coke_can,96,17,3,0.4001331081324637,0.09656566506810194,0.35479465564058205,-0.0372646391677657,0.9049140620936179,0.4373977473002295,0.30356744306436184,0.04533845249188171,0.04533845249188171
exploration,pick_coke_can,96,18,3,0.45561275351450653,0.18743455094568304,0.4620844392963388,-0.0372646391677657,1.0603768561263764,0.4928773926822722,0.2681782025688235,-0.006471685781832252,-0.006471685781832252
exploration,pick_coke_can,96,19,3,0.42909446315273797,0.06955017420969113,0.4340620351675765,-0.0372646391677657,0.9074614694429641,0.4663591023205036,0.35954428894304674,-0.004967572014838588,-0.004967572014838588
exploration,pick_coke_can,96,20,3,0.373712776416067,0.0692367663489857,0.3861254605582212,-0.0372646391677657,0.8974527399806523,0.4109774155838326,0.3044760100670812,-0.012412684142154318,-0.012412684142154318
exploration,pick_coke_can,96,21,3,0.44802984544358493,0.15837903123416253,0.353654354494594,-0.0372646391677657,0.9190050671161542,0.48529448461135055,0.2896508142094224,0.09437549094899099,0.09437549094899099
exploration,pick_coke_can,96,22,3,0.43401324777404254,0.13065685969421775,0.26829093323558556,-0.0372646391677657,0.9242923880621058,0.47127788694180817,0.30335638807982473,0.1657223145384569,0.1657223145384569
exploration,pick_coke_can,96,23,3,0.4617731001075138,0.058326276769522824,0.4211145506942618,-0.0372646391677657,1.0423886209025752,0.49903773927527956,0.40344682333799103,0.04065854941325201,0.04065854941325201
exploration,pick_coke_can,96,24,3,0.2714333068754519,0.16455049391392823,0.27528640055208775,-0.0372646391677657,0.9245078107294856,0.3086979460432176,0.10688281296152365,-0.003853093676635865,-0.11214502745555473
exploration,pick_coke_can,96,25,3,0.21259887976165504,0.17414032648964592,0.11509964988371617,-0.0372646391677657,0.8161037933559506,0.2498635189294207,0.03845855327200911,0.09749922987793884,-0.027635263161301993
exploration,pick_coke_can,96,26,3,0.271049107396464,0.151609670935287,0.17654469330614833,-0.0372646391677657,0.8520518677847981,0.30831374656422966,0.119439436461177,0.09450441409031567,0.03713181122385049
exploration,pick_coke_can,96,27,3,0.4918593158224218,0.09449049376409857,0.2146985961078585,-0.0372646391677657,0.9789148181799942,0.5291239549901875,0.3973688220583232,0.2771607197145633,0.20307509812042132
exploration,pick_coke_can,96,28,3,0.35432315120063596,0.08472305040808932,0.28500349812995857,-0.0372646391677657,0.9812539461749648,0.3915877903684017,0.2696001007925466,0.06931965307067736,0.06931965307067736
exploration,pick_coke_can,96,29,3,0.3202233543333945,0.08183669445986617,0.14527986412605712,-0.0372646391677657,0.883925683759793,0.3574879935011602,0.23838665987352833,0.17494349020733738,0.11493670664093758
exploration,pick_coke_can,96,30,3,0.22667656017108306,0.17169128902047412,0.23269383993633894,-0.0372646391677657,0.7494482085355485,0.26394119933884874,0.05498527115060894,-0.0060172797652558825,-0.03313195785082329
exploration,pick_coke_can,96,31,3,0.21131306720925827,0.05491609947776499,0.19782650905411323,-0.0372646391677657,0.766608314190484,0.24857770637702395,0.15639696773149328,0.013486558155145054,-0.019075502736122223
exploration,pick_coke_can,97,0,3,0.1552297194901302,0.14325778580924278,0.1983602673317336,-0.07065405897123127,0.7018089711582354,0.22588377846136146,0.011971933680887429,-0.043130547841603355,-0.1354808472813995
exploration,pick_coke_can,97,1,3,0.44819683950988093,0.10905604486660735,0.49671424065457,-0.07065405897123127,0.9854773642163837,0.5188508984811122,0.33914079464327357,-0.04851740114468909,-0.04851740114468909
exploration,pick_coke_can,97,2,3,0.18031072136329354,0.19773244876636364,0.18365625525963447,-0.07065405897123127,0.38420944872978186,0.2509647803345248,-0.0174217274030701,-0.003345533896340879,-0.062023655983356935
exploration,pick_coke_can,97,3,3,0.24871230595866756,0.13240647346674078,0.13364828558022301,-0.07065405897123127,0.7219630769520754,0.31936636492989884,0.11630583249192676,0.11506402037844454,0.05741563826807253
exploration,pick_coke_can,97,4,3,0.2825745010053559,0.13678278450037887,0.13309434766926642,-0.07065405897123127,0.8087059982045934,0.3532285599765872,0.1457917165049771,0.1494801533360895,0.05366168563395508
exploration,pick_coke_can,97,5,3,0.34293103863498264,0.21549628583321648,0.34293103863498264,-0.07065405897123127,0.8171929005569402,0.4135850976062139,0.12743475280176614,0.0,-0.023340514301383175
exploration,pick_coke_can,97,6,3,0.40411350222178294,0.1757796984186392,0.3520608100057563,-0.07065405897123127,0.9116259681294836,0.4747675611930142,0.22833380380314372,0.05205269221602662,0.05205269221602662
exploration,pick_coke_can,97,7,3,0.36789123981876903,0.1396310120617516,0.22652861890406348,-0.07065405897123127,0.8791096355511518,0.4385452987900003,0.22826022775701746,0.1413626209147056,0.09660337118938817
exploration,pick_coke_can,97,8,3,0.457560723669528,0.09150811743509907,0.423408654235048,-0.07065405897123127,1.0230267912230033,0.5282147826407593,0.366052606234429,0.03415206943448005,0.03415206943448005
exploration,pick_coke_can,97,9,3,0.36662191674684524,0.08051715721253964,0.4501572274127654,-0.07065405897123127,0.8889321270022874,0.43727597571807647,0.28610475953430564,-0.08353531066592014,-0.08353531066592014
exploration,pick_coke_can,97,10,3,0.356627669245487,0.17256080603737087,0.3288645641287742,-0.07065405897123127,0.9336821535511645,0.4272817282167183,0.18406686320811616,0.0277631051167128,0.0277631051167128
exploration,pick_coke_can,97,11,3,0.2800645485104649,0.04639337292282796,0.33707645359590277,-0.07065405897123127,0.9685031363884505,0.3507186074816962,0.23367117558763695,-0.05701190508543785,-0.05701190508543785
exploration,pick_coke_can,97,12,3,0.31501635042903625,0.11144815537135076,0.34754504884989096,-0.07065405897123127,0.841253934481554,0.3856704094002676,0.20356819505768553,-0.0325286984208546,-0.03559946930037199
exploration,pick_coke_can,97,13,3,0.21957776337900756,0.13481944375250257,0.23657745026456198,-0.07065405897123127,0.9105819094188993,0.2902318223502388,0.08475831962650494,-0.016999686885554453,-0.016999686885554453
exploration,pick_coke_can,97,14,3,0.17006037968720156,0.15262264456609034,0.26977514263864677,-0.07065405897123127,0.8514416516310855,0.24071443865843287,0.017437735121111225,-0.09971476295144521,-0.12463166398755195
exploration,pick_coke_can,97,15,3,0.29663042344815715,0.10279218042727982,0.39300753376127423,-0.07065405897123127,0.9193026868574852,0.36728448241938844,0.19383824302087735,-0.09637711031311706,-0.09637711031311706
exploration,pick_coke_can,97,16,3,0.271197552208593,0.09723503143996165,0.3621330735243073,-0.07065405897123127,0.9081406401031926,0.3418516111798242,0.1739625207686313,-0.09093552131571432,-0.09093552131571432
exploration,pick_coke_can,97,17,3,0.24019941676717524,0.10365676279551543,0.21739243025671717,-0.07065405897123127,0.8323052726338297,0.3108534757384065,0.1365426539716598,0.02280698651045805,0.007202337143486244
exploration,pick_coke_can,97,18,3,0.12405694794962792,0.14398498823630326,0.19542453336466672,-0.07065405897123127,0.8232121583504627,0.19471100692085921,-0.01992804028667532,-0.07136758541503879,-0.07136758541503879
exploration,pick_coke_can,97,19,3,0.2448957372033619,0.13405248851042637,0.24603600639112985,-0.07065405897123127,0.6779174001394158,0.3155497961745932,0.11084324869293556,-0.001140269187767921,-0.03799341786000768
exploration,pick_coke_can,97,20,3,0.2992707721123682,0.20535435209761888,0.21274520368661975,-0.07065405897123127,0.8807025027650631,0.3699248310835994,0.09391642001474931,0.08652556842574843,0.015072681072123386
exploration,pick_coke_can,97,21,3,0.3051549887939935,0.0406773207322608,0.3099380235234326,-0.07065405897123127,0.6861644493301521,0.3758090477652248,0.26447766806173273,-0.004783034729439066,-0.004783034729439066
exploration,pick_coke_can,97,22,3,0.3430520591238899,0.11280704670266724,0.3212579470859485,-0.07065405897123127,0.8749028571500457,0.4137061180951213,0.23024501242122275,0.02179411203794146,0.02179411203794146
exploration,pick_coke_can,97,23,3,0.30449537862507037,0.08805923222235977,0.20903487838405999,-0.07065405897123127,0.806088793110879,0.3751494375963016,0.21643614640271058,0.09546050024101034,0.09546050024101034
exploration,pick_coke_can,97,24,3,0.33940768200957017,0.24629199607554778,0.314211237021408,-0.07065405897123127,0.9157196666208834,0.41006174098080145,0.0931156859340224,0.025196444988162186,-0.03272386278615552
exploration,pick_coke_can,97,25,3,0.23605227191425052,0.03614190572526501,0.24882630913690884,-0.07065405897123127,0.7242616054024283,0.30670633088548177,0.1999103661889855,-0.012774037222658319,-0.012774037222658319
exploration,pick_coke_can,97,26,3,0.2130218316728734,0.2845176558377581,0.24733186787811454,-0.07065405897123127,0.7735096875078643,0.28367589064410464,-0.07149582416488472,-0.03431003620524112,-0.09153899941568278
exploration,pick_coke_can,97,27,3,0.24158591943662885,0.14907577403750216,0.2685346146943562,-0.07065405897123127,0.716797960630407,0.3122399784078601,0.09251014539912668,-0.02694869525772739,-0.047298056935519035
exploration,pick_coke_can,97,28,3,0.2504186388095438,0.16250344270767098,0.1950094820164209,-0.07065405897123127,0.6583617782660979,0.3210726977807751,0.08791519610187282,0.055409156793122895,0.020752704601533518
exploration,pick_coke_can,97,29,3,0.1634961612083681,0.16789834729253617,0.1724526019480007,-0.07065405897123127,0.7609944887815687,0.23415022017959938,-0.004402186084168032,-0.00895644073963256,-0.08338869581109774
exploration,pick_coke_can,97,30,3,0.20434065496701867,-0.0216739425568188,0.20434065496701867,-0.07065405897123127,0.7700626940009615,0.2749947139382499,0.22601459752383748,0.0,0.0
exploration,pick_coke_can,97,31,3,0.16506466007653983,-0.02498595584099184,0.18309315293480377,-0.07065405897123127,0.638217638040774,0.23571871904777109,0.19005061591753167,-0.01802849285826393,-0.05622828193035192
validation,move_near,0,0,3,0.13774425571168136,0.04990596888430061,0.13774425571168136,0.24591907719162542,1.1511408575452793,-0.10817482147994406,0.08783828682738076,0.0,-0.23531968820046925
validation,move_near,0,1,3,0.24494016751407574,0.1338224485590083,0.2323818096360222,0.24591907719162542,1.115447402390723,-0.0009789096775496924,0.11111771895506745,0.01255835787805352,-0.0893947879379502
validation,move_near,0,2,3,0.30679498540457123,0.10529908886539813,0.2616995672334226,0.24591907719162542,0.8701224152991408,0.060875908212945785,0.2014958965391731,0.04509541817114862,-0.06416662028856848
validation,move_near,0,3,3,0.25273309279610906,0.12424120378430463,0.31452048788698256,0.24591907719162542,1.0265518373981721,0.006814015604483609,0.12849188901180442,-0.06178739509087352,-0.07942944968593801
validation,move_near,0,4,3,0.30366357192037,0.17173208058215175,0.3081926709240746,0.24591907719162542,1.041446314804893,0.0577444947287446,0.13193149133821824,-0.004529099003704601,-0.05592595831242584
validation,move_near,0,5,3,0.23296944646286674,0.049337428643565884,0.2337453174586244,0.24591907719162542,0.9559885536533951,-0.01294963072875869,0.18363201781930086,-0.0007758709957576826,-0.07644709260911554
validation,move_near,0,6,3,0.12843531756426038,0.015838637132830142,0.09731917078437725,0.24591907719162542,1.0306266846210426,-0.11748375962736506,0.11259668043143023,0.031116146779883128,-0.18669921163285752
validation,move_near,0,7,3,0.00070160633055207,0.1844283478247719,0.007039688310053989,0.24591907719162542,1.2243317539466159,-0.24521747086107337,-0.18372674149421986,-0.006338081979501919,-0.27646012452965396
validation,move_near,0,8,3,0.06568031643343886,0.14955926789096408,0.011662390988875856,0.24591907719162542,1.0422367423106291,-0.18023876075818657,-0.0838789514575252,0.05401792544456302,-0.2576215245472299
validation,move_near,0,9,3,0.0017146137601189067,0.13040486043968788,0.02766571428142774,0.24591907719162542,1.1760051176896615,-0.2442044634315065,-0.12869024667956896,-0.025951100521308838,-0.32363404660807255
validation,move_near,0,10,3,0.0832767232942505,0.11775174539330731,0.15926248090776593,0.24591907719162542,1.0801322482184368,-0.16264235389737494,-0.03447502209905682,-0.07598575761351543,-0.3411192131068533
validation,move_near,0,11,3,0.1093945230275785,0.20572315053209525,0.1848632603635508,0.24591907719162542,1.5533312247723556,-0.13652455416404694,-0.09632862750451672,-0.07546873733597227,-0.3169866871281002
validation,move_near,0,12,3,0.03419260552027884,0.2003692295396097,0.10977753002420394,0.24591907719162542,1.1497341803423857,-0.2117264716713466,-0.1661766240193309,-0.0755849245039251,-0.3439177978483923
validation,move_near,0,13,3,0.09788389758736739,0.23660454656788757,0.04707611712355845,0.24591907719162542,1.2613054294643806,-0.14803517960425808,-0.1387206489805202,0.05080778046380893,-0.24660014418281925
validation,move_near,0,14,3,0.009704767984298776,0.1871317370794633,0.04172286909658368,0.24591907719162542,1.1530591844714302,-0.2362143092073267,-0.1774269690951645,-0.03201810111228492,-0.34387714622932597
validation,move_near,0,15,3,0.021770166933409874,-0.018483697677909427,-0.0005925159734350705,0.24591907719162542,1.1092469064554438,-0.22414891025821557,0.0402538646113193,0.02236268290684495,-0.25087354998433065
validation,move_near,0,16,3,0.059036337560330256,0.12883633607513548,0.005618613659709966,0.24591907719162542,1.1402563138229638,-0.18688273963129517,-0.06979999851480523,0.053417723900620294,-0.2401766366608559
validation,move_near,0,17,3,0.030090667859570708,0.02839382299232926,0.043246863147691494,0.24591907719162542,0.9556494932749885,-0.21582840933205472,0.001696844867241439,-0.013156195288120795,-0.26793553670971454
validation,move_near,0,18,3,0.16667469262531573,0.057984396953380445,0.16347314561219972,0.24591907719162542,1.026302359738568,-0.07924438456630974,0.10869029567193528,0.003201547013115961,-0.16888088948987448
validation,move_near,0,19,3,0.12849409396838674,0.14327987885714025,0.13745954453957088,0.24591907719162542,0.9822840890028912,-0.11742498322323873,-0.01478578488875352,-0.00896545057118415,-0.24451828591676214
validation,move_near,0,20,3,0.21161396922386888,0.1494657172649092,0.1375489983996314,0.24591907719162542,0.9837001838689803,-0.03430510796775654,0.0621482519589597,0.07406497082423753,-0.12544067044419346
validation,move_near,0,21,3,0.12107418647365902,0.06287821534442804,0.1621269666768063,0.24591907719162542,0.9636973749801419,-0.12484489071796641,0.05819597112923097,-0.04105278020314729,-0.23241328282256632
validation,move_near,0,22,3,0.09483633258542157,0.13513572438193908,0.10394619665071343,0.24591907719162542,1.0165032067534814,-0.15108274460620388,-0.0402993917965175,-0.00910986406529187,-0.23281955896614584
validation,move_near,0,23,3,0.16143760443232358,0.07029454885802573,0.16143760443232358,0.24591907719162542,0.970833609154316,-0.08448147275930189,0.09114305557429785,0.0,-0.15275802529246563
validation,move_near,0,24,3,0.1207062863143185,0.07148927004663376,0.12798537915064528,0.24591907719162542,0.954949527602286,-0.12521279087730694,0.04921701626768473,-0.007279092836326773,-0.17822488467020045
validation,move_near,0,25,3,0.12997357470057488,0.06360668819201551,0.14918793114401455,0.24591907719162542,0.9506353599120482,-0.11594550249105055,0.0663668865085594,-0.019214356443439672,-0.1755432056982189
validation,move_near,0,26,3,0.17073741000891404,0.03372738467694258,0.1723113744608825,0.24591907719162542,0.9741068113642749,-0.0751816671827114,0.13701002533197149,-0.0015739644519684245,-0.1382500078735107
validation,move_near,0,27,3,0.16553696910864404,0.06388073588620215,0.15150543585755155,0.24591907719162542,1.0168694322545784,-0.08038210808298138,0.10165623322244188,0.014031533251092502,-0.13346377462013875
validation,move_near,0,28,3,0.13718404667279147,0.003534708972635784,0.13718404667279147,0.24591907719162542,0.9478126947840204,-0.10873503051883397,0.13364933770015566,0.0,-0.14658533686199873
validation,move_near,0,29,3,0.14134529632519863,0.017767305758342698,0.14743746708652913,0.24591907719162542,0.9304503540959673,-0.10457378086642678,0.12357799056685596,-0.006092170761330488,-0.1477625368897778
validation,move_near,0,30,3,0.1511371842490248,-0.011808305897161628,0.1496262791838637,0.24591907719162542,0.8513670270277999,-0.09478189294260063,0.16294549014618642,0.001510905065161101,-0.151092518266683
validation,move_near,0,31,3,0.14073057084148138,-0.03810858441616232,0.10726171274220302,0.24591907719162542,0.9423030105970414,-0.10518850635014405,0.17883915525764368,0.03346885809927836,-0.13362745281594035
validation,move_near,13,0,3,0.29450999874307776,0.11172298315139408,0.2944352731445022,0.056877620407417,1.0088726016061587,0.23763237833566075,0.18278701559168367,7.472559857552019e-05,7.472559857552019e-05
validation,move_near,13,1,3,0.3448099010434096,0.1798088184286115,0.34398103722025125,0.056877620407417,0.9781566940748219,0.2879322806359926,0.1650010826147981,0.0008288638231583323,0.0008288638231583323
validation,move_near,13,2,3,0.2833043620181958,0.08721877120034897,0.2928524613502821,0.056877620407417,0.87285467068963,0.22642674161077878,0.1960855908178468,-0.009548099332086299,-0.009548099332086299
validation,move_near,13,3,3,0.2773119199654662,0.15811552724970665,0.2815469653544083,0.056877620407417,1.0279368281009489,0.22043429955804925,0.11919639271575956,-0.004235045388942075,-0.06333884643434691
validation,move_near,13,4,3,0.21237501965615369,0.1898484491607645,0.2093625319034035,0.056877620407417,1.1557560646460028,0.15549739924873668,0.02252657049538917,0.0030124877527501156,-0.05645190297952313
validation,move_near,13,5,3,0.27222899406100204,0.10719725639689004,0.26594011986357574,0.056877620407417,0.9384747147043044,0.21535137365358506,0.16503173766411203,0.006288874197426307,0.006288874197426307
validation,move_near,13,6,3,0.2632230043983796,0.1020390017974115,0.255100815763791,0.056877620407417,0.9805284761893556,0.20634538399096258,0.16118400260096807,0.008122188634588542,0.008122188634588542
validation,move_near,13,7,3,0.323585670996042,0.138464706608444,0.33171440858020745,0.056877620407417,1.0171576573584054,0.26670805058862507,0.18512096438759804,-0.008128737584165399,-0.008128737584165399
validation,move_near,13,8,3,0.3087223660846388,0.178453321791088,0.29189169491889455,0.056877620407417,1.0426429754132174,0.2518447456772218,0.13026904429355082,0.016830671165744254,0.009233248190516907
validation,move_near,13,9,3,0.2826784219571596,0.1995295186761669,0.28969439042739475,0.056877620407417,1.051720790231906,0.22580080154974258,0.08314890328099268,-0.007015968470235186,-0.01870921473982377
validation,move_near,13,10,3,0.25245970349465735,0.1288689948044189,0.2991664862762234,0.056877620407417,1.113196268121355,0.19558208308724034,0.12359070869023843,-0.046706782781566085,-0.04768736544484998
validation,move_near,13,11,3,0.31887745271104223,0.08024067764037834,0.33254809940940017,0.056877620407417,1.0295547432185361,0.2619998323036253,0.23863677507066391,-0.013670646698357936,-0.013670646698357936
validation,move_near,13,12,3,0.3357566359457503,0.21515134558328738,0.3372545676137031,0.056877620407417,1.1662984623501222,0.27887901553833333,0.12060529036246292,-0.0014979316679527936,-0.010863435158312637
validation,move_near,13,13,3,0.2572657970485184,0.18023021753607468,0.2848814506288864,0.056877620407417,1.0388311379907755,0.20038817664110134,0.07703557951244368,-0.027615653580368067,-0.028755773627457792
validation,move_near,13,14,3,0.2841345336947427,0.10596980304829677,0.2990067477857607,0.056877620407417,0.9412437836919372,0.2272569132873257,0.17816473064644592,-0.014872214091017957,-0.014872214091017957
validation,move_near,13,15,3,0.1654964284416787,0.16353612863339154,0.2297194586683168,0.056877620407417,0.9305278829148916,0.10861880803426172,0.001960299808287149,-0.06422303022663813,-0.0813513269548671
validation,move_near,13,16,3,0.2791713768911929,0.19178248410591425,0.2525727184728603,0.056877620407417,1.104129681382185,0.22229375648377592,0.08738889278527866,0.02659865841833268,-0.03546658335528765
validation,move_near,13,17,3,0.24815796015472258,0.20212276124120518,0.261638059798023,0.056877620407417,0.9871583532224893,0.19128033974730554,0.0460351989135174,-0.013480099643300483,-0.03909207305393198
validation,move_near,13,18,3,0.17314207791648642,0.18240556172470565,0.20687884658517433,0.056877620407417,0.8756943284971347,0.11626445750906943,-0.009263483808219203,-0.033736768668687925,-0.09821212944589368
validation,move_near,13,19,3,0.12519011368721086,0.10456456245548018,0.1177609262416518,0.056877620407417,0.80830528730333,0.06831249327979386,0.020625551231730665,0.007429187445559061,-0.04635274544473141
validation,move_near,13,20,3,0.15451455338204098,0.236863552597978,0.160546915587182,0.056877620407417,0.766813040213461,0.09763693297462399,-0.08234899921593704,-0.006032362205141032,-0.1608379683849858
validation,move_near,13,21,3,0.27804554877442894,0.19665428850747568,0.28467525289765655,0.056877620407417,0.8663239392199228,0.22116792836701193,0.08139126026695324,-0.006629704123227609,-0.024521820871778937
validation,move_near,13,22,3,0.16607340328490475,0.166194745352305,0.16980031265292372,0.056877620407417,0.7978285098895143,0.10919578287748777,-0.0001213420674002393,-0.003726909368018984,-0.07870106434662527
validation,move_near,13,23,3,0.19967682871232514,0.0822935810515605,0.22974003355080685,0.056877620407417,0.8047658604630659,0.14279920830490814,0.11738324766076463,-0.03006320483848171,-0.03918281585221764
validation,move_near,13,24,3,0.2050789748525438,0.14441358362166554,0.17633016279258862,0.056877620407417,0.7841663857321005,0.14820135444512683,0.060665391230878295,0.02874881205995522,-0.018841160675535835
validation,move_near,13,25,3,0.20645967133788345,0.23078473922077358,0.19134035711927724,0.056877620407417,0.8010553232616866,0.14958205093046642,-0.02432506788289016,0.015119314218606156,-0.06185998225620523
validation,move_near,13,26,3,0.11227003958951352,0.14488877995612065,0.15279519090794794,0.056877620407417,0.7876315875370917,0.055392419182096524,-0.03261874036660712,-0.040525151318434406,-0.1542295450278519
validation,move_near,13,27,3,0.19131337983050248,0.2597790988339866,0.16869288218372383,0.056877620407417,0.8335415480145693,0.1344357594230855,-0.06846571900348412,0.022620497646778665,-0.12818709570808262
validation,move_near,13,28,3,0.11945859923343981,0.20988573042107098,0.15481317810784626,0.056877620407417,0.7707782125799881,0.0625809788260228,-0.09042713118763118,-0.03535457887440645,-0.15007955558154604
validation,move_near,13,29,3,0.18624889957660806,0.231752042664897,0.15907698123976832,0.056877620407417,0.7992528613231723,0.12937127916919106,-0.04550314308828895,0.027171918336839723,-0.11550879268804674
validation,move_near,13,30,3,0.13900435388025648,0.21625640664371762,0.14526081440445968,0.056877620407417,0.8395409218242339,0.0821267334728395,-0.07725205276346113,-0.006256460524203186,-0.1250356687250059
validation,move_near,13,31,3,0.15176459563735792,0.166122939266883,0.17051197295860607,0.056877620407417,0.7834453793409034,0.09488697522994094,-0.014358343629525086,-0.01874737732124814,-0.0979232500278263
validation,move_near,89,0,3,0.2478894232995719,-0.06165853458280146,0.2478894232995719,0.15032114299802954,1.1274495765135109,0.09756828030154235,0.3095479578823734,0.0,0.0
validation,move_near,89,1,3,0.32850089898684887,-0.0006993140825581542,0.31799918017831086,0.15032114299802954,1.178117819555397,0.17817975598881933,0.32920021306940705,0.010501718808538016,-0.006733973658249348
validation,move_near,89,2,3,0.24887333353430885,0.03386866653724329,0.2327973128989201,0.15032114299802954,1.0517642528929583,0.09855219053627932,0.21500466699706555,0.016076020635388794,-0.0319470917417019
validation,move_near,89,3,3,0.20470105000712535,0.08756139515844735,0.2301344562795634,0.15032114299802954,1.185554081962068,0.05437990700909583,0.11713965484867801,-0.02543340627243801,-0.0836212281621791
validation,move_near,89,4,3,0.19120025515344055,0.026525619717591768,0.19075469394255107,0.15032114299802954,1.2011129333894617,0.04087911215541104,0.16467463543584882,0.00044556121088951475,-0.06414523892067661
validation,move_near,89,5,3,0.190894440687617,-0.05069803077205822,0.19498100453473913,0.15032114299802954,0.9669233899412185,0.04057329768958744,0.2415924714596752,-0.004086563847122156,-0.045042024879580665
validation,move_near,89,6,3,0.2835594040193228,0.0027662626421360117,0.2585159405945448,0.15032114299802954,1.134198875716518,0.13323826102129324,0.28079314137718675,0.02504346342477795,-0.01934297821396902
validation,move_near,89,7,3,0.1988612322492674,-0.028172909399335682,0.24078078076300405,0.15032114299802954,1.2168261048672926,0.04854008925123782,0.2270341416486031,-0.04191954851373667,-0.08585216998800323
validation,move_near,89,8,3,0.2753429344161125,0.0135754492328491,0.2792812933384952,0.15032114299802954,1.2020062137925358,0.125021791418083,0.2617674851832635,-0.003938358922382683,-0.05689007403816939
validation,move_near,89,9,3,0.29217854491161993,0.05059798831220558,0.2648858992625045,0.15032114299802954,1.1752128461232803,0.14185740191359042,0.24158055659941438,0.02729264564911546,-0.0023367499229114317
validation,move_near,89,10,3,0.2789945267635665,0.007195165394836597,0.26510011786525045,0.15032114299802954,1.2133989509793863,0.12867338376553694,0.2717993613687299,0.013894408898316049,-0.01773279522382192
validation,move_near,89,11,3,0.31596134416022276,0.026629539383699774,0.3176172812465413,0.15032114299802954,1.2095079447259458,0.16564020116219322,0.2893318047765229,-0.0016559370863185503,-0.0016559370863185503
validation,move_near,89,12,3,0.30464617162954644,0.018595282574581536,0.3366985850300059,0.15032114299802954,1.337605424413864,0.1543250286315169,0.2860508890549649,-0.03205241340045938,-0.03205241340045938
validation,move_near,89,13,3,0.21573287199118055,0.05817615227173076,0.24110823158678266,0.15032114299802954,1.190968712783011,0.06541172899315102,0.15755671971944982,-0.02537535959560208,-0.041816182014692616
validation,move_near,89,14,3,0.2513395961797594,0.06637032464913839,0.2648642388579595,0.15032114299802954,1.1598593977420182,0.10101845318172979,0.18496927153062095,-0.013524642678200166,-0.022677305390690915
validation,move_near,89,15,3,0.2196392370603122,0.02204937744842156,0.27808760806761573,0.15032114299802954,1.1027048958954735,0.06931809406228263,0.19758985961189066,-0.05844837100730349,-0.06890470765354842
validation,move_near,89,16,3,0.28248656551015744,0.013083219103349286,0.291279079994895,0.15032114299802954,1.1252542963628072,0.1321654225121279,0.26940334640680813,-0.008792514484737566,-0.04012539682899669
validation,move_near,89,17,3,0.20019360440854383,0.0020312956062075263,0.20565202297625948,0.15032114299802954,1.0806089030647792,0.0498724614105143,0.19816230880233632,-0.005458418567715645,-0.07121038746435841
validation,move_near,89,18,3,0.21077709653914603,-0.04920818386890463,0.2811154764917379,0.15032114299802954,1.040275706720003,0.0604559535411165,0.2599852804080507,-0.07033837995259189,-0.10544200331895544
validation,move_near,89,19,3,0.1921667094609225,-0.055358263582339196,0.21842090809731687,0.15032114299802954,1.0211963533831423,0.04184556646289298,0.24752497304326174,-0.02625419863639435,-0.06872293184896001
validation,move_near,89,20,3,0.21068237130825576,-0.027521526222223234,0.19732179131942693,0.15032114299802954,1.0604352717145626,0.06036122831022624,0.238203897530479,0.013360579988828869,-0.05276971128805471
validation,move_near,89,21,3,0.16030049192933146,-0.010612510463975868,0.2259125405437256,0.15032114299802954,1.0517994652439338,0.009979348931301915,0.17091300239330734,-0.06561204861439414,-0.10704543564499787
validation,move_near,89,22,3,0.17395388826022398,-0.05349769297901902,0.19639481776238035,0.15032114299802954,1.0502783412198446,0.023632745262194426,0.22745158123924303,-0.02244092950215638,-0.08095725551655543
validation,move_near,89,23,3,0.1949761998528234,0.013557122861423765,0.19840954697027055,0.15032114299802954,1.01016774028906,0.044655056854793825,0.1814190769913996,-0.00343334711744712,-0.05247321820055966
validation,move_near,89,24,3,0.15192192674302588,-0.07600451190371453,0.1808766124078038,0.15032114299802954,1.0089975480864815,0.001600783744996337,0.22792643864674042,-0.028954685664777918,-0.0912698780290608
validation,move_near,89,25,3,0.20484742646896545,-0.009334634781188218,0.21032362429140025,0.15032114299802954,1.0119450312925988,0.0545262834709359,0.21418206125015368,-0.0054761978224347795,-0.05767465418071843
validation,move_near,89,26,3,0.1850436434638397,0.029345840225412385,0.1563077563821014,0.15032114299802954,0.9692752090921424,0.03472250046581012,0.15569780323842727,0.028735887081738274,-0.028559508235962098
validation,move_near,89,27,3,0.15665354240501525,0.045936561531279174,0.16642155510246037,0.15032114299802954,1.0008799920240643,0.006332399406985721,0.11071698087373609,-0.009768012697445096,-0.06289584621593812
validation,move_near,89,28,3,0.17062309759213679,0.08459180619807982,0.17239058049806832,0.15032114299802954,1.045231120376001,0.020301954594107264,0.08603129139405696,-0.0017674829059315222,-0.07438532396310354
validation,move_near,89,29,3,0.19073153816089042,-0.007043694696990246,0.17942862745942592,0.15032114299802954,0.9577788889004162,0.04041039516286085,0.19777523285788065,0.01130291070146449,-0.05810885048069909
validation,move_near,89,30,3,0.20969958368994668,-0.012243496178762596,0.21348201898742225,0.15032114299802954,0.9323066435865123,0.05937844069191713,0.2219430798687093,-0.003782435297475598,-0.05207097642961613
validation,move_near,89,31,3,0.18772559657189883,-0.004761543197785388,0.19727252975900522,0.15032114299802954,0.9650309639347219,0.03740445357386927,0.19248713976968423,-0.009546933187106412,-0.055086479110387894
validation,open_drawer,0,0,3,0.20085151752356356,0.07180912920738393,0.20085151752356356,0.007386746144368582,1.5729327058415674,0.19346477137919496,0.12904238831617965,0.0,0.0
validation,open_drawer,0,1,3,0.3008951394529738,0.02568179344137564,0.2945568124491233,0.007386746144368582,1.6652492689638099,0.29350839330860523,0.2752133460115982,0.006338327003850545,0.006338327003850545
validation,open_drawer,0,2,3,0.2144825476603264,0.1404491329853024,0.21548751560819532,0.007386746144368582,1.6592709541874964,0.20709580151595783,0.07403341467502399,-0.0010049679478689548,-0.023423681371123706
validation,open_drawer,0,3,3,0.1589082398086298,0.08027557042148703,0.1312583081048742,0.007386746144368582,1.7063429040073794,0.1515214936642612,0.07863266938714276,0.027649931703755595,-0.00046234992804191727
validation,open_drawer,0,4,3,0.23970305986956827,0.09105675708707882,0.21421737418592401,0.007386746144368582,1.651892958530748,0.23231631372519967,0.14864630278248947,0.025485685683644257,0.002354437104974299
validation,open_drawer,0,5,3,0.29230954592529546,-0.00026860970827884134,0.3097708360465033,0.007386746144368582,1.6376671310890247,0.2849227997809269,0.29257815563357426,-0.017461290121207885,-0.017461290121207885
validation,open_drawer,0,6,3,0.2244968076278775,0.036852208311282504,0.24959498094383004,0.007386746144368582,1.519378051477423,0.2171100614835089,0.18764459931659497,-0.025098173315952554,-0.027107465958357373
validation,open_drawer,0,7,3,0.3369692928252869,-0.1323655394926798,0.3139997543076218,0.007386746144368582,1.6121663753985542,0.3295825466809183,0.46933483231796674,0.022969538517665127,0.021828660066043032
validation,open_drawer,0,8,3,0.415244376570731,0.08056310646035846,0.3338625470548664,0.007386746144368582,1.79700619294895,0.40785763042636236,0.3346812701103725,0.08138182951586455,0.08138182951586455
validation,open_drawer,0,9,3,0.27072410679000813,0.08401382001551493,0.375132664061327,0.007386746144368582,1.5474064071857307,0.26333736064563956,0.1867102867744932,-0.10440855727131883,-0.10440855727131883
validation,open_drawer,0,10,3,0.3644349117124368,0.02493512488723977,0.3727611211249486,0.007386746144368582,1.7519068443123007,0.35704816556806823,0.339499786825197,-0.008326209412511729,-0.008326209412511729
validation,open_drawer,0,11,3,0.37478109399611287,0.16965662866211104,0.355657393263159,0.007386746144368582,1.6628526348818904,0.3673943478517443,0.20512446533400186,0.019123700732953903,0.019123700732953903
validation,open_drawer,0,12,3,0.24689990975720466,0.07922183285356943,0.2649929072876835,0.007386746144368582,1.535975560078698,0.23951316361283606,0.16767807690363523,-0.01809299753047881,-0.03216088949691342
validation,open_drawer,0,13,3,0.30006107149057976,0.2152456411933251,0.28948739155498804,0.007386746144368582,1.7314623058327447,0.29267432534621113,0.08481543029725462,0.010573679935591704,-0.0022954664419631656
validation,open_drawer,0,14,3,0.34078203642185567,0.22317674889211983,0.37013879856933807,0.007386746144368582,1.7761243848014183,0.3333952902774871,0.11760528752973583,-0.02935676214748233,-0.02935676214748233
validation,open_drawer,0,15,3,0.2818121733217276,0.1905716342312247,0.3167547731910367,0.007386746144368582,1.818117386936537,0.274425427177359,0.09124053909050289,-0.034942599869309095,-0.034942599869309095
validation,open_drawer,0,16,3,0.27726365017663374,0.13873344153530032,0.2712980936856391,0.007386746144368582,1.5522090632609313,0.2698769040322652,0.13853020864133342,0.005965556490994617,0.005965556490994617
validation,open_drawer,0,17,3,0.2678445235860806,0.15305643377573816,0.25166470835965826,0.007386746144368582,1.3786189986562576,0.260457777441712,0.11478808981034243,0.0161798152264223,-0.015724836215896997
validation,open_drawer,0,18,3,0.20458561725898675,-0.011293807317673626,0.270702578275652,0.007386746144368582,1.4339774092760678,0.1971988711146182,0.2158794245766604,-0.06611696101666517,-0.07507480411357526
validation,open_drawer,0,19,3,0.28093178322991846,-0.0691528190318376,0.20023527046966352,0.007386746144368582,1.3956215544928525,0.27354503708554984,0.35008460226175603,0.0806965127602549,0.0806965127602549
validation,open_drawer,0,20,3,0.24011426292113344,-0.013068090151210077,0.18885552896199442,0.007386746144368582,1.3391580534594691,0.23272751677676484,0.25318235307234355,0.05125873395913899,0.014579060700319954
validation,open_drawer,0,21,3,0.2644980899520493,0.07098795648083074,0.2591552507034305,0.007386746144368582,1.2226033329698371,0.2571113438076808,0.1935101334712186,0.005342839248618854,0.005342839248618854
validation,open_drawer,0,22,3,0.22318420436405137,-0.014580167118456963,0.22959704476554532,0.007386746144368582,1.1751229674732844,0.21579745821968277,0.2377643714825083,-0.006412840401493952,-0.07223062243102941
validation,open_drawer,0,23,3,0.1970576187403933,0.0642810968335107,0.25664400610689425,0.007386746144368582,1.2047220116380175,0.1896708725960247,0.13277652190688258,-0.059586387366500966,-0.0647934790338652
validation,open_drawer,0,24,3,0.19580342530553044,0.016057727518658343,0.2253241763016395,0.007386746144368582,1.1410217805076417,0.18841667916116187,0.1797456977868721,-0.029520750996109096,-0.0977098917501769
validation,open_drawer,0,25,3,0.17842857493880682,0.0005307132681414509,0.25123514996506385,0.007386746144368582,1.1804812613938294,0.17104182879443827,0.17789786167066535,-0.07280657502625705,-0.12398183704900612
validation,open_drawer,0,26,3,0.2020519539402635,0.03143900064041113,0.18089711532108654,0.007386746144368582,1.1348409836694613,0.1946652077958949,0.17061295329985238,0.02115483861917698,-0.05919547234334734
validation,open_drawer,0,27,3,0.21724946124691372,0.08838136447162644,0.19420269841852322,0.007386746144368582,1.2163737920404143,0.20986271510254517,0.1288680967752873,0.023046762828390494,-0.03641384901490963
validation,open_drawer,0,28,3,0.1870076949424537,0.10593357845099582,0.1891518597019621,0.007386746144368582,1.2275514039140378,0.1796209487980851,0.08107411649145786,-0.0021441647595084046,-0.06880658966482898
validation,open_drawer,0,29,3,0.17099679597684267,0.10677576990467612,0.1751157591475964,0.007386746144368582,1.0999420296337283,0.16361004983247407,0.06422102607216654,-0.004118963170753731,-0.05939185473200407
validation,open_drawer,0,30,3,0.16462099658126136,-0.015037662167959237,0.16082107368807433,0.007386746144368582,1.0618896586088535,0.1572342504368928,0.17965865874922063,0.0037999228931870632,-0.04158150989150262
validation,open_drawer,0,31,3,0.19025949741071024,0.09717690271788049,0.17731567652564942,0.007386746144368582,1.060299655858293,0.18287275126634164,0.09308259469282976,0.012943820885060797,-0.02084369125607924
validation,open_drawer,1,0,3,0.28553666015498486,0.16559860403897356,0.28553666015498486,0.22738055000719018,1.0370081521285093,0.05815611014779463,0.11993805611601127,0.0,-0.010395722746137601
validation,open_drawer,1,1,3,0.4151040816210139,0.11913564265792986,0.4151040816210139,0.22738055000719018,1.013402915923976,0.18772353161382374,0.2959684389630841,0.0,-0.007808415799020936
validation,open_drawer,1,2,3,0.5011180998807129,0.012939373949570454,0.43483046907317485,0.22738055000719018,1.1893908234018777,0.27373754987352267,0.4881787259311425,0.06628763080753798,0.06628763080753798
validation,open_drawer,1,3,3,0.4370945380186316,0.12494842927384296,0.45919029773953873,0.22738055000719018,1.3989598563831975,0.2097139880114414,0.3121461087447886,-0.022095759720907143,-0.022095759720907143
validation,open_drawer,1,4,3,0.44581883189714855,0.2533110099988259,0.47595472266513905,0.22738055000719018,1.1401844977021975,0.21843828188995837,0.1925078218983227,-0.03013589076799052,-0.03013589076799052
validation,open_drawer,1,5,3,0.4509754497227371,0.04436821139434901,0.4396116519282189,0.22738055000719018,1.1976615768862628,0.2235948997155469,0.4066072383283881,0.011363797794518257,0.011363797794518257
validation,open_drawer,1,6,3,0.38008681870046696,0.0695914451127413,0.3784308128943006,0.22738055000719018,1.2401579864138412,0.15270626869327678,0.31049537358772566,0.0016560058061663718,0.0016560058061663718
validation,open_drawer,1,7,3,0.3444423189275556,0.0554235399432788,0.3255274434555178,0.22738055000719018,1.2293542496970857,0.11706176892036542,0.2890187789842768,0.018914875472037806,-0.011266975357681785
validation,open_drawer,1,8,3,0.24390652134601634,0.10588674399655391,0.2887303122799573,0.22738055000719018,1.0947842473272849,0.016525971338826145,0.13801977734946239,-0.04482379093394095,-0.10498914337177905
validation,open_drawer,1,9,3,0.310949721594748,0.06992999745128578,0.2811558631028219,0.22738055000719018,1.188244197483449,0.08356917158755776,0.2410197241434622,0.029793858491926044,-0.03970473551415963
validation,open_drawer,1,10,3,0.3644052079801919,0.21241719326605554,0.30213333041836155,0.22738055000719018,1.1993737100259703,0.1370246579730017,0.15198801471413637,0.06227187756183039,0.04686673999258561
validation,open_drawer,1,11,3,0.2883437493059848,0.10142428287441867,0.28699196018549594,0.22738055000719018,1.201142383106947,0.060963199298794575,0.1869194664315661,0.0013517891204888656,-0.03937574157632678
validation,open_drawer,1,12,3,0.3932547678717409,0.2431113354420029,0.3706326937494735,0.22738055000719018,1.2811228898445484,0.16587421786455075,0.15014343242973807,0.022622074122267494,0.003545193386394576
validation,open_drawer,1,13,3,0.3772367956271972,0.1712967171790156,0.38302761229571564,0.22738055000719018,1.218998199077322,0.14985624562000707,0.20594007844818166,-0.005790816668518393,-0.010871389553004882
validation,open_drawer,1,14,3,0.3733909615401369,0.1362720262022776,0.3841664403505916,0.22738055000719018,1.2811176428222857,0.14601041153294667,0.23711893533785924,-0.010775478810454727,-0.021028859600206135
validation,open_drawer,1,15,3,0.3550596803630232,0.13169092483621883,0.36993516890804184,0.22738055000719018,1.1457639389031964,0.12767913035583298,0.22336875552680432,-0.014875488545018615,-0.014875488545018615
validation,open_drawer,1,16,3,0.2920278509788817,0.14511138992652664,0.29494387219359447,0.22738055000719018,1.2042279314942286,0.0646473009716915,0.1469164610523551,-0.002916021214712803,-0.07252045451179005
validation,open_drawer,1,17,3,0.2914493883702032,0.17190817602050099,0.2905072165341727,0.22738055000719018,1.1875829421865067,0.06406883836301297,0.1195412123497022,0.000942171836030468,-0.04660514582643124
validation,open_drawer,1,18,3,0.3091829118240339,0.17157190569511535,0.2985400966093609,0.22738055000719018,1.1389457089914679,0.08180236181684371,0.13761100612891855,0.010642815214672993,-0.03286222668004237
validation,open_drawer,1,19,3,0.32341542848263277,0.26910270852940865,0.31994101524340435,0.22738055000719018,1.0988060294149238,0.09603487847544258,0.05431271995322413,0.0034744132392284014,-0.0504705470513914
validation,open_drawer,1,20,3,0.3072439317595232,0.1609463238558072,0.3263066676053325,0.22738055000719018,1.1260695555350109,0.07986338175233294,0.14629760790371596,-0.019062735845809333,-0.045802684855342855
validation,open_drawer,1,21,3,0.2593721644079079,0.17710827208446622,0.32445090905683416,0.22738055000719018,1.1408064688960307,0.03199161440071769,0.08226389232344167,-0.06507874464892625,-0.0666404370498889
validation,open_drawer,1,22,3,0.30961902499220156,0.11309992119258672,0.2814098409914417,0.22738055000719018,1.110915596549287,0.08223847498501133,0.19651910379961482,0.02820918400075986,-0.01460011073966408
validation,open_drawer,1,23,3,0.33597664529177096,0.09310065177201642,0.2981054201468823,0.22738055000719018,1.0872879512381972,0.10859609528458077,0.24287599351975456,0.037871225144888665,0.024323387469786757
validation,open_drawer,1,24,3,0.32376352278785125,0.15763010329764207,0.3328345542598971,0.22738055000719018,1.0715989906443477,0.09638297278066103,0.16613341949020918,-0.009071031472045882,-0.021897948657386822
validation,open_drawer,1,25,3,0.3843147859381218,0.15399175387221625,0.3229731780001575,0.22738055000719018,1.0041448835534752,0.15693423593093156,0.23032303206590551,0.06134160793796425,0.05537103480698749
validation,open_drawer,1,26,3,0.36049678844849425,0.22315767538276707,0.38500420871868607,0.22738055000719018,1.0057859297074525,0.13311623844130413,0.13733911306572724,-0.024507420270191815,-0.024507420270191815
validation,open_drawer,1,27,3,0.341942089657725,0.174767300686655,0.3269998003802525,0.22738055000719018,1.048649350556637,0.1145615396505348,0.16717478897107005,0.014942289277472478,0.002879388529174437
validation,open_drawer,1,28,3,0.3309991345886371,0.16147794196377457,0.4006045062415058,0.22738055000719018,1.0576574428547858,0.10361858458144689,0.1695211926248625,-0.06960537165286868,-0.06960537165286868
validation,open_drawer,1,29,3,0.33762721076767804,0.1253704508637472,0.3380892288190139,0.22738055000719018,1.0455891424093602,0.11024666076048788,0.2122567599039308,-0.00046201805133590695,-0.00046201805133590695
validation,open_drawer,1,30,3,0.3866971681603471,0.09736043581276137,0.3593731155145652,0.22738055000719018,0.982292106175937,0.15931661815315692,0.2893367323475858,0.027324052645781933,0.027324052645781933
validation,open_drawer,1,31,3,0.37470030839658436,0.08241735251061424,0.3696598911195948,0.22738055000719018,0.9524884996759244,0.14731975838939418,0.29228295588597014,0.005040417276989562,0.005040417276989562
validation,open_drawer,2,0,3,0.19496406322843715,0.14525971372754926,0.19496406322843715,0.03749439572940565,1.102339135383975,0.1574696674990315,0.04970434950088789,0.0,-0.015587851051680451
validation,open_drawer,2,1,3,0.24084780830910532,0.22038859654374718,0.11675131251501127,0.03749439572940565,1.1359513451905452,0.20335341257969963,0.020459211765358105,0.124096495794094,0.0024432052319869704
validation,open_drawer,2,2,3,0.1928302673486705,0.1283835931339576,0.2014154664163441,0.03749439572940565,1.2795967567120619,0.15533587161926485,0.0644466742147129,-0.008585199067673585,-0.044475310953910614
validation,open_drawer,2,3,3,0.2228273150225563,0.034424298235916716,0.22519039672363247,0.03749439572940565,1.3271361996283122,0.18533291929315066,0.1884030167866396,-0.0023630817010761676,-0.030239885259827504
validation,open_drawer,2,4,3,0.2373666950856539,-0.07153872575412394,0.21410430230562616,0.03749439572940565,1.2155146332670623,0.19987229935624826,0.30890542083977784,0.023262392780027757,0.023262392780027757
validation,open_drawer,2,5,3,0.20211395387532635,-0.05960622073100286,0.20926097177104755,0.03749439572940565,1.2356805459315983,0.1646195581459207,0.2617201746063292,-0.007147017895721221,-0.007147017895721221
validation,open_drawer,2,6,3,0.22747199024947698,0.039240852256112534,0.20325364594176634,0.03749439572940565,1.286933133493472,0.18997759452007132,0.1882311379933644,0.024218344307710634,0.024218344307710634
validation,open_drawer,2,7,3,0.1410762344041541,0.03893692176748963,0.1428320778361343,0.03749439572940565,1.3136806481579446,0.10358183867474846,0.1021393126366645,-0.001755843431980204,-0.024367905182978836
validation,open_drawer,2,8,3,0.17387316301788336,-0.001485002647575978,0.1889053475373416,0.03749439572940565,1.2192444302181122,0.13637876728847773,0.17535816566545934,-0.015032184519458236,-0.024503929102943026
validation,open_drawer,2,9,3,0.1954302961770655,0.03115910383979653,0.20364279224977877,0.03749439572940565,1.2759242170518372,0.15793590044765982,0.16427119233726897,-0.008212496072713285,-0.016086927024164626
validation,open_drawer,2,10,3,0.16898475914753353,0.040252528835988406,0.18543453909562416,0.03749439572940565,1.2063451047197895,0.13149036341812786,0.1287322303115451,-0.016449779948090677,-0.016449779948090677
validation,open_drawer,2,11,3,0.08986938892970897,0.08757697447065488,0.09930979688306867,0.03749439572940565,1.348294853159566,0.05237499320030333,0.002292414459054093,-0.009440407953359679,-0.0914589856698491
validation,open_drawer,2,12,3,0.19792533218508687,-0.07925414428383028,0.17263767152119702,0.03749439572940565,1.2845128495066236,0.1604309364556812,0.2771794764689171,0.02528766066388984,-0.004816789176033222
validation,open_drawer,2,13,3,0.22785629349669875,0.020839376741719803,0.1997606869500157,0.03749439572940565,1.3099432833874476,0.1903618977672931,0.207016916754979,0.02809560654668305,-0.0034275671432586197
validation,open_drawer,2,14,3,0.14336311548042147,-0.0454033937848131,0.17293151454027364,0.03749439572940565,1.4439351793126771,0.10586871975101582,0.18876650926523456,-0.029568399059852174,-0.06354045683956995
validation,open_drawer,2,15,3,0.25822018228394333,0.07619833631751322,0.2595565498306565,0.03749439572940565,1.3273558419337268,0.22072578655453765,0.1820218459664301,-0.0013363675467132907,-0.0013363675467132907
validation,open_drawer,2,16,3,0.3115091794302581,0.07417201011262624,0.27144059247260194,0.03749439572940565,1.293640495542566,0.2740147837008524,0.23733716931763185,0.04006858695765617,0.04006858695765617
validation,open_drawer,2,17,3,0.27181986682276044,0.0006065295330674493,0.2966186096692993,0.03749439572940565,1.3348553612327378,0.23432547109335475,0.271213337289693,-0.024798742846538904,-0.024798742846538904
validation,open_drawer,2,18,3,0.273175082123493,-0.036694124259284006,0.24759039541336322,0.03749439572940565,1.249450776329165,0.23568068639408732,0.309869206382777,0.02558468671012976,0.02558468671012976
validation,open_drawer,2,19,3,0.3025219153641857,-0.024443087100354508,0.29742704486235166,0.03749439572940565,1.2624676359948668,0.26502751963478005,0.32696500246454024,0.005094870501834066,0.005094870501834066
validation,open_drawer,2,20,3,0.24346868895290155,-0.018205024953509886,0.28865878989092764,0.03749439572940565,1.2372884668696482,0.2059742932234959,0.2616737139064114,-0.04519010093802608,-0.04519010093802608
validation,open_drawer,2,21,3,0.2552347720895776,0.02231905829979255,0.27623986474436907,0.03749439572940565,1.2147832587162242,0.217740376360172,0.23291571378978507,-0.021005092654791436,-0.021005092654791436
validation,open_drawer,2,22,3,0.32810428230755684,0.07384093276627539,0.31931736689971474,0.03749439572940565,1.1123379883546765,0.29060988657815123,0.25426334954128144,0.00878691540784208,0.00878691540784208
validation,open_drawer,2,23,3,0.2055565558548941,0.14999450002670897,0.2534357134243768,0.03749439572940565,1.2166745525148894,0.16806216012548844,0.055562055828185096,-0.04787915756948278,-0.08694686937276969
validation,open_drawer,2,24,3,0.24353309376160784,-0.01676049408035297,0.24781527361298894,0.03749439572940565,1.1878760844735101,0.2060386980322022,0.2602935878419608,-0.004282179851381102,-0.004282179851381102
validation,open_drawer,2,25,3,0.2778926611230306,0.10573286503823365,0.2752646193470867,0.03749439572940565,1.0845878466437764,0.24039826539362497,0.17215979608479695,0.002628041775943927,0.002628041775943927
validation,open_drawer,2,26,3,0.2648650595476216,0.13710044769954355,0.2728549019126287,0.03749439572940565,1.121064297051618,0.2273706638182159,0.127764611848078,-0.007989842365007105,-0.03024520693954788
validation,open_drawer,2,27,3,0.27646999550036505,0.20971429568702651,0.28121756241082324,0.03749439572940565,1.082221085650077,0.2389755997709594,0.06675569981333852,-0.004747566910458236,-0.04347882557233606
validation,open_drawer,2,28,3,0.27457527818635247,0.22281700271832705,0.24886289904467485,0.03749439572940565,1.0700941361437133,0.2370808824569468,0.051758275468025416,0.025712379141677632,-0.04686519304450746
validation,open_drawer,2,29,3,0.235040584054541,0.10610905908924523,0.24660719795093988,0.03749439572940565,1.0659627440578443,0.19754618832513535,0.12893152496529578,-0.011566613896398884,-0.011566613896398884
validation,open_drawer,2,30,3,0.24373303505110058,0.1146020159232446,0.2371740978715684,0.03749439572940565,1.1135009978294141,0.20623863932169492,0.129131019127856,0.0065589371795322,0.0065589371795322
validation,open_drawer,2,31,3,0.25775850278169926,0.18762927447177913,0.23952482654732024,0.03749439572940565,1.1419154039325596,0.2202641070522936,0.07012922830992012,0.01823367623437903,0.015174221661318238
validation,pick_coke_can,3,0,3,0.1335464050037497,-0.09236650741028461,0.12734387780852338,0.1900381313698013,1.2066081553100174,-0.05649172636605158,0.22591291241403433,0.00620252719522633,-0.20321993527635374
validation,pick_coke_can,3,1,3,0.36092257447928233,-0.14384214918845248,0.3556649929015037,0.1900381313698013,1.1437284556029736,0.17088444310948103,0.5047647236677347,0.005257581577778596,-0.02874062098413968
validation,pick_coke_can,3,2,3,0.38206644557999403,-0.1344847787099093,0.3765464576060605,0.1900381313698013,1.1979309835392546,0.1920283142101927,0.5165512242899033,0.005519987973933493,0.0010553592520392008
validation,pick_coke_can,3,3,3,0.17927116601184814,-0.21739368242240897,0.18258081668547388,0.1900381313698013,1.3408144463346783,-0.010766965357953148,0.39666484843425714,-0.003309650673625745,-0.21409557815384486
validation,pick_coke_can,3,4,3,0.18244329719656815,-0.221500152178887,0.12101092293458264,0.1900381313698013,1.4339522659367028,-0.007594834173233145,0.4039434493754552,0.06143237426198553,-0.1864271451660741
validation,pick_coke_can,3,5,3,0.17940869319815697,-0.26560097830658475,0.17111029950148027,0.1900381313698013,1.382371089127003,-0.010629438171644337,0.44500967150474163,0.008298393696676695,-0.1755866981675708
validation,pick_coke_can,3,6,3,0.32469509948765923,-0.12610649119426295,0.23862059502423508,0.1900381313698013,1.3965904147570898,0.1346569681178579,0.4508015906819221,0.08607450446342413,-0.02776068651499779
validation,pick_coke_can,3,7,3,0.15216586896447268,-0.07710059487148395,0.12192252203738914,0.1900381313698013,1.4301490396412513,-0.037872262405328615,0.2292664638359566,0.030243346927083553,-0.16393502200419427
validation,pick_coke_can,3,8,3,0.25721079820943477,-0.04649458212595062,0.13895711932251917,0.1900381313698013,1.593470720542124,0.06717266683963348,0.30370538033538536,0.11825367888691564,-0.05119479551520786
validation,pick_coke_can,3,9,3,0.25813049727000864,-0.23598160781981395,0.2803225021641,0.1900381313698013,1.4451189939158606,0.06809236590020734,0.49411210508982256,-0.022192004894091306,-0.10333362630558458
validation,pick_coke_can,3,10,3,0.22065875629382256,-0.08457855636655363,0.2392413166339011,0.1900381313698013,1.6153642527452055,0.030620624924021272,0.3052373126603762,-0.018582560340078536,-0.16663892212904027
validation,pick_coke_can,3,11,3,0.20069288155995432,-0.24918065964872718,0.21428930693413353,0.1900381313698013,1.7194857763638112,0.010654750190153031,0.44987354120868156,-0.013596425374179244,-0.16653266028996966
validation,pick_coke_can,3,12,3,0.22868722224648894,-0.19731144982580098,0.21911970584023846,0.1900381313698013,1.6830105430014237,0.03864909087668764,0.4259986720722899,0.009567516406250476,-0.1388917673338693
validation,pick_coke_can,3,13,3,0.2219636962561785,-0.17419737252570666,0.1968709873970966,0.1900381313698013,1.5418318886137972,0.03192556488637721,0.39616106878188523,0.025092708859081898,-0.12312998816573255
validation,pick_coke_can,3,14,3,0.27647521833529454,-0.09541013916773002,0.2791913098760423,0.1900381313698013,1.2606116443484534,0.08643708696549325,0.3718853575030246,-0.002716091540747728,-0.1463995408920962
validation,pick_coke_can,3,15,3,0.426849985343374,-0.2133907384609319,0.37582508471272313,0.1900381313698013,1.3438416048290591,0.23681185397357266,0.6402407238043059,0.05102490063065085,0.05102490063065085
validation,pick_coke_can,3,16,3,0.3283590044741827,-0.06731291844192236,0.2407405310350866,0.1900381313698013,1.333516201321794,0.13832087310438143,0.39567192291610515,0.08761847343909616,0.030550513900143555
validation,pick_coke_can,3,17,3,0.2571873744065584,-0.15578786527473054,0.20270575037496383,0.1900381313698013,1.3016211263550816,0.06714924303675712,0.41297523968128896,0.0544816240315946,-0.07589575701501021
validation,pick_coke_can,3,18,3,0.26852918979236756,-0.160726073983023,0.20239603962248612,0.1900381313698013,1.3398801720630746,0.07849105842256622,0.4292552637753905,0.06613315016988142,-0.0626736790376547
validation,pick_coke_can,3,19,3,0.23454927858745392,-0.1465288426995939,0.17258185629805692,0.1900381313698013,1.3182247736184076,0.044511147217652626,0.3810781212870478,0.06196742228939697,-0.13520567981425616
validation,pick_coke_can,3,20,3,0.1973892677915694,-0.1909822582794303,0.13161169626231575,0.1900381313698013,1.386917328076353,0.007351136421768083,0.38837152607099973,0.06577757152925363,-0.13292759818299435
validation,pick_coke_can,3,21,3,0.13218088099079864,-0.023578224433212225,0.16529593893182162,0.1900381313698013,1.298571821770697,-0.057857250379002655,0.15575910542401086,-0.03311505794102301,-0.1826481259133411
validation,pick_coke_can,3,22,3,0.10891532912166142,-0.13887012472066657,0.10294964943126102,0.1900381313698013,1.3574243910047865,-0.08112280224813989,0.247785453842328,0.005965679690400405,-0.23253077104863792
validation,pick_coke_can,3,23,3,0.11811889464961806,-0.1659947447463762,0.09390709245903144,0.1900381313698013,1.4029465974999775,-0.07191923672018324,0.28411363939599427,0.024211802190586624,-0.20829519960986378
validation,pick_coke_can,3,24,3,0.0780265979585937,-0.16130576269705274,0.08709072619671952,0.1900381313698013,1.3145821918867788,-0.11201153341120758,0.23933236065564645,-0.00906412823812582,-0.25513290793933213
validation,pick_coke_can,3,25,3,0.08604656962591511,-0.0984055592059009,0.09125006900695393,0.1900381313698013,1.312639315192315,-0.10399156174388619,0.18445212883181603,-0.005203499381038812,-0.2456703502232714
validation,pick_coke_can,3,26,3,0.05674965408682247,-0.08467971121088091,0.05116917428997753,0.1900381313698013,1.2989771329417958,-0.13328847728297885,0.1414293652977034,0.005580479796844932,-0.25019863305445716
validation,pick_coke_can,3,27,3,0.10758657409432078,-0.08816880788431242,0.10758657409432078,0.1900381313698013,1.3165279926596052,-0.0824515572754805,0.1957553819786332,0.0,-0.23294343324936703
validation,pick_coke_can,3,28,3,0.11552346746119709,0.02680243515909596,0.10396854268811144,0.1900381313698013,1.367721420157327,-0.07451466390860421,0.08872103230210111,0.011554924773085654,-0.21407597640066323
validation,pick_coke_can,3,29,3,0.08689923794994318,-0.13743075627177473,0.07970168754890077,0.1900381313698013,1.2993129408224366,-0.10313889341985812,0.22432999422171793,0.007197550401042428,-0.22342047499577375
validation,pick_coke_can,3,30,3,0.09120659673470298,-0.24932841169326148,0.08146795766668205,0.1900381313698013,1.3066439007268167,-0.0988315346350983,0.3405350084279644,0.009738639068020924,-0.22758618386610532
validation,pick_coke_can,3,31,3,0.17533987376094898,-0.19794789542267688,0.11068041191197579,0.1900381313698013,1.2583249001773524,-0.01469825760885233,0.3732877691836259,0.06465946184897317,-0.13932510261276443
validation,pick_coke_can,5,0,3,0.46081085211533485,0.06597849194777075,0.46081085211533485,-0.11828360623195888,1.0947253422284053,0.5790944583472937,0.39483236016756407,0.0,0.0
validation,pick_coke_can,5,1,3,0.5193313543948095,0.12164219603118553,0.5193313543948095,-0.11828360623195888,1.1609284105052762,0.6376149606267684,0.39768915836362395,0.0,0.0
validation,pick_coke_can,5,2,3,0.13004515043091125,-0.06838030623448473,0.13004515043091125,-0.11828360623195888,0.40112451439568436,0.24832875666287013,0.19842545666539593,0.0,-0.11432562003339337
validation,pick_coke_can,5,3,3,0.38879721284541763,-0.12808357934564948,0.41877105786051,-0.11828360623195888,0.9697335848946852,0.5070808190773765,0.5168807921910671,-0.029973845015092333,-0.029973845015092333
validation,pick_coke_can,5,4,3,0.2912610264583723,-0.12045596213344896,0.3484945400131605,-0.11828360623195888,1.1473510590680467,0.40954463269033115,0.41171698859182126,-0.057233513554788194,-0.057233513554788194
validation,pick_coke_can,5,5,3,0.2613014118873363,-0.016685775466538533,0.3845393150564708,-0.11828360623195888,0.8943506371253415,0.3795850181192952,0.27798718735387484,-0.12323790316913454,-0.12323790316913454
validation,pick_coke_can,5,6,3,0.47166621235474016,0.009480930436337418,0.3699090367835422,-0.11828360623195888,1.3364097229695462,0.589949818586699,0.46218528191840275,0.1017571755711979,0.1017571755711979
validation,pick_coke_can,5,7,3,0.29284870679030933,0.08243613469832493,0.2628220563855193,-0.11828360623195888,1.1353901026772888,0.4111323130222682,0.21041257209198438,0.030026650404790012,-0.002415486510387819
validation,pick_coke_can,5,8,3,0.5390218434848751,0.08873911530809088,0.5282793734367156,-0.11828360623195888,1.2875764463794483,0.657305449716834,0.4502827281767843,0.010742470048159517,0.010742470048159517
validation,pick_coke_can,5,9,3,0.5250373492250725,0.13439224235941438,0.48672955150385455,-0.11828360623195888,1.227960091807039,0.6433209554570314,0.39064510686565806,0.038307797721217916,0.038307797721217916
validation,pick_coke_can,5,10,3,0.5419289904885057,0.09917101153157869,0.42558997435802676,-0.11828360623195888,1.2945545943166654,0.6602125967204646,0.4427579789569271,0.11633901613047896,0.11181279752091146
validation,pick_coke_can,5,11,3,0.5055830886366205,0.0857528503275013,0.4464135692717943,-0.11828360623195888,1.2580973732680236,0.6238666948685795,0.41983023830911925,0.05916951936482632,0.05665886269762205
validation,pick_coke_can,5,12,3,0.4650780793025919,-0.020789055203100742,0.4367531782070886,-0.11828360623195888,1.2605915728882247,0.5833616855345507,0.48586713450569263,0.028324901095503247,0.0234965971051805
validation,pick_coke_can,5,13,3,0.38245739686336777,-0.05270616578477089,0.34053466954661893,-0.11828360623195888,1.142166249631466,0.5007410030953267,0.43516356264813866,0.04192272731674884,0.04192272731674884
validation,pick_coke_can,5,14,3,0.44444910933548304,0.02890003251631634,0.35169407097468386,-0.11828360623195888,1.1651487378560768,0.5627327155674421,0.41554907681916675,0.09275503836079925,0.03553691187413618
validation,pick_coke_can,5,15,3,0.43417992396404115,0.11519178722355712,0.32924500022917086,-0.11828360623195888,1.0499566267293468,0.552463530196,0.31898813674048404,0.10493492373487029,0.038806516586088004
validation,pick_coke_can,5,16,3,0.40393541361180096,0.1569552754825862,0.39288367503562477,-0.11828360623195888,1.160604478441557,0.5222190198437598,0.2469801381292148,0.011051738576176251,0.011051738576176251
validation,pick_coke_can,5,17,3,0.29802940599114597,0.018144239289810123,0.317452676765432,-0.11828360623195888,1.0593925039464516,0.41631301222310485,0.27988516670133584,-0.019423270774286062,-0.08785753765551178
validation,pick_coke_can,5,18,3,0.3862433087056532,-0.05323103958393937,0.2880897053724865,-0.11828360623195888,1.0628484700077088,0.5045269149376121,0.43947434828959264,0.09815360333316675,0.05936680306929345
validation,pick_coke_can,5,19,3,0.2660489077885198,0.039236883842033866,0.31329971789909633,-0.11828360623195888,0.9583237414293654,0.38433251402047874,0.226812023946486,-0.047250810110576504,-0.07650441339721768
validation,pick_coke_can,5,20,3,0.14578341811469397,0.03096387008674868,0.16541910462920995,-0.11828360623195888,0.9950248989423489,0.2640670243466529,0.11481954802794529,-0.019635686514515967,-0.13343658521869148
validation,pick_coke_can,5,21,3,0.2586475553638232,-0.010707441132725195,0.15970693661171184,-0.11828360623195888,0.9214981702804392,0.37693116159578205,0.2693549964965484,0.09894061875211137,-0.01676934148667263
validation,pick_coke_can,5,22,3,0.26564573290283505,0.07348297365511142,0.26815264275938283,-0.11828360623195888,1.0178397570160955,0.383929339134794,0.19216275924772366,-0.0025069098565477788,-0.06677372874624991
validation,pick_coke_can,5,23,3,0.27834109727057216,0.012537261768643138,0.26678481866739784,-0.11828360623195888,0.9883834432128772,0.39662470350253104,0.26580383550192904,0.0115562786031743,0.005994125281021241
validation,pick_coke_can,5,24,3,0.2466890935580548,0.1554912978425174,0.22646418010835934,-0.11828360623195888,1.046537676004071,0.36497269979001373,0.09119779571553742,0.02022491344969542,-0.04596834525762114
validation,pick_coke_can,5,25,3,0.43931239629626684,0.008040474022617821,0.2516315453016382,-0.11828360623195888,1.0338729244635525,0.5575960025282257,0.431271922273649,0.1876808509946286,0.1504088455152283
validation,pick_coke_can,5,26,3,0.3734468690857089,0.1378363861808075,0.3836759661263842,-0.11828360623195888,0.8660369775648892,0.4917304753176677,0.23561048290490136,-0.010229097040675336,-0.03418899834759559
validation,pick_coke_can,5,27,3,0.22460522717075249,0.02824381424585204,0.22086427560542787,-0.11828360623195888,0.9066402395750822,0.3428888334027113,0.19636141292490042,0.003740951565324613,-0.08970146048559491
validation,pick_coke_can,5,28,3,0.24187618320185578,0.3048448496443155,0.34617138414303317,-0.11828360623195888,0.8770484328810907,0.36015978943381466,-0.06296866644245974,-0.10429520094117739,-0.1445228427101257
validation,pick_coke_can,5,29,3,0.24950762033208393,0.002115964483461639,0.20687415879917936,-0.11828360623195888,0.8775016730135768,0.36779122656404284,0.2473916558486223,0.042633461532904565,-0.05567947132692871
validation,pick_coke_can,5,30,3,0.3138811763166281,-0.005955997103324913,0.337732615982892,-0.11828360623195888,0.888857183876663,0.432164782548587,0.319837173419953,-0.023851439666263907,-0.060438193937337494
validation,pick_coke_can,5,31,3,0.2810892294300223,-0.06728806748383687,0.2075757895958454,-0.11828360623195888,0.798418158874722,0.39937283566198123,0.34837729691385916,0.07351343983417692,0.03837139959778846
validation,pick_coke_can,95,0,3,0.31672329585005454,-0.03248030557607833,0.3154423661371095,0.18477814581143404,0.768517936318062,0.1319451500386205,0.3492036014261328,0.001280929712945041,-0.07476405261469289
validation,pick_coke_can,95,1,3,0.276967286809879,-0.1360375658521826,0.2845784906962627,0.18477814581143404,0.7837636581511808,0.09218914099844495,0.41300485266206155,-0.007611203886383662,-0.08393915453910412
validation,pick_coke_can,95,2,3,0.13293209334949185,-0.13166077829508593,0.13293209334949185,0.18477814581143404,0.7402373789040725,-0.05184605246194218,0.2645928716445778,0.0,-0.12240487433001847
validation,pick_coke_can,95,3,3,0.24038205058243814,0.005327652735476178,0.22830354127982574,0.18477814581143404,0.7534584471863862,0.0556039047710041,0.23505439784696194,0.012078509302612409,-0.06512162455199176
validation,pick_coke_can,95,4,3,0.44267030358588394,-0.14158835442357542,0.3787806900371069,0.18477814581143404,1.019390453756534,0.25789215777444996,0.5842586580094594,0.06388961354877705,0.008964000003119532
validation,pick_coke_can,95,5,3,0.392977160064127,-0.032596110956754756,0.3982957564224563,0.18477814581143404,0.9181068961615733,0.2081990142526929,0.4255732710208817,-0.005318596358329357,-0.0490625249516537
validation,pick_coke_can,95,6,3,0.39237101648133205,-0.014571274293221442,0.32524348142248377,0.18477814581143404,1.0383293736953287,0.20759287066989804,0.4069422907745535,0.06712753505884833,0.001560388546587771
validation,pick_coke_can,95,7,3,0.5703310878490535,0.002000969127457411,0.34233937623772076,0.18477814581143404,1.1578606348777605,0.3855529420376194,0.5683301187215961,0.22799171161133272,0.17482668292345616
validation,pick_coke_can,95,8,3,0.42044366813310435,-0.06147824290721394,0.29375112203978543,0.18477814581143404,0.8833956983330467,0.23566552232167037,0.4819219110403184,0.126692546093319,0.03187947635768731
validation,pick_coke_can,95,9,3,0.4719057133751523,-0.025561236873621718,0.06447001533550308,0.18477814581143404,1.039079042281963,0.2871275675637182,0.497466950248774,0.4074356980396492,0.21786120908394693
validation,pick_coke_can,95,10,3,0.22520627726696593,-0.14118500129953473,0.13670766809173077,0.18477814581143404,0.8917373487996745,0.04042813145553192,0.36639127856650067,0.08849860917523518,-0.05055452150052401
validation,pick_coke_can,95,11,3,0.5007269137128632,-0.12738899458313369,0.06162618626000869,0.18477814581143404,1.1062313175737073,0.3159487679014291,0.6281159082959968,0.43910072745285444,0.2993994823789588
validation,pick_coke_can,95,12,3,0.23168808730594845,-0.08753184175741235,0.2549900998643125,0.18477814581143404,0.8747219345315459,0.046909941494514384,0.3192199290633608,-0.023302012558364078,-0.08498237355649195
validation,pick_coke_can,95,13,3,0.17701118582817418,-0.12392539444474082,0.21565170372743492,0.18477814581143404,0.9528580059602305,-0.007766959983259862,0.300936580272915,-0.03864051789926074,-0.13958766899738637
validation,pick_coke_can,95,14,3,0.40327008456353347,-0.15667267547809416,0.09354413409852134,0.18477814581143404,1.1177066419408148,0.21849193875209938,0.5599427600416276,0.3097259504650121,0.17299482999433327
validation,pick_coke_can,95,15,3,0.2678779101881634,-0.05900687973872542,0.2553493412090031,0.18477814581143404,0.8860183221853931,0.08309976437672938,0.3268847899268888,0.012528568979160307,-0.09406813465768805
validation,pick_coke_can,95,16,3,0.31148899964043153,-0.11276285025272832,0.3144407263514844,0.18477814581143404,0.900610934973176,0.12671085382899752,0.42425184989315995,-0.0029517267110528525,-0.06230411292965515
validation,pick_coke_can,95,17,3,0.26588921952222133,-0.03894036985383755,0.27166250266003455,0.18477814581143404,0.8304307558435048,0.0811110737107873,0.30482958937605886,-0.005773283137813247,-0.12100486273741329
validation,pick_coke_can,95,18,3,0.1699911929773581,0.01695588703038371,0.20682540593992707,0.18477814581143404,0.8291941341040464,-0.014786952834075958,0.15303530594697437,-0.036834212962569,-0.1527099496021802
validation,pick_coke_can,95,19,3,0.29307127026643137,-0.1920243863775539,0.2565079557576411,0.18477814581143404,0.8507096599192204,0.10829312445499732,0.48509565664398524,0.036563314508790225,-0.01679832022054571
validation,pick_coke_can,95,20,3,0.21262380599748706,-0.03961972507137213,0.20766038758153174,0.18477814581143404,0.8023906355509608,0.02784566018605303,0.2522435310688592,0.004963418415955324,-0.07254242235036545
validation,pick_coke_can,95,21,3,0.21103721032831668,-0.055746462131650965,0.18558359905119903,0.18477814581143404,0.7657478912803617,0.02625906451688266,0.2667836724599677,0.025453611277117667,0.0005868040051420567
validation,pick_coke_can,95,22,3,0.26619449248959,-0.15175917621849142,0.28409871457126185,0.18477814581143404,0.7984503324866489,0.08141634667815595,0.4179536687080814,-0.01790422208167189,-0.06378388370503098
validation,pick_coke_can,95,23,3,0.309849344689616,-0.13311566666017008,0.3448267568177789,0.18477814581143404,0.8067072027510968,0.125071198878182,0.4429650113497861,-0.034977412128162855,-0.0575552414988097
validation,pick_coke_can,95,24,3,0.19182315094745786,-0.2056460109471128,0.21924732527658386,0.18477814581143404,0.7672540479597255,0.007045005136023834,0.3974691618945707,-0.02742417432912601,-0.11092445115664169
validation,pick_coke_can,95,25,3,0.2574492835199584,-0.17047908205387433,0.28997066855096904,0.18477814581143404,0.7968142772327828,0.07267113770852436,0.4279283655738328,-0.03252138503101063,-0.06947884996843906
validation,pick_coke_can,95,26,3,0.21912433456798378,-0.14464606590572152,0.2799566352662675,0.18477814581143404,0.7572587230644903,0.034346188756549746,0.3637704004737053,-0.06083230069828375,-0.08962844717413064
validation,pick_coke_can,95,27,3,0.3584747242679609,-0.042279982390531524,0.3125312990300729,0.18477814581143404,0.7805311880830117,0.1736965784565269,0.40075470665849244,0.04594342523788805,0.043578880838521544
validation,pick_coke_can,95,28,3,0.28054990264031177,-0.05582447652911741,0.34007546141092077,0.18477814581143404,0.7751949589950583,0.09577175682887773,0.3363743791694292,-0.059525558770609055,-0.059525558770609055
validation,pick_coke_can,95,29,3,0.42282525733868503,-0.1412221773805462,0.4207292833739948,0.18477814581143404,0.7343555250469569,0.23804711152725097,0.5640474347192312,0.002095973964690301,0.002095973964690301
validation,pick_coke_can,95,30,3,0.36245632369477887,-0.16587802171136387,0.3597176328538471,0.18477814581143404,0.7024521450544934,0.17767817788334486,0.5283343454061428,0.0027386908409318123,0.0027386908409318123
validation,pick_coke_can,95,31,3,0.3255171883431877,-0.14531250706437593,0.3282600500098311,0.18477814581143404,0.705271737273239,0.1407390425317537,0.4708296954075637,-0.0027428616666433925,-0.0034014524502903876
validation,pick_coke_can,99,0,3,0.045329641926162643,-0.06628311962661897,0.045329641926162643,0.09651843820975081,1.012091712854844,-0.05118879628358816,0.1116127615527816,0.0,-0.12171016536374546
validation,pick_coke_can,99,1,3,0.18810209761345842,0.002997519124602057,0.18006614854157857,0.09651843820975081,1.181493971665475,0.0915836594037076,0.18510457848885634,0.008035949071879803,-0.07271437104998761
validation,pick_coke_can,99,2,3,0.07306975121163017,-0.08943581979970867,0.0979576810199909,0.09651843820975081,0.5553961011350219,-0.02344868699812065,0.16250557101133886,-0.024887929808360732,-0.10857895103081623
validation,pick_coke_can,99,3,3,0.20776226313378934,-0.034217799958393205,0.17794052475028985,0.09651843820975081,0.8970632719862057,0.11124382492403855,0.24198006309218256,0.029821738383499507,-0.028408702010860164
validation,pick_coke_can,99,4,3,0.1810352075375682,0.031649914904979544,0.03750847837488553,0.09651843820975081,0.910404604180843,0.08451676932781738,0.14938529263258862,0.14352672916268264,-0.010222431341457219
validation,pick_coke_can,99,5,3,-0.009910587225028493,0.012223867994060904,-0.018787167623209953,0.09651843820975081,0.637263144341013,-0.10642902543477929,-0.022134455219089393,0.008876580398181462,-0.16568443604071656
validation,pick_coke_can,99,6,3,0.21450320540140044,0.04836020121841161,0.19381774485575978,0.09651843820975081,1.000741961603644,0.11798476719164967,0.16614300418298886,0.020685460545640664,0.003523497132045842
validation,pick_coke_can,99,7,3,0.37277267313971013,0.007585612064625692,0.19551436186146054,0.09651843820975081,0.9107333694831183,0.2762542349299593,0.3651870610750845,0.17725831127824962,0.15604812832904888
validation,pick_coke_can,99,8,3,0.3436634112350531,-0.03432499935032322,0.2616511971416658,0.09651843820975081,1.159235902303048,0.24714497302530225,0.3779884105853763,0.08201221409338728,0.08201221409338728
validation,pick_coke_can,99,9,3,0.16818405673042006,-0.18626254078250362,0.13397502269139985,0.09651843820975081,1.1453442456974405,0.07166561852066923,0.3544465975129237,0.034209034039020196,0.019573260661994423
validation,pick_coke_can,99,10,3,0.19243179103952968,0.011678154928449605,0.23670521528932073,0.09651843820975081,1.2113647707338238,0.09591335282977886,0.18075363611108006,-0.044273424249791034,-0.044273424249791034
validation,pick_coke_can,99,11,3,0.25706457314052944,0.05324113449226952,0.22112945586126662,0.09651843820975081,1.407345264100684,0.16054613493077863,0.20382343864825994,0.03593511727926285,0.010302370127440702
validation,pick_coke_can,99,12,3,0.2520329116235612,0.08971769280829589,0.3224438992993577,0.09651843820975081,1.2010876668350976,0.15551447341381033,0.16231521881526526,-0.07041098767579652,-0.07041098767579652
validation,pick_coke_can,99,13,3,0.32946455873214175,-0.027177794633521588,0.39511202676335433,0.09651843820975081,1.3126136194032612,0.23294612052239097,0.3566423533656633,-0.06564746803121256,-0.06564746803121256
validation,pick_coke_can,99,14,3,0.31086200530135055,0.005191592488511532,0.24139777514744173,0.09651843820975081,1.2625534112709547,0.2143435670915997,0.30567041281283897,0.06946423015390886,0.026572288066700017
validation,pick_coke_can,99,15,3,0.33083650842517104,-0.03599767642601303,0.29216305557889216,0.09651843820975081,1.1224282947806872,0.23431807021542028,0.3668341848511842,0.038673452846278926,0.038673452846278926
validation,pick_coke_can,99,16,3,0.27413658936477775,-0.062061261701157146,0.24414070287671485,0.09651843820975081,0.6917573333732023,0.17761815115502697,0.3361978510659349,0.029995886488062933,0.003886528234824114
validation,pick_coke_can,99,17,3,0.3576766626907055,-0.14975749320969708,0.18456011526219132,0.09651843820975081,0.961851475415354,0.26115822448095477,0.5074341559004026,0.17311654742851426,0.17311654742851426
validation,pick_coke_can,99,18,3,0.26881099861847274,-0.020156012500965204,0.3412181167714105,0.09651843820975081,0.9140993842833606,0.1722925604087219,0.28896701111943796,-0.07240711815293777,-0.07240711815293777
validation,pick_coke_can,99,19,3,0.33287997481107606,-0.10458996999529308,0.28521956728657316,0.09651843820975081,0.737911705819598,0.23636153660132522,0.4374699448063691,0.0476604075245029,0.0476604075245029
validation,pick_coke_can,99,20,3,0.31299920604255566,-0.10640671934753114,0.16481406425686615,0.09651843820975081,0.8099550887932367,0.21648076783280482,0.41940592539008675,0.14818514178568948,0.11904299711863194
validation,pick_coke_can,99,21,3,0.2572040221256369,0.04777931474478898,0.273908789737907,0.09651843820975081,0.8712541503154793,0.16068558391588614,0.20942470738084795,-0.01670476761227006,-0.01670476761227006
validation,pick_coke_can,99,22,3,0.2263517570278983,-0.0947318973701835,0.2238709432747171,0.09651843820975081,0.7895893756794253,0.1298333188181475,0.3210836543980818,0.0024808137531811916,-0.00043687180684623406
validation,pick_coke_can,99,23,3,0.27085982454222507,-0.05551944109955983,0.2284300702224016,0.09651843820975081,0.7907906428894194,0.17434138633247429,0.32637926564178493,0.042429754319823466,0.011062102091103013
validation,pick_coke_can,99,24,3,0.22851178380191536,-0.035127801965520275,0.2104246260594743,0.09651843820975081,0.802881560145383,0.13199334559216455,0.2636395857674356,0.018087157742441056,-0.025455591489562734
validation,pick_coke_can,99,25,3,0.25806567349904497,-0.07890261427135635,0.25806567349904497,0.09651843820975081,0.8029214378232458,0.16154723528929413,0.3369682877704013,0.0,-0.014193189676665186
validation,pick_coke_can,99,26,3,0.3256686702266132,-0.05955868523661526,0.26670563547981724,0.09651843820975081,0.7623883736452602,0.22915023201686238,0.38522735546322845,0.05896303474679596,0.05712784954180201
validation,pick_coke_can,99,27,3,0.17662537200448256,-0.10688294656710261,0.18985866079470268,0.09651843820975081,0.7555845685324664,0.08010693379473172,0.28350831857158515,-0.013233288790220116,-0.05764938546033754
validation,pick_coke_can,99,28,3,0.26568805483690133,-0.008676023628480087,0.267401216461949,0.09651843820975081,0.8261557264480343,0.1691696166271505,0.2743640784653814,-0.0017131616250476618,-0.0035483468300416218
validation,pick_coke_can,99,29,3,0.24712018608688732,-0.049439630744219885,0.2565184132586994,0.09651843820975081,0.8063740789526034,0.15060174787713648,0.2965598168311072,-0.009398227171812093,-0.011233412376806052
validation,pick_coke_can,99,30,3,0.310788718995358,-0.06136192109476193,0.3111125132568701,0.09651843820975081,0.7969002765015007,0.2142702807856072,0.37215064009012,-0.00032379426151205964,-0.00032379426151205964
validation,pick_coke_can,99,31,3,0.28380971859375237,-0.060025010186528255,0.28380971859375237,0.09651843820975081,0.767503039846792,0.18729128038400158,0.3438347287802806,0.0,0.0
