state_id,task,seed,split,layer,top_alignment,bottom_alignment,wrong_prompt_alignment,random_alignment,top_strength_ratio,top_minus_random,top_minus_bottom,top_minus_wrong_prompt,causal_margin
google_robot_move_near__seed000__step008,move_near,0,validation,0,0.4522247957127605,-0.11658357951025296,0.4522247957127605,0.1915574382537064,1.3154823548977514,0.26066735745905406,0.5688083752230134,0.0,0.0
google_robot_move_near__seed000__step008,move_near,0,validation,1,0.3931549709660323,-0.18109913971085087,0.3931549709660323,0.1915574382537064,1.418539592226309,0.2015975327123259,0.5742541106768831,0.0,0.0
google_robot_move_near__seed000__step008,move_near,0,validation,2,0.42111702170127346,-0.1945674974608397,0.4275034820191381,0.1915574382537064,1.0008088964596973,0.22955958344756705,0.6156845191621132,-0.006386460317864662,-0.006386460317864662
google_robot_move_near__seed000__step008,move_near,0,validation,3,0.4013525639201771,-0.1611655450421661,0.38499792711059744,0.1915574382537064,1.1670709117697788,0.20979512566647068,0.5625181089623432,0.01635463680957966,0.01635463680957966
google_robot_move_near__seed000__step008,move_near,0,validation,4,0.5151910140584562,0.12406379153247703,0.5113588262951492,0.1915574382537064,1.3256054667673962,0.32363357580474983,0.3911272225259792,0.003832187763307071,0.003832187763307071
google_robot_move_near__seed000__step008,move_near,0,validation,5,0.38499761963668994,-0.16750156268115915,0.382049823894777,0.1915574382537064,1.1924515543468002,0.19344018138298352,0.5524991823178491,0.002947795741912951,0.002947795741912951
google_robot_move_near__seed000__step008,move_near,0,validation,6,0.43096766030976336,-0.13980081830818716,0.3992037942701839,0.1915574382537064,1.0887097073104415,0.23941022205605694,0.5707684786179505,0.03176386603957948,0.03176386603957948
google_robot_move_near__seed000__step008,move_near,0,validation,7,0.2852853992594482,0.21050215327046293,0.2852853992594482,0.1915574382537064,0.938793822294494,0.09372796100574177,0.07478324598898525,0.0,0.0
google_robot_move_near__seed000__step008,move_near,0,validation,8,0.36868211280438307,-0.06678082815575236,0.3643199893922133,0.1915574382537064,0.8623421197091267,0.17712467455067665,0.43546294096013544,0.004362123412169794,0.004362123412169794
google_robot_move_near__seed000__step008,move_near,0,validation,9,0.24410320192024357,0.01709524978320189,0.28767225923007694,0.1915574382537064,0.8386707150967365,0.052545763666537154,0.22700795213704167,-0.043569057309833376,-0.043569057309833376
google_robot_move_near__seed000__step008,move_near,0,validation,10,0.40403690849303847,-0.12332743870728309,0.5371667725734431,0.1915574382537064,0.9259198711799882,0.21247947023933206,0.5273643472003215,-0.13312986408040467,-0.13312986408040467
google_robot_move_near__seed000__step008,move_near,0,validation,11,0.6229500637596898,-0.030984496151326604,0.6309896827194238,0.1915574382537064,1.7398281385247742,0.43139262550598334,0.6539345599110163,-0.00803961895973404,-0.00803961895973404
google_robot_move_near__seed000__step008,move_near,0,validation,12,0.3539580678069394,-0.10178100743581442,0.43144251405136985,0.1915574382537064,0.951774730738278,0.16240062955323298,0.4557390752427538,-0.07748444624443046,-0.07748444624443046
google_robot_move_near__seed000__step008,move_near,0,validation,13,0.4248509029357191,-0.09006904440039894,0.23356944120649822,0.1915574382537064,1.2291702465626086,0.23329346468201267,0.514919947336118,0.19128146172922086,0.19128146172922086
google_robot_move_near__seed000__step008,move_near,0,validation,14,0.19495388703711747,-0.27346519511254436,0.2258853362899401,0.1915574382537064,0.8122461568431163,0.0033964487834110546,0.4684190821496618,-0.030931449252822624,-0.030931449252822624
google_robot_move_near__seed000__step008,move_near,0,validation,15,0.15867878000426475,-0.20425445871336048,0.22509688564096397,0.1915574382537064,0.965963044500294,-0.03287865824944167,0.36293323871762523,-0.06641810563669923,-0.06641810563669923
google_robot_move_near__seed000__step008,move_near,0,validation,16,0.3888048135084403,-0.11247686626411917,0.2704130002181138,0.1915574382537064,0.8933956373631737,0.1972473752547339,0.5012816797725594,0.1183918132903265,0.1183918132903265
google_robot_move_near__seed000__step008,move_near,0,validation,17,0.2177733735280247,-0.17902584743051472,0.28863082204917956,0.1915574382537064,0.7338727185811253,0.026215935274318286,0.3967992209585394,-0.07085744852115486,-0.07085744852115486
google_robot_move_near__seed000__step008,move_near,0,validation,18,0.31953220406238697,-0.14166678594687657,0.30470331218440366,0.1915574382537064,0.994462277649782,0.12797476580868056,0.46119899000926357,0.014828891877983308,0.014828891877983308
google_robot_move_near__seed000__step008,move_near,0,validation,19,0.2920196384581161,-0.08329746700039327,0.37271945088595837,0.1915574382537064,0.8434747808062397,0.10046220020440971,0.3753171054585094,-0.08069981242784224,-0.08069981242784224
google_robot_move_near__seed000__step008,move_near,0,validation,20,0.40657647489530063,-0.15489257102636797,0.31867557479234393,0.1915574382537064,0.9286607041406809,0.21501903664159422,0.5614690459216686,0.0879009001029567,0.0879009001029567
google_robot_move_near__seed000__step008,move_near,0,validation,21,0.3343436622684697,-0.0701611707300739,0.40176159066771405,0.1915574382537064,0.8950435056879525,0.14278622401476326,0.40450483299854356,-0.06741792839924438,-0.06741792839924438
google_robot_move_near__seed000__step008,move_near,0,validation,22,0.30747171647612287,-0.08992685570046144,0.308333191527212,0.1915574382537064,0.8486769825380241,0.11591427822241646,0.3973985721765843,-0.0008614750510891334,-0.0008614750510891334
google_robot_move_near__seed000__step008,move_near,0,validation,23,0.34313865261407356,-0.21020361339188742,0.34313865261407356,0.1915574382537064,0.8494242813671734,0.15158121436036714,0.553342266005961,0.0,0.0
google_robot_move_near__seed000__step008,move_near,0,validation,24,0.25657687389617184,-0.049160000001770725,0.26764945158202663,0.1915574382537064,0.8213905994925658,0.06501943564246543,0.3057368738979426,-0.01107257768585479,-0.01107257768585479
google_robot_move_near__seed000__step008,move_near,0,validation,25,0.294265827303741,-0.1268293776004276,0.28805654663245506,0.1915574382537064,0.8417932189612555,0.1027083890500346,0.42109520490416863,0.006209280671285955,0.006209280671285955
google_robot_move_near__seed000__step008,move_near,0,validation,26,0.2898386330668319,-0.1374180651029224,0.2898386330668319,0.1915574382537064,0.8489213263238262,0.09828119481312547,0.4272566981697543,0.0,0.0
google_robot_move_near__seed000__step008,move_near,0,validation,27,0.31191940734791834,-0.1361298961788933,0.2809331397616877,0.1915574382537064,0.8576866203299129,0.12036196909421193,0.4480493035268116,0.03098626758623063,0.03098626758623063
google_robot_move_near__seed000__step008,move_near,0,validation,28,0.2333308556596169,-0.23275845430138917,0.2333308556596169,0.1915574382537064,0.8254193566155825,0.04177341740591048,0.46608930996100606,0.0,0.0
google_robot_move_near__seed000__step008,move_near,0,validation,29,0.26465948572743353,-0.1630588126124647,0.2753022282655829,0.1915574382537064,0.8070337021440691,0.07310204747372712,0.4277182983398982,-0.010642742538149397,-0.010642742538149397
google_robot_move_near__seed000__step008,move_near,0,validation,30,0.2613611183484686,-0.22468483220347424,0.26636394421326554,0.1915574382537064,0.5952262280261187,0.06980368009476218,0.48604595055194283,-0.005002825864796945,-0.005002825864796945
google_robot_move_near__seed000__step008,move_near,0,validation,31,0.25842300700192533,-0.2253271262640101,0.20143889412662166,0.1915574382537064,0.6673758468857397,0.06686556874821892,0.4837501332659354,0.056984112875303666,0.056984112875303666
google_robot_move_near__seed000__step040,move_near,0,validation,0,0.12831215220066292,0.26615504388465383,0.12831215220066292,0.14538780118213226,0.8155427305643664,-0.01707564898146935,-0.13784289168399091,0.0,-0.13784289168399091
google_robot_move_near__seed000__step040,move_near,0,validation,1,0.23021502585908557,0.20903790325100788,0.192539952224925,0.14538780118213226,0.8778161513666733,0.0848272246769533,0.021177122608077692,0.03767507363416056,0.021177122608077692
google_robot_move_near__seed000__step040,move_near,0,validation,2,0.16622833544995533,0.28456934292124336,0.16525097292131555,0.14538780118213226,0.6398583229020928,0.020840534267823063,-0.11834100747128803,0.0009773625286397802,-0.11834100747128803
google_robot_move_near__seed000__step040,move_near,0,validation,3,0.16803091028874081,0.2106777081965061,0.20840811699712036,0.14538780118213226,0.8279027492139766,0.02264310910660855,-0.042646797907765294,-0.04037720670837955,-0.042646797907765294
google_robot_move_near__seed000__step040,move_near,0,validation,4,0.08696173003610679,0.16659777226420083,0.10876580952389682,0.14538780118213226,0.91514886496728,-0.05842607114602548,-0.07963604222809405,-0.021804079487790035,-0.07963604222809405
google_robot_move_near__seed000__step040,move_near,0,validation,5,0.13171374720733495,0.06417675972089096,0.13564442233817872,0.14538780118213226,0.8239299138473268,-0.013674053974797318,0.06753698748644399,-0.003930675130843775,-0.013674053974797318
google_robot_move_near__seed000__step040,move_near,0,validation,6,0.03732552381662168,0.1204972298104627,0.03732552381662168,0.14538780118213226,0.9813890947118811,-0.10806227736551058,-0.08317170599384102,0.0,-0.10806227736551058
google_robot_move_near__seed000__step040,move_near,0,validation,7,0.05191168661971668,0.13231099346556677,0.05191168661971668,0.14538780118213226,1.0918646577032236,-0.09347611456241559,-0.08039930684585009,0.0,-0.09347611456241559
google_robot_move_near__seed000__step040,move_near,0,validation,8,-0.001793312863191205,0.20477354141075546,0.00013376334948354482,0.14538780118213226,1.0244217709983494,-0.14718111404532347,-0.20656685427394667,-0.0019270762126747498,-0.20656685427394667
google_robot_move_near__seed000__step040,move_near,0,validation,9,0.142826572986213,0.2875617297354599,0.09486110742697525,0.14538780118213226,0.9773690657574235,-0.0025612281959192518,-0.1447351567492469,0.047965465559237766,-0.1447351567492469
google_robot_move_near__seed000__step040,move_near,0,validation,10,0.04960943993696976,0.33520904449083067,0.1145913708582118,0.14538780118213226,0.938228489313265,-0.09577836124516251,-0.2855996045538609,-0.06498193092124205,-0.2855996045538609
google_robot_move_near__seed000__step040,move_near,0,validation,11,0.10771253300667498,0.20988823275959476,0.16037785804171148,0.14538780118213226,1.063936638412727,-0.037675268175457285,-0.10217569975291978,-0.0526653250350365,-0.10217569975291978
google_robot_move_near__seed000__step040,move_near,0,validation,12,0.12949220921780377,0.25598410770063323,0.20918735250671439,0.14538780118213226,0.9251532651120716,-0.015895591964328493,-0.12649189848282946,-0.07969514328891061,-0.12649189848282946
google_robot_move_near__seed000__step040,move_near,0,validation,13,0.16578557955654663,0.22168074254212236,0.16281357263506094,0.14538780118213226,1.0127821941226858,0.020397778374414366,-0.05589516298557573,0.0029720069214856926,-0.05589516298557573
google_robot_move_near__seed000__step040,move_near,0,validation,14,0.15329703222811283,0.2562229956054031,0.1420824486501384,0.14538780118213226,0.9733979306744113,0.00790923104598057,-0.10292596337729029,0.011214583577974446,-0.10292596337729029
google_robot_move_near__seed000__step040,move_near,0,validation,15,0.08364169119720392,0.19202227297321997,0.0461930155515593,0.14538780118213226,0.9479745740061294,-0.06174610998492834,-0.10838058177601605,0.03744867564564462,-0.10838058177601605
google_robot_move_near__seed000__step040,move_near,0,validation,16,0.08488461568901078,0.22641393030640714,0.08488461568901078,0.14538780118213226,0.8723253736102223,-0.06050318549312149,-0.14152931461739637,0.0,-0.14152931461739637
google_robot_move_near__seed000__step040,move_near,0,validation,17,0.11656699749674772,0.2046357995196386,0.11656699749674772,0.14538780118213226,0.9438100989917415,-0.028820803685384547,-0.08806880202289087,0.0,-0.08806880202289087
google_robot_move_near__seed000__step040,move_near,0,validation,18,0.25109200756741645,0.3011514420221293,0.2563162584060519,0.14538780118213226,0.9616753012044972,0.10570420638528419,-0.05005943445471284,-0.005224250838635425,-0.05005943445471284
google_robot_move_near__seed000__step040,move_near,0,validation,19,0.23902993830670893,0.3455056966304506,0.18522647759241914,0.14538780118213226,0.9520411823565463,0.09364213712457667,-0.10647575832374168,0.05380346071428979,-0.10647575832374168
google_robot_move_near__seed000__step040,move_near,0,validation,20,0.23657736438344243,0.2916763520728055,0.2238243362919634,0.14538780118213226,1.0241854236615913,0.09118956320131016,-0.05509898768936308,0.012753028091479018,-0.05509898768936308
google_robot_move_near__seed000__step040,move_near,0,validation,21,0.17619502026321354,0.25788882508192434,0.15538252361519905,0.14538780118213226,0.9936569152717417,0.030807219081081277,-0.0816938048187108,0.02081249664801449,-0.0816938048187108
google_robot_move_near__seed000__step040,move_near,0,validation,22,0.22960891094757244,0.2738224909884526,0.22396929149901848,0.14538780118213226,0.9626145923071946,0.08422110976544017,-0.04421358004088019,0.005639619448553956,-0.04421358004088019
google_robot_move_near__seed000__step040,move_near,0,validation,23,0.19863624442125638,0.19278643356368644,0.19863624442125638,0.14538780118213226,0.9425226185276847,0.053248443239124116,0.005849810857569943,0.0,0.0
google_robot_move_near__seed000__step040,move_near,0,validation,24,0.17191403350125345,0.2283320692324925,0.18464236311623197,0.14538780118213226,0.9572548567686339,0.026526232319121185,-0.05641803573123905,-0.012728329614978523,-0.05641803573123905
google_robot_move_near__seed000__step040,move_near,0,validation,25,0.1638294524232837,0.22172089905617431,0.22768180242488867,0.14538780118213226,0.8592128734526591,0.018441651241151436,-0.057891446632890614,-0.06385235000160497,-0.06385235000160497
google_robot_move_near__seed000__step040,move_near,0,validation,26,0.22022714649763253,0.15095091632595803,0.2363116284414046,0.14538780118213226,0.916868551164007,0.07483934531550027,0.0692762301716745,-0.016084481943772072,-0.016084481943772072
google_robot_move_near__seed000__step040,move_near,0,validation,27,0.22636543145266996,0.20370058829001178,0.2152570992856231,0.14538780118213226,1.033529776933327,0.0809776302705377,0.022664843162658183,0.011108332167046875,0.011108332167046875
google_robot_move_near__seed000__step040,move_near,0,validation,28,0.2171653028057161,0.016744014646179584,0.2171653028057161,0.14538780118213226,0.8966851394198712,0.07177750162358384,0.20042128815953653,0.0,0.0
google_robot_move_near__seed000__step040,move_near,0,validation,29,0.18357550949446674,0.17532152585295543,0.1912092792403088,0.14538780118213226,0.8862732317092878,0.03818770831233448,0.008253983641511309,-0.007633769745842067,-0.007633769745842067
google_robot_move_near__seed000__step040,move_near,0,validation,30,0.23070079375066246,0.10191776384692157,0.2395131711948202,0.14538780118213226,0.8910819757822988,0.0853129925685302,0.1287830299037409,-0.008812377444157748,-0.008812377444157748
google_robot_move_near__seed000__step040,move_near,0,validation,31,0.22084427968558162,0.11558222102501546,0.22082318470660592,0.14538780118213226,0.9608547438447449,0.07545647850344936,0.10526205866056616,2.1094978975705336e-05,2.1094978975705336e-05
google_robot_move_near__seed000__step071,move_near,0,validation,0,-0.1673041807783793,0.00014644227850093192,-0.1673041807783793,0.4008119921390376,1.3223974871737199,-0.5681161729174169,-0.16745062305688024,0.0,-0.5681161729174169
google_robot_move_near__seed000__step071,move_near,0,validation,1,0.11145050571710935,0.37352858213686785,0.11145050571710935,0.4008119921390376,1.0499864635791865,-0.28936148642192827,-0.2620780764197585,0.0,-0.28936148642192827
google_robot_move_near__seed000__step071,move_near,0,validation,2,0.33303959906248487,0.22589542113579072,0.19234424675981412,0.4008119921390376,0.9697000265356321,-0.06777239307655275,0.10714417792669415,0.14069535230267075,-0.06777239307655275
google_robot_move_near__seed000__step071,move_near,0,validation,3,0.1888158041794092,0.3232114481985739,0.3501554195532299,0.4008119921390376,1.084681851210761,-0.2119961879596284,-0.13439564401916468,-0.16133961537382066,-0.2119961879596284
google_robot_move_near__seed000__step071,move_near,0,validation,4,0.3088379716665471,0.22453467794977747,0.3044533769531779,0.4008119921390376,0.8835846126800027,-0.09197402047249054,0.08430329371676962,0.004384594713369161,-0.09197402047249054
google_robot_move_near__seed000__step071,move_near,0,validation,5,0.18219697254457534,0.25133708889096584,0.18354170614291757,0.4008119921390376,0.8515841927660582,-0.21861501959446228,-0.0691401163463905,-0.0013447335983422237,-0.21861501959446228
google_robot_move_near__seed000__step071,move_near,0,validation,6,-0.08298723143360388,0.0668194998962149,-0.14457180573367379,0.4008119921390376,1.0217812518408056,-0.4837992235726415,-0.14980673132981878,0.0615845743000699,-0.4837992235726415
google_robot_move_near__seed000__step071,move_near,0,validation,7,-0.33509226688750865,0.21047189673828606,-0.3160780209490029,0.4008119921390376,1.6423367818421297,-0.7359042590265463,-0.5455641636257947,-0.01901424593850576,-0.7359042590265463
google_robot_move_near__seed000__step071,move_near,0,validation,8,-0.16984785064087526,0.3106850904178891,-0.32946657977506927,0.4008119921390376,1.2399463362244114,-0.5706598427799129,-0.4805329410587644,0.159618729134194,-0.5706598427799129
google_robot_move_near__seed000__step071,move_near,0,validation,9,-0.38178593362609986,0.08655760180040183,-0.29953622381276895,0.4008119921390376,1.7119755722148244,-0.7825979257651374,-0.4683435354265017,-0.0822497098133309,-0.7825979257651374
google_robot_move_near__seed000__step071,move_near,0,validation,10,-0.20381617854725673,0.14137363039637438,-0.17397070070835716,0.4008119921390376,1.376248384162057,-0.6046281706862944,-0.3451898089436311,-0.02984547783889957,-0.6046281706862944
google_robot_move_near__seed000__step071,move_near,0,validation,11,-0.4024790276836292,0.4382657149880176,-0.2367777596704829,0.4008119921390376,1.8562288973795662,-0.8032910198226668,-0.8407447426716468,-0.1657012680131463,-0.8407447426716468
google_robot_move_near__seed000__step071,move_near,0,validation,12,-0.38087246046390666,0.4469045883540103,-0.31129727648547245,0.4008119921390376,1.5722745451768076,-0.7816844526029443,-0.827777048817917,-0.06957518397843421,-0.827777048817917
google_robot_move_near__seed000__step071,move_near,0,validation,13,-0.29698478973016357,0.5782019415619393,-0.2551546624708838,0.4008119921390376,1.5419638477078472,-0.6977967818692012,-0.8751867312921029,-0.04183012725927976,-0.8751867312921029
google_robot_move_near__seed000__step071,move_near,0,validation,14,-0.319136615312334,0.5786374107455311,-0.24279917765032744,0.4008119921390376,1.6735334658967636,-0.7199486074513717,-0.897774026057865,-0.07633743766200657,-0.897774026057865
google_robot_move_near__seed000__step071,move_near,0,validation,15,-0.17700997040123903,-0.04321890729358777,-0.2730674491128285,0.4008119921390376,1.413803100859908,-0.5778219625402766,-0.13379106310765126,0.09605747871158946,-0.5778219625402766
google_robot_move_near__seed000__step071,move_near,0,validation,16,-0.29658041651646033,0.2725719441831185,-0.3384417749279947,0.4008119921390376,1.6550479304954955,-0.6973924086554979,-0.5691523606995788,0.04186135841153438,-0.6973924086554979
google_robot_move_near__seed000__step071,move_near,0,validation,17,-0.2440683674460603,0.05957151688786392,-0.2754572301028528,0.4008119921390376,1.1892656622520985,-0.6448803595850979,-0.30363988433392425,0.03138886265679247,-0.6448803595850979
google_robot_move_near__seed000__step071,move_near,0,validation,18,-0.0706001337538563,0.014468534784888595,-0.0706001337538563,0.4008119921390376,1.122769500361425,-0.47141212589289394,-0.0850686685387449,0.0,-0.47141212589289394
google_robot_move_near__seed000__step071,move_near,0,validation,19,-0.14556729485966494,0.16763140694136336,-0.14556729485966494,0.4008119921390376,1.1513363038458875,-0.5463792869987025,-0.31319870180102827,0.0,-0.5463792869987025
google_robot_move_near__seed000__step071,move_near,0,validation,20,-0.00831193160713637,0.31161337074829004,-0.12985291588541326,0.4008119921390376,0.9982544238046684,-0.409123923746174,-0.31992530235542643,0.12154098427827689,-0.409123923746174
google_robot_move_near__seed000__step071,move_near,0,validation,21,-0.14731612311070616,0.0009069916814336924,-0.07076321425249418,0.4008119921390376,1.0023917039807315,-0.5481281152497438,-0.14822311479213984,-0.07655290885821198,-0.5481281152497438
google_robot_move_near__seed000__step071,move_near,0,validation,22,-0.25257162966743063,0.22151153785782599,-0.2204638930740902,0.4008119921390376,1.2382180454152258,-0.6533836218064683,-0.4740831675252566,-0.03210773659334043,-0.6533836218064683
google_robot_move_near__seed000__step071,move_near,0,validation,23,-0.05746208373835929,0.2283008264022782,-0.05746208373835929,0.4008119921390376,1.12055392756809,-0.4582740758773969,-0.2857629101406375,0.0,-0.4582740758773969
google_robot_move_near__seed000__step071,move_near,0,validation,24,-0.0663720484544698,0.03529574090917953,-0.06833567724632279,0.4008119921390376,1.0862031265456586,-0.46718404059350743,-0.10166778936364933,0.001963628791852995,-0.46718404059350743
google_robot_move_near__seed000__step071,move_near,0,validation,25,-0.06817455562530003,0.0959285431202998,-0.06817455562530003,0.4008119921390376,1.15089998732223,-0.4689865477643377,-0.16410309874559983,0.0,-0.4689865477643377
google_robot_move_near__seed000__step071,move_near,0,validation,26,0.0021464504622777103,0.0876493028077921,-0.009216138125589088,0.4008119921390376,1.1565305566049913,-0.39866554167675994,-0.08550285234551439,0.011362588587866798,-0.39866554167675994
google_robot_move_near__seed000__step071,move_near,0,validation,27,-0.04167393147465614,0.12407151554748798,-0.04167393147465614,0.4008119921390376,1.159391899500495,-0.44248592361369377,-0.1657454470221441,0.0,-0.44248592361369377
google_robot_move_near__seed000__step071,move_near,0,validation,28,-0.03894401844695863,0.22661856657311694,-0.03894401844695863,0.4008119921390376,1.1213335883166073,-0.4397560105859962,-0.26556258502007557,0.0,-0.4397560105859962
google_robot_move_near__seed000__step071,move_near,0,validation,29,-0.02419910624630432,0.04103920403453735,-0.02419910624630432,0.4008119921390376,1.098044128434545,-0.42501109838534196,-0.06523831028084166,0.0,-0.42501109838534196
google_robot_move_near__seed000__step071,move_near,0,validation,30,-0.03865035935205665,0.08734215066506779,-0.056998277856494646,0.4008119921390376,1.0677928772749823,-0.43946235149109425,-0.12599251001712444,0.018347918504437996,-0.43946235149109425
google_robot_move_near__seed000__step071,move_near,0,validation,31,-0.057075574163062824,-0.0045808480094923195,-0.10047694060661853,0.4008119921390376,1.1986784410606393,-0.4578875663021004,-0.0524947261535705,0.04340136644355571,-0.4578875663021004
google_robot_move_near__seed001__step008,move_near,1,exploration,0,0.001787812755524314,-0.052067106158780685,0.001787812755524314,0.14364632642479502,0.6780243317753678,-0.1418585136692707,0.053854918914305,0.0,-0.1418585136692707
google_robot_move_near__seed001__step008,move_near,1,exploration,1,0.18515983925140003,-0.19219054583357342,0.16968996821159046,0.14364632642479502,0.6348726842070344,0.04151351282660501,0.3773503850849734,0.015469871039809568,0.015469871039809568
google_robot_move_near__seed001__step008,move_near,1,exploration,2,0.005537225343364469,-0.022137668215294944,0.0800355593789897,0.14364632642479502,0.44271706049866816,-0.13810910108143054,0.027674893558659413,-0.07449833403562524,-0.13810910108143054
google_robot_move_near__seed001__step008,move_near,1,exploration,3,0.2328176144058848,0.040464502606255774,0.15361820288351272,0.14364632642479502,0.7037229137014593,0.08917128798108978,0.19235311179962902,0.07919941152237209,0.07919941152237209
google_robot_move_near__seed001__step008,move_near,1,exploration,4,0.3019545519629237,-0.034275640873997405,0.18994741129303372,0.14364632642479502,0.7170380706884154,0.15830822553812868,0.3362301928369211,0.11200714066988998,0.11200714066988998
google_robot_move_near__seed001__step008,move_near,1,exploration,5,0.2008556553305502,-0.015388314648551985,0.2008556553305502,0.14364632642479502,0.6198578922939278,0.05720932890575517,0.21624396997910217,0.0,0.0
google_robot_move_near__seed001__step008,move_near,1,exploration,6,0.3188173396356138,0.03131758395423464,0.37285033494399583,0.14364632642479502,0.7153966001560318,0.1751710132108188,0.2874997556813792,-0.054032995308382015,-0.054032995308382015
google_robot_move_near__seed001__step008,move_near,1,exploration,7,0.15329089515980052,-0.06682654102351647,0.10525272149562599,0.14364632642479502,0.541120251417835,0.009644568735005493,0.22011743618331697,0.048038173664174524,0.009644568735005493
google_robot_move_near__seed001__step008,move_near,1,exploration,8,0.10380069197912878,-0.13467113227536634,0.45265172928032515,0.14364632642479502,0.539410616280054,-0.039845634445666245,0.23847182425449512,-0.3488510373011964,-0.3488510373011964
google_robot_move_near__seed001__step008,move_near,1,exploration,9,0.17557046346789776,-0.03070208184237744,0.12024711025455055,0.14364632642479502,0.5391209848751742,0.031924137043102735,0.2062725453102752,0.05532335321334721,0.031924137043102735
google_robot_move_near__seed001__step008,move_near,1,exploration,10,0.24637706009461102,-0.1505943772228521,0.050363494035830125,0.14364632642479502,0.5523581188373116,0.102730733669816,0.3969714373174631,0.1960135660587809,0.102730733669816
google_robot_move_near__seed001__step008,move_near,1,exploration,11,0.268485713484864,-0.18972550493038243,0.1824009145948874,0.14364632642479502,0.5527704194486449,0.12483938706006897,0.4582112184152464,0.08608479888997661,0.08608479888997661
google_robot_move_near__seed001__step008,move_near,1,exploration,12,0.23085774649096213,-0.0948000558520653,0.2505609501450777,0.14364632642479502,0.5511196651366643,0.08721142006616711,0.32565780234302744,-0.019703203654115542,-0.019703203654115542
google_robot_move_near__seed001__step008,move_near,1,exploration,13,0.05206282292704578,-0.09000864340731489,0.16071519779461194,0.14364632642479502,0.5708890941598329,-0.09158350349774924,0.14207146633436069,-0.10865237486756615,-0.10865237486756615
google_robot_move_near__seed001__step008,move_near,1,exploration,14,0.21693713609700938,-0.28214773731410353,0.3175827697978823,0.14364632642479502,0.4843404487286563,0.07329080967221435,0.4990848734111129,-0.10064563370087293,-0.10064563370087293
google_robot_move_near__seed001__step008,move_near,1,exploration,15,0.17401156264126016,0.15796808816844704,0.18520362995072168,0.14364632642479502,0.5738283669943325,0.03036523621646514,0.016043474472813124,-0.011192067309461512,-0.011192067309461512
google_robot_move_near__seed001__step008,move_near,1,exploration,16,0.08337671680771148,-0.09131575825200285,0.06517833955677808,0.14364632642479502,0.5124543529722851,-0.06026960961708354,0.17469247505971433,0.0181983772509334,-0.06026960961708354
google_robot_move_near__seed001__step008,move_near,1,exploration,17,0.13448697719747474,0.006107449880573819,0.14569149864810435,0.14364632642479502,0.45066460870365127,-0.009159349227320285,0.12837952731690092,-0.011204521450629612,-0.011204521450629612
google_robot_move_near__seed001__step008,move_near,1,exploration,18,0.12404076051826919,-0.031181795796424213,0.17071335839201104,0.14364632642479502,0.5386950041623152,-0.019605565906525832,0.1552225563146934,-0.04667259787374185,-0.04667259787374185
google_robot_move_near__seed001__step008,move_near,1,exploration,19,0.05703169563794109,-0.08207268221228338,0.1549533301999626,0.14364632642479502,0.5361270431317382,-0.08661463078685394,0.13910437785022448,-0.09792163456202152,-0.09792163456202152
google_robot_move_near__seed001__step008,move_near,1,exploration,20,0.07302087929084465,0.06396543087693173,0.07302087929084465,0.14364632642479502,0.5200841938231865,-0.07062544713395037,0.009055448413912925,0.0,-0.07062544713395037
google_robot_move_near__seed001__step008,move_near,1,exploration,21,0.018635913927933383,-0.00832466752757316,0.04830201282257709,0.14364632642479502,0.47858636584974035,-0.12501041249686165,0.026960581455506543,-0.029666098894643705,-0.12501041249686165
google_robot_move_near__seed001__step008,move_near,1,exploration,22,-0.003270961798262149,-0.04353513192136054,0.011998053863714631,0.14364632642479502,0.5010909117069071,-0.14691728822305716,0.040264170123098394,-0.01526901566197678,-0.14691728822305716
google_robot_move_near__seed001__step008,move_near,1,exploration,23,0.07378465122613337,0.02283340975082057,0.027459686639357838,0.14364632642479502,0.5556005957507368,-0.06986167519866165,0.0509512414753128,0.04632496458677553,-0.06986167519866165
google_robot_move_near__seed001__step008,move_near,1,exploration,24,0.07263721607096749,0.3441158822871047,0.07440290197298217,0.14364632642479502,0.5654971420155451,-0.07100911035382754,-0.27147866621613725,-0.0017656859020146881,-0.27147866621613725
google_robot_move_near__seed001__step008,move_near,1,exploration,25,0.2424059723455209,-0.11907752688094349,0.14018632732218464,0.14364632642479502,0.5898422344149045,0.09875964592072586,0.3614834992264644,0.10221964502333625,0.09875964592072586
google_robot_move_near__seed001__step008,move_near,1,exploration,26,0.1376260650737501,-0.020190480217292882,0.0776818150649093,0.14364632642479502,0.49720710664606166,-0.006020261351044914,0.157816545291043,0.05994425000884081,-0.006020261351044914
google_robot_move_near__seed001__step008,move_near,1,exploration,27,0.091070210744801,0.007458838908200004,0.09474115966030056,0.14364632642479502,0.5695516829248432,-0.052576115679994026,0.083611371836601,-0.0036709489154995584,-0.052576115679994026
google_robot_move_near__seed001__step008,move_near,1,exploration,28,0.06254991081089752,0.0327994859025249,0.10694487400220175,0.14364632642479502,0.5715713990620128,-0.08109641561389751,0.029750424908372618,-0.04439496319130423,-0.08109641561389751
google_robot_move_near__seed001__step008,move_near,1,exploration,29,0.07741795507014194,-0.013731450422783497,0.048243743229625324,0.14364632642479502,0.598426952618016,-0.06622837135465308,0.09114940549292544,0.02917421184051662,-0.06622837135465308
google_robot_move_near__seed001__step008,move_near,1,exploration,30,0.10952463555082831,0.04050670601837481,0.12216162455223896,0.14364632642479502,0.48677255499303623,-0.034121690873966715,0.0690179295324535,-0.01263698900141065,-0.034121690873966715
google_robot_move_near__seed001__step008,move_near,1,exploration,31,0.2071895538769658,0.10940219718828409,0.15003936877147026,0.14364632642479502,0.5390517079492236,0.06354322745217078,0.09778735668868171,0.05715018510549555,0.05715018510549555
google_robot_move_near__seed001__step040,move_near,1,exploration,0,0.7587563939480712,0.19708620517473888,0.7587563939480712,0.22992857972538303,0.5951704984380867,0.5288278142226881,0.5616701887733323,0.0,0.0
google_robot_move_near__seed001__step040,move_near,1,exploration,1,0.6284555148446624,0.006455507879570961,0.6284555148446624,0.22992857972538303,0.5701682895134703,0.3985269351192794,0.6220000069650915,0.0,0.0
google_robot_move_near__seed001__step040,move_near,1,exploration,2,0.5923138913324211,0.4998874879765511,0.5593146389032027,0.22992857972538303,0.8406627343152643,0.362385311607038,0.09242640335586999,0.03299925242921842,0.03299925242921842
google_robot_move_near__seed001__step040,move_near,1,exploration,3,0.6451792652304776,-0.05310315639045298,0.6451792652304776,0.22992857972538303,0.9404319452367895,0.4152506855050946,0.6982824216209306,0.0,0.0
google_robot_move_near__seed001__step040,move_near,1,exploration,4,0.6399920143334981,0.339168564198612,0.6068795664300465,0.22992857972538303,0.8558653385997189,0.410063434608115,0.30082345013488604,0.03311244790345158,0.03311244790345158
google_robot_move_near__seed001__step040,move_near,1,exploration,5,0.5308922627106901,0.13666908608908748,0.5308922627106901,0.22992857972538303,0.9248566929296129,0.30096368298530707,0.39422317662160267,0.0,0.0
google_robot_move_near__seed001__step040,move_near,1,exploration,6,0.3175487437239634,0.12736632980633497,0.3175487437239634,0.22992857972538303,0.6192264723799289,0.08762016399858039,0.19018241391762844,0.0,0.0
google_robot_move_near__seed001__step040,move_near,1,exploration,7,0.4104775832318542,0.36353841580151264,0.615689965678614,0.22992857972538303,0.5044854739436083,0.18054900350647116,0.046939167430341544,-0.20521238244675982,-0.20521238244675982
google_robot_move_near__seed001__step040,move_near,1,exploration,8,0.6733340664227826,-0.1354194455343479,0.7661515504667066,0.22992857972538303,0.6072854255976103,0.44340548669739954,0.8087535119571305,-0.09281748404392398,-0.09281748404392398
google_robot_move_near__seed001__step040,move_near,1,exploration,9,0.33587508438980845,0.23406637735289096,0.40581401870504447,0.22992857972538303,0.6120852583634049,0.10594650466442543,0.1018087070369175,-0.06993893431523601,-0.06993893431523601
google_robot_move_near__seed001__step040,move_near,1,exploration,10,0.32074438351028206,0.042785783269074375,0.5396091361941607,0.22992857972538303,0.5808579936635443,0.09081580378489904,0.27795860024120767,-0.21886475268387867,-0.21886475268387867
google_robot_move_near__seed001__step040,move_near,1,exploration,11,0.7119211216195453,-0.0848397850946836,0.5407293094536746,0.22992857972538303,0.724353997870111,0.4819925418941623,0.796760906714229,0.17119181216587076,0.17119181216587076
google_robot_move_near__seed001__step040,move_near,1,exploration,12,0.2001255390915536,0.20832175778631598,0.4680925790895984,0.22992857972538303,0.6298428596340896,-0.029803040633829436,-0.008196218694762392,-0.26796703999804483,-0.26796703999804483
google_robot_move_near__seed001__step040,move_near,1,exploration,13,0.6370603663146263,0.12694354499184504,0.4300539731202351,0.22992857972538303,0.6274784144290992,0.4071317865892432,0.5101168213227812,0.20700639319439118,0.20700639319439118
google_robot_move_near__seed001__step040,move_near,1,exploration,14,0.510872487285846,0.2742452039922681,0.05112306593366193,0.22992857972538303,0.6011569877510462,0.28094390756046295,0.2366272832935779,0.45974942135218405,0.2366272832935779
google_robot_move_near__seed001__step040,move_near,1,exploration,15,0.27679829359719443,0.12304114419151074,0.3952132675910141,0.22992857972538303,0.44755502175644146,0.04686971387181141,0.1537571494056837,-0.11841497399381967,-0.11841497399381967
google_robot_move_near__seed001__step040,move_near,1,exploration,16,-0.0029892283396538897,-0.17760303168516287,0.5551596894982561,0.22992857972538303,0.4075052238685944,-0.23291780806503692,0.17461380334550897,-0.55814891783791,-0.55814891783791
google_robot_move_near__seed001__step040,move_near,1,exploration,17,0.25783076534690585,-0.05207780772106746,0.31192942538605095,0.22992857972538303,0.47321500305392744,0.02790218562152283,0.3099085730679733,-0.0540986600391451,-0.0540986600391451
google_robot_move_near__seed001__step040,move_near,1,exploration,18,-0.03922334346501031,0.21300886565852561,0.377073946570855,0.22992857972538303,0.41626886790999873,-0.2691519231903933,-0.25223220912353594,-0.41629729003586535,-0.41629729003586535
google_robot_move_near__seed001__step040,move_near,1,exploration,19,0.14352734311643,0.11080759832151149,0.2174777523449043,0.22992857972538303,0.481004448158817,-0.08640123660895302,0.032719744794918515,-0.07395040922847429,-0.08640123660895302
google_robot_move_near__seed001__step040,move_near,1,exploration,20,0.15643531011961465,0.11991984652255949,0.058433838876026246,0.22992857972538303,0.4164881924105958,-0.07349326960576838,0.03651546359705515,0.0980014712435884,-0.07349326960576838
google_robot_move_near__seed001__step040,move_near,1,exploration,21,0.0927690965030672,0.43147912422066054,0.0927690965030672,0.22992857972538303,0.49947759446230644,-0.13715948322231583,-0.33871002771759334,0.0,-0.33871002771759334
google_robot_move_near__seed001__step040,move_near,1,exploration,22,-0.0412221409346884,0.5418963051347747,0.30176462213295024,0.22992857972538303,0.48735506769071585,-0.2711507206600714,-0.5831184460694632,-0.34298676306763864,-0.5831184460694632
google_robot_move_near__seed001__step040,move_near,1,exploration,23,0.17126099659951444,0.302547652408167,0.23730683135629785,0.22992857972538303,0.4744453417692418,-0.05866758312586859,-0.13128665580865256,-0.06604583475678341,-0.13128665580865256
google_robot_move_near__seed001__step040,move_near,1,exploration,24,0.12144517879605965,0.11100297575769087,0.05034448681396328,0.22992857972538303,0.48129959550030005,-0.10848340092932338,0.010442203038368778,0.07110069198209637,-0.10848340092932338
google_robot_move_near__seed001__step040,move_near,1,exploration,25,-0.02377858724225207,-0.19250822515665714,-0.02377858724225207,0.22992857972538303,0.5139245730473856,-0.25370716696763507,0.16872963791440507,0.0,-0.25370716696763507
google_robot_move_near__seed001__step040,move_near,1,exploration,26,0.05034448681396328,0.42646656622338125,0.05034448681396328,0.22992857972538303,0.5192638745193033,-0.17958409291141975,-0.376122079409418,0.0,-0.376122079409418
google_robot_move_near__seed001__step040,move_near,1,exploration,27,-0.0052695599655945835,0.21833641605586993,-0.0052695599655945835,0.22992857972538303,0.5079138566241821,-0.2351981396909776,-0.2236059760214645,0.0,-0.2351981396909776
google_robot_move_near__seed001__step040,move_near,1,exploration,28,0.0894851941545916,-0.17428811403070446,0.14746711436702398,0.22992857972538303,0.4673814875136135,-0.14044338557079145,0.26377330818529604,-0.057981920212432383,-0.14044338557079145
google_robot_move_near__seed001__step040,move_near,1,exploration,29,0.008914989355179759,-0.2769283405222734,0.0009556410076131949,0.22992857972538303,0.5195076718432219,-0.22101359037020327,0.28584332987745315,0.007959348347566564,-0.22101359037020327
google_robot_move_near__seed001__step040,move_near,1,exploration,30,0.04726453665739879,-0.020853260683869956,0.04516116690357769,0.22992857972538303,0.5933332093815566,-0.18266404306798423,0.06811779734126874,0.0021033697538211035,-0.18266404306798423
google_robot_move_near__seed001__step040,move_near,1,exploration,31,-0.025904944357333443,-0.12622113481915395,0.01114912877130921,0.22992857972538303,0.5864702878602387,-0.2558335240827165,0.10031619046182051,-0.03705407312864265,-0.2558335240827165
google_robot_move_near__seed001__step071,move_near,1,exploration,0,0.6382072069307082,0.07444871550434666,0.6382072069307082,0.0374024512839863,0.5558392642424557,0.6008047556467219,0.5637584914263616,0.0,0.0
google_robot_move_near__seed001__step071,move_near,1,exploration,1,0.7113097247290115,-0.4165551855388437,0.7113097247290115,0.0374024512839863,0.4221182796245441,0.6739072734450252,1.1278649102678553,0.0,0.0
google_robot_move_near__seed001__step071,move_near,1,exploration,2,0.8879135967564157,0.12287702996564831,0.7665729474192003,0.0374024512839863,0.792007308169156,0.8505111454724293,0.7650365667907674,0.12134064933721533,0.12134064933721533
google_robot_move_near__seed001__step071,move_near,1,exploration,3,0.547226943848011,-0.1844852637079478,0.48685661010580833,0.0374024512839863,0.6446223460417091,0.5098244925640246,0.7317122075559588,0.06037033374220263,0.06037033374220263
google_robot_move_near__seed001__step071,move_near,1,exploration,4,0.36464898116516115,0.41382308273591,0.36464898116516115,0.0374024512839863,0.5786848845696879,0.32724652988117486,-0.04917410157074886,0.0,-0.04917410157074886
google_robot_move_near__seed001__step071,move_near,1,exploration,5,0.6242120413508415,0.13163194678559834,0.6242120413508415,0.0374024512839863,0.7451586199410681,0.5868095900668552,0.4925800945652432,0.0,0.0
google_robot_move_near__seed001__step071,move_near,1,exploration,6,0.49057068700285206,0.19673311089670195,0.798314691106896,0.0374024512839863,0.5451342933375212,0.4531682357188658,0.29383757610615013,-0.30774400410404396,-0.30774400410404396
google_robot_move_near__seed001__step071,move_near,1,exploration,7,0.4124199983831154,-0.14037405743754672,0.5865663458575887,0.0374024512839863,0.5118305974463825,0.3750175470991291,0.5527940558206621,-0.17414634747447333,-0.17414634747447333
google_robot_move_near__seed001__step071,move_near,1,exploration,8,0.7237835429301605,0.28149735566142425,0.8326342590813557,0.0374024512839863,0.49982659747117614,0.6863810916461741,0.4422861872687362,-0.10885071615119524,-0.10885071615119524
google_robot_move_near__seed001__step071,move_near,1,exploration,9,0.19747917414225177,0.11026829320525854,0.4175263936935621,0.0374024512839863,0.4049513968028626,0.16007672285826546,0.08721088093699324,-0.22004721955131032,-0.22004721955131032
google_robot_move_near__seed001__step071,move_near,1,exploration,10,0.4528422447197504,0.007797012845579081,0.6164999383457134,0.0374024512839863,0.47673093262302846,0.4154397934357641,0.4450452318741713,-0.163657693625963,-0.163657693625963
google_robot_move_near__seed001__step071,move_near,1,exploration,11,0.07625235270062132,0.01606413641270582,0.5584914528956538,0.0374024512839863,0.364155935038197,0.03884990141663502,0.0601882162879155,-0.4822391001950325,-0.4822391001950325
google_robot_move_near__seed001__step071,move_near,1,exploration,12,0.5018231685248978,0.05175603007628323,0.5018231685248978,0.0374024512839863,0.48957633951829294,0.46442071724091155,0.4500671384486146,0.0,0.0
google_robot_move_near__seed001__step071,move_near,1,exploration,13,0.42117391511526064,0.2122915295998188,0.0433536397334221,0.0374024512839863,0.5090222934545224,0.38377146383127436,0.20888238551544183,0.37782027538183854,0.20888238551544183
google_robot_move_near__seed001__step071,move_near,1,exploration,14,0.38644421081890723,0.050578054329596035,0.10940971915827517,0.0374024512839863,0.5919117567978862,0.34904175953492095,0.3358661564893112,0.27703449166063204,0.27703449166063204
google_robot_move_near__seed001__step071,move_near,1,exploration,15,0.4741789120792606,-0.23578287451203875,0.6316497428664748,0.0374024512839863,0.4363777485620203,0.4367764607952743,0.7099617865912994,-0.1574708307872142,-0.1574708307872142
google_robot_move_near__seed001__step071,move_near,1,exploration,16,0.5133013343350951,-0.251748407980506,0.6142181034941335,0.0374024512839863,0.48900450881091917,0.4758988830511088,0.7650497423156011,-0.10091676915903847,-0.10091676915903847
google_robot_move_near__seed001__step071,move_near,1,exploration,17,0.3060752957705651,-0.07396691252283312,0.7366424362503006,0.0374024512839863,0.4463320322695552,0.2686728444865788,0.3800422082933982,-0.4305671404797355,-0.4305671404797355
google_robot_move_near__seed001__step071,move_near,1,exploration,18,0.4267793433939064,-0.03615181445202672,0.4784581816621048,0.0374024512839863,0.48656358481059325,0.3893768921099201,0.4629311578459331,-0.05167883826819841,-0.05167883826819841
google_robot_move_near__seed001__step071,move_near,1,exploration,19,0.3825446587898627,0.1584348655627907,0.535243919212148,0.0374024512839863,0.4811976074439808,0.34514220750587643,0.224109793227072,-0.15269926042228527,-0.15269926042228527
google_robot_move_near__seed001__step071,move_near,1,exploration,20,0.2448162947212794,0.25273686869457573,0.10853457813445928,0.0374024512839863,0.45465681994777546,0.20741384343729308,-0.007920573973296346,0.1362817165868201,-0.007920573973296346
google_robot_move_near__seed001__step071,move_near,1,exploration,21,0.5450201693131476,-0.3856386804641639,0.6977277659723118,0.0374024512839863,0.5086311601745183,0.5076177180291612,0.9306588497773114,-0.15270759665916422,-0.15270759665916422
google_robot_move_near__seed001__step071,move_near,1,exploration,22,0.46197740445020924,0.5793429440500598,0.5911143092419728,0.0374024512839863,0.544572487218718,0.42457495316622296,-0.11736553959985058,-0.1291369047917636,-0.1291369047917636
google_robot_move_near__seed001__step071,move_near,1,exploration,23,0.5917124888685091,-0.25731920748450854,0.3335739881707723,0.0374024512839863,0.49590041879219915,0.5543100375845228,0.8490316963530177,0.25813850069773686,0.25813850069773686
google_robot_move_near__seed001__step071,move_near,1,exploration,24,0.3408712182212539,0.19610964067016914,0.595152772632689,0.0374024512839863,0.4588668907740893,0.3034687669372676,0.14476157755108474,-0.2542815544114351,-0.2542815544114351
google_robot_move_near__seed001__step071,move_near,1,exploration,25,0.13613190988020327,0.3180346047781375,0.4116670749204339,0.0374024512839863,0.37586004534425727,0.09872945859621696,-0.18190269489793423,-0.2755351650402307,-0.2755351650402307
google_robot_move_near__seed001__step071,move_near,1,exploration,26,0.41210436290894914,0.46139932235136866,0.3747253719430832,0.0374024512839863,0.4425364288699556,0.37470191162496286,-0.04929495944241952,0.037378990965865944,-0.04929495944241952
google_robot_move_near__seed001__step071,move_near,1,exploration,27,0.46079386206107903,0.3404019895638162,0.46079386206107903,0.0374024512839863,0.44500773507455527,0.42339141077709275,0.12039187249726285,0.0,0.0
google_robot_move_near__seed001__step071,move_near,1,exploration,28,0.5543105632137489,0.21575881811263262,0.5125279404981115,0.0374024512839863,0.45813940561413824,0.5169081119297626,0.3385517451011163,0.041782622715637485,0.041782622715637485
google_robot_move_near__seed001__step071,move_near,1,exploration,29,0.25839377955331183,0.23890806362145148,0.5043959027570508,0.0374024512839863,0.45543963589890624,0.22099132826932552,0.019485715931860353,-0.246002123203739,-0.246002123203739
google_robot_move_near__seed001__step071,move_near,1,exploration,30,0.45206924273792587,-0.4634177987488514,0.45206924273792587,0.0374024512839863,0.4397500016420526,0.4146667914539396,0.9154870414867773,0.0,0.0
google_robot_move_near__seed001__step071,move_near,1,exploration,31,0.23614694014780946,-0.059444990533437735,0.6350698654855281,0.0374024512839863,0.3863183381605782,0.19874448886382315,0.2955919306812472,-0.39892292533771867,-0.39892292533771867
google_robot_move_near__seed002__step008,move_near,2,exploration,0,0.34683315464685166,0.37504405985292005,0.34683315464685166,0.05019400438379038,0.8329097647464472,0.29663915026306126,-0.028210905206068393,0.0,-0.028210905206068393
google_robot_move_near__seed002__step008,move_near,2,exploration,1,0.46119077354968097,0.2426959086223477,0.45565198060561746,0.05019400438379038,0.9142659703572042,0.41099676916589056,0.21849486492733328,0.005538792944063509,0.005538792944063509
google_robot_move_near__seed002__step008,move_near,2,exploration,2,0.19662645726963224,0.026628195310416814,0.12000315738551266,0.05019400438379038,0.7456497303030712,0.14643245288584186,0.1699982619592154,0.07662329988411958,0.07662329988411958
google_robot_move_near__seed002__step008,move_near,2,exploration,3,0.32905496926736116,0.15134359461629732,0.2736690256430256,0.05019400438379038,0.8102261779676371,0.27886096488357076,0.17771137465106385,0.055385943624335576,0.055385943624335576
google_robot_move_near__seed002__step008,move_near,2,exploration,4,0.3088903570819217,0.1894413773288388,0.21990067190517024,0.05019400438379038,1.0223518340088982,0.2586963526981313,0.11944897975308288,0.08898968517675146,0.08898968517675146
google_robot_move_near__seed002__step008,move_near,2,exploration,5,0.3645697324337274,0.40784722826950626,0.33780711329216,0.05019400438379038,0.8610001046022492,0.314375728049937,-0.043277495835778834,0.026762619141567412,-0.043277495835778834
google_robot_move_near__seed002__step008,move_near,2,exploration,6,0.2805151778409691,0.3638252982510974,0.32854749506751163,0.05019400438379038,0.8407961630220288,0.2303211734571787,-0.08331012041012831,-0.048032317226542554,-0.08331012041012831
google_robot_move_near__seed002__step008,move_near,2,exploration,7,0.28805994620227376,0.4290092785710023,0.34819866216708695,0.05019400438379038,0.8562808476797406,0.2378659418184834,-0.14094933236872853,-0.06013871596481318,-0.14094933236872853
google_robot_move_near__seed002__step008,move_near,2,exploration,8,0.36281943462825655,0.19961964964579704,0.37499334133707957,0.05019400438379038,1.105860295632982,0.31262543024446615,0.16319978498245952,-0.012173906708823012,-0.012173906708823012
google_robot_move_near__seed002__step008,move_near,2,exploration,9,0.3561260025576772,0.17903919340743477,0.2879960314079849,0.05019400438379038,0.8048989429739042,0.3059319981738868,0.1770868091502424,0.06812997114969227,0.06812997114969227
google_robot_move_near__seed002__step008,move_near,2,exploration,10,0.5001641545882998,0.22522531452569883,0.43978264233817194,0.05019400438379038,1.066889981338327,0.44997015020450937,0.27493884006260094,0.06038151225012783,0.06038151225012783
google_robot_move_near__seed002__step008,move_near,2,exploration,11,0.6056815000329545,0.20401525116790387,0.42753604016732744,0.05019400438379038,1.3179626301973681,0.5554874956491641,0.40166624886505065,0.17814545986562708,0.17814545986562708
google_robot_move_near__seed002__step008,move_near,2,exploration,12,0.4352863624645212,0.3663803233826602,0.4387419238882841,0.05019400438379038,0.9981862367174889,0.3850923580807308,0.06890603908186099,-0.0034555614237629095,-0.0034555614237629095
google_robot_move_near__seed002__step008,move_near,2,exploration,13,0.3971933097430489,0.10756919588544973,0.43859876893310307,0.05019400438379038,0.8504402586710856,0.3469993053592585,0.2896241138575992,-0.04140545919005417,-0.04140545919005417
google_robot_move_near__seed002__step008,move_near,2,exploration,14,0.5086628914766855,0.23267507318384728,0.3292211804510556,0.05019400438379038,1.0650856875326375,0.4584688870928951,0.27598781829283825,0.17944171102562995,0.17944171102562995
google_robot_move_near__seed002__step008,move_near,2,exploration,15,0.36283865763641804,0.2584221433805132,0.35382669362878016,0.05019400438379038,0.828850290565165,0.31264465325262764,0.10441651425590481,0.009011964007637874,0.009011964007637874
google_robot_move_near__seed002__step008,move_near,2,exploration,16,0.42459763639189047,0.16773560336980217,0.2765065815303654,0.05019400438379038,0.8894695340513503,0.37440363200810006,0.2568620330220883,0.14809105486152507,0.14809105486152507
google_robot_move_near__seed002__step008,move_near,2,exploration,17,0.334458440208893,0.11312976479763441,0.31396103932575,0.05019400438379038,0.8536831156430676,0.2842644358251026,0.22132867541125856,0.020497400883143002,0.020497400883143002
google_robot_move_near__seed002__step008,move_near,2,exploration,18,0.40034201377581713,0.2077635495207986,0.3783467214356155,0.05019400438379038,0.9701707819656067,0.3501480093920267,0.19257846425501854,0.021995292340201644,0.021995292340201644
google_robot_move_near__seed002__step008,move_near,2,exploration,19,0.23985959274076715,0.16575753295455772,0.29829613204225375,0.05019400438379038,0.6879735703838318,0.18966558835697678,0.07410205978620943,-0.058436539301486595,-0.058436539301486595
google_robot_move_near__seed002__step008,move_near,2,exploration,20,0.17227298890628925,0.20851589769810552,0.2579438818972633,0.05019400438379038,0.6377160251077898,0.12207898452249888,-0.03624290879181627,-0.08567089299097405,-0.08567089299097405
google_robot_move_near__seed002__step008,move_near,2,exploration,21,0.18944654827495563,0.2015108806998216,0.3016263832879228,0.05019400438379038,0.5831017491835297,0.13925254389116526,-0.012064332424865959,-0.11217983501296716,-0.11217983501296716
google_robot_move_near__seed002__step008,move_near,2,exploration,22,0.1618021017364999,0.14775238907301716,0.13406386260459466,0.05019400438379038,0.6750559370050312,0.11160809735270952,0.014049712663482733,0.027738239131905235,0.014049712663482733
google_robot_move_near__seed002__step008,move_near,2,exploration,23,0.32385427537376527,0.2768829255417318,0.28549904720819774,0.05019400438379038,0.824008893851036,0.27366027098997486,0.04697134983203349,0.03835522816556752,0.03835522816556752
google_robot_move_near__seed002__step008,move_near,2,exploration,24,0.3335393349734305,0.24522190220641757,0.34522815088817244,0.05019400438379038,0.8431754059529526,0.2833453305896401,0.08831743276701295,-0.011688815914741912,-0.011688815914741912
google_robot_move_near__seed002__step008,move_near,2,exploration,25,0.14675541317685722,0.34634506162420725,0.11984519347523186,0.05019400438379038,0.6777018684169682,0.09656140879306685,-0.19958964844735003,0.026910219701625368,-0.19958964844735003
google_robot_move_near__seed002__step008,move_near,2,exploration,26,0.2587712855215235,0.26687734863367046,0.22876152213665354,0.05019400438379038,0.653502172756642,0.20857728113773313,-0.008106063112146955,0.030009763384869964,-0.008106063112146955
google_robot_move_near__seed002__step008,move_near,2,exploration,27,0.12660731980556741,0.21015936598414245,0.1854928866772347,0.05019400438379038,0.6647146124536999,0.07641331542177704,-0.08355204617857503,-0.058885566871667294,-0.08355204617857503
google_robot_move_near__seed002__step008,move_near,2,exploration,28,0.13225378530308698,0.32448864830673746,0.13225378530308698,0.05019400438379038,0.7420495032422648,0.08205978091929661,-0.19223486300365047,0.0,-0.19223486300365047
google_robot_move_near__seed002__step008,move_near,2,exploration,29,0.10780174002425831,0.13910486573112305,0.12103965397739141,0.05019400438379038,0.6674435282855257,0.05760773564046793,-0.031303125706864735,-0.013237913953133104,-0.031303125706864735
google_robot_move_near__seed002__step008,move_near,2,exploration,30,0.1561394496628322,0.25325030069223103,0.1852280342429902,0.05019400438379038,0.599146352683284,0.10594544527904182,-0.09711085102939884,-0.029088584580158006,-0.09711085102939884
google_robot_move_near__seed002__step008,move_near,2,exploration,31,0.20501103388562614,-0.003607576935448553,0.19957710338469872,0.05019400438379038,0.6280812343973476,0.15481702950183576,0.2086186108210747,0.005433930500927414,0.005433930500927414
google_robot_move_near__seed002__step040,move_near,2,exploration,0,0.06799042390568112,0.07061232071653166,0.06799042390568112,0.12964815726259057,2.20236024507837,-0.06165773335690945,-0.002621896810850538,0.0,-0.06165773335690945
google_robot_move_near__seed002__step040,move_near,2,exploration,1,-0.014854988597021437,0.2585041617420638,-0.09069736535879684,0.12964815726259057,2.1044352263913586,-0.14450314585961202,-0.27335915033908526,0.07584237676177541,-0.27335915033908526
google_robot_move_near__seed002__step040,move_near,2,exploration,2,-0.09224924761605872,0.13761541621698933,-0.09224924761605872,0.12964815726259057,2.402354779662859,-0.22189740487864928,-0.22986466383304804,0.0,-0.22986466383304804
google_robot_move_near__seed002__step040,move_near,2,exploration,3,-0.09533685399381765,0.0869042577187154,-0.15874620439120032,0.12964815726259057,2.117038662715781,-0.22498501125640824,-0.18224111171253304,0.06340935039738267,-0.22498501125640824
google_robot_move_near__seed002__step040,move_near,2,exploration,4,-0.10245751133079511,0.025424551918060728,-0.10276299941364726,0.12964815726259057,2.612716691471353,-0.2321056685933857,-0.12788206324885584,0.00030548808285214835,-0.2321056685933857
google_robot_move_near__seed002__step040,move_near,2,exploration,5,-0.12620886441695986,-0.1181767248276943,-0.11916378961427739,0.12964815726259057,2.5309677758705402,-0.25585702167955043,-0.00803213958926556,-0.0070450748026824744,-0.25585702167955043
google_robot_move_near__seed002__step040,move_near,2,exploration,6,0.09720262134237934,-0.12016383105725185,0.05005704649672162,0.12964815726259057,1.6713009043599434,-0.03244553592021124,0.2173664523996312,0.04714557484565771,-0.03244553592021124
google_robot_move_near__seed002__step040,move_near,2,exploration,7,0.011364591000676586,-0.12836650414174472,0.09220771463970324,0.12964815726259057,1.8789846301134234,-0.11828356626191398,0.1397310951424213,-0.08084312363902665,-0.11828356626191398
google_robot_move_near__seed002__step040,move_near,2,exploration,8,0.07384467945129676,0.049368454540241774,0.09355654430314013,0.12964815726259057,1.7410991567429204,-0.055803477811293814,0.024476224911054986,-0.01971186485184337,-0.055803477811293814
google_robot_move_near__seed002__step040,move_near,2,exploration,9,0.1460204852003424,0.009128879436759033,0.11770847984649291,0.12964815726259057,1.6706776039780338,0.016372327937751813,0.13689160576358336,0.02831200535384948,0.016372327937751813
google_robot_move_near__seed002__step040,move_near,2,exploration,10,-0.011168751823503908,-0.12905803060030788,-0.02862946402343286,0.12964815726259057,1.9665796690501132,-0.14081690908609448,0.11788927877680397,0.01746071219992895,-0.14081690908609448
google_robot_move_near__seed002__step040,move_near,2,exploration,11,0.0024842909427278217,-0.018145233129818677,-0.05443509712590968,0.12964815726259057,1.9242736660528734,-0.12716386631986276,0.0206295240725465,0.0569193880686375,-0.12716386631986276
google_robot_move_near__seed002__step040,move_near,2,exploration,12,-0.07675767494162267,0.23439969628184074,-0.10136052962895321,0.12964815726259057,1.8878587396568374,-0.20640583220421324,-0.31115737122346343,0.024602854687330547,-0.31115737122346343
google_robot_move_near__seed002__step040,move_near,2,exploration,13,0.0495148957139408,0.2970715197776012,0.024768736555226673,0.12964815726259057,1.9783465605269757,-0.08013326154864978,-0.2475566240636604,0.024746159158714125,-0.2475566240636604
google_robot_move_near__seed002__step040,move_near,2,exploration,14,-0.02907201539273648,-0.13409176720093874,-0.04820548607189556,0.12964815726259057,2.040458106067796,-0.15872017265532706,0.10501975180820226,0.01913347067915908,-0.15872017265532706
google_robot_move_near__seed002__step040,move_near,2,exploration,15,0.04168000979085149,0.0773267728451526,0.0980325109558271,0.12964815726259057,1.993000046220161,-0.08796814747173909,-0.03564676305430111,-0.05635250116497561,-0.08796814747173909
google_robot_move_near__seed002__step040,move_near,2,exploration,16,0.15963550400919532,0.30112954731891484,0.04643954718269471,0.12964815726259057,1.7694177442235537,0.02998734674660475,-0.1414940433097195,0.1131959568265006,-0.1414940433097195
google_robot_move_near__seed002__step040,move_near,2,exploration,17,0.2624498760435969,0.06672349759286837,0.023528778745241896,0.12964815726259057,1.193272931406771,0.1328017187810063,0.1957263784507285,0.23892109729835498,0.1328017187810063
google_robot_move_near__seed002__step040,move_near,2,exploration,18,0.30539607545651987,-0.24616340124828281,-0.08595019142007403,0.12964815726259057,1.407765310279547,0.1757479181939293,0.5515594767048027,0.3913462668765939,0.1757479181939293
google_robot_move_near__seed002__step040,move_near,2,exploration,19,-0.1998463152571828,0.11594112829916536,-0.15845815704966867,0.12964815726259057,1.3371230092794104,-0.3294944725197734,-0.31578744355634814,-0.041388158207514125,-0.3294944725197734
google_robot_move_near__seed002__step040,move_near,2,exploration,20,-0.17508145142516066,-0.2958117951896789,-0.18925529226653623,0.12964815726259057,1.2940245341335734,-0.30472960868775123,0.12073034376451827,0.014173840841375573,-0.30472960868775123
google_robot_move_near__seed002__step040,move_near,2,exploration,21,-0.18033009109807518,-0.3845865267353843,-0.15977045828767664,0.12964815726259057,1.3445781689149667,-0.3099782483606658,0.2042564356373091,-0.020559632810398548,-0.3099782483606658
google_robot_move_near__seed002__step040,move_near,2,exploration,22,-0.21039293125246064,0.21037342124115044,-0.21039540496720466,0.12964815726259057,1.3789984168137706,-0.3400410885150512,-0.42076635249361105,2.4737147440168084e-06,-0.42076635249361105
google_robot_move_near__seed002__step040,move_near,2,exploration,23,-0.2257274535751241,0.20706344974456725,-0.2235855917713203,0.12964815726259057,1.461465429428915,-0.3553756108377147,-0.4327909033196914,-0.002141861803803796,-0.4327909033196914
google_robot_move_near__seed002__step040,move_near,2,exploration,24,-0.21039293125246064,-0.35742507050919303,-0.22015159025650077,0.12964815726259057,1.3789984168137706,-0.3400410885150512,0.1470321392567324,0.009758659004040132,-0.3400410885150512
google_robot_move_near__seed002__step040,move_near,2,exploration,25,-0.22378862358052007,-0.4060817962160974,-0.22797166430020446,0.12964815726259057,1.337319837727639,-0.35343678084311064,0.18229317263557734,0.004183040719684394,-0.35343678084311064
google_robot_move_near__seed002__step040,move_near,2,exploration,26,-0.20755352756309162,0.01374296817993344,-0.20755352756309162,0.12964815726259057,1.382645946345825,-0.3372016848256822,-0.22129649574302507,0.0,-0.3372016848256822
google_robot_move_near__seed002__step040,move_near,2,exploration,27,-0.19715656189408884,-0.29432153616043055,-0.19715656189408884,0.12964815726259057,1.3626236429539067,-0.3268047191566794,0.09716497426634171,0.0,-0.3268047191566794
google_robot_move_near__seed002__step040,move_near,2,exploration,28,-0.23179402014236694,-0.12019022634226033,-0.2318133239564839,0.12964815726259057,1.3715880051359732,-0.36144217740495754,-0.11160379380010661,1.9303814116966578e-05,-0.36144217740495754
google_robot_move_near__seed002__step040,move_near,2,exploration,29,-0.22776334902999654,-0.27157396838774656,-0.22540607898622392,0.12964815726259057,1.347587613949792,-0.3574115062925871,0.04381061935775002,-0.002357270043772619,-0.3574115062925871
google_robot_move_near__seed002__step040,move_near,2,exploration,30,-0.2443804204518708,0.06140775456129482,-0.24443749388456792,0.12964815726259057,0.9651615968264907,-0.3740285777144614,-0.30578817501316563,5.707343269711895e-05,-0.3740285777144614
google_robot_move_near__seed002__step040,move_near,2,exploration,31,-0.18906503833207497,-0.06229452357135142,-0.16968469023607557,0.12964815726259057,0.919139547732646,-0.31871319559466554,-0.12677051476072354,-0.019380348095999395,-0.31871319559466554
google_robot_move_near__seed002__step071,move_near,2,exploration,0,-0.03599373461751904,0.06310615139691007,-0.2533240252599503,-0.22912725383040677,0.6671002098147738,0.19313351921288774,-0.09909988601442912,0.21733029064243126,-0.09909988601442912
google_robot_move_near__seed002__step071,move_near,2,exploration,1,-0.1680023786079006,-0.07147155854311012,-0.0832860676079476,-0.22912725383040677,0.5294005515856287,0.061124875222506175,-0.09653082006479048,-0.084716310999953,-0.09653082006479048
google_robot_move_near__seed002__step071,move_near,2,exploration,2,0.11393323431207296,0.1467898307553065,0.03929019741133597,-0.22912725383040677,0.77039287877949,0.34306048814247975,-0.032856596443233535,0.07464303690073698,-0.032856596443233535
google_robot_move_near__seed002__step071,move_near,2,exploration,3,0.4195579319124077,0.13137476590359512,0.3626672492527853,-0.22912725383040677,0.7006557528976954,0.6486851857428144,0.28818316600881255,0.05689068265962238,0.05689068265962238
google_robot_move_near__seed002__step071,move_near,2,exploration,4,-0.159626598313008,0.14840067479327124,0.15907985465635432,-0.22912725383040677,0.913307054732315,0.06950065551739878,-0.3080272731062792,-0.3187064529693623,-0.3187064529693623
google_robot_move_near__seed002__step071,move_near,2,exploration,5,-0.33947562806334064,0.026454987456278806,-0.32763727356652944,-0.22912725383040677,0.9843899908068561,-0.11034837423293387,-0.3659306155196195,-0.011838354496811199,-0.3659306155196195
google_robot_move_near__seed002__step071,move_near,2,exploration,6,-0.0503825455448717,0.06636860421218961,-0.24707327421874306,-0.22912725383040677,1.184839757336157,0.17874470828553507,-0.1167511497570613,0.19669072867387136,-0.1167511497570613
google_robot_move_near__seed002__step071,move_near,2,exploration,7,-0.052108264569184326,0.015213044562740344,-0.01726777603597862,-0.22912725383040677,1.1928061758939223,0.17701898926122245,-0.06732130913192468,-0.034840488533205705,-0.06732130913192468
google_robot_move_near__seed002__step071,move_near,2,exploration,8,0.22374818893014967,0.34603528725593646,0.2564882428769517,-0.22912725383040677,0.9407822107445232,0.45287544276055647,-0.1222870983257868,-0.032740053946802045,-0.1222870983257868
google_robot_move_near__seed002__step071,move_near,2,exploration,9,0.381804556090626,0.1433206605530668,-0.10766491725170561,-0.22912725383040677,0.7990101529575158,0.6109318099210328,0.23848389553755922,0.48946947334233165,0.23848389553755922
google_robot_move_near__seed002__step071,move_near,2,exploration,10,0.25760959879983597,0.023281658958914608,-0.15505042025136886,-0.22912725383040677,1.0361511505891337,0.48673685263024274,0.23432793984092137,0.41266001905120486,0.23432793984092137
google_robot_move_near__seed002__step071,move_near,2,exploration,11,0.1917615601210848,0.441059301909523,0.16153763405550725,-0.22912725383040677,0.9730192023314482,0.4208888139514916,-0.24929774178843822,0.030223926065577555,-0.24929774178843822
google_robot_move_near__seed002__step071,move_near,2,exploration,12,0.03689346936900737,0.0908259522960687,0.4969011337147513,-0.22912725383040677,0.8511383426610527,0.26602072319941417,-0.05393248292706133,-0.4600076643457439,-0.4600076643457439
google_robot_move_near__seed002__step071,move_near,2,exploration,13,0.31525012055255724,0.3103957999614934,0.07863959374611548,-0.22912725383040677,0.988360633558816,0.5443773743829641,0.004854320591063832,0.23661052680644176,0.004854320591063832
google_robot_move_near__seed002__step071,move_near,2,exploration,14,0.28169551436053236,0.2067025560713438,0.16527303926454592,-0.22912725383040677,0.8935820939282286,0.5108227681909392,0.07499295828918856,0.11642247509598644,0.07499295828918856
google_robot_move_near__seed002__step071,move_near,2,exploration,15,-0.19147371269287336,0.3607791714601825,-0.11964175409452493,-0.22912725383040677,0.8633329355982675,0.037653541137533414,-0.5522528841530558,-0.07183195859834843,-0.5522528841530558
google_robot_move_near__seed002__step071,move_near,2,exploration,16,-0.2953481016158325,0.08440208335440647,-0.2953481016158325,-0.22912725383040677,1.1280676639764708,-0.06622084778542575,-0.379750184970239,0.0,-0.379750184970239
google_robot_move_near__seed002__step071,move_near,2,exploration,17,0.2943918204931847,-0.057674843236599514,0.35525667722613385,-0.22912725383040677,1.0073686434996914,0.5235190743235915,0.3520666637297842,-0.06086485673294917,-0.06086485673294917
google_robot_move_near__seed002__step071,move_near,2,exploration,18,0.11894821447057524,0.025446669729380974,0.017635544612500637,-0.22912725383040677,0.7628937002216456,0.348075468300982,0.09350154474119426,0.1013126698580746,0.09350154474119426
google_robot_move_near__seed002__step071,move_near,2,exploration,19,0.3197597958891271,-0.09081222156864281,0.3027595163230199,-0.22912725383040677,0.6782265465105892,0.548887049719534,0.41057201745776994,0.017000279566107224,0.017000279566107224
google_robot_move_near__seed002__step071,move_near,2,exploration,20,0.3286114338038726,-0.17222715297037552,0.337409927424084,-0.22912725383040677,0.6217408151626524,0.5577386876342794,0.5008385867742481,-0.0087984936202114,-0.0087984936202114
google_robot_move_near__seed002__step071,move_near,2,exploration,21,0.2812739020674237,0.21605820511428528,0.2471006927168178,-0.22912725383040677,0.9392334381870086,0.5104011558978305,0.06521569695313842,0.03417320935060589,0.03417320935060589
google_robot_move_near__seed002__step071,move_near,2,exploration,22,0.22475790561887068,-0.06270841862241548,0.17712981471442193,-0.22912725383040677,0.8964820871347415,0.45388515944927743,0.28746632424128615,0.04762809090444875,0.04762809090444875
google_robot_move_near__seed002__step071,move_near,2,exploration,23,-0.05668340195358306,0.5082935154065623,-0.05668340195358306,-0.22912725383040677,0.9074236609021109,0.1724438518768237,-0.5649769173601453,0.0,-0.5649769173601453
google_robot_move_near__seed002__step071,move_near,2,exploration,24,0.14308214246979997,-0.1458829193556589,0.09750366605822987,-0.22912725383040677,0.9813752754137764,0.3722093963002068,0.2889650618254589,0.045578476411570104,0.045578476411570104
google_robot_move_near__seed002__step071,move_near,2,exploration,25,0.14308214246979997,0.23329554161999652,0.2969434908121165,-0.22912725383040677,0.9813752754137764,0.3722093963002068,-0.09021339915019655,-0.15386134834231655,-0.15386134834231655
google_robot_move_near__seed002__step071,move_near,2,exploration,26,0.23932513660331767,0.3216811111820584,0.23840795801979295,-0.22912725383040677,0.9236544863339264,0.46845239043372444,-0.08235597457874072,0.0009171785835247193,-0.08235597457874072
google_robot_move_near__seed002__step071,move_near,2,exploration,27,0.10973064489607674,0.3182946743509342,0.10973064489607674,-0.22912725383040677,0.905700110279697,0.33885789872648353,-0.20856402945485747,0.0,-0.20856402945485747
google_robot_move_near__seed002__step071,move_near,2,exploration,28,0.09061162044668047,0.2930438101729581,0.09236987573822929,-0.22912725383040677,0.9106378260798808,0.31973887427708725,-0.20243218972627763,-0.001758255291548813,-0.20243218972627763
google_robot_move_near__seed002__step071,move_near,2,exploration,29,0.29072570891551036,-0.18505604543297258,0.29072570891551036,-0.22912725383040677,0.8160120849717873,0.5198529627459172,0.4757817543484829,0.0,0.0
google_robot_move_near__seed002__step071,move_near,2,exploration,30,0.2894260223344374,0.3681846421464856,0.2894260223344374,-0.22912725383040677,0.9021910050762582,0.5185532761648441,-0.07875861981204818,0.0,-0.07875861981204818
google_robot_move_near__seed002__step071,move_near,2,exploration,31,0.18196598015067922,0.12052747669128329,0.18196598015067922,-0.22912725383040677,0.8994971754017874,0.411093233981086,0.06143850345939593,0.0,0.0
google_robot_move_near__seed013__step008,move_near,13,validation,0,0.23808052585308329,0.08072891856339293,0.23808052585308329,-0.002464905702817229,0.9780517706567318,0.24054543155590052,0.15735160728969036,0.0,0.0
google_robot_move_near__seed013__step008,move_near,13,validation,1,0.3015225014593131,0.05681813076921238,0.28556799986381026,-0.002464905702817229,0.8590520577147414,0.3039874071621303,0.2447043706901007,0.015954501595502824,0.015954501595502824
google_robot_move_near__seed013__step008,move_near,13,validation,2,0.1847087513766095,0.010399740782275532,0.18679453539001514,-0.002464905702817229,0.6534159093570748,0.18717365707942674,0.17430901059433396,-0.002085784013405645,-0.002085784013405645
google_robot_move_near__seed013__step008,move_near,13,validation,3,0.25181680672026546,-0.10418057008451799,0.24693465535053752,-0.002464905702817229,0.9274615845668296,0.2542817124230827,0.35599737680478344,0.004882151369727944,0.004882151369727944
google_robot_move_near__seed013__step008,move_near,13,validation,4,0.20338881494469255,0.005275807393868921,0.24221122781860582,-0.002464905702817229,1.0061255673150533,0.20585372064750979,0.19811300755082362,-0.038822412873913276,-0.038822412873913276
google_robot_move_near__seed013__step008,move_near,13,validation,5,0.19974968853817687,-0.02582488659178538,0.20869446068622402,-0.002464905702817229,1.0546037350029887,0.2022145942409941,0.22557457512996226,-0.008944772148047148,-0.008944772148047148
google_robot_move_near__seed013__step008,move_near,13,validation,6,0.22415338937673512,0.023711700253116464,0.23217864093962914,-0.002464905702817229,1.0628768640153856,0.22661829507955236,0.20044168912361865,-0.00802525156289402,-0.00802525156289402
google_robot_move_near__seed013__step008,move_near,13,validation,7,0.2698375574075204,0.054094960593866016,0.2942237701600166,-0.002464905702817229,1.0849363831334131,0.2723024631103376,0.2157425968136544,-0.024386212752496195,-0.024386212752496195
google_robot_move_near__seed013__step008,move_near,13,validation,8,0.27739693133472804,-0.04380917398782841,0.27739693133472804,-0.002464905702817229,0.9590290474248123,0.27986183703754525,0.32120610532255645,0.0,0.0
google_robot_move_near__seed013__step008,move_near,13,validation,9,0.22570386848214366,0.08119573489491218,0.30274971713568205,-0.002464905702817229,0.9329725991601804,0.2281687741849609,0.14450813358723147,-0.07704584865353839,-0.07704584865353839
google_robot_move_near__seed013__step008,move_near,13,validation,10,0.20784976826347326,-0.10012240593882664,0.2816747871784529,-0.002464905702817229,1.0205167453233135,0.2103146739662905,0.3079721742022999,-0.07382501891497964,-0.07382501891497964
google_robot_move_near__seed013__step008,move_near,13,validation,11,0.2732980063071723,-0.0892930451873255,0.2818610594643245,-0.002464905702817229,0.8436322076707542,0.27576291200998954,0.36259105149449783,-0.008563053157152167,-0.008563053157152167
google_robot_move_near__seed013__step008,move_near,13,validation,12,0.269741199396537,0.011769391928726137,0.26786862721476173,-0.002464905702817229,1.1159774328312078,0.2722061050993542,0.2579718074678109,0.0018725721817752783,0.0018725721817752783
google_robot_move_near__seed013__step008,move_near,13,validation,13,0.14899836880765785,-0.03953277995141249,0.15083000720587122,-0.002464905702817229,0.9887596240341181,0.1514632745104751,0.18853114875907034,-0.0018316383982133755,-0.0018316383982133755
google_robot_move_near__seed013__step008,move_near,13,validation,14,0.18665257820007208,-0.013781968840517023,0.21280649209257682,-0.002464905702817229,0.6902284970420717,0.18911748390288932,0.2004345470405891,-0.026153913892504738,-0.026153913892504738
google_robot_move_near__seed013__step008,move_near,13,validation,15,0.06485001055553721,0.04161282554010609,0.14865371749811776,-0.002464905702817229,0.6700863759827136,0.06731491625835444,0.023237185015431122,-0.08380370694258055,-0.08380370694258055
google_robot_move_near__seed013__step008,move_near,13,validation,16,0.18121400388221046,-0.018201987893693577,0.17918303483177123,-0.002464905702817229,0.8887138733212233,0.1836789095850277,0.19941599177590402,0.0020309690504392297,0.0020309690504392297
google_robot_move_near__seed013__step008,move_near,13,validation,17,0.17745557127725017,-0.008745979241175686,0.13940763250841046,-0.002464905702817229,0.7812502249348569,0.1799204769800674,0.18620155051842585,0.03804793876883972,0.03804793876883972
google_robot_move_near__seed013__step008,move_near,13,validation,18,0.22144972572631774,0.11427321440835451,0.20793715635201845,-0.002464905702817229,0.7808450899502803,0.22391463142913498,0.10717651131796323,0.013512569374299288,0.013512569374299288
google_robot_move_near__seed013__step008,move_near,13,validation,19,0.15113286532250705,-0.06721547798432903,0.12904558965939403,-0.002464905702817229,0.7604027279727951,0.1535977710253243,0.21834834330683608,0.022087275663113026,0.022087275663113026
google_robot_move_near__seed013__step008,move_near,13,validation,20,0.21793523736650777,-0.04897881800232249,0.1864880895048238,-0.002464905702817229,0.7038290880179546,0.220400143069325,0.2669140553688303,0.03144714786168398,0.03144714786168398
google_robot_move_near__seed013__step008,move_near,13,validation,21,0.1631839289421885,-0.05202813543452872,0.18500483390588365,-0.002464905702817229,0.8000253604291248,0.16564883464500574,0.21521206437671722,-0.021820904963695154,-0.021820904963695154
google_robot_move_near__seed013__step008,move_near,13,validation,22,0.16897817150155647,-0.05645191970796797,0.17928724712970712,-0.002464905702817229,0.8293518570230963,0.1714430772043737,0.22543009120952445,-0.010309075628150643,-0.010309075628150643
google_robot_move_near__seed013__step008,move_near,13,validation,23,0.18313356927972027,-0.16639084101657362,0.20922182329523273,-0.002464905702817229,0.8647321294620162,0.1855984749825375,0.3495244102962939,-0.026088254015512458,-0.026088254015512458
google_robot_move_near__seed013__step008,move_near,13,validation,24,0.17237030252443228,-0.028338402821237618,0.1764784773945555,-0.002464905702817229,0.8485943881690018,0.17483520822724952,0.2007087053456699,-0.004108174870123216,-0.004108174870123216
google_robot_move_near__seed013__step008,move_near,13,validation,25,0.18739144648042141,0.07605156416007837,0.18865630728002358,-0.002464905702817229,0.866833454431308,0.18985635218323865,0.11133988232034304,-0.0012648607996021688,-0.0012648607996021688
google_robot_move_near__seed013__step008,move_near,13,validation,26,0.2046523027100522,-0.09499090205952786,0.18150045267911097,-0.002464905702817229,0.8362235517766665,0.20711720841286943,0.29964320476958006,0.023151850030941223,0.023151850030941223
google_robot_move_near__seed013__step008,move_near,13,validation,27,0.16648055828161637,0.013151704589552837,0.19231583470334832,-0.002464905702817229,0.8908371345315582,0.1689454639844336,0.15332885369206353,-0.025835276421731945,-0.025835276421731945
google_robot_move_near__seed013__step008,move_near,13,validation,28,0.20301084858428844,0.02405357540254387,0.20301084858428844,-0.002464905702817229,0.754310662120171,0.20547575428710568,0.17895727318174456,0.0,0.0
google_robot_move_near__seed013__step008,move_near,13,validation,29,0.17788899170654957,-0.02995209639463109,0.1800648524046423,-0.002464905702817229,0.7605229464744999,0.1803538974093668,0.20784108810118065,-0.002175860698092724,-0.002175860698092724
google_robot_move_near__seed013__step008,move_near,13,validation,30,0.17154222234815117,0.0435819803297893,0.18531153906446743,-0.002464905702817229,0.8383206899742419,0.1740071280509684,0.12796024201836187,-0.01376931671631626,-0.01376931671631626
google_robot_move_near__seed013__step008,move_near,13,validation,31,0.10958370605439388,-0.06030327059146959,0.16137630196812955,-0.002464905702817229,0.7179572812382271,0.1120486117572111,0.16988697664586347,-0.05179259591373567,-0.05179259591373567
google_robot_move_near__seed013__step040,move_near,13,validation,0,0.37123341598028975,0.051700323889743605,0.3710092391845632,-0.01463930304000414,1.1571393705640372,0.3858727190202939,0.31953309209054614,0.00022417679572656057,0.00022417679572656057
google_robot_move_near__seed013__step040,move_near,13,validation,1,0.456148289496787,0.2716111212052412,0.44927343492011973,-0.01463930304000414,1.1833369388871153,0.47078759253679114,0.18453716829154576,0.006874854576667255,0.006874854576667255
google_robot_move_near__seed013__step040,move_near,13,validation,2,0.3894945025853553,0.21638616219893045,0.3894945025853553,-0.01463930304000414,1.2681001823102391,0.40413380562535944,0.17310834038642484,0.0,0.0
google_robot_move_near__seed013__step040,move_near,13,validation,3,0.40730576159440474,0.23622742969360577,0.4327179217088697,-0.01463930304000414,1.4539146427269363,0.4219450646344089,0.17107833190079896,-0.025412160114464954,-0.025412160114464954
google_robot_move_near__seed013__step040,move_near,13,validation,4,0.2955933641675598,0.30781639015978396,0.2955933641675598,-0.01463930304000414,1.7194498895894328,0.310232667207564,-0.012223025992224135,0.0,-0.012223025992224135
google_robot_move_near__seed013__step040,move_near,13,validation,5,0.22267534409552484,0.15820286501797143,0.24211512197900312,-0.01463930304000414,1.0226246291873209,0.23731464713552897,0.06447247907755341,-0.019439777883478282,-0.019439777883478282
google_robot_move_near__seed013__step040,move_near,13,validation,6,0.2615528636756159,0.16620036813214245,0.2577183366481452,-0.01463930304000414,1.0706825497613692,0.2761921667156201,0.09535249554347347,0.0038345270274707244,0.0038345270274707244
google_robot_move_near__seed013__step040,move_near,13,validation,7,0.29198780281380204,0.16364165663787247,0.29198780281380204,-0.01463930304000414,1.0657581355990549,0.3066271058538062,0.12834614617592957,0.0,0.0
google_robot_move_near__seed013__step040,move_near,13,validation,8,0.230034833843739,0.22734460464911602,0.20455233572343398,-0.01463930304000414,1.1286752687216253,0.24467413688374312,0.002690229194622973,0.02548249812030501,0.002690229194622973
google_robot_move_near__seed013__step040,move_near,13,validation,9,0.27735083312924463,0.12626924013210214,0.21028961195378162,-0.01463930304000414,1.1953163883892406,0.2919901361692488,0.1510815929971425,0.06706122117546301,0.06706122117546301
google_robot_move_near__seed013__step040,move_near,13,validation,10,0.15684236209047772,0.11632480834282947,0.24836183763081518,-0.01463930304000414,1.2132471367499802,0.17148166513048185,0.04051755374764825,-0.09151947554033746,-0.09151947554033746
google_robot_move_near__seed013__step040,move_near,13,validation,11,0.3134121805011895,0.16745687557996536,0.3181603098386327,-0.01463930304000414,1.2372381970642372,0.3280514835411937,0.14595530492122416,-0.004748129337443174,-0.004748129337443174
google_robot_move_near__seed013__step040,move_near,13,validation,12,0.30545486298138724,0.3437128686432134,0.31561635817213385,-0.01463930304000414,1.3294112426299933,0.3200941660213914,-0.03825800566182613,-0.010161495190746606,-0.03825800566182613
google_robot_move_near__seed013__step040,move_near,13,validation,13,0.26765466186357084,0.285579322059003,0.2821589619177338,-0.01463930304000414,1.2626179013827918,0.282293964903575,-0.01792466019543215,-0.014504300054162977,-0.01792466019543215
google_robot_move_near__seed013__step040,move_near,13,validation,14,0.24847114785643445,0.03871455997709178,0.23267553318819098,-0.01463930304000414,1.196888799927557,0.2631104508964386,0.20975658787934268,0.015795614668243474,0.015795614668243474
google_robot_move_near__seed013__step040,move_near,13,validation,15,0.21561848737442676,0.24921072444428746,0.19782583425960054,-0.01463930304000414,1.3749383797334191,0.2302577904144309,-0.0335922370698607,0.017792653114826223,-0.0335922370698607
google_robot_move_near__seed013__step040,move_near,13,validation,16,0.22477034813517868,0.31749984037393264,0.13130411505307166,-0.01463930304000414,1.341727882404695,0.2394096511751828,-0.09272949223875396,0.09346623308210703,-0.09272949223875396
google_robot_move_near__seed013__step040,move_near,13,validation,17,0.2246199476359332,0.34613788921275024,0.26930196898085573,-0.01463930304000414,1.3054192292790965,0.23925925067593734,-0.12151794157681703,-0.04468202134492252,-0.12151794157681703
google_robot_move_near__seed013__step040,move_near,13,validation,18,0.19823953648141537,0.10807995402439384,0.2812619489937533,-0.01463930304000414,1.2004437253212576,0.2128788395214195,0.09015958245702153,-0.08302241251233791,-0.08302241251233791
google_robot_move_near__seed013__step040,move_near,13,validation,19,0.12220802714860234,0.13092541447747408,0.13559923686313727,-0.01463930304000414,1.0409455346508971,0.13684733018860648,-0.008717387328871742,-0.013391209714534932,-0.013391209714534932
google_robot_move_near__seed013__step040,move_near,13,validation,20,0.25338576790213124,0.37505996589931523,0.2851546115610009,-0.01463930304000414,0.9632878448147882,0.2680250709421354,-0.12167419799718399,-0.03176884365886967,-0.12167419799718399
google_robot_move_near__seed013__step040,move_near,13,validation,21,0.31462652837724897,0.3324403663387076,0.2787640160930536,-0.01463930304000414,0.9753338154208863,0.32926583141725313,-0.017813837961458634,0.03586251228419535,-0.017813837961458634
google_robot_move_near__seed013__step040,move_near,13,validation,22,0.28435071169967596,0.29285181303391766,0.2831658950484064,-0.01463930304000414,0.9825825297205787,0.2989900147396801,-0.0085011013342417,0.0011848166512695713,-0.0085011013342417
google_robot_move_near__seed013__step040,move_near,13,validation,23,0.21688052119337156,0.2050107089244632,0.29909623515160366,-0.01463930304000414,0.9766157718089361,0.2315198242333757,0.011869812268908375,-0.0822157139582321,-0.0822157139582321
google_robot_move_near__seed013__step040,move_near,13,validation,24,0.3000880048725794,0.3075448592246111,0.23285408608182936,-0.01463930304000414,0.9514007913051024,0.3147273079125836,-0.007456854352031694,0.06723391879075005,-0.007456854352031694
google_robot_move_near__seed013__step040,move_near,13,validation,25,0.14847995622623184,0.27134861966615986,0.1018571527708112,-0.01463930304000414,0.945654533229603,0.16311925926623597,-0.12286866343992803,0.046622803455420636,-0.12286866343992803
google_robot_move_near__seed013__step040,move_near,13,validation,26,-0.02697707764401466,0.35670140001603484,0.01558821888778228,-0.01463930304000414,0.9756664694468332,-0.01233777460401052,-0.3836784776600495,-0.04256529653179694,-0.3836784776600495
google_robot_move_near__seed013__step040,move_near,13,validation,27,0.23618664484572327,0.37399510586117674,0.1833985804581109,-0.01463930304000414,1.0427315426222377,0.25082594788572743,-0.13780846101545347,0.05278806438761238,-0.13780846101545347
google_robot_move_near__seed013__step040,move_near,13,validation,28,0.06760497012262555,0.41081544877159487,0.18903808811434097,-0.01463930304000414,1.000843526547735,0.0822442731626297,-0.3432104786489693,-0.12143311799171543,-0.3432104786489693
google_robot_move_near__seed013__step040,move_near,13,validation,29,0.22650453098627946,0.38435513353072476,0.062143872481279706,-0.01463930304000414,1.0199279169104107,0.2411438340262836,-0.1578506025444453,0.16436065850499976,-0.1578506025444453
google_robot_move_near__seed013__step040,move_near,13,validation,30,0.022330696160550587,0.41907145878624746,0.07854350865919794,-0.01463930304000414,1.032367882239689,0.03696999920055473,-0.39674076262569685,-0.05621281249864736,-0.39674076262569685
google_robot_move_near__seed013__step040,move_near,13,validation,31,0.07039356348810939,0.31213429997109793,0.07460668185136345,-0.01463930304000414,1.0078121436542706,0.08503286652811354,-0.24174073648298855,-0.004213118363254054,-0.24174073648298855
google_robot_move_near__seed013__step071,move_near,13,validation,0,0.2742160543958602,0.2027397070010457,0.2742160543958602,0.18773706996507236,0.8914266635977071,0.08647898443078786,0.07147634739481451,0.0,0.0
google_robot_move_near__seed013__step071,move_near,13,validation,1,0.2767589121741287,0.2109972033113808,0.29710167687682376,0.18773706996507236,0.8920810856226085,0.08902184220905632,0.06576170886274788,-0.020342764702695082,-0.020342764702695082
google_robot_move_near__seed013__step071,move_near,13,validation,2,0.2757098320926225,0.03487041061984091,0.30226834607547576,0.18773706996507236,0.6970479204015763,0.08797276212755015,0.2408394214727816,-0.02655851398285325,-0.02655851398285325
google_robot_move_near__seed013__step071,move_near,13,validation,3,0.17281319158172848,0.3422997221400322,0.1649883190038177,0.18773706996507236,0.7024342570090808,-0.014923878383343886,-0.1694865305583037,0.007824872577910785,-0.1694865305583037
google_robot_move_near__seed013__step071,move_near,13,validation,4,0.13814287985620863,0.2564531499286406,0.090283003724045,0.18773706996507236,0.7416927370335221,-0.049594190108863734,-0.11831027007243197,0.04785987613216362,-0.11831027007243197
google_robot_move_near__seed013__step071,move_near,13,validation,5,0.3942619495493045,0.18921379076448405,0.34701077692550014,0.18773706996507236,0.7381957799226035,0.20652487958423213,0.20504815878482044,0.04725117262380435,0.04725117262380435
google_robot_move_near__seed013__step071,move_near,13,validation,6,0.30396276014278767,0.11620493700697558,0.27540546970359875,0.18773706996507236,0.8080260147913115,0.11622569017771531,0.18775782313581207,0.02855729043918892,0.02855729043918892
google_robot_move_near__seed013__step071,move_near,13,validation,7,0.40893165276680365,0.19765750259359352,0.40893165276680365,0.18773706996507236,0.9007784533427478,0.2211945828017313,0.21127415017321013,0.0,0.0
google_robot_move_near__seed013__step071,move_near,13,validation,8,0.41873533307544947,0.3518245347119764,0.3937258176985217,0.18773706996507236,1.0402246100932147,0.2309982631103771,0.06691079836347308,0.02500951537692775,0.02500951537692775
google_robot_move_near__seed013__step071,move_near,13,validation,9,0.34498056426009044,0.39112358100148636,0.3560438421927206,0.18773706996507236,1.0268733831462964,0.15724349429501808,-0.046143016741395926,-0.011063277932630178,-0.046143016741395926
google_robot_move_near__seed013__step071,move_near,13,validation,10,0.39268698013002107,0.3704045820092539,0.3674628340194022,0.18773706996507236,1.1058249222907712,0.2049499101649487,0.022282398120767155,0.02522414611061885,0.022282398120767155
google_robot_move_near__seed013__step071,move_near,13,validation,11,0.3699221713247649,0.16255820252849518,0.39762292892524337,0.18773706996507236,1.007793824920617,0.18218510135969254,0.20736396879626973,-0.027700757600478465,-0.027700757600478465
google_robot_move_near__seed013__step071,move_near,13,validation,12,0.43207384545932664,0.28997177617792264,0.4282787174542137,0.18773706996507236,1.0535067115891659,0.24433677549425428,0.142102069281404,0.0037951280051129466,0.0037951280051129466
google_robot_move_near__seed013__step071,move_near,13,validation,13,0.35514436047432635,0.2946441105006335,0.4216553827630542,0.18773706996507236,0.8651158885554165,0.167407290509254,0.060500249973692855,-0.06651102228872785,-0.06651102228872785
google_robot_move_near__seed013__step071,move_near,13,validation,14,0.41727987502772157,0.29297681800831554,0.4515382180765142,0.18773706996507236,0.9366140541061826,0.2295428050626492,0.12430305701940603,-0.034258343048792606,-0.034258343048792606
google_robot_move_near__seed013__step071,move_near,13,validation,15,0.21602078739507216,0.19978483591578114,0.3426788242472322,0.18773706996507236,0.7465588930285421,0.0282837174299998,0.016235951479291022,-0.12665803685216007,-0.12665803685216007
google_robot_move_near__seed013__step071,move_near,13,validation,16,0.43152977865618963,0.2760495998375037,0.44723100553373785,0.18773706996507236,1.0819472884206374,0.24379270869111727,0.15548017881868592,-0.015701226877548213,-0.015701226877548213
google_robot_move_near__seed013__step071,move_near,13,validation,17,0.3423983615509843,0.2689763737520409,0.37620457790480294,0.18773706996507236,0.8748056054535146,0.15466129158591194,0.07342198779894338,-0.03380621635381864,-0.03380621635381864
google_robot_move_near__seed013__step071,move_near,13,validation,18,0.09973697154172616,0.32486351674136854,0.1314374344097513,0.18773706996507236,0.6457941702198661,-0.0880000984233462,-0.22512654519964237,-0.03170046286802515,-0.22512654519964237
google_robot_move_near__seed013__step071,move_near,13,validation,19,0.10222944859052319,0.24998375087329552,0.0886379522024241,0.18773706996507236,0.6235675992862978,-0.08550762137454918,-0.14775430228277234,0.013591496388099089,-0.14775430228277234
google_robot_move_near__seed013__step071,move_near,13,validation,20,-0.007777345122516109,0.3845095098969413,0.009998045695721297,0.18773706996507236,0.6333221878076403,-0.19551441508758846,-0.3922868550194574,-0.017775390818237407,-0.3922868550194574
google_robot_move_near__seed013__step071,move_near,13,validation,21,0.3563261890038493,0.30955063461824817,0.39025690869403235,0.18773706996507236,0.8236126418097575,0.16858911903877696,0.04677555438560116,-0.03393071969018302,-0.03393071969018302
google_robot_move_near__seed013__step071,move_near,13,validation,22,0.04489132665348183,0.2621843427309653,0.04694779578065771,0.18773706996507236,0.5815511429248676,-0.14284574331159053,-0.21729301607748347,-0.002056469127175879,-0.21729301607748347
google_robot_move_near__seed013__step071,move_near,13,validation,23,0.19901639566388354,0.2082608752467919,0.18090204220558412,0.18773706996507236,0.572949680118245,0.011279325698811182,-0.00924447958290836,0.018114353458299426,-0.00924447958290836
google_robot_move_near__seed013__step071,move_near,13,validation,24,0.14277861716061976,0.1540342944616231,0.11965792490138094,0.18773706996507236,0.5525039777221976,-0.0449584528044526,-0.011255677301003325,0.023120692259238823,-0.0449584528044526
google_robot_move_near__seed013__step071,move_near,13,validation,25,0.28350761130699703,0.34495403383608253,0.28350761130699703,0.18773706996507236,0.5906779821241488,0.09577054134192467,-0.0614464225290855,0.0,-0.0614464225290855
google_robot_move_near__seed013__step071,move_near,13,validation,26,0.15913489370250303,0.17295584191185498,0.26129690115695053,0.18773706996507236,0.5510047413877756,-0.028602176262569334,-0.013820948209351952,-0.1021620074544475,-0.1021620074544475
google_robot_move_near__seed013__step071,move_near,13,validation,27,0.17127293636416782,0.39219048605123025,0.13036423138971226,0.18773706996507236,0.5670559668899119,-0.01646413360090454,-0.22091754968706243,0.04090870497445556,-0.22091754968706243
google_robot_move_near__seed013__step071,move_near,13,validation,28,0.08775997899340542,0.19478816708907423,0.07239059762490933,0.18773706996507236,0.5571804490720584,-0.09997709097166695,-0.10702818809566882,0.015369381368496082,-0.10702818809566882
google_robot_move_near__seed013__step071,move_near,13,validation,29,0.15435317603699514,0.34085309085859733,0.235022218833383,0.18773706996507236,0.617307720584606,-0.033383893928077224,-0.1864999148216022,-0.08066904279638787,-0.1864999148216022
google_robot_move_near__seed013__step071,move_near,13,validation,30,0.22314014313206773,0.18611578081511612,0.17192739548971367,0.18773706996507236,0.647934193258771,0.03540307316699537,0.03702436231695161,0.05121274764235406,0.03540307316699537
google_robot_move_near__seed013__step071,move_near,13,validation,31,0.2753165173695705,0.2465377884210207,0.2755529350563252,0.18773706996507236,0.6245667131302126,0.08757944740449816,0.028778728948549825,-0.00023641768675469743,-0.00023641768675469743
google_robot_move_near__seed031__step008,move_near,31,exploration,0,0.4643614315015206,0.24741059021389586,0.4643614315015206,0.13129930270102896,1.1817848184871216,0.33306212880049163,0.21695084128762473,0.0,0.0
google_robot_move_near__seed031__step008,move_near,31,exploration,1,0.3663990736627911,0.036546439539695046,0.3477073640294645,0.13129930270102896,1.0246003801454124,0.23509977096176216,0.32985263412309607,0.018691709633326614,0.018691709633326614
google_robot_move_near__seed031__step008,move_near,31,exploration,2,0.24994580610191797,0.23892760203847185,0.3080835026652367,0.13129930270102896,1.0315256703238818,0.118646503400889,0.011018204063446113,-0.05813769656331874,-0.05813769656331874
google_robot_move_near__seed031__step008,move_near,31,exploration,3,0.37595165553610105,0.27877583414242874,0.3985252502969583,0.13129930270102896,1.094059690547858,0.24465235283507208,0.09717582139367231,-0.02257359476085724,-0.02257359476085724
google_robot_move_near__seed031__step008,move_near,31,exploration,4,0.3590002843684514,0.26773116892093496,0.35736632142039887,0.13129930270102896,1.1883618695455846,0.22770098166742242,0.09126911544751642,0.0016339629480525142,0.0016339629480525142
google_robot_move_near__seed031__step008,move_near,31,exploration,5,0.2939893931457464,0.40837873888852344,0.30391809385116597,0.13129930270102896,1.09660092998342,0.16269009044471744,-0.11438934574277704,-0.009928700705419569,-0.11438934574277704
google_robot_move_near__seed031__step008,move_near,31,exploration,6,0.3358067863702973,0.4126617130712443,0.3461476014776645,0.13129930270102896,1.0643089399437715,0.20450748366926835,-0.07685492670094696,-0.010340815107367174,-0.07685492670094696
google_robot_move_near__seed031__step008,move_near,31,exploration,7,0.4703381014303241,0.4109531912927218,0.4703381014303241,0.13129930270102896,1.0575219545236738,0.33903879872929515,0.05938491013760233,0.0,0.0
google_robot_move_near__seed031__step008,move_near,31,exploration,8,0.3910596020156228,0.11417861340979325,0.3993757816086276,0.13129930270102896,0.9387400408144592,0.2597602993145938,0.27688098860582955,-0.008316179593004791,-0.008316179593004791
google_robot_move_near__seed031__step008,move_near,31,exploration,9,0.3360499845869936,0.19146378006401343,0.3321761532167768,0.13129930270102896,1.0287802142455542,0.20475068188596462,0.14458620452298016,0.003873831370216796,0.003873831370216796
google_robot_move_near__seed031__step008,move_near,31,exploration,10,0.308838776773751,0.20206035183677307,0.21545258669533654,0.13129930270102896,1.011695699583751,0.17753947407272203,0.10677842493697792,0.09338619007841445,0.09338619007841445
google_robot_move_near__seed031__step008,move_near,31,exploration,11,0.3581624639610556,0.11821959759250532,0.3489552279461719,0.13129930270102896,1.3607487138267396,0.22686316126002665,0.23994286636855028,0.009207236014883713,0.009207236014883713
google_robot_move_near__seed031__step008,move_near,31,exploration,12,0.203076059488044,0.10192262957067849,0.19082760311713176,0.13129930270102896,1.1052239232142138,0.07177675678701503,0.1011534299173655,0.012248456370912236,0.012248456370912236
google_robot_move_near__seed031__step008,move_near,31,exploration,13,0.23632895651331898,0.24945554928316205,0.150482958960354,0.13129930270102896,0.9727038247257288,0.10502965381229001,-0.01312659276984307,0.08584599755296499,-0.01312659276984307
google_robot_move_near__seed031__step008,move_near,31,exploration,14,0.3436132570381735,0.17300992421474407,0.22019455926591802,0.13129930270102896,0.9984845161505761,0.21231395433714456,0.17060333282342946,0.1234186977722555,0.1234186977722555
google_robot_move_near__seed031__step008,move_near,31,exploration,15,0.19812623170321955,0.3655648303493997,0.12347167454376078,0.13129930270102896,0.9803576102525234,0.06682692900219059,-0.16743859864618013,0.07465455715945878,-0.16743859864618013
google_robot_move_near__seed031__step008,move_near,31,exploration,16,0.24862067581336803,0.2794164042914618,0.17822175577992228,0.13129930270102896,0.9580122486924402,0.11732137311233906,-0.03079572847809378,0.07039892003344575,-0.03079572847809378
google_robot_move_near__seed031__step008,move_near,31,exploration,17,0.3311116804159679,0.22969099451264277,0.3166700395817066,0.13129930270102896,1.0265697632124866,0.19981237771493893,0.10142068590332512,0.014441640834261305,0.014441640834261305
google_robot_move_near__seed031__step008,move_near,31,exploration,18,0.45743301971742006,0.3519135837705339,0.3620851803830368,0.13129930270102896,0.8870497868949992,0.3261337170163911,0.10551943594688618,0.09534783933438329,0.09534783933438329
google_robot_move_near__seed031__step008,move_near,31,exploration,19,0.3731442715612392,0.30891957283089305,0.2620962724630162,0.13129930270102896,1.0066949961898837,0.24184496886021023,0.06422469873034614,0.111047999098223,0.06422469873034614
google_robot_move_near__seed031__step008,move_near,31,exploration,20,0.5122111397076118,0.3263255812119989,0.44803833365902973,0.13129930270102896,0.8277958108537439,0.3809118370065828,0.1858855584956129,0.06417280604858205,0.06417280604858205
google_robot_move_near__seed031__step008,move_near,31,exploration,21,0.3724788606869797,0.2940018604057595,0.32288572519556985,0.13129930270102896,0.9744651922278267,0.24117955798595075,0.07847700028122023,0.04959313549140987,0.04959313549140987
google_robot_move_near__seed031__step008,move_near,31,exploration,22,0.4212776173785098,0.35464441851424483,0.4277187258188026,0.13129930270102896,0.8879457099665071,0.28997831467748086,0.066633198864265,-0.006441108440292775,-0.006441108440292775
google_robot_move_near__seed031__step008,move_near,31,exploration,23,0.4445305573004563,0.27470558429532227,0.463067996945667,0.13129930270102896,0.8502590624720445,0.31323125459942736,0.16982497300513405,-0.018537439645210707,-0.018537439645210707
google_robot_move_near__seed031__step008,move_near,31,exploration,24,0.4296213100167751,0.27142602578954994,0.44331039006339173,0.13129930270102896,0.8666905664567665,0.29832200731574615,0.15819528422722517,-0.01368908004661662,-0.01368908004661662
google_robot_move_near__seed031__step008,move_near,31,exploration,25,0.41530387677049996,0.20927801095235762,0.4519819595577997,0.13129930270102896,0.9070071306792148,0.284004574069471,0.20602586581814233,-0.036678082787299726,-0.036678082787299726
google_robot_move_near__seed031__step008,move_near,31,exploration,26,0.4565532255462375,-0.15342189383843585,0.4565532255462375,0.13129930270102896,0.8625192991385482,0.32525392284520854,0.6099751193846734,0.0,0.0
google_robot_move_near__seed031__step008,move_near,31,exploration,27,0.4326194366671723,0.1352876533355348,0.4326194366671723,0.13129930270102896,0.8339365081851486,0.3013201339661433,0.29733178333163746,0.0,0.0
google_robot_move_near__seed031__step008,move_near,31,exploration,28,0.43537894423806817,0.17642046708002032,0.4387560146476457,0.13129930270102896,0.8246758310349428,0.3040796415370392,0.2589584771580479,-0.0033770704095775206,-0.0033770704095775206
google_robot_move_near__seed031__step008,move_near,31,exploration,29,0.42602708154635865,0.04503139447617152,0.48119538844028154,0.13129930270102896,0.8272353111567009,0.2947277788453297,0.38099568707018716,-0.05516830689392288,-0.05516830689392288
google_robot_move_near__seed031__step008,move_near,31,exploration,30,0.4677085080143541,0.10546974207835003,0.4647849075306614,0.13129930270102896,0.8037967648045089,0.33640920531332513,0.36223876593600407,0.002923600483692723,0.002923600483692723
google_robot_move_near__seed031__step008,move_near,31,exploration,31,0.42339908922112984,0.14081332412621692,0.4572922826505199,0.13129930270102896,0.7678979112127904,0.2920997865201009,0.28258576509491296,-0.03389319342939007,-0.03389319342939007
google_robot_move_near__seed031__step040,move_near,31,exploration,0,0.3301086864594178,0.19290270602342185,0.3301086864594178,0.056858192530831596,0.7681274571571379,0.27325049392858625,0.13720598043599597,0.0,0.0
google_robot_move_near__seed031__step040,move_near,31,exploration,1,0.3929223510687623,0.09256190020833943,0.3929223510687623,0.056858192530831596,1.1215927412714386,0.3360641585379307,0.30036045086042285,0.0,0.0
google_robot_move_near__seed031__step040,move_near,31,exploration,2,0.36950857826940275,0.07126825803402627,0.36374101532549935,0.056858192530831596,1.1579966472291574,0.3126503857385712,0.2982403202353765,0.005767562943903404,0.005767562943903404
google_robot_move_near__seed031__step040,move_near,31,exploration,3,0.26638676563932123,0.19246232464210852,0.2758010257381603,0.056858192530831596,1.2091312791566449,0.20952857310848963,0.07392444099721271,-0.009414260098839056,-0.009414260098839056
google_robot_move_near__seed031__step040,move_near,31,exploration,4,0.34703715449387246,-0.11328509497523931,0.31860803388038955,0.056858192530831596,1.1496011996905153,0.2901789619630409,0.46032224946911177,0.028429120613482906,0.028429120613482906
google_robot_move_near__seed031__step040,move_near,31,exploration,5,0.3643949799590687,0.2441925660095362,0.25966369468583544,0.056858192530831596,1.252084238550789,0.30753678742823715,0.12020241394953252,0.10473128527323328,0.10473128527323328
google_robot_move_near__seed031__step040,move_near,31,exploration,6,0.3343513833332646,0.03777327742002121,0.3277628076822259,0.056858192530831596,1.0998119814101188,0.277493190802433,0.29657810591324335,0.006588575651038708,0.006588575651038708
google_robot_move_near__seed031__step040,move_near,31,exploration,7,0.43262385367135886,0.3764764777565524,0.5005658929671556,0.056858192530831596,0.9847865124182015,0.3757656611405273,0.05614737591480645,-0.06794203929579673,-0.06794203929579673
google_robot_move_near__seed031__step040,move_near,31,exploration,8,0.32873060147972666,0.006738690723981773,0.36065809448466757,0.056858192530831596,0.9302515505053368,0.2718724089488951,0.3219919107557449,-0.03192749300494091,-0.03192749300494091
google_robot_move_near__seed031__step040,move_near,31,exploration,9,0.41970407008395805,-0.052456017866453375,0.43090552571746915,0.056858192530831596,1.1256492490636119,0.3628458775531265,0.4721600879504114,-0.011201455633511104,-0.011201455633511104
google_robot_move_near__seed031__step040,move_near,31,exploration,10,0.4456502425739109,0.09205104148872291,0.4610725467664447,0.056858192530831596,0.9796928867948219,0.3887920500430793,0.353599201085188,-0.01542230419253382,-0.01542230419253382
google_robot_move_near__seed031__step040,move_near,31,exploration,11,0.4508726624533122,-0.04971712661151597,0.47128290483391994,0.056858192530831596,0.9131471250994808,0.3940144699224806,0.5005897890648282,-0.020410242380607735,-0.020410242380607735
google_robot_move_near__seed031__step040,move_near,31,exploration,12,0.3961798252456343,-0.039770704424184344,0.46745134311211683,0.056858192530831596,1.070793225826463,0.3393216327148027,0.4359505296698186,-0.07127151786648256,-0.07127151786648256
google_robot_move_near__seed031__step040,move_near,31,exploration,13,0.555565932030767,-0.11606856225154481,0.4992033682684715,0.056858192530831596,1.2029380081196228,0.4987077394999354,0.6716344942823118,0.05636256376229548,0.05636256376229548
google_robot_move_near__seed031__step040,move_near,31,exploration,14,0.4952755528741996,0.04699667311694569,0.48014515658309725,0.056858192530831596,1.2131770886435933,0.43841736034336803,0.4482788797572539,0.015130396291102355,0.015130396291102355
google_robot_move_near__seed031__step040,move_near,31,exploration,15,0.5012321400469274,0.034571943049046365,0.5527406912870735,0.056858192530831596,1.1003095078465839,0.4443739475160958,0.466660196997881,-0.05150855124014608,-0.05150855124014608
google_robot_move_near__seed031__step040,move_near,31,exploration,16,0.4184850062235008,0.13755477894020215,0.5406698022317246,0.056858192530831596,0.9278542491084542,0.36162681369266925,0.28093022728329864,-0.12218479600822374,-0.12218479600822374
google_robot_move_near__seed031__step040,move_near,31,exploration,17,0.2942473449935021,0.16860239078577346,0.40411221731083896,0.056858192530831596,0.996829341773576,0.23738915246267048,0.12564495420772862,-0.10986487231733688,-0.10986487231733688
google_robot_move_near__seed031__step040,move_near,31,exploration,18,0.2939406951773979,0.030492482024228783,0.42873874992626587,0.056858192530831596,1.0698510315873546,0.2370825026465663,0.26344821315316913,-0.13479805474886797,-0.13479805474886797
google_robot_move_near__seed031__step040,move_near,31,exploration,19,0.32689234864183225,0.1566235532045345,0.31870912886413844,0.056858192530831596,0.7042858049752079,0.2700341561110007,0.17026879543729775,0.008183219777693818,0.008183219777693818
google_robot_move_near__seed031__step040,move_near,31,exploration,20,0.2763149768716901,-0.09275955024266123,0.2763149768716901,0.056858192530831596,0.6851733850004005,0.2194567843408585,0.36907452711435135,0.0,0.0
google_robot_move_near__seed031__step040,move_near,31,exploration,21,0.258681900136823,-0.011058202696293004,0.2758246777265866,0.056858192530831596,0.9495542947883417,0.20182370760599141,0.269740102833116,-0.01714277758976357,-0.01714277758976357
google_robot_move_near__seed031__step040,move_near,31,exploration,22,0.240882180445517,0.07216133068237114,0.24116713164386952,0.056858192530831596,0.9613097642672963,0.1840239879146854,0.16872084976314589,-0.0002849511983525066,-0.0002849511983525066
google_robot_move_near__seed031__step040,move_near,31,exploration,23,0.2281458732062014,-0.0787835807892233,0.2281458732062014,0.056858192530831596,0.9672943556540041,0.17128768067536979,0.3069294539954247,0.0,0.0
google_robot_move_near__seed031__step040,move_near,31,exploration,24,0.252856220613685,0.004936991443338759,0.3075630173357405,0.056858192530831596,0.9595417553130147,0.1959980280828534,0.24791922917034626,-0.05470679672205547,-0.05470679672205547
google_robot_move_near__seed031__step040,move_near,31,exploration,25,0.28752559090679647,0.04262635646731252,0.25849981927222127,0.056858192530831596,0.7197569013896813,0.23066739837596487,0.24489923443948394,0.029025771634575204,0.029025771634575204
google_robot_move_near__seed031__step040,move_near,31,exploration,26,0.21859766542587047,-0.010829866678803693,0.2845057790385641,0.056858192530831596,0.7928544630718397,0.16173947289503887,0.22942753210467418,-0.06590811361269364,-0.06590811361269364
google_robot_move_near__seed031__step040,move_near,31,exploration,27,0.1435622606972777,-0.18320816564824027,0.19462443012483344,0.056858192530831596,0.7609512507203152,0.0867040681664461,0.326770426345518,-0.05106216942755573,-0.05106216942755573
google_robot_move_near__seed031__step040,move_near,31,exploration,28,0.3000854506282305,-0.26606535774899065,0.2775913572342732,0.056858192530831596,0.8562825116158987,0.2432272580973989,0.5661508083772211,0.022494093393957304,0.022494093393957304
google_robot_move_near__seed031__step040,move_near,31,exploration,29,0.2316426460781741,-0.04514630630004377,0.2349091350929734,0.056858192530831596,0.9775260630929246,0.1747844535473425,0.2767889523782179,-0.0032664890147992842,-0.0032664890147992842
google_robot_move_near__seed031__step040,move_near,31,exploration,30,0.17983623422916614,-0.029754560328973372,0.19699223787365608,0.056858192530831596,0.747704558499474,0.12297804169833454,0.2095907945581395,-0.017156003644489937,-0.017156003644489937
google_robot_move_near__seed031__step040,move_near,31,exploration,31,0.18567858080082014,0.11596610150882351,0.18567858080082014,0.056858192530831596,0.6416662367609199,0.12882038826998854,0.06971247929199663,0.0,0.0
google_robot_move_near__seed031__step071,move_near,31,exploration,0,0.511347046833757,0.02545173341712333,0.511347046833757,-0.27507900997688245,0.9794265772883549,0.7864260568106394,0.48589531341663367,0.0,0.0
google_robot_move_near__seed031__step071,move_near,31,exploration,1,0.46055778443230705,-0.22076774510192218,0.46055778443230705,-0.27507900997688245,0.9501129243810197,0.7356367944091895,0.6813255295342292,0.0,0.0
google_robot_move_near__seed031__step071,move_near,31,exploration,2,0.3718798825907465,-0.009231315023725734,0.4258462819521955,-0.27507900997688245,0.9134763252594439,0.646958892567629,0.3811111976144722,-0.05396639936144898,-0.05396639936144898
google_robot_move_near__seed031__step071,move_near,31,exploration,3,0.44843484687122603,0.17989797541272587,0.4433128637982849,-0.27507900997688245,1.0993740943368162,0.7235138568481085,0.26853687145850014,0.00512198307294115,0.00512198307294115
google_robot_move_near__seed031__step071,move_near,31,exploration,4,0.46680733416407144,0.12188196025882363,0.4941297285043303,-0.27507900997688245,1.2418252249482884,0.7418863441409539,0.3449253739052478,-0.02732239434025885,-0.02732239434025885
google_robot_move_near__seed031__step071,move_near,31,exploration,5,0.5554164905467399,0.04274436558680833,0.5418334780615198,-0.27507900997688245,1.0142597189358176,0.8304955005236223,0.5126721249599315,0.013583012485220092,0.013583012485220092
google_robot_move_near__seed031__step071,move_near,31,exploration,6,0.4204066531608253,-0.11830485334168717,0.4204066531608253,-0.27507900997688245,1.0436480175457519,0.6954856631377078,0.5387115065025125,0.0,0.0
google_robot_move_near__seed031__step071,move_near,31,exploration,7,0.6179178815165137,0.30975452471094067,0.6570942999952905,-0.27507900997688245,0.983293188588566,0.8929968914933961,0.30816335680557305,-0.03917641847877673,-0.03917641847877673
google_robot_move_near__seed031__step071,move_near,31,exploration,8,0.44632331281213133,0.030174724699153815,0.4352496186786541,-0.27507900997688245,1.0901856014107663,0.7214023227890138,0.4161485881129775,0.011073694133477252,0.011073694133477252
google_robot_move_near__seed031__step071,move_near,31,exploration,9,0.5372263545526128,0.08290095263532755,0.5990979525335232,-0.27507900997688245,1.0217956029049728,0.8123053645294953,0.45432540191728527,-0.06187159798091035,-0.06187159798091035
google_robot_move_near__seed031__step071,move_near,31,exploration,10,0.5213817776712525,0.07320043104917288,0.5411272055139976,-0.27507900997688245,1.1681272352790326,0.7964607876481349,0.4481813466220796,-0.019745427842745134,-0.019745427842745134
google_robot_move_near__seed031__step071,move_near,31,exploration,11,0.6048845496867459,0.016583437168621012,0.6188773558417248,-0.27507900997688245,1.1138020664302304,0.8799635596636284,0.5883011125181249,-0.013992806154978887,-0.013992806154978887
google_robot_move_near__seed031__step071,move_near,31,exploration,12,0.5433808103989909,0.05923050945803898,0.5675853883603242,-0.27507900997688245,1.2204641837045316,0.8184598203758733,0.4841503009409519,-0.02420457796133335,-0.02420457796133335
google_robot_move_near__seed031__step071,move_near,31,exploration,13,0.4557077633899409,-0.05922780638068361,0.5744077969884568,-0.27507900997688245,1.2102139836526464,0.7307867733668234,0.5149355697706245,-0.11870003359851589,-0.11870003359851589
google_robot_move_near__seed031__step071,move_near,31,exploration,14,0.439847514178663,0.221178498441816,0.5559474405692122,-0.27507900997688245,1.2011731131769698,0.7149265241555455,0.21866901573684702,-0.11609992639054917,-0.11609992639054917
google_robot_move_near__seed031__step071,move_near,31,exploration,15,0.5145194704496722,-0.06227228664201764,0.545845702826549,-0.27507900997688245,1.1392056673405702,0.7895984804265546,0.5767917570916898,-0.03132623237687682,-0.03132623237687682
google_robot_move_near__seed031__step071,move_near,31,exploration,16,0.4755002385555788,0.20049158652545995,0.5004671638240835,-0.27507900997688245,1.0389413355038737,0.7505792485324613,0.27500865203011887,-0.02496692526850469,-0.02496692526850469
google_robot_move_near__seed031__step071,move_near,31,exploration,17,0.3378978683767031,0.15859740727305338,0.3222866248230779,-0.27507900997688245,0.6643506310202775,0.6129768783535856,0.17930046110364972,0.015611243553625198,0.015611243553625198
google_robot_move_near__seed031__step071,move_near,31,exploration,18,0.5045249435023889,-0.11127069289533419,0.322723683018431,-0.27507900997688245,0.7818724567047243,0.7796039534792714,0.6157956363977231,0.18180126048395784,0.18180126048395784
google_robot_move_near__seed031__step071,move_near,31,exploration,19,0.4432058841112471,-0.10299484530635918,0.4201401911078522,-0.27507900997688245,0.7584170953620277,0.7182848940881296,0.5462007294176063,0.023065693003394894,0.023065693003394894
google_robot_move_near__seed031__step071,move_near,31,exploration,20,0.46556519721534334,-0.10324818105780538,0.4742797488475241,-0.27507900997688245,0.7427736884672619,0.7406442071922258,0.5688133782731487,-0.008714551632180767,-0.008714551632180767
google_robot_move_near__seed031__step071,move_near,31,exploration,21,0.4103080273573135,-0.18147100771747451,0.3766282474575658,-0.27507900997688245,0.7733824986444341,0.6853870373341959,0.591779035074788,0.033679779899747686,0.033679779899747686
google_robot_move_near__seed031__step071,move_near,31,exploration,22,0.4599831950770572,0.00356897907567306,0.49223227199972186,-0.27507900997688245,0.8160291462039724,0.7350622050539397,0.45641421600138415,-0.032249076922664655,-0.032249076922664655
google_robot_move_near__seed031__step071,move_near,31,exploration,23,0.33223600639767553,-0.1650339744708814,0.40841752488796673,-0.27507900997688245,0.7504923642089613,0.607315016374558,0.4972699808685569,-0.0761815184902912,-0.0761815184902912
google_robot_move_near__seed031__step071,move_near,31,exploration,24,0.4091134638220455,-0.17829821659542833,0.3717546191217262,-0.27507900997688245,0.7100506585899902,0.684192473798928,0.5874116804174738,0.037358844700319305,0.037358844700319305
google_robot_move_near__seed031__step071,move_near,31,exploration,25,0.4094228429779176,-0.0979489320160641,0.3940319876251472,-0.27507900997688245,0.7121894928675171,0.6845018529548,0.5073717749939817,0.015390855352770405,0.015390855352770405
google_robot_move_near__seed031__step071,move_near,31,exploration,26,0.3940319876251472,-0.17991461715415213,0.3940319876251472,-0.27507900997688245,0.7119395541775189,0.6691109976020296,0.5739466047792994,0.0,0.0
google_robot_move_near__seed031__step071,move_near,31,exploration,27,0.3940319876251472,-0.08837162740071229,0.3940319876251472,-0.27507900997688245,0.7119395541775189,0.6691109976020296,0.4824036150258595,0.0,0.0
google_robot_move_near__seed031__step071,move_near,31,exploration,28,0.3660872788649312,-0.1183329375085882,0.3660872788649312,-0.27507900997688245,0.7064153038223676,0.6411662888418137,0.4844202163735194,0.0,0.0
google_robot_move_near__seed031__step071,move_near,31,exploration,29,0.48986851549336347,-0.05299469982646332,0.46047498270563664,-0.27507900997688245,0.755129502291837,0.7649475254702459,0.5428632153198267,0.029393532787726828,0.029393532787726828
google_robot_move_near__seed031__step071,move_near,31,exploration,30,0.48986851549336347,0.12816079204558306,0.48986851549336347,-0.27507900997688245,0.755129502291837,0.7649475254702459,0.3617077234477804,0.0,0.0
google_robot_move_near__seed031__step071,move_near,31,exploration,31,0.4285120633155341,-0.07549937740434436,0.4285120633155341,-0.27507900997688245,0.7390499370826039,0.7035910732924165,0.5040114407198785,0.0,0.0
google_robot_move_near__seed073__step008,move_near,73,exploration,0,0.528942805323382,0.04051935943083798,0.528942805323382,0.2480349489614344,1.10143801872438,0.2809078563619476,0.48842344589254405,0.0,0.0
google_robot_move_near__seed073__step008,move_near,73,exploration,1,0.504946095622966,-0.14040083398203373,0.5186047973896538,0.2480349489614344,1.0619157223411388,0.2569111466615316,0.6453469296049997,-0.01365870176668782,-0.01365870176668782
google_robot_move_near__seed073__step008,move_near,73,exploration,2,0.4111792034511545,0.19245628095470113,0.4111792034511545,0.2480349489614344,0.8092257196210497,0.1631442544897201,0.21872292249645336,0.0,0.0
google_robot_move_near__seed073__step008,move_near,73,exploration,3,0.47303617887149835,0.3579970069938721,0.47303617887149835,0.2480349489614344,1.099220571481838,0.22500122991006394,0.11503917187762625,0.0,0.0
google_robot_move_near__seed073__step008,move_near,73,exploration,4,0.4841938070506318,0.2731028197207453,0.4861119333523811,0.2480349489614344,1.1473332622917005,0.2361588580891974,0.21109098732988651,-0.0019181263017493122,-0.0019181263017493122
google_robot_move_near__seed073__step008,move_near,73,exploration,5,0.4901178219896325,0.38079981391075823,0.48473076974503226,0.2480349489614344,1.0987204122957004,0.2420828730281981,0.10931800807887426,0.005387052244600232,0.005387052244600232
google_robot_move_near__seed073__step008,move_near,73,exploration,6,0.514637230124857,0.22313310832925423,0.5083569086443129,0.2480349489614344,1.1191668834192225,0.26660228116342255,0.2915041217956027,0.006280321480544027,0.006280321480544027
google_robot_move_near__seed073__step008,move_near,73,exploration,7,0.5393835285223246,0.2157150358887161,0.5296715130488784,0.2480349489614344,1.0262199135537762,0.2913485795608902,0.32366849263360853,0.009712015473446245,0.009712015473446245
google_robot_move_near__seed073__step008,move_near,73,exploration,8,0.4954495935089585,0.058403493233843695,0.5594605304736205,0.2480349489614344,1.2148245326023015,0.2474146445475241,0.4370461002751148,-0.06401093696466204,-0.06401093696466204
google_robot_move_near__seed073__step008,move_near,73,exploration,9,0.5208051951041496,0.41852420586773603,0.5123323454756065,0.2480349489614344,1.0706614582780367,0.27277024614271517,0.10228098923641354,0.008472849628543111,0.008472849628543111
google_robot_move_near__seed073__step008,move_near,73,exploration,10,0.5349341664304901,0.2633958806855356,0.49854694376621156,0.2480349489614344,1.1634785252992292,0.28689921746905567,0.2715382857449545,0.03638722266427852,0.03638722266427852
google_robot_move_near__seed073__step008,move_near,73,exploration,11,0.3991120223911719,0.19562436899746213,0.4524424209965001,0.2480349489614344,1.1298819206650121,0.15107707342973747,0.20348765339370975,-0.05333039860532823,-0.05333039860532823
google_robot_move_near__seed073__step008,move_near,73,exploration,12,0.5272798690927812,0.1429483201529184,0.4419797609901222,0.2480349489614344,1.2757506381666421,0.27924492013134683,0.3843315489398629,0.08530010810265903,0.08530010810265903
google_robot_move_near__seed073__step008,move_near,73,exploration,13,0.46092443424548724,0.12409891319002608,0.4400320591222373,0.2480349489614344,1.2885232050335018,0.21288948528405283,0.33682552105546115,0.02089237512324993,0.02089237512324993
google_robot_move_near__seed073__step008,move_near,73,exploration,14,0.37940505643717315,0.1108013107916039,0.44265619684994545,0.2480349489614344,1.1120728775659618,0.13137010747573874,0.26860374564556927,-0.0632511404127723,-0.0632511404127723
google_robot_move_near__seed073__step008,move_near,73,exploration,15,0.5278983997840406,0.22470067455428508,0.5082328560177157,0.2480349489614344,1.0590874938353982,0.2798634508226062,0.3031977252297555,0.0196655437663249,0.0196655437663249
google_robot_move_near__seed073__step008,move_near,73,exploration,16,0.5456095679892866,0.12760100404821653,0.5037833599770979,0.2480349489614344,1.015245178503219,0.2975746190278522,0.4180085639410701,0.041826208012188726,0.041826208012188726
google_robot_move_near__seed073__step008,move_near,73,exploration,17,0.40157067284816267,0.13376916748102524,0.43229131322771513,0.2480349489614344,1.208987825699913,0.15353572388672826,0.2678015053671374,-0.030720640379552466,-0.030720640379552466
google_robot_move_near__seed073__step008,move_near,73,exploration,18,0.3867521378275233,0.11865975142935464,0.3850538652363344,0.2480349489614344,1.2539410635750134,0.13871718886608891,0.2680923863981687,0.0016982725911889318,0.0016982725911889318
google_robot_move_near__seed073__step008,move_near,73,exploration,19,0.452688906398635,-0.043881899921327995,0.4470592587731641,0.2480349489614344,1.10497369174983,0.2046539574372006,0.49657080631996303,0.005629647625470913,0.005629647625470913
google_robot_move_near__seed073__step008,move_near,73,exploration,20,0.3930824700584518,0.15562641036631586,0.398466080928795,0.2480349489614344,1.1528799192684802,0.1450475210970174,0.23745605969213596,-0.0053836108703431695,-0.0053836108703431695
google_robot_move_near__seed073__step008,move_near,73,exploration,21,0.4302960925689449,0.12836529515012884,0.3787966802971034,0.2480349489614344,1.1166017799525692,0.1822611436075105,0.30193079741881607,0.051499412271841516,0.051499412271841516
google_robot_move_near__seed073__step008,move_near,73,exploration,22,0.4578282103742468,0.12781327062306488,0.4216197635851297,0.2480349489614344,1.2579488464162778,0.2097932614128124,0.3300149397511819,0.03620844678911711,0.03620844678911711
google_robot_move_near__seed073__step008,move_near,73,exploration,23,0.35695302009897567,0.1969941597815861,0.35695302009897567,0.2480349489614344,0.8386054953394467,0.10891807113754126,0.15995886031738957,0.0,0.0
google_robot_move_near__seed073__step008,move_near,73,exploration,24,0.4133038656394181,0.05954756654751062,0.4337633052820753,0.2480349489614344,1.043368947493386,0.1652689166779837,0.3537562990919075,-0.020459439642657173,-0.020459439642657173
google_robot_move_near__seed073__step008,move_near,73,exploration,25,0.38293495504840663,0.15439686354898102,0.41522005925814764,0.2480349489614344,0.7616720807294286,0.13490000608697222,0.2285380914994256,-0.03228510420974101,-0.03228510420974101
google_robot_move_near__seed073__step008,move_near,73,exploration,26,0.5151408929188439,0.13209038256145592,0.5151408929188439,0.2480349489614344,0.6901371384182851,0.2671059439574095,0.383050510357388,0.0,0.0
google_robot_move_near__seed073__step008,move_near,73,exploration,27,0.4488069887364698,0.1996634832133594,0.39909111430861705,0.2480349489614344,0.6308701564458561,0.20077203977503538,0.2491435055231104,0.049715874427852746,0.049715874427852746
google_robot_move_near__seed073__step008,move_near,73,exploration,28,0.5486159468066145,-0.0161665668206097,0.44034370910826154,0.2480349489614344,0.726826170763359,0.3005809978451801,0.5647825136272242,0.10827223769835298,0.10827223769835298
google_robot_move_near__seed073__step008,move_near,73,exploration,29,0.48562201089910034,0.12933566704067165,0.440282498281034,0.2480349489614344,0.6758316858711736,0.23758706193766593,0.3562863438584287,0.04533951261806635,0.04533951261806635
google_robot_move_near__seed073__step008,move_near,73,exploration,30,0.34648092976563744,0.15042822841257625,0.2871935586977237,0.2480349489614344,0.5335071745595014,0.09844598080420303,0.1960527013530612,0.05928737106791371,0.05928737106791371
google_robot_move_near__seed073__step008,move_near,73,exploration,31,0.353777320590077,-0.058693116866917396,0.3946096083197976,0.2480349489614344,0.5760758503619513,0.10574237162864258,0.4124704374569944,-0.040832287729720584,-0.040832287729720584
google_robot_move_near__seed073__step040,move_near,73,exploration,0,0.32111037096297435,0.11917951556666657,0.32111037096297435,-0.07667084076330252,1.3752970668359517,0.3977812117262769,0.20193085539630778,0.0,0.0
google_robot_move_near__seed073__step040,move_near,73,exploration,1,0.4133432062386697,-0.0027795842845789406,0.4133432062386697,-0.07667084076330252,1.234857040941541,0.49001404700197226,0.41612279052324863,0.0,0.0
google_robot_move_near__seed073__step040,move_near,73,exploration,2,0.4173021588559502,-0.060479520215915426,0.3823022337079826,-0.07667084076330252,1.3541716055987696,0.4939729996192527,0.4777816790718656,0.03499992514796757,0.03499992514796757
google_robot_move_near__seed073__step040,move_near,73,exploration,3,0.37128749760620156,-0.0026049646308742972,0.37332268903232646,-0.07667084076330252,1.246265513093251,0.44795833836950405,0.37389246223707584,-0.002035191426124905,-0.002035191426124905
google_robot_move_near__seed073__step040,move_near,73,exploration,4,0.40946820098838094,-0.008138434462993333,0.4132760950759928,-0.07667084076330252,1.270927587037096,0.48613904175168343,0.4176066354513743,-0.0038078940876118406,-0.0038078940876118406
google_robot_move_near__seed073__step040,move_near,73,exploration,5,0.3755310186353377,-0.0009778068171774484,0.36542372494533776,-0.07667084076330252,1.3173096572650234,0.4522018593986402,0.3765088254525152,0.010107293689999963,0.010107293689999963
google_robot_move_near__seed073__step040,move_near,73,exploration,6,0.412446458480986,4.700983637279804e-05,0.43718374283701905,-0.07667084076330252,1.1232617868515042,0.4891172992442885,0.4123994486446132,-0.024737284356033062,-0.024737284356033062
google_robot_move_near__seed073__step040,move_near,73,exploration,7,0.4029646123976421,0.09381150864707237,0.3944646675595536,-0.07667084076330252,1.100700482106886,0.4796354531609446,0.3091531037505697,0.008499944838088469,0.008499944838088469
google_robot_move_near__seed073__step040,move_near,73,exploration,8,0.39526933617038745,-0.016855101591060104,0.38204059212930663,-0.07667084076330252,1.3492664184566068,0.47194017693368995,0.4121244377614476,0.01322874404108082,0.01322874404108082
google_robot_move_near__seed073__step040,move_near,73,exploration,9,0.4712360289669295,-0.08958564577637411,0.41563189862399846,-0.07667084076330252,1.2238005190586083,0.5479068697302321,0.5608216747433036,0.055604130342931046,0.055604130342931046
google_robot_move_near__seed073__step040,move_near,73,exploration,10,0.4122529327574629,-0.019741452716878927,0.40359029932311663,-0.07667084076330252,1.0603838130970604,0.48892377352076544,0.4319943854743418,0.008662633434346256,0.008662633434346256
google_robot_move_near__seed073__step040,move_near,73,exploration,11,0.33157673907183555,-0.04872147291307097,0.44268748573344335,-0.07667084076330252,1.350869771458502,0.40824757983513804,0.38029821198490654,-0.1111107466616078,-0.1111107466616078
google_robot_move_near__seed073__step040,move_near,73,exploration,12,0.4134702619845503,-0.032397759176057576,0.4037819023879557,-0.07667084076330252,1.3234134767170112,0.49014110274785283,0.44586802116060786,0.009688359596594587,0.009688359596594587
google_robot_move_near__seed073__step040,move_near,73,exploration,13,0.38255434224372237,-0.09806572086852133,0.4095844275549403,-0.07667084076330252,1.2086677566077215,0.45922518300702486,0.4806200631122437,-0.027030085311217922,-0.027030085311217922
google_robot_move_near__seed073__step040,move_near,73,exploration,14,0.41121044513952526,-0.039966382686252515,0.4122706470183524,-0.07667084076330252,1.2862005231905667,0.48788128590282775,0.4511768278257778,-0.0010602018788271605,-0.0010602018788271605
google_robot_move_near__seed073__step040,move_near,73,exploration,15,0.4492329484170105,-0.0658928340346925,0.44578207203497183,-0.07667084076330252,1.1214400540598701,0.525903789180313,0.515125782451703,0.00345087638203867,0.00345087638203867
google_robot_move_near__seed073__step040,move_near,73,exploration,16,0.3952021595179929,-0.042524249574237206,0.45214599284535933,-0.07667084076330252,1.147303318751705,0.4718730002812954,0.43772640909223015,-0.05694383332736641,-0.05694383332736641
google_robot_move_near__seed073__step040,move_near,73,exploration,17,0.3895875966063143,-0.05574079874136648,0.420442074057746,-0.07667084076330252,1.3708458256048361,0.4662584373696168,0.4453283953476808,-0.03085447745143166,-0.03085447745143166
google_robot_move_near__seed073__step040,move_near,73,exploration,18,0.37293167718171344,-0.08559788078424259,0.37858264861893076,-0.07667084076330252,1.1448498448158282,0.44960251794501593,0.458529557965956,-0.0056509714372173225,-0.0056509714372173225
google_robot_move_near__seed073__step040,move_near,73,exploration,19,0.42417358948964373,0.07651282661288157,0.44396955194963844,-0.07667084076330252,1.1488947055851575,0.5008444302529462,0.3476607628767622,-0.01979596245999471,-0.01979596245999471
google_robot_move_near__seed073__step040,move_near,73,exploration,20,0.4324253304592645,-0.08102367779669827,0.45282284762466857,-0.07667084076330252,0.9107679846768659,0.509096171222567,0.5134490082559627,-0.020397517165404055,-0.020397517165404055
google_robot_move_near__seed073__step040,move_near,73,exploration,21,0.4074826733423446,0.09619614566835173,0.45557070279078027,-0.07667084076330252,0.9178702494520464,0.4841535141056471,0.3112865276739929,-0.048088029448435654,-0.048088029448435654
google_robot_move_near__seed073__step040,move_near,73,exploration,22,0.34210747126119356,-0.06914582266571973,0.31088573105813105,-0.07667084076330252,0.9267122785660694,0.4187783120244961,0.4112532939269133,0.03122174020306251,0.03122174020306251
google_robot_move_near__seed073__step040,move_near,73,exploration,23,0.3790877724336903,0.09128504853479547,0.37461384938380543,-0.07667084076330252,0.9156455043898124,0.45575861319699285,0.28780272389889483,0.004473923049884865,0.004473923049884865
google_robot_move_near__seed073__step040,move_near,73,exploration,24,0.44735228083566897,0.12493961298676086,0.41144033321600104,-0.07667084076330252,0.8674636223521817,0.5240231215989715,0.3224126678489081,0.03591194761966793,0.03591194761966793
google_robot_move_near__seed073__step040,move_near,73,exploration,25,0.31382983292915323,0.1355220354968737,0.36769333023531003,-0.07667084076330252,0.8123244777739684,0.3905006736924558,0.17830779743227954,-0.053863497306156805,-0.053863497306156805
google_robot_move_near__seed073__step040,move_near,73,exploration,26,0.35360010014506976,0.22253332070772114,0.3824659256332925,-0.07667084076330252,0.8094404951678729,0.43027094090837226,0.13106677943734862,-0.02886582548822275,-0.02886582548822275
google_robot_move_near__seed073__step040,move_near,73,exploration,27,0.4407084447857186,0.13587563441625577,0.35536781690733754,-0.07667084076330252,0.8261067125811145,0.5173792855490211,0.3048328103694628,0.08534062787838104,0.08534062787838104
google_robot_move_near__seed073__step040,move_near,73,exploration,28,0.41512482637817394,0.16743353661077084,0.3860166800706695,-0.07667084076330252,0.834333384121933,0.4917956671414765,0.2476912897674031,0.029108146307504412,0.029108146307504412
google_robot_move_near__seed073__step040,move_near,73,exploration,29,0.39297443482396055,0.04297321704495984,0.41070616274366617,-0.07667084076330252,0.8561975921275243,0.4696452755872631,0.35000121777900073,-0.01773172791970562,-0.01773172791970562
google_robot_move_near__seed073__step040,move_near,73,exploration,30,0.2603054804992527,0.08160060667509594,0.2655737225349588,-0.07667084076330252,0.8550658816561868,0.33697632126255517,0.17870487382415673,-0.005268242035706139,-0.005268242035706139
google_robot_move_near__seed073__step040,move_near,73,exploration,31,0.27334654688347354,0.21926251447575598,0.25599805913759055,-0.07667084076330252,0.8464649178619097,0.35001738764677603,0.05408403240771756,0.01734848774588299,0.01734848774588299
google_robot_move_near__seed073__step071,move_near,73,exploration,0,0.7647315707809496,-0.18339794909863297,0.7647315707809496,0.05043758109065469,0.9953794987693864,0.7142939896902949,0.9481295198795825,0.0,0.0
google_robot_move_near__seed073__step071,move_near,73,exploration,1,0.732558824649748,-0.2745459875144949,0.7530787378762236,0.05043758109065469,1.115063908735502,0.6821212435590933,1.007104812164243,-0.020519913226475617,-0.020519913226475617
google_robot_move_near__seed073__step071,move_near,73,exploration,2,0.683695178478774,0.01034679653887538,0.6649723877174284,0.05043758109065469,0.8758979399659618,0.6332575973881194,0.6733483819398987,0.018722790761345642,0.018722790761345642
google_robot_move_near__seed073__step071,move_near,73,exploration,3,0.6842104887711659,-0.09102335082792891,0.6842104887711659,0.05043758109065469,0.9004045300670166,0.6337729076805112,0.7752338395990948,0.0,0.0
google_robot_move_near__seed073__step071,move_near,73,exploration,4,0.7157958840187271,0.2168009140737839,0.7323883637630836,0.05043758109065469,0.8856913092674433,0.6653583029280724,0.4989949699449432,-0.016592479744356514,-0.016592479744356514
google_robot_move_near__seed073__step071,move_near,73,exploration,5,0.7411282657775695,0.29208491643079765,0.7411282657775695,0.05043758109065469,0.9594050115905305,0.6906906846869149,0.44904334934677187,0.0,0.0
google_robot_move_near__seed073__step071,move_near,73,exploration,6,0.7710715898779378,0.3676625399912679,0.6846972150986637,0.05043758109065469,1.0440250337798018,0.7206340087872831,0.40340904988666987,0.08637437477927412,0.08637437477927412
google_robot_move_near__seed073__step071,move_near,73,exploration,7,0.594152715611612,0.1317204187685616,0.2635940845326821,0.05043758109065469,0.9623581370280104,0.5437151345209573,0.46243229684305037,0.33055863107892985,0.33055863107892985
google_robot_move_near__seed073__step071,move_near,73,exploration,8,0.40700015492755764,0.40960544109340163,0.48010954626030217,0.05043758109065469,0.6739837124634244,0.35656257383690293,-0.0026052861658439896,-0.07310939133274452,-0.07310939133274452
google_robot_move_near__seed073__step071,move_near,73,exploration,9,0.5995584218468061,0.0062636238289412545,0.5673771357990988,0.05043758109065469,0.8323000603357591,0.5491208407561514,0.5932947980178648,0.032181286047707314,0.032181286047707314
google_robot_move_near__seed073__step071,move_near,73,exploration,10,0.7771796942686967,0.4075710524064701,0.7916742882422302,0.05043758109065469,1.223413379962468,0.726742113178042,0.3696086418622266,-0.014494593973533476,-0.014494593973533476
google_robot_move_near__seed073__step071,move_near,73,exploration,11,0.16537955051758826,-0.04659114506755576,0.7118380410530408,0.05043758109065469,0.7082778651834624,0.11494196942693358,0.21197069558514403,-0.5464584905354526,-0.5464584905354526
google_robot_move_near__seed073__step071,move_near,73,exploration,12,0.6282273144591982,0.15569816369782374,0.7968061216332364,0.05043758109065469,0.8671290068114158,0.5777897333685436,0.4725291507613745,-0.16857880717403817,-0.16857880717403817
google_robot_move_near__seed073__step071,move_near,73,exploration,13,0.7931058930066515,-0.18864866248665577,0.7721075550281058,0.05043758109065469,1.254114252652945,0.7426683119159968,0.9817545554933073,0.020998337978545667,0.020998337978545667
google_robot_move_near__seed073__step071,move_near,73,exploration,14,0.439357216362445,0.12496199768929311,0.573339866969988,0.05043758109065469,0.7036755468719506,0.3889196352717903,0.3143952186731519,-0.13398265060754294,-0.13398265060754294
google_robot_move_near__seed073__step071,move_near,73,exploration,15,0.7813561443202793,-0.08337224748290524,0.7905949105689197,0.05043758109065469,1.1950736083249318,0.7309185632296247,0.8647283918031846,-0.009238766248640395,-0.009238766248640395
google_robot_move_near__seed073__step071,move_near,73,exploration,16,0.8188671629550922,-0.0032191749745788096,0.786738731914033,0.05043758109065469,1.3414181225219077,0.7684295818644375,0.822086337929671,0.032128431041059224,0.032128431041059224
google_robot_move_near__seed073__step071,move_near,73,exploration,17,0.6584043274532951,-0.17721158655946054,0.5046687718099466,0.05043758109065469,0.7440453665819945,0.6079667463626405,0.8356159140127557,0.1537355556433485,0.1537355556433485
google_robot_move_near__seed073__step071,move_near,73,exploration,18,0.25717881103498735,-0.25040871251426844,0.3999846714999233,0.05043758109065469,0.7044143621735262,0.20674122994433267,0.5075875235492557,-0.14280586046493593,-0.14280586046493593
google_robot_move_near__seed073__step071,move_near,73,exploration,19,0.573575046519611,0.17144059925871402,0.573575046519611,0.05043758109065469,0.7242146634665075,0.5231374654289563,0.402134447260897,0.0,0.0
google_robot_move_near__seed073__step071,move_near,73,exploration,20,0.1956931895372187,0.44888217387908896,0.20610697886140475,0.05043758109065469,0.5944095039641599,0.14525560844656402,-0.25318898434187026,-0.010413789324186046,-0.25318898434187026
google_robot_move_near__seed073__step071,move_near,73,exploration,21,0.46351415511813143,0.4451600276026843,0.2506181930947624,0.05043758109065469,0.6065664446325933,0.4130765740274768,0.018354127515447127,0.21289596202336902,0.018354127515447127
google_robot_move_near__seed073__step071,move_near,73,exploration,22,0.6817369394098689,0.46505405927603666,0.5921618051465626,0.05043758109065469,0.7967057996700915,0.6312993583192142,0.21668288013383225,0.08957513426330632,0.08957513426330632
google_robot_move_near__seed073__step071,move_near,73,exploration,23,0.7033765853594919,0.4758775122661502,0.7665834006536433,0.05043758109065469,0.8319082167899425,0.6529390042688372,0.22749907309334166,-0.0632068152941514,-0.0632068152941514
google_robot_move_near__seed073__step071,move_near,73,exploration,24,0.715815487814325,0.10832221191437635,0.6891745168029176,0.05043758109065469,0.8320396689046542,0.6653779067236704,0.6074932758999487,0.02664097101140739,0.02664097101140739
google_robot_move_near__seed073__step071,move_near,73,exploration,25,0.5449562372571439,-0.007721619368470267,0.5449562372571439,0.05043758109065469,0.7158171373864087,0.49451865616648927,0.5526778566256142,0.0,0.0
google_robot_move_near__seed073__step071,move_near,73,exploration,26,0.5852019510864829,-0.07477996452095738,0.6592648283706738,0.05043758109065469,0.6647605844848615,0.5347643699958282,0.6599819156074402,-0.07406287728419092,-0.07406287728419092
google_robot_move_near__seed073__step071,move_near,73,exploration,27,0.4538908905124179,-0.43442721694454645,0.701829011502633,0.05043758109065469,0.6373778884608629,0.40345330942176316,0.8883181074569644,-0.24793812099021512,-0.24793812099021512
google_robot_move_near__seed073__step071,move_near,73,exploration,28,0.517448903974558,-0.5144910555861126,0.517448903974558,0.05043758109065469,0.6100779069201206,0.46701132288390335,1.0319399595606706,0.0,0.0
google_robot_move_near__seed073__step071,move_near,73,exploration,29,0.03292241688928462,-0.20574450267794178,0.17647734947817484,0.05043758109065469,0.5539020848280033,-0.017515164201370066,0.2386669195672264,-0.1435549325888902,-0.1435549325888902
google_robot_move_near__seed073__step071,move_near,73,exploration,30,0.23259054360668716,-0.23034313251602223,0.19856456579760595,0.05043758109065469,0.5426267730816929,0.18215296251603247,0.4629336761227094,0.034025977809081204,0.034025977809081204
google_robot_move_near__seed073__step071,move_near,73,exploration,31,0.012039741099070337,0.13332322174989386,0.02042013152396205,0.05043758109065469,0.5477959729443335,-0.03839783999158435,-0.12128348065082352,-0.008380390424891712,-0.12128348065082352
google_robot_move_near__seed089__step008,move_near,89,validation,0,0.3225574192663776,-0.1128304853220808,0.3225574192663776,0.0915113080994383,0.9455386621297066,0.2310461111669393,0.4353879045884584,0.0,0.0
google_robot_move_near__seed089__step008,move_near,89,validation,1,0.4694445031381747,-0.15347320658697403,0.422047672822067,0.0915113080994383,1.1407445262024243,0.3779331950387364,0.6229177097251487,0.047396830316107696,0.047396830316107696
google_robot_move_near__seed089__step008,move_near,89,validation,2,0.31275734114381676,-0.02896420464773682,0.3132139383269105,0.0915113080994383,0.966820043259674,0.22124603304437845,0.34172154579155356,-0.0004565971830937654,-0.0004565971830937654
google_robot_move_near__seed089__step008,move_near,89,validation,3,0.2747656564520106,0.10781351454022291,0.2847692720857365,0.0915113080994383,0.9904833736597588,0.18325434835257232,0.1669521419117877,-0.01000361563372587,-0.01000361563372587
google_robot_move_near__seed089__step008,move_near,89,validation,4,0.35303011076046525,-0.025587772660206235,0.34032442980221295,0.0915113080994383,0.9236967659211466,0.26151880266102695,0.3786178834206715,0.012705680958252308,0.012705680958252308
google_robot_move_near__seed089__step008,move_near,89,validation,5,0.29283625835633753,0.013155235068927662,0.29283625835633753,0.0915113080994383,0.9766951487305118,0.20132495025689923,0.27968102328740985,0.0,0.0
google_robot_move_near__seed089__step008,move_near,89,validation,6,0.41984574520930407,0.047521674285433635,0.447484175826603,0.0915113080994383,1.064741187425823,0.32833443710986576,0.37232407092387043,-0.027638430617298926,-0.027638430617298926
google_robot_move_near__seed089__step008,move_near,89,validation,7,0.36345585267077246,0.04261030182018911,0.39682151147092637,0.0915113080994383,1.0229442867808176,0.27194454457133416,0.32084555085058336,-0.03336565880015391,-0.03336565880015391
google_robot_move_near__seed089__step008,move_near,89,validation,8,0.48921043308168116,0.044594329395447975,0.4900438587723597,0.0915113080994383,1.2429555139121857,0.39769912498224286,0.44461610368623317,-0.0008334256906785131,-0.0008334256906785131
google_robot_move_near__seed089__step008,move_near,89,validation,9,0.39794857735529815,0.09096769385193632,0.39492697650498454,0.0915113080994383,0.996673281423588,0.30643726925585985,0.30698088350336183,0.0030216008503136105,0.0030216008503136105
google_robot_move_near__seed089__step008,move_near,89,validation,10,0.4175091221417397,0.10786757692992359,0.43751268043166486,0.0915113080994383,1.1348911579101195,0.3259978140423014,0.3096415452118161,-0.020003558289925172,-0.020003558289925172
google_robot_move_near__seed089__step008,move_near,89,validation,11,0.3147255827972237,0.010263225211069588,0.4318084158811026,0.0915113080994383,1.0201502084488105,0.22321427469778538,0.3044623575861541,-0.1170828330838789,-0.1170828330838789
google_robot_move_near__seed089__step008,move_near,89,validation,12,0.4816228345529932,-0.0296930739706452,0.4764076820528908,0.0915113080994383,1.292234489474263,0.3901115264535549,0.5113159085236384,0.005215152500102405,0.005215152500102405
google_robot_move_near__seed089__step008,move_near,89,validation,13,0.25006391685415136,-0.06251347873883854,0.33795411935617103,0.0915113080994383,1.008446733264745,0.15855260875471305,0.3125773955929899,-0.08789020250201968,-0.08789020250201968
google_robot_move_near__seed089__step008,move_near,89,validation,14,0.2995543392912826,-0.041805730732203665,0.3561046056563701,0.0915113080994383,1.0038185540687479,0.2080430311918443,0.3413600700234863,-0.056550266365087476,-0.056550266365087476
google_robot_move_near__seed089__step008,move_near,89,validation,15,0.37185880072043326,0.05551707283689011,0.4645096739827183,0.0915113080994383,0.9953997664880291,0.28034749262099495,0.31634172788354314,-0.09265087326228505,-0.09265087326228505
google_robot_move_near__seed089__step008,move_near,89,validation,16,0.43122361123071395,-0.0196669680871069,0.41549622104025813,0.0915113080994383,1.147484999961127,0.33971230313127565,0.45089057931782084,0.015727390190455826,0.015727390190455826
google_robot_move_near__seed089__step008,move_near,89,validation,17,0.3452410753714872,0.08503975583853025,0.37852485978156986,0.0915113080994383,0.9718736027770071,0.2537297672720489,0.26020131953295694,-0.03328378441008267,-0.03328378441008267
google_robot_move_near__seed089__step008,move_near,89,validation,18,0.18673986361741304,-0.046515690836501485,0.32243589114333976,0.0915113080994383,0.9735581757777941,0.09522855551797474,0.23325555445391452,-0.13569602752592672,-0.13569602752592672
google_robot_move_near__seed089__step008,move_near,89,validation,19,0.3298711137966754,-0.059048442865940465,0.3379010956413086,0.0915113080994383,0.8860975071692971,0.23835980569723708,0.38891955666261585,-0.008029981844633216,-0.008029981844633216
google_robot_move_near__seed089__step008,move_near,89,validation,20,0.28672284977370405,-0.10038024092181937,0.30347518447203853,0.0915113080994383,0.9770162978319944,0.19521154167426574,0.3871030906955234,-0.01675233469833448,-0.01675233469833448
google_robot_move_near__seed089__step008,move_near,89,validation,21,0.231619688053072,0.05531118965377486,0.30296736233973337,0.0915113080994383,0.8833996766715146,0.1401083799536337,0.17630849839929716,-0.07134767428666136,-0.07134767428666136
google_robot_move_near__seed089__step008,move_near,89,validation,22,0.2611067694601458,-0.009454769401030605,0.28137238866750325,0.0915113080994383,0.952147181023738,0.16959546136070752,0.27056153886117645,-0.02026561920735742,-0.02026561920735742
google_robot_move_near__seed089__step008,move_near,89,validation,23,0.2963689250669414,-0.054332189379978614,0.2963689250669414,0.0915113080994383,0.9291601545541958,0.2048576169675031,0.35070111444692004,0.0,0.0
google_robot_move_near__seed089__step008,move_near,89,validation,24,0.22827146416797384,-0.009345311790477456,0.291704590016783,0.0915113080994383,0.8541167443607884,0.13676015606853553,0.2376167759584513,-0.06343312584880917,-0.06343312584880917
google_robot_move_near__seed089__step008,move_near,89,validation,25,0.24317419421540606,-0.04233654214004393,0.2616172702810428,0.0915113080994383,0.8946678560428032,0.15166288611596776,0.28551073635545,-0.01844307606563675,-0.01844307606563675
google_robot_move_near__seed089__step008,move_near,89,validation,26,0.2359364896990496,0.02199309919600602,0.21063510046952863,0.0915113080994383,0.8515593955090905,0.1444251815996113,0.21394339050304356,0.025301389229520965,0.025301389229520965
google_robot_move_near__seed089__step008,move_near,89,validation,27,0.21940785196627957,0.15207571344159154,0.23033043102523795,0.0915113080994383,0.8091863977022551,0.12789654386684127,0.06733213852468803,-0.010922579058958382,-0.010922579058958382
google_robot_move_near__seed089__step008,move_near,89,validation,28,0.2801614220667567,0.03270010845201029,0.293199536580937,0.0915113080994383,0.8515259532803005,0.1886501139673184,0.2474613136147464,-0.013038114514180299,-0.013038114514180299
google_robot_move_near__seed089__step008,move_near,89,validation,29,0.2130077170113395,2.3561919680152126e-05,0.2026804144457767,0.0915113080994383,0.7898876240782199,0.1214964089119012,0.21298415509165936,0.010327302565562801,0.010327302565562801
google_robot_move_near__seed089__step008,move_near,89,validation,30,0.23540412480529863,-0.06679377036706013,0.2245960577321053,0.0915113080994383,0.6960762184637554,0.14389281670586032,0.30219789517235873,0.010808067073193317,0.010808067073193317
google_robot_move_near__seed089__step008,move_near,89,validation,31,0.21229701314061913,-0.2650205058827411,0.22777791636956435,0.0915113080994383,0.6833490373337081,0.12078570504118083,0.4773175190233603,-0.015480903228945214,-0.015480903228945214
google_robot_move_near__seed089__step040,move_near,89,validation,0,0.18866349938038596,-0.19398868243823983,0.18866349938038596,0.13669736607686903,1.2016100929441278,0.05196613330351693,0.3826521818186258,0.0,0.0
google_robot_move_near__seed089__step040,move_near,89,validation,1,0.36090219029544635,0.09692686994645024,0.36090219029544635,0.13669736607686903,1.05595110651487,0.22420482421857732,0.2639753203489961,0.0,0.0
google_robot_move_near__seed089__step040,move_near,89,validation,2,0.32323720497222674,0.043279172983231196,0.30649258268334045,0.13669736607686903,0.8614110129859005,0.18653983889535772,0.27995803198899555,0.01674462228888629,0.01674462228888629
google_robot_move_near__seed089__step040,move_near,89,validation,3,0.34027059393869435,0.11715643844766814,0.35744280760439556,0.13669736607686903,1.1446675210882664,0.20357322786182533,0.2231141554910262,-0.017172213665701208,-0.017172213665701208
google_robot_move_near__seed089__step040,move_near,89,validation,4,0.19728983680850906,-0.0672850989702098,0.20295729760235734,0.13669736607686903,1.0848902462633827,0.060592470731640036,0.2645749357787189,-0.005667460793848278,-0.005667460793848278
google_robot_move_near__seed089__step040,move_near,89,validation,5,0.1621191753620846,-0.2329806312984571,0.1922183835274741,0.13669736607686903,0.5499769897114373,0.025421809285215563,0.3950998066605417,-0.030099208165389524,-0.030099208165389524
google_robot_move_near__seed089__step040,move_near,89,validation,6,0.2915716526685624,-0.2488059455063245,0.23846821605549115,0.13669736607686903,0.8913232499667183,0.15487428659169336,0.5403775981748868,0.053103436613071237,0.053103436613071237
google_robot_move_near__seed089__step040,move_near,89,validation,7,0.23456394042310413,-0.2923259808449245,0.23456394042310413,0.13669736607686903,0.9524843202550484,0.09786657434623511,0.5268899212680287,0.0,0.0
google_robot_move_near__seed089__step040,move_near,89,validation,8,0.27291876069623533,-0.1510025413301148,0.28390041177270486,0.13669736607686903,0.9803654964262567,0.1362213946193663,0.42392130202635014,-0.010981651076469534,-0.010981651076469534
google_robot_move_near__seed089__step040,move_near,89,validation,9,0.30586795832074504,-5.848247823240597e-05,0.2658641531808283,0.13669736607686903,1.1095698096425435,0.169170592243876,0.30592644079897746,0.04000380513991675,0.04000380513991675
google_robot_move_near__seed089__step040,move_near,89,validation,10,0.2644049344154271,-0.1726739087200331,0.22991453071271906,0.13669736607686903,1.1417266511333921,0.1277075683385581,0.4370788431354602,0.03449040370270806,0.03449040370270806
google_robot_move_near__seed089__step040,move_near,89,validation,11,0.3326151316567631,0.02939469259205356,0.2916305663298513,0.13669736607686903,1.1354252969614347,0.19591776557989407,0.3032204390647095,0.040984565326911804,0.040984565326911804
google_robot_move_near__seed089__step040,move_near,89,validation,12,0.25317448307816054,0.028749888230870102,0.2976454636768031,0.13669736607686903,1.2734894124565956,0.11647711700129151,0.22442459484729044,-0.04447098059864257,-0.04447098059864257
google_robot_move_near__seed089__step040,move_near,89,validation,13,0.21443717588674027,0.2119382878436672,0.19943285475631042,0.13669736607686903,1.287747493580147,0.07773980980987125,0.0024988880430730775,0.015004321130429848,0.0024988880430730775
google_robot_move_near__seed089__step040,move_near,89,validation,14,0.24185475465617498,0.15781059388822893,0.24319134423719937,0.13669736607686903,1.1845737521500996,0.10515738857930595,0.08404416076794605,-0.0013365895810243944,-0.0013365895810243944
google_robot_move_near__seed089__step040,move_near,89,validation,15,0.194848675499015,0.016352948073548295,0.1783674053410822,0.13669736607686903,0.9903979766530475,0.05815130942214597,0.1784957274254667,0.016481270157932798,0.016481270157932798
google_robot_move_near__seed089__step040,move_near,89,validation,16,0.258769111949615,0.04754384987355493,0.32958491115942296,0.13669736607686903,0.893163852075951,0.12207174587274597,0.21122526207606007,-0.07081579920980796,-0.07081579920980796
google_robot_move_near__seed089__step040,move_near,89,validation,17,0.23500397406412854,-0.12067447566062624,0.21293236101935561,0.13669736607686903,0.9714344926662833,0.09830660798725951,0.35567844972475476,0.022071613044772925,0.022071613044772925
google_robot_move_near__seed089__step040,move_near,89,validation,18,0.30808304019823374,-0.055304927432632316,0.4034666536131834,0.13669736607686903,0.8770104070316859,0.1713856741213647,0.36338796763086606,-0.09538361341494966,-0.09538361341494966
google_robot_move_near__seed089__step040,move_near,89,validation,19,0.14601541346699784,-0.037889540776360066,0.22201307347055774,0.13669736607686903,0.9255088053504889,0.009318047390128814,0.1839049542433579,-0.0759976600035599,-0.0759976600035599
google_robot_move_near__seed089__step040,move_near,89,validation,20,0.2703014883646297,-0.003176978281817594,0.2641263084991116,0.13669736607686903,0.8679858658455916,0.13360412228776067,0.27347846664644726,0.006175179865518077,0.006175179865518077
google_robot_move_near__seed089__step040,move_near,89,validation,21,0.15082719400895228,-0.0775839160316567,0.2763156655654733,0.13669736607686903,0.9175115878595056,0.014129827932083255,0.228411110040609,-0.12548847155652104,-0.12548847155652104
google_robot_move_near__seed089__step040,move_near,89,validation,22,0.23833049181368685,-0.06613771489825593,0.26060628784505363,0.13669736607686903,0.9012361425601318,0.10163312573681782,0.30446820671194275,-0.022275796031366785,-0.022275796031366785
google_robot_move_near__seed089__step040,move_near,89,validation,23,0.21876597254419705,0.06340009405127973,0.2232245742754264,0.13669736607686903,0.8806692672224782,0.08206860646732803,0.15536587849291733,-0.004458601731229361,-0.004458601731229361
google_robot_move_near__seed089__step040,move_near,89,validation,24,0.20408878428954955,-0.054357082713767796,0.21511606948169573,0.13669736607686903,0.8921241563147678,0.06739141821268052,0.25844586700331734,-0.011027285192146186,-0.011027285192146186
google_robot_move_near__seed089__step040,move_near,89,validation,25,0.27549545832897654,0.04770369818878317,0.3031942168502275,0.13669736607686903,0.9343960133507364,0.1387980922521075,0.22779176014019337,-0.027698758521250977,-0.027698758521250977
google_robot_move_near__seed089__step040,move_near,89,validation,26,0.2161989592310178,0.03452067050662674,0.20741959981209537,0.13669736607686903,0.8695255794959427,0.07950159315414879,0.18167828872439107,0.008779359418922439,0.008779359418922439
google_robot_move_near__seed089__step040,move_near,89,validation,27,0.20078787485492566,0.03498765903016424,0.20556298001984089,0.13669736607686903,0.8689975954425188,0.06409050877805664,0.16580021582476143,-0.004775105164915222,-0.004775105164915222
google_robot_move_near__seed089__step040,move_near,89,validation,28,0.226451666120118,0.12307758636649939,0.21907097326700276,0.13669736607686903,0.8429050854230313,0.08975430004324897,0.1033740797536186,0.007380692853115239,0.007380692853115239
google_robot_move_near__seed089__step040,move_near,89,validation,29,0.32108599666121046,0.10943744954158502,0.32108599666121046,0.13669736607686903,0.7939540366038143,0.18438863058434143,0.21164854711962544,0.0,0.0
google_robot_move_near__seed089__step040,move_near,89,validation,30,0.3379608678088018,0.018219593693667917,0.3379608678088018,0.13669736607686903,0.8036243085627155,0.20126350173193278,0.31974127411513387,0.0,0.0
google_robot_move_near__seed089__step040,move_near,89,validation,31,0.2779035558595145,0.08729923279139096,0.2779035558595145,0.13669736607686903,0.8814205988868467,0.14120618978264546,0.19060432306812353,0.0,0.0
google_robot_move_near__seed089__step071,move_near,89,validation,0,0.23244735125195212,0.12184356401191626,0.23244735125195212,0.22275475481778131,1.2351999744666982,0.009692596434170808,0.11060378724003586,0.0,0.0
google_robot_move_near__seed089__step071,move_near,89,validation,1,0.15515600352692557,0.05444839439284933,0.17104767741741922,0.22275475481778131,1.3376578259488963,-0.06759875129085574,0.10070760913407625,-0.015891673890493646,-0.06759875129085574
google_robot_move_near__seed089__step071,move_near,89,validation,2,0.1106254544868831,0.08729103127623548,0.07868541768650925,0.22275475481778131,1.3270617024332998,-0.11212930033089821,0.023334423210647617,0.031940036800373856,-0.11212930033089821
google_robot_move_near__seed089__step071,move_near,89,validation,3,-0.0009331003693288653,0.03771423248745101,0.04819128914855808,0.22275475481778131,1.421511351138179,-0.22368785518711018,-0.038647332856779876,-0.049124389517886946,-0.22368785518711018
google_robot_move_near__seed089__step071,move_near,89,validation,4,0.02328081789134745,0.17244973078319134,0.028982354423082935,0.22275475481778131,1.5947517879838553,-0.19947393692643386,-0.1491689128918439,-0.005701536531735486,-0.19947393692643386
google_robot_move_near__seed089__step071,move_near,89,validation,5,0.11772788834442884,0.06773130391335479,0.09988837172040578,0.22275475481778131,1.3740980313817066,-0.10502686647335248,0.04999658443107405,0.017839516624023055,-0.10502686647335248
google_robot_move_near__seed089__step071,move_near,89,validation,6,0.13926081418010194,0.2095830591472989,0.0895954299015404,0.22275475481778131,1.4465321897570127,-0.08349394063767937,-0.07032224496719697,0.04966538427856154,-0.08349394063767937
google_robot_move_near__seed089__step071,move_near,89,validation,7,-0.0014360963460744725,0.16519695082672836,0.09095689039498166,0.22275475481778131,1.6750497075660118,-0.2241908511638558,-0.16663304717280283,-0.09239298674105613,-0.2241908511638558
google_robot_move_near__seed089__step071,move_near,89,validation,8,0.06389960947042118,0.14713455963321412,0.06389960947042118,0.22275475481778131,1.3826976310391648,-0.15885514534736012,-0.08323495016279293,0.0,-0.15885514534736012
google_robot_move_near__seed089__step071,move_near,89,validation,9,0.17271909905881666,0.060884753562912834,0.13386656810170064,0.22275475481778131,1.419395447303709,-0.05003565575896465,0.11183434549590382,0.03885253095711602,-0.05003565575896465
google_robot_move_near__seed089__step071,move_near,89,validation,10,0.15506952373353267,0.0863918279746193,0.1278731424513674,0.22275475481778131,1.363579043894647,-0.06768523108424865,0.06867769575891336,0.027196381282165255,-0.06768523108424865
google_robot_move_near__seed089__step071,move_near,89,validation,11,0.3005433180266815,0.040230700347976184,0.22941286152867005,0.22275475481778131,1.4729483287675922,0.07778856320890018,0.2603126176787053,0.07113045649801145,0.07113045649801145
google_robot_move_near__seed089__step071,move_near,89,validation,12,0.17914119725748556,0.05672903346351971,0.23604260936032354,0.22275475481778131,1.4470923713107338,-0.04361355756029575,0.12241216379396586,-0.05690141210283797,-0.05690141210283797
google_robot_move_near__seed089__step071,move_near,89,validation,13,0.18269752323265007,0.025103647710363625,0.18593772064786648,0.22275475481778131,1.2767119115041412,-0.04005723158513125,0.15759387552228643,-0.003240197415216417,-0.04005723158513125
google_robot_move_near__seed089__step071,move_near,89,validation,14,0.21260969459182044,0.0831061107913899,0.19529676668030907,0.22275475481778131,1.291185887007207,-0.010145060225960872,0.12950358380043053,0.017312927911511372,-0.010145060225960872
google_robot_move_near__seed089__step071,move_near,89,validation,15,0.09221023496148832,-0.005721888565173733,0.19138574487904655,0.22275475481778131,1.3223169445453438,-0.130544519856293,0.09793212352666206,-0.09917550991755823,-0.130544519856293
google_robot_move_near__seed089__step071,move_near,89,validation,16,0.15746697335014337,0.01137277552359983,0.12875610778500393,0.22275475481778131,1.335114037051344,-0.06528778146763795,0.14609419782654354,0.028710865565139437,-0.06528778146763795
google_robot_move_near__seed089__step071,move_near,89,validation,17,0.02033576379001582,0.04172860664071856,0.025498848127853007,0.22275475481778131,1.2985186137510474,-0.2024189910277655,-0.021392842850702743,-0.005163084337837187,-0.2024189910277655
google_robot_move_near__seed089__step071,move_near,89,validation,18,0.13750838580179137,-0.04580393333758009,0.11744388471869066,0.22275475481778131,1.270258537350529,-0.08524636901598995,0.18331231913937146,0.020064501083100705,-0.08524636901598995
google_robot_move_near__seed089__step071,move_near,89,validation,19,0.10061360111909436,-0.06913680710471708,0.0953485551800843,0.22275475481778131,1.251982747629641,-0.12214115369868696,0.16975040822381143,0.00526504593901006,-0.12214115369868696
google_robot_move_near__seed089__step071,move_near,89,validation,20,0.0750227757864336,0.020992640536967252,0.024363880987130593,0.22275475481778131,1.3363036514661015,-0.14773197903134772,0.05403013524946634,0.05065889479930301,-0.14773197903134772
google_robot_move_near__seed089__step071,move_near,89,validation,21,0.0984545937259701,-0.009564805014045765,0.0984545937259701,0.22275475481778131,1.3544871312007807,-0.12430016109181122,0.10801939874001586,0.0,-0.12430016109181122
google_robot_move_near__seed089__step071,move_near,89,validation,22,0.02242440350683925,-0.08490059463777054,0.04720577677458418,0.22275475481778131,1.2974517000756642,-0.20033035131094207,0.10732499814460979,-0.02478137326774493,-0.20033035131094207
google_robot_move_near__seed089__step071,move_near,89,validation,23,0.0697937019473317,0.03160346391297018,0.0756351415684437,0.22275475481778131,1.220673799090506,-0.15296105287044962,0.03819023803436152,-0.005841439621111999,-0.15296105287044962
google_robot_move_near__seed089__step071,move_near,89,validation,24,0.02340553177155426,-0.16431114120689835,0.03580917772493265,0.22275475481778131,1.2807517435838882,-0.19934922304622704,0.18771667297845263,-0.012403645953378391,-0.19934922304622704
google_robot_move_near__seed089__step071,move_near,89,validation,25,0.09587262686251374,-0.03337106039230389,0.06615938574293036,0.22275475481778131,1.2067712244842568,-0.12688212795526757,0.12924368725481764,0.029713241119583386,-0.12688212795526757
google_robot_move_near__seed089__step071,move_near,89,validation,26,0.10299548146145161,0.0315237509736044,0.05086856886468019,0.22275475481778131,1.1867406522713937,-0.1197592733563297,0.07147173048784722,0.05212691259677142,-0.1197592733563297
google_robot_move_near__seed089__step071,move_near,89,validation,27,0.049764900393840565,-0.049253687877918256,0.06337125426230225,0.22275475481778131,1.324455982927419,-0.17298985442394074,0.09901858827175883,-0.013606353868461686,-0.17298985442394074
google_robot_move_near__seed089__step071,move_near,89,validation,28,0.0052562045895357306,0.09799772377572981,0.004901231646265237,0.22275475481778131,1.4412623224246712,-0.21749855022824557,-0.09274151918619408,0.00035497294327049324,-0.21749855022824557
google_robot_move_near__seed089__step071,move_near,89,validation,29,0.03810090081012124,-0.13059209555223592,0.01451947127129057,0.22275475481778131,1.2894950060192145,-0.18465385400766007,0.16869299636235716,0.02358142953883067,-0.18465385400766007
google_robot_move_near__seed089__step071,move_near,89,validation,30,0.0557337584557396,0.011843688137104421,0.07788913142135971,0.22275475481778131,1.2972194037330662,-0.1670209963620417,0.04389007031863518,-0.02215537296562011,-0.1670209963620417
google_robot_move_near__seed089__step071,move_near,89,validation,31,0.07297622071556283,0.163436643497994,0.08613611704793685,0.22275475481778131,1.3303232555836109,-0.14977853410221847,-0.09046042278243117,-0.013159896332374021,-0.14977853410221847
google_robot_move_near__seed095__step008,move_near,95,exploration,0,0.528942805323382,0.04051935943083798,0.528942805323382,0.167593416865655,1.10143801872438,0.361349388457727,0.48842344589254405,0.0,0.0
google_robot_move_near__seed095__step008,move_near,95,exploration,1,0.504946095622966,-0.14040083398203373,0.5186047973896538,0.167593416865655,1.0619157223411388,0.337352678757311,0.6453469296049997,-0.01365870176668782,-0.01365870176668782
google_robot_move_near__seed095__step008,move_near,95,exploration,2,0.4111792034511545,0.19245628095470113,0.4111792034511545,0.167593416865655,0.8092257196210497,0.2435857865854995,0.21872292249645336,0.0,0.0
google_robot_move_near__seed095__step008,move_near,95,exploration,3,0.47303617887149835,0.3579970069938721,0.47303617887149835,0.167593416865655,1.099220571481838,0.30544276200584336,0.11503917187762625,0.0,0.0
google_robot_move_near__seed095__step008,move_near,95,exploration,4,0.4841938070506318,0.2731028197207453,0.4861119333523811,0.167593416865655,1.1473332622917005,0.3166003901849768,0.21109098732988651,-0.0019181263017493122,-0.0019181263017493122
google_robot_move_near__seed095__step008,move_near,95,exploration,5,0.4901178219896325,0.38079981391075823,0.48473076974503226,0.167593416865655,1.0987204122957004,0.3225244051239775,0.10931800807887426,0.005387052244600232,0.005387052244600232
google_robot_move_near__seed095__step008,move_near,95,exploration,6,0.514637230124857,0.22313310832925423,0.5083569086443129,0.167593416865655,1.1191668834192225,0.34704381325920197,0.2915041217956027,0.006280321480544027,0.006280321480544027
google_robot_move_near__seed095__step008,move_near,95,exploration,7,0.5393835285223246,0.2157150358887161,0.5296715130488784,0.167593416865655,1.0262199135537762,0.37179011165666964,0.32366849263360853,0.009712015473446245,0.009712015473446245
google_robot_move_near__seed095__step008,move_near,95,exploration,8,0.4954495935089585,0.058403493233843695,0.5594605304736205,0.167593416865655,1.2148245326023015,0.3278561766433035,0.4370461002751148,-0.06401093696466204,-0.06401093696466204
google_robot_move_near__seed095__step008,move_near,95,exploration,9,0.5208051951041496,0.41852420586773603,0.5123323454756065,0.167593416865655,1.0706614582780367,0.3532117782384946,0.10228098923641354,0.008472849628543111,0.008472849628543111
google_robot_move_near__seed095__step008,move_near,95,exploration,10,0.5349341664304901,0.2633958806855356,0.49854694376621156,0.167593416865655,1.1634785252992292,0.3673407495648351,0.2715382857449545,0.03638722266427852,0.03638722266427852
google_robot_move_near__seed095__step008,move_near,95,exploration,11,0.3991120223911719,0.19562436899746213,0.4524424209965001,0.167593416865655,1.1298819206650121,0.2315186055255169,0.20348765339370975,-0.05333039860532823,-0.05333039860532823
google_robot_move_near__seed095__step008,move_near,95,exploration,12,0.5272798690927812,0.1429483201529184,0.4419797609901222,0.167593416865655,1.2757506381666421,0.35968645222712625,0.3843315489398629,0.08530010810265903,0.08530010810265903
google_robot_move_near__seed095__step008,move_near,95,exploration,13,0.46092443424548724,0.12409891319002608,0.4400320591222373,0.167593416865655,1.2885232050335018,0.29333101737983225,0.33682552105546115,0.02089237512324993,0.02089237512324993
google_robot_move_near__seed095__step008,move_near,95,exploration,14,0.37940505643717315,0.1108013107916039,0.44265619684994545,0.167593416865655,1.1120728775659618,0.21181163957151816,0.26860374564556927,-0.0632511404127723,-0.0632511404127723
google_robot_move_near__seed095__step008,move_near,95,exploration,15,0.5278983997840406,0.22470067455428508,0.5082328560177157,0.167593416865655,1.0590874938353982,0.36030498291838564,0.3031977252297555,0.0196655437663249,0.0196655437663249
google_robot_move_near__seed095__step008,move_near,95,exploration,16,0.5456095679892866,0.12760100404821653,0.5037833599770979,0.167593416865655,1.015245178503219,0.3780161511236316,0.4180085639410701,0.041826208012188726,0.041826208012188726
google_robot_move_near__seed095__step008,move_near,95,exploration,17,0.40157067284816267,0.13376916748102524,0.43229131322771513,0.167593416865655,1.208987825699913,0.23397725598250768,0.2678015053671374,-0.030720640379552466,-0.030720640379552466
google_robot_move_near__seed095__step008,move_near,95,exploration,18,0.3867521378275233,0.11865975142935464,0.3850538652363344,0.167593416865655,1.2539410635750134,0.21915872096186834,0.2680923863981687,0.0016982725911889318,0.0016982725911889318
google_robot_move_near__seed095__step008,move_near,95,exploration,19,0.452688906398635,-0.043881899921327995,0.4470592587731641,0.167593416865655,1.10497369174983,0.28509548953298003,0.49657080631996303,0.005629647625470913,0.005629647625470913
google_robot_move_near__seed095__step008,move_near,95,exploration,20,0.3930824700584518,0.15562641036631586,0.398466080928795,0.167593416865655,1.1528799192684802,0.22548905319279683,0.23745605969213596,-0.0053836108703431695,-0.0053836108703431695
google_robot_move_near__seed095__step008,move_near,95,exploration,21,0.4302960925689449,0.12836529515012884,0.3787966802971034,0.167593416865655,1.1166017799525692,0.2627026757032899,0.30193079741881607,0.051499412271841516,0.051499412271841516
google_robot_move_near__seed095__step008,move_near,95,exploration,22,0.4578282103742468,0.12781327062306488,0.4216197635851297,0.167593416865655,1.2579488464162778,0.2902347935085918,0.3300149397511819,0.03620844678911711,0.03620844678911711
google_robot_move_near__seed095__step008,move_near,95,exploration,23,0.35695302009897567,0.1969941597815861,0.35695302009897567,0.167593416865655,0.8386054953394467,0.18935960323332068,0.15995886031738957,0.0,0.0
google_robot_move_near__seed095__step008,move_near,95,exploration,24,0.4133038656394181,0.05954756654751062,0.4337633052820753,0.167593416865655,1.043368947493386,0.24571044877376313,0.3537562990919075,-0.020459439642657173,-0.020459439642657173
google_robot_move_near__seed095__step008,move_near,95,exploration,25,0.38293495504840663,0.15439686354898102,0.41522005925814764,0.167593416865655,0.7616720807294286,0.21534153818275165,0.2285380914994256,-0.03228510420974101,-0.03228510420974101
google_robot_move_near__seed095__step008,move_near,95,exploration,26,0.5151408929188439,0.13209038256145592,0.5151408929188439,0.167593416865655,0.6901371384182851,0.3475474760531889,0.383050510357388,0.0,0.0
google_robot_move_near__seed095__step008,move_near,95,exploration,27,0.4488069887364698,0.1996634832133594,0.39909111430861705,0.167593416865655,0.6308701564458561,0.2812135718708148,0.2491435055231104,0.049715874427852746,0.049715874427852746
google_robot_move_near__seed095__step008,move_near,95,exploration,28,0.5486159468066145,-0.0161665668206097,0.44034370910826154,0.167593416865655,0.726826170763359,0.38102252994095953,0.5647825136272242,0.10827223769835298,0.10827223769835298
google_robot_move_near__seed095__step008,move_near,95,exploration,29,0.48562201089910034,0.12933566704067165,0.440282498281034,0.167593416865655,0.6758316858711736,0.31802859403344536,0.3562863438584287,0.04533951261806635,0.04533951261806635
google_robot_move_near__seed095__step008,move_near,95,exploration,30,0.34648092976563744,0.15042822841257625,0.2871935586977237,0.167593416865655,0.5335071745595014,0.17888751289998245,0.1960527013530612,0.05928737106791371,0.05928737106791371
google_robot_move_near__seed095__step008,move_near,95,exploration,31,0.353777320590077,-0.058693116866917396,0.3946096083197976,0.167593416865655,0.5760758503619513,0.186183903724422,0.4124704374569944,-0.040832287729720584,-0.040832287729720584
google_robot_move_near__seed095__step040,move_near,95,exploration,0,0.32111037096297435,0.11917951556666657,0.32111037096297435,0.03196360282181595,1.3752970668359517,0.2891467681411584,0.20193085539630778,0.0,0.0
google_robot_move_near__seed095__step040,move_near,95,exploration,1,0.4133432062386697,-0.0027795842845789406,0.4133432062386697,0.03196360282181595,1.234857040941541,0.3813796034168538,0.41612279052324863,0.0,0.0
google_robot_move_near__seed095__step040,move_near,95,exploration,2,0.4173021588559502,-0.060479520215915426,0.3823022337079826,0.03196360282181595,1.3541716055987696,0.38533855603413425,0.4777816790718656,0.03499992514796757,0.03499992514796757
google_robot_move_near__seed095__step040,move_near,95,exploration,3,0.37128749760620156,-0.0026049646308742972,0.37332268903232646,0.03196360282181595,1.246265513093251,0.3393238947843856,0.37389246223707584,-0.002035191426124905,-0.002035191426124905
google_robot_move_near__seed095__step040,move_near,95,exploration,4,0.40946820098838094,-0.008138434462993333,0.4132760950759928,0.03196360282181595,1.270927587037096,0.377504598166565,0.4176066354513743,-0.0038078940876118406,-0.0038078940876118406
google_robot_move_near__seed095__step040,move_near,95,exploration,5,0.3755310186353377,-0.0009778068171774484,0.36542372494533776,0.03196360282181595,1.3173096572650234,0.3435674158135218,0.3765088254525152,0.010107293689999963,0.010107293689999963
google_robot_move_near__seed095__step040,move_near,95,exploration,6,0.412446458480986,4.700983637279804e-05,0.43718374283701905,0.03196360282181595,1.1232617868515042,0.38048285565917006,0.4123994486446132,-0.024737284356033062,-0.024737284356033062
google_robot_move_near__seed095__step040,move_near,95,exploration,7,0.4029646123976421,0.09381150864707237,0.3944646675595536,0.03196360282181595,1.100700482106886,0.37100100957582616,0.3091531037505697,0.008499944838088469,0.008499944838088469
google_robot_move_near__seed095__step040,move_near,95,exploration,8,0.39526933617038745,-0.016855101591060104,0.38204059212930663,0.03196360282181595,1.3492664184566068,0.3633057333485715,0.4121244377614476,0.01322874404108082,0.01322874404108082
google_robot_move_near__seed095__step040,move_near,95,exploration,9,0.4712360289669295,-0.08958564577637411,0.41563189862399846,0.03196360282181595,1.2238005190586083,0.4392724261451136,0.5608216747433036,0.055604130342931046,0.055604130342931046
google_robot_move_near__seed095__step040,move_near,95,exploration,10,0.4122529327574629,-0.019741452716878927,0.40359029932311663,0.03196360282181595,1.0603838130970604,0.38028932993564696,0.4319943854743418,0.008662633434346256,0.008662633434346256
google_robot_move_near__seed095__step040,move_near,95,exploration,11,0.33157673907183555,-0.04872147291307097,0.44268748573344335,0.03196360282181595,1.350869771458502,0.2996131362500196,0.38029821198490654,-0.1111107466616078,-0.1111107466616078
google_robot_move_near__seed095__step040,move_near,95,exploration,12,0.4134702619845503,-0.032397759176057576,0.4037819023879557,0.03196360282181595,1.3234134767170112,0.38150665916273435,0.44586802116060786,0.009688359596594587,0.009688359596594587
google_robot_move_near__seed095__step040,move_near,95,exploration,13,0.38255434224372237,-0.09806572086852133,0.4095844275549403,0.03196360282181595,1.2086677566077215,0.35059073942190644,0.4806200631122437,-0.027030085311217922,-0.027030085311217922
google_robot_move_near__seed095__step040,move_near,95,exploration,14,0.41121044513952526,-0.039966382686252515,0.4122706470183524,0.03196360282181595,1.2862005231905667,0.37924684231770933,0.4511768278257778,-0.0010602018788271605,-0.0010602018788271605
google_robot_move_near__seed095__step040,move_near,95,exploration,15,0.4492329484170105,-0.0658928340346925,0.44578207203497183,0.03196360282181595,1.1214400540598701,0.4172693455951946,0.515125782451703,0.00345087638203867,0.00345087638203867
google_robot_move_near__seed095__step040,move_near,95,exploration,16,0.3952021595179929,-0.042524249574237206,0.45214599284535933,0.03196360282181595,1.147303318751705,0.363238556696177,0.43772640909223015,-0.05694383332736641,-0.05694383332736641
google_robot_move_near__seed095__step040,move_near,95,exploration,17,0.3895875966063143,-0.05574079874136648,0.420442074057746,0.03196360282181595,1.3708458256048361,0.3576239937844984,0.4453283953476808,-0.03085447745143166,-0.03085447745143166
google_robot_move_near__seed095__step040,move_near,95,exploration,18,0.37293167718171344,-0.08559788078424259,0.37858264861893076,0.03196360282181595,1.1448498448158282,0.3409680743598975,0.458529557965956,-0.0056509714372173225,-0.0056509714372173225
google_robot_move_near__seed095__step040,move_near,95,exploration,19,0.42417358948964373,0.07651282661288157,0.44396955194963844,0.03196360282181595,1.1488947055851575,0.3922099866678278,0.3476607628767622,-0.01979596245999471,-0.01979596245999471
google_robot_move_near__seed095__step040,move_near,95,exploration,20,0.4324253304592645,-0.08102367779669827,0.45282284762466857,0.03196360282181595,0.9107679846768659,0.4004617276374486,0.5134490082559627,-0.020397517165404055,-0.020397517165404055
google_robot_move_near__seed095__step040,move_near,95,exploration,21,0.4074826733423446,0.09619614566835173,0.45557070279078027,0.03196360282181595,0.9178702494520464,0.3755190705205287,0.3112865276739929,-0.048088029448435654,-0.048088029448435654
google_robot_move_near__seed095__step040,move_near,95,exploration,22,0.34210747126119356,-0.06914582266571973,0.31088573105813105,0.03196360282181595,0.9267122785660694,0.31014386843937763,0.4112532939269133,0.03122174020306251,0.03122174020306251
google_robot_move_near__seed095__step040,move_near,95,exploration,23,0.3790877724336903,0.09128504853479547,0.37461384938380543,0.03196360282181595,0.9156455043898124,0.34712416961187437,0.28780272389889483,0.004473923049884865,0.004473923049884865
google_robot_move_near__seed095__step040,move_near,95,exploration,24,0.44735228083566897,0.12493961298676086,0.41144033321600104,0.03196360282181595,0.8674636223521817,0.41538867801385304,0.3224126678489081,0.03591194761966793,0.03591194761966793
google_robot_move_near__seed095__step040,move_near,95,exploration,25,0.31382983292915323,0.1355220354968737,0.36769333023531003,0.03196360282181595,0.8123244777739684,0.2818662301073373,0.17830779743227954,-0.053863497306156805,-0.053863497306156805
google_robot_move_near__seed095__step040,move_near,95,exploration,26,0.35360010014506976,0.22253332070772114,0.3824659256332925,0.03196360282181595,0.8094404951678729,0.32163649732325383,0.13106677943734862,-0.02886582548822275,-0.02886582548822275
google_robot_move_near__seed095__step040,move_near,95,exploration,27,0.4407084447857186,0.13587563441625577,0.35536781690733754,0.03196360282181595,0.8261067125811145,0.40874484196390265,0.3048328103694628,0.08534062787838104,0.08534062787838104
google_robot_move_near__seed095__step040,move_near,95,exploration,28,0.41512482637817394,0.16743353661077084,0.3860166800706695,0.03196360282181595,0.834333384121933,0.383161223556358,0.2476912897674031,0.029108146307504412,0.029108146307504412
google_robot_move_near__seed095__step040,move_near,95,exploration,29,0.39297443482396055,0.04297321704495984,0.41070616274366617,0.03196360282181595,0.8561975921275243,0.3610108320021446,0.35000121777900073,-0.01773172791970562,-0.01773172791970562
google_robot_move_near__seed095__step040,move_near,95,exploration,30,0.2603054804992527,0.08160060667509594,0.2655737225349588,0.03196360282181595,0.8550658816561868,0.22834187767743672,0.17870487382415673,-0.005268242035706139,-0.005268242035706139
google_robot_move_near__seed095__step040,move_near,95,exploration,31,0.27334654688347354,0.21926251447575598,0.25599805913759055,0.03196360282181595,0.8464649178619097,0.24138294406165758,0.05408403240771756,0.01734848774588299,0.01734848774588299
google_robot_move_near__seed095__step071,move_near,95,exploration,0,0.7647315707809496,-0.18339794909863297,0.7647315707809496,0.2748069073000333,0.9953794987693864,0.48992466348091623,0.9481295198795825,0.0,0.0
google_robot_move_near__seed095__step071,move_near,95,exploration,1,0.732558824649748,-0.2745459875144949,0.7530787378762236,0.2748069073000333,1.115063908735502,0.45775191734971465,1.007104812164243,-0.020519913226475617,-0.020519913226475617
google_robot_move_near__seed095__step071,move_near,95,exploration,2,0.683695178478774,0.01034679653887538,0.6649723877174284,0.2748069073000333,0.8758979399659618,0.4088882711787407,0.6733483819398987,0.018722790761345642,0.018722790761345642
google_robot_move_near__seed095__step071,move_near,95,exploration,3,0.6842104887711659,-0.09102335082792891,0.6842104887711659,0.2748069073000333,0.9004045300670166,0.40940358147113254,0.7752338395990948,0.0,0.0
google_robot_move_near__seed095__step071,move_near,95,exploration,4,0.7157958840187271,0.2168009140737839,0.7323883637630836,0.2748069073000333,0.8856913092674433,0.44098897671869375,0.4989949699449432,-0.016592479744356514,-0.016592479744356514
google_robot_move_near__seed095__step071,move_near,95,exploration,5,0.7411282657775695,0.29208491643079765,0.7411282657775695,0.2748069073000333,0.9594050115905305,0.4663213584775362,0.44904334934677187,0.0,0.0
google_robot_move_near__seed095__step071,move_near,95,exploration,6,0.7710715898779378,0.3676625399912679,0.6846972150986637,0.2748069073000333,1.0440250337798018,0.49626468257790446,0.40340904988666987,0.08637437477927412,0.08637437477927412
google_robot_move_near__seed095__step071,move_near,95,exploration,7,0.594152715611612,0.1317204187685616,0.2635940845326821,0.2748069073000333,0.9623581370280104,0.31934580831157866,0.46243229684305037,0.33055863107892985,0.31934580831157866
google_robot_move_near__seed095__step071,move_near,95,exploration,8,0.40700015492755764,0.40960544109340163,0.48010954626030217,0.2748069073000333,0.6739837124634244,0.13219324762752432,-0.0026052861658439896,-0.07310939133274452,-0.07310939133274452
google_robot_move_near__seed095__step071,move_near,95,exploration,9,0.5995584218468061,0.0062636238289412545,0.5673771357990988,0.2748069073000333,0.8323000603357591,0.32475151454677276,0.5932947980178648,0.032181286047707314,0.032181286047707314
google_robot_move_near__seed095__step071,move_near,95,exploration,10,0.7771796942686967,0.4075710524064701,0.7916742882422302,0.2748069073000333,1.223413379962468,0.5023727869686634,0.3696086418622266,-0.014494593973533476,-0.014494593973533476
google_robot_move_near__seed095__step071,move_near,95,exploration,11,0.16537955051758826,-0.04659114506755576,0.7118380410530408,0.2748069073000333,0.7082778651834624,-0.10942735678244506,0.21197069558514403,-0.5464584905354526,-0.5464584905354526
google_robot_move_near__seed095__step071,move_near,95,exploration,12,0.6282273144591982,0.15569816369782374,0.7968061216332364,0.2748069073000333,0.8671290068114158,0.3534204071591649,0.4725291507613745,-0.16857880717403817,-0.16857880717403817
google_robot_move_near__seed095__step071,move_near,95,exploration,13,0.7931058930066515,-0.18864866248665577,0.7721075550281058,0.2748069073000333,1.254114252652945,0.5182989857066181,0.9817545554933073,0.020998337978545667,0.020998337978545667
google_robot_move_near__seed095__step071,move_near,95,exploration,14,0.439357216362445,0.12496199768929311,0.573339866969988,0.2748069073000333,0.7036755468719506,0.1645503090624117,0.3143952186731519,-0.13398265060754294,-0.13398265060754294
google_robot_move_near__seed095__step071,move_near,95,exploration,15,0.7813561443202793,-0.08337224748290524,0.7905949105689197,0.2748069073000333,1.1950736083249318,0.506549237020246,0.8647283918031846,-0.009238766248640395,-0.009238766248640395
google_robot_move_near__seed095__step071,move_near,95,exploration,16,0.8188671629550922,-0.0032191749745788096,0.786738731914033,0.2748069073000333,1.3414181225219077,0.5440602556550589,0.822086337929671,0.032128431041059224,0.032128431041059224
google_robot_move_near__seed095__step071,move_near,95,exploration,17,0.6584043274532951,-0.17721158655946054,0.5046687718099466,0.2748069073000333,0.7440453665819945,0.3835974201532618,0.8356159140127557,0.1537355556433485,0.1537355556433485
google_robot_move_near__seed095__step071,move_near,95,exploration,18,0.25717881103498735,-0.25040871251426844,0.3999846714999233,0.2748069073000333,0.7044143621735262,-0.017628096265045967,0.5075875235492557,-0.14280586046493593,-0.14280586046493593
google_robot_move_near__seed095__step071,move_near,95,exploration,19,0.573575046519611,0.17144059925871402,0.573575046519611,0.2748069073000333,0.7242146634665075,0.2987681392195777,0.402134447260897,0.0,0.0
google_robot_move_near__seed095__step071,move_near,95,exploration,20,0.1956931895372187,0.44888217387908896,0.20610697886140475,0.2748069073000333,0.5944095039641599,-0.07911371776281462,-0.25318898434187026,-0.010413789324186046,-0.25318898434187026
google_robot_move_near__seed095__step071,move_near,95,exploration,21,0.46351415511813143,0.4451600276026843,0.2506181930947624,0.2748069073000333,0.6065664446325933,0.1887072478180981,0.018354127515447127,0.21289596202336902,0.018354127515447127
google_robot_move_near__seed095__step071,move_near,95,exploration,22,0.6817369394098689,0.46505405927603666,0.5921618051465626,0.2748069073000333,0.7967057996700915,0.4069300321098356,0.21668288013383225,0.08957513426330632,0.08957513426330632
google_robot_move_near__seed095__step071,move_near,95,exploration,23,0.7033765853594919,0.4758775122661502,0.7665834006536433,0.2748069073000333,0.8319082167899425,0.42856967805945856,0.22749907309334166,-0.0632068152941514,-0.0632068152941514
google_robot_move_near__seed095__step071,move_near,95,exploration,24,0.715815487814325,0.10832221191437635,0.6891745168029176,0.2748069073000333,0.8320396689046542,0.4410085805142917,0.6074932758999487,0.02664097101140739,0.02664097101140739
google_robot_move_near__seed095__step071,move_near,95,exploration,25,0.5449562372571439,-0.007721619368470267,0.5449562372571439,0.2748069073000333,0.7158171373864087,0.2701493299571106,0.5526778566256142,0.0,0.0
google_robot_move_near__seed095__step071,move_near,95,exploration,26,0.5852019510864829,-0.07477996452095738,0.6592648283706738,0.2748069073000333,0.6647605844848615,0.31039504378644955,0.6599819156074402,-0.07406287728419092,-0.07406287728419092
google_robot_move_near__seed095__step071,move_near,95,exploration,27,0.4538908905124179,-0.43442721694454645,0.701829011502633,0.2748069073000333,0.6373778884608629,0.17908398321238456,0.8883181074569644,-0.24793812099021512,-0.24793812099021512
google_robot_move_near__seed095__step071,move_near,95,exploration,28,0.517448903974558,-0.5144910555861126,0.517448903974558,0.2748069073000333,0.6100779069201206,0.24264199667452468,1.0319399595606706,0.0,0.0
google_robot_move_near__seed095__step071,move_near,95,exploration,29,0.03292241688928462,-0.20574450267794178,0.17647734947817484,0.2748069073000333,0.5539020848280033,-0.2418844904107487,0.2386669195672264,-0.1435549325888902,-0.2418844904107487
google_robot_move_near__seed095__step071,move_near,95,exploration,30,0.23259054360668716,-0.23034313251602223,0.19856456579760595,0.2748069073000333,0.5426267730816929,-0.042216363693346165,0.4629336761227094,0.034025977809081204,-0.042216363693346165
google_robot_move_near__seed095__step071,move_near,95,exploration,31,0.012039741099070337,0.13332322174989386,0.02042013152396205,0.2748069073000333,0.5477959729443335,-0.26276716620096296,-0.12128348065082352,-0.008380390424891712,-0.26276716620096296
google_robot_move_near__seed098__step008,move_near,98,exploration,0,0.4977440587938396,-0.17507811549057814,0.4977440587938396,0.31374701046886283,1.576743052871808,0.18399704832497676,0.6728221742844177,0.0,0.0
google_robot_move_near__seed098__step008,move_near,98,exploration,1,0.5041219264743243,-0.02474310363397884,0.5041219264743243,0.31374701046886283,1.5312287233755983,0.19037491600546147,0.5288650301083031,0.0,0.0
google_robot_move_near__seed098__step008,move_near,98,exploration,2,0.5538748148845515,0.03901706896722238,0.532658892123885,0.31374701046886283,1.4237917711411197,0.24012780441568865,0.5148577459173291,0.021215922760666528,0.021215922760666528
google_robot_move_near__seed098__step008,move_near,98,exploration,3,0.4789220444675754,0.024760289569341735,0.4764824446077362,0.31374701046886283,1.4805269457106065,0.16517503399871258,0.4541617548982337,0.0024395998598392143,0.0024395998598392143
google_robot_move_near__seed098__step008,move_near,98,exploration,4,0.4849336915895755,0.18590069042654922,0.4778763921667188,0.31374701046886283,1.4183711223269628,0.17118668112071267,0.2990330011630263,0.007057299422856711,0.007057299422856711
google_robot_move_near__seed098__step008,move_near,98,exploration,5,0.4500440800882104,0.25105606863081287,0.5069232513213676,0.31374701046886283,1.4433834601065956,0.13629706961934757,0.19898801145739753,-0.05687917123315722,-0.05687917123315722
google_robot_move_near__seed098__step008,move_near,98,exploration,6,0.45798651526189743,0.11372945813448304,0.4561361092518401,0.31374701046886283,1.235920791936491,0.1442395047930346,0.3442570571274144,0.001850406010057315,0.001850406010057315
google_robot_move_near__seed098__step008,move_near,98,exploration,7,0.557992885128595,0.1515754332741662,0.47887803071813745,0.31374701046886283,1.5740217875999087,0.2442458746597322,0.4064174518544288,0.07911485441045757,0.07911485441045757
google_robot_move_near__seed098__step008,move_near,98,exploration,8,0.41491177943579466,0.019767395357850426,0.4076457153455891,0.31374701046886283,1.5648635304669087,0.10116476896693183,0.3951443840779442,0.007266064090205582,0.007266064090205582
google_robot_move_near__seed098__step008,move_near,98,exploration,9,0.4896566120507424,0.12948928900473358,0.5045935779659904,0.31374701046886283,1.425200047503584,0.17590960158187957,0.36016732304600885,-0.014936965915247957,-0.014936965915247957
google_robot_move_near__seed098__step008,move_near,98,exploration,10,0.5505981222933849,0.12042918091338217,0.47272085909756684,0.31374701046886283,1.2812397066399583,0.23685111182452206,0.4301689413800027,0.07787726319581806,0.07787726319581806
google_robot_move_near__seed098__step008,move_near,98,exploration,11,0.4424871192845679,0.0034488016457587625,0.4279208035487698,0.31374701046886283,1.7552957377068106,0.12874010881570508,0.43903831763880913,0.014566315735798085,0.014566315735798085
google_robot_move_near__seed098__step008,move_near,98,exploration,12,0.5870780767718852,0.02107403774834679,0.5329680259882652,0.31374701046886283,1.4300704532215993,0.27333106630302234,0.5660040390235384,0.05411005078361997,0.05411005078361997
google_robot_move_near__seed098__step008,move_near,98,exploration,13,0.43469143218709877,0.09047376657562435,0.5386334815505677,0.31374701046886283,1.4890190008959094,0.12094442171823594,0.34421766561147443,-0.1039420493634689,-0.1039420493634689
google_robot_move_near__seed098__step008,move_near,98,exploration,14,0.5953700720614832,0.188186064983603,0.543284437853167,0.31374701046886283,1.3211709627107147,0.28162306159262035,0.40718400707788016,0.052085634208316134,0.052085634208316134
google_robot_move_near__seed098__step008,move_near,98,exploration,15,0.5879039737652672,0.1825049952587604,0.4118717222687473,0.31374701046886283,1.4008900237018442,0.2741569632964043,0.40539897850650675,0.17603225149651985,0.17603225149651985
google_robot_move_near__seed098__step008,move_near,98,exploration,16,0.505711435402357,0.2049505790190619,0.33918828545399554,0.31374701046886283,1.3811558888889595,0.19196442493349414,0.3007608563832951,0.16652314994836143,0.16652314994836143
google_robot_move_near__seed098__step008,move_near,98,exploration,17,0.4343529016516509,0.12277294903945098,0.44184575249067737,0.31374701046886283,1.221523982285637,0.12060589118278808,0.31157995261219995,-0.007492850839026455,-0.007492850839026455
google_robot_move_near__seed098__step008,move_near,98,exploration,18,0.32449668181756763,0.04577976643616421,0.3954013672981099,0.31374701046886283,1.1368688369016609,0.010749671348704803,0.2787169153814034,-0.07090468548054224,-0.07090468548054224
google_robot_move_near__seed098__step008,move_near,98,exploration,19,0.43634209564538584,0.055929712446654754,0.4650663856111796,0.31374701046886283,0.9359896626241007,0.12259508517652301,0.3804123831987311,-0.028724289965793737,-0.028724289965793737
google_robot_move_near__seed098__step008,move_near,98,exploration,20,0.4476691678602651,0.03811038185333837,0.466422014371211,0.31374701046886283,0.96475813587744,0.13392215739140229,0.40955878600692674,-0.018752846510945886,-0.018752846510945886
google_robot_move_near__seed098__step008,move_near,98,exploration,21,0.49268576971845696,0.06630712624941999,0.5277766291464953,0.31374701046886283,0.980257407034116,0.17893875924959413,0.426378643469037,-0.0350908594280383,-0.0350908594280383
google_robot_move_near__seed098__step008,move_near,98,exploration,22,0.4039725318877719,-0.05056650041854424,0.5030800814463099,0.31374701046886283,0.9228450635250623,0.09022552141890905,0.4545390323063161,-0.09910754955853801,-0.09910754955853801
google_robot_move_near__seed098__step008,move_near,98,exploration,23,0.4230030709613522,0.1469205772370267,0.4079365461848273,0.31374701046886283,1.0163580967554513,0.10925606049248937,0.2760824937243255,0.015066524776524925,0.015066524776524925
google_robot_move_near__seed098__step008,move_near,98,exploration,24,0.5342079297428989,0.01242037373190158,0.5370628474405018,0.31374701046886283,1.0260368507072388,0.22046091927403605,0.5217875560109972,-0.0028549176976029322,-0.0028549176976029322
google_robot_move_near__seed098__step008,move_near,98,exploration,25,0.554672230936843,-0.06609756178489999,0.554672230936843,0.31374701046886283,0.9989569059244623,0.2409252204679802,0.620769792721743,0.0,0.0
google_robot_move_near__seed098__step008,move_near,98,exploration,26,0.5689308234573528,-0.03273494263184209,0.558910069700143,0.31374701046886283,1.0663477177509801,0.25518381298848997,0.6016657660891949,0.010020753757209788,0.010020753757209788
google_robot_move_near__seed098__step008,move_near,98,exploration,27,0.5523967494084214,0.037668867451084664,0.5523967494084214,0.31374701046886283,0.9615799135991684,0.2386497389395586,0.5147278819573368,0.0,0.0
google_robot_move_near__seed098__step008,move_near,98,exploration,28,0.5598490734883406,-0.049457940371519536,0.5589772390420783,0.31374701046886283,0.9660653534672182,0.24610206301947773,0.6093070138598601,0.0008718344462622651,0.0008718344462622651
google_robot_move_near__seed098__step008,move_near,98,exploration,29,0.5616932289562461,-0.10269177161301908,0.5393572891188035,0.31374701046886283,0.9588213958501778,0.24794621848738324,0.6643850005692652,0.02233593983744253,0.02233593983744253
google_robot_move_near__seed098__step008,move_near,98,exploration,30,0.5634825225771154,-0.11495795682574166,0.5622892818607659,0.31374701046886283,1.0032325123551804,0.24973551210825257,0.678440479402857,0.0011932407163495196,0.0011932407163495196
google_robot_move_near__seed098__step008,move_near,98,exploration,31,0.557984384749754,-0.1004223353874402,0.5637035438234359,0.31374701046886283,1.0025272548720021,0.24423737428089115,0.6584067201371941,-0.005719159073681923,-0.005719159073681923
google_robot_move_near__seed098__step040,move_near,98,exploration,0,0.37754577695906283,0.3917808138394423,0.37754577695906283,0.23114657189604645,1.1910065739206246,0.14639920506301637,-0.01423503688037947,0.0,-0.01423503688037947
google_robot_move_near__seed098__step040,move_near,98,exploration,1,0.30287213653905276,0.200267623417025,0.30369977986573515,0.23114657189604645,1.1030235645918363,0.0717255646430063,0.10260451312202776,-0.0008276433266823924,-0.0008276433266823924
google_robot_move_near__seed098__step040,move_near,98,exploration,2,0.2263181306410007,0.10980349358850068,0.2263181306410007,0.23114657189604645,1.319556336535002,-0.004828441255045751,0.11651463705250002,0.0,-0.004828441255045751
google_robot_move_near__seed098__step040,move_near,98,exploration,3,0.07884298187122975,0.15442068346702972,0.10316581147733755,0.23114657189604645,1.2379173765343436,-0.1523035900248167,-0.07557770159579998,-0.024322829606107807,-0.1523035900248167
google_robot_move_near__seed098__step040,move_near,98,exploration,4,0.04660181536487231,0.263863267243092,0.07020085433345381,0.23114657189604645,1.2888890497296412,-0.18454475653117414,-0.21726145187821969,-0.023599038968581502,-0.21726145187821969
google_robot_move_near__seed098__step040,move_near,98,exploration,5,0.06821674825269713,0.3836069177224937,0.06821674825269713,0.23114657189604645,1.3427112128251344,-0.16292982364334932,-0.3153901694697966,0.0,-0.3153901694697966
google_robot_move_near__seed098__step040,move_near,98,exploration,6,0.2251847715748058,0.19701975907040123,0.2226138629455654,0.23114657189604645,1.424983216148122,-0.005961800321240662,0.028165012504404563,0.0025709086292403927,-0.005961800321240662
google_robot_move_near__seed098__step040,move_near,98,exploration,7,0.2242030707126702,0.3448530048591197,0.2242030707126702,0.23114657189604645,1.3682763953636379,-0.0069435011833762494,-0.12064993414644948,0.0,-0.12064993414644948
google_robot_move_near__seed098__step040,move_near,98,exploration,8,0.17904321600565756,0.3621231921729701,0.18316711669979469,0.23114657189604645,1.1103254724285296,-0.05210335589038889,-0.18307997616731256,-0.004123900694137123,-0.18307997616731256
google_robot_move_near__seed098__step040,move_near,98,exploration,9,0.2519799768191843,0.24751042930539824,0.2604819561820113,0.23114657189604645,0.9148282436437514,0.02083340492313787,0.004469547513786087,-0.008501979362826984,-0.008501979362826984
google_robot_move_near__seed098__step040,move_near,98,exploration,10,0.3887936353518697,0.07669347565222279,0.41206543338527907,0.23114657189604645,0.9976454774538958,0.15764706345582327,0.31210015969964694,-0.02327179803340934,-0.02327179803340934
google_robot_move_near__seed098__step040,move_near,98,exploration,11,0.4525882303802158,0.14384119437984452,0.44493126764661356,0.23114657189604645,0.94991496656515,0.22144165848416933,0.30874703600037123,0.007656962733602224,0.007656962733602224
google_robot_move_near__seed098__step040,move_near,98,exploration,12,0.44978546232184874,0.04500831723684733,0.3453866217807678,0.23114657189604645,1.0503957923513727,0.21863889042580228,0.4047771450850014,0.10439884054108095,0.10439884054108095
google_robot_move_near__seed098__step040,move_near,98,exploration,13,0.42785032902464243,0.07133121871790106,0.44795025244128966,0.23114657189604645,0.965763024778449,0.19670375712859597,0.3565191103067414,-0.020099923416647236,-0.020099923416647236
google_robot_move_near__seed098__step040,move_near,98,exploration,14,0.3593515789058077,0.05692473301913579,0.4143241293124536,0.23114657189604645,0.9871858792217408,0.12820500700976126,0.3024268458866719,-0.05497255040664589,-0.05497255040664589
google_robot_move_near__seed098__step040,move_near,98,exploration,15,0.3948845554782862,0.254421641853993,0.3738993189808639,0.23114657189604645,1.074622046668425,0.16373798358223976,0.1404629136242932,0.020985236497422288,0.020985236497422288
google_robot_move_near__seed098__step040,move_near,98,exploration,16,0.3385706683157963,0.28047172404946025,0.2554152616175061,0.23114657189604645,1.0867343172074793,0.10742409641974984,0.05809894426633605,0.08315540669829019,0.05809894426633605
google_robot_move_near__seed098__step040,move_near,98,exploration,17,0.3539463029903953,0.3817684645179922,0.3422047627560669,0.23114657189604645,1.062607865688664,0.12279973109434886,-0.027822161527596867,0.011741540234328385,-0.027822161527596867
google_robot_move_near__seed098__step040,move_near,98,exploration,18,0.23947793899997863,0.35905599233033386,0.235687871686163,0.23114657189604645,1.2678104923420033,0.008331367103932175,-0.11957805333035523,0.0037900673138156205,-0.11957805333035523
google_robot_move_near__seed098__step040,move_near,98,exploration,19,0.18762983956545684,0.37379539012799895,0.23722195809166732,0.23114657189604645,1.2859751110908864,-0.043516732330589614,-0.1861655505625421,-0.04959211852621048,-0.1861655505625421
google_robot_move_near__seed098__step040,move_near,98,exploration,20,0.20540155992357048,0.452069342998818,0.17978791996198493,0.23114657189604645,1.330384587256179,-0.025745011972475973,-0.24666778307524753,0.025613639961585555,-0.24666778307524753
google_robot_move_near__seed098__step040,move_near,98,exploration,21,0.21578328449590642,0.2595263675583768,0.21237271727197685,0.23114657189604645,1.3395235632967475,-0.015363287400140035,-0.043743083062470406,0.0034105672239295726,-0.043743083062470406
google_robot_move_near__seed098__step040,move_near,98,exploration,22,0.24655117359694537,0.3891240752543766,0.20925660644054642,0.23114657189604645,1.2914046276834588,0.015404601700898912,-0.14257290165743122,0.03729456715639895,-0.14257290165743122
google_robot_move_near__seed098__step040,move_near,98,exploration,23,0.19651441593855398,0.17884828014937657,0.2126570882467429,0.23114657189604645,1.4316292749012856,-0.03463215595749247,0.017666135789177417,-0.016142672308188916,-0.03463215595749247
google_robot_move_near__seed098__step040,move_near,98,exploration,24,0.21101301966885563,0.40935974247072426,0.22842935706992348,0.23114657189604645,1.3165747946466275,-0.02013355222719082,-0.19834672280186863,-0.01741633740106785,-0.19834672280186863
google_robot_move_near__seed098__step040,move_near,98,exploration,25,0.22921672136254087,0.44456177828909044,0.23823812095386523,0.23114657189604645,1.2749093823948028,-0.0019298505335055838,-0.21534505692654957,-0.009021399591324364,-0.21534505692654957
google_robot_move_near__seed098__step040,move_near,98,exploration,26,0.20797261288666138,0.3706650311184448,0.2542674014518758,0.23114657189604645,1.4011951910463296,-0.02317395900938507,-0.1626924182317834,-0.046294788565214434,-0.1626924182317834
google_robot_move_near__seed098__step040,move_near,98,exploration,27,0.2242490710528531,0.30336032002742314,0.21096584969230392,0.23114657189604645,1.2549613049929642,-0.006897500843193349,-0.07911124897457003,0.013283221360549186,-0.07911124897457003
google_robot_move_near__seed098__step040,move_near,98,exploration,28,0.22108967623822026,0.3373151029333747,0.2253074111144112,0.23114657189604645,1.3259910018768122,-0.010056895657826193,-0.11622542669515443,-0.004217734876190926,-0.11622542669515443
google_robot_move_near__seed098__step040,move_near,98,exploration,29,0.2556936202938254,0.26530489161768206,0.24279039259978838,0.23114657189604645,1.2572786218947456,0.024547048397778964,-0.00961127132385664,0.01290322769403704,-0.00961127132385664
google_robot_move_near__seed098__step040,move_near,98,exploration,30,0.22848535153612456,0.28843564126001925,0.24228985686117718,0.23114657189604645,1.3238077553302081,-0.0026612203599218898,-0.059950289723894684,-0.013804505325052618,-0.059950289723894684
google_robot_move_near__seed098__step040,move_near,98,exploration,31,0.2213518501449249,0.3592314589781453,0.21045600954568092,0.23114657189604645,1.3493952875193076,-0.00979472175112156,-0.1378796088332204,0.010895840599243978,-0.1378796088332204
google_robot_move_near__seed098__step071,move_near,98,exploration,0,-0.10025305909761519,0.03290796239992801,-0.3332503549895259,-0.2769827336673993,0.45375409641719067,0.1767296745697841,-0.1331610214975432,0.2329972958919107,-0.1331610214975432
google_robot_move_near__seed098__step071,move_near,98,exploration,1,0.017850698372075997,0.3267750796644018,0.017850698372075997,-0.2769827336673993,0.44838899749956757,0.29483343203947526,-0.3089243812923258,0.0,-0.3089243812923258
google_robot_move_near__seed098__step071,move_near,98,exploration,2,-0.04959690432022923,0.058119924826655754,-0.04959690432022923,-0.2769827336673993,0.6095315046194323,0.22738582934717005,-0.10771682914688499,0.0,-0.10771682914688499
google_robot_move_near__seed098__step071,move_near,98,exploration,3,-0.12453949218622384,0.2856876165478354,-0.12453949218622384,-0.2769827336673993,0.7220326517519335,0.15244324148117544,-0.41022710873405926,0.0,-0.41022710873405926
google_robot_move_near__seed098__step071,move_near,98,exploration,4,-0.058323824797316605,-0.012096326137671346,-0.058323824797316605,-0.2769827336673993,0.5913887084469176,0.21865890887008269,-0.04622749865964526,0.0,-0.04622749865964526
google_robot_move_near__seed098__step071,move_near,98,exploration,5,-0.15338990655325083,-0.3326948765829019,-0.1312142398127962,-0.2769827336673993,0.5514333540651171,0.12359282711414846,0.1793049700296511,-0.022175666740454625,-0.022175666740454625
google_robot_move_near__seed098__step071,move_near,98,exploration,6,0.18313334418035798,-0.2635037407274621,0.18313334418035798,-0.2769827336673993,0.4990834322574585,0.46011607784775727,0.44663708490782006,0.0,0.0
google_robot_move_near__seed098__step071,move_near,98,exploration,7,0.06326492336915697,-0.035881950450267985,0.28340639211778185,-0.2769827336673993,0.48237552976145553,0.34024765703655624,0.09914687381942495,-0.2201414687486249,-0.2201414687486249
google_robot_move_near__seed098__step071,move_near,98,exploration,8,0.17868950201722691,0.13670817332866772,0.3476773276057306,-0.2769827336673993,0.4729800110379431,0.4556722356846262,0.041981328688559194,-0.1689878255885037,-0.1689878255885037
google_robot_move_near__seed098__step071,move_near,98,exploration,9,0.5252768961166848,-0.020098374611999037,0.5252768961166848,-0.2769827336673993,0.8756265082454306,0.802259629784084,0.5453752707286839,0.0,0.0
google_robot_move_near__seed098__step071,move_near,98,exploration,10,0.25906554518829383,0.0619369451253278,0.25230554396131266,-0.2769827336673993,0.6496469125940166,0.5360482788556931,0.19712860006296604,0.0067600012269811716,0.0067600012269811716
google_robot_move_near__seed098__step071,move_near,98,exploration,11,0.7770608762248109,0.28158459812028624,0.6079394248246929,-0.2769827336673993,1.1762429357412885,1.0540436098922101,0.49547627810452466,0.16912145140011803,0.16912145140011803
google_robot_move_near__seed098__step071,move_near,98,exploration,12,0.12435569530933949,-0.07687040283101042,0.42998009839129203,-0.2769827336673993,0.5505925398700269,0.40133842897673877,0.20122609814034992,-0.30562440308195254,-0.30562440308195254
google_robot_move_near__seed098__step071,move_near,98,exploration,13,0.28755652796430253,0.10159192871258686,0.420403493778412,-0.2769827336673993,0.6121722611317327,0.5645392616317018,0.18596459925171566,-0.13284696581410949,-0.13284696581410949
google_robot_move_near__seed098__step071,move_near,98,exploration,14,0.5273284033299876,0.1438335248413443,0.04338808003475123,-0.2769827336673993,1.0364871787131624,0.804311136997387,0.3834948784886434,0.4839403232952364,0.3834948784886434
google_robot_move_near__seed098__step071,move_near,98,exploration,15,-0.11179374087168907,0.09667575113903777,-0.16073150521027044,-0.2769827336673993,0.5810599959905269,0.1651889927957102,-0.20846949201072684,0.048937764338581366,-0.20846949201072684
google_robot_move_near__seed098__step071,move_near,98,exploration,16,0.026243680214503906,-0.058846452130706516,-0.058508451141880524,-0.2769827336673993,0.5510250700973814,0.3032264138819032,0.08509013234521043,0.08475213135638443,0.08475213135638443
google_robot_move_near__seed098__step071,move_near,98,exploration,17,-0.09422077385708737,-0.16055777627026782,0.004734067186533371,-0.2769827336673993,0.5758947690460322,0.1827619598103119,0.06633700241318045,-0.09895484104362073,-0.09895484104362073
google_robot_move_near__seed098__step071,move_near,98,exploration,18,-0.10140121318675688,-0.03614523240859252,-0.10140121318675688,-0.2769827336673993,0.5540094125624941,0.1755815204806424,-0.06525598077816436,0.0,-0.06525598077816436
google_robot_move_near__seed098__step071,move_near,98,exploration,19,-0.08408746145489747,-0.2627187491667723,-0.0968536777876608,-0.2769827336673993,0.4484480431671387,0.1928952722125018,0.1786312877118748,0.012766216332763328,0.012766216332763328
google_robot_move_near__seed098__step071,move_near,98,exploration,20,0.05251604954322461,-0.21264538919300835,-0.14480502040667034,-0.2769827336673993,0.603213531421588,0.32949878321062387,0.265161438736233,0.19732106994989496,0.19732106994989496
google_robot_move_near__seed098__step071,move_near,98,exploration,21,0.12021823130318561,-0.09704998324171027,0.11109961110183098,-0.2769827336673993,0.4528875028933971,0.3972009649705849,0.21726821454489587,0.009118620201354635,0.009118620201354635
google_robot_move_near__seed098__step071,move_near,98,exploration,22,-0.2517670448763502,-0.15613661831843736,-0.22599850390391762,-0.2769827336673993,0.532554040371384,0.025215688791049073,-0.09563042655791285,-0.025768540972432585,-0.09563042655791285
google_robot_move_near__seed098__step071,move_near,98,exploration,23,-0.21842719620709813,-0.00576159668645778,-0.21842719620709813,-0.2769827336673993,0.5336722443959592,0.05855553746030115,-0.21266559952064035,0.0,-0.21266559952064035
google_robot_move_near__seed098__step071,move_near,98,exploration,24,-0.2299712088188559,-0.06522635603949802,-0.2299712088188559,-0.2769827336673993,0.542785969573518,0.04701152484854337,-0.1647448527793579,0.0,-0.1647448527793579
google_robot_move_near__seed098__step071,move_near,98,exploration,25,-0.2959462079626826,0.018110775023463418,-0.3369368493931722,-0.2769827336673993,0.5809374908186034,-0.018963474295283334,-0.31405698298614604,0.04099064143048958,-0.31405698298614604
google_robot_move_near__seed098__step071,move_near,98,exploration,26,-0.20280570060904093,0.5346162518217591,-0.32221570261178173,-0.2769827336673993,0.5701631853536399,0.07417703305835835,-0.7374219524308,0.1194100020027408,-0.7374219524308
google_robot_move_near__seed098__step071,move_near,98,exploration,27,-0.18846192457927055,0.6154790786905214,-0.032170292068365726,-0.2769827336673993,0.5390204811383706,0.08852080908812873,-0.803941003269792,-0.15629163251090483,-0.803941003269792
google_robot_move_near__seed098__step071,move_near,98,exploration,28,-0.049187719130208696,0.585473510792789,-0.049187719130208696,-0.2769827336673993,0.487081312094179,0.2277950145371906,-0.6346612299229977,0.0,-0.6346612299229977
google_robot_move_near__seed098__step071,move_near,98,exploration,29,-0.05711123578777244,-0.19835466005555888,0.03201506802124632,-0.2769827336673993,0.4149652312876927,0.21987149787962684,0.14124342426778644,-0.08912630380901876,-0.08912630380901876
google_robot_move_near__seed098__step071,move_near,98,exploration,30,-0.21321893822260382,-0.07207359492897784,-0.24131874254674482,-0.2769827336673993,0.54405048083487,0.06376379544479546,-0.141145343293626,0.028099804324140998,-0.141145343293626
google_robot_move_near__seed098__step071,move_near,98,exploration,31,0.08396224041355373,0.5274916251280232,0.1115867782128437,-0.2769827336673993,0.3778565616018697,0.360944974080953,-0.44352938471446945,-0.027624537799289972,-0.44352938471446945
google_robot_move_near__seed099__step008,move_near,99,exploration,0,0.34079023295255023,0.14853715794170064,0.34079023295255023,0.15236091701827223,0.8820450216024431,0.188429315934278,0.1922530750108496,0.0,0.0
google_robot_move_near__seed099__step008,move_near,99,exploration,1,0.3237509348694379,0.12307984584632879,0.3237509348694379,0.15236091701827223,0.8589009523347736,0.17139001785116567,0.2006710890231091,0.0,0.0
google_robot_move_near__seed099__step008,move_near,99,exploration,2,0.277412847338144,0.052698123488653964,0.277412847338144,0.15236091701827223,0.7721455598006173,0.12505193031987175,0.22471472384949,0.0,0.0
google_robot_move_near__seed099__step008,move_near,99,exploration,3,0.27236362369963407,0.10813109111193199,0.2772899463777635,0.15236091701827223,0.9118314019783179,0.12000270668136184,0.1642325325877021,-0.0049263226781294245,-0.0049263226781294245
google_robot_move_near__seed099__step008,move_near,99,exploration,4,0.3678286656693066,0.08965098785337589,0.3945818851997436,0.15236091701827223,0.9131654352833534,0.21546774865103438,0.2781776778159307,-0.026753219530436967,-0.026753219530436967
google_robot_move_near__seed099__step008,move_near,99,exploration,5,0.2694609517159043,0.102109561727406,0.2694609517159043,0.15236091701827223,0.8688213478097864,0.11710003469763205,0.1673513899884983,0.0,0.0
google_robot_move_near__seed099__step008,move_near,99,exploration,6,0.39731731765781597,0.08268913394351346,0.3844413991828608,0.15236091701827223,1.2911059812669485,0.24495640063954374,0.3146281837143025,0.012875918474955172,0.012875918474955172
google_robot_move_near__seed099__step008,move_near,99,exploration,7,0.40654583315679926,0.2570875667954222,0.3945253274903859,0.15236091701827223,0.9367270871471489,0.254184916138527,0.14945826636137705,0.012020505666413384,0.012020505666413384
google_robot_move_near__seed099__step008,move_near,99,exploration,8,0.2749167800009572,0.18019306854840256,0.2843958819536921,0.15236091701827223,1.25838622615897,0.12255586298268498,0.09472371145255465,-0.00947910195273488,-0.00947910195273488
google_robot_move_near__seed099__step008,move_near,99,exploration,9,0.4320510127822141,0.15039119958373606,0.43255049990993205,0.15236091701827223,1.1015050477530524,0.2796900957639419,0.281659813198478,-0.000499487127717968,-0.000499487127717968
google_robot_move_near__seed099__step008,move_near,99,exploration,10,0.26239536094207394,0.1811274164161261,0.1831537201669268,0.15236091701827223,0.856121475121213,0.11003444392380171,0.08126794452594785,0.07924164077514714,0.07924164077514714
google_robot_move_near__seed099__step008,move_near,99,exploration,11,0.3444619488641076,0.13418214952583943,0.36591575606189414,0.15236091701827223,1.2901762514395163,0.19210103184583535,0.21027979933826815,-0.021453807197786556,-0.021453807197786556
google_robot_move_near__seed099__step008,move_near,99,exploration,12,0.18928895144721103,0.15180827819320306,0.19409604011790682,0.15236091701827223,0.8894020212143667,0.0369280344289388,0.03748067325400797,-0.004807088670695792,-0.004807088670695792
google_robot_move_near__seed099__step008,move_near,99,exploration,13,0.38210798026153997,0.17403585175478767,0.3434342889048083,0.15236091701827223,0.9435731014711914,0.22974706324326774,0.2080721285067523,0.038673691356731654,0.038673691356731654
google_robot_move_near__seed099__step008,move_near,99,exploration,14,0.18773080484630192,-0.07253244956845599,0.20517077735192332,0.15236091701827223,0.8142980090809416,0.03536988782802969,0.2602632544147579,-0.017439972505621404,-0.017439972505621404
google_robot_move_near__seed099__step008,move_near,99,exploration,15,0.16622998887504362,0.15834044514663023,0.3259827669527766,0.15236091701827223,0.8778990078276443,0.013869071856771387,0.007889543728413384,-0.159752778077733,-0.159752778077733
google_robot_move_near__seed099__step008,move_near,99,exploration,16,0.10553934758251209,0.16827470674578582,0.20589617842338181,0.15236091701827223,0.7477133329191401,-0.046821569435760144,-0.06273535916327373,-0.10035683084086973,-0.10035683084086973
google_robot_move_near__seed099__step008,move_near,99,exploration,17,0.14026861125577247,0.11597758620620703,0.10832086721091833,0.15236091701827223,0.7506385656028264,-0.012092305762499755,0.024291025049565443,0.03194774404485415,-0.012092305762499755
google_robot_move_near__seed099__step008,move_near,99,exploration,18,0.09486728984278886,0.02662075585026889,0.14796291821672866,0.15236091701827223,0.8975426081462282,-0.05749362717548337,0.06824653399251997,-0.0530956283739398,-0.05749362717548337
google_robot_move_near__seed099__step008,move_near,99,exploration,19,0.15687658864302825,0.0784169102225167,0.1622203457239584,0.15236091701827223,0.7784083924975312,0.004515671624756024,0.07845967842051155,-0.005343757080930156,-0.005343757080930156
google_robot_move_near__seed099__step008,move_near,99,exploration,20,0.10813011521020856,0.07407149010916382,0.2175089788832444,0.15236091701827223,0.770707368976081,-0.04423080180806367,0.03405862510104474,-0.10937886367303586,-0.10937886367303586
google_robot_move_near__seed099__step008,move_near,99,exploration,21,0.16859040600804945,0.04968091768519353,0.16722251663594948,0.15236091701827223,0.827920153395161,0.01622948898977722,0.11890948832285592,0.001367889372099973,0.001367889372099973
google_robot_move_near__seed099__step008,move_near,99,exploration,22,0.1925547137790091,0.09437005818084637,0.1743777175501959,0.15236091701827223,0.7939811670631032,0.040193796760736866,0.09818465559816272,0.01817699622881319,0.01817699622881319
google_robot_move_near__seed099__step008,move_near,99,exploration,23,0.18519648670273406,0.101959348440306,0.19615656698669703,0.15236091701827223,0.8143588844719811,0.03283556968446183,0.08323713826242805,-0.010960080283962975,-0.010960080283962975
google_robot_move_near__seed099__step008,move_near,99,exploration,24,0.19822083630443688,0.045609279168565275,0.2809788637518919,0.15236091701827223,0.8252505171996192,0.045859919286164647,0.1526115571358716,-0.08275802744745503,-0.08275802744745503
google_robot_move_near__seed099__step008,move_near,99,exploration,25,0.20358929726291286,0.05358875307972794,0.1950254105117227,0.15236091701827223,0.8001714376636121,0.05122838024464063,0.15000054418318493,0.008563886751190158,0.008563886751190158
google_robot_move_near__seed099__step008,move_near,99,exploration,26,0.17279915026905424,0.08880725401290669,0.17279915026905424,0.15236091701827223,0.7800583305951146,0.020438233250782006,0.08399189625614754,0.0,0.0
google_robot_move_near__seed099__step008,move_near,99,exploration,27,0.27471561341692957,0.047155762363562996,0.1758051532286017,0.15236091701827223,0.772667084671341,0.12235469639865734,0.22755985105336657,0.09891046018832786,0.09891046018832786
google_robot_move_near__seed099__step008,move_near,99,exploration,28,0.2661159424803083,0.009100489932889986,0.26805274376394256,0.15236091701827223,0.748232125370755,0.11375502546203606,0.2570154525474183,-0.0019368012836342707,-0.0019368012836342707
google_robot_move_near__seed099__step008,move_near,99,exploration,29,0.1832688166683376,0.00013618388685353774,0.1832688166683376,0.15236091701827223,0.7557933935077669,0.03090789965006538,0.18313263278148406,0.0,0.0
google_robot_move_near__seed099__step008,move_near,99,exploration,30,0.17566918765218778,-0.014694091164929776,0.17566918765218778,0.15236091701827223,0.7706420535212547,0.02330827063391555,0.19036327881711756,0.0,0.0
google_robot_move_near__seed099__step008,move_near,99,exploration,31,0.19864214694199614,-0.005405004807149806,0.20101845908284913,0.15236091701827223,0.7273364341773297,0.04628122992372391,0.20404715174914595,-0.0023763121408529875,-0.0023763121408529875
google_robot_move_near__seed099__step040,move_near,99,exploration,0,0.14298044039114802,0.025919143515198157,0.14298044039114802,0.09554589109773225,0.7780303603447607,0.04743454929341577,0.11706129687594986,0.0,0.0
google_robot_move_near__seed099__step040,move_near,99,exploration,1,0.07175886770169461,0.0021973473033056815,0.07175886770169461,0.09554589109773225,0.832183916879345,-0.023787023396037638,0.06956152039838892,0.0,-0.023787023396037638
google_robot_move_near__seed099__step040,move_near,99,exploration,2,-0.09872425743955422,-0.06728624498883082,0.08589564914435506,0.09554589109773225,0.40145235393391193,-0.19427014853728647,-0.031438012450723404,-0.18461990658390928,-0.19427014853728647
google_robot_move_near__seed099__step040,move_near,99,exploration,3,0.25071946717959737,0.07677900500290523,0.25071946717959737,0.09554589109773225,0.9596440184828825,0.1551735760818651,0.17394046217669212,0.0,0.0
google_robot_move_near__seed099__step040,move_near,99,exploration,4,0.26221285454333254,0.05876321305454805,0.26221285454333254,0.09554589109773225,0.9915779973122385,0.16666696344560028,0.2034496414887845,0.0,0.0
google_robot_move_near__seed099__step040,move_near,99,exploration,5,0.2777723124211176,0.15133452706142006,0.2777723124211176,0.09554589109773225,0.9432005010191347,0.18222642132338535,0.12643778535969755,0.0,0.0
google_robot_move_near__seed099__step040,move_near,99,exploration,6,0.33308284217925826,0.05437902162928528,0.3091582728162742,0.09554589109773225,0.946482189162069,0.237536951081526,0.278703820549973,0.02392456936298404,0.02392456936298404
google_robot_move_near__seed099__step040,move_near,99,exploration,7,0.2603554352528969,-0.04438203828289509,0.25167552634953383,0.09554589109773225,0.7774171475813896,0.16480954415516463,0.304737473535792,0.008679908903363065,0.008679908903363065
google_robot_move_near__seed099__step040,move_near,99,exploration,8,0.17597993813900817,0.11682608581110332,0.3042555223757915,0.09554589109773225,0.87782410712421,0.08043404704127592,0.05915385232790485,-0.12827558423678334,-0.12827558423678334
google_robot_move_near__seed099__step040,move_near,99,exploration,9,0.030368670188718482,0.21914242775487,0.21226151163892024,0.09554589109773225,0.3606544372703569,-0.06517722090901376,-0.18877375756615153,-0.18189284145020176,-0.18877375756615153
google_robot_move_near__seed099__step040,move_near,99,exploration,10,0.1151374205264269,0.014305970914327398,0.30444042654376985,0.09554589109773225,0.5708413156945993,0.01959152942869466,0.10083144961209951,-0.18930300601734296,-0.18930300601734296
google_robot_move_near__seed099__step040,move_near,99,exploration,11,0.23485023119276058,-0.0448893373476486,0.15330042162793286,0.09554589109773225,0.9312711088100546,0.13930434009502835,0.27973956854040916,0.08154980956482771,0.08154980956482771
google_robot_move_near__seed099__step040,move_near,99,exploration,12,0.17020677415742302,-0.1491112190498063,0.0354428342050157,0.09554589109773225,0.6581059827998128,0.07466088305969078,0.3193179932072293,0.13476393995240732,0.07466088305969078
google_robot_move_near__seed099__step040,move_near,99,exploration,13,0.04664589057950802,-0.016293278497284614,-0.005618280001572422,0.09554589109773225,0.45451029148906663,-0.048900000518224226,0.06293916907679263,0.05226417058108044,-0.048900000518224226
google_robot_move_near__seed099__step040,move_near,99,exploration,14,0.1573277484080339,-0.02595315105349923,0.04418977677581801,0.09554589109773225,0.6601059986356851,0.061781857310301655,0.18328089946153314,0.1131379716322159,0.061781857310301655
google_robot_move_near__seed099__step040,move_near,99,exploration,15,0.11038199379751622,-0.1305061344178524,0.1977645710135615,0.09554589109773225,0.44238969732385147,0.01483610269978397,0.2408881282153686,-0.0873825772160453,-0.0873825772160453
google_robot_move_near__seed099__step040,move_near,99,exploration,16,0.08864005518610496,0.029404281582740815,0.0452580454403608,0.09554589109773225,0.48824176723354207,-0.006905835911627287,0.05923577360336414,0.04338200974574416,-0.006905835911627287
google_robot_move_near__seed099__step040,move_near,99,exploration,17,0.03699352708793562,0.015608737563877253,-0.09406174770923094,0.09554589109773225,0.49155007781531224,-0.058552364009796624,0.021384789524058367,0.13105527479716655,-0.058552364009796624
google_robot_move_near__seed099__step040,move_near,99,exploration,18,0.11902783997536086,0.16872081289955576,0.014237806652063404,0.09554589109773225,0.5219912663238785,0.02348194887762861,-0.0496929729241949,0.10479003332329745,-0.0496929729241949
google_robot_move_near__seed099__step040,move_near,99,exploration,19,-0.0647397199969406,0.029395208540359544,-0.028980766317325508,0.09554589109773225,0.6698242472226775,-0.16028561109467285,-0.09413492853730014,-0.035758953679615096,-0.16028561109467285
google_robot_move_near__seed099__step040,move_near,99,exploration,20,-0.044279634172602444,0.1447737619646525,0.2884367605151584,0.09554589109773225,0.6292048582727088,-0.1398255252703347,-0.18905339613725494,-0.3327163946877608,-0.3327163946877608
google_robot_move_near__seed099__step040,move_near,99,exploration,21,-0.047258502999049,0.12466913717610885,0.1007398808732124,0.09554589109773225,0.4128247757577363,-0.14280439409678125,-0.17192764017515785,-0.14799838387226139,-0.17192764017515785
google_robot_move_near__seed099__step040,move_near,99,exploration,22,0.10199026627051166,0.1508661309660599,0.1073793056120379,0.09554589109773225,0.5032096876628429,0.006444375172779418,-0.04887586469554825,-0.005389039341526236,-0.04887586469554825
google_robot_move_near__seed099__step040,move_near,99,exploration,23,0.18351539899334188,-0.08056105076913163,0.18351539899334188,0.09554589109773225,0.8124843804435312,0.08796950789560963,0.2640764497624735,0.0,0.0
google_robot_move_near__seed099__step040,move_near,99,exploration,24,0.10118378179274794,0.08668754181714378,0.06605356251729266,0.09554589109773225,0.8695354112353277,0.00563789069501569,0.014496239975604161,0.035130219275455274,0.00563789069501569
google_robot_move_near__seed099__step040,move_near,99,exploration,25,0.10689606982159218,-0.1026097205433291,0.2598960388829357,0.09554589109773225,0.5631737606716122,0.011350178723859933,0.20950579036492128,-0.15299996906134355,-0.15299996906134355
google_robot_move_near__seed099__step040,move_near,99,exploration,26,0.10689606982159218,-0.011015240885853872,0.26150615651198045,0.09554589109773225,0.5631737606716122,0.011350178723859933,0.11791131070744605,-0.15461008669038828,-0.15461008669038828
google_robot_move_near__seed099__step040,move_near,99,exploration,27,0.22960252644519516,-0.03717870632947028,0.06605356251729266,0.09554589109773225,0.8284262467899208,0.13405663534746293,0.2667812327746654,0.1635489639279025,0.13405663534746293
google_robot_move_near__seed099__step040,move_near,99,exploration,28,0.20146613304372593,0.11940738985717776,0.20146613304372593,0.09554589109773225,0.5738347491446568,0.10592024194599368,0.08205874318654817,0.0,0.0
google_robot_move_near__seed099__step040,move_near,99,exploration,29,0.18602287411698926,0.0007385299493853151,0.18602287411698926,0.09554589109773225,0.5685150817962941,0.09047698301925701,0.18528434416760395,0.0,0.0
google_robot_move_near__seed099__step040,move_near,99,exploration,30,-0.030457527643652504,0.09620390221022689,-0.030457527643652504,0.09554589109773225,0.5581979746035513,-0.12600341874138477,-0.1266614298538794,0.0,-0.1266614298538794
google_robot_move_near__seed099__step040,move_near,99,exploration,31,-0.08712256010280561,0.07456971929661407,-0.08712256010280561,0.09554589109773225,0.7055908894065006,-0.18266845120053787,-0.16169227939941969,0.0,-0.18266845120053787
google_robot_move_near__seed099__step071,move_near,99,exploration,0,0.2765299889362103,-0.006031324139876393,0.2765299889362103,-0.1605734916241356,1.0883643580264186,0.43710348056034587,0.2825613130760867,0.0,0.0
google_robot_move_near__seed099__step071,move_near,99,exploration,1,0.33880661588979893,-0.07124091246934089,0.3365107746911302,-0.1605734916241356,1.0913184378533598,0.4993801075139345,0.4100475283591398,0.0022958411986687133,0.0022958411986687133
google_robot_move_near__seed099__step071,move_near,99,exploration,2,0.2597929296372976,-0.060996394062028725,0.2597929296372976,-0.1605734916241356,1.143923631426603,0.4203664212614332,0.32078932369932633,0.0,0.0
google_robot_move_near__seed099__step071,move_near,99,exploration,3,0.29303018354947546,-0.057482753103935115,0.29303018354947546,-0.1605734916241356,1.1173424884437928,0.45360367517361105,0.3505129366534106,0.0,0.0
google_robot_move_near__seed099__step071,move_near,99,exploration,4,0.3047476588895223,-0.03109173965303541,0.3034548568270397,-0.1605734916241356,1.1513533671935183,0.4653211505136579,0.33583939854255773,0.001292802062482612,0.001292802062482612
google_robot_move_near__seed099__step071,move_near,99,exploration,5,0.2253182804531659,0.00980306090437579,0.22567104774918487,-0.1605734916241356,1.202457321365243,0.3858917720773015,0.2155152195487901,-0.00035276729601896317,-0.00035276729601896317
google_robot_move_near__seed099__step071,move_near,99,exploration,6,0.21007969279627078,0.14732584339229496,0.22282596992195824,-0.1605734916241356,1.1826417677428254,0.3706531844204064,0.06275384940397583,-0.01274627712568746,-0.01274627712568746
google_robot_move_near__seed099__step071,move_near,99,exploration,7,0.22040038553190108,0.06260299149390992,0.23631905982161813,-0.1605734916241356,1.1657101138855044,0.3809738771560367,0.15779739403799115,-0.01591867428971705,-0.01591867428971705
google_robot_move_near__seed099__step071,move_near,99,exploration,8,0.1211814493118351,0.04487839446536454,0.1395704518054172,-0.1605734916241356,1.2291163400483707,0.2817549409359707,0.07630305484647056,-0.018389002493582093,-0.018389002493582093
google_robot_move_near__seed099__step071,move_near,99,exploration,9,0.13456644515733623,-0.03770379095630416,0.1240260947770581,-0.1605734916241356,1.3898436483613161,0.2951399367814718,0.1722702361136404,0.010540350380278132,0.010540350380278132
google_robot_move_near__seed099__step071,move_near,99,exploration,10,0.34713410233305225,-0.0026940873286056912,0.24141733894365877,-0.1605734916241356,1.161633056246109,0.5077075939571878,0.34982818966165796,0.10571676338939348,0.10571676338939348
google_robot_move_near__seed099__step071,move_near,99,exploration,11,0.17659151508125503,-0.010006917425229597,0.1952332551159617,-0.1605734916241356,1.1947714925159236,0.3371650067053906,0.18659843250648464,-0.018641740034706672,-0.018641740034706672
google_robot_move_near__seed099__step071,move_near,99,exploration,12,0.15175479375033396,0.11592281767843408,0.15175479375033396,-0.1605734916241356,1.3403480598114463,0.31232828537446955,0.035831976071899876,0.0,0.0
google_robot_move_near__seed099__step071,move_near,99,exploration,13,0.24887974096147977,-0.008308822835002394,0.2583792505509236,-0.1605734916241356,1.2522547083589706,0.4094532325856154,0.25718856379648214,-0.009499509589443816,-0.009499509589443816
google_robot_move_near__seed099__step071,move_near,99,exploration,14,0.18849449797789833,0.02232615870451902,0.3090707162590433,-0.1605734916241356,1.2761838298706412,0.3490679896020339,0.16616833927337932,-0.12057621828114498,-0.12057621828114498
google_robot_move_near__seed099__step071,move_near,99,exploration,15,0.24830570922786363,-0.07656774045460056,0.20651440111470762,-0.1605734916241356,1.220426553421359,0.40887920085199925,0.3248734496824642,0.04179130811315601,0.04179130811315601
google_robot_move_near__seed099__step071,move_near,99,exploration,16,0.24059382921457137,0.07867901711242191,0.21216737721558507,-0.1605734916241356,1.2255678009323023,0.401167320838707,0.16191481210214947,0.028426451998986302,0.028426451998986302
google_robot_move_near__seed099__step071,move_near,99,exploration,17,0.2048883335131458,-0.04905648836927288,0.22576329512585017,-0.1605734916241356,1.1066050072186187,0.3654618251372814,0.2539448218824187,-0.020874961612704357,-0.020874961612704357
google_robot_move_near__seed099__step071,move_near,99,exploration,18,0.2738001387864591,-0.026757399903764707,0.2472768900127337,-0.1605734916241356,1.1111731567452483,0.4343736304105947,0.3005575386902238,0.02652324877372539,0.02652324877372539
google_robot_move_near__seed099__step071,move_near,99,exploration,19,0.21414077814797552,0.04283724629411998,0.22782532675123132,-0.1605734916241356,1.0807561618655637,0.3747142697721111,0.17130353185385555,-0.013684548603255797,-0.013684548603255797
google_robot_move_near__seed099__step071,move_near,99,exploration,20,0.18829830428132646,0.16358889056803536,0.2146920425134664,-0.1605734916241356,0.9548531813508051,0.348871795905462,0.024709413713291106,-0.026393738232139946,-0.026393738232139946
google_robot_move_near__seed099__step071,move_near,99,exploration,21,0.32870608181453836,-0.04296736422120356,0.2302542538209851,-0.1605734916241356,1.0274626278403778,0.48927957343867395,0.37167344603574193,0.09845182799355326,0.09845182799355326
google_robot_move_near__seed099__step071,move_near,99,exploration,22,0.2302542538209851,-0.07394365547855791,0.2302542538209851,-0.1605734916241356,0.9531473617299521,0.39082774544512067,0.30419790929954305,0.0,0.0
google_robot_move_near__seed099__step071,move_near,99,exploration,23,0.2265210215861415,-0.03827354683700315,0.2265210215861415,-0.1605734916241356,0.9501991766915573,0.3870945132102771,0.26479456842314464,0.0,0.0
google_robot_move_near__seed099__step071,move_near,99,exploration,24,0.271619794553076,-0.050745408801937876,0.23182436471856427,-0.1605734916241356,1.0597300146445587,0.4321932861772116,0.3223652033550139,0.03979542983451173,0.03979542983451173
google_robot_move_near__seed099__step071,move_near,99,exploration,25,0.2280451719090398,-0.14881734130290558,0.2316567274516735,-0.1605734916241356,0.9620190415738918,0.3886186635331754,0.3768625132119454,-0.0036115555426337043,-0.0036115555426337043
google_robot_move_near__seed099__step071,move_near,99,exploration,26,0.19753110851464742,0.031277943646605966,0.20610929395656827,-0.1605734916241356,0.971788074851739,0.358104600138783,0.16625316486804145,-0.00857818544192085,-0.00857818544192085
google_robot_move_near__seed099__step071,move_near,99,exploration,27,0.2118541000151434,0.05034311753231122,0.2118541000151434,-0.1605734916241356,0.9336011673412692,0.37242759163927897,0.1615109824828322,0.0,0.0
google_robot_move_near__seed099__step071,move_near,99,exploration,28,0.15886909675191835,0.13172402355994,0.23829380380844487,-0.1605734916241356,0.9599601656322756,0.31944258837605394,0.02714507319197834,-0.07942470705652652,-0.07942470705652652
google_robot_move_near__seed099__step071,move_near,99,exploration,29,0.23692370981706948,0.07217909542425252,0.12956356547738065,-0.1605734916241356,0.9254146591506355,0.39749720144120504,0.16474461439281696,0.10736014433968882,0.10736014433968882
google_robot_move_near__seed099__step071,move_near,99,exploration,30,0.1608405350693995,-0.016809520237807258,0.21564101937850624,-0.1605734916241356,1.0093026009179835,0.3214140266935351,0.17765005530720676,-0.05480048430910675,-0.05480048430910675
google_robot_move_near__seed099__step071,move_near,99,exploration,31,0.13149432164472183,-0.04893625695354408,0.13149432164472183,-0.1605734916241356,1.0298356958791683,0.29206781326885745,0.18043057859826592,0.0,0.0
google_robot_open_drawer__seed000__step011,open_drawer,0,validation,0,0.15744679393042232,0.12048405855422771,0.15744679393042232,0.14986725825057498,1.3251014762490807,0.0075795356798473434,0.036962735376194614,0.0,0.0
google_robot_open_drawer__seed000__step011,open_drawer,0,validation,1,0.18916785669474048,0.13539407007261883,0.18916785669474048,0.14986725825057498,1.2675121629551513,0.0393005984441655,0.05377378662212165,0.0,0.0
google_robot_open_drawer__seed000__step011,open_drawer,0,validation,2,0.1462398870319742,0.21349602730173844,0.1462398870319742,0.14986725825057498,1.2809768346546295,-0.0036273712186007945,-0.06725614026976426,0.0,-0.06725614026976426
google_robot_open_drawer__seed000__step011,open_drawer,0,validation,3,0.18862217568882747,0.2784889639640788,0.19415211906868626,0.14986725825057498,1.2886918847899436,0.03875491743825249,-0.08986678827525132,-0.005529943379858793,-0.08986678827525132
google_robot_open_drawer__seed000__step011,open_drawer,0,validation,4,0.15513996671595523,0.16916719404060077,0.15410862967839797,0.14986725825057498,1.2396959999600752,0.005272708465380249,-0.014027227324645536,0.0010313370375572561,-0.014027227324645536
google_robot_open_drawer__seed000__step011,open_drawer,0,validation,5,0.2276548444660221,-0.05433694491299062,0.24598426586704591,0.14986725825057498,1.1938402309408174,0.07778758621544712,0.2819917893790127,-0.01832942140102381,-0.01832942140102381
google_robot_open_drawer__seed000__step011,open_drawer,0,validation,6,0.17628814550137228,0.03982757211661729,0.14383938032336052,0.14986725825057498,1.2490845340620849,0.026420887250797304,0.13646057338475498,0.03244876517801176,0.026420887250797304
google_robot_open_drawer__seed000__step011,open_drawer,0,validation,7,0.18602776164239132,0.0005278544436767441,0.1464446228957087,0.14986725825057498,1.2139049435377647,0.03616050339181634,0.18549990719871456,0.03958313874668262,0.03616050339181634
google_robot_open_drawer__seed000__step011,open_drawer,0,validation,8,0.20520090967402435,0.14540545736498842,0.18084450867750626,0.14986725825057498,1.2837801493696548,0.05533365142344937,0.059795452309035935,0.02435640099651809,0.02435640099651809
google_robot_open_drawer__seed000__step011,open_drawer,0,validation,9,0.18558607123683216,-0.03258290102264761,0.2693615233435517,0.14986725825057498,1.2878896807611775,0.035718812986257176,0.21816897225947976,-0.08377545210671952,-0.08377545210671952
google_robot_open_drawer__seed000__step011,open_drawer,0,validation,10,0.18588145997870595,0.03904732704692019,0.17769825253790497,0.14986725825057498,1.2878744249978853,0.03601420172813097,0.14683413293178577,0.008183207440800977,0.008183207440800977
google_robot_open_drawer__seed000__step011,open_drawer,0,validation,11,0.1864697174197882,0.10613677440826225,0.23132422865477484,0.14986725825057498,1.270629053019164,0.03660245916921323,0.08033294301152596,-0.04485451123498663,-0.04485451123498663
google_robot_open_drawer__seed000__step011,open_drawer,0,validation,12,0.20358994247831796,0.19228591055636535,0.15008223465706153,0.14986725825057498,1.288579540384392,0.053722684227742984,0.011304031921952618,0.05350770782125644,0.011304031921952618
google_robot_open_drawer__seed000__step011,open_drawer,0,validation,13,0.20758599162818447,0.1598426465272966,0.12123520739463199,0.14986725825057498,1.2733360282976829,0.057718733377609494,0.047743345100887874,0.08635078423355248,0.047743345100887874
google_robot_open_drawer__seed000__step011,open_drawer,0,validation,14,0.17208618422046093,0.1298980195426854,0.20488597920686843,0.14986725825057498,1.3076334320312035,0.02221892596988595,0.04218816467777553,-0.032799794986407504,-0.032799794986407504
google_robot_open_drawer__seed000__step011,open_drawer,0,validation,15,0.17554820298038434,0.11941470625599376,0.1915001255324288,0.14986725825057498,1.2442365781253308,0.025680944729809363,0.05613349672439058,-0.015951922552044445,-0.015951922552044445
google_robot_open_drawer__seed000__step011,open_drawer,0,validation,16,0.23065899909321486,0.2080509917081054,0.2126253489810841,0.14986725825057498,1.186847062539246,0.08079174084263988,0.022608007385109458,0.01803365011213076,0.01803365011213076
google_robot_open_drawer__seed000__step011,open_drawer,0,validation,17,0.1988449659831796,0.29028721484630565,0.19457326051934776,0.14986725825057498,1.1205341212837125,0.048977707732604625,-0.09144224886312605,0.004271705463831849,-0.09144224886312605
google_robot_open_drawer__seed000__step011,open_drawer,0,validation,18,0.2026693953964678,0.22954292468719806,0.2026693953964678,0.14986725825057498,1.1312718896506775,0.052802137145892825,-0.026873529290730253,0.0,-0.026873529290730253
google_robot_open_drawer__seed000__step011,open_drawer,0,validation,19,0.2500306016020805,0.16046016224541507,0.19921264574430583,0.14986725825057498,1.0419543760969299,0.10016334335150553,0.08957043935666545,0.05081795585777468,0.05081795585777468
google_robot_open_drawer__seed000__step011,open_drawer,0,validation,20,0.10855056329918918,0.24869363889071794,0.13865461911426083,0.14986725825057498,0.7846384776457458,-0.041316694951385805,-0.14014307559152878,-0.030104055815071654,-0.14014307559152878
google_robot_open_drawer__seed000__step011,open_drawer,0,validation,21,0.15485291326497866,0.15768113296390832,0.16111737285726854,0.14986725825057498,0.7607172847396313,0.004985655014403678,-0.002828219698929657,-0.006264459592289884,-0.006264459592289884
google_robot_open_drawer__seed000__step011,open_drawer,0,validation,22,0.14538883190439236,0.3261197255105735,0.1286663794219671,0.14986725825057498,0.7958406045848896,-0.004478426346182618,-0.18073089360618114,0.016722452482425265,-0.18073089360618114
google_robot_open_drawer__seed000__step011,open_drawer,0,validation,23,0.20439488562769811,0.22001616062979082,0.20439488562769811,0.14986725825057498,0.8110900494176863,0.05452762737712313,-0.015621275002092705,0.0,-0.015621275002092705
google_robot_open_drawer__seed000__step011,open_drawer,0,validation,24,0.11504329999470923,0.29303203613447587,0.08846461387227249,0.14986725825057498,0.7093495393339415,-0.03482395825586575,-0.17798873613976662,0.026578686122436745,-0.17798873613976662
google_robot_open_drawer__seed000__step011,open_drawer,0,validation,25,0.013491548738475792,0.22595752213540365,0.07243173606715643,0.14986725825057498,0.7656270116909886,-0.13637570951209918,-0.21246597339692785,-0.058940187328680636,-0.21246597339692785
google_robot_open_drawer__seed000__step011,open_drawer,0,validation,26,0.03164876587582654,0.2726996987633995,0.03164876587582654,0.14986725825057498,0.7283306634878235,-0.11821849237474844,-0.24105093288757296,0.0,-0.24105093288757296
google_robot_open_drawer__seed000__step011,open_drawer,0,validation,27,0.02046924604990027,0.24478245504176102,0.06640061951186066,0.14986725825057498,0.7876958961901457,-0.1293980122006747,-0.22431320899186075,-0.045931373461960384,-0.22431320899186075
google_robot_open_drawer__seed000__step011,open_drawer,0,validation,28,0.0529306041736786,0.25644567446691247,0.05645839975095072,0.14986725825057498,0.797158019791134,-0.09693665407689639,-0.20351507029323387,-0.0035277955772721192,-0.20351507029323387
google_robot_open_drawer__seed000__step011,open_drawer,0,validation,29,0.08463631680793669,0.2258207244268892,0.060002049743138185,0.14986725825057498,0.7265196693174897,-0.06523094144263829,-0.1411844076189525,0.024634267064798508,-0.1411844076189525
google_robot_open_drawer__seed000__step011,open_drawer,0,validation,30,0.03867999797527904,0.17109174077631997,0.03494744242225092,0.14986725825057498,0.7290711937831785,-0.11118726027529593,-0.13241174280104093,0.003732555553028122,-0.13241174280104093
google_robot_open_drawer__seed000__step011,open_drawer,0,validation,31,0.08837119048991587,0.20500828838200294,0.10364575195858283,0.14986725825057498,0.7321490890024699,-0.06149606776065911,-0.11663709789208707,-0.015274561468666958,-0.11663709789208707
google_robot_open_drawer__seed000__step056,open_drawer,0,validation,0,0.19780698200522917,0.14264813268855223,0.19780698200522917,0.07093374015295409,2.198209975946369,0.12687324185227508,0.055158849316676944,0.0,0.0
google_robot_open_drawer__seed000__step056,open_drawer,0,validation,1,0.16496667967453635,0.10434254657102138,0.16496667967453635,0.07093374015295409,2.5565466930579994,0.09403293952158226,0.06062413310351497,0.0,0.0
google_robot_open_drawer__seed000__step056,open_drawer,0,validation,2,0.1330830965346288,0.035445515242625784,0.13609800037823566,0.07093374015295409,2.4002150329600433,0.06214935638167471,0.097637581292003,-0.0030149038436068643,-0.0030149038436068643
google_robot_open_drawer__seed000__step056,open_drawer,0,validation,3,0.17046991923780194,-0.04091824050059534,0.11685143449152931,0.07093374015295409,2.5562079738768375,0.09953617908484785,0.21138815973839728,0.053618484746272635,0.053618484746272635
google_robot_open_drawer__seed000__step056,open_drawer,0,validation,4,0.030733420708848002,-0.025695301149831512,0.016598558779147007,0.07093374015295409,2.294906090688613,-0.040200319444106083,0.05642872185867952,0.014134861929700995,-0.040200319444106083
google_robot_open_drawer__seed000__step056,open_drawer,0,validation,5,0.18431729184778844,-0.02331617692630389,0.21561040562751732,0.07093374015295409,2.210340264246952,0.11338355169483436,0.20763346877409233,-0.031293113779728876,-0.031293113779728876
google_robot_open_drawer__seed000__step056,open_drawer,0,validation,6,0.24673002531414281,0.011771421833931803,0.25366314217037506,0.07093374015295409,2.361710249799756,0.17579628516118873,0.23495860348021103,-0.006933116856232241,-0.006933116856232241
google_robot_open_drawer__seed000__step056,open_drawer,0,validation,7,0.2505466526588108,-0.03409088782841751,0.250795766180088,0.07093374015295409,2.2000833484103284,0.17961291250585673,0.28463754048722834,-0.0002491135212771556,-0.0002491135212771556
google_robot_open_drawer__seed000__step056,open_drawer,0,validation,8,0.2921529931522426,-0.04132708784208613,0.3223405153372832,0.07093374015295409,2.370409520360365,0.2212192529992885,0.3334800809943287,-0.030187522185040616,-0.030187522185040616
google_robot_open_drawer__seed000__step056,open_drawer,0,validation,9,0.22006178072271546,0.07609881840167848,0.25532947878044393,0.07093374015295409,2.1028527332736897,0.14912804056976137,0.14396296232103697,-0.035267698057728475,-0.035267698057728475
google_robot_open_drawer__seed000__step056,open_drawer,0,validation,10,0.2432816780986621,-0.02037990534770211,0.27658370538834065,0.07093374015295409,2.31520786534187,0.17234793794570802,0.2636615834463642,-0.03330202728967854,-0.03330202728967854
google_robot_open_drawer__seed000__step056,open_drawer,0,validation,11,0.2593837857020033,0.24353087079630442,0.2741362905249589,0.07093374015295409,2.1869882816327983,0.18845004554904923,0.0158529149056989,-0.014752504822955592,-0.014752504822955592
google_robot_open_drawer__seed000__step056,open_drawer,0,validation,12,0.19779777838973747,0.10422959033827593,0.25543764988107415,0.07093374015295409,2.2386917137645517,0.12686403823678338,0.09356818805146154,-0.057639871491336675,-0.057639871491336675
google_robot_open_drawer__seed000__step056,open_drawer,0,validation,13,0.26551434617787195,0.1359431372753615,0.2670677867775411,0.07093374015295409,2.159648389027881,0.19458060602491786,0.12957120890251045,-0.0015534405996691647,-0.0015534405996691647
google_robot_open_drawer__seed000__step056,open_drawer,0,validation,14,0.21242151713912136,0.14212811284014373,0.2746310323416278,0.07093374015295409,2.2597807707808046,0.14148777698616727,0.07029340429897762,-0.06220951520250642,-0.06220951520250642
google_robot_open_drawer__seed000__step056,open_drawer,0,validation,15,0.2796247474179077,0.20820259213689987,0.2796247474179077,0.07093374015295409,2.5136286930626035,0.20869100726495363,0.07142215528100784,0.0,0.0
google_robot_open_drawer__seed000__step056,open_drawer,0,validation,16,0.29333899551181736,0.03463992744826292,0.2617822341966294,0.07093374015295409,2.4186647353919266,0.22240525535886327,0.2586990680635544,0.031556761315187976,0.031556761315187976
google_robot_open_drawer__seed000__step056,open_drawer,0,validation,17,0.2239452945919466,0.08535583451429037,0.2169241351369954,0.07093374015295409,2.0995611334159867,0.1530115544389925,0.1385894600776562,0.007021159454951187,0.007021159454951187
google_robot_open_drawer__seed000__step056,open_drawer,0,validation,18,0.22159970075680993,-0.05630428040123852,0.18654092211685033,0.07093374015295409,2.150776185756351,0.15066596060385584,0.27790398115804843,0.0350587786399596,0.0350587786399596
google_robot_open_drawer__seed000__step056,open_drawer,0,validation,19,0.24747984166548784,-0.05773959706726456,0.20188644297140587,0.07093374015295409,2.2183480284658743,0.17654610151253375,0.30521943873275237,0.045593398694081966,0.045593398694081966
google_robot_open_drawer__seed000__step056,open_drawer,0,validation,20,0.2540946091187692,0.09757299355709537,0.24300700518582408,0.07093374015295409,2.0341424116939057,0.1831608689658151,0.15652161556167382,0.011087603932945111,0.011087603932945111
google_robot_open_drawer__seed000__step056,open_drawer,0,validation,21,0.22144723123836121,0.08363258812159095,0.22144723123836121,0.07093374015295409,1.957838875823403,0.15051349108540713,0.13781464311677027,0.0,0.0
google_robot_open_drawer__seed000__step056,open_drawer,0,validation,22,0.22063676679757438,0.11893228014555211,0.24041886450688868,0.07093374015295409,1.9380829248159863,0.1497030266446203,0.10170448665202227,-0.0197820977093143,-0.0197820977093143
google_robot_open_drawer__seed000__step056,open_drawer,0,validation,23,0.22510053460634627,0.0503078676233187,0.22510053460634627,0.07093374015295409,1.9163508906909974,0.15416679445339218,0.17479266698302756,0.0,0.0
google_robot_open_drawer__seed000__step056,open_drawer,0,validation,24,0.24286904201332046,0.020906732810158424,0.23647655546319854,0.07093374015295409,1.8959031518822884,0.17193530186036637,0.22196230920316204,0.006392486550121923,0.006392486550121923
google_robot_open_drawer__seed000__step056,open_drawer,0,validation,25,0.25164821543535904,0.038003620379140755,0.25164821543535904,0.07093374015295409,2.058714447024874,0.18071447528240495,0.21364459505621827,0.0,0.0
google_robot_open_drawer__seed000__step056,open_drawer,0,validation,26,0.2290626069431724,0.022088332975945677,0.24310767177671214,0.07093374015295409,1.9938395466675796,0.15812886679021831,0.20697427396722673,-0.014045064833539733,-0.014045064833539733
google_robot_open_drawer__seed000__step056,open_drawer,0,validation,27,0.24310767177671214,0.14216668940800853,0.2033147711618137,0.07093374015295409,1.9003854722600262,0.17217393162375805,0.10094098236870361,0.03979290061489843,0.03979290061489843
google_robot_open_drawer__seed000__step056,open_drawer,0,validation,28,0.2550453547654159,0.1928106286568163,0.2550453547654159,0.07093374015295409,2.125607147215705,0.1841116146124618,0.06223472610859959,0.0,0.0
google_robot_open_drawer__seed000__step056,open_drawer,0,validation,29,0.19666633115545132,0.14788157742676378,0.24050260528513476,0.07093374015295409,1.933223563840076,0.12573259100249723,0.04878475372868754,-0.04383627412968344,-0.04383627412968344
google_robot_open_drawer__seed000__step056,open_drawer,0,validation,30,0.22126696344723143,-0.06953205737963081,0.2086505845997837,0.07093374015295409,1.7974181339185717,0.15033322329427734,0.29079902082686226,0.012616378847447735,0.012616378847447735
google_robot_open_drawer__seed000__step056,open_drawer,0,validation,31,0.18458861538814353,0.0805071867972534,0.20278190418293432,0.07093374015295409,1.7604882284462047,0.11365487523518944,0.10408142859089013,-0.01819328879479079,-0.01819328879479079
google_robot_open_drawer__seed000__step101,open_drawer,0,validation,0,0.24730077663503922,-0.04770480362062812,0.24730077663503922,-0.19864075997042333,1.1954866653292524,0.44594153660546254,0.29500558025566737,0.0,0.0
google_robot_open_drawer__seed000__step101,open_drawer,0,validation,1,0.5485508819896446,-0.1626912363195133,0.529535900978093,-0.19864075997042333,1.1716889508782793,0.7471916419600679,0.711242118309158,0.019014981011551635,0.019014981011551635
google_robot_open_drawer__seed000__step101,open_drawer,0,validation,2,0.36412465941437616,0.17240585641154293,0.36412465941437616,-0.19864075997042333,1.2966209949478167,0.5627654193847995,0.19171880300283323,0.0,0.0
google_robot_open_drawer__seed000__step101,open_drawer,0,validation,3,0.11763262449925997,0.0032559878009776424,0.08277137075440703,-0.19864075997042333,1.2741288533553572,0.3162733844696833,0.11437663669828232,0.03486125374485294,0.03486125374485294
google_robot_open_drawer__seed000__step101,open_drawer,0,validation,4,0.5332357921839016,0.1296983783704672,0.4719449341002271,-0.19864075997042333,1.421076784943556,0.7318765521543249,0.40353741381343444,0.061290858083674515,0.061290858083674515
google_robot_open_drawer__seed000__step101,open_drawer,0,validation,5,0.4649565014620758,0.07684729271445799,0.46771783664494676,-0.19864075997042333,1.5088208980793052,0.6635972614324991,0.3881092087476178,-0.002761335182870972,-0.002761335182870972
google_robot_open_drawer__seed000__step101,open_drawer,0,validation,6,0.25047225206811735,0.05895763098329842,0.35128242033775453,-0.19864075997042333,0.9473393705704286,0.4491130120385407,0.19151462108481893,-0.10081016826963718,-0.10081016826963718
google_robot_open_drawer__seed000__step101,open_drawer,0,validation,7,0.5743334641746586,-0.36353358509329864,0.5447588738470687,-0.19864075997042333,1.4225108342475699,0.7729742241450819,0.9378670492679573,0.02957459032758991,0.02957459032758991
google_robot_open_drawer__seed000__step101,open_drawer,0,validation,8,0.748379226885926,0.13761094985817307,0.49840261714980977,-0.19864075997042333,1.7368289091168307,0.9470199868563492,0.6107682770277529,0.24997660973611618,0.24997660973611618
google_robot_open_drawer__seed000__step101,open_drawer,0,validation,9,0.4065244684104768,0.20852554266751389,0.6007069900599853,-0.19864075997042333,1.251476807522325,0.6051652283809001,0.1979989257429629,-0.1941825216495085,-0.1941825216495085
google_robot_open_drawer__seed000__step101,open_drawer,0,validation,10,0.6641415970599424,0.056137952962501236,0.6640014054486,-0.19864075997042333,1.6526382425971464,0.8627823570303657,0.6080036440974411,0.00014019161134237734,0.00014019161134237734
google_robot_open_drawer__seed000__step101,open_drawer,0,validation,11,0.6784897788665472,0.15930224078176644,0.5615116606097432,-0.19864075997042333,1.5309405699937093,0.8771305388369705,0.5191875380847807,0.11697811825680393,0.11697811825680393
google_robot_open_drawer__seed000__step101,open_drawer,0,validation,12,0.3393120084035586,-0.058850002333933,0.38945883732491476,-0.19864075997042333,1.0806554260871508,0.5379527683739819,0.3981620107374916,-0.05014682892135619,-0.05014682892135619
google_robot_open_drawer__seed000__step101,open_drawer,0,validation,13,0.42708287666568273,0.3499511397773172,0.48015918049279094,-0.19864075997042333,1.7614025001726707,0.6257236366361061,0.07713173688836555,-0.05307630382710821,-0.05307630382710821
google_robot_open_drawer__seed000__step101,open_drawer,0,validation,14,0.6378384079059848,0.39750411429353044,0.6308993841595179,-0.19864075997042333,1.7609589515922464,0.8364791678764081,0.24033429361245434,0.006939023746466932,0.006939023746466932
google_robot_open_drawer__seed000__step101,open_drawer,0,validation,15,0.39026356956689073,0.24409760430078045,0.4791394466227736,-0.19864075997042333,1.696486889621677,0.5889043295373141,0.14616596526611028,-0.08887587705588285,-0.08887587705588285
google_robot_open_drawer__seed000__step101,open_drawer,0,validation,16,0.30779295592486905,0.17350940544953264,0.33948669787920394,-0.19864075997042333,1.0511153918516218,0.5064337158952924,0.1342835504753364,-0.031693741954334886,-0.031693741954334886
google_robot_open_drawer__seed000__step101,open_drawer,0,validation,17,0.3807433101831155,0.08352625196661843,0.34349672942263165,-0.19864075997042333,0.9157617412690732,0.5793840701535389,0.2972170582164971,0.03724658076048387,0.03724658076048387
google_robot_open_drawer__seed000__step101,open_drawer,0,validation,18,0.18948775562368256,-0.2071200662389804,0.42289741731363767,-0.19864075997042333,1.0198841524211746,0.3881285155941059,0.39660782186266297,-0.2334096616899551,-0.2334096616899551
google_robot_open_drawer__seed000__step101,open_drawer,0,validation,19,0.34528490642218695,-0.31017902227366334,0.19960672269327892,-0.19864075997042333,0.9265622589157534,0.5439256663926103,0.6554639286958504,0.14567818372890803,0.14567818372890803
google_robot_open_drawer__seed000__step101,open_drawer,0,validation,20,0.35769761634544195,-0.38547090290144354,0.18490496258589842,-0.19864075997042333,1.198693271038756,0.5563383763158652,0.7431685192468855,0.17279265375954353,0.17279265375954353
google_robot_open_drawer__seed000__step101,open_drawer,0,validation,21,0.4171941253528082,-0.028349851643007008,0.39490114801466175,-0.19864075997042333,0.9492538383464769,0.6158348853232315,0.4455439769958152,0.022292977338146447,0.022292977338146447
google_robot_open_drawer__seed000__step101,open_drawer,0,validation,22,0.30352701439018737,-0.4887925070114965,0.3197058903677802,-0.19864075997042333,0.7914453730189768,0.5021677743606107,0.7923195214016838,-0.01617887597759282,-0.01617887597759282
google_robot_open_drawer__seed000__step101,open_drawer,0,validation,23,0.16167743598713544,-0.07748073775257741,0.34043659808663834,-0.19864075997042333,0.8867250948053687,0.36031819595755876,0.23915817373971285,-0.1787591620995029,-0.1787591620995029
google_robot_open_drawer__seed000__step101,open_drawer,0,validation,24,0.22949793390856163,-0.26576558638865927,0.3510313595694476,-0.19864075997042333,0.8178126503066947,0.42813869387898495,0.49526352029722087,-0.12153342566088596,-0.12153342566088596
google_robot_open_drawer__seed000__step101,open_drawer,0,validation,25,0.2701459606425856,-0.26236900271012004,0.4296254983926761,-0.19864075997042333,0.717102325465625,0.46878672061300897,0.5325149633527057,-0.1594795377500905,-0.1594795377500905
google_robot_open_drawer__seed000__step101,open_drawer,0,validation,26,0.3454444890017916,-0.20047102981811182,0.2679349083107209,-0.19864075997042333,0.6823527408529807,0.5440852489722149,0.5459155188199034,0.07750958069107067,0.07750958069107067
google_robot_open_drawer__seed000__step101,open_drawer,0,validation,27,0.3881714659141288,-0.12180505103489024,0.3128927045818954,-0.19864075997042333,0.9610400076710708,0.5868122258845522,0.509976516949019,0.07527876133223343,0.07527876133223343
google_robot_open_drawer__seed000__step101,open_drawer,0,validation,28,0.25304712588826656,-0.1314555677707413,0.25595182458951965,-0.19864075997042333,0.7598890447352743,0.4516878858586899,0.38450269365900785,-0.0029046987012530945,-0.0029046987012530945
google_robot_open_drawer__seed000__step101,open_drawer,0,validation,29,0.23168773996713998,-0.05337499213962459,0.22484262241451625,-0.19864075997042333,0.640082855743619,0.4303284999375633,0.2850627321067646,0.006845117552623736,0.006845117552623736
google_robot_open_drawer__seed000__step101,open_drawer,0,validation,30,0.23391602832127367,-0.14667266990056688,0.23886519404218834,-0.19864075997042333,0.6591796481248104,0.43255678829169697,0.38058869822184055,-0.004949165720914667,-0.004949165720914667
google_robot_open_drawer__seed000__step101,open_drawer,0,validation,31,0.2978186863540713,0.0060152329743851166,0.2255193734354312,-0.19864075997042333,0.6882616501262045,0.4964594463244947,0.2918034533796862,0.07229931291864014,0.07229931291864014
google_robot_open_drawer__seed001__step011,open_drawer,1,validation,0,0.4451792095915903,0.35349603077861075,0.4451792095915903,0.2395237109097936,1.0626774742122447,0.2056554986817967,0.09168317881297955,0.0,0.0
google_robot_open_drawer__seed001__step011,open_drawer,1,validation,1,0.5313398772404874,0.22503290943232737,0.5313398772404874,0.2395237109097936,1.1659502327813211,0.29181616633069374,0.30630696780816,0.0,0.0
google_robot_open_drawer__seed001__step011,open_drawer,1,validation,2,0.501949214448013,0.043528642432577626,0.4978119084886112,0.2395237109097936,1.1129767573299671,0.26242550353821936,0.45842057201543535,0.004137305959401816,0.004137305959401816
google_robot_open_drawer__seed001__step011,open_drawer,1,validation,3,0.5236065277977453,0.3497944692536885,0.5337282407751859,0.2395237109097936,1.224162096766645,0.2840828168879517,0.1738120585440568,-0.010121712977440578,-0.010121712977440578
google_robot_open_drawer__seed001__step011,open_drawer,1,validation,4,0.44878635210274126,0.2469273782336129,0.5391940244067128,0.2395237109097936,1.1464231279916801,0.20926264119294766,0.20185897386912835,-0.09040767230397156,-0.09040767230397156
google_robot_open_drawer__seed001__step011,open_drawer,1,validation,5,0.39654757817330416,0.1753451712679042,0.4049722702101253,0.2395237109097936,1.2664625806955219,0.15702386726351056,0.22120240690539997,-0.008424692036821113,-0.008424692036821113
google_robot_open_drawer__seed001__step011,open_drawer,1,validation,6,0.4580387081245718,0.13913943056139974,0.44953931627256943,0.2395237109097936,1.2493953375673978,0.2185149972147782,0.31889927756317205,0.00849939185200238,0.00849939185200238
google_robot_open_drawer__seed001__step011,open_drawer,1,validation,7,0.5393109350966937,0.15859326238690233,0.5162019007881054,0.2395237109097936,1.4070416121265472,0.29978722418690007,0.3807176727097914,0.02310903430858835,0.02310903430858835
google_robot_open_drawer__seed001__step011,open_drawer,1,validation,8,0.38492571043323265,0.20366066536491126,0.5002670608686909,0.2395237109097936,1.1896370662876792,0.14540199952343905,0.1812650450683214,-0.11534135043545823,-0.11534135043545823
google_robot_open_drawer__seed001__step011,open_drawer,1,validation,9,0.5057905319122752,0.1798350557211941,0.45390987404611877,0.2395237109097936,1.257132393232356,0.26626682100248156,0.3259554761910811,0.05188065786615642,0.05188065786615642
google_robot_open_drawer__seed001__step011,open_drawer,1,validation,10,0.5155116913378118,0.34078678297268944,0.3797455684157354,0.2395237109097936,1.2657137616477778,0.2759879804280182,0.1747249083651224,0.1357661229220764,0.1357661229220764
google_robot_open_drawer__seed001__step011,open_drawer,1,validation,11,0.44796871590615717,0.30889813445830777,0.40225108631785905,0.2395237109097936,1.3364762951376,0.20844500499636356,0.1390705814478494,0.045717629588298114,0.045717629588298114
google_robot_open_drawer__seed001__step011,open_drawer,1,validation,12,0.392049207120951,0.37847145886521455,0.365975512417306,0.2395237109097936,1.2482664118987907,0.15252549621115738,0.013577748255736433,0.026073694703644956,0.013577748255736433
google_robot_open_drawer__seed001__step011,open_drawer,1,validation,13,0.5071873316635048,0.1414100328319842,0.5166713709971483,0.2395237109097936,1.270128108430833,0.2676636207537112,0.36577729883152066,-0.009484039333643501,-0.009484039333643501
google_robot_open_drawer__seed001__step011,open_drawer,1,validation,14,0.4810230025972957,0.3597570975895889,0.545758643977816,0.2395237109097936,1.2917139532837028,0.2414992916875021,0.12126590500770679,-0.06473564138052035,-0.06473564138052035
google_robot_open_drawer__seed001__step011,open_drawer,1,validation,15,0.47336511131270415,0.252686281488967,0.5236687154652282,0.2395237109097936,1.2535013789137077,0.23384140040291054,0.22067882982373715,-0.05030360415252405,-0.05030360415252405
google_robot_open_drawer__seed001__step011,open_drawer,1,validation,16,0.5269709971909483,0.33515099608187865,0.5245241311922376,0.2395237109097936,1.2643682962478013,0.2874472862811547,0.19182000110906966,0.00244686599871069,0.00244686599871069
google_robot_open_drawer__seed001__step011,open_drawer,1,validation,17,0.4863042482911572,0.3614466856354405,0.47621099317507665,0.2395237109097936,1.1851480653396087,0.2467805373813636,0.12485756265571668,0.010093255116080557,0.010093255116080557
google_robot_open_drawer__seed001__step011,open_drawer,1,validation,18,0.46451717567858003,0.23140159546070135,0.47182402064883017,0.2395237109097936,1.1619258172874647,0.22499346476878643,0.23311558021787868,-0.007306844970250137,-0.007306844970250137
google_robot_open_drawer__seed001__step011,open_drawer,1,validation,19,0.4836614919535778,0.27061601418191955,0.4910409271991221,0.2395237109097936,1.1574177233401566,0.24413778104378422,0.21304547777165828,-0.007379435245544297,-0.007379435245544297
google_robot_open_drawer__seed001__step011,open_drawer,1,validation,20,0.48188327174801354,0.23981273532872907,0.475819474113998,0.2395237109097936,1.188561747152272,0.24235956083821994,0.24207053641928447,0.006063797634015544,0.006063797634015544
google_robot_open_drawer__seed001__step011,open_drawer,1,validation,21,0.48425327330335444,0.22213358285324505,0.482639981915787,0.2395237109097936,1.2291137879535614,0.24472956239356083,0.2621196904501094,0.0016132913875674393,0.0016132913875674393
google_robot_open_drawer__seed001__step011,open_drawer,1,validation,22,0.5002849378264491,0.15391227026367002,0.4933679753382121,0.2395237109097936,1.2411331999178365,0.2607612269166555,0.34637266756277907,0.006916962488237033,0.006916962488237033
google_robot_open_drawer__seed001__step011,open_drawer,1,validation,23,0.49126686984004175,0.21818549965647585,0.48082750830686916,0.2395237109097936,1.222028573134583,0.2517431589302481,0.27308137018356593,0.010439361533172598,0.010439361533172598
google_robot_open_drawer__seed001__step011,open_drawer,1,validation,24,0.47666205251559046,0.2970653940558729,0.4900211598784472,0.2395237109097936,1.2236816483421187,0.23713834160579686,0.17959665845971756,-0.013359107362856726,-0.013359107362856726
google_robot_open_drawer__seed001__step011,open_drawer,1,validation,25,0.4863287797180608,0.16634801208302918,0.48420700331007444,0.2395237109097936,1.2183508251701403,0.24680506880826722,0.31998076763503164,0.0021217764079863866,0.0021217764079863866
google_robot_open_drawer__seed001__step011,open_drawer,1,validation,26,0.4890340655559178,0.24472064946060068,0.5002849378264491,0.2395237109097936,1.2246236060692506,0.24951035464612417,0.2443134160953171,-0.011250872270531342,-0.011250872270531342
google_robot_open_drawer__seed001__step011,open_drawer,1,validation,27,0.5002849378264491,0.18894611815842408,0.5002849378264491,0.2395237109097936,1.2411331999178365,0.2607612269166555,0.311338819668025,0.0,0.0
google_robot_open_drawer__seed001__step011,open_drawer,1,validation,28,0.4940059575996389,0.2961057597578967,0.4883786780533712,0.2395237109097936,1.212713318170038,0.2544822466898453,0.19790019784174218,0.005627279546267683,0.005627279546267683
google_robot_open_drawer__seed001__step011,open_drawer,1,validation,29,0.4940059575996389,0.2036014283138831,0.4940059575996389,0.2395237109097936,1.212713318170038,0.2544822466898453,0.2904045292857558,0.0,0.0
google_robot_open_drawer__seed001__step011,open_drawer,1,validation,30,0.48429374489703125,0.2604460092956763,0.4756869416471921,0.2395237109097936,1.232760425888563,0.24477003398723765,0.22384773560135496,0.008606803249839146,0.008606803249839146
google_robot_open_drawer__seed001__step011,open_drawer,1,validation,31,0.4686490584675668,0.263574045691888,0.4573148111295006,0.2395237109097936,1.141851846167583,0.22912534755777322,0.2050750127756788,0.011334247338066206,0.011334247338066206
google_robot_open_drawer__seed001__step056,open_drawer,1,validation,0,0.23360967213237846,0.20036468334216892,0.23360967213237846,0.23752983290842958,1.1724314486715466,-0.003920160776051118,0.03324498879020954,0.0,-0.003920160776051118
google_robot_open_drawer__seed001__step056,open_drawer,1,validation,1,0.29117050192799954,0.31459574932506235,0.29117050192799954,0.23752983290842958,0.9212459703633136,0.05364066901956996,-0.02342524739706281,0.0,-0.02342524739706281
google_robot_open_drawer__seed001__step056,open_drawer,1,validation,2,0.3867701906531152,0.21458086899291925,0.3156589945852747,0.23752983290842958,1.2060561006204995,0.1492403577446856,0.17218932166019593,0.0711111960678405,0.0711111960678405
google_robot_open_drawer__seed001__step056,open_drawer,1,validation,3,0.2676947256393797,0.13943221867708305,0.3271023709513558,0.23752983290842958,1.2348716800911632,0.030164892730950105,0.12826250696229663,-0.05940764531197612,-0.05940764531197612
google_robot_open_drawer__seed001__step056,open_drawer,1,validation,4,0.30172493573140374,0.07573521385672354,0.30172493573140374,0.23752983290842958,1.282435774206884,0.06419510282297416,0.2259897218746802,0.0,0.0
google_robot_open_drawer__seed001__step056,open_drawer,1,validation,5,0.359552313537615,0.1813402543254267,0.3673530909142088,0.23752983290842958,1.2374108649187736,0.12202248062918544,0.17821205921218833,-0.007800777376593793,-0.007800777376593793
google_robot_open_drawer__seed001__step056,open_drawer,1,validation,6,0.24444466537177792,0.24355982279581348,0.24898298972715063,0.23752983290842958,1.2731909950839329,0.0069148324633483416,0.0008848425759644396,-0.004538324355372714,-0.004538324355372714
google_robot_open_drawer__seed001__step056,open_drawer,1,validation,7,0.16741413279081976,0.06387536287334261,0.1469842804192708,0.23752983290842958,1.2799778299708922,-0.07011570011760981,0.10353876991747715,0.020429852371548957,-0.07011570011760981
google_robot_open_drawer__seed001__step056,open_drawer,1,validation,8,0.07133260354906633,-0.019960280378177504,0.0570337755949153,0.23752983290842958,1.2695360835320908,-0.16619722935936326,0.09129288392724383,0.014298827954151029,-0.16619722935936326
google_robot_open_drawer__seed001__step056,open_drawer,1,validation,9,0.06014337092074059,-0.0644347642260995,0.029034050890172542,0.23752983290842958,1.1711615049051767,-0.17738646198768898,0.1245781351468401,0.031109320030568047,-0.17738646198768898
google_robot_open_drawer__seed001__step056,open_drawer,1,validation,10,0.19131442020069522,0.09893271705162987,0.19131442020069522,0.23752983290842958,1.1175068782755875,-0.046215412707734355,0.09238170314906535,0.0,-0.046215412707734355
google_robot_open_drawer__seed001__step056,open_drawer,1,validation,11,0.16071480535555316,0.1341127897531693,0.11534724081798266,0.23752983290842958,1.0879389637750647,-0.07681502755287642,0.02660201560238387,0.0453675645375705,-0.07681502755287642
google_robot_open_drawer__seed001__step056,open_drawer,1,validation,12,0.2677056848258873,0.0018776118282417542,0.19279513714871935,0.23752983290842958,1.1218272794637418,0.030175851917457724,0.26582807299764555,0.07491054767716795,0.030175851917457724
google_robot_open_drawer__seed001__step056,open_drawer,1,validation,13,0.23996768957564063,-0.028068043326813664,0.24710502251158187,0.23752983290842958,1.082064073720409,0.0024378566672110524,0.2680357329024543,-0.007137332935941237,-0.007137332935941237
google_robot_open_drawer__seed001__step056,open_drawer,1,validation,14,0.2020765512847035,-0.12969141090820735,0.20676969053917535,0.23752983290842958,1.0679179882113996,-0.035453281623726074,0.3317679621929108,-0.004693139254471845,-0.035453281623726074
google_robot_open_drawer__seed001__step056,open_drawer,1,validation,15,0.2579533527309687,-0.0756383032171335,0.26963456564291416,0.23752983290842958,1.0831937789620367,0.02042351982253912,0.3335916559481022,-0.01168121291194546,-0.01168121291194546
google_robot_open_drawer__seed001__step056,open_drawer,1,validation,16,0.06862845555253679,0.0943295235200811,0.028716533017197825,0.23752983290842958,1.251798849374112,-0.16890137735589278,-0.025701067967544317,0.039911922535338956,-0.16890137735589278
google_robot_open_drawer__seed001__step056,open_drawer,1,validation,17,0.11493523606105964,0.10073858190440525,0.09488787992104449,0.23752983290842958,1.293487702044746,-0.12259459684736994,0.014196654156654387,0.020047356140015155,-0.12259459684736994
google_robot_open_drawer__seed001__step056,open_drawer,1,validation,18,0.11454959707492925,0.1180298170948532,0.10701470722428348,0.23752983290842958,1.2782838530286826,-0.12298023583350033,-0.0034802200199239575,0.007534889850645765,-0.12298023583350033
google_robot_open_drawer__seed001__step056,open_drawer,1,validation,19,0.15585169049088451,0.14360494491178555,0.11520232308519983,0.23752983290842958,1.1781478573995432,-0.08167814241754506,0.012246745579098967,0.040649367405684686,-0.08167814241754506
google_robot_open_drawer__seed001__step056,open_drawer,1,validation,20,0.11339407721618848,0.14097485481112784,0.15730998587982903,0.23752983290842958,1.2175106790348098,-0.1241357556922411,-0.027580777594939362,-0.04391590866364055,-0.1241357556922411
google_robot_open_drawer__seed001__step056,open_drawer,1,validation,21,0.09134421313073197,0.12553616169041168,0.23284475570554167,0.23752983290842958,1.296967611269807,-0.14618561977769762,-0.034191948559679705,-0.1415005425748097,-0.14618561977769762
google_robot_open_drawer__seed001__step056,open_drawer,1,validation,22,0.14823586135677644,0.04600996411236511,0.10910194868715777,0.23752983290842958,1.196453957260273,-0.08929397155165314,0.10222589724441133,0.03913391266961867,-0.08929397155165314
google_robot_open_drawer__seed001__step056,open_drawer,1,validation,23,0.19688631988312386,0.1390261524560494,0.19688631988312386,0.23752983290842958,1.1343118636264953,-0.04064351302530572,0.05786016742707445,0.0,-0.04064351302530572
google_robot_open_drawer__seed001__step056,open_drawer,1,validation,24,0.20294384032695412,0.14759123319794698,0.19904908135240676,0.23752983290842958,1.0962080318040124,-0.03458599258147546,0.055352607129007136,0.0038947589745473576,-0.03458599258147546
google_robot_open_drawer__seed001__step056,open_drawer,1,validation,25,0.3620721049871862,0.1840936032629521,0.2196181135154993,0.23752983290842958,0.8991782207708771,0.12454227207875665,0.17797850172423413,0.1424539914716869,0.12454227207875665
google_robot_open_drawer__seed001__step056,open_drawer,1,validation,26,0.32959770573095637,0.2059762341522863,0.34486321681215437,0.23752983290842958,0.8795624204718653,0.09206787282252679,0.12362147157867007,-0.015265511081198002,-0.015265511081198002
google_robot_open_drawer__seed001__step056,open_drawer,1,validation,27,0.24197546933530445,0.15539232533105166,0.20134113066353546,0.23752983290842958,1.0536894043529903,0.004445636426874872,0.0865831440042528,0.040634338671768994,0.004445636426874872
google_robot_open_drawer__seed001__step056,open_drawer,1,validation,28,0.2196181135154993,0.19298548904712876,0.3597457013186755,0.23752983290842958,1.0885189192060276,-0.017911719392930264,0.026632624468370558,-0.1401275878031762,-0.1401275878031762
google_robot_open_drawer__seed001__step056,open_drawer,1,validation,29,0.23950234205262222,0.08326525769766095,0.23950234205262222,0.23752983290842958,1.0523140178697503,0.0019725091441926412,0.15623708435496125,0.0,0.0
google_robot_open_drawer__seed001__step056,open_drawer,1,validation,30,0.37630443037111966,0.13557635821618141,0.3623926933529282,0.23752983290842958,0.882122185202126,0.13877459746269008,0.24072807215493824,0.013911737018191483,0.013911737018191483
google_robot_open_drawer__seed001__step056,open_drawer,1,validation,31,0.38232389711378706,0.022103474117950942,0.37090547542450314,0.23752983290842958,0.8723561588043531,0.14479406420535748,0.3602204229958361,0.01141842168928392,0.01141842168928392
google_robot_open_drawer__seed001__step101,open_drawer,1,validation,0,0.17782109874098573,-0.05706490200385896,0.17782109874098573,0.20508810620334741,0.8759155335017372,-0.027267007462361686,0.2348860007448447,0.0,-0.027267007462361686
google_robot_open_drawer__seed001__step101,open_drawer,1,validation,1,0.4228018656945549,-0.18222173078360016,0.4228018656945549,0.20508810620334741,0.953012544627293,0.2177137594912075,0.6050235964781551,0.0,0.0
google_robot_open_drawer__seed001__step101,open_drawer,1,validation,2,0.6146348945410105,-0.2192913895767855,0.49102050414563886,0.20508810620334741,1.2491396122551666,0.4095467883376631,0.833926284117796,0.12361439039537164,0.12361439039537164
google_robot_open_drawer__seed001__step101,open_drawer,1,validation,3,0.5199823606187698,-0.11438140010924269,0.5167402814920745,0.20508810620334741,1.7378457922917843,0.3148942544154224,0.6343637607280125,0.003242079126695274,0.003242079126695274
google_robot_open_drawer__seed001__step101,open_drawer,1,validation,4,0.5869452078573006,0.4372704379061412,0.5869452078573006,0.20508810620334741,0.9916945909080288,0.38185710165395326,0.14967476995115947,0.0,0.0
google_robot_open_drawer__seed001__step101,open_drawer,1,validation,5,0.5968264574572921,-0.22358079141028386,0.5465095946603225,0.20508810620334741,1.0891112850444933,0.39173835125394474,0.820407248867576,0.050316862796969675,0.050316862796969675
google_robot_open_drawer__seed001__step101,open_drawer,1,validation,6,0.43777708260505116,-0.17392491801898932,0.4367701326831817,0.20508810620334741,1.1978876265901928,0.23268897640170375,0.6117020006240405,0.0010069499218694489,0.0010069499218694489
google_robot_open_drawer__seed001__step101,open_drawer,1,validation,7,0.3266018888951534,-0.05619800543040854,0.3133961491591773,0.20508810620334741,1.001043306993818,0.12151378269180599,0.38279989432556194,0.013205739735976108,0.013205739735976108
google_robot_open_drawer__seed001__step101,open_drawer,1,validation,8,0.27546125005575006,0.13395984700292804,0.3088901003762657,0.20508810620334741,0.8251795921620846,0.07037314385240265,0.14150140305282202,-0.033428850320515624,-0.033428850320515624
google_robot_open_drawer__seed001__step101,open_drawer,1,validation,9,0.36691526195122814,0.09438970085876275,0.3605236643721745,0.20508810620334741,1.1364386943128144,0.16182715574788073,0.2725255610924654,0.006391597579053665,0.006391597579053665
google_robot_open_drawer__seed001__step101,open_drawer,1,validation,10,0.38638951240206865,0.19753207977384726,0.3353400026386539,0.20508810620334741,1.2149004901545457,0.18130140619872123,0.18885743262822138,0.05104950976341477,0.05104950976341477
google_robot_open_drawer__seed001__step101,open_drawer,1,validation,11,0.256347726656244,-0.13873807558822102,0.343377553420646,0.20508810620334741,1.1790118904081763,0.05125962045289659,0.395085802244465,-0.08702982676440202,-0.08702982676440202
google_robot_open_drawer__seed001__step101,open_drawer,1,validation,12,0.5200094116683845,0.34898493563255234,0.553127431682395,0.20508810620334741,1.4732749781711125,0.31492130546503716,0.1710244760358322,-0.03311802001401043,-0.03311802001401043
google_robot_open_drawer__seed001__step101,open_drawer,1,validation,13,0.3845553656424463,0.4005481620318762,0.38530644337841674,0.20508810620334741,1.3048024150807236,0.1794672594390989,-0.01599279638942991,-0.0007510777359704401,-0.01599279638942991
google_robot_open_drawer__seed001__step101,open_drawer,1,validation,14,0.4370733307384114,0.17875039192545125,0.3999709865347834,0.20508810620334741,1.4837209869717545,0.231985224535064,0.2583229388129602,0.03710234420362801,0.03710234420362801
google_robot_open_drawer__seed001__step101,open_drawer,1,validation,15,0.3338605770453967,0.21802479623682305,0.316502225615983,0.20508810620334741,1.1005966588338447,0.12877247084204926,0.11583578080857362,0.017358351429413665,0.017358351429413665
google_robot_open_drawer__seed001__step101,open_drawer,1,validation,16,0.28048410019316,0.005853650177620129,0.33159095237134806,0.20508810620334741,1.0965166488607723,0.07539599398981259,0.2746304500155399,-0.051106852178188056,-0.051106852178188056
google_robot_open_drawer__seed001__step101,open_drawer,1,validation,17,0.2731086807583927,0.053539260521657105,0.300422776506397,0.20508810620334741,1.084113059175165,0.06802057455504526,0.21956942023673556,-0.027314095748004308,-0.027314095748004308
google_robot_open_drawer__seed001__step101,open_drawer,1,validation,18,0.34848196271859244,0.16528430452979145,0.3167815619549691,0.20508810620334741,0.9766274566582565,0.14339385651524503,0.183197658188801,0.03170040076362335,0.03170040076362335
google_robot_open_drawer__seed001__step101,open_drawer,1,validation,19,0.330733103003436,0.39308716649452086,0.3535797954458912,0.20508810620334741,0.9608525075050712,0.1256449968000886,-0.062354063491084855,-0.022846692442455185,-0.062354063491084855
google_robot_open_drawer__seed001__step101,open_drawer,1,validation,20,0.32645444631436743,0.10205138142756469,0.3457905428221704,0.20508810620334741,0.9721362404179502,0.12136634011102002,0.22440306488680273,-0.01933609650780299,-0.01933609650780299
google_robot_open_drawer__seed001__step101,open_drawer,1,validation,21,0.20251900678963727,0.18365507170974196,0.2578679895491738,0.20508810620334741,0.8963380074647229,-0.002569099413710141,0.01886393507989531,-0.05534898275953651,-0.05534898275953651
google_robot_open_drawer__seed001__step101,open_drawer,1,validation,22,0.28033627579337905,0.139377529201725,0.24175959894895518,0.20508810620334741,0.8951596324697514,0.07524816959003164,0.14095874659165405,0.03857667684442387,0.03857667684442387
google_robot_open_drawer__seed001__step101,open_drawer,1,validation,23,0.3197767461521473,-0.07790969679647601,0.2166024322506539,0.20508810620334741,0.9055234169535131,0.11468863994879988,0.3976864429486233,0.1031743139014934,0.1031743139014934
google_robot_open_drawer__seed001__step101,open_drawer,1,validation,24,0.29168467552100913,0.02823368263910629,0.3094334215488374,0.20508810620334741,0.8949072917869121,0.08659656931766171,0.2634509928819028,-0.017748746027828277,-0.017748746027828277
google_robot_open_drawer__seed001__step101,open_drawer,1,validation,25,0.3045434731091182,0.11153364627066749,0.2650944171748988,0.20508810620334741,0.8949056047194083,0.09945536690577081,0.19300982683845075,0.039449055934219435,0.039449055934219435
google_robot_open_drawer__seed001__step101,open_drawer,1,validation,26,0.2628585940586088,0.2187761425354142,0.3098644715174549,0.20508810620334741,0.9131717625812413,0.05777048785526137,0.044082451523194593,-0.0470058774588461,-0.0470058774588461
google_robot_open_drawer__seed001__step101,open_drawer,1,validation,27,0.28356586181142146,0.17996345857048923,0.279373332650773,0.20508810620334741,0.8511254473990838,0.07847775560807405,0.10360240324093223,0.004192529160648439,0.004192529160648439
google_robot_open_drawer__seed001__step101,open_drawer,1,validation,28,0.279373332650773,-0.004657422913701757,0.35368913935247054,0.20508810620334741,0.871740091188292,0.0742852264474256,0.28403075556447477,-0.07431580670169752,-0.07431580670169752
google_robot_open_drawer__seed001__step101,open_drawer,1,validation,29,0.279373332650773,0.08924466657969761,0.28075938680478074,0.20508810620334741,0.871740091188292,0.0742852264474256,0.19012866607107543,-0.001386054154007721,-0.001386054154007721
google_robot_open_drawer__seed001__step101,open_drawer,1,validation,30,0.29949332921289046,-0.10394106007357362,0.24003971154357528,0.20508810620334741,0.8319937074371221,0.09440522300954304,0.4034343892864641,0.05945361766931517,0.05945361766931517
google_robot_open_drawer__seed001__step101,open_drawer,1,validation,31,0.2731279696083993,-0.03842546227799624,0.28075938680478074,0.20508810620334741,0.843257494055837,0.06803986340505189,0.31155343188639556,-0.00763141719638144,-0.00763141719638144
google_robot_open_drawer__seed002__step011,open_drawer,2,validation,0,0.22209438761286449,0.1330554563830694,0.22209438761286449,-0.2041218831515708,1.4021937064394605,0.42621627076443525,0.08903893122979509,0.0,0.0
google_robot_open_drawer__seed002__step011,open_drawer,2,validation,1,0.2898404194581127,0.2839978304798419,0.08858432613647853,-0.2041218831515708,1.3223378480652044,0.49396230260968343,0.00584258897827078,0.20125609332163413,0.00584258897827078
google_robot_open_drawer__seed002__step011,open_drawer,2,validation,2,0.16322117908614642,0.28050818027155344,0.17283784461284235,-0.2041218831515708,1.617510864032435,0.3673430622377172,-0.11728700118540702,-0.009616665526695933,-0.11728700118540702
google_robot_open_drawer__seed002__step011,open_drawer,2,validation,3,0.145054337741224,0.2601273599929459,0.17649694931669188,-0.2041218831515708,1.7332824361912247,0.34917622089279476,-0.11507302225172189,-0.03144261157546788,-0.11507302225172189
google_robot_open_drawer__seed002__step011,open_drawer,2,validation,4,0.12818616327305077,0.025512972338251155,0.16037045060347807,-0.2041218831515708,1.3702882151131146,0.33230804642462153,0.10267319093479961,-0.0321842873304273,-0.0321842873304273
google_robot_open_drawer__seed002__step011,open_drawer,2,validation,5,0.1477590820029361,0.0024246734098345296,0.1045463347896257,-0.2041218831515708,1.5315516747820843,0.3518809651545069,0.1453344085931016,0.04321274721331041,0.04321274721331041
google_robot_open_drawer__seed002__step011,open_drawer,2,validation,6,0.11103915435102474,0.007107846167987218,0.10772763502180331,-0.2041218831515708,1.4672323773392286,0.3151610375025955,0.10393130818303752,0.0033115193292214268,0.0033115193292214268
google_robot_open_drawer__seed002__step011,open_drawer,2,validation,7,0.09729093594683202,0.055097872755033646,0.1417534118196215,-0.2041218831515708,1.419249722313135,0.3014128190984028,0.04219306319179838,-0.04446247587278948,-0.04446247587278948
google_robot_open_drawer__seed002__step011,open_drawer,2,validation,8,0.1495694410842581,-0.061143908719837936,0.13994890246288558,-0.2041218831515708,1.415240801890565,0.3536913242358289,0.21071334980409603,0.00962053862137252,0.00962053862137252
google_robot_open_drawer__seed002__step011,open_drawer,2,validation,9,0.20915218668780344,0.0940663373016193,0.2551287697117499,-0.2041218831515708,1.3449895759488926,0.4132740698393742,0.11508584938618414,-0.04597658302394647,-0.04597658302394647
google_robot_open_drawer__seed002__step011,open_drawer,2,validation,10,0.17595730826176012,0.08990059125824829,0.17061809123718583,-0.2041218831515708,1.3607028225287892,0.3800791914133309,0.08605671700351183,0.005339217024574294,0.005339217024574294
google_robot_open_drawer__seed002__step011,open_drawer,2,validation,11,0.03866084372104947,-0.010368004882607104,0.04122994020535414,-0.2041218831515708,1.3737112792409634,0.24278272687262026,0.049028848603656576,-0.0025690964843046726,-0.0025690964843046726
google_robot_open_drawer__seed002__step011,open_drawer,2,validation,12,0.12561171811914354,-0.04454254230389481,0.17655026829571496,-0.2041218831515708,1.3413850602855468,0.3297336012707143,0.17015426042303836,-0.05093855017657142,-0.05093855017657142
google_robot_open_drawer__seed002__step011,open_drawer,2,validation,13,0.11048242979985401,0.1189696493254181,0.1424236060523403,-0.2041218831515708,1.4623280409140058,0.31460431295142477,-0.008487219525564096,-0.0319411762524863,-0.0319411762524863
google_robot_open_drawer__seed002__step011,open_drawer,2,validation,14,0.061021505618679694,-0.022319989049750803,0.10581774722621144,-0.2041218831515708,1.3300687156060866,0.26514338877025045,0.0833414946684305,-0.04479624160753175,-0.04479624160753175
google_robot_open_drawer__seed002__step011,open_drawer,2,validation,15,0.13184949140864544,0.10363126944417854,0.16624924199829216,-0.2041218831515708,1.4580918551658033,0.3359713745602162,0.028218221964466897,-0.03439975058964673,-0.03439975058964673
google_robot_open_drawer__seed002__step011,open_drawer,2,validation,16,0.18438254612833208,0.011068133635381986,0.16775456295287985,-0.2041218831515708,1.6483566405772834,0.38850442927990286,0.1733144124929501,0.01662798317545222,0.01662798317545222
google_robot_open_drawer__seed002__step011,open_drawer,2,validation,17,0.07749661875818907,-0.005040894933673626,0.13698510596052077,-0.2041218831515708,1.6331121245833156,0.28161850190975984,0.0825375136918627,-0.0594884872023317,-0.0594884872023317
google_robot_open_drawer__seed002__step011,open_drawer,2,validation,18,0.1417378078642637,-0.02552726101927949,0.09154521076969845,-0.2041218831515708,1.5460711704393566,0.34585969101583447,0.1672650688835432,0.050192597094565264,0.050192597094565264
google_robot_open_drawer__seed002__step011,open_drawer,2,validation,19,0.11397865313375682,0.07030499799244071,0.1190655009127437,-0.2041218831515708,1.5036269723444355,0.31810053628532764,0.04367365514131612,-0.0050868477789868805,-0.0050868477789868805
google_robot_open_drawer__seed002__step011,open_drawer,2,validation,20,0.08534024345450429,-0.008219882193904045,0.2514871650587281,-0.2041218831515708,1.437892147795374,0.28946212660607507,0.09356012564840833,-0.16614692160422379,-0.16614692160422379
google_robot_open_drawer__seed002__step011,open_drawer,2,validation,21,0.1490339407343756,-0.07026705123489484,0.29289420685707807,-0.2041218831515708,1.1236062865049805,0.35315582388594635,0.21930099196927044,-0.14386026612270247,-0.14386026612270247
google_robot_open_drawer__seed002__step011,open_drawer,2,validation,22,0.36406105572582015,0.1271760468129224,0.33289530671643774,-0.2041218831515708,1.1623003045748737,0.5681829388773909,0.23688500891289774,0.031165749009382404,0.031165749009382404
google_robot_open_drawer__seed002__step011,open_drawer,2,validation,23,0.09750223068572755,0.06872267678301808,0.18583299722642746,-0.2041218831515708,1.5162425268542004,0.30162411383729837,0.028779553902709476,-0.0883307665406999,-0.0883307665406999
google_robot_open_drawer__seed002__step011,open_drawer,2,validation,24,0.23487340342364127,0.12842598701741445,0.24400043927916823,-0.2041218831515708,1.2110551540212244,0.43899528657521203,0.10644741640622682,-0.00912703585552696,-0.00912703585552696
google_robot_open_drawer__seed002__step011,open_drawer,2,validation,25,0.28410667890971025,0.041979211754898986,0.32682790295504793,-0.2041218831515708,1.0988091945592493,0.48822856206128107,0.24212746715481126,-0.04272122404533768,-0.04272122404533768
google_robot_open_drawer__seed002__step011,open_drawer,2,validation,26,0.2722686659238282,0.04524968801869922,0.32816964035657087,-0.2041218831515708,1.2271593943043846,0.476390549075399,0.22701897790512898,-0.05590097443274267,-0.05590097443274267
google_robot_open_drawer__seed002__step011,open_drawer,2,validation,27,0.32763420533264626,0.12303674238780005,0.32763420533264626,-0.2041218831515708,1.1316463735020823,0.5317560884842171,0.2045974629448462,0.0,0.0
google_robot_open_drawer__seed002__step011,open_drawer,2,validation,28,0.3517153446820407,0.20798343613970807,0.35511814367215083,-0.2041218831515708,1.1092587872056505,0.5558372278336114,0.14373190854233261,-0.003402798990110145,-0.003402798990110145
google_robot_open_drawer__seed002__step011,open_drawer,2,validation,29,0.31282641124558097,0.1229064378515375,0.26990021701037525,-0.2041218831515708,1.0948794668631519,0.5169482943971517,0.18991997339404348,0.04292619423520572,0.04292619423520572
google_robot_open_drawer__seed002__step011,open_drawer,2,validation,30,0.30477749171618806,0.2236918359375911,0.2973221516457576,-0.2041218831515708,1.0692012866056868,0.5088993748677588,0.08108565577859697,0.007455340070430472,0.007455340070430472
google_robot_open_drawer__seed002__step011,open_drawer,2,validation,31,0.3481014866061612,0.13374217634369603,0.2934004579030241,-0.2041218831515708,1.0831862689552931,0.552223369757732,0.21435931026246516,0.05470102870313709,0.05470102870313709
google_robot_open_drawer__seed002__step056,open_drawer,2,validation,0,0.14365873008328395,0.1904222832383253,0.14365873008328395,0.12283177302066824,1.0329625339702602,0.02082695706261571,-0.046763553155041354,0.0,-0.046763553155041354
google_robot_open_drawer__seed002__step056,open_drawer,2,validation,1,0.15685729703406878,0.23744268143239355,0.15685729703406878,0.12283177302066824,1.1844710861815997,0.034025524013400546,-0.08058538439832477,0.0,-0.08058538439832477
google_robot_open_drawer__seed002__step056,open_drawer,2,validation,2,0.18693250873075826,0.10526666874828627,0.1573190178853455,0.12283177302066824,1.2100789870783752,0.06410073571009002,0.08166583998247198,0.02961349084541276,0.02961349084541276
google_robot_open_drawer__seed002__step056,open_drawer,2,validation,3,0.2258418454871951,-0.15865166104290648,0.20456775814185893,0.12283177302066824,1.1824044576964547,0.10301007246652687,0.3844935065301016,0.021274087345336173,0.021274087345336173
google_robot_open_drawer__seed002__step056,open_drawer,2,validation,4,0.22753284452338665,-0.20030612787438465,0.21167163570258843,0.12283177302066824,1.1567289422220082,0.10470107150271842,0.4278389723977713,0.015861208820798223,0.015861208820798223
google_robot_open_drawer__seed002__step056,open_drawer,2,validation,5,0.17341144737006334,-0.016906766007489516,0.2380652482705374,0.12283177302066824,1.1194835218846733,0.0505796743493951,0.19031821337755286,-0.06465380090047407,-0.06465380090047407
google_robot_open_drawer__seed002__step056,open_drawer,2,validation,6,0.2619263661818358,0.04597869473544349,0.2354560239173694,0.12283177302066824,1.1210942431481987,0.13909459316116757,0.2159476714463923,0.0264703422644664,0.0264703422644664
google_robot_open_drawer__seed002__step056,open_drawer,2,validation,7,0.24153451250412308,0.13050111897381708,0.16080570962265786,0.12283177302066824,1.0687292823439747,0.11870273948345485,0.111033393530306,0.08072880288146522,0.08072880288146522
google_robot_open_drawer__seed002__step056,open_drawer,2,validation,8,0.10599126384285168,-0.15535849174975347,0.09441653927021386,0.12283177302066824,1.0577338367007114,-0.016840509177816557,0.26134975559260515,0.01157472457263782,-0.016840509177816557
google_robot_open_drawer__seed002__step056,open_drawer,2,validation,9,0.22594039372062288,0.06692886432379894,0.18564960257282093,0.12283177302066824,1.0649557626122466,0.10310862069995465,0.15901152939682395,0.04029079114780196,0.04029079114780196
google_robot_open_drawer__seed002__step056,open_drawer,2,validation,10,0.20172718017674274,0.03159699685240291,0.18970621914627858,0.12283177302066824,1.052815713757252,0.0788954071560745,0.17013018332433982,0.012020961030464156,0.012020961030464156
google_robot_open_drawer__seed002__step056,open_drawer,2,validation,11,0.1601067934334914,-0.03227733728934432,0.197378918009404,0.12283177302066824,1.0725490945122267,0.03727502041282317,0.19238413072283572,-0.037272124575912585,-0.037272124575912585
google_robot_open_drawer__seed002__step056,open_drawer,2,validation,12,0.1783107210184566,-0.3060142846347954,0.2379027984685258,0.12283177302066824,1.1205420329268703,0.055478947997788366,0.484325005653252,-0.0595920774500692,-0.0595920774500692
google_robot_open_drawer__seed002__step056,open_drawer,2,validation,13,0.34943211650816974,-0.19194184893077668,0.3576546785484123,0.12283177302066824,1.25657663930499,0.22660034348750152,0.5413739654389464,-0.008222562040242576,-0.008222562040242576
google_robot_open_drawer__seed002__step056,open_drawer,2,validation,14,0.3402994143465378,-0.15012903733644598,0.32111967241464334,0.12283177302066824,1.1402180436216782,0.2174676413258696,0.49042845168298377,0.01917974193189448,0.01917974193189448
google_robot_open_drawer__seed002__step056,open_drawer,2,validation,15,0.37654700048893214,-0.08357313342934518,0.361185557214681,0.12283177302066824,1.175505828064239,0.2537152274682639,0.46012013391827733,0.015361443274251152,0.015361443274251152
google_robot_open_drawer__seed002__step056,open_drawer,2,validation,16,0.3700912143685367,-0.00804616126653479,0.3751337055294777,0.12283177302066824,1.174584462761226,0.24725944134786848,0.3781373756350715,-0.005042491160941021,-0.005042491160941021
google_robot_open_drawer__seed002__step056,open_drawer,2,validation,17,0.35904103589377995,-0.017962468735132225,0.37394877723106495,0.12283177302066824,1.1646806796271418,0.23620926287311172,0.3770035046289122,-0.014907741337285008,-0.014907741337285008
google_robot_open_drawer__seed002__step056,open_drawer,2,validation,18,0.365245351531942,-0.133838202691965,0.35335675671647954,0.12283177302066824,1.1349204340861925,0.24241357851127376,0.499083554223907,0.01188859481546245,0.01188859481546245
google_robot_open_drawer__seed002__step056,open_drawer,2,validation,19,0.3181492824214241,-0.026701691765782392,0.3329409066811417,0.12283177302066824,1.1062202095883953,0.19531750940075587,0.3448509741872065,-0.014791624259717584,-0.014791624259717584
google_robot_open_drawer__seed002__step056,open_drawer,2,validation,20,0.360386731925238,-0.06962992994118052,0.32981011313509245,0.12283177302066824,1.1747765980672231,0.2375549589045698,0.4300166618664185,0.03057661879014556,0.03057661879014556
google_robot_open_drawer__seed002__step056,open_drawer,2,validation,21,0.3407499194361601,-0.024368989406220787,0.28793925309678453,0.12283177302066824,1.1821923856387582,0.2179181464154919,0.3651189088423809,0.05281066633937559,0.05281066633937559
google_robot_open_drawer__seed002__step056,open_drawer,2,validation,22,0.3031201934350326,-0.004755258204131428,0.30792519622088876,0.12283177302066824,1.0627491463465883,0.18028842041436438,0.307875451639164,-0.004805002785856161,-0.004805002785856161
google_robot_open_drawer__seed002__step056,open_drawer,2,validation,23,0.21679058906946128,-0.038319159922245265,0.2720972952372097,0.12283177302066824,1.0398400166585793,0.09395881604879304,0.2551097489917065,-0.05530670616774844,-0.05530670616774844
google_robot_open_drawer__seed002__step056,open_drawer,2,validation,24,0.2694553444936586,-0.12776685985290814,0.27317484819227494,0.12283177302066824,1.062235473933159,0.14662357147299038,0.39722220434656674,-0.0037195036986163443,-0.0037195036986163443
google_robot_open_drawer__seed002__step056,open_drawer,2,validation,25,0.3100657426219661,0.07971463406053407,0.2445915933006354,0.12283177302066824,1.0634927414519226,0.1872339696012979,0.23035110856143204,0.06547414932133072,0.06547414932133072
google_robot_open_drawer__seed002__step056,open_drawer,2,validation,26,0.25731897957635036,0.056291915357866096,0.2474014193828721,0.12283177302066824,1.0592419043875674,0.13448720655568214,0.20102706421848426,0.009917560193478253,0.009917560193478253
google_robot_open_drawer__seed002__step056,open_drawer,2,validation,27,0.2474014193828721,0.1249048355449599,0.2510109487571374,0.12283177302066824,1.0453701120111725,0.12456964636220387,0.1224965838379122,-0.0036095293742653134,-0.0036095293742653134
google_robot_open_drawer__seed002__step056,open_drawer,2,validation,28,0.21763612809143998,0.06890043008628415,0.21763612809143998,0.12283177302066824,1.031376849788513,0.09480435507077174,0.14873569800515585,0.0,0.0
google_robot_open_drawer__seed002__step056,open_drawer,2,validation,29,0.1527897790806266,0.07690357637015312,0.1527897790806266,0.12283177302066824,1.0115471613902238,0.029958006059958367,0.07588620271047349,0.0,0.0
google_robot_open_drawer__seed002__step056,open_drawer,2,validation,30,0.22509516146032638,-0.0535240236472793,0.21287368999216025,0.12283177302066824,1.0279548534118486,0.10226338843965814,0.2786191851076057,0.012221471468166129,0.012221471468166129
google_robot_open_drawer__seed002__step056,open_drawer,2,validation,31,0.21667921749278307,0.22585758121196545,0.21667921749278307,0.12283177302066824,1.0594981560715513,0.09384744447211484,-0.009178363719182375,0.0,-0.009178363719182375
google_robot_open_drawer__seed002__step101,open_drawer,2,validation,0,0.21913907198916302,0.11230140156125308,0.21913907198916302,0.1937732973191195,0.8718611657422043,0.025365774670043528,0.10683767042790994,0.0,0.0
google_robot_open_drawer__seed002__step101,open_drawer,2,validation,1,0.2758457084351344,0.13972527771900609,0.10481231437448653,0.1937732973191195,0.9010451013248314,0.0820724111160149,0.1361204307161283,0.17103339406064788,0.0820724111160149
google_robot_open_drawer__seed002__step101,open_drawer,2,validation,2,0.22833711422910682,-0.0006240696179669047,0.2740895367508444,0.1937732973191195,1.0112004190253754,0.03456381690998733,0.22896118384707373,-0.045752422521737585,-0.045752422521737585
google_robot_open_drawer__seed002__step101,open_drawer,2,validation,3,0.29758576183924984,0.0017971957577107382,0.29450648271234664,0.1937732973191195,1.0657217049972572,0.10381246452013035,0.2957885660815391,0.0030792791269032005,0.0030792791269032005
google_robot_open_drawer__seed002__step101,open_drawer,2,validation,4,0.35638107746052433,-0.03982302172623831,0.270270820610812,0.1937732973191195,1.1195267424660644,0.16260778014140484,0.39620409918676264,0.08611025684971235,0.08611025684971235
google_robot_open_drawer__seed002__step101,open_drawer,2,validation,5,0.2851713322529796,-0.1643365695953536,0.2851713322529796,0.1937732973191195,1.0560064411280374,0.09139803493386009,0.44950790184833317,0.0,0.0
google_robot_open_drawer__seed002__step101,open_drawer,2,validation,6,0.3094504502155704,0.0646360158649069,0.2665772788861263,0.1937732973191195,1.2724727799929885,0.11567715289645089,0.24481443435066347,0.04287317132944407,0.04287317132944407
google_robot_open_drawer__seed002__step101,open_drawer,2,validation,7,0.08440325476150724,-0.06878822642638184,0.1259371120661236,0.1937732973191195,1.4530629398167245,-0.10937004255761225,0.15319148118788908,-0.04153385730461635,-0.10937004255761225
google_robot_open_drawer__seed002__step101,open_drawer,2,validation,8,0.2660587841265403,0.21204739252686347,0.3323506008789254,0.1937732973191195,1.1847586520630604,0.07228548680742083,0.054011391599676856,-0.06629181675238505,-0.06629181675238505
google_robot_open_drawer__seed002__step101,open_drawer,2,validation,9,0.15119830812277013,-0.06751789010602866,0.17015000446476547,0.1937732973191195,1.4178273125943726,-0.04257498919634936,0.21871619822879879,-0.01895169634199534,-0.04257498919634936
google_robot_open_drawer__seed002__step101,open_drawer,2,validation,10,0.12926978900409766,-0.0007400016026859746,0.19597930690340815,0.1937732973191195,1.2055167778733273,-0.06450350831502183,0.13000979060678364,-0.06670951789931048,-0.06670951789931048
google_robot_open_drawer__seed002__step101,open_drawer,2,validation,11,0.07084052963458605,0.30537626558391606,0.05932053243444783,0.1937732973191195,1.598624185725508,-0.12293276768453344,-0.23453573594933003,0.011519997200138223,-0.23453573594933003
google_robot_open_drawer__seed002__step101,open_drawer,2,validation,12,0.28985355741766045,0.11279439408719939,0.1034599477993503,0.1937732973191195,1.3916114553074534,0.09608026009854095,0.17705916333046107,0.18639360961831014,0.09608026009854095
google_robot_open_drawer__seed002__step101,open_drawer,2,validation,13,0.2236543341820725,0.13549032983051798,0.09920377624929448,0.1937732973191195,1.2109251699433465,0.029881036862953014,0.08816400435155453,0.12445055793277802,0.029881036862953014
google_robot_open_drawer__seed002__step101,open_drawer,2,validation,14,0.028768426476046882,0.03623884503175747,0.09185712397996613,0.1937732973191195,1.8615187787102667,-0.1650048708430726,-0.007470418555710588,-0.06308869750391925,-0.1650048708430726
google_robot_open_drawer__seed002__step101,open_drawer,2,validation,15,0.26626405495425226,0.20853687293770629,0.25123485027899656,0.1937732973191195,1.3484698425711377,0.07249075763513277,0.057727182016545975,0.015029204675255703,0.015029204675255703
google_robot_open_drawer__seed002__step101,open_drawer,2,validation,16,0.3800537777939054,0.21949405796903151,0.2714335089354481,0.1937732973191195,1.0579803832891885,0.18628048047478593,0.1605597198248739,0.10862026885845733,0.10862026885845733
google_robot_open_drawer__seed002__step101,open_drawer,2,validation,17,0.3789219458163122,0.024822952268008198,0.3789219458163122,0.1937732973191195,1.2067732794877561,0.18514864849719273,0.35409899354830404,0.0,0.0
google_robot_open_drawer__seed002__step101,open_drawer,2,validation,18,0.31254208697427316,0.04928309093339247,0.2978692187539116,0.1937732973191195,1.0673607244619454,0.11876878965515367,0.2632589960408807,0.014672868220361568,0.014672868220361568
google_robot_open_drawer__seed002__step101,open_drawer,2,validation,19,0.4754378105373762,-0.11693256752772184,0.44027472699316955,0.1937732973191195,1.1775557260517697,0.2816645132182567,0.5923703780650981,0.035163083544206664,0.035163083544206664
google_robot_open_drawer__seed002__step101,open_drawer,2,validation,20,0.2846790914789623,0.023234737274554895,0.2846790914789623,0.1937732973191195,1.0991966547463474,0.09090579415984282,0.2614443542044074,0.0,0.0
google_robot_open_drawer__seed002__step101,open_drawer,2,validation,21,0.2759204560981972,0.16159321554049327,0.24788613427924464,0.1937732973191195,1.338551104004934,0.08214715877907772,0.11432724055770394,0.028034321818952573,0.028034321818952573
google_robot_open_drawer__seed002__step101,open_drawer,2,validation,22,0.3171315977618178,0.0991020096900352,0.3171315977618178,0.1937732973191195,1.1119645141425674,0.12335830044269833,0.21802958807178263,0.0,0.0
google_robot_open_drawer__seed002__step101,open_drawer,2,validation,23,0.3023768478094934,0.41957998321935414,0.3023768478094934,0.1937732973191195,1.0939411140318889,0.10860355049037393,-0.11720313540986071,0.0,-0.11720313540986071
google_robot_open_drawer__seed002__step101,open_drawer,2,validation,24,0.22627053336752367,-0.05094060940556522,0.22627053336752367,0.1937732973191195,1.2903376254661472,0.03249723604840418,0.2772111427730889,0.0,0.0
google_robot_open_drawer__seed002__step101,open_drawer,2,validation,25,0.23950556183741545,0.1955047492992679,0.2543743617855767,0.1937732973191195,1.0914616039201572,0.045732264518295956,0.044000812538147555,-0.01486879994816126,-0.01486879994816126
google_robot_open_drawer__seed002__step101,open_drawer,2,validation,26,0.2650075331426861,0.30975973972206533,0.242993645998443,0.1937732973191195,1.0767915924629023,0.07123423582356661,-0.04475220657937923,0.0220138871442431,-0.04475220657937923
google_robot_open_drawer__seed002__step101,open_drawer,2,validation,27,0.2543743617855767,0.38120130912831957,0.2650075331426861,0.1937732973191195,1.0696467714369764,0.060601064466457216,-0.12682694734274286,-0.010633171357109394,-0.12682694734274286
google_robot_open_drawer__seed002__step101,open_drawer,2,validation,28,0.2543743617855767,0.39156714192898895,0.17383442537043367,0.1937732973191195,1.0696467714369764,0.060601064466457216,-0.13719278014341224,0.08053993641514304,-0.13719278014341224
google_robot_open_drawer__seed002__step101,open_drawer,2,validation,29,0.23950556183741545,0.11851716304604505,0.3171315977618178,0.1937732973191195,1.0914616039201572,0.045732264518295956,0.1209883987913704,-0.07762603592440237,-0.07762603592440237
google_robot_open_drawer__seed002__step101,open_drawer,2,validation,30,0.2013264519767873,0.173638235479422,0.2013264519767873,0.1937732973191195,1.2433468534707073,0.0075531546576678155,0.027688216497365303,0.0,0.0
google_robot_open_drawer__seed002__step101,open_drawer,2,validation,31,0.2084948042461535,0.20328806585967593,0.2084948042461535,0.1937732973191195,1.2830617867708343,0.014721506927034,0.005206738386477561,0.0,0.0
google_robot_open_drawer__seed011__step011,open_drawer,11,exploration,0,0.3426415488983805,-0.13157313811318455,0.3426415488983805,0.3156860036577755,1.494685089688912,0.026955545240605006,0.47421468701156505,0.0,0.0
google_robot_open_drawer__seed011__step011,open_drawer,11,exploration,1,0.034612330454651986,-0.09541996303424012,0.034612330454651986,0.3156860036577755,1.360618319695187,-0.2810736732031235,0.13003229348889211,0.0,-0.2810736732031235
google_robot_open_drawer__seed011__step011,open_drawer,11,exploration,2,0.04785458021437996,-0.014235876119269983,0.08263842139844278,0.3156860036577755,1.2666033509713335,-0.26783142344339556,0.06209045633364994,-0.03478384118406282,-0.26783142344339556
google_robot_open_drawer__seed011__step011,open_drawer,11,exploration,3,0.013860408078446398,-0.07238223940491116,0.08199110724545682,0.3156860036577755,1.2951517088759668,-0.3018255955793291,0.08624264748335755,-0.06813069916701042,-0.3018255955793291
google_robot_open_drawer__seed011__step011,open_drawer,11,exploration,4,-0.004727282416350879,-0.10209748372635245,-0.004727282416350879,0.3156860036577755,1.3046658488585579,-0.3204132860741264,0.09737020131000157,0.0,-0.3204132860741264
google_robot_open_drawer__seed011__step011,open_drawer,11,exploration,5,0.050746077221671994,0.022473288057285656,0.048438165501203,0.3156860036577755,1.30561699596963,-0.2649399264361035,0.028272789164386337,0.002307911720468993,-0.2649399264361035
google_robot_open_drawer__seed011__step011,open_drawer,11,exploration,6,0.02199242674848471,-0.07337047664434032,-0.01450181137853812,0.3156860036577755,1.248916928088557,-0.29369357690929077,0.09536290339282504,0.036494238127022835,-0.29369357690929077
google_robot_open_drawer__seed011__step011,open_drawer,11,exploration,7,0.04947211668221748,-0.05509727171463983,0.1461643941619691,0.3156860036577755,1.3459237522033587,-0.26621388697555803,0.10456938839685731,-0.09669227747975162,-0.26621388697555803
google_robot_open_drawer__seed011__step011,open_drawer,11,exploration,8,0.21587316671225973,-0.21855310871759695,0.24443243754759222,0.3156860036577755,1.4095023462110048,-0.09981283694551576,0.4344262754298567,-0.028559270835332495,-0.09981283694551576
google_robot_open_drawer__seed011__step011,open_drawer,11,exploration,9,0.13293735427807662,-0.05058431265872317,0.01109372249614382,0.3156860036577755,1.194455967477031,-0.18274864937969887,0.1835216669367998,0.1218436317819328,-0.18274864937969887
google_robot_open_drawer__seed011__step011,open_drawer,11,exploration,10,0.3594954628662949,-0.13873457531540453,0.34224562789793395,0.3156860036577755,1.5116325023392732,0.04380945920851942,0.4982300381816994,0.017249834968360966,0.017249834968360966
google_robot_open_drawer__seed011__step011,open_drawer,11,exploration,11,0.15927590010510637,0.1864457899066837,0.20490869276684662,0.3156860036577755,1.3478877612642113,-0.15641010355266913,-0.027169889801577335,-0.04563279266174025,-0.15641010355266913
google_robot_open_drawer__seed011__step011,open_drawer,11,exploration,12,0.16476008103183024,0.03197302386797577,0.3255754743416213,0.3156860036577755,1.2446989404173154,-0.15092592262594526,0.13278705716385447,-0.16081539330979108,-0.16081539330979108
google_robot_open_drawer__seed011__step011,open_drawer,11,exploration,13,0.21959153040926427,-0.0031966108910002453,0.1616648813726794,0.3156860036577755,1.4272639150591386,-0.09609447324851123,0.2227881413002645,0.05792664903658487,-0.09609447324851123
google_robot_open_drawer__seed011__step011,open_drawer,11,exploration,14,0.3688567636482014,-0.13000974009299554,0.15055042007327282,0.3156860036577755,1.4567542292121671,0.05317075999042592,0.49886650374119695,0.2183063435749286,0.05317075999042592
google_robot_open_drawer__seed011__step011,open_drawer,11,exploration,15,0.12623025561715956,-0.06285137549459198,0.2722305360754379,0.3156860036577755,1.2895044032674623,-0.18945574804061593,0.18908163111175152,-0.14600028045827834,-0.18945574804061593
google_robot_open_drawer__seed011__step011,open_drawer,11,exploration,16,0.1695861930605329,-0.012781923766720696,0.20498775455766827,0.3156860036577755,1.2121044418887728,-0.14609981059724259,0.1823681168272536,-0.03540156149713536,-0.14609981059724259
google_robot_open_drawer__seed011__step011,open_drawer,11,exploration,17,0.11081119031752816,-0.15736305344340537,0.08330977342171812,0.3156860036577755,1.2984754486491876,-0.20487481334024732,0.2681742437609335,0.027501416895810038,-0.20487481334024732
google_robot_open_drawer__seed011__step011,open_drawer,11,exploration,18,0.059401141492418076,-0.17527744768457032,0.06320397312855393,0.3156860036577755,1.058851156497664,-0.2562848621653574,0.2346785891769884,-0.003802831636135852,-0.2562848621653574
google_robot_open_drawer__seed011__step011,open_drawer,11,exploration,19,0.06056688019886169,-0.14408506339874874,0.09039002387104335,0.3156860036577755,1.3649073988491882,-0.2551191234589138,0.20465194359761044,-0.02982314367218166,-0.2551191234589138
google_robot_open_drawer__seed011__step011,open_drawer,11,exploration,20,0.16671586217362222,-0.11712903844848778,0.14512912110195594,0.3156860036577755,1.0937833134405315,-0.14897014148415327,0.28384490062211,0.021586741071666277,-0.14897014148415327
google_robot_open_drawer__seed011__step011,open_drawer,11,exploration,21,0.13710998555618117,-0.09880129492511928,0.12525592344487477,0.3156860036577755,1.1126973854579332,-0.17857601810159432,0.23591128048130044,0.011854062111306407,-0.17857601810159432
google_robot_open_drawer__seed011__step011,open_drawer,11,exploration,22,0.12181868298959835,-0.21002506462201512,0.11883663180138014,0.3156860036577755,1.075683685880067,-0.19386732066817713,0.33184374761161345,0.0029820511882182044,-0.19386732066817713
google_robot_open_drawer__seed011__step011,open_drawer,11,exploration,23,0.1405974287031077,-0.10609088572110108,0.11867714284573155,0.3156860036577755,1.0647804333588686,-0.17508857495466779,0.2466883144242088,0.021920285857376154,-0.17508857495466779
google_robot_open_drawer__seed011__step011,open_drawer,11,exploration,24,0.12957889305117054,-0.20573458046941498,0.1585997317999138,0.3156860036577755,1.1013054345797617,-0.18610711060660495,0.3353134735205855,-0.029020838748743255,-0.18610711060660495
google_robot_open_drawer__seed011__step011,open_drawer,11,exploration,25,0.1609150888417712,-0.19433450083091208,0.1609150888417712,0.3156860036577755,1.08336466464459,-0.1547709148160043,0.3552495896726833,0.0,-0.1547709148160043
google_robot_open_drawer__seed011__step011,open_drawer,11,exploration,26,0.17307718056493562,-0.069565725396838,0.17105312742489145,0.3156860036577755,1.0607981853350912,-0.14260882309283987,0.24264290596177363,0.0020240531400441686,-0.14260882309283987
google_robot_open_drawer__seed011__step011,open_drawer,11,exploration,27,0.18003169326581903,-0.1347093479653933,0.16521585937646835,0.3156860036577755,1.0565605249930439,-0.13565431039195647,0.3147410412312123,0.014815833889350677,-0.13565431039195647
google_robot_open_drawer__seed011__step011,open_drawer,11,exploration,28,0.11927294182755384,0.012105074038757694,0.15282832970078428,0.3156860036577755,1.0319554745725332,-0.19641306183022167,0.10716786778879614,-0.03355538787323044,-0.19641306183022167
google_robot_open_drawer__seed011__step011,open_drawer,11,exploration,29,0.13966907661748176,-0.14754267258534207,0.14461025098733635,0.3156860036577755,1.036561331799933,-0.17601692704029373,0.28721174920282383,-0.004941174369854584,-0.17601692704029373
google_robot_open_drawer__seed011__step011,open_drawer,11,exploration,30,0.15094460947013078,-0.20375704628591096,0.15094460947013078,0.3156860036577755,1.0225081641759215,-0.16474139418764472,0.35470165575604173,0.0,-0.16474139418764472
google_robot_open_drawer__seed011__step011,open_drawer,11,exploration,31,0.14826016980066947,0.06818381847307133,0.13729338685433815,0.3156860036577755,1.037489871043797,-0.16742583385710602,0.08007635132759815,0.010966782946331327,-0.16742583385710602
google_robot_open_drawer__seed011__step056,open_drawer,11,exploration,0,0.29132365891154316,0.09667897608708949,0.29132365891154316,0.2553333090950775,1.6365790880866706,0.03599034981646565,0.19464468282445369,0.0,0.0
google_robot_open_drawer__seed011__step056,open_drawer,11,exploration,1,0.33892465942646005,0.16670519064284903,0.3180323495210699,0.2553333090950775,1.7554928694861125,0.08359135033138254,0.17221946878361102,0.02089230990539015,0.02089230990539015
google_robot_open_drawer__seed011__step056,open_drawer,11,exploration,2,0.35090867108473583,0.10052808501431759,0.3852538389254489,0.2553333090950775,1.6487349337626496,0.09557536198965833,0.25038058607041824,-0.034345167840713064,-0.034345167840713064
google_robot_open_drawer__seed011__step056,open_drawer,11,exploration,3,0.3250190878648603,-0.03671464032694205,0.34105956025665823,0.2553333090950775,1.784066565418558,0.06968577876978277,0.36173372819180233,-0.016040472391797955,-0.016040472391797955
google_robot_open_drawer__seed011__step056,open_drawer,11,exploration,4,0.335570146146926,0.21499777304190626,0.3517843373462158,0.2553333090950775,1.7373173258014771,0.08023683705184848,0.12057237310501973,-0.016214191199289796,-0.016214191199289796
google_robot_open_drawer__seed011__step056,open_drawer,11,exploration,5,0.3206054210370265,0.25737893616559127,0.2852829310644349,0.2553333090950775,1.8839565663275,0.06527211194194898,0.06322648487143523,0.035322489972591575,0.035322489972591575
google_robot_open_drawer__seed011__step056,open_drawer,11,exploration,6,0.25978401672980567,0.25572595922302727,0.25697397253923887,0.2553333090950775,1.472704656258818,0.004450707634728157,0.004058057506778401,0.002810044190566796,0.002810044190566796
google_robot_open_drawer__seed011__step056,open_drawer,11,exploration,7,0.22822869321615835,0.2335378403832943,0.23028105173567862,0.2553333090950775,1.527196260925139,-0.027104615878919158,-0.005309147167135958,-0.0020523585195202643,-0.027104615878919158
google_robot_open_drawer__seed011__step056,open_drawer,11,exploration,8,0.22191006788049616,0.23874718512307616,0.2401519440859905,0.2553333090950775,1.6176302992902338,-0.033423241214581345,-0.016837117242579996,-0.018241876205494334,-0.033423241214581345
google_robot_open_drawer__seed011__step056,open_drawer,11,exploration,9,0.16155592369452923,0.23244980721837907,0.24774970236112767,0.2553333090950775,1.4302725860225292,-0.09377738540054828,-0.07089388352384984,-0.08619377866659844,-0.09377738540054828
google_robot_open_drawer__seed011__step056,open_drawer,11,exploration,10,0.246626619730299,0.25929583592084876,0.1875421085109412,0.2553333090950775,1.6342653021467268,-0.008706689364778503,-0.012669216190549754,0.059084511219357816,-0.012669216190549754
google_robot_open_drawer__seed011__step056,open_drawer,11,exploration,11,0.25405772268738436,0.06962877537720595,0.2684035466292443,0.2553333090950775,1.6393873335193756,-0.0012755864076931522,0.1844289473101784,-0.014345823941859959,-0.014345823941859959
google_robot_open_drawer__seed011__step056,open_drawer,11,exploration,12,0.25815328905957197,0.0724344598312689,0.2841143565400108,0.2553333090950775,1.6159132810301398,0.0028199799644944568,0.18571882922830307,-0.02596106748043886,-0.02596106748043886
google_robot_open_drawer__seed011__step056,open_drawer,11,exploration,13,0.23759507422007278,0.25340140558157775,0.15449370924382885,0.2553333090950775,1.66864390810935,-0.017738234875004727,-0.01580633136150497,0.08310136497624393,-0.017738234875004727
google_robot_open_drawer__seed011__step056,open_drawer,11,exploration,14,0.14699140268222782,0.10316500961803556,0.13356481811539303,0.2553333090950775,1.487216046161178,-0.10834190641284969,0.04382639306419227,0.013426584566834793,-0.10834190641284969
google_robot_open_drawer__seed011__step056,open_drawer,11,exploration,15,0.24725559835639668,0.2554070046124148,0.18221917194984352,0.2553333090950775,1.526493786081789,-0.008077710738680827,-0.008151406256018096,0.06503642640655316,-0.008151406256018096
google_robot_open_drawer__seed011__step056,open_drawer,11,exploration,16,0.2514239455694623,0.1655321430941196,0.23717823384287065,0.2553333090950775,1.7221270739139514,-0.003909363525615217,0.0858918024753427,0.014245711726591642,-0.003909363525615217
google_robot_open_drawer__seed011__step056,open_drawer,11,exploration,17,0.34877817592928556,0.10732998505565798,0.29740360218619416,0.2553333090950775,1.5591809117269082,0.09344486683420805,0.24144819087362757,0.0513745737430914,0.0513745737430914
google_robot_open_drawer__seed011__step056,open_drawer,11,exploration,18,0.26010359204663064,0.15238433524392583,0.3580480548351756,0.2553333090950775,1.6448397597687563,0.004770282951553129,0.1077192568027048,-0.09794446278854496,-0.09794446278854496
google_robot_open_drawer__seed011__step056,open_drawer,11,exploration,19,0.3482401042390144,0.11625319197787669,0.33912336724446784,0.2553333090950775,1.528673755575186,0.0929067951439369,0.2319869122611377,0.00911673699454657,0.00911673699454657
google_robot_open_drawer__seed011__step056,open_drawer,11,exploration,20,0.34213064410996213,0.11856938402389926,0.3009663987298232,0.2553333090950775,1.5680061902793023,0.08679733501488462,0.22356126008606286,0.04116424538013891,0.04116424538013891
google_robot_open_drawer__seed011__step056,open_drawer,11,exploration,21,0.2611544834661334,0.055679682741352515,0.24067735715750274,0.2553333090950775,1.5225713589285306,0.005821174371055893,0.2054748007247809,0.02047712630863066,0.005821174371055893
google_robot_open_drawer__seed011__step056,open_drawer,11,exploration,22,0.28260688107975157,0.18847757313112778,0.28867306238097645,0.2553333090950775,1.5150423668553807,0.02727357198467406,0.09412930794862379,-0.006066181301224882,-0.006066181301224882
google_robot_open_drawer__seed011__step056,open_drawer,11,exploration,23,0.30089110222384274,0.2776876609433918,0.3063301891068185,0.2553333090950775,1.6729467801427111,0.045557793128765234,0.02320344128045093,-0.00543908688297573,-0.00543908688297573
google_robot_open_drawer__seed011__step056,open_drawer,11,exploration,24,0.2663305086954562,0.059535602391258,0.24522122836083657,0.2553333090950775,1.5390567892002036,0.010997199600378704,0.20679490630419822,0.021109280334619646,0.010997199600378704
google_robot_open_drawer__seed011__step056,open_drawer,11,exploration,25,0.3038903211241644,0.12970168874117194,0.29347431122717216,0.2553333090950775,1.600024540401546,0.04855701202908691,0.17418863238299248,0.010416009896992262,0.010416009896992262
google_robot_open_drawer__seed011__step056,open_drawer,11,exploration,26,0.29347431122717216,0.13559567208772674,0.2967654571904888,0.2553333090950775,1.62451582679066,0.03814100213209465,0.15787863913944541,-0.003291145963316644,-0.003291145963316644
google_robot_open_drawer__seed011__step056,open_drawer,11,exploration,27,0.29068588765823966,0.04480541139255583,0.29313092095305116,0.2553333090950775,1.6178002610450448,0.03535257856316215,0.24588047626568382,-0.002445033294811494,-0.002445033294811494
google_robot_open_drawer__seed011__step056,open_drawer,11,exploration,28,0.2781854410675191,-0.0211580611036995,0.29314246752765294,0.2553333090950775,1.6569412499151008,0.02285213197244157,0.2993435021712186,-0.01495702646013386,-0.01495702646013386
google_robot_open_drawer__seed011__step056,open_drawer,11,exploration,29,0.28120311537351156,0.14901098514379524,0.29758614815011586,0.2553333090950775,1.576083171678009,0.02586980627843405,0.13219213022971632,-0.0163830327766043,-0.0163830327766043
google_robot_open_drawer__seed011__step056,open_drawer,11,exploration,30,0.29314246752765294,0.16270612850830865,0.29314246752765294,0.2553333090950775,1.6088807618169798,0.03780915843257543,0.1304363390193443,0.0,0.0
google_robot_open_drawer__seed011__step056,open_drawer,11,exploration,31,0.28753088579979025,0.14602874009981812,0.27981711219074956,0.2553333090950775,1.6072277852204957,0.03219757670471274,0.14150214569997213,0.007713773609040686,0.007713773609040686
google_robot_open_drawer__seed011__step101,open_drawer,11,exploration,0,0.7527431795661683,-0.23169381781337609,0.7527431795661683,0.43724943816390405,1.4476285736365606,0.31549374140226427,0.9844369973795444,0.0,0.0
google_robot_open_drawer__seed011__step101,open_drawer,11,exploration,1,0.8123778625425647,0.041893304084173834,0.8123778625425647,0.43724943816390405,1.7078163931610586,0.3751284243786607,0.7704845584583909,0.0,0.0
google_robot_open_drawer__seed011__step101,open_drawer,11,exploration,2,0.7969406485206921,0.174577426816554,0.7496106897932546,0.43724943816390405,2.0288827700136145,0.3596912103567881,0.6223632217041382,0.047329958727437504,0.047329958727437504
google_robot_open_drawer__seed011__step101,open_drawer,11,exploration,3,0.755311926199926,-0.005653997808116207,0.6413597803211089,0.43724943816390405,1.698162527241894,0.318062488036022,0.7609659240080422,0.11395214587881719,0.11395214587881719
google_robot_open_drawer__seed011__step101,open_drawer,11,exploration,4,0.7706648857758583,0.09638885461604635,0.7991276209403564,0.43724943816390405,1.8342637159627622,0.3334154476119543,0.6742760311598119,-0.028462735164498043,-0.028462735164498043
google_robot_open_drawer__seed011__step101,open_drawer,11,exploration,5,0.746878212039778,0.1296363342463772,0.7337601953988707,0.43724943816390405,2.010562192866185,0.30962877387587395,0.6172418777934008,0.013118016640907282,0.013118016640907282
google_robot_open_drawer__seed011__step101,open_drawer,11,exploration,6,0.6176027290677245,0.08482744728645432,0.7002538169189712,0.43724943816390405,1.8118467216200878,0.18035329090382046,0.5327752817812702,-0.08265108785124664,-0.08265108785124664
google_robot_open_drawer__seed011__step101,open_drawer,11,exploration,7,0.6643810400243556,-0.3882287618657394,0.6643810400243556,0.43724943816390405,1.6115021791651578,0.22713160186045156,1.0526098018900951,0.0,0.0
google_robot_open_drawer__seed011__step101,open_drawer,11,exploration,8,0.7050690560590911,0.06285332620630225,0.6332206424415676,0.43724943816390405,1.6392639155274416,0.26781961789518705,0.6422157298527889,0.07184841361752348,0.07184841361752348
google_robot_open_drawer__seed011__step101,open_drawer,11,exploration,9,0.73528558426908,-0.24596737979529884,0.6929571524016488,0.43724943816390405,1.8559881191408272,0.2980361461051759,0.9812529640643788,0.04232843186743118,0.04232843186743118
google_robot_open_drawer__seed011__step101,open_drawer,11,exploration,10,0.7680259120154113,-0.5412988945623723,0.7797747310646713,0.43724943816390405,1.8783974418447942,0.3307764738515072,1.3093248065777836,-0.011748819049260062,-0.011748819049260062
google_robot_open_drawer__seed011__step101,open_drawer,11,exploration,11,0.5394925083422534,0.07471683251918794,0.6422375708878546,0.43724943816390405,1.9595333944368092,0.10224307017834933,0.46477567582306545,-0.10274506254560123,-0.10274506254560123
google_robot_open_drawer__seed011__step101,open_drawer,11,exploration,12,0.4605490773837943,0.09874334670807232,0.43648763938329466,0.43724943816390405,1.8668468328107048,0.023299639219890256,0.36180573067572197,0.024061438000499646,0.023299639219890256
google_robot_open_drawer__seed011__step101,open_drawer,11,exploration,13,0.7211956732293233,-0.23751241065407688,0.6125059698962009,0.43724943816390405,1.7416574628052715,0.2839462350654193,0.9587080838834002,0.10868970333312244,0.10868970333312244
google_robot_open_drawer__seed011__step101,open_drawer,11,exploration,14,0.7449188375191937,0.027499312803655345,0.5623569546948691,0.43724943816390405,1.9322301846492427,0.3076693993552897,0.7174195247155384,0.18256188282432462,0.18256188282432462
google_robot_open_drawer__seed011__step101,open_drawer,11,exploration,15,0.5406477455922657,0.15627021495650342,0.38274877737700147,0.43724943816390405,1.9714152476737294,0.10339830742836165,0.3843775306357623,0.15789896821526422,0.10339830742836165
google_robot_open_drawer__seed011__step101,open_drawer,11,exploration,16,0.22606375588155012,-0.15668207927514546,0.8086973698964942,0.43724943816390405,1.0604836517024694,-0.21118568228235393,0.3827458351566956,-0.5826336140149441,-0.5826336140149441
google_robot_open_drawer__seed011__step101,open_drawer,11,exploration,17,0.5321375104954771,-0.27072349242653654,0.5638391162971482,0.43724943816390405,1.4150367061374085,0.09488807233157304,0.8028610029220136,-0.03170160580167114,-0.03170160580167114
google_robot_open_drawer__seed011__step101,open_drawer,11,exploration,18,0.2331213992246416,0.16989400735295457,0.5487941807465847,0.43724943816390405,1.3390357611007848,-0.20412803893926246,0.06322739187168702,-0.3156727815219431,-0.3156727815219431
google_robot_open_drawer__seed011__step101,open_drawer,11,exploration,19,0.5662441045866998,0.24396599643725558,0.8143052148990512,0.43724943816390405,1.4105533140754423,0.12899466642279578,0.32227810814944424,-0.24806111031235134,-0.24806111031235134
google_robot_open_drawer__seed011__step101,open_drawer,11,exploration,20,0.39524557728608084,-0.4882262134308876,0.5832503290936278,0.43724943816390405,1.1567348935619977,-0.04200386087782321,0.8834717907169685,-0.188004751807547,-0.188004751807547
google_robot_open_drawer__seed011__step101,open_drawer,11,exploration,21,0.49108707688646197,-0.1523032303853546,0.543044356424961,0.43724943816390405,1.1712700230683843,0.05383763872255792,0.6433903072718166,-0.05195727953849899,-0.05195727953849899
google_robot_open_drawer__seed011__step101,open_drawer,11,exploration,22,0.4312240224493327,0.12235105634300976,0.5516527837463493,0.43724943816390405,1.3306699330671863,-0.006025415714571325,0.308872966106323,-0.12042876129701657,-0.12042876129701657
google_robot_open_drawer__seed011__step101,open_drawer,11,exploration,23,0.5473824258567691,0.28376500368682106,0.5460508664259097,0.43724943816390405,1.307745578891326,0.11013298769286506,0.26361742216994805,0.0013315594308593859,0.0013315594308593859
google_robot_open_drawer__seed011__step101,open_drawer,11,exploration,24,0.3677410908008969,-0.034865755613891415,0.5300338323859878,0.43724943816390405,1.2231597979251256,-0.06950834736300715,0.40260684641478833,-0.16229274158509088,-0.16229274158509088
google_robot_open_drawer__seed011__step101,open_drawer,11,exploration,25,0.13675140195368382,-0.015328075710742517,0.14722198193740427,0.43724943816390405,1.1452258930330463,-0.3004980362102202,0.15207947766442634,-0.010470579983720446,-0.3004980362102202
google_robot_open_drawer__seed011__step101,open_drawer,11,exploration,26,0.11803898656988664,-0.20757993469734,0.18280184567932045,0.43724943816390405,1.1043664096549952,-0.3192104515940174,0.32561892126722664,-0.06476285910943382,-0.3192104515940174
google_robot_open_drawer__seed011__step101,open_drawer,11,exploration,27,0.2017965228201448,0.15938394618268104,0.40473895584479846,0.43724943816390405,1.2398670705137678,-0.23545291534375926,0.042412576637463756,-0.20294243302465367,-0.23545291534375926
google_robot_open_drawer__seed011__step101,open_drawer,11,exploration,28,0.1892299486184034,0.07235495424736875,0.3200497989446172,0.43724943816390405,1.1743874383489157,-0.24801948954550065,0.11687499437103464,-0.13081985032621382,-0.24801948954550065
google_robot_open_drawer__seed011__step101,open_drawer,11,exploration,29,0.7338888985379667,0.30083603956912014,0.7464989762278734,0.43724943816390405,1.648907355324108,0.29663946037406264,0.43305285896884654,-0.01261007768990674,-0.01261007768990674
google_robot_open_drawer__seed011__step101,open_drawer,11,exploration,30,0.389541385348872,-0.262173661792985,0.41104152386911186,0.43724943816390405,1.1421837259654488,-0.04770805281503204,0.651715047141857,-0.021500138520239853,-0.04770805281503204
google_robot_open_drawer__seed011__step101,open_drawer,11,exploration,31,0.2540990102521607,-0.016750925710255115,0.2540990102521607,0.43724943816390405,1.07394591307788,-0.18315042791174335,0.2708499359624158,0.0,-0.18315042791174335
google_robot_open_drawer__seed032__step011,open_drawer,32,exploration,0,0.34294847690207747,-0.00675740230843197,0.34294847690207747,-0.026933966060630744,1.4327753030183004,0.3698824429627082,0.34970587921050944,0.0,0.0
google_robot_open_drawer__seed032__step011,open_drawer,32,exploration,1,0.36467752736484504,0.21174048414063798,0.36467752736484504,-0.026933966060630744,1.3860903485644407,0.3916114934254758,0.15293704322420706,0.0,0.0
google_robot_open_drawer__seed032__step011,open_drawer,32,exploration,2,0.2716141986238429,0.1828862963204808,0.2716141986238429,-0.026933966060630744,1.470929998813,0.29854816468447365,0.08872790230336208,0.0,0.0
google_robot_open_drawer__seed032__step011,open_drawer,32,exploration,3,0.3531875702108093,0.2403416856224564,0.3579266143991921,-0.026933966060630744,1.404096564545886,0.3801215362714401,0.11284588458835293,-0.004739044188382779,-0.004739044188382779
google_robot_open_drawer__seed032__step011,open_drawer,32,exploration,4,0.1689960473688227,0.2626908675948409,0.20198023108604998,-0.026933966060630744,1.2057091741285575,0.19593001342945346,-0.09369482022601819,-0.03298418371722728,-0.09369482022601819
google_robot_open_drawer__seed032__step011,open_drawer,32,exploration,5,0.14528061034429837,0.22553458952046315,0.11657948278177394,-0.026933966060630744,1.2056990570707313,0.17221457640492913,-0.08025397917616478,0.028701127562524437,-0.08025397917616478
google_robot_open_drawer__seed032__step011,open_drawer,32,exploration,6,0.25959669423250303,0.2195504258708103,0.24602466644407675,-0.026933966060630744,1.3587646309780255,0.2865306602931338,0.04004626836169273,0.013572027788426283,0.013572027788426283
google_robot_open_drawer__seed032__step011,open_drawer,32,exploration,7,0.2276488009496523,0.1998118748662733,0.21881210602301104,-0.026933966060630744,1.4321590438023428,0.25458276701028304,0.02783692608337901,0.00883669492664127,0.00883669492664127
google_robot_open_drawer__seed032__step011,open_drawer,32,exploration,8,0.257422829411534,0.059688369157211645,0.25237562117509355,-0.026933966060630744,1.3916090734469209,0.28435679547216475,0.19773446025432234,0.005047208236440448,0.005047208236440448
google_robot_open_drawer__seed032__step011,open_drawer,32,exploration,9,0.24533494398280953,0.20774488179341685,0.2530934481379635,-0.026933966060630744,1.1264328710605223,0.2722689100434403,0.037590062189392676,-0.007758504155153945,-0.007758504155153945
google_robot_open_drawer__seed032__step011,open_drawer,32,exploration,10,0.20314019051293983,0.1936547312286989,0.27165163173038603,-0.026933966060630744,1.2240672718197576,0.23007415657357058,0.009485459284240938,-0.0685114412174462,-0.0685114412174462
google_robot_open_drawer__seed032__step011,open_drawer,32,exploration,11,0.23039920328515553,0.15701165451484567,0.13564902864499276,-0.026933966060630744,1.2557288817828351,0.25733316934578626,0.07338754877030987,0.09475017464016278,0.07338754877030987
google_robot_open_drawer__seed032__step011,open_drawer,32,exploration,12,0.2295465662305274,0.06755586932444665,0.19685224314159133,-0.026933966060630744,1.1647895699706468,0.25648053229115814,0.16199069690608076,0.03269432308893608,0.03269432308893608
google_robot_open_drawer__seed032__step011,open_drawer,32,exploration,13,0.2564874022863101,0.17605099131454163,0.231359224437542,-0.026933966060630744,1.2846632442242876,0.28342136834694087,0.08043641097176848,0.025128177848768113,0.025128177848768113
google_robot_open_drawer__seed032__step011,open_drawer,32,exploration,14,0.2487161391549515,0.17111961807536924,0.24980287639219437,-0.026933966060630744,1.2741682168365631,0.27565010521558225,0.07759652107958226,-0.0010867372372428685,-0.0010867372372428685
google_robot_open_drawer__seed032__step011,open_drawer,32,exploration,15,0.2465889570912466,0.12790252101743874,0.19394269469101122,-0.026933966060630744,1.4470686030460675,0.2735229231518773,0.11868643607380785,0.05264626240023537,0.05264626240023537
google_robot_open_drawer__seed032__step011,open_drawer,32,exploration,16,0.1525324889114639,0.13750507150913768,0.1665008308388486,-0.026933966060630744,1.2070121849387265,0.17946645497209465,0.015027417402326215,-0.013968341927384692,-0.013968341927384692
google_robot_open_drawer__seed032__step011,open_drawer,32,exploration,17,0.2948254640886559,0.10233071438401949,0.23901751292577497,-0.026933966060630744,1.3223025805871758,0.32175943014928665,0.19249474970463643,0.055807951162880925,0.055807951162880925
google_robot_open_drawer__seed032__step011,open_drawer,32,exploration,18,0.2410304448880323,0.06268037723100245,0.21653921396632692,-0.026933966060630744,1.2985385061972314,0.267964410948663,0.17835006765702985,0.02449123092170538,0.02449123092170538
google_robot_open_drawer__seed032__step011,open_drawer,32,exploration,19,0.22805398195858076,0.06823963724952471,0.19749708933766866,-0.026933966060630744,1.2476536775740312,0.2549879480192115,0.15981434470905603,0.0305568926209121,0.0305568926209121
google_robot_open_drawer__seed032__step011,open_drawer,32,exploration,20,0.12310729133216652,0.08270873156840534,0.07901466257696725,-0.026933966060630744,1.0314846740586054,0.15004125739279728,0.04039855976376118,0.04409262875519927,0.04039855976376118
google_robot_open_drawer__seed032__step011,open_drawer,32,exploration,21,0.09664615808811,0.03826603829209645,0.11467333776093813,-0.026933966060630744,1.0793398457711931,0.12358012414874074,0.05838011979601355,-0.01802717967282813,-0.01802717967282813
google_robot_open_drawer__seed032__step011,open_drawer,32,exploration,22,0.19880716012546587,0.05973599648077856,0.19683211836716508,-0.026933966060630744,1.1563240381402857,0.22574112618609662,0.1390711636446873,0.001975041758300794,0.001975041758300794
google_robot_open_drawer__seed032__step011,open_drawer,32,exploration,23,0.18969877881461297,-0.04695385085129953,0.20807420571615545,-0.026933966060630744,1.1856622693784906,0.21663274487524373,0.2366526296659125,-0.01837542690154248,-0.01837542690154248
google_robot_open_drawer__seed032__step011,open_drawer,32,exploration,24,0.23011243136433865,-0.03622371358950427,0.22538224695570686,-0.026933966060630744,1.1236708305470176,0.2570463974249694,0.26633614495384295,0.0047301844086317935,0.0047301844086317935
google_robot_open_drawer__seed032__step011,open_drawer,32,exploration,25,0.22764528416364416,0.0037010170831136557,0.2198895635849292,-0.026933966060630744,1.2359982057096728,0.2545792502242749,0.2239442670805305,0.007755720578714959,0.007755720578714959
google_robot_open_drawer__seed032__step011,open_drawer,32,exploration,26,0.22153738442632578,-0.02815376501768009,0.20963915463935093,-0.026933966060630744,1.1364246227037424,0.24847135048695654,0.2496911494440059,0.011898229786974857,0.011898229786974857
google_robot_open_drawer__seed032__step011,open_drawer,32,exploration,27,0.253606047332031,0.04479059171324943,0.23725275672204774,-0.026933966060630744,1.2617227004624803,0.28054001339266177,0.2088154556187816,0.01635329060998328,0.01635329060998328
google_robot_open_drawer__seed032__step011,open_drawer,32,exploration,28,0.2248564333526112,-0.08359615955289364,0.23770503041560262,-0.026933966060630744,1.2353833613048169,0.25179039941324194,0.30845259290550486,-0.012848597062991407,-0.012848597062991407
google_robot_open_drawer__seed032__step011,open_drawer,32,exploration,29,0.23083590085649627,-0.02573065635129256,0.22730165330178306,-0.026933966060630744,1.1807546316988553,0.257769866917127,0.2565665572077888,0.00353424755471321,0.00353424755471321
google_robot_open_drawer__seed032__step011,open_drawer,32,exploration,30,0.24451310845404675,-0.0992552605069405,0.2494058820675994,-0.026933966060630744,1.2163670740899357,0.2714470745146775,0.3437683689609873,-0.004892773613552642,-0.004892773613552642
google_robot_open_drawer__seed032__step011,open_drawer,32,exploration,31,0.1647325438056247,0.12458946330306069,0.15665127758293643,-0.026933966060630744,1.0015605767589189,0.19166650986625544,0.040143080502564,0.00808126622268826,0.00808126622268826
google_robot_open_drawer__seed032__step056,open_drawer,32,exploration,0,0.11288256667489482,0.08926365880275829,0.11288256667489482,-0.016505534839784636,2.3955125240238653,0.12938810151467947,0.023618907872136538,0.0,0.0
google_robot_open_drawer__seed032__step056,open_drawer,32,exploration,1,0.17346139287438642,0.011834510975505816,0.18583168482192888,-0.016505534839784636,1.0786434420303825,0.18996692771417106,0.1616268818988806,-0.012370291947542467,-0.012370291947542467
google_robot_open_drawer__seed032__step056,open_drawer,32,exploration,2,0.22344033244687544,-0.027487261850712458,0.188720870666396,-0.016505534839784636,1.071366450966284,0.2399458672866601,0.25092759429758793,0.03471946178047944,0.03471946178047944
google_robot_open_drawer__seed032__step056,open_drawer,32,exploration,3,0.15800877069149388,-0.34066799850357876,0.13075459730649888,-0.016505534839784636,1.1335549059974763,0.17451430553127853,0.49867676919507264,0.027254173384995,0.027254173384995
google_robot_open_drawer__seed032__step056,open_drawer,32,exploration,4,0.231554923459256,-0.34066799850357876,0.09916232341191207,-0.016505534839784636,1.0883145600988802,0.24806045829904064,0.5722229219628348,0.13239260004734393,0.13239260004734393
google_robot_open_drawer__seed032__step056,open_drawer,32,exploration,5,0.2137991281975875,-0.11516423789792825,0.18171858987510028,-0.016505534839784636,1.3606810172704067,0.23030466303737215,0.32896336609551574,0.03208053832248722,0.03208053832248722
google_robot_open_drawer__seed032__step056,open_drawer,32,exploration,6,0.39202663229271195,-0.06921098142787623,0.37394845082789413,-0.016505534839784636,1.6626734113233563,0.40853216713249657,0.4612376137205882,0.018078181464817822,0.018078181464817822
google_robot_open_drawer__seed032__step056,open_drawer,32,exploration,7,0.12103628308607224,0.023917430455002695,0.09838096189111196,-0.016505534839784636,1.7364019847198642,0.13754181792585687,0.09711885263106955,0.022655321194960276,0.022655321194960276
google_robot_open_drawer__seed032__step056,open_drawer,32,exploration,8,0.1737040511997936,-0.3303326674808644,0.2253176722746597,-0.016505534839784636,1.9011312356608774,0.19020958603957824,0.504036718680658,-0.05161362107486611,-0.05161362107486611
google_robot_open_drawer__seed032__step056,open_drawer,32,exploration,9,0.15544132630801724,-0.30607500766207435,0.27246193658586143,-0.016505534839784636,1.38103949123258,0.1719468611478019,0.4615163339700916,-0.11702061027784419,-0.11702061027784419
google_robot_open_drawer__seed032__step056,open_drawer,32,exploration,10,0.26637377453703853,0.06746325383983721,0.28471111190170767,-0.016505534839784636,1.5598442652950884,0.28287930937682315,0.19891052069720133,-0.018337337364669137,-0.018337337364669137
google_robot_open_drawer__seed032__step056,open_drawer,32,exploration,11,0.31921731150513727,-0.15234330004580268,0.2717909264918144,-0.016505534839784636,1.3866403767999849,0.3357228463449219,0.47156061155094,0.04742638501332286,0.04742638501332286
google_robot_open_drawer__seed032__step056,open_drawer,32,exploration,12,0.3791204093919092,-0.14181779824913177,0.3011657427015985,-0.016505534839784636,1.4530591715191332,0.39562594423169384,0.5209382076410409,0.0779546666903107,0.0779546666903107
google_robot_open_drawer__seed032__step056,open_drawer,32,exploration,13,0.21441684938230657,0.03915869168647001,0.2814331028776274,-0.016505534839784636,1.467989739517656,0.23092238422209121,0.17525815769583655,-0.06701625349532084,-0.06701625349532084
google_robot_open_drawer__seed032__step056,open_drawer,32,exploration,14,0.21975243685468984,0.0813730654583414,0.2613319150632987,-0.016505534839784636,1.2452502541093236,0.2362579716944745,0.13837937139634843,-0.04157947820860888,-0.04157947820860888
google_robot_open_drawer__seed032__step056,open_drawer,32,exploration,15,0.17554276897661455,-0.19759886238522464,0.25115021955183364,-0.016505534839784636,1.6380597511773063,0.1920483038163992,0.3731416313618392,-0.07560745057521909,-0.07560745057521909
google_robot_open_drawer__seed032__step056,open_drawer,32,exploration,16,0.18002828109365754,-0.1350895271913247,0.19116146821649246,-0.016505534839784636,1.5020809673672326,0.19653381593344219,0.31511780828498226,-0.011133187122834926,-0.011133187122834926
google_robot_open_drawer__seed032__step056,open_drawer,32,exploration,17,0.09958315107784721,-0.2589922232893285,0.148561316938416,-0.016505534839784636,1.3763351265633643,0.11608868591763184,0.35857537436717574,-0.0489781658605688,-0.0489781658605688
google_robot_open_drawer__seed032__step056,open_drawer,32,exploration,18,0.2406530777795901,-0.31004725584851556,0.12326147615086987,-0.016505534839784636,1.257685336703302,0.2571586126193747,0.5507003336281057,0.11739160162872024,0.11739160162872024
google_robot_open_drawer__seed032__step056,open_drawer,32,exploration,19,0.13880375592214295,-0.06145809486710115,0.1841581665949792,-0.016505534839784636,1.3273175564278963,0.1553092907619276,0.2002618507892441,-0.04535441067283624,-0.04535441067283624
google_robot_open_drawer__seed032__step056,open_drawer,32,exploration,20,0.1555439703264155,-0.45679414846381144,0.13334768421052787,-0.016505534839784636,1.5531677730823559,0.17204950516620016,0.6123381187902269,0.022196286115887642,0.022196286115887642
google_robot_open_drawer__seed032__step056,open_drawer,32,exploration,21,0.13182208957099262,-0.12165301149049527,0.10619406163445481,-0.016505534839784636,1.6580265598327928,0.14832762441077726,0.2534751010614879,0.025628027936537803,0.025628027936537803
google_robot_open_drawer__seed032__step056,open_drawer,32,exploration,22,0.07044419977098887,-0.24837968494000243,0.10726523917286768,-0.016505534839784636,2.0966429933865256,0.0869497346107735,0.3188238847109913,-0.03682103940187881,-0.03682103940187881
google_robot_open_drawer__seed032__step056,open_drawer,32,exploration,23,0.11175901362242609,-0.13300334688393906,0.11175901362242609,-0.016505534839784636,1.9736841027723693,0.12826454846221072,0.24476236050636513,0.0,0.0
google_robot_open_drawer__seed032__step056,open_drawer,32,exploration,24,0.09742809252889073,-0.053928976438625466,0.16749397307981992,-0.016505534839784636,1.910930547324426,0.11393362736867536,0.1513570689675162,-0.07006588055092919,-0.07006588055092919
google_robot_open_drawer__seed032__step056,open_drawer,32,exploration,25,0.13448481095916684,-0.16933710653674963,0.12035270433613342,-0.016505534839784636,2.0282337724331083,0.1509903457989515,0.30382191749591647,0.014132106623033422,0.014132106623033422
google_robot_open_drawer__seed032__step056,open_drawer,32,exploration,26,0.11370767808476277,-0.32903909441242457,0.10036327126206694,-0.016505534839784636,1.8360653519254029,0.1302132129245474,0.44274677249718736,0.013344406822695831,0.013344406822695831
google_robot_open_drawer__seed032__step056,open_drawer,32,exploration,27,0.08288856827700351,-0.30811150294617506,0.05855047308476242,-0.016505534839784636,1.7993369072644925,0.09939410311678815,0.3910000712231786,0.024338095192241095,0.024338095192241095
google_robot_open_drawer__seed032__step056,open_drawer,32,exploration,28,0.08515377337421619,-0.010431954176612837,0.0698864846984373,-0.016505534839784636,1.6856342903492187,0.10165930821400082,0.09558572755082903,0.015267288675778881,0.015267288675778881
google_robot_open_drawer__seed032__step056,open_drawer,32,exploration,29,0.08324526371448154,-0.13423268013034176,0.08515377337421619,-0.016505534839784636,1.8060335793210884,0.09975079855426618,0.2174779438448233,-0.0019085096597346446,-0.0019085096597346446
google_robot_open_drawer__seed032__step056,open_drawer,32,exploration,30,0.22673986314403147,-0.09725193361966152,0.09947511860088365,-0.016505534839784636,1.0747139786340107,0.24324539798381611,0.323991796763693,0.12726474454314782,0.12726474454314782
google_robot_open_drawer__seed032__step056,open_drawer,32,exploration,31,0.12491962881536818,0.3142714529002318,0.12491962881536818,-0.016505534839784636,1.0648627968698,0.1414251636551528,-0.18935182408486362,0.0,-0.18935182408486362
google_robot_open_drawer__seed032__step101,open_drawer,32,exploration,0,0.4840020402583441,0.10380392904779773,0.4840020402583441,0.06024386511708348,1.6591636667506489,0.42375817514126063,0.38019811121054636,0.0,0.0
google_robot_open_drawer__seed032__step101,open_drawer,32,exploration,1,0.4800149004610499,0.27887409316540857,0.4800149004610499,0.06024386511708348,1.6081111143323674,0.4197710353439664,0.20114080729564132,0.0,0.0
google_robot_open_drawer__seed032__step101,open_drawer,32,exploration,2,0.5715468291240474,0.03512038474391538,0.5523525061394515,0.06024386511708348,1.4502312170799192,0.511302964006964,0.5364264443801321,0.01919432298459589,0.01919432298459589
google_robot_open_drawer__seed032__step101,open_drawer,32,exploration,3,0.47055941763677994,0.024926463105572078,0.3945555101301254,0.06024386511708348,1.3301089426023567,0.4103155525196965,0.4456329545312079,0.07600390750665453,0.07600390750665453
google_robot_open_drawer__seed032__step101,open_drawer,32,exploration,4,0.40622051955726396,-0.039772839301148256,0.277017364044375,0.06024386511708348,1.3740732405025828,0.3459766544401805,0.44599335885841224,0.12920315551288897,0.12920315551288897
google_robot_open_drawer__seed032__step101,open_drawer,32,exploration,5,0.29382026314500737,-0.046405422622217196,0.2890979548952023,0.06024386511708348,1.6511766083368755,0.23357639802792388,0.34022568576722456,0.004722308249805074,0.004722308249805074
google_robot_open_drawer__seed032__step101,open_drawer,32,exploration,6,0.3935234724031848,-0.24280036162702845,0.3753585656595016,0.06024386511708348,1.4806461954760353,0.33327960728610134,0.6363238340302133,0.018164906743683207,0.018164906743683207
google_robot_open_drawer__seed032__step101,open_drawer,32,exploration,7,0.4519179293127953,-0.08991685239015605,0.5093704558508395,0.06024386511708348,1.4262778615336642,0.3916740641957118,0.5418347817029513,-0.057452526538044224,-0.057452526538044224
google_robot_open_drawer__seed032__step101,open_drawer,32,exploration,8,0.49289955920948825,0.015619461900730163,0.3073417132578123,0.06024386511708348,1.6546597779897796,0.4326556940924048,0.4772800973087581,0.18555784595167596,0.18555784595167596
google_robot_open_drawer__seed032__step101,open_drawer,32,exploration,9,0.40603024609252514,0.18553542139168022,0.4599088241775306,0.06024386511708348,1.1963927846389262,0.3457863809754417,0.22049482470084492,-0.05387857808500546,-0.05387857808500546
google_robot_open_drawer__seed032__step101,open_drawer,32,exploration,10,0.3559396017846375,-0.13125035722420084,0.2750206410782543,0.06024386511708348,1.6119554222409906,0.29569573666755405,0.4871899590088383,0.08091896070638321,0.08091896070638321
google_robot_open_drawer__seed032__step101,open_drawer,32,exploration,11,0.48674540422432333,-0.31234084571468984,0.4269089563745729,0.06024386511708348,1.5219883504588179,0.42650153910723987,0.7990862499390132,0.05983644784975045,0.05983644784975045
google_robot_open_drawer__seed032__step101,open_drawer,32,exploration,12,0.435999141699057,0.0419909906410157,0.4493764409859375,0.06024386511708348,1.5171127687862103,0.37575527658197355,0.3940081510580413,-0.013377299286880473,-0.013377299286880473
google_robot_open_drawer__seed032__step101,open_drawer,32,exploration,13,0.4222832179959541,-0.1403782515970538,0.4443002890901855,0.06024386511708348,1.3978503562009335,0.3620393528788706,0.5626614695930079,-0.0220170710942314,-0.0220170710942314
google_robot_open_drawer__seed032__step101,open_drawer,32,exploration,14,0.35227701839714604,0.07114134569013665,0.3821748655054964,0.06024386511708348,1.549082206911446,0.2920331532800626,0.2811356727070094,-0.02989784710835036,-0.02989784710835036
google_robot_open_drawer__seed032__step101,open_drawer,32,exploration,15,0.4651529037906695,0.43414431609035153,0.47241707163998775,0.06024386511708348,1.3181057114587644,0.404909038673586,0.031008587700317947,-0.00726416784931827,-0.00726416784931827
google_robot_open_drawer__seed032__step101,open_drawer,32,exploration,16,0.40020932587946695,-0.03281542565445319,0.3997342130455963,0.06024386511708348,1.5330781503596833,0.3399654607623835,0.4330247515339201,0.00047511283387063896,0.00047511283387063896
google_robot_open_drawer__seed032__step101,open_drawer,32,exploration,17,0.38149510485785015,-0.07953178433724405,0.3935386342522953,0.06024386511708348,1.2722432255211213,0.3212512397407667,0.4610268891950942,-0.01204352939444514,-0.01204352939444514
google_robot_open_drawer__seed032__step101,open_drawer,32,exploration,18,0.42235039060803653,0.02967896909201954,0.36681388214121036,0.06024386511708348,1.181912071162945,0.36210652549095307,0.39267142151601697,0.05553650846682617,0.05553650846682617
google_robot_open_drawer__seed032__step101,open_drawer,32,exploration,19,0.39919221627180485,0.12653651574200073,0.39919221627180485,0.06024386511708348,1.205056596307236,0.3389483511547214,0.27265570052980415,0.0,0.0
google_robot_open_drawer__seed032__step101,open_drawer,32,exploration,20,0.36549995195578217,0.012830617906162056,0.4844877918513455,0.06024386511708348,1.2699880458880006,0.3052560868386987,0.3526693340496201,-0.11898783989556333,-0.11898783989556333
google_robot_open_drawer__seed032__step101,open_drawer,32,exploration,21,0.34186512428431537,0.06450269050259437,0.3081985584113105,0.06024386511708348,1.5371673259699965,0.2816212591672319,0.277362433781721,0.03366656587300487,0.03366656587300487
google_robot_open_drawer__seed032__step101,open_drawer,32,exploration,22,0.3925379424988114,0.06829593191180633,0.43855899749935956,0.06024386511708348,1.5517511652681342,0.33229407738172795,0.3242420105870051,-0.04602105500054815,-0.04602105500054815
google_robot_open_drawer__seed032__step101,open_drawer,32,exploration,23,0.3412735685313703,0.20052217362905497,0.4840120977214402,0.06024386511708348,1.3843117234321913,0.28102970341428685,0.14075139490231534,-0.1427385291900699,-0.1427385291900699
google_robot_open_drawer__seed032__step101,open_drawer,32,exploration,24,0.4462027426814667,0.02636430183391968,0.285675878948305,0.06024386511708348,1.2016583595498262,0.38595887756438324,0.419838440847547,0.16052686373316172,0.16052686373316172
google_robot_open_drawer__seed032__step101,open_drawer,32,exploration,25,0.4336735968679157,0.35845537500619434,0.4487809383496613,0.06024386511708348,1.314036563426425,0.3734297317508322,0.07521822186172133,-0.01510734148174564,-0.01510734148174564
google_robot_open_drawer__seed032__step101,open_drawer,32,exploration,26,0.41507759770087266,-0.014746789537313065,0.37322507577065633,0.06024386511708348,1.4774448455873501,0.3548337325837892,0.4298243872381857,0.041852521930216324,0.041852521930216324
google_robot_open_drawer__seed032__step101,open_drawer,32,exploration,27,0.311561365207442,-0.005773718731083795,0.33190945821561413,0.06024386511708348,1.5821861124756846,0.2513175000903585,0.3173350839385258,-0.02034809300817214,-0.02034809300817214
google_robot_open_drawer__seed032__step101,open_drawer,32,exploration,28,0.309579716310397,0.1438389167544648,0.3107490095772582,0.06024386511708348,1.6437209735810328,0.2493358511933135,0.16574079955593218,-0.0011692932668612155,-0.0011692932668612155
google_robot_open_drawer__seed032__step101,open_drawer,32,exploration,29,0.5672731735344276,0.35283922762459774,0.5672731735344276,0.06024386511708348,1.412084272810531,0.5070293084173442,0.2144339459098299,0.0,0.0
google_robot_open_drawer__seed032__step101,open_drawer,32,exploration,30,0.5045327622758787,0.09640751483814337,0.4589035447240883,0.06024386511708348,1.266570778772141,0.44428889715879527,0.4081252474377354,0.045629217551790446,0.045629217551790446
google_robot_open_drawer__seed032__step101,open_drawer,32,exploration,31,0.4159139684325748,0.023490347439401038,0.4425879094035327,0.06024386511708348,1.3665639190147854,0.3556701033154913,0.39242362099317374,-0.026673940970957932,-0.026673940970957932
google_robot_open_drawer__seed056__step011,open_drawer,56,exploration,0,0.3377533012559431,-0.16822474274810037,0.3377533012559431,0.052731806962296734,1.3307725439621845,0.28502149429364637,0.5059780440040434,0.0,0.0
google_robot_open_drawer__seed056__step011,open_drawer,56,exploration,1,0.36925427551740325,-0.055388346156874844,0.36925427551740325,0.052731806962296734,1.4226310088327005,0.3165224685551065,0.4246426216742781,0.0,0.0
google_robot_open_drawer__seed056__step011,open_drawer,56,exploration,2,0.24846622412368488,-0.1638936480521833,0.31531340618482584,0.052731806962296734,1.2607764271824176,0.19573441716138815,0.41235987217586817,-0.06684718206114096,-0.06684718206114096
google_robot_open_drawer__seed056__step011,open_drawer,56,exploration,3,0.2437067517376715,-0.12365626244631628,0.2468429148137553,0.052731806962296734,1.2102303055199692,0.19097494477537477,0.36736301418398776,-0.0031361630760838033,-0.0031361630760838033
google_robot_open_drawer__seed056__step011,open_drawer,56,exploration,4,0.253811692284964,-0.183896396536784,0.2856079227469274,0.052731806962296734,1.1614297214224636,0.20107988532266724,0.43770808882174794,-0.03179623046196345,-0.03179623046196345
google_robot_open_drawer__seed056__step011,open_drawer,56,exploration,5,0.15775855946691783,-0.17387424414294206,0.27425773630339484,0.052731806962296734,1.2347150935130535,0.1050267525046211,0.3316328036098599,-0.11649917683647701,-0.11649917683647701
google_robot_open_drawer__seed056__step011,open_drawer,56,exploration,6,0.18964958232043125,-0.0790123254569242,0.1891559581320197,0.052731806962296734,1.4115632808375498,0.1369177753581345,0.26866190777735544,0.0004936241884115344,0.0004936241884115344
google_robot_open_drawer__seed056__step011,open_drawer,56,exploration,7,0.12297626717340109,-0.06461004656527046,0.1366695829572362,0.052731806962296734,1.3048384452896884,0.07024446021110435,0.18758631373867155,-0.013693315783835106,-0.013693315783835106
google_robot_open_drawer__seed056__step011,open_drawer,56,exploration,8,0.262887583500856,-0.09702341699255813,0.24516574591651388,0.052731806962296734,1.3547588602732208,0.21015577653855927,0.3599110004934141,0.01772183758434212,0.01772183758434212
google_robot_open_drawer__seed056__step011,open_drawer,56,exploration,9,0.24155479711574854,-0.14184464635502245,0.2377120436745492,0.052731806962296734,1.1987327575284876,0.1888229901534518,0.383399443470771,0.0038427534411993314,0.0038427534411993314
google_robot_open_drawer__seed056__step011,open_drawer,56,exploration,10,0.3008205718224759,-0.10899299834444642,0.28722993864512836,0.052731806962296734,1.1914352795413434,0.24808876486017917,0.4098135701669223,0.013590633177347544,0.013590633177347544
google_robot_open_drawer__seed056__step011,open_drawer,56,exploration,11,0.15962485389192801,-0.04402479136355081,0.25384474990265876,0.052731806962296734,1.3020900734784084,0.10689304692963128,0.20364964525547882,-0.09421989601073075,-0.09421989601073075
google_robot_open_drawer__seed056__step011,open_drawer,56,exploration,12,0.2489494919317992,-0.009824509199929934,0.2193805141417411,0.052731806962296734,1.2983496178251461,0.19621768496950245,0.2587740011317291,0.0295689777900581,0.0295689777900581
google_robot_open_drawer__seed056__step011,open_drawer,56,exploration,13,0.26981555791216694,-0.08643761142968509,0.2575871812712665,0.052731806962296734,1.3263959331686337,0.2170837509498702,0.356253169341852,0.012228376640900429,0.012228376640900429
google_robot_open_drawer__seed056__step011,open_drawer,56,exploration,14,0.2619307808263987,-0.03359226401821875,0.24780467424267102,0.052731806962296734,1.3626965286603439,0.20919897386410197,0.29552304484461744,0.014126106583727677,0.014126106583727677
google_robot_open_drawer__seed056__step011,open_drawer,56,exploration,15,0.24046720625607332,-0.024998968729471216,0.22241525793476866,0.052731806962296734,1.2204958704459699,0.18773539929377658,0.26546617498554453,0.01805194832130466,0.01805194832130466
google_robot_open_drawer__seed056__step011,open_drawer,56,exploration,16,0.12870176626050536,0.0049048988822371865,0.25370678041171907,0.052731806962296734,1.2781429040075798,0.07596995929820863,0.12379686737826817,-0.1250050141512137,-0.1250050141512137
google_robot_open_drawer__seed056__step011,open_drawer,56,exploration,17,0.08424759377799425,-0.10828580328432141,0.093102980597827,0.052731806962296734,1.3498955014763567,0.031515786815697514,0.19253339706231565,-0.00885538681983275,-0.00885538681983275
google_robot_open_drawer__seed056__step011,open_drawer,56,exploration,18,0.23806258159282204,-0.11256063882724969,0.252174049703665,0.052731806962296734,1.2380488814792099,0.1853307746305253,0.3506232204200717,-0.01411146811084299,-0.01411146811084299
google_robot_open_drawer__seed056__step011,open_drawer,56,exploration,19,0.27624799338264633,-0.08430442830802687,0.2572920283365272,0.052731806962296734,1.229601199475027,0.2235161864203496,0.3605524216906732,0.018955965046119128,0.018955965046119128
google_robot_open_drawer__seed056__step011,open_drawer,56,exploration,20,0.1393020356914319,-0.05061215468727864,0.16588963809984011,0.052731806962296734,1.1503484849480514,0.08657022872913517,0.18991419037871055,-0.026587602408408212,-0.026587602408408212
google_robot_open_drawer__seed056__step011,open_drawer,56,exploration,21,0.08375162256414058,0.04863123740812584,0.07593110844856998,0.052731806962296734,1.1807239761362882,0.031019815601843845,0.03512038515601474,0.007820514115570595,0.007820514115570595
google_robot_open_drawer__seed056__step011,open_drawer,56,exploration,22,0.13974796960237437,-0.12412708144243602,0.11067605216257291,0.052731806962296734,1.1307175118864818,0.08701616264007764,0.2638750510448104,0.029071917439801462,0.029071917439801462
google_robot_open_drawer__seed056__step011,open_drawer,56,exploration,23,0.12261097352722487,-0.08722497456742952,0.12384037836754314,0.052731806962296734,1.14469642854535,0.06987916656492814,0.2098359480946544,-0.0012294048403182628,-0.0012294048403182628
google_robot_open_drawer__seed056__step011,open_drawer,56,exploration,24,0.1194010013953654,0.05197125987667043,0.1194010013953654,0.052731806962296734,1.1476250163451471,0.06666919443306867,0.06742974151869496,0.0,0.0
google_robot_open_drawer__seed056__step011,open_drawer,56,exploration,25,0.05787977534658936,0.07478304585184356,0.0852239725823347,0.052731806962296734,1.3110894625888514,0.005147968384292628,-0.016903270505254198,-0.02734419723574534,-0.02734419723574534
google_robot_open_drawer__seed056__step011,open_drawer,56,exploration,26,0.06587128425061153,-0.1733452780788216,0.07548068680204542,0.052731806962296734,1.1955279785569037,0.0131394772883148,0.23921656232943314,-0.009609402551433888,-0.009609402551433888
google_robot_open_drawer__seed056__step011,open_drawer,56,exploration,27,0.09881697001470562,-0.09824276249268012,0.09203882778273026,0.052731806962296734,1.1368567226576067,0.04608516305240888,0.19705973250738573,0.0067781422319753565,0.0067781422319753565
google_robot_open_drawer__seed056__step011,open_drawer,56,exploration,28,0.07571942661007032,-0.05879100516966535,0.10960492572919428,0.052731806962296734,1.262099440926599,0.022987619647773586,0.13451043177973568,-0.03388549911912396,-0.03388549911912396
google_robot_open_drawer__seed056__step011,open_drawer,56,exploration,29,0.09629372003421628,-0.09809287303393492,0.0645667261099568,0.052731806962296734,1.145341449917007,0.04356191307191955,0.1943865930681512,0.03172699392425948,0.03172699392425948
google_robot_open_drawer__seed056__step011,open_drawer,56,exploration,30,0.04756924424908301,-0.05481475438255443,0.04880249468741631,0.052731806962296734,1.310937420686693,-0.005162562713213727,0.10238399863163744,-0.0012332504383333054,-0.005162562713213727
google_robot_open_drawer__seed056__step011,open_drawer,56,exploration,31,0.048082087529795335,0.1239626905603171,0.040725835201093415,0.052731806962296734,1.297239132436189,-0.004649719432501399,-0.07588060303052177,0.0073562523287019205,-0.07588060303052177
google_robot_open_drawer__seed056__step056,open_drawer,56,exploration,0,0.3383870277160732,0.0618012199240234,0.3383870277160732,0.21343579928736153,1.421386575497073,0.12495122842871167,0.27658580779204983,0.0,0.0
google_robot_open_drawer__seed056__step056,open_drawer,56,exploration,1,0.28319203311540936,0.10181769023995609,0.28319203311540936,0.21343579928736153,1.3907572852306502,0.06975623382804783,0.1813743428754533,0.0,0.0
google_robot_open_drawer__seed056__step056,open_drawer,56,exploration,2,0.33730016082730724,0.028228155631490604,0.30666730539252923,0.21343579928736153,1.2539220223988996,0.1238643615399457,0.3090720051958166,0.030632855434778006,0.030632855434778006
google_robot_open_drawer__seed056__step056,open_drawer,56,exploration,3,0.2757455824140607,0.0993000731227659,0.2943212650704265,0.21343579928736153,1.5594911163911822,0.062309783126699186,0.17644550929129482,-0.018575682656365777,-0.018575682656365777
google_robot_open_drawer__seed056__step056,open_drawer,56,exploration,4,0.39517681458260284,0.07868400233663442,0.35786678369550007,0.21343579928736153,1.3884072639754734,0.1817410152952413,0.3164928122459684,0.037310030887102774,0.037310030887102774
google_robot_open_drawer__seed056__step056,open_drawer,56,exploration,5,0.38599106709281256,0.0197096311335969,0.322220160883991,0.21343579928736153,1.4257205824823083,0.17255526780545102,0.36628143595921564,0.06377090620882153,0.06377090620882153
google_robot_open_drawer__seed056__step056,open_drawer,56,exploration,6,0.18836560215036227,-0.016873778654038482,0.2479244128543048,0.21343579928736153,1.4882840070798273,-0.02507019713699926,0.20523938080440074,-0.05955881070394253,-0.05955881070394253
google_robot_open_drawer__seed056__step056,open_drawer,56,exploration,7,0.21257893641345568,-0.006263324302119404,0.2845675836319248,0.21343579928736153,1.4950041284175002,-0.0008568628739058504,0.21884226071557508,-0.07198864721846912,-0.07198864721846912
google_robot_open_drawer__seed056__step056,open_drawer,56,exploration,8,0.2211825498617179,-0.012945938319085115,0.2211825498617179,0.21343579928736153,1.5202093073595213,0.007746750574356365,0.234128488180803,0.0,0.0
google_robot_open_drawer__seed056__step056,open_drawer,56,exploration,9,0.24188472292384347,0.036536141705344145,0.21142654789234147,0.21343579928736153,1.6889511113601152,0.028448923636481938,0.20534858121849933,0.030458175031502,0.028448923636481938
google_robot_open_drawer__seed056__step056,open_drawer,56,exploration,10,0.24538217372022433,0.01801433384278679,0.23882299112160832,0.21343579928736153,1.3231709320963057,0.0319463744328628,0.22736783987743756,0.006559182598616015,0.006559182598616015
google_robot_open_drawer__seed056__step056,open_drawer,56,exploration,11,0.20707847438804106,-0.0019448829885880079,0.20358078904764407,0.21343579928736153,1.3952690091911069,-0.006357324899320477,0.20902335737662905,0.0034976853403969888,-0.006357324899320477
google_robot_open_drawer__seed056__step056,open_drawer,56,exploration,12,0.20160916070610146,0.05170717872093774,0.24033667068807074,0.21343579928736153,1.5224278255653518,-0.011826638581260068,0.14990198198516372,-0.03872750998196928,-0.03872750998196928
google_robot_open_drawer__seed056__step056,open_drawer,56,exploration,13,0.22371015343895806,0.022857081795377193,0.24879355777033096,0.21343579928736153,1.4756215279230924,0.010274354151596526,0.20085307164358088,-0.025083404331372905,-0.025083404331372905
google_robot_open_drawer__seed056__step056,open_drawer,56,exploration,14,0.24156373456486316,0.12582051034483682,0.30195261019214975,0.21343579928736153,1.4089280636378623,0.028127935277501626,0.11574322422002634,-0.06038887562728659,-0.06038887562728659
google_robot_open_drawer__seed056__step056,open_drawer,56,exploration,15,0.2375439066849914,0.16947716881146543,0.26493901593822355,0.21343579928736153,1.4041123109134512,0.024108107397629863,0.06806673787352596,-0.02739510925323216,-0.02739510925323216
google_robot_open_drawer__seed056__step056,open_drawer,56,exploration,16,0.3046990989595187,0.026816195120246283,0.30054271403168487,0.21343579928736153,1.418688916721237,0.09126329967215716,0.2778829038392724,0.004156384927833823,0.004156384927833823
google_robot_open_drawer__seed056__step056,open_drawer,56,exploration,17,0.31321385837927057,0.14440373022811184,0.2669348800418218,0.21343579928736153,1.3258100888346107,0.09977805909190904,0.16881012815115873,0.04627897833744876,0.04627897833744876
google_robot_open_drawer__seed056__step056,open_drawer,56,exploration,18,0.31648523094065434,0.10772842916437564,0.3190782028143682,0.21343579928736153,1.498851196840272,0.1030494316532928,0.2087568017762787,-0.0025929718737138785,-0.0025929718737138785
google_robot_open_drawer__seed056__step056,open_drawer,56,exploration,19,0.285667197837888,0.17534137866222368,0.2894147866427905,0.21343579928736153,1.27252240597841,0.07223139855052649,0.11032581917566434,-0.003747588804902502,-0.003747588804902502
google_robot_open_drawer__seed056__step056,open_drawer,56,exploration,20,0.2939690971591353,0.10159262395047702,0.2964304685626723,0.21343579928736153,1.3224961479148134,0.08053329787177374,0.19237647320865825,-0.002461371403537027,-0.002461371403537027
google_robot_open_drawer__seed056__step056,open_drawer,56,exploration,21,0.29589835716278373,0.17560941188039694,0.32156156761227017,0.21343579928736153,1.314423966064645,0.0824625578754222,0.12028894528238679,-0.02566321044948644,-0.02566321044948644
google_robot_open_drawer__seed056__step056,open_drawer,56,exploration,22,0.3082478232201902,0.11293437749841001,0.31176298607570535,0.21343579928736153,1.223717419564153,0.09481202393282864,0.19531344572178017,-0.003515162855515175,-0.003515162855515175
google_robot_open_drawer__seed056__step056,open_drawer,56,exploration,23,0.30956201534790867,0.17488385076098026,0.30154471696107216,0.21343579928736153,1.2564762404286507,0.09612621606054714,0.1346781645869284,0.008017298386836513,0.008017298386836513
google_robot_open_drawer__seed056__step056,open_drawer,56,exploration,24,0.34376556512449613,0.10211035555574015,0.3420046070540239,0.21343579928736153,1.22981255076551,0.1303297658371346,0.24165520956875597,0.0017609580704722183,0.0017609580704722183
google_robot_open_drawer__seed056__step056,open_drawer,56,exploration,25,0.2712049056424192,0.21493178761135734,0.2821280399779585,0.21343579928736153,1.2382944590916347,0.05776910635505769,0.056273118031061886,-0.010923134335539264,-0.010923134335539264
google_robot_open_drawer__seed056__step056,open_drawer,56,exploration,26,0.2670129780621961,0.193295694253896,0.27795505095880196,0.21343579928736153,1.1702573533809135,0.05357717877483456,0.07371728380830009,-0.01094207289660587,-0.01094207289660587
google_robot_open_drawer__seed056__step056,open_drawer,56,exploration,27,0.2688142350824792,0.16030800951833774,0.26400413485096447,0.21343579928736153,1.2270393484417066,0.05537843579511767,0.10850622556414147,0.004810100231514736,0.004810100231514736
google_robot_open_drawer__seed056__step056,open_drawer,56,exploration,28,0.2688142350824792,0.11978226073772708,0.28227074935440893,0.21343579928736153,1.2270393484417066,0.05537843579511767,0.14903197434475213,-0.013456514271929731,-0.013456514271929731
google_robot_open_drawer__seed056__step056,open_drawer,56,exploration,29,0.2688142350824792,0.06613025228698677,0.26494225687055745,0.21343579928736153,1.2270393484417066,0.05537843579511767,0.20268398279549243,0.003871978211921756,0.003871978211921756
google_robot_open_drawer__seed056__step056,open_drawer,56,exploration,30,0.2612745363167215,0.028711805700205578,0.2612745363167215,0.21343579928736153,1.2442451209479735,0.04783873702935995,0.23256273061651592,0.0,0.0
google_robot_open_drawer__seed056__step056,open_drawer,56,exploration,31,0.2733446270858878,-0.04063650563791225,0.2733446270858878,0.21343579928736153,1.2642917793090584,0.05990882779852627,0.31398113272380007,0.0,0.0
google_robot_open_drawer__seed056__step101,open_drawer,56,exploration,0,0.4765856621245148,0.4416273725338338,0.4765856621245148,-0.35386928966079717,1.084622377590433,0.8304549517853119,0.034958289590681035,0.0,0.0
google_robot_open_drawer__seed056__step101,open_drawer,56,exploration,1,-0.012671985748939482,0.3207950942799355,-0.01610114447738742,-0.35386928966079717,1.2079022581092276,0.3411973039118577,-0.333467080028875,0.0034291587284479372,-0.333467080028875
google_robot_open_drawer__seed056__step101,open_drawer,56,exploration,2,-0.09524688295631316,-0.3614363988227143,-0.11572561928754525,-0.35386928966079717,1.140452610129174,0.258622406704484,0.2661895158664011,0.020478736331232095,0.020478736331232095
google_robot_open_drawer__seed056__step101,open_drawer,56,exploration,3,0.15021452132754287,0.023901362712303236,0.04884532874347534,-0.35386928966079717,1.1990625284179557,0.5040838109883401,0.12631315861523965,0.10136919258406754,0.10136919258406754
google_robot_open_drawer__seed056__step101,open_drawer,56,exploration,4,0.05749131761789178,-0.08633507934612279,-0.010080836923868658,-0.35386928966079717,1.1030286400838427,0.41136060727868895,0.14382639696401456,0.06757215454176044,0.06757215454176044
google_robot_open_drawer__seed056__step101,open_drawer,56,exploration,5,-0.06784593561771528,0.15206189677075907,0.12130170116834887,-0.35386928966079717,1.3020880579384329,0.2860233540430819,-0.21990783238847433,-0.18914763678606417,-0.21990783238847433
google_robot_open_drawer__seed056__step101,open_drawer,56,exploration,6,0.48337134554162536,0.024715814257379325,0.30262547021366293,-0.35386928966079717,1.2663346526843307,0.8372406352024225,0.458655531284246,0.18074587532796244,0.18074587532796244
google_robot_open_drawer__seed056__step101,open_drawer,56,exploration,7,0.305772648661672,-0.2832881767547871,0.3185553592514094,-0.35386928966079717,1.2057069539958392,0.6596419383224692,0.5890608254164591,-0.0127827105897374,-0.0127827105897374
google_robot_open_drawer__seed056__step101,open_drawer,56,exploration,8,0.3779637992188063,0.5398721859457578,0.39742439353176645,-0.35386928966079717,1.0061726429007773,0.7318330888796034,-0.16190838672695151,-0.019460594312960156,-0.16190838672695151
google_robot_open_drawer__seed056__step101,open_drawer,56,exploration,9,0.5387000026718906,-0.23703319610964435,0.5428305210062631,-0.35386928966079717,1.3772433007403633,0.8925692923326878,0.7757331987815349,-0.004130518334372502,-0.004130518334372502
google_robot_open_drawer__seed056__step101,open_drawer,56,exploration,10,0.6586777719563267,0.15093289065071658,0.7047755684146,-0.35386928966079717,1.9541238698272896,1.012547061617124,0.5077448813056101,-0.04609779645827328,-0.04609779645827328
google_robot_open_drawer__seed056__step101,open_drawer,56,exploration,11,0.48257491720939266,0.17602938298034201,0.3415584335663739,-0.35386928966079717,1.8323136578307668,0.8364442068701898,0.3065455342290506,0.14101648364301878,0.14101648364301878
google_robot_open_drawer__seed056__step101,open_drawer,56,exploration,12,0.3686961872587455,0.31128121066092435,0.3347730227805566,-0.35386928966079717,1.655711799539491,0.7225654769195426,0.05741497659782113,0.03392316447818888,0.03392316447818888
google_robot_open_drawer__seed056__step101,open_drawer,56,exploration,13,0.5447793350480591,0.33665702749302806,0.3752199433328898,-0.35386928966079717,1.9693679481184494,0.8986486247088563,0.20812230755503103,0.16955939171516926,0.16955939171516926
google_robot_open_drawer__seed056__step101,open_drawer,56,exploration,14,0.6973206793083753,0.2059067152736239,0.5444587428628523,-0.35386928966079717,1.8543062098358087,1.0511899689691724,0.49141396403475135,0.15286193644552293,0.15286193644552293
google_robot_open_drawer__seed056__step101,open_drawer,56,exploration,15,0.6525429309960619,0.01864887428216842,0.5884673352685469,-0.35386928966079717,1.5164577004442643,1.006412220656859,0.6338940567138934,0.06407559572751498,0.06407559572751498
google_robot_open_drawer__seed056__step101,open_drawer,56,exploration,16,0.3200852198407976,0.33494447483894674,0.3200852198407976,-0.35386928966079717,1.1248583102483536,0.6739545095015947,-0.014859254998149163,0.0,-0.014859254998149163
google_robot_open_drawer__seed056__step101,open_drawer,56,exploration,17,0.2797606538300251,0.22330489489712654,0.2797606538300251,-0.35386928966079717,1.1107505743203268,0.6336299434908222,0.05645575893289853,0.0,0.0
google_robot_open_drawer__seed056__step101,open_drawer,56,exploration,18,0.42746064125854794,0.28937860128639376,0.22270086768696704,-0.35386928966079717,1.114097897639308,0.7813299309193451,0.13808203997215418,0.2047597735715809,0.13808203997215418
google_robot_open_drawer__seed056__step101,open_drawer,56,exploration,19,0.371848157686002,0.41508115152788755,0.371848157686002,-0.35386928966079717,1.0810066187243283,0.7257174473467991,-0.04323299384188556,0.0,-0.04323299384188556
google_robot_open_drawer__seed056__step101,open_drawer,56,exploration,20,0.40713139072418564,-0.23860772658214544,0.3858380752624156,-0.35386928966079717,1.2625771627744762,0.7610006803849828,0.645739117306331,0.021293315461770046,0.021293315461770046
google_robot_open_drawer__seed056__step101,open_drawer,56,exploration,21,0.2642677861706558,-0.13584457889698426,0.25038768483150725,-0.35386928966079717,1.04284784328364,0.618137075831453,0.4001123650676401,0.013880101339148576,0.013880101339148576
google_robot_open_drawer__seed056__step101,open_drawer,56,exploration,22,0.292828485615336,0.002272533183112648,0.3202028817581888,-0.35386928966079717,0.9844990686388916,0.6466977752761331,0.2905559524322233,-0.027374396142852808,-0.027374396142852808
google_robot_open_drawer__seed056__step101,open_drawer,56,exploration,23,0.5182183418089786,-0.18210483532590915,0.5182183418089786,-0.35386928966079717,1.313425815674017,0.8720876314697759,0.7003231771348878,0.0,0.0
google_robot_open_drawer__seed056__step101,open_drawer,56,exploration,24,0.508844596472782,-0.2365649563060125,0.5182183418089786,-0.35386928966079717,1.3856016332921934,0.8627138861335792,0.7454095527787945,-0.009373745336196615,-0.009373745336196615
google_robot_open_drawer__seed056__step101,open_drawer,56,exploration,25,0.33485354553669816,-0.08463453505298398,0.33485354553669816,-0.35386928966079717,0.9811453583915455,0.6887228351974953,0.4194880805896821,0.0,0.0
google_robot_open_drawer__seed056__step101,open_drawer,56,exploration,26,0.3380590427361483,-0.19038366452230182,0.3380590427361483,-0.35386928966079717,0.9933082114979009,0.6919283323969454,0.5284427072584501,0.0,0.0
google_robot_open_drawer__seed056__step101,open_drawer,56,exploration,27,0.5165084746938303,-0.0326322123030889,0.3178857554213195,-0.35386928966079717,1.3577935695594645,0.8703777643546275,0.5491406869969192,0.1986227192725108,0.1986227192725108
google_robot_open_drawer__seed056__step101,open_drawer,56,exploration,28,0.22048013266001307,0.212553871383471,0.22048013266001307,-0.35386928966079717,0.9402410383514331,0.5743494223208102,0.007926261276542057,0.0,0.0
google_robot_open_drawer__seed056__step101,open_drawer,56,exploration,29,0.5237620089870197,0.06657017387793736,0.5237620089870197,-0.35386928966079717,1.37444074105735,0.877631298647817,0.4571918351090824,0.0,0.0
google_robot_open_drawer__seed056__step101,open_drawer,56,exploration,30,0.2835583175521143,0.05855469823432471,0.17285675923292418,-0.35386928966079717,0.9558589998793318,0.6374276072129115,0.2250036193177896,0.11070155831919012,0.11070155831919012
google_robot_open_drawer__seed056__step101,open_drawer,56,exploration,31,0.12954730239005494,-0.3841943008609126,0.12332926055020538,-0.35386928966079717,0.9467927368605948,0.4834165920508521,0.5137416032509675,0.0062180418398495585,0.0062180418398495585
google_robot_open_drawer__seed093__step011,open_drawer,93,exploration,0,0.49445424730861975,0.041114427043260716,0.49445424730861975,-0.08798143540088886,1.2756279168383595,0.5824356827095086,0.453339820265359,0.0,0.0
google_robot_open_drawer__seed093__step011,open_drawer,93,exploration,1,0.4311931736175736,0.10457433385206145,0.4311931736175736,-0.08798143540088886,1.364763730963008,0.5191746090184625,0.32661883976551215,0.0,0.0
google_robot_open_drawer__seed093__step011,open_drawer,93,exploration,2,0.41496111505940375,0.05696923824312702,0.38714388384509757,-0.08798143540088886,1.0753334436365434,0.5029425504602926,0.35799187681627676,0.02781723121430618,0.02781723121430618
google_robot_open_drawer__seed093__step011,open_drawer,93,exploration,3,0.2603836708778597,0.036489237236788374,0.3490063376707971,-0.08798143540088886,1.1558983817773636,0.34836510627874856,0.2238944336410713,-0.0886226667929374,-0.0886226667929374
google_robot_open_drawer__seed093__step011,open_drawer,93,exploration,4,0.40768261749253615,0.127207412257596,0.35996865396447536,-0.08798143540088886,1.1668147866779988,0.495664052893425,0.2804752052349402,0.04771396352806079,0.04771396352806079
google_robot_open_drawer__seed093__step011,open_drawer,93,exploration,5,0.37474484407681463,0.12610862490338323,0.4220872837932057,-0.08798143540088886,1.0422666255022879,0.4627262794777035,0.2486362191734314,-0.04734243971639107,-0.04734243971639107
google_robot_open_drawer__seed093__step011,open_drawer,93,exploration,6,0.49838847452146995,0.07432375587392143,0.45757979294097795,-0.08798143540088886,1.1753817261233888,0.5863699099223588,0.4240647186475485,0.040808681580492,0.040808681580492
google_robot_open_drawer__seed093__step011,open_drawer,93,exploration,7,0.43789214602550214,0.05524334725459754,0.44843275966196533,-0.08798143540088886,1.0820514020415297,0.525873581426391,0.3826487987709046,-0.010540613636463192,-0.010540613636463192
google_robot_open_drawer__seed093__step011,open_drawer,93,exploration,8,0.4829389396208042,-0.033039897584553744,0.4581818311964796,-0.08798143540088886,1.2354525764735969,0.570920375021693,0.515978837205358,0.024757108424324603,0.024757108424324603
google_robot_open_drawer__seed093__step011,open_drawer,93,exploration,9,0.4740182947691342,0.053802403910063745,0.40849224667447787,-0.08798143540088886,1.3182824913499582,0.561999730170023,0.42021589085907046,0.06552604809465634,0.06552604809465634
google_robot_open_drawer__seed093__step011,open_drawer,93,exploration,10,0.39449760661035255,-0.0009194709528426992,0.46459358675674367,-0.08798143540088886,1.1933479802621578,0.4824790420112414,0.3954170775631952,-0.07009598014639112,-0.07009598014639112
google_robot_open_drawer__seed093__step011,open_drawer,93,exploration,11,0.35641934404087894,0.018680930734758166,0.3838506715059598,-0.08798143540088886,1.1450663035888458,0.4444007794417678,0.33773841330612075,-0.027431327465080868,-0.027431327465080868
google_robot_open_drawer__seed093__step011,open_drawer,93,exploration,12,0.4250280514920945,0.08799281413788007,0.3886781129741987,-0.08798143540088886,1.1974607964970179,0.5130094868929833,0.3370352373542144,0.03634993851789581,0.03634993851789581
google_robot_open_drawer__seed093__step011,open_drawer,93,exploration,13,0.42665753667437073,0.0897997804839193,0.450740533608416,-0.08798143540088886,1.1113259099277257,0.5146389720752595,0.33685775619045144,-0.024082996934045253,-0.024082996934045253
google_robot_open_drawer__seed093__step011,open_drawer,93,exploration,14,0.469839706952635,0.08839251563046431,0.4639418548604654,-0.08798143540088886,1.2349419571276894,0.5578211423535239,0.3814471913221707,0.0058978520921695865,0.0058978520921695865
google_robot_open_drawer__seed093__step011,open_drawer,93,exploration,15,0.45767419164287265,0.1288650324075524,0.45767419164287265,-0.08798143540088886,1.1726578822265696,0.5456556270437615,0.3288091592353203,0.0,0.0
google_robot_open_drawer__seed093__step011,open_drawer,93,exploration,16,0.48970484964968614,0.06988900738868521,0.4295270503437776,-0.08798143540088886,1.1104652075790242,0.577686285050575,0.41981584226100094,0.06017779930590855,0.06017779930590855
google_robot_open_drawer__seed093__step011,open_drawer,93,exploration,17,0.4541811949734868,0.16638598595543794,0.48746049627365323,-0.08798143540088886,1.1024564814116204,0.5421626303743756,0.2877952090180489,-0.03327930130016643,-0.03327930130016643
google_robot_open_drawer__seed093__step011,open_drawer,93,exploration,18,0.4146594088019531,0.08257652670452109,0.4414612851954402,-0.08798143540088886,1.1266957128548558,0.5026408442028419,0.33208288209743203,-0.02680187639348708,-0.02680187639348708
google_robot_open_drawer__seed093__step011,open_drawer,93,exploration,19,0.3607078832290794,0.23578241824637924,0.4122694781564941,-0.08798143540088886,1.1523450631912442,0.44868931862996825,0.12492546498270013,-0.051561594927414744,-0.051561594927414744
google_robot_open_drawer__seed093__step011,open_drawer,93,exploration,20,0.41967471325569145,0.06168323772051815,0.37323120200619025,-0.08798143540088886,1.0847991969118411,0.5076561486565803,0.3579914755351733,0.04644351124950119,0.04644351124950119
google_robot_open_drawer__seed093__step011,open_drawer,93,exploration,21,0.4253303259497521,0.14778150063149,0.4491860559999459,-0.08798143540088886,1.1659384108565545,0.5133117613506409,0.2775488253182621,-0.023855730050193757,-0.023855730050193757
google_robot_open_drawer__seed093__step011,open_drawer,93,exploration,22,0.37475530786982486,0.05431302529643769,0.37475530786982486,-0.08798143540088886,1.1798315684009708,0.46273674327071374,0.3204422825733872,0.0,0.0
google_robot_open_drawer__seed093__step011,open_drawer,93,exploration,23,0.3726602082322798,-0.025214999652199588,0.3550413287166318,-0.08798143540088886,1.1732081279017057,0.4606416436331687,0.3978752078844794,0.017618879515648,0.017618879515648
google_robot_open_drawer__seed093__step011,open_drawer,93,exploration,24,0.4254036577734528,0.08169611952531407,0.3543627233044808,-0.08798143540088886,1.15496618761144,0.5133850931743417,0.3437075382481387,0.07104093446897197,0.07104093446897197
google_robot_open_drawer__seed093__step011,open_drawer,93,exploration,25,0.44700744973607837,0.07714301270733222,0.36639883784142374,-0.08798143540088886,1.1746627991840255,0.5349888851369672,0.36986443702874616,0.08060861189465462,0.08060861189465462
google_robot_open_drawer__seed093__step011,open_drawer,93,exploration,26,0.4270399501082665,-0.03203964639656959,0.4322968013618635,-0.08798143540088886,1.1895361180909063,0.5150213855091553,0.4590795965048361,-0.005256851253596984,-0.005256851253596984
google_robot_open_drawer__seed093__step011,open_drawer,93,exploration,27,0.4209938624704925,-0.18889951021400186,0.4206158188692479,-0.08798143540088886,1.0757390148127621,0.5089752978713813,0.6098933726844944,0.0003780436012445487,0.0003780436012445487
google_robot_open_drawer__seed093__step011,open_drawer,93,exploration,28,0.4186039952497716,0.18097569793333865,0.4140103279768031,-0.08798143540088886,1.2015026844578935,0.5065854306506604,0.23762829731643295,0.004593667272968505,0.004593667272968505
google_robot_open_drawer__seed093__step011,open_drawer,93,exploration,29,0.4123922078656932,-0.08497078830417505,0.42284366313646876,-0.08798143540088886,1.186389915945176,0.5003736432665821,0.49736299616986823,-0.010451455270775567,-0.010451455270775567
google_robot_open_drawer__seed093__step011,open_drawer,93,exploration,30,0.40844347330161357,0.11505533954285939,0.3933651202321797,-0.08798143540088886,1.0645020122084692,0.49642490870250244,0.29338813375875417,0.015078353069433892,0.015078353069433892
google_robot_open_drawer__seed093__step011,open_drawer,93,exploration,31,0.43487491713157894,0.1274180706379513,0.4492514442855314,-0.08798143540088886,1.1208451287677472,0.5228563525324678,0.30745684649362764,-0.014376527153952434,-0.014376527153952434
google_robot_open_drawer__seed093__step056,open_drawer,93,exploration,0,0.06331993470212491,0.2133693731407007,0.06331993470212491,0.17385860944602607,1.0628678521701944,-0.11053867474390117,-0.1500494384385758,0.0,-0.1500494384385758
google_robot_open_drawer__seed093__step056,open_drawer,93,exploration,1,0.34458017702630966,0.24550760231284544,0.34458017702630966,0.17385860944602607,1.1303472542338604,0.1707215675802836,0.09907257471346423,0.0,0.0
google_robot_open_drawer__seed093__step056,open_drawer,93,exploration,2,0.4209085270354489,0.04488917677248914,0.35820619699912193,0.17385860944602607,1.107434294383677,0.24704991758942282,0.37601935026295974,0.06270233003632697,0.06270233003632697
google_robot_open_drawer__seed093__step056,open_drawer,93,exploration,3,0.31395767394138896,0.013964097637445785,0.3096628265719548,0.17385860944602607,1.0771975798340148,0.14009906449536288,0.2999935763039432,0.0042948473694341405,0.0042948473694341405
google_robot_open_drawer__seed093__step056,open_drawer,93,exploration,4,0.362634028216926,-0.028629637511699488,0.36430640824023025,0.17385860944602607,1.2764696377651987,0.1887754187708999,0.3912636657286255,-0.0016723800233042763,-0.0016723800233042763
google_robot_open_drawer__seed093__step056,open_drawer,93,exploration,5,0.39100129510788956,0.011940744340070914,0.1676604133880828,0.17385860944602607,1.08928462307318,0.21714268566186348,0.37906055076781864,0.22334088171980676,0.21714268566186348
google_robot_open_drawer__seed093__step056,open_drawer,93,exploration,6,0.15093668991105336,0.048914837401370946,0.1308458586748687,0.17385860944602607,1.2230507910460242,-0.022921919534972718,0.1020218525096824,0.02009083123618466,-0.022921919534972718
google_robot_open_drawer__seed093__step056,open_drawer,93,exploration,7,0.11107084302367037,0.0873404029861337,0.11766095672632737,0.17385860944602607,1.2301878087082097,-0.0627877664223557,0.023730440037536674,-0.006590113702656997,-0.0627877664223557
google_robot_open_drawer__seed093__step056,open_drawer,93,exploration,8,0.06050152296088973,-0.04164516750609354,0.10589398167762354,0.17385860944602607,1.288468969729242,-0.11335708648513634,0.10214669046698327,-0.04539245871673381,-0.11335708648513634
google_robot_open_drawer__seed093__step056,open_drawer,93,exploration,9,0.06375005067896673,0.06221943915655703,0.07858395851513007,0.17385860944602607,1.2358557076616081,-0.11010855876705934,0.0015306115224097,-0.01483390783616334,-0.11010855876705934
google_robot_open_drawer__seed093__step056,open_drawer,93,exploration,10,0.08464197446392863,0.04274277592774714,0.022493450374356818,0.17385860944602607,1.1856897659744094,-0.08921663498209745,0.04189919853618149,0.062148524089571805,-0.08921663498209745
google_robot_open_drawer__seed093__step056,open_drawer,93,exploration,11,0.059727844667521464,0.08712858406729584,0.030262965430780206,0.17385860944602607,1.3211840907455064,-0.11413076477850462,-0.02740073939977438,0.029464879236741258,-0.11413076477850462
google_robot_open_drawer__seed093__step056,open_drawer,93,exploration,12,0.1515913596942751,0.012668565486163984,0.1510320263522916,0.17385860944602607,1.2608046675455018,-0.022267249751750984,0.1389227942081111,0.0005593333419834923,-0.022267249751750984
google_robot_open_drawer__seed093__step056,open_drawer,93,exploration,13,0.17214429432463732,-0.021983806575921045,0.15406129495473928,0.17385860944602607,1.3501008549856033,-0.0017143151213887542,0.19412810090055838,0.018082999369898045,-0.0017143151213887542
google_robot_open_drawer__seed093__step056,open_drawer,93,exploration,14,0.07212782285801302,0.06516112955522253,-0.0031084858401857485,0.17385860944602607,1.2268063310247697,-0.10173078658801306,0.006966693302790483,0.07523630869819876,-0.10173078658801306
google_robot_open_drawer__seed093__step056,open_drawer,93,exploration,15,0.11691504739582607,0.08014536153722589,0.06059775327467167,0.17385860944602607,1.250356911115597,-0.0569435620502,0.03676968585860019,0.0563172941211544,-0.0569435620502
google_robot_open_drawer__seed093__step056,open_drawer,93,exploration,16,0.09827666571463904,0.025644009567422396,0.031217878749130498,0.17385860944602607,1.0778183643928037,-0.07558194373138703,0.07263265614721665,0.06705878696550854,-0.07558194373138703
google_robot_open_drawer__seed093__step056,open_drawer,93,exploration,17,0.047381232751538695,0.0715363779821747,0.11706767559755826,0.17385860944602607,1.1031777563436034,-0.1264773766944874,-0.024155145230636006,-0.06968644284601958,-0.1264773766944874
google_robot_open_drawer__seed093__step056,open_drawer,93,exploration,18,0.09108371596660475,-0.0024021770743910633,0.069871412271165,0.17385860944602607,1.1600035024401105,-0.08277489347942132,0.09348589304099582,0.02121230369543975,-0.08277489347942132
google_robot_open_drawer__seed093__step056,open_drawer,93,exploration,19,0.1892360991846991,0.041347242861928084,0.05638360806887965,0.17385860944602607,1.004741340875827,0.015377489738673034,0.14788885632277102,0.13285249111581945,0.015377489738673034
google_robot_open_drawer__seed093__step056,open_drawer,93,exploration,20,0.02970099312058382,-0.020688992686939387,0.07305858987480453,0.17385860944602607,1.0918622815503598,-0.14415761632544224,0.050389985807523206,-0.04335759675422071,-0.14415761632544224
google_robot_open_drawer__seed093__step056,open_drawer,93,exploration,21,0.002959041996803339,0.17730933531719237,0.036741568273455594,0.17385860944602607,1.0963772510900975,-0.17089956744922274,-0.17435029332038904,-0.03378252627665226,-0.17435029332038904
google_robot_open_drawer__seed093__step056,open_drawer,93,exploration,22,0.06622751963250957,0.059609921125912325,0.061852537608013465,0.17385860944602607,1.132319957780052,-0.1076310898135165,0.006617598506597246,0.004374982024496106,-0.1076310898135165
google_robot_open_drawer__seed093__step056,open_drawer,93,exploration,23,0.02162116341165911,0.02487230331608507,0.052346783025473104,0.17385860944602607,1.1150466794982983,-0.15223744603436695,-0.0032511399044259613,-0.030725619613813995,-0.15223744603436695
google_robot_open_drawer__seed093__step056,open_drawer,93,exploration,24,0.03701645321347841,0.04480821004468399,0.07989063288120259,0.17385860944602607,1.0126780036181333,-0.13684215623254767,-0.0077917568312055735,-0.04287417966772417,-0.13684215623254767
google_robot_open_drawer__seed093__step056,open_drawer,93,exploration,25,0.018360059765598725,0.05833399515639681,0.0033848874630825407,0.17385860944602607,1.1157274388253864,-0.15549854968042734,-0.03997393539079809,0.014975172302516184,-0.15549854968042734
google_robot_open_drawer__seed093__step056,open_drawer,93,exploration,26,0.06032447236622248,0.10311344593797667,0.013762830303175192,0.17385860944602607,1.0423631557780193,-0.11353413707980359,-0.04278897357175419,0.04656164206304729,-0.11353413707980359
google_robot_open_drawer__seed093__step056,open_drawer,93,exploration,27,0.03353283834641384,0.1558399688457859,0.005755699359676569,0.17385860944602607,1.170465874032295,-0.14032577109961225,-0.12230713049937207,0.027777138986737268,-0.14032577109961225
google_robot_open_drawer__seed093__step056,open_drawer,93,exploration,28,0.02778216416714156,0.08252884340881513,-0.002749999468191181,0.17385860944602607,1.0982706161771512,-0.14607644527888453,-0.05474667924167356,0.03053216363533274,-0.14607644527888453
google_robot_open_drawer__seed093__step056,open_drawer,93,exploration,29,-0.02702156790816083,0.07188712849737075,-0.035209099870932306,0.17385860944602607,1.19595660908142,-0.2008801773541869,-0.09890869640553158,0.008187531962771475,-0.2008801773541869
google_robot_open_drawer__seed093__step056,open_drawer,93,exploration,30,0.029104357284447935,0.15287387085108683,0.06494245148837986,0.17385860944602607,1.1062233996545587,-0.14475425216157814,-0.1237695135666389,-0.03583809420393193,-0.14475425216157814
google_robot_open_drawer__seed093__step056,open_drawer,93,exploration,31,0.0735863746376797,0.06363135036863045,0.07654201184864146,0.17385860944602607,1.0441594990190193,-0.10027223480834638,0.009955024269049248,-0.002955637210961759,-0.10027223480834638
google_robot_open_drawer__seed093__step101,open_drawer,93,exploration,0,0.25884076620506885,0.1501535922102097,0.25884076620506885,0.17528183723841861,1.2836019541062278,0.08355892896665024,0.10868717399485914,0.0,0.0
google_robot_open_drawer__seed093__step101,open_drawer,93,exploration,1,0.20094511920437685,0.26870755576373145,0.20094511920437685,0.17528183723841861,1.4891845144873246,0.02566328196595824,-0.0677624365593546,0.0,-0.0677624365593546
google_robot_open_drawer__seed093__step101,open_drawer,93,exploration,2,0.2399468098854621,0.3600319507422194,0.2399468098854621,0.17528183723841861,1.6046740652682012,0.06466497264704349,-0.12008514085675728,0.0,-0.12008514085675728
google_robot_open_drawer__seed093__step101,open_drawer,93,exploration,3,0.3734672098479392,0.2551108468914752,0.3734672098479392,0.17528183723841861,1.3342323129913234,0.19818537260952057,0.11835636295646401,0.0,0.0
google_robot_open_drawer__seed093__step101,open_drawer,93,exploration,4,0.3521995061861807,0.36161144053729677,0.3521995061861807,0.17528183723841861,1.5224118171406884,0.17691766894776206,-0.009411934351116091,0.0,-0.009411934351116091
google_robot_open_drawer__seed093__step101,open_drawer,93,exploration,5,0.3858075745965978,0.20501097084997513,0.3127549431182625,0.17528183723841861,1.5542515619266273,0.2105257373581792,0.18079660374662268,0.0730526314783353,0.0730526314783353
google_robot_open_drawer__seed093__step101,open_drawer,93,exploration,6,0.40372749869419033,0.26859290860001866,0.40372749869419033,0.17528183723841861,1.2374438921764401,0.22844566145577172,0.13513459009417167,0.0,0.0
google_robot_open_drawer__seed093__step101,open_drawer,93,exploration,7,0.3781035215599145,0.3159649842761741,0.3203008687388563,0.17528183723841861,1.2757356523080252,0.2028216843214959,0.062138537283740414,0.057802652821058176,0.057802652821058176
google_robot_open_drawer__seed093__step101,open_drawer,93,exploration,8,0.37180544767784024,0.21963591041603045,0.3478202924745161,0.17528183723841861,1.3980092042700312,0.19652361043942163,0.1521695372618098,0.023985155203324116,0.023985155203324116
google_robot_open_drawer__seed093__step101,open_drawer,93,exploration,9,0.3867192706265771,0.2599206992437793,0.3867192706265771,0.17528183723841861,1.290475992683808,0.2114374333881585,0.12679857138279782,0.0,0.0
google_robot_open_drawer__seed093__step101,open_drawer,93,exploration,10,0.4283877681685954,0.33518033954069265,0.41737170935798146,0.17528183723841861,1.3005066460111483,0.2531059309301768,0.09320742862790277,0.01101605881061396,0.01101605881061396
google_robot_open_drawer__seed093__step101,open_drawer,93,exploration,11,0.4308878210857768,0.2143229106508258,0.4360856975555214,0.17528183723841861,1.2025870875035511,0.25560598384735816,0.216564910434951,-0.005197876469744622,-0.005197876469744622
google_robot_open_drawer__seed093__step101,open_drawer,93,exploration,12,0.4210938778798364,0.251012178905527,0.3764475883334712,0.17528183723841861,1.2390492169995588,0.24581204064141776,0.17008169897430936,0.04464628954636518,0.04464628954636518
google_robot_open_drawer__seed093__step101,open_drawer,93,exploration,13,0.39819682881410795,0.2617292727854627,0.39819682881410795,0.17528183723841861,1.4929372642974137,0.22291499157568934,0.13646755602864524,0.0,0.0
google_robot_open_drawer__seed093__step101,open_drawer,93,exploration,14,0.3582647314168657,0.27794569323400853,0.38639361767229796,0.17528183723841861,1.3797814309520509,0.1829828941784471,0.08031903818285718,-0.02812888625543225,-0.02812888625543225
google_robot_open_drawer__seed093__step101,open_drawer,93,exploration,15,0.4049056232902524,0.3407874790746528,0.36689912300488686,0.17528183723841861,1.2706207376915983,0.2296237860518338,0.06411814421559964,0.03800650028536556,0.03800650028536556
google_robot_open_drawer__seed093__step101,open_drawer,93,exploration,16,0.3759467616388446,0.30181872684277483,0.3645841322603169,0.17528183723841861,1.0917161697129243,0.200664924400426,0.07412803479606977,0.011362629378527722,0.011362629378527722
google_robot_open_drawer__seed093__step101,open_drawer,93,exploration,17,0.3484325451055839,0.22418457345007115,0.3484325451055839,0.17528183723841861,1.0658920073662512,0.1731507078671653,0.12424797165551277,0.0,0.0
google_robot_open_drawer__seed093__step101,open_drawer,93,exploration,18,0.3774679965792056,0.27640709991548046,0.35531618497168305,0.17528183723841861,1.2204918049975082,0.202186159340787,0.10106089666372514,0.022151811607522554,0.022151811607522554
google_robot_open_drawer__seed093__step101,open_drawer,93,exploration,19,0.3373253674144799,0.21155555387359257,0.46789550861492907,0.17528183723841861,1.0825122818421185,0.16204353017606127,0.12576981354088732,-0.13057014120044919,-0.13057014120044919
google_robot_open_drawer__seed093__step101,open_drawer,93,exploration,20,0.424298788357411,0.31130776346834627,0.3959589531891028,0.17528183723841861,1.2756495639954801,0.2490169511189924,0.11299102488906476,0.028339835168308236,0.028339835168308236
google_robot_open_drawer__seed093__step101,open_drawer,93,exploration,21,0.3815202365341818,0.18602210710997955,0.4427819288255678,0.17528183723841861,1.1030068513701412,0.2062383992957632,0.19549812942420228,-0.061261692291386005,-0.061261692291386005
google_robot_open_drawer__seed093__step101,open_drawer,93,exploration,22,0.35074491822792947,0.32845878785936683,0.4718232079095965,0.17528183723841861,1.0983365677133046,0.17546308098951086,0.02228613036856264,-0.121078289681667,-0.121078289681667
google_robot_open_drawer__seed093__step101,open_drawer,93,exploration,23,0.367244701864378,-0.010842673533686564,0.367244701864378,0.17528183723841861,1.1557413436906316,0.1919628646259594,0.3780873753980646,0.0,0.0
google_robot_open_drawer__seed093__step101,open_drawer,93,exploration,24,0.38477215099442424,0.23152148766524014,0.4483010107384777,0.17528183723841861,1.099312023129882,0.20949031375600563,0.1532506633291841,-0.06352885974405348,-0.06352885974405348
google_robot_open_drawer__seed093__step101,open_drawer,93,exploration,25,0.45411578360083543,0.18366501072276642,0.4550785476641401,0.17528183723841861,1.1990781379696982,0.2788339463624168,0.270450772878069,-0.0009627640633046441,-0.0009627640633046441
google_robot_open_drawer__seed093__step101,open_drawer,93,exploration,26,0.37060350916498747,0.23003925333771846,0.4529912986145314,0.17528183723841861,1.20321501399072,0.19532167192656885,0.140564255827269,-0.08238778944954395,-0.08238778944954395
google_robot_open_drawer__seed093__step101,open_drawer,93,exploration,27,0.40008746956060204,0.20895047725070984,0.39243063751942914,0.17528183723841861,1.1198090471243254,0.22480563232218342,0.1911369923098922,0.007656832041172901,0.007656832041172901
google_robot_open_drawer__seed093__step101,open_drawer,93,exploration,28,0.40008746956060204,0.20348863954398186,0.38938457040675584,0.17528183723841861,1.1198090471243254,0.22480563232218342,0.19659883001662018,0.010702899153846201,0.010702899153846201
google_robot_open_drawer__seed093__step101,open_drawer,93,exploration,29,0.3883998644653503,0.152736625943981,0.4496746973325623,0.17528183723841861,1.154498184053367,0.21311802722693168,0.2356632385213693,-0.061274832867212026,-0.061274832867212026
google_robot_open_drawer__seed093__step101,open_drawer,93,exploration,30,0.46117551941813667,0.22143969630632895,0.3951535259430246,0.17528183723841861,1.2021079143171884,0.28589368217971806,0.23973582311180772,0.06602199347511206,0.06602199347511206
google_robot_open_drawer__seed093__step101,open_drawer,93,exploration,31,0.45527317272481643,0.16318330674554452,0.45527317272481643,0.17528183723841861,1.1371389406505747,0.2799913354863978,0.2920898659792719,0.0,0.0
google_robot_open_drawer__seed095__step011,open_drawer,95,exploration,0,0.4974770995778002,-0.11032710317621817,0.4974770995778002,0.19839169535047,0.9651012069869968,0.2990854042273302,0.6078042027540184,0.0,0.0
google_robot_open_drawer__seed095__step011,open_drawer,95,exploration,1,0.46390424912906864,-0.028197755484235032,0.45730647367662,0.19839169535047,0.9199801985495131,0.2655125537785986,0.49210200461330367,0.006597775452448662,0.006597775452448662
google_robot_open_drawer__seed095__step011,open_drawer,95,exploration,2,0.43489231729650174,0.08653274311396127,0.43489231729650174,0.19839169535047,0.8866519226994565,0.23650062194603175,0.3483595741825405,0.0,0.0
google_robot_open_drawer__seed095__step011,open_drawer,95,exploration,3,0.33679562922702705,0.11736085561383998,0.33679562922702705,0.19839169535047,0.8416246710398061,0.13840393387655706,0.21943477361318708,0.0,0.0
google_robot_open_drawer__seed095__step011,open_drawer,95,exploration,4,0.3714128354956891,0.19844718398581562,0.3691784227159714,0.19839169535047,0.8849385409937633,0.1730211401452191,0.17296565150987347,0.0022344127797176982,0.0022344127797176982
google_robot_open_drawer__seed095__step011,open_drawer,95,exploration,5,0.40693714755337335,0.0608024416608526,0.30858790082044013,0.19839169535047,0.752989649126252,0.20854545220290335,0.34613470589252077,0.09834924673293322,0.09834924673293322
google_robot_open_drawer__seed095__step011,open_drawer,95,exploration,6,0.409096588123323,-0.06539273096999963,0.41476834755740727,0.19839169535047,0.7726526512851443,0.210704892772853,0.47448931909332265,-0.005671759434084267,-0.005671759434084267
google_robot_open_drawer__seed095__step011,open_drawer,95,exploration,7,0.4350320932283506,-0.09277268585845201,0.49828848886544347,0.19839169535047,0.8479148417116185,0.23664039787788063,0.5278047790868027,-0.06325639563709284,-0.06325639563709284
google_robot_open_drawer__seed095__step011,open_drawer,95,exploration,8,0.4235636897092457,0.06438012006822645,0.4856440566454638,0.19839169535047,0.8013763855947919,0.2251719943587757,0.3591835696410192,-0.0620803669362181,-0.0620803669362181
google_robot_open_drawer__seed095__step011,open_drawer,95,exploration,9,0.44435464068781516,-0.029894959201838284,0.5195932882767305,0.19839169535047,0.8265699325506217,0.24596294533734517,0.47424959988965343,-0.0752386475889153,-0.0752386475889153
google_robot_open_drawer__seed095__step011,open_drawer,95,exploration,10,0.5595556807629473,0.00632808465606947,0.5342616782758816,0.19839169535047,0.8558665065671582,0.3611639854124773,0.5532275961068778,0.025294002487065703,0.025294002487065703
google_robot_open_drawer__seed095__step011,open_drawer,95,exploration,11,0.5099985271013027,0.05372774000120097,0.462544274824736,0.19839169535047,0.7949244703663202,0.3116068317508327,0.4562707871001017,0.04745425227656669,0.04745425227656669
google_robot_open_drawer__seed095__step011,open_drawer,95,exploration,12,0.43769127844237743,-0.018860829639667582,0.4297778715021945,0.19839169535047,0.7677392416019547,0.23929958309190744,0.456552108082045,0.007913406940182943,0.007913406940182943
google_robot_open_drawer__seed095__step011,open_drawer,95,exploration,13,0.5311207564135463,-0.05136634389191649,0.3894915084064099,0.19839169535047,0.8861729413729147,0.3327290610630763,0.5824871003054628,0.1416292480071364,0.1416292480071364
google_robot_open_drawer__seed095__step011,open_drawer,95,exploration,14,0.3154363038614016,-0.05248867182820657,0.3598249830662856,0.19839169535047,0.6963079863438074,0.1170446085109316,0.36792497568960814,-0.044388679204883985,-0.044388679204883985
google_robot_open_drawer__seed095__step011,open_drawer,95,exploration,15,0.546885715170325,-0.0019434981314272552,0.4206747235045836,0.19839169535047,0.8852670231952569,0.34849401981985506,0.5488292133017523,0.1262109916657414,0.1262109916657414
google_robot_open_drawer__seed095__step011,open_drawer,95,exploration,16,0.2531547137133184,-0.081337405427613,0.3930777111367463,0.19839169535047,0.7646306087635053,0.05476301836284839,0.33449211914093135,-0.1399229974234279,-0.1399229974234279
google_robot_open_drawer__seed095__step011,open_drawer,95,exploration,17,0.31530794203917806,0.030561149199523446,0.3665315797825768,0.19839169535047,0.7317860604881664,0.11691624668870806,0.2847467928396546,-0.05122363774339872,-0.05122363774339872
google_robot_open_drawer__seed095__step011,open_drawer,95,exploration,18,0.4499719621261453,0.008394976120103925,0.4245681573487497,0.19839169535047,0.7036508530252563,0.25158026677567535,0.4415769860060414,0.025403804777395622,0.025403804777395622
google_robot_open_drawer__seed095__step011,open_drawer,95,exploration,19,0.43153732415704643,-0.006469287257794508,0.436287327801538,0.19839169535047,0.7018603125988391,0.23314562880657644,0.43800661141484093,-0.004750003644491574,-0.004750003644491574
google_robot_open_drawer__seed095__step011,open_drawer,95,exploration,20,0.36376930415769443,-0.08818089331863647,0.43210654941837595,0.19839169535047,0.6661257703470626,0.16537760880722444,0.4519501974763309,-0.06833724526068152,-0.06833724526068152
google_robot_open_drawer__seed095__step011,open_drawer,95,exploration,21,0.4067019608677285,-0.04448630889068814,0.3150528607079975,0.19839169535047,0.6533319319498968,0.20831026551725848,0.45118826975841664,0.09164910015973099,0.09164910015973099
google_robot_open_drawer__seed095__step011,open_drawer,95,exploration,22,0.36821730063072433,-0.04777586950490165,0.3755784553469302,0.19839169535047,0.6521314299299257,0.16982560528025434,0.415993170135626,-0.007361154716205853,-0.007361154716205853
google_robot_open_drawer__seed095__step011,open_drawer,95,exploration,23,0.4181450152953132,0.08302225676348134,0.4641654350860626,0.19839169535047,0.6864755225449553,0.21975331994484323,0.3351227585318319,-0.04602041979074939,-0.04602041979074939
google_robot_open_drawer__seed095__step011,open_drawer,95,exploration,24,0.40911339344369096,0.0744180964260762,0.4598900283077081,0.19839169535047,0.6495855363292138,0.21072169809322097,0.33469529701761475,-0.05077663486401712,-0.05077663486401712
google_robot_open_drawer__seed095__step011,open_drawer,95,exploration,25,0.4104252527267222,0.02526625472644289,0.4170298570053214,0.19839169535047,0.6522503350040927,0.2120335573762522,0.3851589980002793,-0.006604604278599213,-0.006604604278599213
google_robot_open_drawer__seed095__step011,open_drawer,95,exploration,26,0.2193018788715767,0.09048765436602745,0.4531616270247208,0.19839169535047,0.6280018865977022,0.020910183521106712,0.12881422450554925,-0.2338597481531441,-0.2338597481531441
google_robot_open_drawer__seed095__step011,open_drawer,95,exploration,27,0.41491410912559284,-0.08679173643191711,0.46651343737978146,0.19839169535047,0.6617962427332963,0.21652241377512285,0.50170584555751,-0.051599328254188614,-0.051599328254188614
google_robot_open_drawer__seed095__step011,open_drawer,95,exploration,28,0.4120277401490163,-0.0735901972962799,0.4610804761526581,0.19839169535047,0.6602732738974191,0.21363604479854628,0.4856179374452962,-0.04905273600364185,-0.04905273600364185
google_robot_open_drawer__seed095__step011,open_drawer,95,exploration,29,0.4020136804275616,0.046332143535980606,0.4616797209958916,0.19839169535047,0.6468028033198002,0.2036219850770916,0.355681536891581,-0.059666040568330025,-0.059666040568330025
google_robot_open_drawer__seed095__step011,open_drawer,95,exploration,30,0.3102343738056299,-0.04674723433437849,0.3096989770811783,0.19839169535047,0.6216508861568578,0.11184267845515991,0.3569816081400084,0.0005353967244516311,0.0005353967244516311
google_robot_open_drawer__seed095__step011,open_drawer,95,exploration,31,0.3637403427831249,-0.049397909373860655,0.23388902502639783,0.19839169535047,0.6287267589217403,0.1653486474326549,0.4131382521569855,0.12985131775672706,0.12985131775672706
google_robot_open_drawer__seed095__step056,open_drawer,95,exploration,0,-0.03009394867577653,-0.027732645074056744,-0.03009394867577653,0.26232999253167066,2.874760642859776,-0.2924239412074472,-0.002361303601719787,0.0,-0.2924239412074472
google_robot_open_drawer__seed095__step056,open_drawer,95,exploration,1,-0.03314755746589018,0.11114665989725252,-0.03314755746589018,0.26232999253167066,2.787038307332868,-0.2954775499975608,-0.14429421736314268,0.0,-0.2954775499975608
google_robot_open_drawer__seed095__step056,open_drawer,95,exploration,2,0.119450179074944,0.038723161190584,0.119450179074944,0.26232999253167066,2.591596317937203,-0.14287981345672668,0.08072701788436,0.0,-0.14287981345672668
google_robot_open_drawer__seed095__step056,open_drawer,95,exploration,3,0.04447777492636975,-0.020310003341588962,0.019271521300255157,0.26232999253167066,2.6756018480000128,-0.2178522176053009,0.06478777826795871,0.025206253626114592,-0.2178522176053009
google_robot_open_drawer__seed095__step056,open_drawer,95,exploration,4,0.08299054796120868,0.032793994149636164,0.06722077846682444,0.26232999253167066,2.7132915821566996,-0.17933944457046197,0.050196553811572515,0.015769769494384245,-0.17933944457046197
google_robot_open_drawer__seed095__step056,open_drawer,95,exploration,5,0.020987121583199476,0.25134298800726923,0.035520402374744804,0.26232999253167066,2.827945075570606,-0.24134287094847118,-0.23035586642406974,-0.014533280791545328,-0.24134287094847118
google_robot_open_drawer__seed095__step056,open_drawer,95,exploration,6,-0.08982550282473505,0.1155513218793663,0.027509102562525863,0.26232999253167066,3.0493538760368235,-0.3521554953564057,-0.20537682470410135,-0.11733460538726091,-0.3521554953564057
google_robot_open_drawer__seed095__step056,open_drawer,95,exploration,7,0.05395031353114946,0.37949642509256826,-0.060184767332304136,0.26232999253167066,2.4312384525302586,-0.2083796790005212,-0.32554611156141877,0.11413508086345359,-0.32554611156141877
google_robot_open_drawer__seed095__step056,open_drawer,95,exploration,8,0.3392299501259212,0.09020819325969724,0.319851108494745,0.26232999253167066,1.7522864742883055,0.07689995759425056,0.24902175686622396,0.019378841631176202,0.019378841631176202
google_robot_open_drawer__seed095__step056,open_drawer,95,exploration,9,0.5135114947539385,0.06944775791297417,0.5253990360959123,0.26232999253167066,1.5279563541453005,0.25118150222226787,0.44406373684096434,-0.011887541341973784,-0.011887541341973784
google_robot_open_drawer__seed095__step056,open_drawer,95,exploration,10,0.3186838352136751,0.07968387173855361,0.4471632354180452,0.26232999253167066,1.6585279286566548,0.05635384268200444,0.23899996347512148,-0.1284794002043701,-0.1284794002043701
google_robot_open_drawer__seed095__step056,open_drawer,95,exploration,11,0.4339021553082083,-0.15656489629654635,0.4561516925039202,0.26232999253167066,1.7176790588409996,0.17157216277653764,0.5904670516047547,-0.022249537195711877,-0.022249537195711877
google_robot_open_drawer__seed095__step056,open_drawer,95,exploration,12,0.4118324213737581,0.25190127113431265,0.335527642373024,0.26232999253167066,1.4231915898748535,0.14950242884208742,0.15993115023944543,0.07630477900073407,0.07630477900073407
google_robot_open_drawer__seed095__step056,open_drawer,95,exploration,13,0.30409947840278395,-0.2918231941518791,0.37419715772980555,0.26232999253167066,1.3341288621070595,0.04176948587111329,0.595922672554663,-0.0700976793270216,-0.0700976793270216
google_robot_open_drawer__seed095__step056,open_drawer,95,exploration,14,0.4717097069078504,-0.11765599722630944,0.3944530107756541,0.26232999253167066,1.4879063843624383,0.20937971437617975,0.5893657041341599,0.07725669613219632,0.07725669613219632
google_robot_open_drawer__seed095__step056,open_drawer,95,exploration,15,0.37327305947843037,-0.16720937064582597,0.3756718706597539,0.26232999253167066,1.5481235294955515,0.1109430669467597,0.5404824301242563,-0.0023988111813235125,-0.0023988111813235125
google_robot_open_drawer__seed095__step056,open_drawer,95,exploration,16,0.536323926533594,0.06629326650059297,0.510648680550786,0.26232999253167066,1.4681598589467233,0.2739939340019233,0.470030660033001,0.025675245982807904,0.025675245982807904
google_robot_open_drawer__seed095__step056,open_drawer,95,exploration,17,0.5567225760864408,-0.21042954863307384,0.5562583032771821,0.26232999253167066,1.578029051571336,0.29439258355477016,0.7671521247195147,0.0004642728092587589,0.0004642728092587589
google_robot_open_drawer__seed095__step056,open_drawer,95,exploration,18,0.5486723151993608,-0.19234620225701948,0.5206410671603919,0.26232999253167066,1.5146045881209804,0.2863423226676901,0.7410185174563803,0.028031248038968837,0.028031248038968837
google_robot_open_drawer__seed095__step056,open_drawer,95,exploration,19,0.505145986772678,0.26711256562122526,0.49910902316877953,0.26232999253167066,1.4833937717584091,0.2428159942410073,0.2380334211514527,0.0060369636038984376,0.0060369636038984376
google_robot_open_drawer__seed095__step056,open_drawer,95,exploration,20,0.5080354324376167,0.07694628219474102,0.42893698805540686,0.26232999253167066,1.4419016768712134,0.24570543990594607,0.4310891502428757,0.07909844438220986,0.07909844438220986
google_robot_open_drawer__seed095__step056,open_drawer,95,exploration,21,0.5108389892511433,-0.09403879865562732,0.49686045149264224,0.26232999253167066,1.4112246354586067,0.24850899671947269,0.6048777879067707,0.013978537758501108,0.013978537758501108
google_robot_open_drawer__seed095__step056,open_drawer,95,exploration,22,0.48324092738767943,-0.08602984102455297,0.47891279683032323,0.26232999253167066,1.36612992737668,0.22091093485600877,0.5692707684122325,0.004328130557356202,0.004328130557356202
google_robot_open_drawer__seed095__step056,open_drawer,95,exploration,23,0.4636928817129693,-0.11190203487810534,0.4636928817129693,0.26232999253167066,1.3780065904020473,0.20136288918129863,0.5755949165910746,0.0,0.0
google_robot_open_drawer__seed095__step056,open_drawer,95,exploration,24,0.47910632450082624,-0.09153126720259715,0.47891279683032323,0.26232999253167066,1.3654007038432756,0.21677633196915558,0.5706375917034234,0.00019352767050301312,0.00019352767050301312
google_robot_open_drawer__seed095__step056,open_drawer,95,exploration,25,0.5076930782173629,0.21165987998685876,0.5098544686360951,0.26232999253167066,1.3783054898772895,0.2453630856856922,0.2960331982305041,-0.002161390418732201,-0.002161390418732201
google_robot_open_drawer__seed095__step056,open_drawer,95,exploration,26,0.3348410791300971,0.17165390647847703,0.3514495183021638,0.26232999253167066,1.4307589383235355,0.07251108659842642,0.16318717265162005,-0.016608439172066725,-0.016608439172066725
google_robot_open_drawer__seed095__step056,open_drawer,95,exploration,27,0.3343779197039028,0.13091457454915906,0.3194619437733967,0.26232999253167066,1.6024093964787505,0.07204792717223213,0.20346334515474374,0.014915975930506087,0.014915975930506087
google_robot_open_drawer__seed095__step056,open_drawer,95,exploration,28,0.26198864282716366,-0.11254449320566877,0.29460185171071285,0.26232999253167066,1.651997837708485,-0.0003413497045069991,0.37453313603283245,-0.03261320888354918,-0.03261320888354918
google_robot_open_drawer__seed095__step056,open_drawer,95,exploration,29,0.4924469609465458,-0.17288170196663677,0.2922677495748265,0.26232999253167066,1.3961469582513995,0.2301169684148751,0.6653286629131825,0.2001792113717193,0.2001792113717193
google_robot_open_drawer__seed095__step056,open_drawer,95,exploration,30,0.26620482458946265,0.29102851445245154,0.27159000919914306,0.26232999253167066,1.6255899755415837,0.003874832057791988,-0.024823689862988885,-0.005385184609680405,-0.024823689862988885
google_robot_open_drawer__seed095__step056,open_drawer,95,exploration,31,0.25659584936911645,0.009251977419036042,0.2861887304001752,0.26232999253167066,1.5936969750824583,-0.005734143162554217,0.2473438719500804,-0.029592881031058726,-0.029592881031058726
google_robot_open_drawer__seed095__step101,open_drawer,95,exploration,0,0.3425158815866452,-0.14768873120231865,0.3425158815866452,0.0797629598097334,2.009802280798292,0.2627529217769118,0.4902046127889639,0.0,0.0
google_robot_open_drawer__seed095__step101,open_drawer,95,exploration,1,0.3489216434197615,-0.20813713647130416,0.3489216434197615,0.0797629598097334,1.9685822402244015,0.2691586836100281,0.5570587798910657,0.0,0.0
google_robot_open_drawer__seed095__step101,open_drawer,95,exploration,2,0.28329944007785385,0.02963837247269005,0.2912475778112966,0.0797629598097334,1.862508950391737,0.20353648026812043,0.2536610676051638,-0.007948137733442773,-0.007948137733442773
google_robot_open_drawer__seed095__step101,open_drawer,95,exploration,3,0.3187081866418029,0.0685277363351097,0.3286392213451602,0.0797629598097334,1.9338425988374088,0.23894522683206948,0.2501804503066932,-0.009931034703357322,-0.009931034703357322
google_robot_open_drawer__seed095__step101,open_drawer,95,exploration,4,0.25582685818014345,-0.137961002732891,0.3119522035863547,0.0797629598097334,1.9087075536999483,0.17606389837041003,0.3937878609130344,-0.05612534540621128,-0.05612534540621128
google_robot_open_drawer__seed095__step101,open_drawer,95,exploration,5,0.3200808760455353,-0.06657426108151183,0.31563809903499007,0.0797629598097334,1.926858062042607,0.2403179162358019,0.38665513712704713,0.00444277701054524,0.00444277701054524
google_robot_open_drawer__seed095__step101,open_drawer,95,exploration,6,0.3294404556117671,-0.02399139545716962,0.29689782691836214,0.0797629598097334,1.9948298804437656,0.2496774958020337,0.3534318510689367,0.03254262869340496,0.03254262869340496
google_robot_open_drawer__seed095__step101,open_drawer,95,exploration,7,0.3548566536945676,-0.1700782671991139,0.3316675786462319,0.0797629598097334,2.0705525131287055,0.2750936938848342,0.5249349208936815,0.023189075048335672,0.023189075048335672
google_robot_open_drawer__seed095__step101,open_drawer,95,exploration,8,0.37326075429460875,-0.021864456629767163,0.30782093976063857,0.0797629598097334,1.9489918300755127,0.29349779448487534,0.3951252109243759,0.06543981453397019,0.06543981453397019
google_robot_open_drawer__seed095__step101,open_drawer,95,exploration,9,0.35840569745026346,0.019543542441177494,0.30039448778714917,0.0797629598097334,2.1744489747395845,0.27864273764053005,0.33886215500908595,0.058011209663114294,0.058011209663114294
google_robot_open_drawer__seed095__step101,open_drawer,95,exploration,10,0.28201099545344976,-0.06556002116354923,0.30576296686082793,0.0797629598097334,1.8229367499938829,0.20224803564371635,0.34757101661699896,-0.02375197140737817,-0.02375197140737817
google_robot_open_drawer__seed095__step101,open_drawer,95,exploration,11,0.3130693207677612,0.045299354689776326,0.2848824769266031,0.0797629598097334,1.769979457512067,0.23330636095802781,0.2677699660779849,0.028186843841158105,0.028186843841158105
google_robot_open_drawer__seed095__step101,open_drawer,95,exploration,12,0.2635251139832206,0.06029273629980716,0.26840650301993896,0.0797629598097334,1.8825869799101438,0.18376215417348718,0.20323237768341343,-0.004881389036718364,-0.004881389036718364
google_robot_open_drawer__seed095__step101,open_drawer,95,exploration,13,0.2657504791979197,0.15311173002094627,0.3267010916734735,0.0797629598097334,1.8823159440980455,0.1859875193881863,0.11263874917697345,-0.06095061247555378,-0.06095061247555378
google_robot_open_drawer__seed095__step101,open_drawer,95,exploration,14,0.3274274724978506,0.13181756469348518,0.34672578946535354,0.0797629598097334,1.7101769714549506,0.24766451268811718,0.1956099078043654,-0.01929831696750295,-0.01929831696750295
google_robot_open_drawer__seed095__step101,open_drawer,95,exploration,15,0.34842896362420867,0.055580014758625874,0.3277499819130741,0.0797629598097334,1.9411455121464025,0.26866600381447525,0.29284894886558277,0.02067898171113458,0.02067898171113458
google_robot_open_drawer__seed095__step101,open_drawer,95,exploration,16,0.31915561818719024,-0.1447928647014189,0.31187107115579815,0.0797629598097334,1.7470953457936982,0.23939265837745682,0.4639484828886091,0.007284547031392086,0.007284547031392086
google_robot_open_drawer__seed095__step101,open_drawer,95,exploration,17,0.3619348304278262,-0.16100926136842134,0.3417800841073187,0.0797629598097334,1.7557154828116033,0.2821718706180928,0.5229440917962476,0.02015474632050751,0.02015474632050751
google_robot_open_drawer__seed095__step101,open_drawer,95,exploration,18,0.34896493808716395,0.11323932744613059,0.27333861005493926,0.0797629598097334,1.726442046593121,0.26920197827743053,0.23572561064103337,0.07562632803222469,0.07562632803222469
google_robot_open_drawer__seed095__step101,open_drawer,95,exploration,19,0.28555949734769,0.058335368275792575,0.40086106309946185,0.0797629598097334,1.800869383947193,0.20579653753795657,0.2272241290718974,-0.11530156575177186,-0.11530156575177186
google_robot_open_drawer__seed095__step101,open_drawer,95,exploration,20,0.3696612627240317,0.1503083351799536,0.37230849008662864,0.0797629598097334,1.8353432170165944,0.2898983029142983,0.21935292754407812,-0.0026472273625969267,-0.0026472273625969267
google_robot_open_drawer__seed095__step101,open_drawer,95,exploration,21,0.391871785762327,0.16619281919019824,0.38335335834099854,0.0797629598097334,1.7936476538832937,0.3121088259525936,0.22567896657212877,0.008518427421328467,0.008518427421328467
google_robot_open_drawer__seed095__step101,open_drawer,95,exploration,22,0.3771449843072176,0.06366778827937884,0.3650281848937405,0.0797629598097334,1.7820108082161488,0.2973820244974842,0.31347719602783874,0.012116799413477097,0.012116799413477097
google_robot_open_drawer__seed095__step101,open_drawer,95,exploration,23,0.3688960219102517,0.08794068224200004,0.3688960219102517,0.0797629598097334,1.8199087533975917,0.2891330621005183,0.2809553396682517,0.0,0.0
google_robot_open_drawer__seed095__step101,open_drawer,95,exploration,24,0.34972017880748446,0.19671492920022582,0.3446907559333648,0.0797629598097334,1.8248408881424845,0.26995721899775105,0.15300524960725864,0.005029422874119671,0.005029422874119671
google_robot_open_drawer__seed095__step101,open_drawer,95,exploration,25,0.36581684863051217,0.04002836403043086,0.37988948695851116,0.0797629598097334,1.7416711162060057,0.28605388882077876,0.3257884846000813,-0.014072638327998988,-0.014072638327998988
google_robot_open_drawer__seed095__step101,open_drawer,95,exploration,26,0.3284723296923239,-0.15150727634079555,0.3204873010768284,0.0797629598097334,1.7010555126808784,0.24870936988259051,0.4799796060331195,0.007985028615495549,0.007985028615495549
google_robot_open_drawer__seed095__step101,open_drawer,95,exploration,27,0.3929282796406565,0.09883410421583357,0.3537789597927785,0.0797629598097334,1.762380283341501,0.3131653198309231,0.29409417542482297,0.039149319847878006,0.039149319847878006
google_robot_open_drawer__seed095__step101,open_drawer,95,exploration,28,0.39104420090118436,0.04444932840797201,0.3916801315621345,0.0797629598097334,1.8490133197310294,0.31128124109145094,0.34659487249321236,-0.0006359306609501347,-0.0006359306609501347
google_robot_open_drawer__seed095__step101,open_drawer,95,exploration,29,0.4006210009830547,0.07555416058324373,0.39736343202085433,0.0797629598097334,1.7546222506095255,0.3208580411733213,0.325066840399811,0.0032575689622003634,0.0032575689622003634
google_robot_open_drawer__seed095__step101,open_drawer,95,exploration,30,0.38786972515285295,-0.16520803300876521,0.36182039920498665,0.0797629598097334,1.7454544324305203,0.30810676534311954,0.5530777581616182,0.026049325947866298,0.026049325947866298
google_robot_open_drawer__seed095__step101,open_drawer,95,exploration,31,0.4189783441481682,-0.0669852271846539,0.4279739778901302,0.0797629598097334,1.8607140259386241,0.3392153843384348,0.4859635713328221,-0.008995633741961995,-0.008995633741961995
google_robot_open_drawer__seed097__step011,open_drawer,97,exploration,0,0.333148540886625,0.09467237633003645,0.333148540886625,0.29603328084441966,0.9539813247475785,0.037115260042205334,0.23847616455658854,0.0,0.0
google_robot_open_drawer__seed097__step011,open_drawer,97,exploration,1,0.3820008969300695,0.05266327570521857,0.385125426939617,0.29603328084441966,0.9809031762539421,0.08596761608564985,0.32933762122485094,-0.003124530009547488,-0.003124530009547488
google_robot_open_drawer__seed097__step011,open_drawer,97,exploration,2,0.43032170133128805,0.2772549965279862,0.39186517404200494,0.29603328084441966,0.8952789416270702,0.1342884204868684,0.15306670480330187,0.038456527289283116,0.038456527289283116
google_robot_open_drawer__seed097__step011,open_drawer,97,exploration,3,0.4196640242263951,0.24106792009993175,0.42474078846707997,0.29603328084441966,0.9248126217643439,0.12363074338197544,0.17859610412646335,-0.005076764240684872,-0.005076764240684872
google_robot_open_drawer__seed097__step011,open_drawer,97,exploration,4,0.4010996279636517,0.12620482164289593,0.3970670001555745,0.29603328084441966,0.8427895520424474,0.10506634711923202,0.27489480632075575,0.004032627808077172,0.004032627808077172
google_robot_open_drawer__seed097__step011,open_drawer,97,exploration,5,0.4457261483729617,0.22089316679960178,0.45980868792597956,0.29603328084441966,0.736246292623117,0.14969286752854205,0.22483298157335993,-0.014082539553017859,-0.014082539553017859
google_robot_open_drawer__seed097__step011,open_drawer,97,exploration,6,0.400338165162444,0.09679406783240842,0.37392178181088953,0.29603328084441966,0.9358934083879008,0.10430488431802437,0.3035440973300356,0.026416383351554495,0.026416383351554495
google_robot_open_drawer__seed097__step011,open_drawer,97,exploration,7,0.4505961261528642,-0.004496548211140387,0.33156260975969426,0.29603328084441966,0.7886516340355549,0.15456284530844455,0.4550926743640046,0.11903351639316995,0.11903351639316995
google_robot_open_drawer__seed097__step011,open_drawer,97,exploration,8,0.375091480338333,0.1920964587080647,0.32711573537406746,0.29603328084441966,0.8550395569391234,0.07905819949391335,0.18299502163026832,0.04797574496426554,0.04797574496426554
google_robot_open_drawer__seed097__step011,open_drawer,97,exploration,9,0.37739021523464067,0.017980876572594482,0.3927377514212842,0.29603328084441966,0.794461789625264,0.08135693439022101,0.35940933866204616,-0.015347536186643529,-0.015347536186643529
google_robot_open_drawer__seed097__step011,open_drawer,97,exploration,10,0.34894189221167093,-0.02599438752176651,0.41471439079270184,0.29603328084441966,0.8476382120079744,0.05290861136725128,0.37493627973343746,-0.0657724985810309,-0.0657724985810309
google_robot_open_drawer__seed097__step011,open_drawer,97,exploration,11,0.3635824121762399,-0.07424097819390972,0.37362557541399416,0.29603328084441966,0.977532665569133,0.06754913133182022,0.4378233903701496,-0.010043163237754282,-0.010043163237754282
google_robot_open_drawer__seed097__step011,open_drawer,97,exploration,12,0.35071148948828273,-0.1288911549840991,0.30693787685987267,0.29603328084441966,0.8724658760427971,0.05467820864386308,0.4796026444723818,0.043773612628410064,0.043773612628410064
google_robot_open_drawer__seed097__step011,open_drawer,97,exploration,13,0.2736059292021356,0.014122578532287175,0.31932216552713344,0.29603328084441966,0.9712532857823377,-0.022427351642284044,0.25948335066984846,-0.04571623632499783,-0.04571623632499783
google_robot_open_drawer__seed097__step011,open_drawer,97,exploration,14,0.3456350750369949,0.09297243821570374,0.31038547229380803,0.29603328084441966,0.845509887313324,0.049601794192575266,0.2526626368212912,0.03524960274318689,0.03524960274318689
google_robot_open_drawer__seed097__step011,open_drawer,97,exploration,15,0.36232326472727366,0.003775590791175699,0.2474586981540148,0.29603328084441966,0.8513013174161189,0.06628998388285401,0.358547673936098,0.11486456657325886,0.06628998388285401
google_robot_open_drawer__seed097__step011,open_drawer,97,exploration,16,0.3863434130370829,0.06514347712109021,0.3234180015775574,0.29603328084441966,0.8761754058147267,0.09031013219266326,0.3211999359159927,0.06292541145952552,0.06292541145952552
google_robot_open_drawer__seed097__step011,open_drawer,97,exploration,17,0.3739179067527208,0.03872146232257233,0.2821926161712946,0.29603328084441966,0.8275667372545857,0.07788462590830114,0.33519644443014845,0.0917252905814262,0.07788462590830114
google_robot_open_drawer__seed097__step011,open_drawer,97,exploration,18,0.3953619119101887,0.06976452072786495,0.27472594496583264,0.29603328084441966,0.8426863006268223,0.09932863106576906,0.3255973911823238,0.12063596694435608,0.09932863106576906
google_robot_open_drawer__seed097__step011,open_drawer,97,exploration,19,0.3942923912359395,0.02397554118709024,0.3973586959886772,0.29603328084441966,0.8353326270422655,0.09825911039151985,0.3703168500488493,-0.0030663047527376697,-0.0030663047527376697
google_robot_open_drawer__seed097__step011,open_drawer,97,exploration,20,0.41751267529912167,0.11091249378416208,0.4321194509724336,0.29603328084441966,0.8402230782841661,0.12147939445470202,0.3066001815149596,-0.014606775673311923,-0.014606775673311923
google_robot_open_drawer__seed097__step011,open_drawer,97,exploration,21,0.3832430680967847,0.05846612174796253,0.34632208530645325,0.29603328084441966,0.7971351449648956,0.08720978725236506,0.3247769463488222,0.03692098279033146,0.03692098279033146
google_robot_open_drawer__seed097__step011,open_drawer,97,exploration,22,0.3915546759962063,0.02770164172270125,0.3813887172830032,0.29603328084441966,0.7439720543420759,0.09552139515178665,0.36385303427350507,0.010165958713203083,0.010165958713203083
google_robot_open_drawer__seed097__step011,open_drawer,97,exploration,23,0.3467227267534822,0.19662497632620948,0.31881653556699857,0.29603328084441966,0.784979797367132,0.05068944590906255,0.15009775042727272,0.02790619118648363,0.02790619118648363
google_robot_open_drawer__seed097__step011,open_drawer,97,exploration,24,0.34614846974091945,-0.04389709714806674,0.3474487867666327,0.29603328084441966,0.7824546930376676,0.050115188896499796,0.3900455668889862,-0.0013003170257132601,-0.0013003170257132601
google_robot_open_drawer__seed097__step011,open_drawer,97,exploration,25,0.3641451478279767,-0.06503124451787438,0.36031174602124594,0.29603328084441966,0.7799259330199062,0.06811186698355703,0.4291763923458511,0.003833401806730752,0.003833401806730752
google_robot_open_drawer__seed097__step011,open_drawer,97,exploration,26,0.3592078906341136,-0.09896032292453338,0.3401605286330445,0.29603328084441966,0.7771280076921694,0.06317460978969397,0.458168213558647,0.0190473620010691,0.0190473620010691
google_robot_open_drawer__seed097__step011,open_drawer,97,exploration,27,0.3480879896638595,0.09180719590472193,0.3346598113988879,0.29603328084441966,0.7747982290785319,0.052054708819439854,0.2562807937591376,0.013428178264971613,0.013428178264971613
google_robot_open_drawer__seed097__step011,open_drawer,97,exploration,28,0.30906803437143965,0.07222444905311406,0.3368714204936048,0.29603328084441966,0.7465649356541771,0.013034753527019993,0.23684358531832558,-0.027803386122165152,-0.027803386122165152
google_robot_open_drawer__seed097__step011,open_drawer,97,exploration,29,0.35528216039314126,0.09316683056544145,0.3346598113988879,0.29603328084441966,0.7844329770939193,0.0592488795487216,0.2621153298276998,0.02062234899425336,0.02062234899425336
google_robot_open_drawer__seed097__step011,open_drawer,97,exploration,30,0.32264330435038735,0.12738973390041322,0.3553222946219541,0.29603328084441966,0.7465653542047478,0.026610023505967695,0.19525357044997413,-0.03267899027156673,-0.03267899027156673
google_robot_open_drawer__seed097__step011,open_drawer,97,exploration,31,0.24459555240627975,0.01351772138674249,0.2452483232398023,0.29603328084441966,0.7387538271095442,-0.0514377284381399,0.23107783101953727,-0.0006527708335225535,-0.0514377284381399
google_robot_open_drawer__seed097__step056,open_drawer,97,exploration,0,0.27157288270767826,0.18143256623693263,0.27157288270767826,-0.24677323636887516,1.5506787372959174,0.5183461190765535,0.09014031647074564,0.0,0.0
google_robot_open_drawer__seed097__step056,open_drawer,97,exploration,1,0.16795400064427435,-0.10807958848027555,0.16795400064427435,-0.24677323636887516,1.8992476762103332,0.4147272370131495,0.2760335891245499,0.0,0.0
google_robot_open_drawer__seed097__step056,open_drawer,97,exploration,2,0.14762546280308333,0.029182711596123522,0.15292079908928044,-0.24677323636887516,1.3519329403369535,0.39439869917195847,0.11844275120695981,-0.005295336286197105,-0.005295336286197105
google_robot_open_drawer__seed097__step056,open_drawer,97,exploration,3,0.16866742880146254,-0.05830126816974435,0.10034681410437263,-0.24677323636887516,1.6958082146764877,0.41544066517033773,0.2269686969712069,0.06832061469708992,0.06832061469708992
google_robot_open_drawer__seed097__step056,open_drawer,97,exploration,4,0.10855951695275846,-0.07498538474522093,0.13637142235283148,-0.24677323636887516,1.2992395137014572,0.3553327533216336,0.18354490169797938,-0.027811905400073014,-0.027811905400073014
google_robot_open_drawer__seed097__step056,open_drawer,97,exploration,5,0.11576522685294527,0.17155017233075717,0.2555819011722226,-0.24677323636887516,1.2135600249091365,0.36253846322182043,-0.055784945477811904,-0.13981667431927736,-0.13981667431927736
google_robot_open_drawer__seed097__step056,open_drawer,97,exploration,6,0.25917640635525657,-0.10466408676502147,0.23076855926047676,-0.24677323636887516,1.4964128290806273,0.5059496427241317,0.36384049312027805,0.02840784709477981,0.02840784709477981
google_robot_open_drawer__seed097__step056,open_drawer,97,exploration,7,0.38986787597906275,0.2632789479140729,0.36752727241761285,-0.24677323636887516,2.2408868107763693,0.6366411123479379,0.12658892806498984,0.0223406035614499,0.0223406035614499
google_robot_open_drawer__seed097__step056,open_drawer,97,exploration,8,0.3849056952190912,-0.23056935754996802,0.2113344136762202,-0.24677323636887516,1.7383242327263309,0.6316789315879663,0.6154750527690592,0.173571281542871,0.173571281542871
google_robot_open_drawer__seed097__step056,open_drawer,97,exploration,9,0.38097020959655703,0.2601810087628698,0.32086109537757995,-0.24677323636887516,1.7418946474241161,0.6277434459654322,0.12078920083368722,0.06010911421897708,0.06010911421897708
google_robot_open_drawer__seed097__step056,open_drawer,97,exploration,10,0.39339788656030655,0.04670794354503713,0.39339788656030655,-0.24677323636887516,1.5041887477715405,0.6401711229291818,0.34668994301526945,0.0,0.0
google_robot_open_drawer__seed097__step056,open_drawer,97,exploration,11,0.3741893324965175,0.127730627678497,0.3885034058513194,-0.24677323636887516,2.0986376299848666,0.6209625688653926,0.24645870481802049,-0.014314073354801948,-0.014314073354801948
google_robot_open_drawer__seed097__step056,open_drawer,97,exploration,12,0.33731445238141866,0.2456798727768171,0.35434447078224224,-0.24677323636887516,2.357654606229809,0.5840876887502938,0.09163457960460156,-0.017030018400823577,-0.017030018400823577
google_robot_open_drawer__seed097__step056,open_drawer,97,exploration,13,0.2866696929328512,0.04775400692308155,0.31086132687733126,-0.24677323636887516,1.4114048364820744,0.5334429293017264,0.23891568600976967,-0.02419163394448004,-0.02419163394448004
google_robot_open_drawer__seed097__step056,open_drawer,97,exploration,14,0.34387404347112877,-0.11271547407222586,0.36356686632209206,-0.24677323636887516,1.5782569269556608,0.590647279840004,0.45658951754335464,-0.0196928228509633,-0.0196928228509633
google_robot_open_drawer__seed097__step056,open_drawer,97,exploration,15,0.3487599474846253,-0.31828467218411344,0.34848636716741915,-0.24677323636887516,1.7457163392300004,0.5955331838535005,0.6670446196687387,0.00027358031720614573,0.00027358031720614573
google_robot_open_drawer__seed097__step056,open_drawer,97,exploration,16,0.4220497100201726,0.02868637645376694,0.32888508340835354,-0.24677323636887516,1.909889315262893,0.6688229463890478,0.3933633335664057,0.09316462661181907,0.09316462661181907
google_robot_open_drawer__seed097__step056,open_drawer,97,exploration,17,0.36835010905146864,0.11483734947441183,0.37083686104282476,-0.24677323636887516,1.874079383247897,0.6151233454203437,0.2535127595770568,-0.0024867519913561176,-0.0024867519913561176
google_robot_open_drawer__seed097__step056,open_drawer,97,exploration,18,0.26609954446262335,0.018156593511384017,0.2705836278955177,-0.24677323636887516,1.5485627928085568,0.5128727808314986,0.24794295095123933,-0.004484083432894359,-0.004484083432894359
google_robot_open_drawer__seed097__step056,open_drawer,97,exploration,19,-0.02246554638297397,0.06347302926302364,-0.012486809053712175,-0.24677323636887516,1.477864588182695,0.2243076899859012,-0.08593857564599762,-0.009978737329261796,-0.08593857564599762
google_robot_open_drawer__seed097__step056,open_drawer,97,exploration,20,0.05299304792377846,0.06885277685336731,0.03940888157401396,-0.24677323636887516,1.5937750898638496,0.2997662842926536,-0.015859728929588854,0.013584166349764497,-0.015859728929588854
google_robot_open_drawer__seed097__step056,open_drawer,97,exploration,21,0.13340073936667915,0.07083286973366827,0.250979957424353,-0.24677323636887516,1.8880472873482976,0.38017397573555434,0.06256786963301088,-0.11757921805767382,-0.11757921805767382
google_robot_open_drawer__seed097__step056,open_drawer,97,exploration,22,-0.06641759451510544,-0.036480552778493026,-0.01393854238327087,-0.24677323636887516,1.655714440341529,0.18035564185376973,-0.029937041736612414,-0.05247905213183457,-0.05247905213183457
google_robot_open_drawer__seed097__step056,open_drawer,97,exploration,23,-0.00046238724867865105,-0.26688208965449045,0.01867195952900093,-0.24677323636887516,1.7651448734967128,0.24631084912019652,0.2664197024058118,-0.019134346777679584,-0.019134346777679584
google_robot_open_drawer__seed097__step056,open_drawer,97,exploration,24,-0.031097186332358442,-0.12292482739183375,0.010345964662529775,-0.24677323636887516,1.6448022101633741,0.21567605003651671,0.0918276410594753,-0.04144315099488822,-0.04144315099488822
google_robot_open_drawer__seed097__step056,open_drawer,97,exploration,25,-0.06340671940687116,-0.2887444458614951,-0.07905376650015025,-0.24677323636887516,1.663859038876353,0.183366516962004,0.22533772645462397,0.01564704709327909,0.01564704709327909
google_robot_open_drawer__seed097__step056,open_drawer,97,exploration,26,-0.0715923486919806,-0.25268773796446414,-0.053557362924399006,-0.24677323636887516,1.9008531788342984,0.17518088767689455,0.18109538927248353,-0.018034985767581592,-0.018034985767581592
google_robot_open_drawer__seed097__step056,open_drawer,97,exploration,27,-0.0715923486919806,-0.17659259799354973,0.010145362978032951,-0.24677323636887516,1.9008531788342984,0.17518088767689455,0.10500024930156913,-0.08173771167001355,-0.08173771167001355
google_robot_open_drawer__seed097__step056,open_drawer,97,exploration,28,-0.007031538402969374,0.01699638197618251,0.04066053424536991,-0.24677323636887516,1.2341729567006763,0.23974169796590578,-0.024027920379151885,-0.04769207264833929,-0.04769207264833929
google_robot_open_drawer__seed097__step056,open_drawer,97,exploration,29,0.1621793259660598,-0.11547032000229134,0.208571199736079,-0.24677323636887516,1.7098844706780856,0.40895256233493493,0.2776496459683511,-0.04639187377001919,-0.04639187377001919
google_robot_open_drawer__seed097__step056,open_drawer,97,exploration,30,0.17460492520211898,0.023932743042176585,0.2597366733118081,-0.24677323636887516,1.4253801183828447,0.42137816157099417,0.1506721821599424,-0.08513174810968913,-0.08513174810968913
google_robot_open_drawer__seed097__step056,open_drawer,97,exploration,31,0.19580321097674966,0.015377010420280099,0.1556054132177561,-0.24677323636887516,1.7698690474982517,0.44257644734562485,0.18042620055646957,0.04019779775899357,0.04019779775899357
google_robot_open_drawer__seed097__step101,open_drawer,97,exploration,0,-0.13351644069813273,-0.03343751615760427,-0.13351644069813273,-0.2230328532486955,1.281122839515192,0.08951641255056278,-0.10007892454052847,0.0,-0.10007892454052847
google_robot_open_drawer__seed097__step101,open_drawer,97,exploration,1,-0.017661274618589184,0.3043536482827558,-0.017661274618589184,-0.2230328532486955,1.2056996329511582,0.20537157863010633,-0.322014922901345,0.0,-0.322014922901345
google_robot_open_drawer__seed097__step101,open_drawer,97,exploration,2,0.22556924021088606,0.000742293073535146,0.22556924021088606,-0.2230328532486955,0.8187152591117872,0.4486020934595816,0.2248269471373509,0.0,0.0
google_robot_open_drawer__seed097__step101,open_drawer,97,exploration,3,-0.07682328486495182,-0.19876527096645935,0.16641700553166214,-0.2230328532486955,1.0298304382048575,0.1462095683837437,0.12194198610150753,-0.24324029039661396,-0.24324029039661396
google_robot_open_drawer__seed097__step101,open_drawer,97,exploration,4,-0.034083252490951954,0.2693151088781844,-0.034083252490951954,-0.2230328532486955,0.9886605825561695,0.18894960075774356,-0.30339836136913634,0.0,-0.30339836136913634
google_robot_open_drawer__seed097__step101,open_drawer,97,exploration,5,0.031110137330530276,0.18262674876275112,0.031110137330530276,-0.2230328532486955,0.943014843098915,0.2541429905792258,-0.15151661143222084,0.0,-0.15151661143222084
google_robot_open_drawer__seed097__step101,open_drawer,97,exploration,6,0.15156999723556405,0.009048167328344792,-0.002727365933389958,-0.2230328532486955,0.968611635341517,0.37460285048425956,0.14252182990721926,0.154297363168954,0.14252182990721926
google_robot_open_drawer__seed097__step101,open_drawer,97,exploration,7,0.448839953900429,0.10382150165761998,0.42032574036317033,-0.2230328532486955,1.1192630721429881,0.6718728071491246,0.345018452242809,0.028514213537258692,0.028514213537258692
google_robot_open_drawer__seed097__step101,open_drawer,97,exploration,8,0.41145572824241167,-0.27803071023302334,0.35432443114596907,-0.2230328532486955,0.9953219337037472,0.6344885814911072,0.689486438475435,0.0571312970964426,0.0571312970964426
google_robot_open_drawer__seed097__step101,open_drawer,97,exploration,9,0.41320551056060806,0.02969226955187008,0.4065343843011997,-0.2230328532486955,1.359398220059674,0.6362383638093035,0.38351324100873796,0.006671126259408355,0.006671126259408355
google_robot_open_drawer__seed097__step101,open_drawer,97,exploration,10,0.4910932604049325,0.5244439794257475,0.41188182951314456,-0.2230328532486955,1.10810508511871,0.714126113653628,-0.03335071902081499,0.07921143089178795,-0.03335071902081499
google_robot_open_drawer__seed097__step101,open_drawer,97,exploration,11,0.21542842288342579,0.2318430231005908,0.050738518335917936,-0.2230328532486955,1.0234995163087655,0.43846127613212127,-0.01641460021716501,0.16468990454750784,-0.01641460021716501
google_robot_open_drawer__seed097__step101,open_drawer,97,exploration,12,0.2368322390844165,0.21735477849077778,0.10357073182385346,-0.2230328532486955,1.023360681032776,0.459865092333112,0.019477460593638724,0.13326150726056304,0.019477460593638724
google_robot_open_drawer__seed097__step101,open_drawer,97,exploration,13,0.3692558014487062,0.11636051210451409,0.3455977558721964,-0.2230328532486955,1.2382111426742348,0.5922886546974017,0.2528952893441921,0.0236580455765098,0.0236580455765098
google_robot_open_drawer__seed097__step101,open_drawer,97,exploration,14,0.15913871572752578,0.10494816397050159,0.12960000647780207,-0.2230328532486955,1.0424333886132087,0.3821715689762213,0.05419055175702418,0.02953870924972371,0.02953870924972371
google_robot_open_drawer__seed097__step101,open_drawer,97,exploration,15,0.3315784761929584,-0.06212566924429192,0.24118709868371604,-0.2230328532486955,0.9812939915760913,0.5546113294416539,0.3937041454372503,0.09039137750924234,0.09039137750924234
google_robot_open_drawer__seed097__step101,open_drawer,97,exploration,16,0.2903201314663935,-0.23837828228982508,0.2903201314663935,-0.2230328532486955,1.2946670299723302,0.5133529847150891,0.5286984137562186,0.0,0.0
google_robot_open_drawer__seed097__step101,open_drawer,97,exploration,17,0.1645772852693933,0.03191087855247584,0.056688549318812065,-0.2230328532486955,1.1831567172541158,0.3876101385180888,0.13266640671691746,0.10788873595058124,0.10788873595058124
google_robot_open_drawer__seed097__step101,open_drawer,97,exploration,18,0.3551649095281708,-0.027098450398738667,0.3551649095281708,-0.2230328532486955,1.1410094911218038,0.5781977627768663,0.38226335992690946,0.0,0.0
google_robot_open_drawer__seed097__step101,open_drawer,97,exploration,19,0.1366240454877141,0.3408238213679846,0.3972397402960223,-0.2230328532486955,0.9413378226871033,0.3596568987364096,-0.20419977588027052,-0.26061569480830826,-0.26061569480830826
google_robot_open_drawer__seed097__step101,open_drawer,97,exploration,20,0.3444627739510528,0.19982705176425672,0.3444627739510528,-0.2230328532486955,1.0290737347689294,0.5674956271997483,0.14463572218679607,0.0,0.0
google_robot_open_drawer__seed097__step101,open_drawer,97,exploration,21,0.1430961021793821,0.18384494212888405,0.1647560678703002,-0.2230328532486955,1.0890135637048728,0.3661289554280776,-0.04074883994950196,-0.021659965690918104,-0.04074883994950196
google_robot_open_drawer__seed097__step101,open_drawer,97,exploration,22,0.35863769488506886,0.006657931305159483,0.2920130451295732,-0.2230328532486955,1.1512951539994376,0.5816705481337644,0.3519797635799094,0.06662464975549565,0.06662464975549565
google_robot_open_drawer__seed097__step101,open_drawer,97,exploration,23,0.20424053909235584,0.15970140128428514,-0.08472149329447004,-0.2230328532486955,0.9908830614082484,0.42727339234105133,0.0445391378080707,0.2889620323868259,0.0445391378080707
google_robot_open_drawer__seed097__step101,open_drawer,97,exploration,24,-0.09071857518346756,0.3469256520480431,0.05214951516799862,-0.2230328532486955,0.9923103020343143,0.13231427806522794,-0.43764422723151064,-0.1428680903514662,-0.43764422723151064
google_robot_open_drawer__seed097__step101,open_drawer,97,exploration,25,0.013234447128419627,0.41984658874614894,-0.08005308800265859,-0.2230328532486955,1.3447687479925639,0.23626730037711513,-0.4066121416177293,0.09328753513107822,-0.4066121416177293
google_robot_open_drawer__seed097__step101,open_drawer,97,exploration,26,-0.030615354878360573,0.09082839311496432,-0.030615354878360573,-0.2230328532486955,1.0467190737468792,0.19241749837033495,-0.1214437479933249,0.0,-0.1214437479933249
google_robot_open_drawer__seed097__step101,open_drawer,97,exploration,27,-0.07715101865330254,0.0537099975942249,0.10681212643829323,-0.2230328532486955,1.0942916271291592,0.14588183459539297,-0.13086101624752744,-0.18396314509159578,-0.18396314509159578
google_robot_open_drawer__seed097__step101,open_drawer,97,exploration,28,0.4327732387510546,-0.028032216895857193,0.3119198682514535,-0.2230328532486955,1.201057375968597,0.6558060919997502,0.4608054556469118,0.1208533704996011,0.1208533704996011
google_robot_open_drawer__seed097__step101,open_drawer,97,exploration,29,0.02769949911062471,0.02574510181265588,0.034616258694396405,-0.2230328532486955,0.9132740339902162,0.25073235235932023,0.0019543972979688302,-0.006916759583771696,-0.006916759583771696
google_robot_open_drawer__seed097__step101,open_drawer,97,exploration,30,0.00511333718142228,-0.2680843914064138,-0.12282906019743056,-0.2230328532486955,1.1485641246793517,0.2281461904301178,0.2731977285878361,0.12794239737885285,0.12794239737885285
google_robot_open_drawer__seed097__step101,open_drawer,97,exploration,31,0.3398548503135171,-0.12493603565160492,0.42019595741212906,-0.2230328532486955,0.919094289972303,0.5628877035622126,0.464790885965122,-0.08034110709861197,-0.08034110709861197
google_robot_open_drawer__seed099__step011,open_drawer,99,exploration,0,0.23710550081789528,0.053420194791701875,0.23710550081789528,0.18885575334753937,1.6333466143103306,0.0482497474703559,0.1836853060261934,0.0,0.0
google_robot_open_drawer__seed099__step011,open_drawer,99,exploration,1,0.24868537311273156,-0.03473917991831491,0.2461904452667166,0.18885575334753937,1.52478070258959,0.05982961976519219,0.28342455303104647,0.0024949278460149604,0.0024949278460149604
google_robot_open_drawer__seed099__step011,open_drawer,99,exploration,2,0.2657836089966118,0.038824004015152104,0.26357983293571347,0.18885575334753937,1.5214720092998302,0.07692785564907242,0.2269596049814597,0.0022037760608983326,0.0022037760608983326
google_robot_open_drawer__seed099__step011,open_drawer,99,exploration,3,0.3221164234373886,-0.019051713400746035,0.3221164234373886,0.18885575334753937,1.7060053743493833,0.13326067008984924,0.34116813683813463,0.0,0.0
google_robot_open_drawer__seed099__step011,open_drawer,99,exploration,4,0.2938825974942355,0.021857384104290906,0.251785282610786,0.18885575334753937,1.4205463442412107,0.10502684414669614,0.2720252133899446,0.04209731488344953,0.04209731488344953
google_robot_open_drawer__seed099__step011,open_drawer,99,exploration,5,0.3152989938843637,0.03725299869536109,0.2664732541968739,0.18885575334753937,1.381260413363894,0.12644324053682435,0.27804599518900264,0.04882573968748982,0.04882573968748982
google_robot_open_drawer__seed099__step011,open_drawer,99,exploration,6,0.2334519321561119,-0.039946434797379075,0.23119329945262554,0.18885575334753937,1.5137569791332444,0.04459617880857253,0.27339836695349096,0.002258632703486363,0.002258632703486363
google_robot_open_drawer__seed099__step011,open_drawer,99,exploration,7,0.2417762100654124,0.09391490055954109,0.267002513141246,0.18885575334753937,1.4474853100702372,0.052920456717873016,0.14786130950587129,-0.025226303075833623,-0.025226303075833623
google_robot_open_drawer__seed099__step011,open_drawer,99,exploration,8,0.2621178973487131,-0.005295773224594916,0.2688910425644058,0.18885575334753937,1.4537444868680667,0.07326214400117373,0.267413670573308,-0.006773145215692722,-0.006773145215692722
google_robot_open_drawer__seed099__step011,open_drawer,99,exploration,9,0.2185938486978107,0.07053371057651676,0.2277313173111312,0.18885575334753937,1.7135987624106561,0.029738095350271332,0.14806013812129393,-0.009137468613320487,-0.009137468613320487
google_robot_open_drawer__seed099__step011,open_drawer,99,exploration,10,0.248211433856979,0.13134477395029495,0.22155524728985262,0.18885575334753937,1.449846834309428,0.05935568050943962,0.11686665990668405,0.026656186567126372,0.026656186567126372
google_robot_open_drawer__seed099__step011,open_drawer,99,exploration,11,0.22349716619220059,0.0852480303963881,0.19041099642387516,0.18885575334753937,1.663215659583334,0.03464141284466121,0.1382491357958125,0.03308616976832543,0.03308616976832543
google_robot_open_drawer__seed099__step011,open_drawer,99,exploration,12,0.21595456042853126,0.033177321098527106,0.21614486500643962,0.18885575334753937,1.8012217498999605,0.027098807080991882,0.18277723933000414,-0.0001903045779083623,-0.0001903045779083623
google_robot_open_drawer__seed099__step011,open_drawer,99,exploration,13,0.273596201460138,0.03777065103797278,0.2497402971163607,0.18885575334753937,1.7319098605446352,0.08474044811259865,0.23582555042216524,0.023855904343777323,0.023855904343777323
google_robot_open_drawer__seed099__step011,open_drawer,99,exploration,14,0.2696208995758031,0.00583550741493682,0.2803562035366276,0.18885575334753937,1.682408622709517,0.08076514622826372,0.26378539216086627,-0.010735303960824505,-0.010735303960824505
google_robot_open_drawer__seed099__step011,open_drawer,99,exploration,15,0.27851125693052786,0.10309392326766327,0.26187962506208184,0.18885575334753937,1.7955516923643087,0.08965550358298849,0.1754173336628646,0.016631631868446017,0.016631631868446017
google_robot_open_drawer__seed099__step011,open_drawer,99,exploration,16,0.2117600121896661,0.058308736435061105,0.14869062498719088,0.18885575334753937,1.4018120452819975,0.02290425884212674,0.15345127575460502,0.06306938720247524,0.02290425884212674
google_robot_open_drawer__seed099__step011,open_drawer,99,exploration,17,0.20804769480361782,0.06196171635805447,0.1417019455695198,0.18885575334753937,1.4193003729713412,0.019191941456078443,0.14608597844556334,0.06634574923409803,0.019191941456078443
google_robot_open_drawer__seed099__step011,open_drawer,99,exploration,18,0.21151508066637123,-0.0048048533604157255,0.18261037723472462,0.18885575334753937,1.424325086480702,0.022659327318831857,0.21631993402678695,0.02890470343164661,0.022659327318831857
google_robot_open_drawer__seed099__step011,open_drawer,99,exploration,19,0.154519149384751,0.07408708567410824,0.1376223809619258,0.18885575334753937,1.4657153918818506,-0.03433660396278837,0.08043206371064276,0.016896768422825198,-0.03433660396278837
google_robot_open_drawer__seed099__step011,open_drawer,99,exploration,20,0.14838729458427194,0.046736652786207755,0.14191651268532193,0.18885575334753937,1.4561417974118482,-0.040468458763267434,0.10165064179806418,0.0064707818989500065,-0.040468458763267434
google_robot_open_drawer__seed099__step011,open_drawer,99,exploration,21,0.1621971333062491,0.06590995430163445,0.14383787139599666,0.18885575334753937,1.4538115043765487,-0.02665862004129027,0.09628717900461466,0.018359261910252445,-0.02665862004129027
google_robot_open_drawer__seed099__step011,open_drawer,99,exploration,22,0.19263038236699218,0.09331101153480116,0.1868867296215259,0.18885575334753937,1.2853284439596313,0.003774629019452802,0.09931937083219101,0.005743652745466288,0.003774629019452802
google_robot_open_drawer__seed099__step011,open_drawer,99,exploration,23,0.18957796753899467,0.12522236240458548,0.18957796753899467,0.18885575334753937,1.4076120452770489,0.0007222141914552949,0.06435560513440919,0.0,0.0
google_robot_open_drawer__seed099__step011,open_drawer,99,exploration,24,0.22015588588970525,0.04893732532084825,0.1550532025204184,0.18885575334753937,1.3475615511913808,0.031300132542165876,0.171218560568857,0.06510268336928685,0.031300132542165876
google_robot_open_drawer__seed099__step011,open_drawer,99,exploration,25,0.19097525430615317,0.1186372286741174,0.18632459989896585,0.18885575334753937,1.3259031625977586,0.002119500958613796,0.07233802563203577,0.004650654407187316,0.002119500958613796
google_robot_open_drawer__seed099__step011,open_drawer,99,exploration,26,0.1910116589582916,0.04423165591397108,0.17128196643630114,0.18885575334753937,1.2721051759576778,0.00215590561075224,0.14678000304432054,0.019729692521990472,0.00215590561075224
google_robot_open_drawer__seed099__step011,open_drawer,99,exploration,27,0.1869827252995532,0.010547070583693719,0.16293545538847662,0.18885575334753937,1.2951615295435273,-0.0018730280479861694,0.17643565471585948,0.024047269911076585,-0.0018730280479861694
google_robot_open_drawer__seed099__step011,open_drawer,99,exploration,28,0.19381285584824423,0.06233179509627309,0.18404275442555385,0.18885575334753937,1.1663210314006291,0.0049571025007048575,0.13148106075197113,0.009770101422690386,0.0049571025007048575
google_robot_open_drawer__seed099__step011,open_drawer,99,exploration,29,0.19582181927293238,0.04999288101730918,0.21783420264460718,0.18885575334753937,1.3724017026367048,0.006966065925393006,0.1458289382556232,-0.0220123833716748,-0.0220123833716748
google_robot_open_drawer__seed099__step011,open_drawer,99,exploration,30,0.17119544249460913,0.08337732802442689,0.1243849779170773,0.18885575334753937,1.18406607734863,-0.01766031085293024,0.08781811447018224,0.04681046457753184,-0.01766031085293024
google_robot_open_drawer__seed099__step011,open_drawer,99,exploration,31,0.12765726087660803,0.10236997291992093,0.15081917905896344,0.18885575334753937,1.132429995995016,-0.06119849247093134,0.025287287956687096,-0.023161918182355412,-0.06119849247093134
google_robot_open_drawer__seed099__step056,open_drawer,99,exploration,0,0.49062445473910143,0.1501154955558722,0.49062445473910143,-0.10080390228616569,1.3176751909928182,0.5914283570252671,0.3405089591832292,0.0,0.0
google_robot_open_drawer__seed099__step056,open_drawer,99,exploration,1,-0.0031391102949865544,0.20507326338617216,-0.0031391102949865544,-0.10080390228616569,1.424466948219741,0.09766479199117914,-0.20821237368115872,0.0,-0.20821237368115872
google_robot_open_drawer__seed099__step056,open_drawer,99,exploration,2,0.3073406994709418,0.19534850210118881,0.21083286364815623,-0.10080390228616569,1.1992335230098812,0.4081446017571075,0.11199219736975297,0.09650783582278555,0.09650783582278555
google_robot_open_drawer__seed099__step056,open_drawer,99,exploration,3,0.24591620723349317,0.23564534074941612,0.3195341216806826,-0.10080390228616569,1.2099150620716863,0.34672010951965887,0.010270866484077046,-0.07361791444718946,-0.07361791444718946
google_robot_open_drawer__seed099__step056,open_drawer,99,exploration,4,0.28562638264600315,0.25205711615440424,0.3192586000873589,-0.10080390228616569,1.2710517738897518,0.38643028493216885,0.033569266491598915,-0.03363221744135575,-0.03363221744135575
google_robot_open_drawer__seed099__step056,open_drawer,99,exploration,5,0.3712328404520379,0.2553614485521662,0.4071244394296423,-0.10080390228616569,1.1784952155154769,0.4720367427382036,0.11587139189987172,-0.03589159897760441,-0.03589159897760441
google_robot_open_drawer__seed099__step056,open_drawer,99,exploration,6,0.21206720532338644,0.11518617081085612,0.2832014004219598,-0.10080390228616569,1.3903791809826598,0.3128711076095521,0.09688103451253031,-0.07113419509857336,-0.07113419509857336
google_robot_open_drawer__seed099__step056,open_drawer,99,exploration,7,0.3385297353770625,0.05788558047891482,0.3172466422224964,-0.10080390228616569,1.379009947180388,0.4393336376632282,0.28064415489814765,0.021283093154566113,0.021283093154566113
google_robot_open_drawer__seed099__step056,open_drawer,99,exploration,8,0.39499271872437025,0.14880602913610286,0.38290259253071895,-0.10080390228616569,1.6188062839252197,0.49579662101053595,0.2461866895882674,0.012090126193651296,0.012090126193651296
google_robot_open_drawer__seed099__step056,open_drawer,99,exploration,9,0.4081161962911217,0.27272821941727765,0.43478177864769657,-0.10080390228616569,1.3961590530630033,0.5089200985772874,0.13538797687384407,-0.026665582356574846,-0.026665582356574846
google_robot_open_drawer__seed099__step056,open_drawer,99,exploration,10,0.3730362151731648,0.0364334939674244,0.3860862864548264,-0.10080390228616569,1.186270950337154,0.4738401174593305,0.3366027212057404,-0.01305007128166158,-0.01305007128166158
google_robot_open_drawer__seed099__step056,open_drawer,99,exploration,11,0.3779614135989731,0.0860666063550707,0.41886242310198313,-0.10080390228616569,1.614828110533843,0.4787653158851388,0.29189480724390243,-0.04090100950301001,-0.04090100950301001
google_robot_open_drawer__seed099__step056,open_drawer,99,exploration,12,0.4351221772864477,-0.010127777557277257,0.37028176067398677,-0.10080390228616569,1.5692659977198364,0.5359260795726134,0.445249954843725,0.06484041661246093,0.06484041661246093
google_robot_open_drawer__seed099__step056,open_drawer,99,exploration,13,0.3902488742353303,-0.03328363569563312,0.4231823570569393,-0.10080390228616569,1.7972087610113074,0.491052776521496,0.4235325099309634,-0.03293348282160902,-0.03293348282160902
google_robot_open_drawer__seed099__step056,open_drawer,99,exploration,14,0.4157408796213275,0.1974349139052175,0.4077731525933164,-0.10080390228616569,1.284958836490093,0.5165447819074932,0.21830596571611,0.007967727028011073,0.007967727028011073
google_robot_open_drawer__seed099__step056,open_drawer,99,exploration,15,0.37799726326203836,0.19962506550518522,0.37515972241761836,-0.10080390228616569,1.5601631062413388,0.47880116554820407,0.17837219775685315,0.0028375408444200056,0.0028375408444200056
google_robot_open_drawer__seed099__step056,open_drawer,99,exploration,16,0.4144639942268508,0.06918577770908639,0.37100037479884734,-0.10080390228616569,1.2766413409529953,0.5152678965130165,0.3452782165177644,0.043463619428003475,0.043463619428003475
google_robot_open_drawer__seed099__step056,open_drawer,99,exploration,17,0.3924499695795882,0.2560264316558591,0.39772637531445637,-0.10080390228616569,1.4502172572165903,0.4932538718657539,0.13642353792372913,-0.00527640573486815,-0.00527640573486815
google_robot_open_drawer__seed099__step056,open_drawer,99,exploration,18,0.3701201659889177,0.17256968869829156,0.36063482247287276,-0.10080390228616569,1.4156619412575495,0.47092406827508343,0.19755047729062616,0.009485343516044964,0.009485343516044964
google_robot_open_drawer__seed099__step056,open_drawer,99,exploration,19,0.29749671847405873,0.22563158847872136,0.33812547953606925,-0.10080390228616569,1.474446311281343,0.39830062076022443,0.07186512999533737,-0.04062876106201052,-0.04062876106201052
google_robot_open_drawer__seed099__step056,open_drawer,99,exploration,20,0.17344502021356065,0.08802133279876201,0.10419990557828174,-0.10080390228616569,1.2540212345920052,0.2742489224997263,0.08542368741479864,0.06924511463527891,0.06924511463527891
google_robot_open_drawer__seed099__step056,open_drawer,99,exploration,21,0.09143140201937217,0.21261287063706558,0.19548161858845417,-0.10080390228616569,1.3581846271567166,0.19223530430553787,-0.12118146861769341,-0.104050216569082,-0.12118146861769341
google_robot_open_drawer__seed099__step056,open_drawer,99,exploration,22,0.2374417419723637,0.17930899792858024,0.2743672929735932,-0.10080390228616569,1.1785343601405542,0.3382456442585294,0.05813274404378346,-0.03692555100122949,-0.03692555100122949
google_robot_open_drawer__seed099__step056,open_drawer,99,exploration,23,0.20549380297326758,-0.10491290171828523,0.24703614683956557,-0.10080390228616569,1.40948053667313,0.3062977052594333,0.3104067046915528,-0.04154234386629799,-0.04154234386629799
google_robot_open_drawer__seed099__step056,open_drawer,99,exploration,24,0.2098958358221509,0.004399061516307076,0.27074128236228695,-0.10080390228616569,1.4426083494372979,0.3106997381083166,0.20549677430584384,-0.060845446540136044,-0.060845446540136044
google_robot_open_drawer__seed099__step056,open_drawer,99,exploration,25,0.23474590627184402,0.00942292160256599,0.26166400252848493,-0.10080390228616569,1.3408097948424107,0.3355498085580097,0.22532298466927803,-0.026918096256640905,-0.026918096256640905
google_robot_open_drawer__seed099__step056,open_drawer,99,exploration,26,0.2865044768258808,0.2098611261132933,0.25224931984303406,-0.10080390228616569,1.03911135782869,0.3873083791120465,0.07664335071258752,0.03425515698284676,0.03425515698284676
google_robot_open_drawer__seed099__step056,open_drawer,99,exploration,27,0.26166400252848493,-0.0037842502861070806,0.26166400252848493,-0.10080390228616569,1.3148552780399383,0.36246790481465063,0.265448252814592,0.0,0.0
google_robot_open_drawer__seed099__step056,open_drawer,99,exploration,28,0.24379291637189401,-0.056584281962776505,0.2872645038831399,-0.10080390228616569,1.3790141148248,0.3445968186580597,0.3003771983346705,-0.043471587511245885,-0.043471587511245885
google_robot_open_drawer__seed099__step056,open_drawer,99,exploration,29,0.2725181482962762,0.141696893008632,0.2725181482962762,-0.10080390228616569,1.323868522189789,0.3733220505824419,0.13082125528764418,0.0,0.0
google_robot_open_drawer__seed099__step056,open_drawer,99,exploration,30,0.28731309071345956,0.26277586726720215,0.28004690710427954,-0.10080390228616569,1.1653815492610886,0.38811699299962527,0.024537223446257417,0.007266183609180021,0.007266183609180021
google_robot_open_drawer__seed099__step056,open_drawer,99,exploration,31,0.24678814808087537,0.15093559697088796,0.2800238275009352,-0.10080390228616569,1.0768283636342553,0.34759205036704105,0.09585255110998742,-0.03323567942005981,-0.03323567942005981
google_robot_open_drawer__seed099__step101,open_drawer,99,exploration,0,0.5202284286956674,0.01027308973457892,0.5202284286956674,0.20546357387188832,1.0814488413408598,0.31476485482377914,0.5099553389610885,0.0,0.0
google_robot_open_drawer__seed099__step101,open_drawer,99,exploration,1,0.6339097210959497,0.02370716425056048,0.6198618212878212,0.20546357387188832,1.5581080617903962,0.4284461472240614,0.6102025568453892,0.014047899808128483,0.014047899808128483
google_robot_open_drawer__seed099__step101,open_drawer,99,exploration,2,0.5992670993408803,-0.24947077134233483,0.4912650355468455,0.20546357387188832,1.7239925494273354,0.393803525468992,0.8487378706832152,0.10800206379403482,0.10800206379403482
google_robot_open_drawer__seed099__step101,open_drawer,99,exploration,3,0.4646334592596022,0.1303187701787605,0.4646334592596022,0.20546357387188832,1.3361784752227885,0.2591698853877139,0.3343146890808417,0.0,0.0
google_robot_open_drawer__seed099__step101,open_drawer,99,exploration,4,0.49394784164340527,-0.04024131334089859,0.5383901418289313,0.20546357387188832,1.462414495657587,0.2884842677715169,0.5341891549843039,-0.04444230018552603,-0.04444230018552603
google_robot_open_drawer__seed099__step101,open_drawer,99,exploration,5,0.5801850526819998,-0.05134546314803542,0.5452367111723394,0.20546357387188832,1.4694651393346465,0.37472147881011153,0.6315305158300353,0.03494834150966042,0.03494834150966042
google_robot_open_drawer__seed099__step101,open_drawer,99,exploration,6,0.1684313041242891,-0.003862436365739482,0.4496239344714495,0.20546357387188832,1.943909670660025,-0.03703226974759921,0.1722937404900286,-0.28119263034716035,-0.28119263034716035
google_robot_open_drawer__seed099__step101,open_drawer,99,exploration,7,0.43836823405108977,-0.033301919920075494,0.4875527988163963,0.20546357387188832,1.5920549827305137,0.23290466017920144,0.47167015397116524,-0.04918456476530653,-0.04918456476530653
google_robot_open_drawer__seed099__step101,open_drawer,99,exploration,8,0.4080519487339482,-0.052996670081702925,0.3848679049552806,0.20546357387188832,1.528099889883105,0.20258837486205986,0.4610486188156511,0.023184043778667562,0.023184043778667562
google_robot_open_drawer__seed099__step101,open_drawer,99,exploration,9,0.2802880968390165,0.20752767490297808,0.16610018151172196,0.20546357387188832,1.0944841928816407,0.07482452296712819,0.07276042193603843,0.11418791532729455,0.07276042193603843
google_robot_open_drawer__seed099__step101,open_drawer,99,exploration,10,0.10344680959754436,-0.016891108536622425,0.08290886062721786,0.20546357387188832,1.9621004129374622,-0.10201676427434396,0.12033791813416679,0.0205379489703265,-0.10201676427434396
google_robot_open_drawer__seed099__step101,open_drawer,99,exploration,11,0.27509058869327613,0.13985046600904025,0.1706882993139324,0.20546357387188832,1.795734771733955,0.0696270148213878,0.13524012268423588,0.10440228937934373,0.0696270148213878
google_robot_open_drawer__seed099__step101,open_drawer,99,exploration,12,0.23424906919056074,-0.24529691585867155,0.3286410029795182,0.20546357387188832,1.5911991529530725,0.028785495318672416,0.4795459850492323,-0.09439193378895747,-0.09439193378895747
google_robot_open_drawer__seed099__step101,open_drawer,99,exploration,13,0.2591773695712975,-0.11790295465137918,0.2591773695712975,0.20546357387188832,1.7528049538008037,0.05371379569940918,0.3770803242226767,0.0,0.0
google_robot_open_drawer__seed099__step101,open_drawer,99,exploration,14,0.29670913891542466,-0.15634241757255823,0.3661885566601324,0.20546357387188832,1.9350696054155474,0.09124556504353634,0.4530515564879829,-0.06947941774470773,-0.06947941774470773
google_robot_open_drawer__seed099__step101,open_drawer,99,exploration,15,0.1624490494178181,-0.16809626741793096,0.22549103048642946,0.20546357387188832,1.491484782414617,-0.043014524454070224,0.33054531683574906,-0.06304198106861136,-0.06304198106861136
google_robot_open_drawer__seed099__step101,open_drawer,99,exploration,16,0.22757306197140678,-0.07103235052963944,0.2284869518387234,0.20546357387188832,2.1101382351254077,0.02210948809951846,0.2986054125010462,-0.0009138898673166085,-0.0009138898673166085
google_robot_open_drawer__seed099__step101,open_drawer,99,exploration,17,0.2257332372643439,-0.16559039842199014,0.23457085785682993,0.20546357387188832,2.3131102448880076,0.02026966339245559,0.39132363568633405,-0.008837620592486023,-0.008837620592486023
google_robot_open_drawer__seed099__step101,open_drawer,99,exploration,18,0.19131218050589402,-0.14336618387735528,0.19131218050589402,0.20546357387188832,2.183261915792044,-0.014151393365994303,0.33467836438324927,0.0,-0.014151393365994303
google_robot_open_drawer__seed099__step101,open_drawer,99,exploration,19,0.19513333566704658,0.159315191951316,0.19492990116066647,0.20546357387188832,1.8705920009710308,-0.010330238204841746,0.03581814371573058,0.00020343450638010685,-0.010330238204841746
google_robot_open_drawer__seed099__step101,open_drawer,99,exploration,20,0.11838794213679708,0.15507615600185756,0.11841780871802114,0.20546357387188832,1.7782455133766804,-0.08707563173509124,-0.03668821386506048,-2.9866581224058386e-05,-0.08707563173509124
google_robot_open_drawer__seed099__step101,open_drawer,99,exploration,21,0.1308913033432668,0.1034270918108627,0.10464791960858695,0.20546357387188832,1.4349585004852274,-0.07457227052862153,0.027464211532404095,0.02624338373467984,-0.07457227052862153
google_robot_open_drawer__seed099__step101,open_drawer,99,exploration,22,0.1291624201338997,-0.05287252245443439,0.16590975794390492,0.20546357387188832,1.683081975459849,-0.07630115373798863,0.18203494258833408,-0.03674733781000522,-0.07630115373798863
google_robot_open_drawer__seed099__step101,open_drawer,99,exploration,23,0.20074183295961143,0.05804598681878718,0.17923723618667323,0.20546357387188832,1.4010493612779868,-0.004721740912276895,0.14269584614082426,0.0215045967729382,-0.004721740912276895
google_robot_open_drawer__seed099__step101,open_drawer,99,exploration,24,0.109539945179702,-0.08882243027568985,0.11921756261582898,0.20546357387188832,2.1483046794998155,-0.09592362869218632,0.19836237545539187,-0.009677617436126981,-0.09592362869218632
google_robot_open_drawer__seed099__step101,open_drawer,99,exploration,25,0.07786266751912842,0.0651084397665841,0.07786266751912842,0.20546357387188832,1.9104379670210268,-0.1276009063527599,0.012754227752544312,0.0,-0.1276009063527599
google_robot_open_drawer__seed099__step101,open_drawer,99,exploration,26,0.07786266751912842,-0.036372051016715805,0.11386396549283961,0.20546357387188832,1.9104379670210268,-0.1276009063527599,0.11423471853584422,-0.0360012979737112,-0.1276009063527599
google_robot_open_drawer__seed099__step101,open_drawer,99,exploration,27,0.14634513450035366,0.11318447027959623,0.14634513450035366,0.20546357387188832,1.7613378532663604,-0.05911843937153466,0.03316066422075743,0.0,-0.05911843937153466
google_robot_open_drawer__seed099__step101,open_drawer,99,exploration,28,0.10956508150382151,0.05735631849882791,0.14857690938782311,0.20546357387188832,1.8456562477836462,-0.09589849236806681,0.052208763004993594,-0.03901182788400161,-0.09589849236806681
google_robot_open_drawer__seed099__step101,open_drawer,99,exploration,29,0.1761116930496538,-0.19562771538302892,0.1761116930496538,0.20546357387188832,1.8088941184781266,-0.029351880822234527,0.3717394084326827,0.0,-0.029351880822234527
google_robot_open_drawer__seed099__step101,open_drawer,99,exploration,30,0.11450768752248659,-0.18465097184533988,0.11450768752248659,0.20546357387188832,1.9677964566678925,-0.09095588634940173,0.2991586593678265,0.0,-0.09095588634940173
google_robot_open_drawer__seed099__step101,open_drawer,99,exploration,31,0.11274572085274696,0.13963143250974733,0.2062433028540006,0.20546357387188832,2.0993008734837946,-0.09271785301914136,-0.026885711657000363,-0.09349758200125365,-0.09349758200125365
google_robot_pick_coke_can__seed000__step008,pick_coke_can,0,exploration,0,0.2517745125131101,-0.12230508027859671,0.2517745125131101,0.21645621454342012,0.8228969920660761,0.03531829796968999,0.3740795927917068,0.0,0.0
google_robot_pick_coke_can__seed000__step008,pick_coke_can,0,exploration,1,0.297587444617137,-0.1524503991528355,0.297587444617137,0.21645621454342012,0.7921261422322746,0.08113123007371686,0.45003784376997247,0.0,0.0
google_robot_pick_coke_can__seed000__step008,pick_coke_can,0,exploration,2,0.0410444821113422,0.07594655750916857,0.0410444821113422,0.21645621454342012,0.36999043627993494,-0.17541173243207792,-0.03490207539782637,0.0,-0.17541173243207792
google_robot_pick_coke_can__seed000__step008,pick_coke_can,0,exploration,3,0.15263204583811202,-0.1142243789573772,0.14396279596070907,0.21645621454342012,0.6956140174417311,-0.0638241687053081,0.2668564247954892,0.008669249877402946,-0.0638241687053081
google_robot_pick_coke_can__seed000__step008,pick_coke_can,0,exploration,4,0.4807522338504761,-0.031502557920751316,0.3568251448278916,0.21645621454342012,1.0938760493540969,0.264296019307056,0.5122547917712275,0.12392708902258448,0.12392708902258448
google_robot_pick_coke_can__seed000__step008,pick_coke_can,0,exploration,5,0.34134107690282445,0.10654744867719407,0.34134107690282445,0.21645621454342012,0.8788393725127195,0.12488486235940433,0.23479362822563038,0.0,0.0
google_robot_pick_coke_can__seed000__step008,pick_coke_can,0,exploration,6,0.3445515890846194,-0.21347378867633657,0.4659866552685557,0.21645621454342012,1.2510718969246597,0.1280953745411993,0.558025377760956,-0.12143506618393629,-0.12143506618393629
google_robot_pick_coke_can__seed000__step008,pick_coke_can,0,exploration,7,0.49693615651609385,-0.011374767577437378,0.038475739687882766,0.21645621454342012,0.9655650756656872,0.28047994197267373,0.5083109240935312,0.4584604168282111,0.28047994197267373
google_robot_pick_coke_can__seed000__step008,pick_coke_can,0,exploration,8,0.3586943077006039,-0.09772357078145127,0.39565085540525574,0.21645621454342012,0.9135003585556777,0.14223809315718378,0.4564178784820552,-0.03695654770465184,-0.03695654770465184
google_robot_pick_coke_can__seed000__step008,pick_coke_can,0,exploration,9,0.3497103752837481,-0.15199089371498264,0.16373099368864596,0.21645621454342012,0.6288303129077345,0.13325416074032798,0.5017012689987308,0.18597938159510213,0.13325416074032798
google_robot_pick_coke_can__seed000__step008,pick_coke_can,0,exploration,10,0.30083470788823186,-0.021414719303637395,0.12983814328441304,0.21645621454342012,0.7283354036099893,0.08437849334481173,0.3222494271918693,0.17099656460381882,0.08437849334481173
google_robot_pick_coke_can__seed000__step008,pick_coke_can,0,exploration,11,0.36129749638633246,0.049005947242388916,0.3089494349672688,0.21645621454342012,0.906330526777811,0.14484128184291234,0.3122915491439435,0.052348061419063674,0.052348061419063674
google_robot_pick_coke_can__seed000__step008,pick_coke_can,0,exploration,12,0.4153318075690031,-0.027188161602787374,0.36396678574028085,0.21645621454342012,0.8953908535913881,0.198875593025583,0.4425199691717905,0.05136502182872227,0.05136502182872227
google_robot_pick_coke_can__seed000__step008,pick_coke_can,0,exploration,13,0.3594287442071016,-0.021922841235555754,0.20382608388874712,0.21645621454342012,0.8690269718181205,0.14297252966368146,0.38135158544265735,0.15560266031835446,0.14297252966368146
google_robot_pick_coke_can__seed000__step008,pick_coke_can,0,exploration,14,0.35500648573597454,-0.1894889194475142,0.13310316249707485,0.21645621454342012,0.8487227905784326,0.13855027119255442,0.5444954051834887,0.2219033232388997,0.13855027119255442
google_robot_pick_coke_can__seed000__step008,pick_coke_can,0,exploration,15,0.13617871060964884,0.07030417180347016,0.16504012904095225,0.21645621454342012,0.5869316426769885,-0.08027750393377128,0.06587453880617868,-0.02886141843130341,-0.08027750393377128
google_robot_pick_coke_can__seed000__step008,pick_coke_can,0,exploration,16,0.02391962828998979,-0.23834518393341644,0.22842060208041426,0.21645621454342012,0.6904708191652988,-0.19253658625343034,0.26226481222340625,-0.20450097379042448,-0.20450097379042448
google_robot_pick_coke_can__seed000__step008,pick_coke_can,0,exploration,17,0.03714573427300034,-0.03388684621196189,0.11362486874963591,0.21645621454342012,0.6521161137824273,-0.1793104802704198,0.07103258048496222,-0.07647913447663557,-0.1793104802704198
google_robot_pick_coke_can__seed000__step008,pick_coke_can,0,exploration,18,0.14185379922139482,0.0539664083962438,0.1778045898018262,0.21645621454342012,0.8225504613295589,-0.0746024153220253,0.08788739082515101,-0.03595079058043138,-0.0746024153220253
google_robot_pick_coke_can__seed000__step008,pick_coke_can,0,exploration,19,0.17152385803876916,0.16327690476030812,0.24558081380267924,0.21645621454342012,0.6294706335394681,-0.04493235650465097,0.008246953278461033,-0.07405695576391008,-0.07405695576391008
google_robot_pick_coke_can__seed000__step008,pick_coke_can,0,exploration,20,0.19258087545225122,0.20164198513708,0.186052481002122,0.21645621454342012,0.8666674992281922,-0.0238753390911689,-0.009061109684828789,0.006528394450129232,-0.0238753390911689
google_robot_pick_coke_can__seed000__step008,pick_coke_can,0,exploration,21,0.17693555650428064,-0.19360648328945018,0.16075937334059476,0.21645621454342012,0.6730063192345507,-0.039520658039139483,0.3705420397937308,0.01617618316368588,-0.039520658039139483
google_robot_pick_coke_can__seed000__step008,pick_coke_can,0,exploration,22,0.22778483062045407,0.040234594781382624,0.29819419577974854,0.21645621454342012,0.8193129627234577,0.011328616077033948,0.18755023583907143,-0.07040936515929447,-0.07040936515929447
google_robot_pick_coke_can__seed000__step008,pick_coke_can,0,exploration,23,0.30927628901783016,-0.16369917217143773,0.04978223418647979,0.21645621454342012,0.789503356272518,0.09282007447441004,0.4729754611892679,0.25949405483135035,0.09282007447441004
google_robot_pick_coke_can__seed000__step008,pick_coke_can,0,exploration,24,0.33584042020430976,0.20786277382061857,0.27086767598182176,0.21645621454342012,0.7930263927267887,0.11938420566088964,0.1279776463836912,0.064972744222488,0.064972744222488
google_robot_pick_coke_can__seed000__step008,pick_coke_can,0,exploration,25,0.1914512788177831,0.07501530267322055,0.2211703655026719,0.21645621454342012,0.7974882068061123,-0.02500493572563703,0.11643597614456254,-0.029719086684888818,-0.029719086684888818
google_robot_pick_coke_can__seed000__step008,pick_coke_can,0,exploration,26,0.17890708536193003,-0.12223755650227168,0.18235442414725367,0.21645621454342012,0.8037058931053092,-0.03754912918149009,0.3011446418642017,-0.0034473387853236337,-0.03754912918149009
google_robot_pick_coke_can__seed000__step008,pick_coke_can,0,exploration,27,0.20485813746143436,-0.13839843661779558,0.18177743876109986,0.21645621454342012,0.6161410266891247,-0.011598077081985764,0.34325657407922994,0.023080698700334495,-0.011598077081985764
google_robot_pick_coke_can__seed000__step008,pick_coke_can,0,exploration,28,0.11858914950476063,-0.05296017969497907,0.1424699123841696,0.21645621454342012,0.8812976783262787,-0.0978670650386595,0.1715493291997397,-0.023880762879408962,-0.0978670650386595
google_robot_pick_coke_can__seed000__step008,pick_coke_can,0,exploration,29,0.16176120236040872,0.03702508517733397,0.17434934507291625,0.21645621454342012,0.6269054568440926,-0.0546950121830114,0.12473611718307476,-0.012588142712507522,-0.0546950121830114
google_robot_pick_coke_can__seed000__step008,pick_coke_can,0,exploration,30,0.2129738022209988,0.1666447284327591,0.24455944364779836,0.21645621454342012,0.6134774664171897,-0.00348241232242133,0.046329073788239694,-0.031585641426799566,-0.031585641426799566
google_robot_pick_coke_can__seed000__step008,pick_coke_can,0,exploration,31,0.16407950953649786,0.13747240837607913,0.16569192352107284,0.21645621454342012,0.562073112178402,-0.052376705006922264,0.026607101160418728,-0.001612413984574984,-0.052376705006922264
google_robot_pick_coke_can__seed000__step040,pick_coke_can,0,exploration,0,0.44270854599087434,-0.26081436065625596,0.44270854599087434,0.26168372710561477,0.5971244139816322,0.18102481888525956,0.7035229066471302,0.0,0.0
google_robot_pick_coke_can__seed000__step040,pick_coke_can,0,exploration,1,0.6074423646449302,0.3318537495491736,0.6074423646449302,0.26168372710561477,0.807355030743215,0.3457586375393154,0.27558861509575655,0.0,0.0
google_robot_pick_coke_can__seed000__step040,pick_coke_can,0,exploration,2,0.2608101667299665,0.15853100240114934,0.2799946441283802,0.26168372710561477,0.3977162825738972,-0.0008735603756482857,0.10227916432881715,-0.019184477398413724,-0.019184477398413724
google_robot_pick_coke_can__seed000__step040,pick_coke_can,0,exploration,3,0.5278276178203644,0.3404758104777217,0.4508154212638298,0.26168372710561477,0.7172047226862234,0.2661438907147496,0.18735180734264267,0.07701219655653457,0.07701219655653457
google_robot_pick_coke_can__seed000__step040,pick_coke_can,0,exploration,4,0.46932211007364893,0.11423480391105767,0.2702195147392809,0.26168372710561477,0.46109015868002656,0.20763838296803416,0.35508730616259127,0.19910259533436803,0.19910259533436803
google_robot_pick_coke_can__seed000__step040,pick_coke_can,0,exploration,5,0.6283814034173772,0.12532273225553492,0.5830217630592377,0.26168372710561477,0.575792431449808,0.3666976763117625,0.5030586711618423,0.04535964035813955,0.04535964035813955
google_robot_pick_coke_can__seed000__step040,pick_coke_can,0,exploration,6,0.5601812495935667,0.20329658795527294,0.4996057786176657,0.26168372710561477,0.7530915733571827,0.29849752248795197,0.3568846616382938,0.06057547097590105,0.06057547097590105
google_robot_pick_coke_can__seed000__step040,pick_coke_can,0,exploration,7,0.7251292482976043,0.19962184143244918,0.6458717946181362,0.26168372710561477,0.9675029655479893,0.4634455211919895,0.5255074068651551,0.07925745367946813,0.07925745367946813
google_robot_pick_coke_can__seed000__step040,pick_coke_can,0,exploration,8,0.574830348825523,0.42037048282272743,0.6192653158216039,0.26168372710561477,0.7118102481223103,0.3131466217199082,0.15445986600279554,-0.04443496699608096,-0.04443496699608096
google_robot_pick_coke_can__seed000__step040,pick_coke_can,0,exploration,9,0.47992358478144714,0.1524606146673024,0.4139612897803407,0.26168372710561477,0.6523544835625474,0.21823985767583237,0.3274629701141447,0.06596229500110645,0.06596229500110645
google_robot_pick_coke_can__seed000__step040,pick_coke_can,0,exploration,10,0.5366185695751213,-0.04551074221218135,0.6072628270576267,0.26168372710561477,0.5802913964513674,0.27493484246950656,0.5821293117873027,-0.07064425748250536,-0.07064425748250536
google_robot_pick_coke_can__seed000__step040,pick_coke_can,0,exploration,11,0.6292393254178262,0.30713828274044025,0.5929517026943448,0.26168372710561477,0.6624534699068026,0.36755559831221146,0.322101042677386,0.036287622723481405,0.036287622723481405
google_robot_pick_coke_can__seed000__step040,pick_coke_can,0,exploration,12,0.5372306723524792,0.07199198842479332,0.6453646213395006,0.26168372710561477,0.7500185500180964,0.27554694524686446,0.4652386839276859,-0.10813394898702133,-0.10813394898702133
google_robot_pick_coke_can__seed000__step040,pick_coke_can,0,exploration,13,0.5883087993871305,-0.05605193053466806,0.33969527974736563,0.26168372710561477,0.6382246873610616,0.32662507228151577,0.6443607299217986,0.2486135196397649,0.2486135196397649
google_robot_pick_coke_can__seed000__step040,pick_coke_can,0,exploration,14,0.6210212834633709,0.18815247107903876,0.3575774971059762,0.26168372710561477,0.8125399411557512,0.35933755635775616,0.43286881238433217,0.26344378635739474,0.26344378635739474
google_robot_pick_coke_can__seed000__step040,pick_coke_can,0,exploration,15,0.4101109493847443,0.11872070554588461,0.2443174490915678,0.26168372710561477,0.6199253577539388,0.14842722227912952,0.2913902438388597,0.1657935002931765,0.14842722227912952
google_robot_pick_coke_can__seed000__step040,pick_coke_can,0,exploration,16,0.5690610967883806,-0.0565773589992245,0.4018287119326038,0.26168372710561477,0.5864945751342445,0.3073773696827658,0.6256384557876051,0.1672323848557768,0.1672323848557768
google_robot_pick_coke_can__seed000__step040,pick_coke_can,0,exploration,17,0.5893806885440473,0.14563353141954657,0.3946121885179085,0.26168372710561477,0.7207891291123901,0.3276969614384326,0.44374715712450075,0.19476850002613882,0.19476850002613882
google_robot_pick_coke_can__seed000__step040,pick_coke_can,0,exploration,18,0.45997798179518007,0.09808480467560954,0.31903705294046386,0.26168372710561477,0.6413373634675841,0.1982942546895653,0.36189317711957053,0.1409409288547162,0.1409409288547162
google_robot_pick_coke_can__seed000__step040,pick_coke_can,0,exploration,19,0.28223177236822267,0.20376413751734354,0.1957685204667036,0.26168372710561477,0.5038012048149217,0.020548045262607895,0.07846763485087913,0.08646325190151907,0.020548045262607895
google_robot_pick_coke_can__seed000__step040,pick_coke_can,0,exploration,20,0.49546175894726424,0.3110697471558359,0.4163805329517118,0.26168372710561477,0.5879021562157586,0.23377803184164947,0.18439201179142833,0.07908122599555245,0.07908122599555245
google_robot_pick_coke_can__seed000__step040,pick_coke_can,0,exploration,21,0.4027062798946233,0.29990744578809747,0.38143539033160173,0.26168372710561477,0.5102666470704006,0.14102255278900855,0.10279883410652585,0.02127088956302159,0.02127088956302159
google_robot_pick_coke_can__seed000__step040,pick_coke_can,0,exploration,22,0.29640224800557,0.13918586800522098,0.324105847827275,0.26168372710561477,0.5566473174315689,0.03471852089995525,0.15721638000034904,-0.02770359982170495,-0.02770359982170495
google_robot_pick_coke_can__seed000__step040,pick_coke_can,0,exploration,23,0.2654899068046333,0.26025639079928053,0.28114453627108055,0.26168372710561477,0.5292001434671586,0.0038061796990185304,0.005233516005352767,-0.015654629466447245,-0.015654629466447245
google_robot_pick_coke_can__seed000__step040,pick_coke_can,0,exploration,24,0.3311941028652685,0.2034206386126197,0.33914563062380326,0.26168372710561477,0.5363056077619353,0.06951037575965374,0.12777346425264882,-0.007951527758534749,-0.007951527758534749
google_robot_pick_coke_can__seed000__step040,pick_coke_can,0,exploration,25,0.3199910796323439,0.3592080492745837,0.2900906214235576,0.26168372710561477,0.5305509895975744,0.05830735252672914,-0.03921696964223981,0.029900458208786285,-0.03921696964223981
google_robot_pick_coke_can__seed000__step040,pick_coke_can,0,exploration,26,0.4155791385316025,0.3281219512171552,0.38750338210093543,0.26168372710561477,0.5342624964095128,0.15389541142598773,0.0874571873144473,0.028075756430667065,0.028075756430667065
google_robot_pick_coke_can__seed000__step040,pick_coke_can,0,exploration,27,0.2564733995584728,-0.013167420919477882,0.2981534745463603,0.26168372710561477,0.47627145546401417,-0.0052103275471419574,0.2696408204779507,-0.041680074987887505,-0.041680074987887505
google_robot_pick_coke_can__seed000__step040,pick_coke_can,0,exploration,28,0.2661876591010066,0.1758157010480976,0.48806718127682164,0.26168372710561477,0.5214051568221327,0.004503931995391841,0.09037195805290901,-0.22187952217581502,-0.22187952217581502
google_robot_pick_coke_can__seed000__step040,pick_coke_can,0,exploration,29,0.4069249237569487,0.06678119793805519,0.34143876813987567,0.26168372710561477,0.602191242498008,0.14524119665133395,0.3401437258188935,0.06548615561707305,0.06548615561707305
google_robot_pick_coke_can__seed000__step040,pick_coke_can,0,exploration,30,0.25189997536185144,0.421141308523459,0.36094774744659347,0.26168372710561477,0.38395208412433884,-0.009783751743763336,-0.16924133316160755,-0.10904777208474203,-0.16924133316160755
google_robot_pick_coke_can__seed000__step040,pick_coke_can,0,exploration,31,0.07802043450921094,-0.2033082756361919,0.2048253939600628,0.26168372710561477,0.5155372529716928,-0.18366329259640385,0.28132871014540284,-0.12680495945085185,-0.18366329259640385
google_robot_pick_coke_can__seed000__step071,pick_coke_can,0,exploration,0,0.167333383636146,0.10406893007790731,0.09758131459399826,-0.3290405926631088,0.4815872401569025,0.49637397629925484,0.06326445355823869,0.06975206904214774,0.06326445355823869
google_robot_pick_coke_can__seed000__step071,pick_coke_can,0,exploration,1,0.33461006892943373,0.003349390301739953,0.33461006892943373,-0.3290405926631088,0.6427182936780126,0.6636506615925426,0.33126067862769376,0.0,0.0
google_robot_pick_coke_can__seed000__step071,pick_coke_can,0,exploration,2,0.22927286629023405,0.09722619878163752,0.3471806555896963,-0.3290405926631088,0.4502518801617186,0.5583134589533428,0.13204666750859653,-0.11790778929946225,-0.11790778929946225
google_robot_pick_coke_can__seed000__step071,pick_coke_can,0,exploration,3,0.34997427318461094,0.1327372245452565,0.28673572858033713,-0.3290405926631088,0.6838512732410728,0.6790148658477198,0.21723704863935445,0.0632385446042738,0.0632385446042738
google_robot_pick_coke_can__seed000__step071,pick_coke_can,0,exploration,4,0.438956744877028,0.0892856757240753,0.0368066551427205,-0.3290405926631088,0.6568209223634703,0.7679973375401368,0.3496710691529527,0.4021500897343075,0.3496710691529527
google_robot_pick_coke_can__seed000__step071,pick_coke_can,0,exploration,5,0.5350230427157635,-0.04490697732753712,0.46776964731524456,-0.3290405926631088,0.7365232786012491,0.8640636353788723,0.5799300200433006,0.06725339540051894,0.06725339540051894
google_robot_pick_coke_can__seed000__step071,pick_coke_can,0,exploration,6,0.3569321562850829,-0.6299606148482789,0.4142325780990724,-0.3290405926631088,1.138414537126468,0.6859727489481917,0.9868927711333618,-0.05730042181398948,-0.05730042181398948
google_robot_pick_coke_can__seed000__step071,pick_coke_can,0,exploration,7,0.2613196793373065,0.15404745818523,0.3911118240424358,-0.3290405926631088,0.9995029694513816,0.5903602720004153,0.10727222115207649,-0.1297921447051293,-0.1297921447051293
google_robot_pick_coke_can__seed000__step071,pick_coke_can,0,exploration,8,0.424549814970783,0.10415667746979,0.39812043182753865,-0.3290405926631088,0.7210290996769514,0.7535904076338917,0.32039313750099296,0.026429383143244334,0.026429383143244334
google_robot_pick_coke_can__seed000__step071,pick_coke_can,0,exploration,9,0.5443535830080978,0.12955744566893487,0.25466267889693284,-0.3290405926631088,0.6847252017369688,0.8733941756712066,0.4147961373391629,0.28969090411116494,0.28969090411116494
google_robot_pick_coke_can__seed000__step071,pick_coke_can,0,exploration,10,0.3420289410760849,0.3793261316785099,0.2799841123350056,-0.3290405926631088,0.6927664008582555,0.6710695337391936,-0.037297190602425034,0.062044828741079305,-0.037297190602425034
google_robot_pick_coke_can__seed000__step071,pick_coke_can,0,exploration,11,0.29397607713809487,0.3532026553296279,0.4414413719407919,-0.3290405926631088,0.5832310890960691,0.6230166698012036,-0.05922657819153304,-0.14746529480269704,-0.14746529480269704
google_robot_pick_coke_can__seed000__step071,pick_coke_can,0,exploration,12,0.4072729601465152,0.3502637234227139,0.3477221445232231,-0.3290405926631088,0.5982485768713636,0.7363135528096241,0.057009236723801315,0.05955081562329212,0.057009236723801315
google_robot_pick_coke_can__seed000__step071,pick_coke_can,0,exploration,13,0.3493988255092492,0.35171642544213194,0.3692909393355541,-0.3290405926631088,0.6006908799674918,0.6784394181723581,-0.002317599932882719,-0.019892113826304902,-0.019892113826304902
google_robot_pick_coke_can__seed000__step071,pick_coke_can,0,exploration,14,0.08575487121881793,0.28934179569252416,0.5101133388190203,-0.3290405926631088,0.46693319583398923,0.41479546388192673,-0.20358692447370624,-0.4243584676002024,-0.4243584676002024
google_robot_pick_coke_can__seed000__step071,pick_coke_can,0,exploration,15,0.4363248830659387,0.3863262272151824,0.2511334599845769,-0.3290405926631088,0.9779982910106727,0.7653654757290476,0.0499986558507563,0.18519142308136177,0.0499986558507563
google_robot_pick_coke_can__seed000__step071,pick_coke_can,0,exploration,16,0.5082662676544359,0.3683979309339586,0.44336565668780753,-0.3290405926631088,0.5559779072726152,0.8373068603175448,0.13986833672047733,0.06490061096662841,0.06490061096662841
google_robot_pick_coke_can__seed000__step071,pick_coke_can,0,exploration,17,0.32671090230386,0.3357053898333386,0.347759727941978,-0.3290405926631088,0.8976166813714983,0.6557514949669688,-0.008994487529478568,-0.021048825638117996,-0.021048825638117996
google_robot_pick_coke_can__seed000__step071,pick_coke_can,0,exploration,18,0.15275494466583156,-0.3414830469755048,0.31947101419478124,-0.3290405926631088,0.36477079592161926,0.48179553732894037,0.49423799164133636,-0.16671606952894968,-0.16671606952894968
google_robot_pick_coke_can__seed000__step071,pick_coke_can,0,exploration,19,0.17080279798860684,0.06582024201548456,0.17080279798860684,-0.3290405926631088,0.4222027076190604,0.4998433906517157,0.10498255597312228,0.0,0.0
google_robot_pick_coke_can__seed000__step071,pick_coke_can,0,exploration,20,0.028058991084473406,-0.10154402132743674,0.2225905436349149,-0.3290405926631088,0.46049605094810603,0.3570995837475822,0.12960301241191013,-0.1945315525504415,-0.1945315525504415
google_robot_pick_coke_can__seed000__step071,pick_coke_can,0,exploration,21,0.23582583434392676,0.07892869919541841,0.16117139726778007,-0.3290405926631088,0.5124442887523272,0.5648664270070356,0.15689713514850834,0.07465443707614669,0.07465443707614669
google_robot_pick_coke_can__seed000__step071,pick_coke_can,0,exploration,22,0.14847512712347813,-0.12660420409598092,0.07715202772638555,-0.3290405926631088,0.6344305690621587,0.4775157197865869,0.27507933121945904,0.07132309939709258,0.07132309939709258
google_robot_pick_coke_can__seed000__step071,pick_coke_can,0,exploration,23,0.01071497743111896,0.09009073542052966,-0.0775290117000622,-0.3290405926631088,0.3525377011329042,0.33975557009422774,-0.0793757579894107,0.08824398913118116,-0.0793757579894107
google_robot_pick_coke_can__seed000__step071,pick_coke_can,0,exploration,24,-0.002461383328022241,0.06184629127741923,0.07167508459569992,-0.3290405926631088,0.3373446767121986,0.32657920933508655,-0.06430767460544147,-0.07413646792372217,-0.07413646792372217
google_robot_pick_coke_can__seed000__step071,pick_coke_can,0,exploration,25,0.2808724929137876,0.32806178553711396,0.19385420645053575,-0.3290405926631088,0.5228481366377419,0.6099130855768964,-0.047189292623326384,0.08701828646325183,-0.047189292623326384
google_robot_pick_coke_can__seed000__step071,pick_coke_can,0,exploration,26,0.26773911477397777,0.3838937596907186,0.306746643807013,-0.3290405926631088,0.48049758648249247,0.5967797074370866,-0.11615464491674082,-0.039007529033035226,-0.11615464491674082
google_robot_pick_coke_can__seed000__step071,pick_coke_can,0,exploration,27,0.33859158638665837,0.3038352877471417,0.30400787470106794,-0.3290405926631088,0.45167883928507474,0.6676321790497672,0.03475629863951668,0.034583711685590435,0.034583711685590435
google_robot_pick_coke_can__seed000__step071,pick_coke_can,0,exploration,28,0.3685066206395602,0.33091466298497285,0.19904249458757986,-0.3290405926631088,0.4851090664733835,0.697547213302669,0.03759195765458734,0.16946412605198033,0.03759195765458734
google_robot_pick_coke_can__seed000__step071,pick_coke_can,0,exploration,29,0.21665738060165882,-0.03572429442396439,0.3492080340820729,-0.3290405926631088,0.497569968259046,0.5456979732647677,0.2523816750256232,-0.1325506534804141,-0.1325506534804141
google_robot_pick_coke_can__seed000__step071,pick_coke_can,0,exploration,30,0.3504691942663545,0.5293206563213925,0.3504691942663545,-0.3290405926631088,0.4731738344427379,0.6795097869294633,-0.178851462055038,0.0,-0.178851462055038
google_robot_pick_coke_can__seed000__step071,pick_coke_can,0,exploration,31,0.1941811692105825,-0.25559084071422683,0.3990595235801236,-0.3290405926631088,0.308692727447932,0.5232217618736913,0.44977200992480937,-0.20487835436954108,-0.20487835436954108
google_robot_pick_coke_can__seed001__step008,pick_coke_can,1,exploration,0,0.3806968200828305,-0.018089844047460318,0.3806968200828305,0.16284948320882328,1.0820484438553781,0.21784733687400723,0.39878666413029085,0.0,0.0
google_robot_pick_coke_can__seed001__step008,pick_coke_can,1,exploration,1,0.3297841555129659,-0.03605218314056314,0.3297841555129659,0.16284948320882328,1.2850469546638905,0.16693467230414263,0.36583633865352905,0.0,0.0
google_robot_pick_coke_can__seed001__step008,pick_coke_can,1,exploration,2,0.20060943104055126,0.03330133605764258,0.20060943104055126,0.16284948320882328,0.9959573348599766,0.03775994783172798,0.1673080949829087,0.0,0.0
google_robot_pick_coke_can__seed001__step008,pick_coke_can,1,exploration,3,0.2773234198782084,0.052373818585480875,0.31281136823775274,0.16284948320882328,1.0414135218300329,0.11447393666938513,0.22494960129272754,-0.03548794835954433,-0.03548794835954433
google_robot_pick_coke_can__seed001__step008,pick_coke_can,1,exploration,4,0.27190116456771696,-0.02289543406666887,0.2782052604855325,0.16284948320882328,1.2237201155191364,0.10905168135889368,0.29479659863438584,-0.006304095917815555,-0.006304095917815555
google_robot_pick_coke_can__seed001__step008,pick_coke_can,1,exploration,5,0.23138722585079696,0.12862791652974573,0.29116503291895224,0.16284948320882328,1.31231859202333,0.06853774264197368,0.10275930932105123,-0.059777807068155275,-0.059777807068155275
google_robot_pick_coke_can__seed001__step008,pick_coke_can,1,exploration,6,0.3899016047250557,0.03522840498835624,0.4053785648243638,0.16284948320882328,1.171429880479704,0.2270521215162324,0.3546731997366995,-0.015476960099308101,-0.015476960099308101
google_robot_pick_coke_can__seed001__step008,pick_coke_can,1,exploration,7,0.3328661721763643,0.12204343205495209,0.32352101106521447,0.16284948320882328,1.14566078577127,0.17001668896754105,0.21082274012141222,0.009345161111149858,0.009345161111149858
google_robot_pick_coke_can__seed001__step008,pick_coke_can,1,exploration,8,0.4293707636902225,0.012408472512631089,0.4511386822605144,0.16284948320882328,1.3953495423072217,0.2665212804813992,0.41696229117759137,-0.021767918570291922,-0.021767918570291922
google_robot_pick_coke_can__seed001__step008,pick_coke_can,1,exploration,9,0.39372465971648607,0.04504287760194527,0.33700200967945554,0.16284948320882328,1.2160988267663337,0.2308751765076628,0.3486817821145408,0.05672265003703053,0.05672265003703053
google_robot_pick_coke_can__seed001__step008,pick_coke_can,1,exploration,10,0.45202302317601967,0.23117691226631534,0.39320320755957655,0.16284948320882328,1.3017485370955462,0.2891735399671964,0.22084611090970432,0.058819815616443116,0.058819815616443116
google_robot_pick_coke_can__seed001__step008,pick_coke_can,1,exploration,11,0.3994317197328355,0.08013761313190286,0.47716655978661376,0.16284948320882328,1.1837100710689612,0.2365822365240122,0.3192941066009326,-0.07773484005377829,-0.07773484005377829
google_robot_pick_coke_can__seed001__step008,pick_coke_can,1,exploration,12,0.45884265910942784,0.1594278345899256,0.4638373259229796,0.16284948320882328,1.2665796374789005,0.2959931759006046,0.29941482451950224,-0.0049946668135517625,-0.0049946668135517625
google_robot_pick_coke_can__seed001__step008,pick_coke_can,1,exploration,13,0.46647028959938575,0.06507135641845421,0.35545763375077793,0.16284948320882328,1.2233279331845146,0.30362080639056244,0.40139893318093156,0.11101265584860781,0.11101265584860781
google_robot_pick_coke_can__seed001__step008,pick_coke_can,1,exploration,14,0.4842473307497943,0.04428860048157195,0.2851818249726917,0.16284948320882328,1.2682899660931035,0.321397847540971,0.43995873026822235,0.19906550577710264,0.19906550577710264
google_robot_pick_coke_can__seed001__step008,pick_coke_can,1,exploration,15,0.2153210778033343,-0.02545190136070419,0.23559503555960412,0.16284948320882328,1.2601995797622139,0.052471594594511006,0.24077297916403848,-0.020273957756269834,-0.020273957756269834
google_robot_pick_coke_can__seed001__step008,pick_coke_can,1,exploration,16,0.32879969825286226,0.08858180764360339,0.3191900996426346,0.16284948320882328,1.1785969255429922,0.16595021504403898,0.24021789060925886,0.009609598610227643,0.009609598610227643
google_robot_pick_coke_can__seed001__step008,pick_coke_can,1,exploration,17,0.48521331295152265,0.14033578933685506,0.2536884754647857,0.16284948320882328,1.1979602859124623,0.3223638297426994,0.3448775236146676,0.23152483748673697,0.23152483748673697
google_robot_pick_coke_can__seed001__step008,pick_coke_can,1,exploration,18,0.3515448589834196,0.0579889950007767,0.2804954961675843,0.16284948320882328,1.0854936887495135,0.1886953757745963,0.2935558639826429,0.07104936281583529,0.07104936281583529
google_robot_pick_coke_can__seed001__step008,pick_coke_can,1,exploration,19,0.39193823520805077,0.10225315636809777,0.24000199032122413,0.16284948320882328,1.158825363507709,0.22908875199922749,0.289685078839953,0.15193624488682664,0.15193624488682664
google_robot_pick_coke_can__seed001__step008,pick_coke_can,1,exploration,20,0.2409169966503449,0.0653243754812582,0.23665500581004995,0.16284948320882328,1.008719541576446,0.07806751344152163,0.1755926211690867,0.004261990840294966,0.004261990840294966
google_robot_pick_coke_can__seed001__step008,pick_coke_can,1,exploration,21,0.4583157778489096,0.1993723156640862,0.3571748560727805,0.16284948320882328,1.1896300853532538,0.29546629464008634,0.2589434621848234,0.1011409217761291,0.1011409217761291
google_robot_pick_coke_can__seed001__step008,pick_coke_can,1,exploration,22,0.35422967153960255,-0.014590142116087446,0.26422211335940665,0.16284948320882328,0.9700618713538985,0.19138018833077927,0.36881981365569,0.0900075581801959,0.0900075581801959
google_robot_pick_coke_can__seed001__step008,pick_coke_can,1,exploration,23,0.337412746463144,0.044084418302334456,0.34072832328167246,0.16284948320882328,1.0817286903139187,0.17456326325432073,0.29332832816080956,-0.003315576818528454,-0.003315576818528454
google_robot_pick_coke_can__seed001__step008,pick_coke_can,1,exploration,24,0.371731364203779,0.02989372881682331,0.3720669004366028,0.16284948320882328,1.0890887186786669,0.20888188099495572,0.34183763538695566,-0.0003355362328237854,-0.0003355362328237854
google_robot_pick_coke_can__seed001__step008,pick_coke_can,1,exploration,25,0.3720669004366028,0.08727535663322043,0.3720669004366028,0.16284948320882328,1.081421788490555,0.2092174172277795,0.28479154380338234,0.0,0.0
google_robot_pick_coke_can__seed001__step008,pick_coke_can,1,exploration,26,0.3604779266019357,0.05838612265204809,0.3604779266019357,0.16284948320882328,1.1130521689471558,0.19762844339311245,0.30209180394988766,0.0,0.0
google_robot_pick_coke_can__seed001__step008,pick_coke_can,1,exploration,27,0.3601060069276751,0.048205614553443944,0.3601060069276751,0.16284948320882328,1.1220617130703945,0.1972565237188518,0.3119003923742311,0.0,0.0
google_robot_pick_coke_can__seed001__step008,pick_coke_can,1,exploration,28,0.36668766656358903,0.019164492218460016,0.3567190167076335,0.16284948320882328,1.1187559726465819,0.20383818335476575,0.347523174345129,0.009968649855955525,0.009968649855955525
google_robot_pick_coke_can__seed001__step008,pick_coke_can,1,exploration,29,0.3663725734915757,0.0018642898467725137,0.3624715839190132,0.16284948320882328,1.1025237729296418,0.20352309028275242,0.3645082836448032,0.0039009895725625188,0.0039009895725625188
google_robot_pick_coke_can__seed001__step008,pick_coke_can,1,exploration,30,0.3606792726016725,-0.015757435676492584,0.3624715839190132,0.16284948320882328,1.1238183419167607,0.1978297893928492,0.37643670827816506,-0.0017923113173407001,-0.0017923113173407001
google_robot_pick_coke_can__seed001__step008,pick_coke_can,1,exploration,31,0.39533896613196057,-0.028679383311162734,0.3976745836791861,0.16284948320882328,1.109763612991345,0.2324894829231373,0.4240183494431233,-0.0023356175472255547,-0.0023356175472255547
google_robot_pick_coke_can__seed001__step040,pick_coke_can,1,exploration,0,0.09682485807651142,-0.4571138788894469,0.09682485807651142,0.3045799797193373,0.8041871619064165,-0.2077551216428259,0.5539387369659583,0.0,-0.2077551216428259
google_robot_pick_coke_can__seed001__step040,pick_coke_can,1,exploration,1,-0.016954912415065516,-0.37715416537722835,-0.047071359911876935,0.3045799797193373,1.1478603889028953,-0.32153489213440284,0.3601992529621628,0.03011644749681142,-0.32153489213440284
google_robot_pick_coke_can__seed001__step040,pick_coke_can,1,exploration,2,-0.14830151194940486,-0.42828854792477017,-0.04706054588413483,0.3045799797193373,1.1370212252986844,-0.45288149166874214,0.27998703597536534,-0.10124096606527003,-0.45288149166874214
google_robot_pick_coke_can__seed001__step040,pick_coke_can,1,exploration,3,-0.09430529505266864,-0.3406310822888032,-0.0429680762448418,0.3045799797193373,1.2535306165920965,-0.39888527477200597,0.24632578723613452,-0.051337218807826844,-0.39888527477200597
google_robot_pick_coke_can__seed001__step040,pick_coke_can,1,exploration,4,0.07477866356211915,-0.4940318834739131,-0.05175256840891348,0.3045799797193373,1.249536471301841,-0.22980131615721816,0.5688105470360323,0.12653123197103264,-0.22980131615721816
google_robot_pick_coke_can__seed001__step040,pick_coke_can,1,exploration,5,-0.030675993610779773,-0.42894105471644517,-0.12618220284344908,0.3045799797193373,1.3094116194446364,-0.3352559733301171,0.3982650611056654,0.09550620923266931,-0.3352559733301171
google_robot_pick_coke_can__seed001__step040,pick_coke_can,1,exploration,6,0.1843643979446156,-0.22927810919204225,0.13798335313398502,0.3045799797193373,0.8465956983977501,-0.12021558177472172,0.41364250713665784,0.04638104481063057,-0.12021558177472172
google_robot_pick_coke_can__seed001__step040,pick_coke_can,1,exploration,7,0.3434587033119227,-0.3169652019355352,0.262040767826441,0.3045799797193373,1.1653434430436975,0.038878723592585374,0.6604239052474579,0.08141793548548171,0.038878723592585374
google_robot_pick_coke_can__seed001__step040,pick_coke_can,1,exploration,8,-0.07140499737804851,-0.44530728007715287,-0.09315141834015557,0.3045799797193373,1.2040626263366216,-0.3759849770973858,0.37390228269910436,0.021746420962107063,-0.3759849770973858
google_robot_pick_coke_can__seed001__step040,pick_coke_can,1,exploration,9,0.07493412837884798,-0.34361278035429105,0.13993782380946082,0.3045799797193373,1.0134768657840432,-0.22964585134048932,0.41854690873313904,-0.06500369543061284,-0.22964585134048932
google_robot_pick_coke_can__seed001__step040,pick_coke_can,1,exploration,10,0.16806091754262154,-0.3461029951289886,0.12806816719477412,0.3045799797193373,0.9866667597961818,-0.13651906217671578,0.5141639126716102,0.03999275034784741,-0.13651906217671578
google_robot_pick_coke_can__seed001__step040,pick_coke_can,1,exploration,11,0.2640891497214117,-0.4659340248927617,0.16396010169944136,0.3045799797193373,1.2455781789656533,-0.04049082999792564,0.7300231746141734,0.10012904802197031,-0.04049082999792564
google_robot_pick_coke_can__seed001__step040,pick_coke_can,1,exploration,12,0.2912496276996292,-0.4556766559262788,0.11606555666363509,0.3045799797193373,1.2392009541472553,-0.013330352019708114,0.7469262836259081,0.1751840710359941,-0.013330352019708114
google_robot_pick_coke_can__seed001__step040,pick_coke_can,1,exploration,13,0.25759520617194015,-0.4514248318328329,0.2668912690808644,0.3045799797193373,1.47232641859476,-0.04698477354739716,0.7090200380047731,-0.009296062908924263,-0.04698477354739716
google_robot_pick_coke_can__seed001__step040,pick_coke_can,1,exploration,14,0.19569132212511828,-0.4205874668838001,-0.07216816855558471,0.3045799797193373,1.1251164316235371,-0.10888865759421903,0.6162787890089184,0.26785949068070297,-0.10888865759421903
google_robot_pick_coke_can__seed001__step040,pick_coke_can,1,exploration,15,0.2761242244116757,-0.47322792739112574,0.2784881902271273,0.3045799797193373,1.2289027379614543,-0.02845575530766159,0.7493521518028015,-0.002363965815451563,-0.02845575530766159
google_robot_pick_coke_can__seed001__step040,pick_coke_can,1,exploration,16,0.38197666535204416,-0.47118814978657175,0.3872529937945079,0.3045799797193373,1.1061611197560561,0.07739668563270685,0.853164815138616,-0.005276328442463729,-0.005276328442463729
google_robot_pick_coke_can__seed001__step040,pick_coke_can,1,exploration,17,0.3199025314067907,-0.4655951726220316,0.4399715822653693,0.3045799797193373,1.145692350244494,0.01532255168745339,0.7854977040288222,-0.12006905085857861,-0.12006905085857861
google_robot_pick_coke_can__seed001__step040,pick_coke_can,1,exploration,18,0.4448177249017133,-0.4352564797273079,0.534597650394449,0.3045799797193373,1.230361248539998,0.14023774518237597,0.8800742046290212,-0.08977992549273567,-0.08977992549273567
google_robot_pick_coke_can__seed001__step040,pick_coke_can,1,exploration,19,0.6741805103311854,-0.4533322024499262,0.6643241853653907,0.3045799797193373,1.4621794718081198,0.3696005306118481,1.1275127127811118,0.009856324965794694,0.009856324965794694
google_robot_pick_coke_can__seed001__step040,pick_coke_can,1,exploration,20,0.19853180805951,-0.25752462004421756,0.46869064072786454,0.3045799797193373,1.2048317713736034,-0.1060481716598273,0.4560564281037276,-0.2701588326683545,-0.2701588326683545
google_robot_pick_coke_can__seed001__step040,pick_coke_can,1,exploration,21,0.3633246143422355,-0.40404908618635166,0.3404936755211178,0.3045799797193373,1.0299142466544517,0.058744634622898195,0.7673737005285872,0.022830938821117697,0.022830938821117697
google_robot_pick_coke_can__seed001__step040,pick_coke_can,1,exploration,22,0.3447988619628715,-0.3750132310309753,0.23695254531341944,0.3045799797193373,1.0531775227490356,0.040218882243534204,0.7198120929938467,0.10784631664945207,0.040218882243534204
google_robot_pick_coke_can__seed001__step040,pick_coke_can,1,exploration,23,0.29929193830359013,-0.13049003422941,0.5801137656167238,0.3045799797193373,1.1778371255994917,-0.00528804141574718,0.4297819725330001,-0.28082182731313365,-0.28082182731313365
google_robot_pick_coke_can__seed001__step040,pick_coke_can,1,exploration,24,0.5384140598358512,-0.25764794886625714,0.4444178311045209,0.3045799797193373,1.1750101659156191,0.2338340801165139,0.7960620087021084,0.09399622873133034,0.09399622873133034
google_robot_pick_coke_can__seed001__step040,pick_coke_can,1,exploration,25,0.5601184318275886,-0.5722324879383747,0.47935427874809516,0.3045799797193373,1.1896461638980391,0.25553845210825127,1.1323509197659631,0.08076415307949342,0.08076415307949342
google_robot_pick_coke_can__seed001__step040,pick_coke_can,1,exploration,26,0.5073029332776454,-0.31461330978104335,0.5185676653918456,0.3045799797193373,1.2201864220685787,0.2027229535583081,0.8219162430586888,-0.011264732114200204,-0.011264732114200204
google_robot_pick_coke_can__seed001__step040,pick_coke_can,1,exploration,27,0.49920726575745694,-0.43637376433015246,0.5031092097725431,0.3045799797193373,1.1991010253847583,0.19462728603811963,0.9355810300876094,-0.0039019440150862006,-0.0039019440150862006
google_robot_pick_coke_can__seed001__step040,pick_coke_can,1,exploration,28,0.5646385132978459,-0.49455965570285226,0.22751120474186268,0.3045799797193373,1.1626406271283642,0.26005853357850856,1.0591981690006982,0.33712730855598316,0.26005853357850856
google_robot_pick_coke_can__seed001__step040,pick_coke_can,1,exploration,29,0.5157767028988022,-0.5136780647290841,0.4959601776737794,0.3045799797193373,1.072092335476799,0.21119672317946486,1.0294547676278862,0.019816525225022752,0.019816525225022752
google_robot_pick_coke_can__seed001__step040,pick_coke_can,1,exploration,30,0.49395176835398313,-0.6218338207745773,0.5037558455340424,0.3045799797193373,1.0805985591299025,0.18937178863464582,1.1157855891285604,-0.009804077180059267,-0.009804077180059267
google_robot_pick_coke_can__seed001__step040,pick_coke_can,1,exploration,31,0.5922412191022743,-0.30842976440097264,0.6231658638425129,0.3045799797193373,1.0288712453100004,0.28766123938293703,0.9006709835032469,-0.030924644740238594,-0.030924644740238594
google_robot_pick_coke_can__seed001__step071,pick_coke_can,1,exploration,0,0.0071099735795778956,-0.2116988700618316,0.20713537197117174,-0.20951968364003257,0.7684132415190758,0.21662965721961047,0.2188088436414095,-0.20002539839159383,-0.20002539839159383
google_robot_pick_coke_can__seed001__step071,pick_coke_can,1,exploration,1,-0.07366287273165996,-0.234166483772005,-0.07366287273165996,-0.20951968364003257,0.9149421885692338,0.1358568109083726,0.16050361104034505,0.0,0.0
google_robot_pick_coke_can__seed001__step071,pick_coke_can,1,exploration,2,-0.00984111538146276,-0.14127653504874574,-0.00984111538146276,-0.20951968364003257,1.1857470944369102,0.1996785682585698,0.13143541966728298,0.0,0.0
google_robot_pick_coke_can__seed001__step071,pick_coke_can,1,exploration,3,0.11381190590839292,-0.1523034048739566,0.1428366749545635,-0.20951968364003257,1.1296240984597175,0.3233315895484255,0.2661153107823495,-0.029024769046170587,-0.029024769046170587
google_robot_pick_coke_can__seed001__step071,pick_coke_can,1,exploration,4,0.1201699076473373,-0.15256978901604476,0.14098326590693433,-0.20951968364003257,1.488675266126504,0.32968959128736985,0.27273969666338205,-0.02081335825959703,-0.02081335825959703
google_robot_pick_coke_can__seed001__step071,pick_coke_can,1,exploration,5,0.16180626279159688,-0.11337062387773085,0.1733038115653286,-0.20951968364003257,1.2707299253437736,0.3713259464316294,0.2751768866693277,-0.011497548773731714,-0.011497548773731714
google_robot_pick_coke_can__seed001__step071,pick_coke_can,1,exploration,6,0.0032332714769341595,-0.12404118151627526,-0.05920098608822346,-0.20951968364003257,1.4596308048602225,0.21275295511696674,0.1272744529932094,0.06243425756515762,0.06243425756515762
google_robot_pick_coke_can__seed001__step071,pick_coke_can,1,exploration,7,0.35390321043077444,-0.24490246326183693,0.21379801058117173,-0.20951968364003257,1.233357788038004,0.563422894070807,0.5988056736926114,0.1401051998496027,0.1401051998496027
google_robot_pick_coke_can__seed001__step071,pick_coke_can,1,exploration,8,0.03503184276057017,-0.23151154382906655,0.02463356744481618,-0.20951968364003257,1.2731158926362385,0.24455152640060274,0.2665433865896367,0.010398275315753991,0.010398275315753991
google_robot_pick_coke_can__seed001__step071,pick_coke_can,1,exploration,9,0.14084143018457587,-0.26645370174949684,0.07647112242961614,-0.20951968364003257,1.1471457389864574,0.35036111382460844,0.40729513193407274,0.06437030775495974,0.06437030775495974
google_robot_pick_coke_can__seed001__step071,pick_coke_can,1,exploration,10,0.1309732145010938,-0.09835000242349871,0.04849682694877087,-0.20951968364003257,1.2212594770601832,0.3404928981411264,0.2293232169245925,0.08247638755232295,0.08247638755232295
google_robot_pick_coke_can__seed001__step071,pick_coke_can,1,exploration,11,0.25116440761665043,-0.30057780152894975,0.04621373163141424,-0.20951968364003257,1.1890379605308856,0.46068409125668297,0.5517422091456001,0.2049506759852362,0.2049506759852362
google_robot_pick_coke_can__seed001__step071,pick_coke_can,1,exploration,12,0.41398208028838646,-0.332900308289197,0.4156020879469034,-0.20951968364003257,1.159876008388528,0.623501763928419,0.7468823885775835,-0.001620007658516942,-0.001620007658516942
google_robot_pick_coke_can__seed001__step071,pick_coke_can,1,exploration,13,0.42826301700474767,-0.0891152871519323,0.06229588376602293,-0.20951968364003257,1.2428754159577782,0.6377827006447803,0.51737830415668,0.36596713323872476,0.36596713323872476
google_robot_pick_coke_can__seed001__step071,pick_coke_can,1,exploration,14,0.4423721591609788,0.10602083822046922,0.41838686468512076,-0.20951968364003257,1.1918108194941202,0.6518918428010113,0.33635132094050957,0.02398529447585801,0.02398529447585801
google_robot_pick_coke_can__seed001__step071,pick_coke_can,1,exploration,15,0.1206482791024844,-0.13049223189654538,0.14842252898744002,-0.20951968364003257,1.1724268152389392,0.330167962742517,0.2511405109990298,-0.027774249884955624,-0.027774249884955624
google_robot_pick_coke_can__seed001__step071,pick_coke_can,1,exploration,16,0.02075114321210948,-0.031290092632971854,0.14760453275500063,-0.20951968364003257,1.1586803863470299,0.23027082685214204,0.05204123584508133,-0.12685338954289116,-0.12685338954289116
google_robot_pick_coke_can__seed001__step071,pick_coke_can,1,exploration,17,0.2617178517061721,-0.09939421988513793,0.3178038847656186,-0.20951968364003257,0.634202994202132,0.4712375353462047,0.36111207159131004,-0.05608603305944648,-0.05608603305944648
google_robot_pick_coke_can__seed001__step071,pick_coke_can,1,exploration,18,0.12662738547785712,-0.17199703983794964,-0.0275668182431989,-0.20951968364003257,1.2196333206116106,0.3361470691178897,0.2986244253158068,0.15419420372105602,0.15419420372105602
google_robot_pick_coke_can__seed001__step071,pick_coke_can,1,exploration,19,0.20368738693554436,-0.07573388244511609,0.13846310502121076,-0.20951968364003257,0.9333791304990972,0.41320707057557693,0.2794212693806605,0.0652242819143336,0.0652242819143336
google_robot_pick_coke_can__seed001__step071,pick_coke_can,1,exploration,20,0.10169750735667882,-0.028560173448885146,0.10169750735667882,-0.20951968364003257,1.0965557827892216,0.3112171909967114,0.13025768080556396,0.0,0.0
google_robot_pick_coke_can__seed001__step071,pick_coke_can,1,exploration,21,0.1734679846584867,0.020733753280634783,0.1658982524333946,-0.20951968364003257,1.0608564288506617,0.38298766829851927,0.15273423137785191,0.007569732225092107,0.007569732225092107
google_robot_pick_coke_can__seed001__step071,pick_coke_can,1,exploration,22,0.15394292528166556,-0.208503416053198,0.16276525329865876,-0.20951968364003257,1.4689437933850522,0.3634626089216981,0.36244634133486353,-0.008822328016993203,-0.008822328016993203
google_robot_pick_coke_can__seed001__step071,pick_coke_can,1,exploration,23,0.09130130657529399,-0.22477709201139814,0.0885009264759113,-0.20951968364003257,1.2766297802510909,0.30082099021532654,0.3160783985866921,0.0028003800993826877,0.0028003800993826877
google_robot_pick_coke_can__seed001__step071,pick_coke_can,1,exploration,24,0.025347767773571988,-0.29658455809484546,0.09009958248512816,-0.20951968364003257,0.9164342721428083,0.23486745141360454,0.32193232586841747,-0.06475181471155617,-0.06475181471155617
google_robot_pick_coke_can__seed001__step071,pick_coke_can,1,exploration,25,0.2291980165337996,-0.2601317766530435,0.2953849057018705,-0.20951968364003257,1.2410507910922228,0.43871770017383216,0.4893297931868431,-0.06618688916807089,-0.06618688916807089
google_robot_pick_coke_can__seed001__step071,pick_coke_can,1,exploration,26,0.21777246270340767,-0.14516994321130602,0.2683476117371872,-0.20951968364003257,1.2621756837069849,0.42729214634344026,0.3629424059147137,-0.05057514903377952,-0.05057514903377952
google_robot_pick_coke_can__seed001__step071,pick_coke_can,1,exploration,27,0.2597847322063282,-0.243148898204998,0.17394384778914482,-0.20951968364003257,1.243238852847002,0.46930441584636073,0.5029336304113262,0.08584088441718338,0.08584088441718338
google_robot_pick_coke_can__seed001__step071,pick_coke_can,1,exploration,28,0.27919123520658423,-0.36548373698475306,0.20165191292245824,-0.20951968364003257,1.02321735312129,0.48871091884661677,0.6446749721913373,0.077539322284126,0.077539322284126
google_robot_pick_coke_can__seed001__step071,pick_coke_can,1,exploration,29,0.2032644782914673,-0.004773222333580583,0.19417818110065596,-0.20951968364003257,0.9430772548225322,0.41278416193149986,0.20803770062504787,0.009086297190811332,0.009086297190811332
google_robot_pick_coke_can__seed001__step071,pick_coke_can,1,exploration,30,0.10351499244406126,0.1455220403667659,0.17452618414888077,-0.20951968364003257,1.2831920085411277,0.31303467608409385,-0.04200704792270463,-0.07101119170481951,-0.07101119170481951
google_robot_pick_coke_can__seed001__step071,pick_coke_can,1,exploration,31,0.43816493263322864,-0.2612164068624176,0.40589266749691594,-0.20951968364003257,0.8376270615727046,0.6476846162732612,0.6993813394956463,0.032272265136312706,0.032272265136312706
google_robot_pick_coke_can__seed003__step008,pick_coke_can,3,validation,0,0.4877978048898988,0.04309707980019245,0.4877978048898988,0.29675858486902734,1.1864699637442395,0.19103922002087148,0.4447007250897064,0.0,0.0
google_robot_pick_coke_can__seed003__step008,pick_coke_can,3,validation,1,0.5859921086276348,-0.027359507483404863,0.5702193638942991,0.29675858486902734,1.2578491667168494,0.2892335237586075,0.6133516161110397,0.015772744733335786,0.015772744733335786
google_robot_pick_coke_can__seed003__step008,pick_coke_can,3,validation,2,0.5738497903427777,0.050405018396962854,0.5738497903427777,0.29675858486902734,1.0355417322027844,0.2770912054737504,0.5234447719458148,0.0,0.0
google_robot_pick_coke_can__seed003__step008,pick_coke_can,3,validation,3,0.5618708656740533,-0.1167194961270326,0.5602510746853903,0.29675858486902734,1.1955388455225093,0.26511228080502597,0.6785903618010859,0.0016197909886630502,0.0016197909886630502
google_robot_pick_coke_can__seed003__step008,pick_coke_can,3,validation,4,0.42885898412345774,-0.015827525342830235,0.46934932149414504,0.29675858486902734,1.1250259714265987,0.1321003992544304,0.44468650946628796,-0.0404903373706873,-0.0404903373706873
google_robot_pick_coke_can__seed003__step008,pick_coke_can,3,validation,5,0.4720414781641022,-0.10662489625409384,0.4720414781641022,0.29675858486902734,1.152592589948507,0.17528289329507485,0.578666374418196,0.0,0.0
google_robot_pick_coke_can__seed003__step008,pick_coke_can,3,validation,6,0.47412654891916345,-0.011121473118829573,0.4508524410916819,0.29675858486902734,1.3357238533494886,0.1773679640501361,0.485248022037993,0.02327410782748157,0.02327410782748157
google_robot_pick_coke_can__seed003__step008,pick_coke_can,3,validation,7,0.3456389460510347,0.016540469742384233,0.46294691462061865,0.29675858486902734,1.2364502887699387,0.04888036118200734,0.32909847630865047,-0.11730796856958398,-0.11730796856958398
google_robot_pick_coke_can__seed003__step008,pick_coke_can,3,validation,8,0.4390515705555809,0.04056200913855235,0.3726416925261424,0.29675858486902734,1.222897453512547,0.14229298568655357,0.39848956141702857,0.06640987802943854,0.06640987802943854
google_robot_pick_coke_can__seed003__step008,pick_coke_can,3,validation,9,0.401696745667119,-0.012381021865064942,0.443864497206319,0.29675858486902734,1.211504731287949,0.10493816079809165,0.41407776753218395,-0.042167751539199994,-0.042167751539199994
google_robot_pick_coke_can__seed003__step008,pick_coke_can,3,validation,10,0.45530527177986563,0.011764711646137025,0.5302526947838999,0.29675858486902734,1.1711934881854091,0.15854668691083829,0.4435405601337286,-0.07494742300403429,-0.07494742300403429
google_robot_pick_coke_can__seed003__step008,pick_coke_can,3,validation,11,0.3915489121113806,0.07302060661234909,0.4035070942096932,0.29675858486902734,1.2129462763238945,0.09479032724235326,0.3185283054990315,-0.01195818209831262,-0.01195818209831262
google_robot_pick_coke_can__seed003__step008,pick_coke_can,3,validation,12,0.46116644292504105,-0.09392866659261057,0.46839403432591276,0.29675858486902734,1.2554809908509392,0.1644078580560137,0.5550951095176516,-0.007227591400871702,-0.007227591400871702
google_robot_pick_coke_can__seed003__step008,pick_coke_can,3,validation,13,0.38019756270089333,-0.06464024487990606,0.5064916661981927,0.29675858486902734,1.2265118966476622,0.08343897783186599,0.4448378075807994,-0.12629410349729941,-0.12629410349729941
google_robot_pick_coke_can__seed003__step008,pick_coke_can,3,validation,14,0.4481898358072483,-0.08269562803447607,0.5465502780877703,0.29675858486902734,1.1505660077553326,0.15143125093822096,0.5308854638417244,-0.09836044228052204,-0.09836044228052204
google_robot_pick_coke_can__seed003__step008,pick_coke_can,3,validation,15,0.587192354524206,-0.09286122464899371,0.4578125441588819,0.29675858486902734,1.2597838601596483,0.2904337696551787,0.6800535791731998,0.12937981036532414,0.12937981036532414
google_robot_pick_coke_can__seed003__step008,pick_coke_can,3,validation,16,0.5639996196986338,0.04421529453551563,0.29899703164515085,0.29675858486902734,1.03632419190969,0.2672410348296064,0.5197843251631181,0.2650025880534829,0.2650025880534829
google_robot_pick_coke_can__seed003__step008,pick_coke_can,3,validation,17,0.5186497186775618,-0.07670217777496886,0.43196794742708705,0.29675858486902734,1.0965195156113556,0.22189113380853448,0.5953518964525307,0.08668177125047477,0.08668177125047477
google_robot_pick_coke_can__seed003__step008,pick_coke_can,3,validation,18,0.5366306534848965,0.09226663944796581,0.3923367160821851,0.29675858486902734,1.1045072146573574,0.23987206861586913,0.44436401403693065,0.14429393740271135,0.14429393740271135
google_robot_pick_coke_can__seed003__step008,pick_coke_can,3,validation,19,0.46614056983035107,-0.008983614637398447,0.4878488092207019,0.29675858486902734,1.0047450737178785,0.16938198496132373,0.4751241844677495,-0.021708239390350825,-0.021708239390350825
google_robot_pick_coke_can__seed003__step008,pick_coke_can,3,validation,20,0.438719595829925,-0.005176877037804409,0.37465071743216566,0.29675858486902734,1.0398883900498317,0.14196101096089764,0.4438964728677294,0.06406887839775932,0.06406887839775932
google_robot_pick_coke_can__seed003__step008,pick_coke_can,3,validation,21,0.4876976008749055,0.23096785190995994,0.33758280030063387,0.29675858486902734,1.0116427444400091,0.19093901600587815,0.25672974896494555,0.15011480057427162,0.15011480057427162
google_robot_pick_coke_can__seed003__step008,pick_coke_can,3,validation,22,0.4156561771020071,0.012340227620115315,0.4526989216016506,0.29675858486902734,1.1137169915885095,0.11889759223297974,0.40331594948189176,-0.03704274449964351,-0.03704274449964351
google_robot_pick_coke_can__seed003__step008,pick_coke_can,3,validation,23,0.4503451428929906,-0.14948581263306188,0.3747164489795498,0.29675858486902734,1.0580302262365926,0.15358655802396326,0.5998309555260525,0.07562869391344079,0.07562869391344079
google_robot_pick_coke_can__seed003__step008,pick_coke_can,3,validation,24,0.43416907272018235,0.05825917398759478,0.4249949165952634,0.29675858486902734,0.9554545577276896,0.137410487851155,0.37590989873258757,0.009174156124918953,0.009174156124918953
google_robot_pick_coke_can__seed003__step008,pick_coke_can,3,validation,25,0.4336085337687469,0.11554936145832438,0.4336085337687469,0.29675858486902734,0.838820627411548,0.13684994889971958,0.3180591723104225,0.0,0.0
google_robot_pick_coke_can__seed003__step008,pick_coke_can,3,validation,26,0.4261417865471237,0.03906189745439278,0.44737641661317995,0.29675858486902734,0.9041467001435433,0.12938320167809636,0.38707988909273094,-0.021234630066056248,-0.021234630066056248
google_robot_pick_coke_can__seed003__step008,pick_coke_can,3,validation,27,0.44227465332442256,0.08551058527778665,0.44227465332442256,0.29675858486902734,0.8590415053051003,0.14551606845539522,0.3567640680466359,0.0,0.0
google_robot_pick_coke_can__seed003__step008,pick_coke_can,3,validation,28,0.43100766469016966,0.20075270870052722,0.41612231308205244,0.29675858486902734,0.9482609903754977,0.13424907982114231,0.23025495598964243,0.014885351608117214,0.014885351608117214
google_robot_pick_coke_can__seed003__step008,pick_coke_can,3,validation,29,0.445823286826492,0.009004984388435062,0.43893079074066005,0.29675858486902734,0.8342970775764733,0.14906470195746468,0.43681830243805697,0.006892496085831978,0.006892496085831978
google_robot_pick_coke_can__seed003__step008,pick_coke_can,3,validation,30,0.4648158172212806,0.006463328037386126,0.4608646432869555,0.29675858486902734,0.8775170522486944,0.16805723235225328,0.4583524891838945,0.003951173934325147,0.003951173934325147
google_robot_pick_coke_can__seed003__step008,pick_coke_can,3,validation,31,0.39231888208184773,-0.0793138168507945,0.39231888208184773,0.29675858486902734,0.8616916720206853,0.09556029721282039,0.47163269893264226,0.0,0.0
google_robot_pick_coke_can__seed003__step040,pick_coke_can,3,validation,0,-0.31631775574532095,-0.37158803288198033,-0.31631775574532095,0.3119496316694193,1.059118847893721,-0.6282673874147402,0.055270277136659385,0.0,-0.6282673874147402
google_robot_pick_coke_can__seed003__step040,pick_coke_can,3,validation,1,0.20995502398366447,-0.24088008559534516,0.20995502398366447,0.3119496316694193,0.7225013837918814,-0.10199460768575483,0.45083510957900963,0.0,-0.10199460768575483
google_robot_pick_coke_can__seed003__step040,pick_coke_can,3,validation,2,0.2985557455037364,-0.27755719041910765,0.2985557455037364,0.3119496316694193,1.1977621639545115,-0.013393886165682878,0.5761129359228441,0.0,-0.013393886165682878
google_robot_pick_coke_can__seed003__step040,pick_coke_can,3,validation,3,-0.3355862512904156,-0.30757967613432713,-0.320408150771238,0.3119496316694193,1.103009527580432,-0.6475358829598349,-0.028006575156088453,-0.015178100519177562,-0.6475358829598349
google_robot_pick_coke_can__seed003__step040,pick_coke_can,3,validation,4,-0.19551054479765098,-0.437334528656989,-0.4316289266147595,0.3119496316694193,0.9998721004199631,-0.5074601764670703,0.24182398385933804,0.2361183818171085,-0.5074601764670703
google_robot_pick_coke_can__seed003__step040,pick_coke_can,3,validation,5,-0.2759504301972077,-0.4713459460654242,-0.23970564392332327,0.3119496316694193,1.3152019848209888,-0.587900061866627,0.19539551586821646,-0.036244786273884444,-0.587900061866627
google_robot_pick_coke_can__seed003__step040,pick_coke_can,3,validation,6,0.1596418959320394,-0.3922772970393711,-0.029555941265846496,0.3119496316694193,0.9347583902360392,-0.1523077357373799,0.5519191929714105,0.18919783719788588,-0.1523077357373799
google_robot_pick_coke_can__seed003__step040,pick_coke_can,3,validation,7,-0.1286732482060616,-0.3006155531965226,-0.27058547512441417,0.3119496316694193,1.2740816936070691,-0.4406228798754809,0.171942304990461,0.14191222691835256,-0.4406228798754809
google_robot_pick_coke_can__seed003__step040,pick_coke_can,3,validation,8,0.09195536709435721,-0.16084802206223495,-0.1963957915369512,0.3119496316694193,1.3953615996856976,-0.2199942645750621,0.2528033891565922,0.2883511586313084,-0.2199942645750621
google_robot_pick_coke_can__seed003__step040,pick_coke_can,3,validation,9,0.03190021046630067,-0.4650552232482314,0.06852476743493947,0.3119496316694193,1.0188607857190775,-0.28004942120311865,0.49695543371453205,-0.036624556968638804,-0.28004942120311865
google_robot_pick_coke_can__seed003__step040,pick_coke_can,3,validation,10,-0.15349785082803977,-0.20010526876287874,-0.1322194536974659,0.3119496316694193,1.751210892147061,-0.46544748249745904,0.04660741793483897,-0.02127839713057386,-0.46544748249745904
google_robot_pick_coke_can__seed003__step040,pick_coke_can,3,validation,11,-0.10319594372973791,-0.45865644597577787,-0.14685907307795196,0.3119496316694193,1.7333839561827669,-0.4151455753991572,0.35546050224604,0.04366312934821405,-0.4151455753991572
google_robot_pick_coke_can__seed003__step040,pick_coke_can,3,validation,12,-0.13342821955093997,-0.3963535145766674,-0.13342821955093997,0.3119496316694193,2.05126750957463,-0.4453778512203593,0.2629252950257274,0.0,-0.4453778512203593
google_robot_pick_coke_can__seed003__step040,pick_coke_can,3,validation,13,0.010332731272983836,-0.4181836595033885,-0.132718459405024,0.3119496316694193,1.6745247646802623,-0.30161690039643546,0.4285163907763723,0.14305119067800784,-0.30161690039643546
google_robot_pick_coke_can__seed003__step040,pick_coke_can,3,validation,14,0.05517564807609917,-0.19405699010315244,-0.1191007163846261,0.3119496316694193,1.0929084917527958,-0.25677398359332015,0.24923263817925162,0.17427636446072528,-0.25677398359332015
google_robot_pick_coke_can__seed003__step040,pick_coke_can,3,validation,15,0.312957595771946,-0.45974212208242893,0.34975421857377126,0.3119496316694193,1.3076206211173713,0.0010079641025266817,0.7726997178543749,-0.036796622801825274,-0.036796622801825274
google_robot_pick_coke_can__seed003__step040,pick_coke_can,3,validation,16,0.12969557892838934,-0.10766632651600257,0.1407457530525615,0.3119496316694193,0.9226068563242887,-0.18225405274102996,0.2373619054443919,-0.011050174124172168,-0.18225405274102996
google_robot_pick_coke_can__seed003__step040,pick_coke_can,3,validation,17,-0.05344482906037035,-0.2508909462715498,-0.07918251147039512,0.3119496316694193,0.9358639265142726,-0.36539446072978965,0.19744611721117944,0.025737682410024776,-0.36539446072978965
google_robot_pick_coke_can__seed003__step040,pick_coke_can,3,validation,18,-0.024524766593497116,-0.3318773596940752,-0.07447085595318902,0.3119496316694193,0.9395566639432623,-0.3364743982629164,0.3073525931005781,0.0499460893596919,-0.3364743982629164
google_robot_pick_coke_can__seed003__step040,pick_coke_can,3,validation,19,-0.054073555563302365,-0.3436537668883743,-0.27956967464154014,0.3119496316694193,1.1016624359356917,-0.36602318723272165,0.28958021132507195,0.22549611907823777,-0.36602318723272165
google_robot_pick_coke_can__seed003__step040,pick_coke_can,3,validation,20,-0.16031669558026543,-0.2436702945387068,-0.2841658774673246,0.3119496316694193,1.1103157186023627,-0.47226632724968476,0.08335359895844138,0.12384918188705915,-0.47226632724968476
google_robot_pick_coke_can__seed003__step040,pick_coke_can,3,validation,21,-0.3561976463817793,0.05950488703078022,-0.13664957224753502,0.3119496316694193,1.151095041400769,-0.6681472780511986,-0.4157025334125595,-0.2195480741342443,-0.6681472780511986
google_robot_pick_coke_can__seed003__step040,pick_coke_can,3,validation,22,-0.36047943866832705,-0.3788095369733109,-0.40353972054769566,0.3119496316694193,1.215644312927155,-0.6724290703377463,0.018330098304983833,0.04306028187936861,-0.6724290703377463
google_robot_pick_coke_can__seed003__step040,pick_coke_can,3,validation,23,-0.385571373731932,-0.19128275362684874,-0.385571373731932,0.3119496316694193,1.2954043930364554,-0.6975210054013513,-0.19428862010508327,0.0,-0.6975210054013513
google_robot_pick_coke_can__seed003__step040,pick_coke_can,3,validation,24,-0.4262567074341998,-0.24809662247246037,-0.4262567074341998,0.3119496316694193,1.3098709117439775,-0.7382063391036191,-0.17816008496173943,0.0,-0.7382063391036191
google_robot_pick_coke_can__seed003__step040,pick_coke_can,3,validation,25,-0.44369735931146853,-0.1357438578400332,-0.4094509208572785,0.3119496316694193,1.2959890082930188,-0.7556469909808878,-0.3079535014714353,-0.03424643845419001,-0.7556469909808878
google_robot_pick_coke_can__seed003__step040,pick_coke_can,3,validation,26,-0.41741163742789594,-0.09492785567178191,-0.455387706884487,0.3119496316694193,1.3163785174812555,-0.7293612690973152,-0.32248378175611403,0.037976069456591044,-0.7293612690973152
google_robot_pick_coke_can__seed003__step040,pick_coke_can,3,validation,27,-0.3868806680786818,-0.3112559556448193,-0.3868806680786818,0.3119496316694193,1.2666220790039104,-0.6988302997481011,-0.07562471243386254,0.0,-0.6988302997481011
google_robot_pick_coke_can__seed003__step040,pick_coke_can,3,validation,28,-0.3451636491406876,-0.087676908169729,-0.36494307185182734,0.3119496316694193,1.2788278655878724,-0.6571132808101069,-0.2574867409709586,0.01977942271113975,-0.6571132808101069
google_robot_pick_coke_can__seed003__step040,pick_coke_can,3,validation,29,-0.39282952278099686,-0.21239462707830079,-0.37990444452102917,0.3119496316694193,1.2623813716854773,-0.7047791544504162,-0.18043489570269608,-0.012925078259967693,-0.7047791544504162
google_robot_pick_coke_can__seed003__step040,pick_coke_can,3,validation,30,-0.4000248371329595,-0.42748219838987084,-0.4000248371329595,0.3119496316694193,1.2072928322812337,-0.7119744688023788,0.02745736125691134,0.0,-0.7119744688023788
google_robot_pick_coke_can__seed003__step040,pick_coke_can,3,validation,31,-0.0777611650787629,-0.19471793789547975,-0.30000406171579347,0.3119496316694193,1.104395485355074,-0.3897107967481822,0.11695677281671685,0.22224289663703056,-0.3897107967481822
google_robot_pick_coke_can__seed003__step071,pick_coke_can,3,validation,0,0.22915916586667126,0.05139143085093404,0.21055158428099227,-0.03859382242904274,1.3742356542920917,0.267752988295714,0.17776773501573723,0.01860758158567899,0.01860758158567899
google_robot_pick_coke_can__seed003__step071,pick_coke_can,3,validation,1,0.2868205908265477,-0.16328685448660737,0.2868205908265477,-0.03859382242904274,1.4508348163001905,0.32541441325559045,0.45010744531315505,0.0,0.0
google_robot_pick_coke_can__seed003__step071,pick_coke_can,3,validation,2,0.2737938008934679,-0.17630216410758315,0.2572338369716674,-0.03859382242904274,1.3604890544604675,0.31238762332251063,0.45009596500105103,0.01655996392180048,0.01655996392180048
google_robot_pick_coke_can__seed003__step071,pick_coke_can,3,validation,3,0.31152888365190673,-0.22788187500586723,0.30789952614226945,-0.03859382242904274,1.7238949659010934,0.3501227060809495,0.539410758657774,0.0036293575096372765,0.0036293575096372765
google_robot_pick_coke_can__seed003__step071,pick_coke_can,3,validation,4,0.31398145226389773,-0.21133840253684177,0.32531237392436235,-0.03859382242904274,2.1769587259635474,0.3525752746929405,0.5253198548007395,-0.011330921660464621,-0.011330921660464621
google_robot_pick_coke_can__seed003__step071,pick_coke_can,3,validation,5,0.3421350316275764,-0.21883209260023614,0.2809950642636619,-0.03859382242904274,1.6793186926115133,0.38072885405661916,0.5609671242278126,0.06113996736391453,0.06113996736391453
google_robot_pick_coke_can__seed003__step071,pick_coke_can,3,validation,6,0.3403168536117748,0.025079296575411785,0.29456528524686987,-0.03859382242904274,1.9192890006857415,0.3789106760408176,0.315237557036363,0.04575156836490496,0.04575156836490496
google_robot_pick_coke_can__seed003__step071,pick_coke_can,3,validation,7,0.23953190904844499,0.05277329883968657,0.1734061266159629,-0.03859382242904274,1.779915136546746,0.2781257314774877,0.18675861020875842,0.06612578243248207,0.06612578243248207
google_robot_pick_coke_can__seed003__step071,pick_coke_can,3,validation,8,0.24062545697836626,-0.019197733454169242,0.24062545697836626,-0.03859382242904274,2.1621531084281274,0.279219279407409,0.2598231904325355,0.0,0.0
google_robot_pick_coke_can__seed003__step071,pick_coke_can,3,validation,9,0.3407945356766063,-0.23050857834614547,0.3285782418510414,-0.03859382242904274,2.104991464740556,0.379388358105649,0.5713031140227518,0.012216293825564883,0.012216293825564883
google_robot_pick_coke_can__seed003__step071,pick_coke_can,3,validation,10,0.3601688479296418,-0.06539511198291918,0.3196907088152693,-0.03859382242904274,1.9236883779031457,0.39876267035868457,0.425563959912561,0.040478139114372536,0.040478139114372536
google_robot_pick_coke_can__seed003__step071,pick_coke_can,3,validation,11,0.3137256762982203,-0.3619061395827528,0.38621989967065945,-0.03859382242904274,2.2121270965847715,0.35231949872726304,0.6756318158809731,-0.07249422337243916,-0.07249422337243916
google_robot_pick_coke_can__seed003__step071,pick_coke_can,3,validation,12,0.35832344336536576,-0.10165216830812507,0.3223933027457426,-0.03859382242904274,1.7422831285787022,0.3969172657944085,0.4599756116734908,0.03593014061962313,0.03593014061962313
google_robot_pick_coke_can__seed003__step071,pick_coke_can,3,validation,13,0.27536079479465836,-0.039768213193825445,0.2168397553981211,-0.03859382242904274,1.724459004513467,0.3139546172237011,0.3151290079884838,0.05852103939653727,0.05852103939653727
google_robot_pick_coke_can__seed003__step071,pick_coke_can,3,validation,14,0.3260601711225362,-0.009477799365561543,0.41012436792498264,-0.03859382242904274,1.5383604335372323,0.36465399355157896,0.33553797048809775,-0.08406419680244642,-0.08406419680244642
google_robot_pick_coke_can__seed003__step071,pick_coke_can,3,validation,15,0.38040000573396987,-0.08756886865137307,0.3199084914055162,-0.03859382242904274,1.4641203332101576,0.4189938281630126,0.46796887438534296,0.06049151432845368,0.06049151432845368
google_robot_pick_coke_can__seed003__step071,pick_coke_can,3,validation,16,0.2913818147955251,-0.13848772334528014,0.2824788084075474,-0.03859382242904274,2.041617555731403,0.32997563722456785,0.42986953814080525,0.008903006387977697,0.008903006387977697
google_robot_pick_coke_can__seed003__step071,pick_coke_can,3,validation,17,0.3063572336024838,-0.139770471777673,0.2553318151681995,-0.03859382242904274,1.8724799369396168,0.34495105603152654,0.4461277053801568,0.051025418434284264,0.051025418434284264
google_robot_pick_coke_can__seed003__step071,pick_coke_can,3,validation,18,0.2934816824857032,-0.2425675017029596,0.28932225873846223,-0.03859382242904274,1.9755766375886037,0.33207550491474597,0.5360491841886628,0.004159423747240987,0.004159423747240987
google_robot_pick_coke_can__seed003__step071,pick_coke_can,3,validation,19,0.29158082149531306,-0.08694914657300902,0.3094664343150091,-0.03859382242904274,1.8482668112016527,0.3301746439243558,0.37852996806832206,-0.01788561281969603,-0.01788561281969603
google_robot_pick_coke_can__seed003__step071,pick_coke_can,3,validation,20,0.3137649031250486,-0.3240996032617797,0.3043502488221062,-0.03859382242904274,2.010547875576864,0.35235872555409137,0.6378645063868283,0.009414654302942416,0.009414654302942416
google_robot_pick_coke_can__seed003__step071,pick_coke_can,3,validation,21,0.2650426884792697,-0.36120741224037684,0.2949545887423661,-0.03859382242904274,1.7329776794713132,0.30363651090831245,0.6262501007196466,-0.02991190026309637,-0.02991190026309637
google_robot_pick_coke_can__seed003__step071,pick_coke_can,3,validation,22,0.27156924893130424,-0.05014106480880413,0.25968974723982813,-0.03859382242904274,1.7429118684986942,0.310163071360347,0.3217103137401084,0.011879501691476113,0.011879501691476113
google_robot_pick_coke_can__seed003__step071,pick_coke_can,3,validation,23,0.2895829147877956,-0.15721566797921802,0.2925762021294765,-0.03859382242904274,1.8554051732268844,0.3281767372168383,0.44679858276701356,-0.002993287341680917,-0.002993287341680917
google_robot_pick_coke_can__seed003__step071,pick_coke_can,3,validation,24,0.22616742858979855,-0.29407983960629264,0.26253396942909496,-0.03859382242904274,1.6784211061886691,0.2647612510188413,0.5202472681960912,-0.03636654083929641,-0.03636654083929641
google_robot_pick_coke_can__seed003__step071,pick_coke_can,3,validation,25,0.26822853442046696,-0.27502218123599387,0.24959259410939338,-0.03859382242904274,1.8031083098723784,0.3068223568495097,0.5432507156564608,0.018635940311073573,0.018635940311073573
google_robot_pick_coke_can__seed003__step071,pick_coke_can,3,validation,26,0.16151881314123964,-0.19817317541525362,0.16151881314123964,-0.03859382242904274,1.676406181200589,0.2001126355702824,0.35969198855649326,0.0,0.0
google_robot_pick_coke_can__seed003__step071,pick_coke_can,3,validation,27,0.2673657370372216,-0.038761053285904644,0.2673657370372216,-0.03859382242904274,1.8239203936698052,0.30595955946626435,0.30612679032312623,0.0,0.0
google_robot_pick_coke_can__seed003__step071,pick_coke_can,3,validation,28,0.2607263868341092,-0.03266849505351032,0.2607263868341092,-0.03859382242904274,1.8760754045086103,0.29932020926315195,0.29339488188761953,0.0,0.0
google_robot_pick_coke_can__seed003__step071,pick_coke_can,3,validation,29,0.2077039498043344,-0.2089026261254585,0.1800787164270714,-0.03859382242904274,1.8012603732053598,0.24629777223337715,0.4166065759297929,0.027625233377262998,0.027625233377262998
google_robot_pick_coke_can__seed003__step071,pick_coke_can,3,validation,30,0.2088288101157878,-0.3269663647272998,0.18356406684605017,-0.03859382242904274,1.8351218176505213,0.24742263254483055,0.5357951748430876,0.025264743269737627,0.025264743269737627
google_robot_pick_coke_can__seed003__step071,pick_coke_can,3,validation,31,0.21146190427976208,-0.31981193152175635,0.23972641536987313,-0.03859382242904274,1.8088875431562979,0.2500557267088048,0.5312738358015184,-0.02826451109011105,-0.02826451109011105
google_robot_pick_coke_can__seed005__step008,pick_coke_can,5,validation,0,0.4751150731728178,-0.10762237873801062,0.4751150731728178,0.435900596520691,0.9050763629197087,0.039214476652126795,0.5827374519108284,0.0,0.0
google_robot_pick_coke_can__seed005__step008,pick_coke_can,5,validation,1,0.634816969707069,-0.05811971501383193,0.634816969707069,0.435900596520691,1.3018559474561489,0.198916373186378,0.692936684720901,0.0,0.0
google_robot_pick_coke_can__seed005__step008,pick_coke_can,5,validation,2,0.09292373642051088,-0.05759341282017467,0.09292373642051088,0.435900596520691,0.28977117827495114,-0.34297686010018014,0.15051714924068554,0.0,-0.34297686010018014
google_robot_pick_coke_can__seed005__step008,pick_coke_can,5,validation,3,0.6064715051702293,-0.005000163502647074,0.6064715051702293,0.435900596520691,1.071015875977528,0.17057090864953828,0.6114716686728764,0.0,0.0
google_robot_pick_coke_can__seed005__step008,pick_coke_can,5,validation,4,0.6086044883407513,-0.027816821813664603,0.5042654415025362,0.435900596520691,1.1740445084034432,0.1727038918200603,0.6364213101544159,0.10433904683821515,0.10433904683821515
google_robot_pick_coke_can__seed005__step008,pick_coke_can,5,validation,5,0.48135433586247006,-0.016467007361447378,0.48135433586247006,0.435900596520691,0.9953118183349048,0.04545373934177904,0.49782134322391747,0.0,0.0
google_robot_pick_coke_can__seed005__step008,pick_coke_can,5,validation,6,0.6530513522842004,0.18061262401222192,0.58044591685684,0.435900596520691,1.3925553826219292,0.2171507557635094,0.4724387282719785,0.07260543542736042,0.07260543542736042
google_robot_pick_coke_can__seed005__step008,pick_coke_can,5,validation,7,0.5643483568961903,-0.012671277619813839,0.533126207557229,0.435900596520691,0.978465721175674,0.12844776037549932,0.5770196345160041,0.03122214933896139,0.03122214933896139
google_robot_pick_coke_can__seed005__step008,pick_coke_can,5,validation,8,0.5498093520996788,-0.026319000463067312,0.5702405177330353,0.435900596520691,0.8890894563868768,0.11390875557898783,0.5761283525627462,-0.020431165633356452,-0.020431165633356452
google_robot_pick_coke_can__seed005__step008,pick_coke_can,5,validation,9,0.48850489889298626,0.10701756371689074,0.49060493676254785,0.435900596520691,0.7804086853606799,0.05260430237229524,0.3814873351760955,-0.0021000378695615884,-0.0021000378695615884
google_robot_pick_coke_can__seed005__step008,pick_coke_can,5,validation,10,0.5755815359243472,0.031122148681443276,0.46032224945443917,0.435900596520691,0.9452297499955399,0.13968093940365622,0.544459387242904,0.11525928646990807,0.11525928646990807
google_robot_pick_coke_can__seed005__step008,pick_coke_can,5,validation,11,0.5942372822247776,0.342409711453521,0.4283686265190782,0.435900596520691,1.1786073572148523,0.15833668570408654,0.25182757077125656,0.16586865570569936,0.15833668570408654
google_robot_pick_coke_can__seed005__step008,pick_coke_can,5,validation,12,0.4608124823815692,0.0454612721946131,0.4214156845497228,0.435900596520691,0.8798348309934554,0.02491188586087817,0.4153512101869561,0.03939679783184641,0.02491188586087817
google_robot_pick_coke_can__seed005__step008,pick_coke_can,5,validation,13,0.5049210059431722,0.2813853201492526,0.43859316457020064,0.435900596520691,0.8620416149608374,0.06902040942248122,0.22353568579391964,0.0663278413729716,0.0663278413729716
google_robot_pick_coke_can__seed005__step008,pick_coke_can,5,validation,14,0.5425113321430995,0.127367458461122,0.2642462170607018,0.435900596520691,1.0897390694108746,0.10661073562240853,0.4151438736819776,0.27826511508239776,0.10661073562240853
google_robot_pick_coke_can__seed005__step008,pick_coke_can,5,validation,15,0.5295693953309649,0.04363150818955729,0.23751537507434414,0.435900596520691,0.7139399406016927,0.0936687988102739,0.4859378871414076,0.29205402025662075,0.0936687988102739
google_robot_pick_coke_can__seed005__step008,pick_coke_can,5,validation,16,0.3344237833977688,0.28108276882576516,0.47129053662169734,0.435900596520691,0.8799164064449749,-0.10147681312292223,0.05334101457200363,-0.13686675322392855,-0.13686675322392855
google_robot_pick_coke_can__seed005__step008,pick_coke_can,5,validation,17,0.46073774613337787,0.27153205596882585,0.23059779587701387,0.435900596520691,0.7201405331192572,0.02483714961268685,0.18920569016455202,0.230139950256364,0.02483714961268685
google_robot_pick_coke_can__seed005__step008,pick_coke_can,5,validation,18,0.48873741655899366,0.07788020294614688,0.3195401957290711,0.435900596520691,0.738987554758724,0.052836820038302645,0.41085721361284677,0.16919722082992256,0.052836820038302645
google_robot_pick_coke_can__seed005__step008,pick_coke_can,5,validation,19,0.28178009749222227,-0.1337235832953886,0.4553472964117818,0.435900596520691,0.635595831576737,-0.15412049902846875,0.4155036807876109,-0.17356719891955952,-0.17356719891955952
google_robot_pick_coke_can__seed005__step008,pick_coke_can,5,validation,20,0.14378422748494143,0.2181604095918264,0.09449790040816448,0.435900596520691,0.6254764681199168,-0.29211636903574956,-0.07437618210688496,0.04928632707677695,-0.29211636903574956
google_robot_pick_coke_can__seed005__step008,pick_coke_can,5,validation,21,0.24426791223665453,-0.10057464004549632,0.088770715804339,0.435900596520691,0.5794615323279103,-0.1916326842840365,0.3448425522821509,0.15549719643231552,-0.1916326842840365
google_robot_pick_coke_can__seed005__step008,pick_coke_can,5,validation,22,0.3041956259193887,0.07131142715747037,0.31171635548903204,0.435900596520691,0.6355235651638473,-0.13170497060130232,0.23288419876191835,-0.007520729569643336,-0.13170497060130232
google_robot_pick_coke_can__seed005__step008,pick_coke_can,5,validation,23,0.5050455682786911,-0.025980715449444997,0.47037673246916817,0.435900596520691,0.8511189472370525,0.06914497175800005,0.5310262837281361,0.0346688358095229,0.0346688358095229
google_robot_pick_coke_can__seed005__step008,pick_coke_can,5,validation,24,0.4331309984495441,0.054131360146139486,0.46562978306561514,0.435900596520691,0.7127586864685898,-0.002769598071146906,0.3789996383034046,-0.03249878461607103,-0.03249878461607103
google_robot_pick_coke_can__seed005__step008,pick_coke_can,5,validation,25,0.43832060210063556,0.018233166687205305,0.4076748733216505,0.435900596520691,0.6740573279836942,0.0024200055799445397,0.42008743541343024,0.030645728778985082,0.0024200055799445397
google_robot_pick_coke_can__seed005__step008,pick_coke_can,5,validation,26,0.33333360147790425,0.22946001162236643,0.36402089259993026,0.435900596520691,0.5162608158988604,-0.10256699504278677,0.10387358985553782,-0.030687291122026006,-0.10256699504278677
google_robot_pick_coke_can__seed005__step008,pick_coke_can,5,validation,27,0.23553394681923878,0.32619486932626124,0.23553394681923878,0.435900596520691,0.5867717002005127,-0.20036664970145224,-0.09066092250702246,0.0,-0.20036664970145224
google_robot_pick_coke_can__seed005__step008,pick_coke_can,5,validation,28,0.3189917577660506,0.3241663826274832,0.49402414772585845,0.435900596520691,0.5819373343664898,-0.11690883875464042,-0.0051746248614326085,-0.17503238995980785,-0.17503238995980785
google_robot_pick_coke_can__seed005__step008,pick_coke_can,5,validation,29,0.2688621825399049,0.10944990192412747,0.1409617979411912,0.435900596520691,0.571664799455613,-0.16703841398078612,0.15941228061577745,0.1279003845987137,-0.16703841398078612
google_robot_pick_coke_can__seed005__step008,pick_coke_can,5,validation,30,0.25458601470867853,0.018617605635628174,0.32614033370747025,0.435900596520691,0.5616502077352499,-0.1813145818120125,0.23596840907305036,-0.07155431899879172,-0.1813145818120125
google_robot_pick_coke_can__seed005__step008,pick_coke_can,5,validation,31,0.38633882741091147,0.06906479724125358,0.38633882741091147,0.435900596520691,0.5714040628880769,-0.04956176910977955,0.3172740301696579,0.0,-0.04956176910977955
google_robot_pick_coke_can__seed005__step040,pick_coke_can,5,validation,0,0.38703605125097806,0.16215253077695152,0.38703605125097806,-0.19612406328371068,0.7032326902065499,0.5831601145346887,0.22488352047402654,0.0,0.0
google_robot_pick_coke_can__seed005__step040,pick_coke_can,5,validation,1,0.42964285276316444,0.05640937805376595,0.42964285276316444,-0.19612406328371068,0.5696252888397969,0.6257669160468751,0.3732334747093985,0.0,0.0
google_robot_pick_coke_can__seed005__step040,pick_coke_can,5,validation,2,0.11363755607436621,-0.23658222867483225,0.11363755607436621,-0.19612406328371068,0.3506315722134023,0.3097616193580769,0.35021978474919846,0.0,0.0
google_robot_pick_coke_can__seed005__step040,pick_coke_can,5,validation,3,0.22788128123131376,-0.43684482335862446,0.2300859611400379,-0.19612406328371068,0.4868584604509285,0.4240053445150245,0.6647261045899382,-0.0022046799087241387,-0.0022046799087241387
google_robot_pick_coke_can__seed005__step040,pick_coke_can,5,validation,4,-0.2465950242711135,-0.34707451975841336,0.031138943712982075,-0.19612406328371068,0.5899944758692623,-0.05047096098740281,0.10047949548729987,-0.27773396798409555,-0.27773396798409555
google_robot_pick_coke_can__seed005__step040,pick_coke_can,5,validation,5,-0.1502432478055119,-0.03545354356446706,0.13664933374600696,-0.19612406328371068,0.47054779568798216,0.04588081547819878,-0.11478970424104484,-0.28689258155151887,-0.28689258155151887
google_robot_pick_coke_can__seed005__step040,pick_coke_can,5,validation,6,0.39731339540387145,-0.2651380623101755,0.1646473041176382,-0.19612406328371068,1.0504759555211258,0.5934374586875821,0.662451457714047,0.23266609128623325,0.23266609128623325
google_robot_pick_coke_can__seed005__step040,pick_coke_can,5,validation,7,-0.23459267215383553,-0.22268372870002243,-0.2934504740292442,-0.19612406328371068,0.655709591709225,-0.03846860887012485,-0.011908943453813103,0.05885780187540865,-0.03846860887012485
google_robot_pick_coke_can__seed005__step040,pick_coke_can,5,validation,8,0.5202110140041801,-0.005655513550558609,0.4675524382263451,-0.19612406328371068,1.0010031726085062,0.7163350772878908,0.5258665275547387,0.052658575777835004,0.052658575777835004
google_robot_pick_coke_can__seed005__step040,pick_coke_can,5,validation,9,0.4453365775102695,0.21076349054058383,0.4811680681099437,-0.19612406328371068,1.0424473744678675,0.6414606407939802,0.23457308696968568,-0.03583149059967422,-0.03583149059967422
google_robot_pick_coke_can__seed005__step040,pick_coke_can,5,validation,10,0.36367093804133516,-0.19996450549371567,0.36367093804133516,-0.19612406328371068,1.1965606746231823,0.5597950013250459,0.5636354435350508,0.0,0.0
google_robot_pick_coke_can__seed005__step040,pick_coke_can,5,validation,11,0.2897863238125435,-0.07390975987400726,0.3366918700357009,-0.19612406328371068,0.8247805977498571,0.48591038709625417,0.36369608368655076,-0.0469055462231574,-0.0469055462231574
google_robot_pick_coke_can__seed005__step040,pick_coke_can,5,validation,12,0.3770161354206369,-0.3530607248312038,0.33143822996597355,-0.19612406328371068,1.1013813823649243,0.5731401987043476,0.7300768602518407,0.04557790545466334,0.04557790545466334
google_robot_pick_coke_can__seed005__step040,pick_coke_can,5,validation,13,0.138411897436461,-0.2713639166867579,0.07897155685918608,-0.19612406328371068,0.7770643639136912,0.33453596072017167,0.40977581412321895,0.05944034057727493,0.05944034057727493
google_robot_pick_coke_can__seed005__step040,pick_coke_can,5,validation,14,0.39606040078868826,-0.11017968543712703,0.39606040078868826,-0.19612406328371068,1.076439020811839,0.592184464072399,0.5062400862258153,0.0,0.0
google_robot_pick_coke_can__seed005__step040,pick_coke_can,5,validation,15,0.32019364098285263,-0.11153307565420807,0.2974428900348625,-0.19612406328371068,1.0586977730379925,0.5163177042665633,0.4317267166370607,0.022750750947990117,0.022750750947990117
google_robot_pick_coke_can__seed005__step040,pick_coke_can,5,validation,16,0.4438185590398909,-0.03376848203611584,0.2929905119094765,-0.19612406328371068,1.1548644679426243,0.6399426223236016,0.47758704107600675,0.15082804713041442,0.15082804713041442
google_robot_pick_coke_can__seed005__step040,pick_coke_can,5,validation,17,0.1913780062105708,-0.25200638440258877,0.32698463934462063,-0.19612406328371068,1.102891193298728,0.38750206949428145,0.4433843906131596,-0.13560663313404983,-0.13560663313404983
google_robot_pick_coke_can__seed005__step040,pick_coke_can,5,validation,18,0.3938399212424372,-0.29647011897195036,0.2685763320728595,-0.19612406328371068,0.934483302939296,0.589963984526148,0.6903100402143876,0.1252635891695777,0.1252635891695777
google_robot_pick_coke_can__seed005__step040,pick_coke_can,5,validation,19,0.05810917637199461,-0.26276925595194595,0.05810917637199461,-0.19612406328371068,0.7377086615560646,0.25423323965570527,0.32087843232394053,0.0,0.0
google_robot_pick_coke_can__seed005__step040,pick_coke_can,5,validation,20,-0.016027941604478225,-0.40464862795401385,0.040929778890567384,-0.19612406328371068,0.8138431539001625,0.18009612167923245,0.3886206863495356,-0.056957720495045605,-0.056957720495045605
google_robot_pick_coke_can__seed005__step040,pick_coke_can,5,validation,21,0.22208078539119638,-0.13754989246916385,0.08075612556717779,-0.19612406328371068,0.6392779037064396,0.41820484867490704,0.35963067786036024,0.1413246598240186,0.1413246598240186
google_robot_pick_coke_can__seed005__step040,pick_coke_can,5,validation,22,0.18992799940103175,-0.22229229521766838,0.18992799940103175,-0.19612406328371068,1.0451316052135329,0.38605206268474246,0.41222029461870013,0.0,0.0
google_robot_pick_coke_can__seed005__step040,pick_coke_can,5,validation,23,-0.10533533073197258,-0.08864887076551341,-0.10533533073197258,-0.19612406328371068,0.6433501571498459,0.0907887325517381,-0.016686459966459177,0.0,-0.016686459966459177
google_robot_pick_coke_can__seed005__step040,pick_coke_can,5,validation,24,-0.056938673367858544,-0.05266541638241268,-0.056938673367858544,-0.19612406328371068,0.833503337040957,0.13918538991585214,-0.004273256985445867,0.0,-0.004273256985445867
google_robot_pick_coke_can__seed005__step040,pick_coke_can,5,validation,25,0.42296253536817646,-0.025843995597563896,-0.10943428883672428,-0.19612406328371068,0.9396345598322016,0.6190865986518872,0.44880653096574036,0.5323968242049008,0.44880653096574036
google_robot_pick_coke_can__seed005__step040,pick_coke_can,5,validation,26,0.330548117929694,-0.14171077798108286,0.330548117929694,-0.19612406328371068,0.6337253217148978,0.5266721812134048,0.47225889591077685,0.0,0.0
google_robot_pick_coke_can__seed005__step040,pick_coke_can,5,validation,27,-0.016564266188673498,0.06339632026263282,-0.016564266188673498,-0.19612406328371068,0.6024376569538127,0.1795597970950372,-0.07996058645130633,0.0,-0.07996058645130633
google_robot_pick_coke_can__seed005__step040,pick_coke_can,5,validation,28,-0.048276982231099407,0.21095483570052673,0.09027191039368176,-0.19612406328371068,0.7070692364543062,0.14784708105261127,-0.25923181793162614,-0.13854889262478118,-0.25923181793162614
google_robot_pick_coke_can__seed005__step040,pick_coke_can,5,validation,29,0.03603753227062863,-0.2466768559617555,0.03603753227062863,-0.19612406328371068,0.6364205954087285,0.2321615955543393,0.28271438823238415,0.0,0.0
google_robot_pick_coke_can__seed005__step040,pick_coke_can,5,validation,30,0.23525941347377657,-0.24890678727880666,0.23525941347377657,-0.19612406328371068,0.583049697246574,0.4313834767574872,0.4841662007525832,0.0,0.0
google_robot_pick_coke_can__seed005__step040,pick_coke_can,5,validation,31,0.08909011955624557,-0.09755026440374552,-0.15341461600313136,-0.19612406328371068,0.4538993906304068,0.28521418283995625,0.1866403839599911,0.24250473555937693,0.1866403839599911
google_robot_pick_coke_can__seed005__step071,pick_coke_can,5,validation,0,0.5202814319222087,0.14340532380437135,0.5202814319222087,-0.594627351932857,1.6758669735589575,1.1149087838550655,0.37687610811783734,0.0,0.0
google_robot_pick_coke_can__seed005__step071,pick_coke_can,5,validation,1,0.493534240714195,0.3666369250536226,0.493534240714195,-0.594627351932857,1.6113039952198827,1.088161592647052,0.12689731566057239,0.0,0.0
google_robot_pick_coke_can__seed005__step071,pick_coke_can,5,validation,2,0.18357415879785666,0.08903472279155274,0.18357415879785666,-0.594627351932857,0.5629707926986997,0.7782015107307136,0.09453943600630392,0.0,0.0
google_robot_pick_coke_can__seed005__step071,pick_coke_can,5,validation,3,0.3320388521347099,0.05759424882432305,0.41975570727126277,-0.594627351932857,1.351326418255599,0.9266662040675668,0.27444460331038684,-0.08771685513655286,-0.08771685513655286
google_robot_pick_coke_can__seed005__step071,pick_coke_can,5,validation,4,0.511773615305479,0.013523455171731091,0.5100792348239632,-0.594627351932857,1.6780141929314345,1.106400967238336,0.49825016013374795,0.0016943804815158225,0.0016943804815158225
google_robot_pick_coke_can__seed005__step071,pick_coke_can,5,validation,5,0.4527931476050507,0.0018632245262988369,0.5356142755609354,-0.594627351932857,1.2171922973531373,1.0474204995379077,0.45092992307875185,-0.08282112795588475,-0.08282112795588475
google_robot_pick_coke_can__seed005__step071,pick_coke_can,5,validation,6,0.36463388937614843,0.11296822960696584,0.36463388937614843,-0.594627351932857,1.566197830765583,0.9592612413090054,0.2516656597691826,0.0,0.0
google_robot_pick_coke_can__seed005__step071,pick_coke_can,5,validation,7,0.5487904356285732,0.4826634104148111,0.5487904356285732,-0.594627351932857,1.7719949951469676,1.1434177875614302,0.06612702521376213,0.0,0.0
google_robot_pick_coke_can__seed005__step071,pick_coke_can,5,validation,8,0.5470451643507664,0.2981918599378986,0.5470451643507664,-0.594627351932857,1.9726367101429618,1.1416725162836234,0.24885330441286785,0.0,0.0
google_robot_pick_coke_can__seed005__step071,pick_coke_can,5,validation,9,0.6412705712719616,0.08539567282076858,0.4884156496390721,-0.594627351932857,1.8610242155925698,1.2358979232048186,0.5558748984511931,0.15285492163288955,0.15285492163288955
google_robot_pick_coke_can__seed005__step071,pick_coke_can,5,validation,10,0.6865344974998348,0.46635539140700843,0.45277673557830594,-0.594627351932857,1.741873358331274,1.2811618494326917,0.22017910609282632,0.2337577619215288,0.22017910609282632
google_robot_pick_coke_can__seed005__step071,pick_coke_can,5,validation,11,0.6327256598725407,-0.01124140059700985,0.5741802112606037,-0.594627351932857,1.7709041648393613,1.2273530118053977,0.6439670604695505,0.058545448611937,0.058545448611937
google_robot_pick_coke_can__seed005__step071,pick_coke_can,5,validation,12,0.5574056201055694,0.2452322870272885,0.5574056201055694,-0.594627351932857,1.8005585053062945,1.1520329720384264,0.3121733330782809,0.0,0.0
google_robot_pick_coke_can__seed005__step071,pick_coke_can,5,validation,13,0.5040392872104701,-0.16813990081680738,0.5040392872104701,-0.594627351932857,1.7873927700198695,1.098666639143327,0.6721791880272775,0.0,0.0
google_robot_pick_coke_can__seed005__step071,pick_coke_can,5,validation,14,0.3947755950746615,0.06951232452495405,0.3947755950746615,-0.594627351932857,1.3292681233455164,0.9894029470075185,0.32526327054970744,0.0,0.0
google_robot_pick_coke_can__seed005__step071,pick_coke_can,5,validation,15,0.45277673557830594,0.41347692913532214,0.45277673557830594,-0.594627351932857,1.3772321665483556,1.047404087511163,0.03929980644298381,0.0,0.0
google_robot_pick_coke_can__seed005__step071,pick_coke_can,5,validation,16,0.43356389839774323,0.22355153965810928,0.41436997657570035,-0.594627351932857,1.4470325609370718,1.0281912503306003,0.21001235873963395,0.01919392182204288,0.01919392182204288
google_robot_pick_coke_can__seed005__step071,pick_coke_can,5,validation,17,0.24197246562948913,0.034907046303193294,0.3947755950746615,-0.594627351932857,1.3551457854213695,0.8365998175623461,0.20706541932629582,-0.15280312944517235,-0.15280312944517235
google_robot_pick_coke_can__seed005__step071,pick_coke_can,5,validation,18,0.27615258831552886,0.058896797273985356,0.27615258831552886,-0.594627351932857,1.5150745523251061,0.8707799402483858,0.2172557910415435,0.0,0.0
google_robot_pick_coke_can__seed005__step071,pick_coke_can,5,validation,19,0.4582574495013427,0.5142034907734362,0.4264426809135127,-0.594627351932857,1.501666731155294,1.0528848014341996,-0.055946041272093516,0.03181476858783,-0.055946041272093516
google_robot_pick_coke_can__seed005__step071,pick_coke_can,5,validation,20,0.3095939684636187,0.2793798286224335,0.36082963458889794,-0.594627351932857,1.5457550748069677,0.9042213203964757,0.030214139841185206,-0.051235666125279244,-0.051235666125279244
google_robot_pick_coke_can__seed005__step071,pick_coke_can,5,validation,21,0.3095939684636187,0.2060022091164846,0.3095939684636187,-0.594627351932857,1.5457550748069677,0.9042213203964757,0.1035917593471341,0.0,0.0
google_robot_pick_coke_can__seed005__step071,pick_coke_can,5,validation,22,0.30281357338808484,0.37142978902553225,0.30281357338808484,-0.594627351932857,1.3728641006709061,0.8974409253209419,-0.06861621563744741,0.0,-0.06861621563744741
google_robot_pick_coke_can__seed005__step071,pick_coke_can,5,validation,23,0.43531305426499795,0.15224137152088782,0.43531305426499795,-0.594627351932857,1.470681225251733,1.029940406197855,0.2830716827441101,0.0,0.0
google_robot_pick_coke_can__seed005__step071,pick_coke_can,5,validation,24,0.3638749555924788,0.4650079497638253,0.2707014306273215,-0.594627351932857,1.593351004502666,0.9585023075253358,-0.10113299417134652,0.0931735249651573,-0.10113299417134652
google_robot_pick_coke_can__seed005__step071,pick_coke_can,5,validation,25,0.45665405141998844,0.03173225097821206,0.45665405141998844,-0.594627351932857,1.4879268855747618,1.0512814033528455,0.4249218004417764,0.0,0.0
google_robot_pick_coke_can__seed005__step071,pick_coke_can,5,validation,26,0.4564588878495283,0.325759924901139,0.4564588878495283,-0.594627351932857,1.4481247950809089,1.0510862397823852,0.13069896294838934,0.0,0.0
google_robot_pick_coke_can__seed005__step071,pick_coke_can,5,validation,27,0.45484600088169214,-0.30485974685133793,0.4436231461857183,-0.594627351932857,1.5307113615709211,1.049473352814549,0.75970574773303,0.011222854695973838,0.011222854695973838
google_robot_pick_coke_can__seed005__step071,pick_coke_can,5,validation,28,0.4549137740706161,0.3794133306049366,0.45421809430955923,-0.594627351932857,1.3421387278224757,1.049541126003473,0.07550044346567952,0.0006956797610568888,0.0006956797610568888
google_robot_pick_coke_can__seed005__step071,pick_coke_can,5,validation,29,0.4436231461857183,0.14357484748801294,0.4436231461857183,-0.594627351932857,1.424419624176389,1.0382504981185754,0.30004829869770533,0.0,0.0
google_robot_pick_coke_can__seed005__step071,pick_coke_can,5,validation,30,0.45179810076742916,0.21242119033320375,0.45179810076742916,-0.594627351932857,1.5218716466481652,1.046425452700286,0.2393769104342254,0.0,0.0
google_robot_pick_coke_can__seed005__step071,pick_coke_can,5,validation,31,0.3678387413229099,-0.17337873528901868,0.38980315737975607,-0.594627351932857,1.3699510231056822,0.9624660932557669,0.5412174766119285,-0.02196441605684618,-0.02196441605684618
google_robot_pick_coke_can__seed030__step008,pick_coke_can,30,exploration,0,0.26462269423187434,0.09464766566663096,0.2665103456368018,-0.009153200065724496,0.9916802840134239,0.27377589429759885,0.16997502856524338,-0.0018876514049274706,-0.0018876514049274706
google_robot_pick_coke_can__seed030__step008,pick_coke_can,30,exploration,1,0.19447496384263419,0.1892565225422007,0.16770568577764822,-0.009153200065724496,0.6733296681518638,0.2036281639083587,0.005218441300433474,0.02676927806498597,0.005218441300433474
google_robot_pick_coke_can__seed030__step008,pick_coke_can,30,exploration,2,0.07002197029530058,-0.02858811137927873,0.11357156099668037,-0.009153200065724496,0.49509868940937146,0.07917517036102507,0.09861008167457931,-0.04354959070137979,-0.04354959070137979
google_robot_pick_coke_can__seed030__step008,pick_coke_can,30,exploration,3,0.07867806133903953,-0.07556473292051245,0.011663304120728232,-0.009153200065724496,0.6403236555880698,0.08783126140476402,0.15424279425955198,0.0670147572183113,0.0670147572183113
google_robot_pick_coke_can__seed030__step008,pick_coke_can,30,exploration,4,0.07823047843337927,0.0021912766826534583,0.18195376038201325,-0.009153200065724496,0.5916738778338013,0.08738367849910376,0.07603920175072582,-0.10372328194863398,-0.10372328194863398
google_robot_pick_coke_can__seed030__step008,pick_coke_can,30,exploration,5,0.2104355695151626,0.17771490006267313,0.05532311118904526,-0.009153200065724496,0.6454084870075372,0.21958876958088708,0.03272066945248947,0.15511245832611734,0.03272066945248947
google_robot_pick_coke_can__seed030__step008,pick_coke_can,30,exploration,6,0.3170837152974311,-0.005817860564481317,0.3058619114112,-0.009153200065724496,1.010339834870302,0.32623691536315563,0.3229015758619124,0.011221803886231119,0.011221803886231119
google_robot_pick_coke_can__seed030__step008,pick_coke_can,30,exploration,7,0.18153146352921337,-0.015093023325639726,0.12418833741989843,-0.009153200065724496,0.7440562735271741,0.19068466359493785,0.1966244868548531,0.05734312610931494,0.05734312610931494
google_robot_pick_coke_can__seed030__step008,pick_coke_can,30,exploration,8,0.34571113091351885,0.08480783926799063,0.32661725085989163,-0.009153200065724496,1.018987312418642,0.35486433097924336,0.2609032916455282,0.01909388005362722,0.01909388005362722
google_robot_pick_coke_can__seed030__step008,pick_coke_can,30,exploration,9,0.3734027757989651,-0.03536444641934444,0.3149354090641722,-0.009153200065724496,0.7524024750818787,0.3825559758646896,0.4087672222183095,0.05846736673479286,0.05846736673479286
google_robot_pick_coke_can__seed030__step008,pick_coke_can,30,exploration,10,0.3572383843761551,-0.08213994579638577,0.16237457499837488,-0.009153200065724496,0.8305567448593391,0.36639158444187964,0.4393783301725409,0.19486380937778025,0.19486380937778025
google_robot_pick_coke_can__seed030__step008,pick_coke_can,30,exploration,11,0.33912929822380256,-0.06673531367722635,0.16635122879967998,-0.009153200065724496,0.8103977505498695,0.34828249828952706,0.4058646119010289,0.17277806942412258,0.17277806942412258
google_robot_pick_coke_can__seed030__step008,pick_coke_can,30,exploration,12,0.18287134690373585,-0.06449539775541509,0.1860476205439597,-0.009153200065724496,0.6028166896362444,0.19202454696946036,0.24736674465915093,-0.0031762736402238534,-0.0031762736402238534
google_robot_pick_coke_can__seed030__step008,pick_coke_can,30,exploration,13,0.1832446529359899,-0.0751734923851767,0.1385048892425542,-0.009153200065724496,0.7060446958392571,0.19239785300171441,0.2584181453211666,0.04473976369343571,0.04473976369343571
google_robot_pick_coke_can__seed030__step008,pick_coke_can,30,exploration,14,0.5326876671325897,0.02088170258448101,-0.020855080408554647,-0.009153200065724496,0.7149701396028781,0.5418408671983143,0.5118059645481088,0.5535427475411444,0.5118059645481088
google_robot_pick_coke_can__seed030__step008,pick_coke_can,30,exploration,15,0.13972396912209184,-0.06193161719707684,0.17116197068611827,-0.009153200065724496,0.7793146360740131,0.14887716918781635,0.2016555863191687,-0.03143800156402643,-0.03143800156402643
google_robot_pick_coke_can__seed030__step008,pick_coke_can,30,exploration,16,0.34449605366328045,-0.018706783565289223,0.24793577336625594,-0.009153200065724496,0.8016570608924604,0.35364925372900496,0.36320283722856966,0.09656028029702451,0.09656028029702451
google_robot_pick_coke_can__seed030__step008,pick_coke_can,30,exploration,17,0.3596969382061266,-0.006146127950491541,0.11667559498159145,-0.009153200065724496,0.7424602674285887,0.3688501382718511,0.3658430661566181,0.2430213432245351,0.2430213432245351
google_robot_pick_coke_can__seed030__step008,pick_coke_can,30,exploration,18,0.14767842204683776,-0.014526142224371756,0.2068011036008628,-0.009153200065724496,0.783595433895641,0.15683162211256224,0.16220456427120952,-0.05912268155402503,-0.05912268155402503
google_robot_pick_coke_can__seed030__step008,pick_coke_can,30,exploration,19,0.20097464510022345,-0.0883420782218197,0.16670096911032725,-0.009153200065724496,0.6374073167493065,0.21012784516594796,0.28931672332204317,0.034273675989896196,0.034273675989896196
google_robot_pick_coke_can__seed030__step008,pick_coke_can,30,exploration,20,0.27369628861289014,-0.016864923379060464,0.1213786302412488,-0.009153200065724496,0.5570681733074715,0.28284948867861465,0.2905612119919506,0.15231765837164135,0.15231765837164135
google_robot_pick_coke_can__seed030__step008,pick_coke_can,30,exploration,21,0.3018213722067579,0.019192414276186964,0.16536142534992812,-0.009153200065724496,0.5501593648430737,0.31097457227248243,0.28262895793057097,0.1364599468568298,0.1364599468568298
google_robot_pick_coke_can__seed030__step008,pick_coke_can,30,exploration,22,0.21302527142937902,0.008172989653793433,0.23949092009891862,-0.009153200065724496,0.6292984015626505,0.2221784714951035,0.2048522817755856,-0.0264656486695396,-0.0264656486695396
google_robot_pick_coke_can__seed030__step008,pick_coke_can,30,exploration,23,0.10175622524875376,-0.04930812192083781,0.11396125497379551,-0.009153200065724496,0.5871423463932139,0.11090942531447825,0.15106434716959158,-0.012205029725041755,-0.012205029725041755
google_robot_pick_coke_can__seed030__step008,pick_coke_can,30,exploration,24,0.1074307778124206,-0.1128912867894757,0.17665035423377903,-0.009153200065724496,0.577438812952652,0.11658397787814509,0.2203220646018963,-0.06921957642135844,-0.06921957642135844
google_robot_pick_coke_can__seed030__step008,pick_coke_can,30,exploration,25,0.18863998811824478,0.08192834821179956,0.1839000768266923,-0.009153200065724496,0.5887439832943557,0.1977931881839693,0.10671163990644522,0.00473991129155249,0.00473991129155249
google_robot_pick_coke_can__seed030__step008,pick_coke_can,30,exploration,26,0.2089754291968462,0.0075189579222276065,0.23492732365229396,-0.009153200065724496,0.612985101153251,0.2181286292625707,0.20145647127461858,-0.025951894455447766,-0.025951894455447766
google_robot_pick_coke_can__seed030__step008,pick_coke_can,30,exploration,27,0.24108459996005313,0.07538296866158024,0.18914189024902175,-0.009153200065724496,0.6319815920713007,0.2502378000257776,0.16570163129847287,0.051942709711031376,0.051942709711031376
google_robot_pick_coke_can__seed030__step008,pick_coke_can,30,exploration,28,0.1999528632015233,0.2438954167370785,0.22460762417349409,-0.009153200065724496,0.6117019086237441,0.2091060632672478,-0.04394255353555521,-0.02465476097197078,-0.04394255353555521
google_robot_pick_coke_can__seed030__step008,pick_coke_can,30,exploration,29,0.15535546379011667,0.10666544194865292,0.17487250743017002,-0.009153200065724496,0.5560544240122817,0.16450866385584118,0.048690021841463746,-0.019517043640053355,-0.019517043640053355
google_robot_pick_coke_can__seed030__step008,pick_coke_can,30,exploration,30,0.2180535171164921,0.13102395030990613,0.20271871748043582,-0.009153200065724496,0.6047347287282444,0.22720671718221658,0.08702956680658597,0.015334799636056273,0.015334799636056273
google_robot_pick_coke_can__seed030__step008,pick_coke_can,30,exploration,31,0.12366673616032815,0.12867753935932522,0.09301536701036883,-0.009153200065724496,0.5416478297816137,0.13281993622605265,-0.005010803198997063,0.03065136914995932,-0.005010803198997063
google_robot_pick_coke_can__seed030__step040,pick_coke_can,30,exploration,0,0.2578065606128887,0.008985472584309703,0.2377871372124977,0.20591354652255534,1.7329711159848977,0.05189301409033337,0.248821088028579,0.020019423400391007,0.020019423400391007
google_robot_pick_coke_can__seed030__step040,pick_coke_can,30,exploration,1,0.30739094478722634,0.051151334296434404,0.30739094478722634,0.20591354652255534,1.80332899207201,0.101477398264671,0.2562396104907919,0.0,0.0
google_robot_pick_coke_can__seed030__step040,pick_coke_can,30,exploration,2,0.2886007258730973,-0.10183611935119423,0.22033826954365532,0.20591354652255534,1.5189701866195888,0.08268717935054198,0.39043684522429156,0.068262456329442,0.068262456329442
google_robot_pick_coke_can__seed030__step040,pick_coke_can,30,exploration,3,0.221220554579129,-0.10060024737571494,0.2109211699936554,0.20591354652255534,1.7102043855146094,0.015307008056573673,0.32182080195484397,0.010299384585473609,0.010299384585473609
google_robot_pick_coke_can__seed030__step040,pick_coke_can,30,exploration,4,0.16550798262833608,-0.028625117973815024,0.18690629363872693,0.20591354652255534,1.5040827214786596,-0.04040556389421926,0.1941331006021511,-0.021398311010390858,-0.04040556389421926
google_robot_pick_coke_can__seed030__step040,pick_coke_can,30,exploration,5,0.3119408238284047,0.030216225278982836,0.32131400222688405,0.20591354652255534,1.598863249338661,0.10602727730584938,0.2817245985494219,-0.009373178398479343,-0.009373178398479343
google_robot_pick_coke_can__seed030__step040,pick_coke_can,30,exploration,6,0.1845559864600499,0.03179877980682704,0.28975025787724834,0.20591354652255534,1.5479940071834726,-0.021357560062505443,0.15275720665322284,-0.10519427141719845,-0.10519427141719845
google_robot_pick_coke_can__seed030__step040,pick_coke_can,30,exploration,7,0.20257917891675362,0.04989215617300094,0.1644461990589799,0.20591354652255534,1.4752904525669872,-0.003334367605801719,0.15268702274375268,0.038132979857773724,-0.003334367605801719
google_robot_pick_coke_can__seed030__step040,pick_coke_can,30,exploration,8,0.25188994725183295,-0.05306243543726097,0.24125048531271057,0.20591354652255534,2.0340444813939516,0.04597640072927761,0.3049523826890939,0.01063946193912238,0.01063946193912238
google_robot_pick_coke_can__seed030__step040,pick_coke_can,30,exploration,9,0.2334899264707839,-0.10539161370958676,0.13837114291433372,0.20591354652255534,1.6251983050254164,0.027576379948228563,0.33888154018037064,0.09511878355645018,0.027576379948228563
google_robot_pick_coke_can__seed030__step040,pick_coke_can,30,exploration,10,0.21984954283266953,-0.07909878195977858,0.24914937192435951,0.20591354652255534,1.8635761775680417,0.01393599631011419,0.2989483247924481,-0.02929982909168999,-0.02929982909168999
google_robot_pick_coke_can__seed030__step040,pick_coke_can,30,exploration,11,0.33464416778908707,-0.07883115048854884,0.3221823637179559,0.20591354652255534,2.1344741612307505,0.12873062126653173,0.4134753182776359,0.012461804071131177,0.012461804071131177
google_robot_pick_coke_can__seed030__step040,pick_coke_can,30,exploration,12,0.3090558920396809,-0.11781559077810348,0.24711910272451118,0.20591354652255534,2.404401256720195,0.10314234551712559,0.4268714828177844,0.061936789315169744,0.061936789315169744
google_robot_pick_coke_can__seed030__step040,pick_coke_can,30,exploration,13,0.34548698329752164,-0.16195200519377542,0.34548698329752164,0.20591354652255534,2.3427862122634644,0.1395734367749663,0.5074389884912971,0.0,0.0
google_robot_pick_coke_can__seed030__step040,pick_coke_can,30,exploration,14,0.34349678501188174,-0.14932970968957096,0.3440439064442862,0.20591354652255534,2.1568074073479258,0.1375832384893264,0.4928264947014527,-0.0005471214324044293,-0.0005471214324044293
google_robot_pick_coke_can__seed030__step040,pick_coke_can,30,exploration,15,0.40181589613646373,-0.13506056605642527,0.33342306600289445,0.20591354652255534,2.64690533696196,0.1959023496139084,0.536876462192889,0.06839283013356928,0.06839283013356928
google_robot_pick_coke_can__seed030__step040,pick_coke_can,30,exploration,16,0.33975447897099303,-0.13083450870582128,0.3176111544956342,0.20591354652255534,2.538981791280996,0.1338409324484377,0.47058898767681434,0.022143324475358828,0.022143324475358828
google_robot_pick_coke_can__seed030__step040,pick_coke_can,30,exploration,17,0.37360513288808117,-0.1056921835102639,0.35141027992932555,0.20591354652255534,2.65057941354727,0.16769158636552584,0.47929731639834505,0.022194852958755618,0.022194852958755618
google_robot_pick_coke_can__seed030__step040,pick_coke_can,30,exploration,18,0.37518308969156283,-0.09013507260447297,0.3688059237686307,0.20591354652255534,2.577793525415953,0.1692695431690075,0.4653181622960358,0.006377165922932138,0.006377165922932138
google_robot_pick_coke_can__seed030__step040,pick_coke_can,30,exploration,19,0.33360350414596857,-0.13429184897290367,0.3176315094698572,0.20591354652255534,2.1474662319157676,0.12768995762341323,0.4678953531188722,0.01597199467611138,0.01597199467611138
google_robot_pick_coke_can__seed030__step040,pick_coke_can,30,exploration,20,0.283132114731208,-0.0642726907224868,0.31837839497431114,0.20591354652255534,2.031502617383776,0.07721856820865264,0.3474048054536948,-0.03524628024310317,-0.03524628024310317
google_robot_pick_coke_can__seed030__step040,pick_coke_can,30,exploration,21,0.31943634821041544,-0.14259988556619105,0.3684060251125973,0.20591354652255534,2.5053987529987243,0.11352280168786011,0.4620362337766065,-0.04896967690218185,-0.04896967690218185
google_robot_pick_coke_can__seed030__step040,pick_coke_can,30,exploration,22,0.24867100089586155,-0.1388679990488167,0.2688424890063968,0.20591354652255534,1.7976540603589322,0.04275745437330622,0.3875389999446782,-0.020171488110535235,-0.020171488110535235
google_robot_pick_coke_can__seed030__step040,pick_coke_can,30,exploration,23,0.28117647884493546,-0.1483717687938863,0.28117647884493546,0.20591354652255534,1.9535431839575668,0.07526293232238013,0.42954824763882177,0.0,0.0
google_robot_pick_coke_can__seed030__step040,pick_coke_can,30,exploration,24,0.3321167523459167,-0.04209552322117457,0.2466744831883716,0.20591354652255534,2.500695161814136,0.12620320582336136,0.37421227556709125,0.0854422691575451,0.0854422691575451
google_robot_pick_coke_can__seed030__step040,pick_coke_can,30,exploration,25,0.2666829989715434,0.17900485535370866,0.2596344726670174,0.20591354652255534,1.9359964485393764,0.06076945244898807,0.08767814361783474,0.007048526304526015,0.007048526304526015
google_robot_pick_coke_can__seed030__step040,pick_coke_can,30,exploration,26,0.29617023723197383,0.012770804710479587,0.28911135520719616,0.20591354652255534,1.9028432265350932,0.0902566907094185,0.28339943252149424,0.0070588820247776685,0.0070588820247776685
google_robot_pick_coke_can__seed030__step040,pick_coke_can,30,exploration,27,0.30327117115482594,-0.093927306867373,0.30739144339113617,0.20591354652255534,1.9009597570925858,0.0973576246322706,0.39719847802219893,-0.0041202722363102295,-0.0041202722363102295
google_robot_pick_coke_can__seed030__step040,pick_coke_can,30,exploration,28,0.2940784003832975,-0.05540229434360789,0.2940784003832975,0.20591354652255534,1.9619968517234283,0.08816485386074219,0.3494806947269054,0.0,0.0
google_robot_pick_coke_can__seed030__step040,pick_coke_can,30,exploration,29,0.3173504071239614,-0.008789118483609804,0.3142607257695334,0.20591354652255534,2.0191069422010552,0.11143686060140606,0.3261395256075712,0.0030896813544279977,0.0030896813544279977
google_robot_pick_coke_can__seed030__step040,pick_coke_can,30,exploration,30,0.3201095656085547,0.007080009691350965,0.3230976532072413,0.20591354652255534,1.9584559348451087,0.11419601908599936,0.3130295559172037,-0.0029880875986866284,-0.0029880875986866284
google_robot_pick_coke_can__seed030__step040,pick_coke_can,30,exploration,31,0.321050692934981,-0.03601174172729571,0.3196075610064937,0.20591354652255534,1.6499315419081453,0.11513714641242567,0.3570624346622767,0.001443131928487329,0.001443131928487329
google_robot_pick_coke_can__seed030__step071,pick_coke_can,30,exploration,0,0.27901046315682027,-0.1553165225668168,0.27901046315682027,0.008685784011915143,1.4286081745428476,0.2703246791449051,0.43432698572363704,0.0,0.0
google_robot_pick_coke_can__seed030__step071,pick_coke_can,30,exploration,1,0.15708287220739867,-0.003523136681932007,0.15708287220739867,0.008685784011915143,0.9976183966535039,0.14839708819548353,0.1606060088893307,0.0,0.0
google_robot_pick_coke_can__seed030__step071,pick_coke_can,30,exploration,2,-0.11403262078508257,-0.2771499090581363,-0.11403262078508257,0.008685784011915143,0.43835857741001166,-0.12271840479699771,0.16311728827305372,0.0,-0.12271840479699771
google_robot_pick_coke_can__seed030__step071,pick_coke_can,30,exploration,3,0.03783636037073948,-0.11533806125895864,0.03783636037073948,0.008685784011915143,1.0981477356784888,0.029150576358824336,0.15317442162969813,0.0,0.0
google_robot_pick_coke_can__seed030__step071,pick_coke_can,30,exploration,4,0.3951144934117143,-0.16650588301738903,0.32053025087922055,0.008685784011915143,1.4560272265262626,0.3864287093997991,0.5616203764291033,0.07458424253249374,0.07458424253249374
google_robot_pick_coke_can__seed030__step071,pick_coke_can,30,exploration,5,0.322781712780741,0.043387693578875695,0.322781712780741,0.008685784011915143,1.2781496972968438,0.31409592876882586,0.27939401920186535,0.0,0.0
google_robot_pick_coke_can__seed030__step071,pick_coke_can,30,exploration,6,0.45205129373792535,-0.05047466397706744,0.4188628044229536,0.008685784011915143,1.437194988460617,0.4433655097260102,0.5025259577149928,0.03318848931497176,0.03318848931497176
google_robot_pick_coke_can__seed030__step071,pick_coke_can,30,exploration,7,0.3762150925014545,-0.1978984820217513,0.23658535718525972,0.008685784011915143,1.6958715505507238,0.36752930848953935,0.5741135745232058,0.1396297353161948,0.1396297353161948
google_robot_pick_coke_can__seed030__step071,pick_coke_can,30,exploration,8,0.43087256218702397,-0.06917321581596576,0.43698484763302287,0.008685784011915143,1.5840666305539497,0.4221867781751088,0.5000457780029898,-0.0061122854459988996,-0.0061122854459988996
google_robot_pick_coke_can__seed030__step071,pick_coke_can,30,exploration,9,0.3734748039162447,-0.14311299717654877,0.3682329251835435,0.008685784011915143,1.81225242836625,0.36478901990432955,0.5165878010927935,0.005241878732701211,0.005241878732701211
google_robot_pick_coke_can__seed030__step071,pick_coke_can,30,exploration,10,0.3959699616644958,-0.15328833394378547,0.3959699616644958,0.008685784011915143,1.8064182380269806,0.3872841776525806,0.5492582956082812,0.0,0.0
google_robot_pick_coke_can__seed030__step071,pick_coke_can,30,exploration,11,0.3277464645936159,-0.23152616887070335,0.3277464645936159,0.008685784011915143,1.3878828387445308,0.31906068058170073,0.5592726334643192,0.0,0.0
google_robot_pick_coke_can__seed030__step071,pick_coke_can,30,exploration,12,0.4866015745834746,-0.2058078647557058,0.4358338278309218,0.008685784011915143,1.5874407885591786,0.4779157905715594,0.6924094393391804,0.0507677467525528,0.0507677467525528
google_robot_pick_coke_can__seed030__step071,pick_coke_can,30,exploration,13,0.37658958194045655,-0.1442723848034299,0.4411753190557333,0.008685784011915143,1.5791015301159286,0.3679037979285414,0.5208619667438865,-0.06458573711527676,-0.06458573711527676
google_robot_pick_coke_can__seed030__step071,pick_coke_can,30,exploration,14,0.3411096532888244,-0.22405977875632255,0.3411096532888244,0.008685784011915143,1.5979076194031647,0.33242386927690926,0.565169432045147,0.0,0.0
google_robot_pick_coke_can__seed030__step071,pick_coke_can,30,exploration,15,0.4127315004914036,0.1258991869422114,0.4127315004914036,0.008685784011915143,1.6881615296514108,0.40404571647948845,0.28683231354919225,0.0,0.0
google_robot_pick_coke_can__seed030__step071,pick_coke_can,30,exploration,16,0.3861904855748807,-0.008688102408724668,0.4275522266017801,0.008685784011915143,1.7473599659017216,0.37750470156296556,0.3948785879836054,-0.04136174102689938,-0.04136174102689938
google_robot_pick_coke_can__seed030__step071,pick_coke_can,30,exploration,17,0.43260945635259723,-0.20243335849547275,0.4218076993313948,0.008685784011915143,1.5943341780374571,0.42392367234068207,0.63504281484807,0.010801757021202452,0.010801757021202452
google_robot_pick_coke_can__seed030__step071,pick_coke_can,30,exploration,18,0.40489037369177366,-0.08082469108918332,0.40489037369177366,0.008685784011915143,1.7647482264023786,0.3962045896798585,0.485715064780957,0.0,0.0
google_robot_pick_coke_can__seed030__step071,pick_coke_can,30,exploration,19,0.3554625384846198,0.03881785659898163,0.38223997502020074,0.008685784011915143,1.7110037596318497,0.3467767544727046,0.31664468188563816,-0.026777436535580956,-0.026777436535580956
google_robot_pick_coke_can__seed030__step071,pick_coke_can,30,exploration,20,0.37173114763918563,-0.10508202665964506,0.390611599823767,0.008685784011915143,1.6124022563503186,0.36304536362727047,0.4768131742988307,-0.018880452184581342,-0.018880452184581342
google_robot_pick_coke_can__seed030__step071,pick_coke_can,30,exploration,21,0.3646631053673886,-0.13180409929526896,0.36375154983453784,0.008685784011915143,1.599204039587993,0.35597732135547344,0.4964672046626576,0.0009115555328507718,0.0009115555328507718
google_robot_pick_coke_can__seed030__step071,pick_coke_can,30,exploration,22,0.4098918212081133,-0.20548738988361426,0.4098918212081133,0.008685784011915143,1.8103762639392078,0.40120603719619813,0.6153792110917276,0.0,0.0
google_robot_pick_coke_can__seed030__step071,pick_coke_can,30,exploration,23,0.21047525072031906,-0.0004165111568005346,0.20231918174425934,0.008685784011915143,1.4856223410633185,0.20178946670840392,0.21089176187711958,0.008156068976059722,0.008156068976059722
google_robot_pick_coke_can__seed030__step071,pick_coke_can,30,exploration,24,0.3076719599888395,0.017196338795995695,0.19266977765022594,0.008685784011915143,1.400052138162933,0.29898617597692434,0.2904756211928438,0.11500218233861356,0.11500218233861356
google_robot_pick_coke_can__seed030__step071,pick_coke_can,30,exploration,25,0.35983911374704264,-0.17948795441046198,0.4226284990074461,0.008685784011915143,1.168459545689855,0.3511533297351275,0.5393270681575046,-0.06278938526040345,-0.06278938526040345
google_robot_pick_coke_can__seed030__step071,pick_coke_can,30,exploration,26,0.33865728513072507,-0.00213083915664297,0.4226912477737719,0.008685784011915143,1.7948983209896634,0.3299715011188099,0.34078812428736804,-0.08403396264304686,-0.08403396264304686
google_robot_pick_coke_can__seed030__step071,pick_coke_can,30,exploration,27,0.4112556978094038,-0.08510258000482969,0.4112556978094038,0.008685784011915143,1.913852037737768,0.40256991379748863,0.4963582778142335,0.0,0.0
google_robot_pick_coke_can__seed030__step071,pick_coke_can,30,exploration,28,0.23866803602625752,-0.15775924532005878,0.23866803602625752,0.008685784011915143,1.6810410310648563,0.2299822520143424,0.39642728134631633,0.0,0.0
google_robot_pick_coke_can__seed030__step071,pick_coke_can,30,exploration,29,0.39055476675258743,-0.33866172201158457,0.39055476675258743,0.008685784011915143,1.5165782058566173,0.38186898274067227,0.729216488764172,0.0,0.0
google_robot_pick_coke_can__seed030__step071,pick_coke_can,30,exploration,30,0.3619462939001881,0.06545892232400975,0.3619462939001881,0.008685784011915143,1.4669125196917423,0.35326050988827296,0.2964873715761784,0.0,0.0
google_robot_pick_coke_can__seed030__step071,pick_coke_can,30,exploration,31,0.3649040763238904,-0.1597740242596391,0.3649040763238904,0.008685784011915143,1.3069829298470153,0.3562182923119752,0.5246781005835295,0.0,0.0
google_robot_pick_coke_can__seed059__step008,pick_coke_can,59,exploration,0,0.34238967479190596,-0.002351826191398414,0.34238967479190596,0.32322752689250206,0.6961792248032749,0.019162147899403903,0.34474150098330436,0.0,0.0
google_robot_pick_coke_can__seed059__step008,pick_coke_can,59,exploration,1,0.26136649742254364,-0.06137900242948302,0.26136649742254364,0.32322752689250206,0.5364908929667846,-0.06186102946995842,0.32274549985202666,0.0,-0.06186102946995842
google_robot_pick_coke_can__seed059__step008,pick_coke_can,59,exploration,2,0.23308910575938913,0.19743857283031938,0.21717349486399617,0.32322752689250206,0.17626910646131752,-0.09013842113311293,0.03565053292906975,0.01591561089539295,-0.09013842113311293
google_robot_pick_coke_can__seed059__step008,pick_coke_can,59,exploration,3,0.20751602103474098,0.4020728593516709,0.3632260133402329,0.32322752689250206,0.3900461621186624,-0.11571150585776108,-0.19455683831692994,-0.15570999230549193,-0.19455683831692994
google_robot_pick_coke_can__seed059__step008,pick_coke_can,59,exploration,4,0.2765133281808014,0.3125622190560659,0.2782492887764844,0.32322752689250206,0.3069083229871117,-0.04671419871170068,-0.03604889087526453,-0.0017359605956830393,-0.04671419871170068
google_robot_pick_coke_can__seed059__step008,pick_coke_can,59,exploration,5,0.1583800157347684,0.1342832641228347,0.20420572245662116,0.32322752689250206,0.3474272463138756,-0.16484751115773366,0.024096751611933698,-0.045825706721852766,-0.16484751115773366
google_robot_pick_coke_can__seed059__step008,pick_coke_can,59,exploration,6,0.33565403587386755,0.2880059092399353,0.41593229829392003,0.32322752689250206,0.921478153704065,0.012426508981365492,0.04764812663393225,-0.08027826242005248,-0.08027826242005248
google_robot_pick_coke_can__seed059__step008,pick_coke_can,59,exploration,7,0.2700650791302281,-0.041297948519022055,0.1346456609170538,0.32322752689250206,0.5173446998736229,-0.05316244776227397,0.31136302764925017,0.1354194182131743,-0.05316244776227397
google_robot_pick_coke_can__seed059__step008,pick_coke_can,59,exploration,8,0.3080968697392865,0.2014753557631204,0.37697889067357354,0.32322752689250206,0.7116876531469944,-0.015130657153215543,0.10662151397616612,-0.06888202093428702,-0.06888202093428702
google_robot_pick_coke_can__seed059__step008,pick_coke_can,59,exploration,9,0.3009051089379868,-0.05616683917735187,0.43059717793269064,0.32322752689250206,0.9600101837012308,-0.022322417954515283,0.35707194811533866,-0.12969206899470387,-0.12969206899470387
google_robot_pick_coke_can__seed059__step008,pick_coke_can,59,exploration,10,0.32163669222678776,-0.11580215054518565,0.3017955583927179,0.32322752689250206,0.776210387125608,-0.0015908346657143024,0.4374388427719734,0.01984113383406988,-0.0015908346657143024
google_robot_pick_coke_can__seed059__step008,pick_coke_can,59,exploration,11,0.5674340491669491,-0.005393067773954106,0.45105496538851203,0.32322752689250206,0.68024822991168,0.244206522274447,0.5728271169409032,0.11637908377843703,0.11637908377843703
google_robot_pick_coke_can__seed059__step008,pick_coke_can,59,exploration,12,0.3721710605742072,-0.14540922864368677,0.19689793970221955,0.32322752689250206,0.44673383515234216,0.04894353368170512,0.517580289217894,0.17527312087198763,0.04894353368170512
google_robot_pick_coke_can__seed059__step008,pick_coke_can,59,exploration,13,0.45102788749091155,-0.08603617665326292,0.20714605200419334,0.32322752689250206,0.7541276777554474,0.1278003605984095,0.5370640641441745,0.2438818354867182,0.1278003605984095
google_robot_pick_coke_can__seed059__step008,pick_coke_can,59,exploration,14,0.4031567430272818,0.07274988253907934,0.09928009822078837,0.32322752689250206,0.3716818452601123,0.07992921613477977,0.3304068604882025,0.30387664480649346,0.07992921613477977
google_robot_pick_coke_can__seed059__step008,pick_coke_can,59,exploration,15,0.23792287598993136,0.14881108797454223,0.28795159582920277,0.32322752689250206,0.5758516860121212,-0.0853046509025707,0.08911178801538913,-0.0500287198392714,-0.0853046509025707
google_robot_pick_coke_can__seed059__step008,pick_coke_can,59,exploration,16,0.2766732940429555,-0.06692906704463092,0.307591587897667,0.32322752689250206,0.6851131596553918,-0.04655423284954657,0.3436023610875864,-0.03091829385471151,-0.04655423284954657
google_robot_pick_coke_can__seed059__step008,pick_coke_can,59,exploration,17,0.010202090507502629,-0.03651554670987619,0.017269949669411814,0.32322752689250206,0.5596090408245814,-0.3130254363849994,0.046717637217378816,-0.007067859161909185,-0.3130254363849994
google_robot_pick_coke_can__seed059__step008,pick_coke_can,59,exploration,18,0.1969389825629282,0.3297937737385998,0.4232889511222743,0.32322752689250206,0.6232144307012066,-0.12628854432957387,-0.13285479117567162,-0.22634996855934614,-0.22634996855934614
google_robot_pick_coke_can__seed059__step008,pick_coke_can,59,exploration,19,0.3596238871266753,0.019330607074445182,0.4108012963112427,0.32322752689250206,0.3996492993980171,0.03639636023417325,0.34029328005223014,-0.05117740918456737,-0.05117740918456737
google_robot_pick_coke_can__seed059__step008,pick_coke_can,59,exploration,20,0.11973541976307543,0.22777800085756184,0.11973541976307543,0.32322752689250206,0.5425420666726503,-0.2034921071294266,-0.1080425810944864,0.0,-0.2034921071294266
google_robot_pick_coke_can__seed059__step008,pick_coke_can,59,exploration,21,0.2946028535641074,-0.027297027740821416,0.3597367287922187,0.32322752689250206,0.35946912258694974,-0.028624673328394634,0.32189988130492886,-0.06513387522811126,-0.06513387522811126
google_robot_pick_coke_can__seed059__step008,pick_coke_can,59,exploration,22,0.26226502851167227,0.17266993362284588,0.30565402406829567,0.32322752689250206,0.4267357370526297,-0.06096249838082979,0.08959509488882639,-0.0433889955566234,-0.06096249838082979
google_robot_pick_coke_can__seed059__step008,pick_coke_can,59,exploration,23,0.2726518858841041,0.012606112362134584,0.27886930072400523,0.32322752689250206,0.4261572867475697,-0.050575641008397954,0.2600457735219695,-0.006217414839901125,-0.050575641008397954
google_robot_pick_coke_can__seed059__step008,pick_coke_can,59,exploration,24,0.45509489915356,0.12546801434660765,0.2513084568216531,0.32322752689250206,0.38984736402226416,0.13186737226105794,0.32962688480695235,0.2037864423319069,0.13186737226105794
google_robot_pick_coke_can__seed059__step008,pick_coke_can,59,exploration,25,0.28673053078384186,0.31411742209597876,0.28673053078384186,0.32322752689250206,0.40826780344434144,-0.036496996108660196,-0.027386891312136896,0.0,-0.036496996108660196
google_robot_pick_coke_can__seed059__step008,pick_coke_can,59,exploration,26,0.4768798070095324,0.23855458585179867,0.4768798070095324,0.32322752689250206,0.4350335034525644,0.15365228011703036,0.23832522115773375,0.0,0.0
google_robot_pick_coke_can__seed059__step008,pick_coke_can,59,exploration,27,0.43440563914841174,0.12636069504244538,0.43440563914841174,0.32322752689250206,0.41311545918703235,0.11117811225590968,0.3080449441059664,0.0,0.0
google_robot_pick_coke_can__seed059__step008,pick_coke_can,59,exploration,28,0.43255746542556434,0.09317922490868318,0.43255746542556434,0.32322752689250206,0.418728640784825,0.10932993853306228,0.33937824051688115,0.0,0.0
google_robot_pick_coke_can__seed059__step008,pick_coke_can,59,exploration,29,0.43440563914841174,0.5874555263988208,0.43440563914841174,0.32322752689250206,0.41311545918703235,0.11117811225590968,-0.15304988725040908,0.0,-0.15304988725040908
google_robot_pick_coke_can__seed059__step008,pick_coke_can,59,exploration,30,0.47679140686715343,0.016818222652987175,0.4989752876192664,0.32322752689250206,0.39717298243240645,0.15356387997465137,0.4599731842141663,-0.022183880752112972,-0.022183880752112972
google_robot_pick_coke_can__seed059__step008,pick_coke_can,59,exploration,31,0.46175996221807686,0.05030677819637097,0.3653176171878605,0.32322752689250206,0.3733036197758998,0.1385324353255748,0.4114531840217059,0.09644234503021637,0.09644234503021637
google_robot_pick_coke_can__seed059__step040,pick_coke_can,59,exploration,0,-0.06589254211913838,-0.11490657262947457,-0.034831460461173226,-0.054542160688587506,1.5362870958911343,-0.011350381430550872,0.04901403051033619,-0.031061081657965152,-0.031061081657965152
google_robot_pick_coke_can__seed059__step040,pick_coke_can,59,exploration,1,-0.13139807172512546,0.05353249257826972,-0.13139807172512546,-0.054542160688587506,2.0179926640009116,-0.07685591103653797,-0.1849305643033952,0.0,-0.1849305643033952
google_robot_pick_coke_can__seed059__step040,pick_coke_can,59,exploration,2,0.10613826197091529,-0.17121654629196636,-0.05761209926686626,-0.054542160688587506,1.4129499299361599,0.1606804226595028,0.27735480826288167,0.16375036123778156,0.1606804226595028
google_robot_pick_coke_can__seed059__step040,pick_coke_can,59,exploration,3,-0.14736230070743905,0.1385284888420232,-0.04106047900828095,-0.054542160688587506,1.8692737638280514,-0.09282014001885155,-0.28589078954946223,-0.10630182169915811,-0.28589078954946223
google_robot_pick_coke_can__seed059__step040,pick_coke_can,59,exploration,4,0.05498582349435979,-0.01048476800293919,-0.0667271421817451,-0.054542160688587506,1.8987144188777823,0.10952798418294729,0.06547059149729899,0.12171296567610489,0.06547059149729899
google_robot_pick_coke_can__seed059__step040,pick_coke_can,59,exploration,5,-0.015337989687630485,-0.06231874577735238,-0.020814968054538325,-0.054542160688587506,1.681386922217393,0.03920417100095702,0.046980756089721895,0.00547697836690784,0.00547697836690784
google_robot_pick_coke_can__seed059__step040,pick_coke_can,59,exploration,6,0.11696573072559113,-0.016300599281645154,0.11530545983704767,-0.054542160688587506,2.1510821404269675,0.17150789141417863,0.13326633000723628,0.0016602708885434664,0.0016602708885434664
google_robot_pick_coke_can__seed059__step040,pick_coke_can,59,exploration,7,0.01790277760429776,-0.01452507110943852,-0.02706025611695632,-0.054542160688587506,2.2026451663109716,0.07244493829288526,0.03242784871373628,0.044963033721254084,0.03242784871373628
google_robot_pick_coke_can__seed059__step040,pick_coke_can,59,exploration,8,0.032344914988751826,-0.08956443046757702,0.05227984476164716,-0.054542160688587506,2.1177016974766727,0.08688707567733933,0.12190934545632884,-0.019934929772895335,-0.019934929772895335
google_robot_pick_coke_can__seed059__step040,pick_coke_can,59,exploration,9,0.06982522851811442,0.052397632792512416,0.05049263768444748,-0.054542160688587506,2.141517621205849,0.12436738920670193,0.017427595725602,0.019332590833666938,0.017427595725602
google_robot_pick_coke_can__seed059__step040,pick_coke_can,59,exploration,10,0.04337313079279214,0.0026355535292064323,0.07062243070405272,-0.054542160688587506,2.0786918355466777,0.09791529148137965,0.040737577263585706,-0.02724929991126058,-0.02724929991126058
google_robot_pick_coke_can__seed059__step040,pick_coke_can,59,exploration,11,-0.005668992631252682,-0.04852862600306599,0.0235598791257135,-0.054542160688587506,2.1882215457456407,0.048873168057334826,0.04285963337181331,-0.029228871756966184,-0.029228871756966184
google_robot_pick_coke_can__seed059__step040,pick_coke_can,59,exploration,12,-0.022031920185364613,-0.011594654983598499,-0.02348676180514722,-0.054542160688587506,2.285351128604609,0.03251024050322289,-0.010437265201766114,0.001454841619782609,-0.010437265201766114
google_robot_pick_coke_can__seed059__step040,pick_coke_can,59,exploration,13,-0.000736117285467112,-0.036387160524258146,0.028396758796443756,-0.054542160688587506,2.149540187295076,0.053806043403120396,0.035651043238791036,-0.02913287608191087,-0.02913287608191087
google_robot_pick_coke_can__seed059__step040,pick_coke_can,59,exploration,14,0.08511651962181671,-0.019397274270859466,0.08508372494622263,-0.054542160688587506,2.1234505758102364,0.1396586803104042,0.10451379389267618,3.2794675594083333e-05,3.2794675594083333e-05
google_robot_pick_coke_can__seed059__step040,pick_coke_can,59,exploration,15,0.024118000151323826,-0.09424575079440317,0.025786352571489073,-0.054542160688587506,2.1585752022437643,0.07866016083991133,0.118363750945727,-0.0016683524201652478,-0.0016683524201652478
google_robot_pick_coke_can__seed059__step040,pick_coke_can,59,exploration,16,-0.009376440846742348,-0.10646001714808356,0.028752806472997845,-0.054542160688587506,1.9776638006552163,0.045165719841845156,0.09708357630134122,-0.03812924731974019,-0.03812924731974019
google_robot_pick_coke_can__seed059__step040,pick_coke_can,59,exploration,17,0.06493634072130282,-0.05591385510452027,0.06143554936415909,-0.054542160688587506,2.0547764044458874,0.11947850140989033,0.1208501958258231,0.0035007913571437274,0.0035007913571437274
google_robot_pick_coke_can__seed059__step040,pick_coke_can,59,exploration,18,0.053110996080183825,0.07277521462603821,0.011419948885050454,-0.054542160688587506,1.493666902552302,0.10765315676877132,-0.019664218545854387,0.04169104719513337,-0.019664218545854387
google_robot_pick_coke_can__seed059__step040,pick_coke_can,59,exploration,19,-0.04266912133903674,0.027720064248801746,-0.04266912133903674,-0.054542160688587506,1.439550909962882,0.011873039349550765,-0.0703891855878385,0.0,-0.0703891855878385
google_robot_pick_coke_can__seed059__step040,pick_coke_can,59,exploration,20,0.019743166535759204,0.04907771492575345,-0.0009810223686754216,-0.054542160688587506,1.4484133413264557,0.0742853272243467,-0.029334548389994244,0.020724188904434625,-0.029334548389994244
google_robot_pick_coke_can__seed059__step040,pick_coke_can,59,exploration,21,0.08304727032764457,-0.3165093659634587,0.05346231174882545,-0.054542160688587506,1.3671271392592061,0.13758943101623208,0.3995566362911033,0.02958495857881912,0.02958495857881912
google_robot_pick_coke_can__seed059__step040,pick_coke_can,59,exploration,22,-0.002909941177437751,-0.03323974474678052,-0.02272575206300535,-0.054542160688587506,1.4416180565669892,0.051632219511149754,0.03032980356934277,0.019815810885567598,0.019815810885567598
google_robot_pick_coke_can__seed059__step040,pick_coke_can,59,exploration,23,0.05021284480026778,-0.09976988420861084,0.031437224335621135,-0.054542160688587506,1.3020699771746984,0.10475500548885529,0.14998272900887863,0.018775620464646647,0.018775620464646647
google_robot_pick_coke_can__seed059__step040,pick_coke_can,59,exploration,24,-0.12147774862018125,-0.2932247725163155,-0.0700081872056549,-0.054542160688587506,1.5646354785195438,-0.06693558793159374,0.17174702389613428,-0.051469561414526355,-0.06693558793159374
google_robot_pick_coke_can__seed059__step040,pick_coke_can,59,exploration,25,0.0600848252223869,-0.10657132052153866,0.0600848252223869,-0.054542160688587506,1.3843706422313358,0.11462698591097441,0.16665614574392557,0.0,0.0
google_robot_pick_coke_can__seed059__step040,pick_coke_can,59,exploration,26,0.026515213322153817,-0.17814412388621373,0.06489355267433204,-0.054542160688587506,1.3720903793453563,0.08105737401074133,0.20465933720836754,-0.03837833935217823,-0.03837833935217823
google_robot_pick_coke_can__seed059__step040,pick_coke_can,59,exploration,27,-0.007778059355862769,-0.16211319336788657,0.005471754588639906,-0.054542160688587506,1.3714277475287537,0.04676410133272474,0.1543351340120238,-0.013249813944502675,-0.013249813944502675
google_robot_pick_coke_can__seed059__step040,pick_coke_can,59,exploration,28,-0.038733776356950064,-0.11553477703846875,-0.04234929844849993,-0.054542160688587506,1.41322004570775,0.01580838433163744,0.07680100068151868,0.003615522091549868,0.003615522091549868
google_robot_pick_coke_can__seed059__step040,pick_coke_can,59,exploration,29,0.013283782610688188,-0.04520286272997206,0.013283782610688188,-0.054542160688587506,1.411970821873956,0.06782594329927569,0.05848664534066025,0.0,0.0
google_robot_pick_coke_can__seed059__step040,pick_coke_can,59,exploration,30,-0.03388878816109959,-0.06759741910723165,-0.013683466329636344,-0.054542160688587506,1.3620409993395384,0.020653372527487918,0.03370863094613206,-0.020205321831463244,-0.020205321831463244
google_robot_pick_coke_can__seed059__step040,pick_coke_can,59,exploration,31,0.06092075594692755,-0.08075438600536267,0.08039175380803647,-0.054542160688587506,1.3218503483457795,0.11546291663551506,0.14167514195229022,-0.019470997861108917,-0.019470997861108917
google_robot_pick_coke_can__seed059__step071,pick_coke_can,59,exploration,0,0.2138662292596504,-0.3774155822195043,0.2138662292596504,0.04531363097107834,1.7276591095348748,0.16855259828857205,0.5912818114791547,0.0,0.0
google_robot_pick_coke_can__seed059__step071,pick_coke_can,59,exploration,1,0.1886967115340827,-0.30819505160809657,0.06889545720844031,0.04531363097107834,2.6022760413314248,0.14338308056300436,0.4968917631421793,0.1198012543256424,0.1198012543256424
google_robot_pick_coke_can__seed059__step071,pick_coke_can,59,exploration,2,0.33526553080022525,-0.3017334488636994,0.33526553080022525,0.04531363097107834,2.226352881730065,0.28995189982914693,0.6369989796639246,0.0,0.0
google_robot_pick_coke_can__seed059__step071,pick_coke_can,59,exploration,3,0.13925181908001624,0.22948903678682697,0.26579852393001263,0.04531363097107834,1.7637349809301717,0.09393818810893789,-0.09023721770681073,-0.1265467048499964,-0.1265467048499964
google_robot_pick_coke_can__seed059__step071,pick_coke_can,59,exploration,4,0.15587357568607285,-0.043861480499239096,-0.1254736087249689,0.04531363097107834,1.8490396633570652,0.1105599447149945,0.19973505618531195,0.2813471844110418,0.1105599447149945
google_robot_pick_coke_can__seed059__step071,pick_coke_can,59,exploration,5,0.11124996745836101,-0.14089449346081853,0.044693527351740425,0.04531363097107834,2.1771571334629827,0.06593633648728267,0.2521444609191795,0.06655644010662058,0.06593633648728267
google_robot_pick_coke_can__seed059__step071,pick_coke_can,59,exploration,6,0.32142471408793544,-0.054933675026909136,0.24126856655555926,0.04531363097107834,2.4317763235873318,0.2761110831168571,0.3763583891148446,0.08015614753237618,0.08015614753237618
google_robot_pick_coke_can__seed059__step071,pick_coke_can,59,exploration,7,0.2667863758140879,0.016656332528942334,0.22794514586657455,0.04531363097107834,2.1296159548437785,0.22147274484300952,0.25013004328514554,0.03884122994751332,0.03884122994751332
google_robot_pick_coke_can__seed059__step071,pick_coke_can,59,exploration,8,0.11156148843508433,-0.31566675732614596,0.06849198217532569,0.04531363097107834,2.0204258508207635,0.066247857464006,0.4272282457612303,0.04306950625975864,0.04306950625975864
google_robot_pick_coke_can__seed059__step071,pick_coke_can,59,exploration,9,0.16196245133644097,-0.3464134216599524,0.07914331558316111,0.04531363097107834,2.582026027494281,0.11664882036536262,0.5083758729963934,0.08281913575327986,0.08281913575327986
google_robot_pick_coke_can__seed059__step071,pick_coke_can,59,exploration,10,0.11852707366432115,-0.4477851737756507,0.12408698956770088,0.04531363097107834,2.5740062678696534,0.07321344269324281,0.5663122474399719,-0.005559915903379731,-0.005559915903379731
google_robot_pick_coke_can__seed059__step071,pick_coke_can,59,exploration,11,0.11218799758143083,-0.349595552765023,-0.0022737255134001044,0.04531363097107834,2.8332618261417135,0.06687436661035248,0.46178355034645385,0.11446172309483094,0.06687436661035248
google_robot_pick_coke_can__seed059__step071,pick_coke_can,59,exploration,12,0.13064891726233227,-0.09159414938413031,0.15662828357105965,0.04531363097107834,2.4496871158949625,0.08533528629125392,0.2222430666464626,-0.02597936630872738,-0.02597936630872738
google_robot_pick_coke_can__seed059__step071,pick_coke_can,59,exploration,13,0.1270838932779393,-0.2722375416480206,0.1269901546109454,0.04531363097107834,2.431527236323783,0.08177026230686096,0.39932143492595995,9.373866699391442e-05,9.373866699391442e-05
google_robot_pick_coke_can__seed059__step071,pick_coke_can,59,exploration,14,0.14353727974306352,-0.3068207643735971,0.14353727974306352,0.04531363097107834,2.1821246596724535,0.09822364877198517,0.45035804411666064,0.0,0.0
google_robot_pick_coke_can__seed059__step071,pick_coke_can,59,exploration,15,0.12470560039437568,-0.25162665179400184,0.11516036251784173,0.04531363097107834,2.263596184779065,0.07939196942329735,0.3763322521883775,0.009545237876533955,0.009545237876533955
google_robot_pick_coke_can__seed059__step071,pick_coke_can,59,exploration,16,0.044835269582025154,-0.1678777775380792,0.050955650259523144,0.04531363097107834,1.7896687179166542,-0.00047836138905318903,0.21271304712010436,-0.00612038067749799,-0.00612038067749799
google_robot_pick_coke_can__seed059__step071,pick_coke_can,59,exploration,17,0.4302594429096682,-0.16881064606982185,0.44781812299737583,0.04531363097107834,1.6312329742939786,0.3849458119385899,0.5990700889794901,-0.017558680087707612,-0.017558680087707612
google_robot_pick_coke_can__seed059__step071,pick_coke_can,59,exploration,18,0.22787946222214572,0.28908983181103654,0.15147565064052218,0.04531363097107834,1.8907942136533933,0.18256583125106737,-0.06121036958889081,0.07640381158162354,-0.06121036958889081
google_robot_pick_coke_can__seed059__step071,pick_coke_can,59,exploration,19,0.21105116247712755,-0.3372782279588841,0.21105116247712755,0.04531363097107834,1.9760379253824885,0.1657375315060492,0.5483293904360117,0.0,0.0
google_robot_pick_coke_can__seed059__step071,pick_coke_can,59,exploration,20,0.31148029906133584,-0.09162178703583862,0.27263464351621064,0.04531363097107834,1.530017715858959,0.2661666680902575,0.40310208609717446,0.0388456555451252,0.0388456555451252
google_robot_pick_coke_can__seed059__step071,pick_coke_can,59,exploration,21,0.2725584808981298,-0.027850967580581976,0.35396879511937124,0.04531363097107834,1.2514812638746196,0.22724484992705143,0.30040944847871176,-0.08141031422124145,-0.08141031422124145
google_robot_pick_coke_can__seed059__step071,pick_coke_can,59,exploration,22,0.1938126073727043,0.03591868339095156,0.20480054976486092,0.04531363097107834,1.2346971298569314,0.14849897640162596,0.15789392398175275,-0.010987942392156613,-0.010987942392156613
google_robot_pick_coke_can__seed059__step071,pick_coke_can,59,exploration,23,0.20307025130673553,-0.08320749916737545,0.34697978372025484,0.04531363097107834,1.4273577973117564,0.15775662033565718,0.28627775047411097,-0.1439095324135193,-0.1439095324135193
google_robot_pick_coke_can__seed059__step071,pick_coke_can,59,exploration,24,0.21552698891034172,-0.10267804331746073,0.29472217580368093,0.04531363097107834,1.985650858457078,0.17021335793926337,0.31820503222780244,-0.07919518689333921,-0.07919518689333921
google_robot_pick_coke_can__seed059__step071,pick_coke_can,59,exploration,25,0.35331791375705063,0.16932185233575972,0.2743035824166608,0.04531363097107834,1.3052352250487471,0.3080042827859723,0.1839960614212909,0.07901433134038982,0.07901433134038982
google_robot_pick_coke_can__seed059__step071,pick_coke_can,59,exploration,26,0.0871478800724028,-0.05864343868312775,0.13472780669951898,0.04531363097107834,1.477574599896709,0.04183424910132446,0.14579131875553056,-0.04757992662711617,-0.04757992662711617
google_robot_pick_coke_can__seed059__step071,pick_coke_can,59,exploration,27,0.14517116151470294,0.18205222160812848,0.036220943695847885,0.04531363097107834,1.1902350911030022,0.09985753054362459,-0.03688106009342554,0.10895021781885506,-0.03688106009342554
google_robot_pick_coke_can__seed059__step071,pick_coke_can,59,exploration,28,-0.06893562684950547,-0.08218857282857836,-0.06893562684950547,0.04531363097107834,1.1674558692477934,-0.11424925782058382,0.013252945979072894,0.0,-0.11424925782058382
google_robot_pick_coke_can__seed059__step071,pick_coke_can,59,exploration,29,0.31169434470843793,-0.23227997857140392,0.2875533644166989,0.04531363097107834,1.2866296485421045,0.2663807137373596,0.5439743232798419,0.024140980291739056,0.024140980291739056
google_robot_pick_coke_can__seed059__step071,pick_coke_can,59,exploration,30,0.2540634287664639,-0.009826778707311384,0.23997817905397276,0.04531363097107834,1.4268221730388535,0.20874979779538552,0.26389020747377523,0.014085249712491116,0.014085249712491116
google_robot_pick_coke_can__seed059__step071,pick_coke_can,59,exploration,31,0.12251135936148612,0.23959816762077213,0.047091158631543374,0.04531363097107834,1.2240561813831476,0.07719772839040778,-0.11708680825928601,0.07542020072994274,-0.11708680825928601
google_robot_pick_coke_can__seed095__step008,pick_coke_can,95,validation,0,0.049761827762082704,0.031666870882657246,0.049761827762082704,0.2778967747449965,0.25949499899279954,-0.2281349469829138,0.01809495687942546,0.0,-0.2281349469829138
google_robot_pick_coke_can__seed095__step008,pick_coke_can,95,validation,1,-0.0102028434017268,-0.06972221613394981,0.0489129227868351,0.2778967747449965,0.4315080045463251,-0.2880996181467233,0.05951937273222301,-0.0591157661885619,-0.2880996181467233
google_robot_pick_coke_can__seed095__step008,pick_coke_can,95,validation,2,-0.08931784824505888,-0.06547832993323065,-0.08931784824505888,0.2778967747449965,0.15322494878573667,-0.3672146229900554,-0.023839518311828234,0.0,-0.3672146229900554
google_robot_pick_coke_can__seed095__step008,pick_coke_can,95,validation,3,0.10797221374960127,0.013868225463830208,0.08049955726498195,0.2778967747449965,0.4172113743169732,-0.16992456099539527,0.09410398828577106,0.027472656484619315,-0.16992456099539527
google_robot_pick_coke_can__seed095__step008,pick_coke_can,95,validation,4,0.26478457907519365,-0.25363224836067805,0.11311993410802397,0.2778967747449965,0.8820836610390335,-0.013112195669802873,0.5184168274358717,0.1516646449671697,-0.013112195669802873
google_robot_pick_coke_can__seed095__step008,pick_coke_can,95,validation,5,0.13164017222261915,-0.20923595337349302,0.1466649889650235,0.2778967747449965,0.455373798342354,-0.14625660252237738,0.34087612559611213,-0.015024816742404357,-0.14625660252237738
google_robot_pick_coke_can__seed095__step008,pick_coke_can,95,validation,6,0.1714370740434256,-0.155160702636065,0.08119533520821484,0.2778967747449965,0.8083744867062211,-0.10645970070157093,0.3265977766794906,0.09024173883521075,-0.10645970070157093
google_robot_pick_coke_can__seed095__step008,pick_coke_can,95,validation,7,0.7852256265145486,-0.1976827521690252,0.11840168868136663,0.2778967747449965,1.186758108418928,0.5073288517695521,0.9829083786835738,0.666823937833182,0.5073288517695521
google_robot_pick_coke_can__seed095__step008,pick_coke_can,95,validation,8,0.2195209431277092,-0.1885241935089106,-0.006542434461898593,0.2778967747449965,0.6872994099437065,-0.05837583161728732,0.4080451366366198,0.2260633775896078,-0.05837583161728732
google_robot_pick_coke_can__seed095__step008,pick_coke_can,95,validation,9,0.8127421921521156,0.007052962294546012,-0.19147858930085704,0.2778967747449965,1.0888424455975065,0.5348454174071191,0.8056892298575696,1.0042207814529727,0.5348454174071191
google_robot_pick_coke_can__seed095__step008,pick_coke_can,95,validation,10,0.053783165179166446,-0.1644627461915936,-0.09053318097302636,0.2778967747449965,0.5944454208907591,-0.22411360956583007,0.21824591137076005,0.1443163461521928,-0.22411360956583007
google_robot_pick_coke_can__seed095__step008,pick_coke_can,95,validation,11,0.8210896922592618,-0.062361500098286414,-0.1412069604766905,0.2778967747449965,1.0586940493986787,0.5431929175142652,0.8834511923575482,0.9622966527359522,0.5431929175142652
google_robot_pick_coke_can__seed095__step008,pick_coke_can,95,validation,12,0.06905847232115392,-0.21948407409526227,0.10459845160920372,0.2778967747449965,0.5105792547431385,-0.2088383024238426,0.2885425464164162,-0.035539979288049806,-0.2088383024238426
google_robot_pick_coke_can__seed095__step008,pick_coke_can,95,validation,13,0.06923501105098018,-0.2014949278811088,-0.024944678549380317,0.2778967747449965,0.6023710010301492,-0.20866176369401634,0.27072993893208896,0.0941796896003605,-0.20866176369401634
google_robot_pick_coke_can__seed095__step008,pick_coke_can,95,validation,14,0.8132684453439459,-0.2751450890371751,-0.06693847212859967,0.2778967747449965,1.1375325608129763,0.5353716705989494,1.088413534381121,0.8802069174725456,0.5353716705989494
google_robot_pick_coke_can__seed095__step008,pick_coke_can,95,validation,15,0.06238487360559621,0.015224532438021389,-0.04189333616554855,0.2778967747449965,0.5652952248101478,-0.2155119011394003,0.047160341167574824,0.10427820977114477,-0.2155119011394003
google_robot_pick_coke_can__seed095__step008,pick_coke_can,95,validation,16,0.07421634601969306,-0.15230001176625868,0.0998396160891896,0.2778967747449965,0.5078060503724523,-0.20368042872530345,0.22651635778595175,-0.02562327006949655,-0.20368042872530345
google_robot_pick_coke_can__seed095__step008,pick_coke_can,95,validation,17,0.029766160282764912,-0.027700840888522305,-0.0677979640538036,0.2778967747449965,0.4584881767457526,-0.2481306144622316,0.05746700117128722,0.09756412433656851,-0.2481306144622316
google_robot_pick_coke_can__seed095__step008,pick_coke_can,95,validation,18,-0.008749769747535613,0.02221830562173376,0.11005424563478718,0.2778967747449965,0.4693195580326009,-0.28664654449253213,-0.03096807536926937,-0.11880401538232278,-0.28664654449253213
google_robot_pick_coke_can__seed095__step008,pick_coke_can,95,validation,19,0.2594398056493606,-0.2333940035227988,0.11781187055698873,0.2778967747449965,0.5382156533056752,-0.018456969095635933,0.49283380917215935,0.14162793509237187,-0.018456969095635933
google_robot_pick_coke_can__seed095__step008,pick_coke_can,95,validation,20,0.029209970467470158,0.008166177586842847,0.05081808571368327,0.2778967747449965,0.47395720979181744,-0.24868680427752637,0.021043792880627313,-0.021608115246213113,-0.24868680427752637
google_robot_pick_coke_can__seed095__step008,pick_coke_can,95,validation,21,0.19135680951797793,0.07690776532886677,0.2032963529290697,0.2778967747449965,0.506384280009357,-0.0865399652270186,0.11444904418911116,-0.011939543411091769,-0.0865399652270186
google_robot_pick_coke_can__seed095__step008,pick_coke_can,95,validation,22,0.13923509567487585,-0.05287830339563502,0.14025778987491924,0.2778967747449965,0.5531874731368078,-0.13866167907012067,0.19211339907051087,-0.0010226942000433892,-0.13866167907012067
google_robot_pick_coke_can__seed095__step008,pick_coke_can,95,validation,23,0.1355017933793932,-0.13793803143545028,0.21016328663305597,0.2778967747449965,0.568537259373132,-0.14239498136560333,0.27343982481484347,-0.07466149325366278,-0.14239498136560333
google_robot_pick_coke_can__seed095__step008,pick_coke_can,95,validation,24,0.027395944262449453,-0.14456890773093248,0.027395944262449453,0.2778967747449965,0.547310897836877,-0.25050083048254707,0.17196485199338193,0.0,-0.25050083048254707
google_robot_pick_coke_can__seed095__step008,pick_coke_can,95,validation,25,0.023686439757585706,-0.25227309561448247,0.16702437993271124,0.2778967747449965,0.5081233436876603,-0.2542103349874108,0.2759595353720682,-0.14333794017512552,-0.2542103349874108
google_robot_pick_coke_can__seed095__step008,pick_coke_can,95,validation,26,0.13216753894573502,-0.14807682799159938,0.1915083353174559,0.2778967747449965,0.49144911574669825,-0.1457292357992615,0.2802443669373344,-0.05934079637172088,-0.1457292357992615
google_robot_pick_coke_can__seed095__step008,pick_coke_can,95,validation,27,0.40362648984637,0.08250961595149912,0.270803141546897,0.2778967747449965,0.5577547687782141,0.12572971510137348,0.32111687389487087,0.132823348299473,0.12572971510137348
google_robot_pick_coke_can__seed095__step008,pick_coke_can,95,validation,28,0.15979530773091846,0.04260730926236772,0.3459793440017556,0.2778967747449965,0.558867139871325,-0.11810146701407806,0.11718799846855074,-0.18618403627083716,-0.18618403627083716
google_robot_pick_coke_can__seed095__step008,pick_coke_can,95,validation,29,0.3691073978179635,-0.1418413826705263,0.41042522591811376,0.2778967747449965,0.4985437999200539,0.09121062307296696,0.5109487804884898,-0.04131782810015028,-0.04131782810015028
google_robot_pick_coke_can__seed095__step008,pick_coke_can,95,validation,30,0.32656399858169377,-0.13179822056817117,0.3097631443798368,0.2778967747449965,0.4780770967809759,0.04866722383669725,0.45836221914986497,0.016800854201856952,0.016800854201856952
google_robot_pick_coke_can__seed095__step008,pick_coke_can,95,validation,31,0.3784905900101541,-0.10632685088053839,0.385141450163409,0.2778967747449965,0.4766810280395392,0.1005938152651576,0.4848174408906925,-0.0066508601532548894,-0.0066508601532548894
google_robot_pick_coke_can__seed095__step040,pick_coke_can,95,validation,0,0.5833009708295783,0.15923439292763072,0.5833009708295783,-0.027899435781455817,0.8640801229977223,0.6112004066110341,0.4240665779019476,0.0,0.0
google_robot_pick_coke_can__seed095__step040,pick_coke_can,95,validation,1,0.4410945102410693,-0.154758353896756,0.4410945102410693,-0.027899435781455817,0.7881860594864687,0.46899394602252514,0.5958528641378253,0.0,0.0
google_robot_pick_coke_can__seed095__step040,pick_coke_can,95,validation,2,-0.019536720152012965,-0.18641055331042014,-0.019536720152012965,-0.027899435781455817,0.7608724692797865,0.008362715629442852,0.16687383315840718,0.0,0.0
google_robot_pick_coke_can__seed095__step040,pick_coke_can,95,validation,3,0.19279940633949252,0.21823971900007252,0.1840365349162746,-0.027899435781455817,0.7363635119042963,0.22069884212094834,-0.02544031266058,0.00876287142321791,-0.02544031266058
google_robot_pick_coke_can__seed095__step040,pick_coke_can,95,validation,4,0.6024725308233218,0.041473497516965385,0.6024725308233218,-0.027899435781455817,0.9661261427564346,0.6303719666047776,0.5609990333063564,0.0,0.0
google_robot_pick_coke_can__seed095__step040,pick_coke_can,95,validation,5,0.5952403975851909,0.20700276869876802,0.5952403975851909,-0.027899435781455817,1.0903773943861739,0.6231398333666467,0.3882376288864229,0.0,0.0
google_robot_pick_coke_can__seed095__step040,pick_coke_can,95,validation,6,0.5299713852675646,0.3536200495895607,0.5160555343575516,-0.027899435781455817,1.0657446051820536,0.5578708210490204,0.17635133567800387,0.013915850910013017,0.013915850910013017
google_robot_pick_coke_can__seed095__step040,pick_coke_can,95,validation,7,0.5789410211395231,0.29107075395128423,0.5316050945521226,-0.027899435781455817,1.042080406318604,0.6068404569209789,0.2878702671882388,0.04733592658740049,0.04733592658740049
google_robot_pick_coke_can__seed095__step040,pick_coke_can,95,validation,8,0.6057572679559274,0.15795172646978142,0.4654286071931051,-0.027899435781455817,0.7304546138126958,0.6336567037373833,0.44780554148614604,0.14032866076282235,0.14032866076282235
google_robot_pick_coke_can__seed095__step040,pick_coke_can,95,validation,9,0.2215423384509736,0.17839332248387627,0.07904521966262307,-0.027899435781455817,0.7836706892736698,0.24944177423242941,0.04314901596709733,0.14249711878835053,0.04314901596709733
google_robot_pick_coke_can__seed095__step040,pick_coke_can,95,validation,10,0.26301133510814095,-0.03777559762209355,0.24504852308671196,-0.027899435781455817,0.8250552644702761,0.29091077088959677,0.3007869327302345,0.017962812021428992,0.017962812021428992
google_robot_pick_coke_can__seed095__step040,pick_coke_can,95,validation,11,0.3242091835629347,-0.11738889632398274,-0.005350116081717038,-0.027899435781455817,1.0160467555064112,0.3521086193443905,0.44159807988691746,0.32955929964465175,0.32955929964465175
google_robot_pick_coke_can__seed095__step040,pick_coke_can,95,validation,12,0.3194249501070652,0.09367674732275744,0.36777750937156317,-0.027899435781455817,0.8607221987366152,0.347324385888521,0.22574820278430774,-0.048352559264497996,-0.048352559264497996
google_robot_pick_coke_can__seed095__step040,pick_coke_can,95,validation,13,0.08495039865056181,0.006485383490521585,0.2757268663306421,-0.027899435781455817,1.0234728348051627,0.11284983443201763,0.07846501516004023,-0.19077646768008028,-0.19077646768008028
google_robot_pick_coke_can__seed095__step040,pick_coke_can,95,validation,14,0.020925289504133415,0.013753258289137519,-0.0516048562493027,-0.027899435781455817,0.9628844572307538,0.04882472528558923,0.007172031214995897,0.07253014575343611,0.007172031214995897
google_robot_pick_coke_can__seed095__step040,pick_coke_can,95,validation,15,0.2827728261278149,0.03599034471201301,0.3917972596646931,-0.027899435781455817,0.9023738373075066,0.3106722619092707,0.2467824814158019,-0.10902443353687818,-0.10902443353687818
google_robot_pick_coke_can__seed095__step040,pick_coke_can,95,validation,16,0.4522120544046356,0.008476518933256294,0.43378053709434466,-0.027899435781455817,0.9453359633961906,0.4801114901860914,0.4437355354713793,0.018431517310290912,0.018431517310290912
google_robot_pick_coke_can__seed095__step040,pick_coke_can,95,validation,17,0.34658397121895773,0.17864825746096735,0.4411323722971631,-0.027899435781455817,0.7640643140529976,0.37448340700041355,0.16793571375799038,-0.09454840107820539,-0.09454840107820539
google_robot_pick_coke_can__seed095__step040,pick_coke_can,95,validation,18,0.11553604105267323,0.2565571102509904,0.0767724294423661,-0.027899435781455817,0.7710014751608701,0.14343547683412905,-0.14102106919831714,0.03876361161030713,-0.14102106919831714
google_robot_pick_coke_can__seed095__step040,pick_coke_can,95,validation,19,0.19973451513167784,-0.1203277330335296,0.23167250669767903,-0.027899435781455817,0.7712459817843783,0.22763395091313365,0.32006224816520745,-0.03193799156600119,-0.03193799156600119
google_robot_pick_coke_can__seed095__step040,pick_coke_can,95,validation,20,0.1446711590429597,0.1181956677868586,0.11275683451920954,-0.027899435781455817,0.7057908067707098,0.17257059482441553,0.026475491256101116,0.031914324523750176,0.026475491256101116
google_robot_pick_coke_can__seed095__step040,pick_coke_can,95,validation,21,0.08641056114925251,-0.06805379503712389,0.03130718151456382,-0.027899435781455817,0.6311846425117275,0.11430999693070833,0.15446435618637638,0.05510337963468869,0.05510337963468869
google_robot_pick_coke_can__seed095__step040,pick_coke_can,95,validation,22,0.23292705213462495,-0.18553291847034367,0.23292705213462495,-0.027899435781455817,0.6124743474746571,0.26082648791608076,0.41845997060496865,0.0,0.0
google_robot_pick_coke_can__seed095__step040,pick_coke_can,95,validation,23,0.36510584582965033,-0.1819165885505579,0.3953765889604761,-0.027899435781455817,0.6448475109437104,0.39300528161110615,0.5470224343802083,-0.030270743130825783,-0.030270743130825783
google_robot_pick_coke_can__seed095__step040,pick_coke_can,95,validation,24,0.12130312703186419,-0.2749555630788446,0.20545692813312777,-0.027899435781455817,0.6977806480206767,0.14920256281332,0.3962586901107088,-0.08415380110126358,-0.08415380110126358
google_robot_pick_coke_can__seed095__step040,pick_coke_can,95,validation,25,0.2817794956674793,-0.14308418059491668,0.2578085568787735,-0.027899435781455817,0.7746800434548989,0.3096789314489351,0.42486367626239596,0.023970938788705765,0.023970938788705765
google_robot_pick_coke_can__seed095__step040,pick_coke_can,95,validation,26,0.07850801404083917,-0.22276393148030768,0.20166411976396956,-0.027899435781455817,0.6971617484018194,0.10640744982229498,0.30127194552114683,-0.12315610572313039,-0.12315610572313039
google_robot_pick_coke_can__seed095__step040,pick_coke_can,95,validation,27,0.24148015192741057,-0.2253141950697742,0.22493168434586372,-0.027899435781455817,0.7152963185876999,0.2693795877088664,0.4667943469971848,0.01654846758154685,0.01654846758154685
google_robot_pick_coke_can__seed095__step040,pick_coke_can,95,validation,28,0.23875689943656245,-0.15255619330413603,0.23114953947755246,-0.027899435781455817,0.7094984540515801,0.26665633521801824,0.3913130927406985,0.0076073599590099905,0.0076073599590099905
google_robot_pick_coke_can__seed095__step040,pick_coke_can,95,validation,29,0.4644036607480624,-0.3124385472896656,0.41557719188994086,-0.027899435781455817,0.6545282892064329,0.4923030965295182,0.776842208037728,0.04882646885812153,0.04882646885812153
google_robot_pick_coke_can__seed095__step040,pick_coke_can,95,validation,30,0.31352112498064827,-0.2304141878009908,0.3021396686267432,-0.027899435781455817,0.6176760938701513,0.3414205607621041,0.5439353127816391,0.011381456353905084,0.011381456353905084
google_robot_pick_coke_can__seed095__step040,pick_coke_can,95,validation,31,0.3298843766044504,-0.1707802067167333,0.29727737374626395,-0.027899435781455817,0.5652991596808735,0.35778381238590623,0.5006645833211837,0.03260700285818646,0.03260700285818646
google_robot_pick_coke_can__seed095__step071,pick_coke_can,95,validation,0,0.3171070889585026,-0.28834218053852295,0.31326429981966747,0.3043370984707614,1.1819786869636641,0.01276999048774119,0.6054492694970255,0.003842789138835123,0.003842789138835123
google_robot_pick_coke_can__seed095__step071,pick_coke_can,95,validation,1,0.40001019359029444,-0.18363212752584193,0.3637280390608835,0.3043370984707614,1.1315969104207488,0.09567309511953304,0.5836423211161363,0.036282154529410915,0.036282154529410915
google_robot_pick_coke_can__seed095__step071,pick_coke_can,95,validation,2,0.5076508484455474,-0.14309345164160703,0.5076508484455474,0.3043370984707614,1.3066147186466943,0.20331374997478602,0.6507443000871544,0.0,0.0
google_robot_pick_coke_can__seed095__step071,pick_coke_can,95,validation,3,0.42037453165822064,-0.2161249862574742,0.42037453165822064,0.3043370984707614,1.106800455337889,0.11603743318745924,0.6364995179156948,0.0,0.0
google_robot_pick_coke_can__seed095__step071,pick_coke_can,95,validation,4,0.4607538008591365,-0.21260631242701358,0.420749605179975,0.3043370984707614,1.2099615574741338,0.15641670238837507,0.6733601132861501,0.04000419567916147,0.04000419567916147
google_robot_pick_coke_can__seed095__step071,pick_coke_can,95,validation,5,0.45205091038457085,-0.09555514819553927,0.45298188271715456,0.3043370984707614,1.208569495756192,0.14771381191380945,0.5476060585801101,-0.0009309723325837127,-0.0009309723325837127
google_robot_pick_coke_can__seed095__step071,pick_coke_can,95,validation,6,0.475704590133006,-0.24217316983316006,0.37847957470168475,0.3043370984707614,1.2408690291977116,0.17136749166224458,0.7178777599661661,0.09722501543132123,0.09722501543132123
google_robot_pick_coke_can__seed095__step071,pick_coke_can,95,validation,7,0.34682661589308883,-0.0873850943998868,0.377011345479673,0.3043370984707614,1.2447433898957492,0.04248951742232743,0.4342117102929756,-0.03018472958658419,-0.03018472958658419
google_robot_pick_coke_can__seed095__step071,pick_coke_can,95,validation,8,0.4360527933156766,-0.15386226168251266,0.4223671933881497,0.3043370984707614,1.2324330712427376,0.1317156948449152,0.5899150549981893,0.013685599927526881,0.013685599927526881
google_robot_pick_coke_can__seed095__step071,pick_coke_can,95,validation,9,0.3814326095223676,-0.26212999539928744,0.3058434156447432,0.3043370984707614,1.2447239919747124,0.07709551105160622,0.6435626049216551,0.07558919387762442,0.07558919387762442
google_robot_pick_coke_can__seed095__step071,pick_coke_can,95,validation,10,0.35882433151359044,-0.22131666008491704,0.25560766216150665,0.3043370984707614,1.2557113610379884,0.05448723304282904,0.5801409915985075,0.10321666935208379,0.05448723304282904
google_robot_pick_coke_can__seed095__step071,pick_coke_can,95,validation,11,0.356881865316393,-0.20241658732713189,0.3314356353384336,0.3043370984707614,1.2439531478160317,0.052544766845631585,0.5592984526435248,0.025446229977959367,0.025446229977959367
google_robot_pick_coke_can__seed095__step071,pick_coke_can,95,validation,12,0.30658083948962617,-0.13678819849973226,0.2925943386121706,0.3043370984707614,1.2528643501148837,0.0022437410188647644,0.44336903798935845,0.013986500877455565,0.0022437410188647644
google_robot_pick_coke_can__seed095__step071,pick_coke_can,95,validation,13,0.37684814778298054,-0.17676663894363523,0.396172923401043,0.3043370984707614,1.2327301820453798,0.07251104931221913,0.5536147867266158,-0.01932477561806245,-0.01932477561806245
google_robot_pick_coke_can__seed095__step071,pick_coke_can,95,validation,14,0.37561651884252095,-0.20862619568624494,0.3991757306734664,0.3043370984707614,1.2527029077787142,0.07127942037175955,0.5842427145287659,-0.023559211830945448,-0.023559211830945448
google_robot_pick_coke_can__seed095__step071,pick_coke_can,95,validation,15,0.45847603083107913,-0.22823551636621064,0.4161441001278648,0.3043370984707614,1.190385904438525,0.15413893236031773,0.6867115471972898,0.04233193070321434,0.04233193070321434
google_robot_pick_coke_can__seed095__step071,pick_coke_can,95,validation,16,0.40803859849696605,-0.19446505792518257,0.409702025870919,0.3043370984707614,1.2486907911508849,0.10370150002620465,0.6025036564221486,-0.0016634273739529193,-0.0016634273739529193
google_robot_pick_coke_can__seed095__step071,pick_coke_can,95,validation,17,0.42131752706494136,-0.2677685261339577,0.4416530997367442,0.3043370984707614,1.268739776731764,0.11698042859417995,0.689086053198899,-0.02033557267180286,-0.02033557267180286
google_robot_pick_coke_can__seed095__step071,pick_coke_can,95,validation,18,0.4031873076269366,-0.22790775478157302,0.43364954274262796,0.3043370984707614,1.2472613691186683,0.0988502091561752,0.6310950624085097,-0.03046223511569135,-0.03046223511569135
google_robot_pick_coke_can__seed095__step071,pick_coke_can,95,validation,19,0.42003949001825563,-0.22235142257633325,0.42003949001825563,0.3043370984707614,1.242667344667608,0.11570239154749423,0.6423909125945889,0.0,0.0
google_robot_pick_coke_can__seed095__step071,pick_coke_can,95,validation,20,0.46399028848203133,-0.24522102058781783,0.4594062425117024,0.3043370984707614,1.227423890090355,0.15965319001126993,0.7092113090698492,0.004584045970328909,0.004584045970328909
google_robot_pick_coke_can__seed095__step071,pick_coke_can,95,validation,21,0.35534426031771965,-0.1760933566866958,0.3221472627099636,0.3043370984707614,1.159674751320001,0.05100716184695825,0.5314376170044155,0.033196997607756074,0.033196997607756074
google_robot_pick_coke_can__seed095__step071,pick_coke_can,95,validation,22,0.42642132965926915,-0.2168663067894956,0.47911130170424143,0.3043370984707614,1.2296891768484817,0.12208423118850775,0.6432876364487647,-0.05268997204497228,-0.05268997204497228
google_robot_pick_coke_can__seed095__step071,pick_coke_can,95,validation,23,0.42894039485980456,-0.07949237999450211,0.42894039485980456,0.3043370984707614,1.2067368379364478,0.12460329638904316,0.5084327748543067,0.0,0.0
google_robot_pick_coke_can__seed095__step071,pick_coke_can,95,validation,24,0.42677038154805996,-0.19741356203156135,0.4248891034341744,0.3043370984707614,1.0566705980216229,0.12243328307729856,0.6241839435796213,0.0018812781138855539,0.0018812781138855539
google_robot_pick_coke_can__seed095__step071,pick_coke_can,95,validation,25,0.4668819151348102,-0.11607996995222386,0.44507906884142234,0.3043370984707614,1.1076394445557889,0.1625448166640488,0.5829618850870341,0.021802846293387856,0.021802846293387856
google_robot_pick_coke_can__seed095__step071,pick_coke_can,95,validation,26,0.44669745071737715,-0.0630974382452575,0.44669745071737715,0.3043370984707614,1.083165305044953,0.14236035224661575,0.5097948889626347,0.0,0.0
google_robot_pick_coke_can__seed095__step071,pick_coke_can,95,validation,27,0.4303175310301022,0.015964631946680533,0.4418590711974579,0.3043370984707614,1.068542476883121,0.12598043255934077,0.41435289908342166,-0.011541540167355702,-0.011541540167355702
google_robot_pick_coke_can__seed095__step071,pick_coke_can,95,validation,28,0.4430975007534544,-0.05752454554558393,0.4430975007534544,0.3043370984707614,1.0572192830622698,0.13876040228269299,0.5006220462990383,0.0,0.0
google_robot_pick_coke_can__seed095__step071,pick_coke_can,95,validation,29,0.43496471345002924,0.03061339781855321,0.4361854323139296,0.3043370984707614,1.0499944860143842,0.13062761497926784,0.404351315631476,-0.0012207188639003497,-0.0012207188639003497
google_robot_pick_coke_can__seed095__step071,pick_coke_can,95,validation,30,0.4472838475219947,-0.1354216567649296,0.4672500855549613,0.3043370984707614,1.011603244512353,0.14294674905123328,0.5827055042869242,-0.0199662380329666,-0.0199662380329666
google_robot_pick_coke_can__seed095__step071,pick_coke_can,95,validation,31,0.26817659841495867,-0.15883046359585604,0.3023613261198204,0.3043370984707614,1.0738350240993044,-0.036160500055802736,0.42700706201081473,-0.03418472770486175,-0.036160500055802736
google_robot_pick_coke_can__seed096__step008,pick_coke_can,96,exploration,0,0.32107036093161434,-0.00976630654304383,0.32107036093161434,0.08017923847726156,0.7590907730558163,0.2408911224543528,0.3308366674746582,0.0,0.0
google_robot_pick_coke_can__seed096__step008,pick_coke_can,96,exploration,1,0.45533644483630803,0.004850597791678073,0.45533644483630803,0.08017923847726156,1.1569704960546099,0.3751572063590465,0.45048584704462996,0.0,0.0
google_robot_pick_coke_can__seed096__step008,pick_coke_can,96,exploration,2,0.28024065882459626,0.008457833500352977,0.28024065882459626,0.08017923847726156,0.5888035949849169,0.2000614203473347,0.2717828253242433,0.0,0.0
google_robot_pick_coke_can__seed096__step008,pick_coke_can,96,exploration,3,0.37378446988959224,0.0032055057897766213,0.43026273555848454,0.08017923847726156,1.2335126204686526,0.2936052314123307,0.3705789640998156,-0.0564782656688923,-0.0564782656688923
google_robot_pick_coke_can__seed096__step008,pick_coke_can,96,exploration,4,0.37962857326557636,-0.029478814979627146,0.33461292211287813,0.08017923847726156,0.9758307425843395,0.2994493347883148,0.4091073882452035,0.04501565115269823,0.04501565115269823
google_robot_pick_coke_can__seed096__step008,pick_coke_can,96,exploration,5,0.27672027831722473,-0.020563551066536175,0.2855278705462115,0.08017923847726156,0.9930036644478607,0.19654103983996318,0.2972838293837609,-0.00880759222898675,-0.00880759222898675
google_robot_pick_coke_can__seed096__step008,pick_coke_can,96,exploration,6,0.4513371731664686,-0.04154441746003498,0.40741732165257966,0.08017923847726156,1.265659592748811,0.37115793468920705,0.4928815906265036,0.04391985151388894,0.04391985151388894
google_robot_pick_coke_can__seed096__step008,pick_coke_can,96,exploration,7,0.4940151582656737,-0.02075924961512467,0.4842246152401792,0.08017923847726156,1.0014274954132236,0.41383591978841217,0.5147744078807984,0.009790543025494536,0.009790543025494536
google_robot_pick_coke_can__seed096__step008,pick_coke_can,96,exploration,8,0.4956269073577544,0.07514093935195626,0.4755968240528385,0.08017923847726156,1.3041235388710672,0.41544766888049284,0.4204859680057981,0.020030083304915902,0.020030083304915902
google_robot_pick_coke_can__seed096__step008,pick_coke_can,96,exploration,9,0.501505788765497,-0.050701120492422196,0.38955859462260506,0.08017923847726156,1.331154545456577,0.42132655028823546,0.5522069092579192,0.11194719414289195,0.11194719414289195
google_robot_pick_coke_can__seed096__step008,pick_coke_can,96,exploration,10,0.4129210198753816,0.0033964134117722374,0.47609483231535665,0.08017923847726156,1.3140177188447943,0.33274178139812005,0.4095246064636094,-0.06317381243997505,-0.06317381243997505
google_robot_pick_coke_can__seed096__step008,pick_coke_can,96,exploration,11,0.5042984719788767,0.14223553668631142,0.5274752590769116,0.08017923847726156,1.2920010163183075,0.4241192335016151,0.3620629352925653,-0.023176787098034946,-0.023176787098034946
google_robot_pick_coke_can__seed096__step008,pick_coke_can,96,exploration,12,0.4989719313770847,-0.025053081241377107,0.42156378508904474,0.08017923847726156,1.2644153270460392,0.4187926928998231,0.5240250126184618,0.07740814628803994,0.07740814628803994
google_robot_pick_coke_can__seed096__step008,pick_coke_can,96,exploration,13,0.3250785495445347,-0.013563271540102902,0.40400732260668254,0.08017923847726156,1.1241533619548079,0.24489931106727314,0.3386418210846376,-0.07892877306214785,-0.07892877306214785
google_robot_pick_coke_can__seed096__step008,pick_coke_can,96,exploration,14,0.40728682525296245,-0.014507712879301277,0.019315461630567365,0.08017923847726156,1.2629644571235794,0.3271075867757009,0.42179453813226375,0.3879713636223951,0.3271075867757009
google_robot_pick_coke_can__seed096__step008,pick_coke_can,96,exploration,15,0.3079162610763617,0.09097142284498672,0.29373061978346915,0.08017923847726156,1.0149181051402703,0.22773702259910017,0.216944838231375,0.01418564129289257,0.01418564129289257
google_robot_pick_coke_can__seed096__step008,pick_coke_can,96,exploration,16,0.2120409307209157,-0.07936117220603352,0.24649849621767408,0.08017923847726156,0.7014379041124903,0.13186169224365413,0.29140210292694924,-0.03445756549675838,-0.03445756549675838
google_robot_pick_coke_can__seed096__step008,pick_coke_can,96,exploration,17,0.29410291214583156,0.13113905239634077,0.14718404681401423,0.08017923847726156,0.7747902652409352,0.21392367366857,0.1629638597494908,0.14691886533181733,0.14691886533181733
google_robot_pick_coke_can__seed096__step008,pick_coke_can,96,exploration,18,0.40068977228670105,0.16251081614287824,0.2865702019768046,0.08017923847726156,1.1055683057079815,0.3205105338094395,0.2381789561438228,0.11411957030989645,0.11411957030989645
google_robot_pick_coke_can__seed096__step008,pick_coke_can,96,exploration,19,0.2710517112738648,0.1466299261747568,0.1847315435015037,0.08017923847726156,0.682516001357153,0.19087247279660324,0.124421785099108,0.0863201677723611,0.0863201677723611
google_robot_pick_coke_can__seed096__step008,pick_coke_can,96,exploration,20,0.30196998126897645,-0.0816623923482006,0.27084297819776154,0.08017923847726156,0.8318373124631081,0.2217907427917149,0.38363237361717706,0.03112700307121491,0.03112700307121491
google_robot_pick_coke_can__seed096__step008,pick_coke_can,96,exploration,21,0.3652198502399598,0.12406767361950459,0.21999179620032083,0.08017923847726156,0.8473464703200698,0.28504061176269824,0.24115217662045518,0.14522805403963895,0.14522805403963895
google_robot_pick_coke_can__seed096__step008,pick_coke_can,96,exploration,22,0.31055376542874674,0.15078478408152568,0.25656749698215114,0.08017923847726156,0.7919913421303769,0.2303745269514852,0.15976898134722106,0.0539862684465956,0.0539862684465956
google_robot_pick_coke_can__seed096__step008,pick_coke_can,96,exploration,23,0.2629677584841124,-0.026100450784076672,0.28433445403708507,0.08017923847726156,0.9577841286807628,0.18278852000685086,0.2890682092681891,-0.02136669555297266,-0.02136669555297266
google_robot_pick_coke_can__seed096__step008,pick_coke_can,96,exploration,24,0.2905935715215657,0.02650652811106216,0.35196838540429193,0.08017923847726156,0.910105525734661,0.21041433304430412,0.2640870434105035,-0.061374813882726253,-0.061374813882726253
google_robot_pick_coke_can__seed096__step008,pick_coke_can,96,exploration,25,0.262529932394535,0.2079681922552509,0.07136482508943608,0.08017923847726156,0.8921372602740822,0.18235069391727343,0.05456174013928408,0.1911651073050989,0.05456174013928408
google_robot_pick_coke_can__seed096__step008,pick_coke_can,96,exploration,26,0.27517339421557757,-0.02286613824147365,0.04314166410290939,0.08017923847726156,0.8320406922300113,0.19499415573831602,0.2980395324570512,0.23203173011266817,0.19499415573831602
google_robot_pick_coke_can__seed096__step008,pick_coke_can,96,exploration,27,0.16020802968559078,-0.05117168732245672,0.13248749173088767,0.08017923847726156,0.7185361811961146,0.08002879120832922,0.2113797170080475,0.02772053795470311,0.02772053795470311
google_robot_pick_coke_can__seed096__step008,pick_coke_can,96,exploration,28,0.14180954260115108,-0.05758846320107852,0.14969348139770286,0.08017923847726156,0.8369774961602939,0.06163030412388952,0.1993980058022296,-0.007883938796551776,-0.007883938796551776
google_robot_pick_coke_can__seed096__step008,pick_coke_can,96,exploration,29,0.15490235645694417,0.03430940578111596,0.1518836405195403,0.08017923847726156,0.8382916728325465,0.0747231179796826,0.1205929506758282,0.003018715937403854,0.003018715937403854
google_robot_pick_coke_can__seed096__step008,pick_coke_can,96,exploration,30,0.13448784930672894,0.2065620460655222,0.12521801180881997,0.08017923847726156,0.8039338237017771,0.05430861082946738,-0.07207419675879326,0.009269837497908967,-0.07207419675879326
google_robot_pick_coke_can__seed096__step008,pick_coke_can,96,exploration,31,0.13427914488531664,0.20243656775675287,0.10475038508295104,0.08017923847726156,0.8838630313098782,0.05409990640805508,-0.06815742287143622,0.029528759802365606,-0.06815742287143622
google_robot_pick_coke_can__seed096__step040,pick_coke_can,96,exploration,0,0.20780529924624228,-0.030237616012499222,0.20780529924624228,0.12872870449261561,0.3795539368064591,0.07907659475362666,0.2380429152587415,0.0,0.0
google_robot_pick_coke_can__seed096__step040,pick_coke_can,96,exploration,1,0.448745563857829,0.20480608241697695,0.2674866127032824,0.12872870449261561,0.9106002243864976,0.3200168593652134,0.24393948144085204,0.1812589511545466,0.1812589511545466
google_robot_pick_coke_can__seed096__step040,pick_coke_can,96,exploration,2,0.15060700860401602,0.060140999060328194,0.29485853614245344,0.12872870449261561,0.20105030611660435,0.021878304111400404,0.09046600954368783,-0.14425152753843742,-0.14425152753843742
google_robot_pick_coke_can__seed096__step040,pick_coke_can,96,exploration,3,0.2782875935133668,0.025094672455448875,0.2342581828156424,0.12872870449261561,0.7093571322142197,0.14955888902075118,0.2531929210579179,0.0440294106977244,0.0440294106977244
google_robot_pick_coke_can__seed096__step040,pick_coke_can,96,exploration,4,0.37177299343768516,0.025094672455448875,0.37177299343768516,0.12872870449261561,1.0233194427688772,0.24304428894506955,0.3466783209822363,0.0,0.0
google_robot_pick_coke_can__seed096__step040,pick_coke_can,96,exploration,5,0.45949059306024925,-0.1296226948025815,0.45949059306024925,0.12872870449261561,1.0246383410424107,0.33076188856763367,0.5891132878628308,0.0,0.0
google_robot_pick_coke_can__seed096__step040,pick_coke_can,96,exploration,6,0.5513533383384037,-0.053009494451832194,0.4543174682331254,0.12872870449261561,0.8641876896938416,0.4226246338457881,0.604362832790236,0.09703587010527831,0.09703587010527831
google_robot_pick_coke_can__seed096__step040,pick_coke_can,96,exploration,7,0.576066628934982,-0.03092691749903671,0.5574495761039516,0.12872870449261561,1.029028132548051,0.4473379244423663,0.6069935464340187,0.018617052831030323,0.018617052831030323
google_robot_pick_coke_can__seed096__step040,pick_coke_can,96,exploration,8,0.48282623333030855,-0.09055755762580829,0.4138409672412195,0.12872870449261561,0.7706274647397425,0.35409752883769297,0.5733837909561168,0.06898526608908906,0.06898526608908906
google_robot_pick_coke_can__seed096__step040,pick_coke_can,96,exploration,9,0.5694209095688297,-0.13209604804791453,0.20507905853982442,0.12872870449261561,0.8388298401246868,0.4406922050762141,0.7015169576167443,0.3643418510290053,0.3643418510290053
google_robot_pick_coke_can__seed096__step040,pick_coke_can,96,exploration,10,0.44992777345307905,-0.06297297504674253,0.5716000868971468,0.12872870449261561,1.0027730063471827,0.32119906896046346,0.5129007484998216,-0.12167231344406776,-0.12167231344406776
google_robot_pick_coke_can__seed096__step040,pick_coke_can,96,exploration,11,0.5749679223388474,0.09091567705499148,0.22603435297422822,0.12872870449261561,1.0201406499535997,0.4462392178462318,0.48405224528385593,0.34893356936461917,0.34893356936461917
google_robot_pick_coke_can__seed096__step040,pick_coke_can,96,exploration,12,0.6283626623149151,0.09690887467787011,0.6384222583090068,0.12872870449261561,1.05864313071243,0.49963395782229947,0.531453787637045,-0.010059595994091675,-0.010059595994091675
google_robot_pick_coke_can__seed096__step040,pick_coke_can,96,exploration,13,0.4764596125616786,0.01786930582931632,0.30108468099228636,0.12872870449261561,1.0540438507830947,0.34773090806906304,0.4585903067323623,0.17537493156939227,0.17537493156939227
google_robot_pick_coke_can__seed096__step040,pick_coke_can,96,exploration,14,0.3690501137567293,-0.05795753461710615,0.17967706353177645,0.12872870449261561,0.8141952869791576,0.2403214092641137,0.4270076483738354,0.18937305022495285,0.18937305022495285
google_robot_pick_coke_can__seed096__step040,pick_coke_can,96,exploration,15,0.28385852556492897,-0.09072892351113664,0.21561559340729977,0.12872870449261561,0.6735294607991211,0.15512982107231335,0.3745874490760656,0.0682429321576292,0.0682429321576292
google_robot_pick_coke_can__seed096__step040,pick_coke_can,96,exploration,16,0.3795400140090092,-2.3565104958045424e-05,0.3795400140090092,0.12872870449261561,0.708923217035338,0.25081130951639363,0.37956357911396726,0.0,0.0
google_robot_pick_coke_can__seed096__step040,pick_coke_can,96,exploration,17,0.2399157803117937,-0.034020386076430556,0.2650936652063472,0.12872870449261561,0.7408159684055445,0.11118707581917808,0.27393616638822427,-0.0251778848945535,-0.0251778848945535
google_robot_pick_coke_can__seed096__step040,pick_coke_can,96,exploration,18,0.2037199427454076,0.024444585196103163,0.3795400140090092,0.12872870449261561,0.6990714953011661,0.074991238252792,0.17927535754930446,-0.1758200712636016,-0.1758200712636016
google_robot_pick_coke_can__seed096__step040,pick_coke_can,96,exploration,19,0.23576530008338106,-0.23961339382134017,0.3483129840009585,0.12872870449261561,0.6678596596556977,0.10703659559076545,0.4753786939047212,-0.11254768391757744,-0.11254768391757744
google_robot_pick_coke_can__seed096__step040,pick_coke_can,96,exploration,20,0.08559881803136342,0.0004610468704448108,0.15055239712532276,0.12872870449261561,0.6921324957926651,-0.043129886461252195,0.08513777116091861,-0.06495357909395934,-0.06495357909395934
google_robot_pick_coke_can__seed096__step040,pick_coke_can,96,exploration,21,0.23073570872476054,0.0016783097062183273,0.1739331942049047,0.12872870449261561,0.6214793552935675,0.10200700423214493,0.22905739901854222,0.05680251451985585,0.05680251451985585
google_robot_pick_coke_can__seed096__step040,pick_coke_can,96,exploration,22,0.24313448648913838,-0.04813547109356159,0.24313448648913838,0.12872870449261561,0.7780630892810633,0.11440578199652277,0.29126995758269997,0.0,0.0
google_robot_pick_coke_can__seed096__step040,pick_coke_can,96,exploration,23,0.5306461917331706,-0.08500146246946873,0.402495645680111,0.12872870449261561,1.1813835479072081,0.401917487240555,0.6156476542026393,0.12815054605305964,0.12815054605305964
google_robot_pick_coke_can__seed096__step040,pick_coke_can,96,exploration,24,0.39080173670084933,0.019685555100546877,0.3513072190585523,0.12872870449261561,1.072378079778657,0.26207303220823375,0.37111618160030246,0.039494517642297056,0.039494517642297056
google_robot_pick_coke_can__seed096__step040,pick_coke_can,96,exploration,25,0.262526007581178,-0.04744533415025498,0.1508361151496783,0.12872870449261561,0.7277071428030225,0.13379730308856239,0.309971341731433,0.11168989243149971,0.11168989243149971
google_robot_pick_coke_can__seed096__step040,pick_coke_can,96,exploration,26,0.15605713957224362,0.012179640578999304,0.15605713957224362,0.12872870449261561,0.7648676237413372,0.02732843507962801,0.1438774989932443,0.0,0.0
google_robot_pick_coke_can__seed096__step040,pick_coke_can,96,exploration,27,0.6085754797291004,-0.12469483526520923,0.27452715749515216,0.12872870449261561,1.1071560436408503,0.4798467752364848,0.7332703149943096,0.33404832223394826,0.33404832223394826
google_robot_pick_coke_can__seed096__step040,pick_coke_can,96,exploration,28,0.3806540277365016,0.05807707643521745,0.3806540277365016,0.12872870449261561,0.9978112289193745,0.25192532324388595,0.32257695130128416,0.0,0.0
google_robot_pick_coke_can__seed096__step040,pick_coke_can,96,exploration,29,0.1568757073203562,-0.09589991763899175,0.1568757073203562,0.12872870449261561,0.6963687255971132,0.028147002827740575,0.2527756249593479,0.0,0.0
google_robot_pick_coke_can__seed096__step040,pick_coke_can,96,exploration,30,0.33621735163935096,0.09219761270536032,0.2761565856959442,0.12872870449261561,0.7207576774897645,0.20748864714673534,0.24401973893399065,0.06006076594340676,0.06006076594340676
google_robot_pick_coke_can__seed096__step040,pick_coke_can,96,exploration,31,0.32922538565286197,-0.16944244753419802,0.31149528048844255,0.12872870449261561,0.6334764370534823,0.20049668116024635,0.49866783318706,0.01773010516441942,0.01773010516441942
google_robot_pick_coke_can__seed096__step071,pick_coke_can,96,exploration,0,0.3913866031597875,0.3066440031393945,0.3913866031597875,-0.3207018604731743,0.9217882989204988,0.7120884636329619,0.08474260002039302,0.0,0.0
google_robot_pick_coke_can__seed096__step071,pick_coke_can,96,exploration,1,0.5515248288545225,0.36322717886980044,0.5515248288545225,-0.3207018604731743,1.2275753873857247,0.8722266893276968,0.18829764998472204,0.0,0.0
google_robot_pick_coke_can__seed096__step071,pick_coke_can,96,exploration,2,0.4056132963017908,0.03371984896193183,0.38474304370794665,-0.3207018604731743,1.3857745426441104,0.726315156774965,0.371893447339859,0.020870252593844174,0.020870252593844174
google_robot_pick_coke_can__seed096__step071,pick_coke_can,96,exploration,3,0.22410893719831596,0.24273567633004858,0.33319319230984895,-0.3207018604731743,1.3178434054312334,0.5448107976714902,-0.018626739131732628,-0.109084255111533,-0.109084255111533
google_robot_pick_coke_can__seed096__step071,pick_coke_can,96,exploration,4,0.34222419137772403,0.4132330431452595,0.38159941781232193,-0.3207018604731743,1.2292027620474393,0.6629260518508984,-0.07100885176753546,-0.0393752264345979,-0.07100885176753546
google_robot_pick_coke_can__seed096__step071,pick_coke_can,96,exploration,5,0.5640035950917669,0.18264137089086027,0.264174772095452,-0.3207018604731743,0.9841155195387524,0.8847054555649412,0.3813622242009066,0.2998288229963149,0.2998288229963149
google_robot_pick_coke_can__seed096__step071,pick_coke_can,96,exploration,6,0.20971711784523084,0.4513063746044064,0.22782375692043522,-0.3207018604731743,1.029076758495888,0.5304189783184051,-0.24158925675917559,-0.018106639075204378,-0.24158925675917559
google_robot_pick_coke_can__seed096__step071,pick_coke_can,96,exploration,7,0.2464049462569502,0.3065437474878801,0.2360157963107039,-0.3207018604731743,1.1374896086456618,0.5671068067301245,-0.060138801230929906,0.01038914994624629,-0.060138801230929906
google_robot_pick_coke_can__seed096__step071,pick_coke_can,96,exploration,8,0.18762020692203163,0.3487002094011324,0.22241411731405783,-0.3207018604731743,1.0549161818706425,0.5083220673952059,-0.16108000247910076,-0.0347939103920262,-0.16108000247910076
google_robot_pick_coke_can__seed096__step071,pick_coke_can,96,exploration,9,0.2750563612870285,0.2450231286786657,0.41338493353321293,-0.3207018604731743,1.0396762302074123,0.5957582217602028,0.03003323260836277,-0.13832857224618444,-0.13832857224618444
google_robot_pick_coke_can__seed096__step071,pick_coke_can,96,exploration,10,0.22330353819393267,0.36680644464092627,0.1783282412689514,-0.3207018604731743,1.167535052524628,0.544005398667107,-0.1435029064469936,0.044975296924981284,-0.1435029064469936
google_robot_pick_coke_can__seed096__step071,pick_coke_can,96,exploration,11,0.4007727882639574,0.10865737323577403,0.2767357643662233,-0.3207018604731743,1.1938945567095742,0.7214746487371317,0.2921154150281834,0.12403702389773408,0.12403702389773408
google_robot_pick_coke_can__seed096__step071,pick_coke_can,96,exploration,12,0.38328451954115045,0.15940345994809532,0.3708009426160428,-0.3207018604731743,1.3758895535504851,0.7039863800143247,0.22388105959305513,0.012483576925107653,0.012483576925107653
google_robot_pick_coke_can__seed096__step071,pick_coke_can,96,exploration,13,0.4275635751767328,0.20132132474544165,0.3185303356845917,-0.3207018604731743,1.3108467808868214,0.7482654356499071,0.22624225043129118,0.10903323949214111,0.10903323949214111
google_robot_pick_coke_can__seed096__step071,pick_coke_can,96,exploration,14,0.6826043611435632,0.45907618194501304,0.18524567732628724,-0.3207018604731743,1.2362803487053857,1.0033062216167374,0.22352817919855011,0.4973586838172759,0.22352817919855011
google_robot_pick_coke_can__seed096__step071,pick_coke_can,96,exploration,15,0.34917083527718074,0.39224420013363764,0.6913284125618849,-0.3207018604731743,1.1126703475830908,0.669872695750355,-0.04307336485645691,-0.3421575772847042,-0.3421575772847042
google_robot_pick_coke_can__seed096__step071,pick_coke_can,96,exploration,16,0.3986522613423018,0.4183231512506222,0.5267025889564695,-0.3207018604731743,1.2892166847754483,0.7193541218154761,-0.019670889908320388,-0.12805032761416768,-0.12805032761416768
google_robot_pick_coke_can__seed096__step071,pick_coke_can,96,exploration,17,0.666380631939766,0.1925783288843956,0.6521062549013847,-0.3207018604731743,1.199135952634374,0.9870824924129403,0.4738023030553704,0.014274377038381303,0.014274377038381303
google_robot_pick_coke_can__seed096__step071,pick_coke_can,96,exploration,18,0.762428545511411,0.3753482514980677,0.7201431019032026,-0.3207018604731743,1.3764907673699813,1.0831304059845852,0.3870802940133433,0.042285443608208406,0.042285443608208406
google_robot_pick_coke_can__seed096__step071,pick_coke_can,96,exploration,19,0.780466378100968,0.3016339902756568,0.7691415780002674,-0.3207018604731743,1.3720087473160414,1.1011682385741421,0.4788323878253112,0.011324800100700583,0.011324800100700583
google_robot_pick_coke_can__seed096__step071,pick_coke_can,96,exploration,20,0.733569529947861,0.2889116445247129,0.7369810063515795,-0.3207018604731743,1.168388411686184,1.0542713904210352,0.44465788542314805,-0.0034114764037185275,-0.0034114764037185275
google_robot_pick_coke_can__seed096__step071,pick_coke_can,96,exploration,21,0.7481339773660345,0.3493911103767647,0.6670380730785563,-0.3207018604731743,1.2881893757348248,1.0688358378392087,0.3987428669892698,0.08109590428747815,0.08109590428747815
google_robot_pick_coke_can__seed096__step071,pick_coke_can,96,exploration,22,0.7483514914042423,0.28932126609468917,0.3051708162354672,-0.3207018604731743,1.2028227327748773,1.0690533518774166,0.4590302253095531,0.4431806751687751,0.4431806751687751
google_robot_pick_coke_can__seed096__step071,pick_coke_can,96,exploration,23,0.5917053501052585,0.2860807435621139,0.5765135523655894,-0.3207018604731743,0.9879981861197543,0.9124072105784328,0.3056246065431446,0.015191797739669055,0.015191797739669055
google_robot_pick_coke_can__seed096__step071,pick_coke_can,96,exploration,24,0.13290461240394066,0.44745939853017563,0.12258359719341906,-0.3207018604731743,0.791039826675139,0.453606472877115,-0.314554786126235,0.010321015210521603,-0.314554786126235
google_robot_pick_coke_can__seed096__step071,pick_coke_can,96,exploration,25,0.11274069930925208,0.36189812136394184,0.12309800941203412,-0.3207018604731743,0.8284669769907472,0.43344255978242635,-0.24915742205468977,-0.010357310102782041,-0.24915742205468977
google_robot_pick_coke_can__seed096__step071,pick_coke_can,96,exploration,26,0.3819167884015708,0.46551551046833534,0.330435276243292,-0.3207018604731743,0.959247287383046,0.702618648874745,-0.08359872206676455,0.051481512158278786,-0.08359872206676455
google_robot_pick_coke_can__seed096__step071,pick_coke_can,96,exploration,27,0.7067944380525742,0.45933800387996165,0.23708113909753567,-0.3207018604731743,1.1110522297030176,1.0274962985257485,0.2474564341726126,0.46971329895503855,0.2474564341726126
google_robot_pick_coke_can__seed096__step071,pick_coke_can,96,exploration,28,0.5405058832642552,0.2536805379901291,0.32466298525567133,-0.3207018604731743,1.1089731134452259,0.8612077437374295,0.2868253452741261,0.21584289800858386,0.21584289800858386
google_robot_pick_coke_can__seed096__step071,pick_coke_can,96,exploration,29,0.6488919992228832,0.3071005952374743,0.1270802445382749,-0.3207018604731743,1.1171166528497196,0.9695938596960575,0.3417914039854089,0.5218117546846083,0.3417914039854089
google_robot_pick_coke_can__seed096__step071,pick_coke_can,96,exploration,30,0.20932447956716924,0.21631420829053982,0.2967069223042526,-0.3207018604731743,0.723653124415104,0.5300263400403435,-0.006989728723370586,-0.08738244273708337,-0.08738244273708337
google_robot_pick_coke_can__seed096__step071,pick_coke_can,96,exploration,31,0.17043467108959617,0.13175417821074012,0.17723386159094603,-0.3207018604731743,0.7824854742080917,0.4911365315627705,0.038680492878856054,-0.006799190501349861,-0.006799190501349861
google_robot_pick_coke_can__seed097__step008,pick_coke_can,97,exploration,0,0.11345311218252181,0.3040035312048861,0.11345311218252181,-0.2009639161269734,0.5697443729700357,0.3144170283094952,-0.1905504190223643,0.0,-0.1905504190223643
google_robot_pick_coke_can__seed097__step008,pick_coke_can,97,exploration,1,0.3589951084235048,0.2655868101711694,0.5045473118575721,-0.2009639161269734,1.1016226916992171,0.5599590245504782,0.09340829825233538,-0.14555220343406727,-0.14555220343406727
google_robot_pick_coke_can__seed097__step008,pick_coke_can,97,exploration,2,0.09536870259955267,0.3094690875390643,0.13343472127801617,-0.2009639161269734,0.37594592462430937,0.29633261872652605,-0.21410038493951167,-0.0380660186784635,-0.21410038493951167
google_robot_pick_coke_can__seed097__step008,pick_coke_can,97,exploration,3,0.41712373628224036,0.2416853330778372,0.06874018674672115,-0.2009639161269734,0.7544013716004875,0.6180876524092138,0.17543840320440315,0.3483835495355192,0.17543840320440315
google_robot_pick_coke_can__seed097__step008,pick_coke_can,97,exploration,4,0.15332094008515887,0.2627737472331037,0.06806395077987455,-0.2009639161269734,0.6269743354367368,0.35428485621213224,-0.10945280714794484,0.08525698930528432,-0.10945280714794484
google_robot_pick_coke_can__seed097__step008,pick_coke_can,97,exploration,5,0.2781397736826941,0.3481613165868436,0.2781397736826941,-0.2009639161269734,0.6584214683903783,0.4791036898096675,-0.07002154290414953,0.0,-0.07002154290414953
google_robot_pick_coke_can__seed097__step008,pick_coke_can,97,exploration,6,0.35340888129184234,0.1444393225553058,0.26539385139873667,-0.2009639161269734,0.7520004216814125,0.5543727974188157,0.20896955873653653,0.08801502989310567,0.08801502989310567
google_robot_pick_coke_can__seed097__step008,pick_coke_can,97,exploration,7,0.0909513771389795,0.13848996833097663,0.07804451578631492,-0.2009639161269734,0.7103898041894136,0.2919152932659529,-0.04753859119199713,0.01290686135266457,-0.04753859119199713
google_robot_pick_coke_can__seed097__step008,pick_coke_can,97,exploration,8,0.42304611333402625,0.09717904149758642,0.36670028024749124,-0.2009639161269734,0.8997322190191321,0.6240100294609996,0.3258670718364398,0.05634583308653501,0.05634583308653501
google_robot_pick_coke_can__seed097__step008,pick_coke_can,97,exploration,9,0.13871381997092488,-0.0985575293766076,0.41515210746655934,-0.2009639161269734,0.7119779448680044,0.3396777360978983,0.23727134934753247,-0.2764382874956345,-0.2764382874956345
google_robot_pick_coke_can__seed097__step008,pick_coke_can,97,exploration,10,0.2595794779827271,0.1316559385119192,0.38187064140178434,-0.2009639161269734,0.778133294902375,0.4605433941097005,0.12792353947080792,-0.12229116341905721,-0.12229116341905721
google_robot_pick_coke_can__seed097__step008,pick_coke_can,97,exploration,11,0.1043443276720921,0.09309588755553073,0.3343485897635405,-0.2009639161269734,0.8398016695354447,0.3053082437990655,0.01124844011656137,-0.23000426209144836,-0.23000426209144836
google_robot_pick_coke_can__seed097__step008,pick_coke_can,97,exploration,12,0.25854264530305676,0.07517849251855291,0.30928081885930614,-0.2009639161269734,0.6853833733593611,0.45950656143003016,0.18336415278450385,-0.05073817355624938,-0.05073817355624938
google_robot_pick_coke_can__seed097__step008,pick_coke_can,97,exploration,13,0.1138111688384581,0.05492328032672513,0.07810047696144097,-0.2009639161269734,0.846841547443943,0.3147750849654315,0.05888788851173297,0.03571069187701713,0.03571069187701713
google_robot_pick_coke_can__seed097__step008,pick_coke_can,97,exploration,14,0.08696633054426317,0.06937564838694445,0.49407188535115837,-0.2009639161269734,0.8632875681193181,0.28793024667123657,0.017590682157318724,-0.4071055548068952,-0.4071055548068952
google_robot_pick_coke_can__seed097__step008,pick_coke_can,97,exploration,15,0.2947583109104484,-0.031198151544181235,0.3682839968613025,-0.2009639161269734,0.6620766247356611,0.4957222270374218,0.3259564624546296,-0.07352568595085407,-0.07352568595085407
google_robot_pick_coke_can__seed097__step008,pick_coke_can,97,exploration,16,0.01261454276728056,0.016103001314190152,0.2650740132973664,-0.2009639161269734,0.6107778156954577,0.21357845889425395,-0.003488458546909592,-0.2524594705300858,-0.2524594705300858
google_robot_pick_coke_can__seed097__step008,pick_coke_can,97,exploration,17,0.20828604623399224,0.001954947170244794,0.16711131656388903,-0.2009639161269734,0.5743127832534147,0.40924996236096567,0.20633109906374744,0.041174729670103216,0.041174729670103216
google_robot_pick_coke_can__seed097__step008,pick_coke_can,97,exploration,18,0.09451791603533653,0.08523487520357614,0.19463218952198857,-0.2009639161269734,0.6842079500998113,0.29548183216230994,0.009283040831760389,-0.10011427348665204,-0.10011427348665204
google_robot_pick_coke_can__seed097__step008,pick_coke_can,97,exploration,19,0.17046760826819293,0.226479068922103,0.17046760826819293,-0.2009639161269734,0.5824146434659885,0.37143152439516636,-0.05601146065391008,0.0,-0.05601146065391008
google_robot_pick_coke_can__seed097__step008,pick_coke_can,97,exploration,20,0.24014571814940489,0.23942476984349456,0.17046852970936718,-0.2009639161269734,0.5953006537457539,0.4411096342763783,0.0007209483059103239,0.0696771884400377,0.0007209483059103239
google_robot_pick_coke_can__seed097__step008,pick_coke_can,97,exploration,21,0.24378738307174821,-0.17504954862824681,0.23463521461297407,-0.2009639161269734,0.5754734035689241,0.4447512991987216,0.41883693169999503,0.009152168458774146,0.009152168458774146
google_robot_pick_coke_can__seed097__step008,pick_coke_can,97,exploration,22,0.2436381471982212,0.21142022620504816,0.2201597116919181,-0.2009639161269734,0.58527175838811,0.4446020633251946,0.03221792099317303,0.023478435506303102,0.023478435506303102
google_robot_pick_coke_can__seed097__step008,pick_coke_can,97,exploration,23,0.21865199403274393,0.10883618270560025,0.1782164416900436,-0.2009639161269734,0.6367558184066647,0.41961591015971733,0.10981581132714369,0.040435552342700326,0.040435552342700326
google_robot_pick_coke_can__seed097__step008,pick_coke_can,97,exploration,24,0.1688322993049195,0.4194261279498474,0.24924284037308442,-0.2009639161269734,0.6824837884485981,0.3697962154318929,-0.2505938286449279,-0.08041054106816492,-0.2505938286449279
google_robot_pick_coke_can__seed097__step008,pick_coke_can,97,exploration,25,0.1983725423725482,0.042725103618103506,0.18285691464302953,-0.2009639161269734,0.6621117309279194,0.3993364584995216,0.1556474387544447,0.015515627729518672,0.015515627729518672
google_robot_pick_coke_can__seed097__step008,pick_coke_can,97,exploration,26,0.1643168228266968,0.30804957264813926,0.1487093987278957,-0.2009639161269734,0.6642841634036638,0.3652807389536702,-0.14373274982144246,0.015607424098801087,-0.14373274982144246
google_robot_pick_coke_can__seed097__step008,pick_coke_can,97,exploration,27,0.1510425875769497,0.22507189501603975,0.1640238099826648,-0.2009639161269734,0.6404471649076575,0.35200650370392306,-0.07402930743909006,-0.012981222405715115,-0.07402930743909006
google_robot_pick_coke_can__seed097__step008,pick_coke_can,97,exploration,28,0.18531028003444203,0.2897321403837633,0.20022751775988482,-0.2009639161269734,0.6622330990657209,0.38627419616141545,-0.1044218603493213,-0.014917237725442789,-0.1044218603493213
google_robot_pick_coke_can__seed097__step008,pick_coke_can,97,exploration,29,0.1673968358775595,0.33979252335619886,0.1899304535729983,-0.2009639161269734,0.6633037938039211,0.3683607520045329,-0.17239568747863937,-0.022533617695438796,-0.17239568747863937
google_robot_pick_coke_can__seed097__step008,pick_coke_can,97,exploration,30,0.16243429945766727,-0.13888350463443266,0.16243429945766727,-0.2009639161269734,0.6177025753671567,0.3633982155846407,0.30131780409209996,0.0,0.0
google_robot_pick_coke_can__seed097__step008,pick_coke_can,97,exploration,31,0.11325475525922528,-0.09493653145412127,0.11325475525922528,-0.2009639161269734,0.5821556116270997,0.3142186713861987,0.20819128671334655,0.0,0.0
google_robot_pick_coke_can__seed097__step040,pick_coke_can,97,exploration,0,0.1178128017282583,0.20431328102528246,0.1178128017282583,-0.007663456451347496,0.7049549498942806,0.12547625817960578,-0.08650047929702416,0.0,-0.08650047929702416
google_robot_pick_coke_can__seed097__step040,pick_coke_can,97,exploration,1,0.5487226495061293,0.1821176973808196,0.5487226495061293,-0.007663456451347496,0.7709316464826653,0.5563861059574767,0.36660495212530964,0.0,0.0
google_robot_pick_coke_can__seed097__step040,pick_coke_can,97,exploration,2,0.3844084954200266,0.3125217292626701,0.37018928648126376,-0.007663456451347496,0.595259225223273,0.39207195187137406,0.07188676615735651,0.014219208938762828,0.014219208938762828
google_robot_pick_coke_can__seed097__step040,pick_coke_can,97,exploration,3,0.27705169535373014,0.2553151599980081,0.2802431837539157,-0.007663456451347496,0.7086923049935118,0.2847151518050776,0.021736535355722064,-0.0031914884001855715,-0.0031914884001855715
google_robot_pick_coke_can__seed097__step040,pick_coke_can,97,exploration,4,0.20306193823524044,0.24735567894365573,0.15461007229048165,-0.007663456451347496,0.7087959113936716,0.21072539468658794,-0.0442937407084153,0.04845186594475878,-0.0442937407084153
google_robot_pick_coke_can__seed097__step040,pick_coke_can,97,exploration,5,0.31680961389638496,0.2695880010710863,0.31680961389638496,-0.007663456451347496,0.6789472580656023,0.32447307034773243,0.04722161282529863,0.0,0.0
google_robot_pick_coke_can__seed097__step040,pick_coke_can,97,exploration,6,0.43733913828251914,0.27838911813182626,0.3042240097831122,-0.007663456451347496,0.8010877317907251,0.4450025947338666,0.15895002015069287,0.13311512849940693,0.13311512849940693
google_robot_pick_coke_can__seed097__step040,pick_coke_can,97,exploration,7,0.48261546692435336,0.18178645166523552,0.10795415503394486,-0.007663456451347496,0.8186571366071098,0.49027892337570084,0.30082901525911787,0.3746613118904085,0.30082901525911787
google_robot_pick_coke_can__seed097__step040,pick_coke_can,97,exploration,8,0.4799415216467862,0.26746696992504687,0.465631199384034,-0.007663456451347496,1.033726914002481,0.4876049780981337,0.21247455172173935,0.014310322262752195,0.014310322262752195
google_robot_pick_coke_can__seed097__step040,pick_coke_can,97,exploration,9,0.4445055665279474,0.31311345706737037,0.4467183525896265,-0.007663456451347496,0.8365885269141349,0.4521690229792949,0.13139210946057706,-0.002212786061679073,-0.002212786061679073
google_robot_pick_coke_can__seed097__step040,pick_coke_can,97,exploration,10,0.32656044098996645,0.21265491976181014,0.33280200779355584,-0.007663456451347496,0.8865466500143383,0.3342238974413139,0.11390552122815631,-0.006241566803589393,-0.006241566803589393
google_robot_pick_coke_can__seed097__step040,pick_coke_can,97,exploration,11,0.30758046354762336,0.12486250037938039,0.36400401589774717,-0.007663456451347496,1.0866683837634887,0.31524391999897083,0.18271796316824296,-0.05642355235012381,-0.05642355235012381
google_robot_pick_coke_can__seed097__step040,pick_coke_can,97,exploration,12,0.23315829288895992,0.2892185272338265,0.28000621459527436,-0.007663456451347496,0.8322936932210712,0.24082174934030742,-0.056060234344866594,-0.04684792170631444,-0.056060234344866594
google_robot_pick_coke_can__seed097__step040,pick_coke_can,97,exploration,13,0.32073011217227165,0.26390387903343043,0.3197790093401564,-0.007663456451347496,1.0381862964727577,0.3283935686236191,0.05682623313884122,0.000951102832115247,0.000951102832115247
google_robot_pick_coke_can__seed097__step040,pick_coke_can,97,exploration,14,0.21286290222184137,0.2642964577815034,0.18954575467318321,-0.007663456451347496,0.968374769570523,0.22052635867318887,-0.05143355555966203,0.023317147548658157,-0.05143355555966203
google_robot_pick_coke_can__seed097__step040,pick_coke_can,97,exploration,15,0.3482264182908179,0.29580111647798984,0.3406517212141201,-0.007663456451347496,1.1936828261751706,0.3558898747421654,0.05242530181282806,0.007574697076697834,0.007574697076697834
google_robot_pick_coke_can__seed097__step040,pick_coke_can,97,exploration,16,0.3233134180373071,0.2665358904452307,0.3386097200740695,-0.007663456451347496,0.907577266366428,0.3309768744886546,0.05677752759207644,-0.015296302036762355,-0.015296302036762355
google_robot_pick_coke_can__seed097__step040,pick_coke_can,97,exploration,17,0.2595930869260178,0.27994653384441764,0.23313258574350224,-0.007663456451347496,0.9153140195814783,0.26725654337736526,-0.020353446918399853,0.026460501182515556,-0.020353446918399853
google_robot_pick_coke_can__seed097__step040,pick_coke_can,97,exploration,18,0.16390012708367044,0.25763526852597995,0.289959393205673,-0.007663456451347496,1.009455039482735,0.17156358353501794,-0.09373514144230952,-0.12605926612200255,-0.12605926612200255
google_robot_pick_coke_can__seed097__step040,pick_coke_can,97,exploration,19,0.2554195960466332,0.3099675814094424,0.2554195960466332,-0.007663456451347496,0.5928556735101205,0.2630830524979807,-0.05454798536280919,0.0,-0.05454798536280919
google_robot_pick_coke_can__seed097__step040,pick_coke_can,97,exploration,20,0.3910686016180231,0.28386704507443444,0.13846462314768662,-0.007663456451347496,1.054176538223019,0.39873205806937057,0.10720155654358865,0.25260397847033644,0.10720155654358865
google_robot_pick_coke_can__seed097__step040,pick_coke_can,97,exploration,21,0.3700321857406226,0.1364029874362037,0.3722819704654124,-0.007663456451347496,0.5613434157564671,0.37769564219197005,0.2336291983044189,-0.002249784724789816,-0.002249784724789816
google_robot_pick_coke_can__seed097__step040,pick_coke_can,97,exploration,22,0.27832119359986446,0.22119998533235286,0.22659568030728464,-0.007663456451347496,0.8955993036422811,0.28598465005121193,0.0571212082675116,0.05172551329257982,0.05172551329257982
google_robot_pick_coke_can__seed097__step040,pick_coke_can,97,exploration,23,0.39173843125809094,0.1377365669857494,0.4044910389878975,-0.007663456451347496,0.8955298011573674,0.3994018877094384,0.2540018642723415,-0.012752607729806575,-0.012752607729806575
google_robot_pick_coke_can__seed097__step040,pick_coke_can,97,exploration,24,0.37215239833024505,0.017758819302992727,0.3952774654635265,-0.007663456451347496,0.882520597839615,0.3798158547815925,0.3543935790272523,-0.02312506713328144,-0.02312506713328144
google_robot_pick_coke_can__seed097__step040,pick_coke_can,97,exploration,25,0.39049394353669337,0.09314526464482364,0.4108387956734287,-0.007663456451347496,0.8822275770064745,0.39815739998804084,0.2973486788918697,-0.020344852136735314,-0.020344852136735314
google_robot_pick_coke_can__seed097__step040,pick_coke_can,97,exploration,26,0.38516114980500493,0.3579058342369079,0.41803535998930214,-0.007663456451347496,0.8973384058346888,0.3928246062563524,0.027255315568097016,-0.0328742101842972,-0.0328742101842972
google_robot_pick_coke_can__seed097__step040,pick_coke_can,97,exploration,27,0.3423132480671563,0.0628276905242594,0.4159785094026345,-0.007663456451347496,0.9269348433066272,0.34997670451850377,0.2794855575428969,-0.07366526133547818,-0.07366526133547818
google_robot_pick_coke_can__seed097__step040,pick_coke_can,97,exploration,28,0.40511276207622365,0.28234451214142814,0.40260046657564047,-0.007663456451347496,0.8426388509202548,0.4127762185275711,0.12276824993479551,0.0025122955005831837,0.0025122955005831837
google_robot_pick_coke_can__seed097__step040,pick_coke_can,97,exploration,29,0.3998611475141127,0.28730331704649914,0.4041968520375716,-0.007663456451347496,0.891721430128428,0.4075246039654602,0.11255783046761358,-0.004335704523458883,-0.004335704523458883
google_robot_pick_coke_can__seed097__step040,pick_coke_can,97,exploration,30,0.4368670180852629,0.07518220228031756,0.4368670180852629,-0.007663456451347496,0.9087625264323624,0.4445304745366104,0.3616848158049453,0.0,0.0
google_robot_pick_coke_can__seed097__step040,pick_coke_can,97,exploration,31,0.3774391999443112,-0.09912072831120122,0.431524678519103,-0.007663456451347496,0.5710940991153294,0.38510265639565866,0.4765599282555124,-0.05408547857479179,-0.05408547857479179
google_robot_pick_coke_can__seed097__step071,pick_coke_can,97,exploration,0,0.23442324455961053,-0.0785434548024402,0.3638148880844206,-0.0033348043353729115,0.8307275906103897,0.23775804889498345,0.31296669936205074,-0.12939164352481006,-0.12939164352481006
google_robot_pick_coke_can__seed097__step071,pick_coke_can,97,exploration,1,0.43687276060000874,-0.12053637295216697,0.43687276060000874,-0.0033348043353729115,1.0838777544672686,0.44020756493538166,0.5574091335521757,0.0,0.0
google_robot_pick_coke_can__seed097__step071,pick_coke_can,97,exploration,2,0.06115496607030144,-0.028793470502643425,0.04734475801962341,-0.0033348043353729115,0.18142319634176307,0.06448977040567436,0.08994843657294486,0.013810208050678036,0.013810208050678036
google_robot_pick_coke_can__seed097__step071,pick_coke_can,97,exploration,3,0.05196148624003217,-0.0997810726756229,0.05196148624003217,-0.0033348043353729115,0.7027955542622268,0.05529629057540508,0.15174255891565508,0.0,0.0
google_robot_pick_coke_can__seed097__step071,pick_coke_can,97,exploration,4,0.49134062469566847,-0.0997810726756229,0.17660901993744307,-0.0033348043353729115,1.090347747783372,0.4946754290310414,0.5911216973712914,0.31473160475822537,0.31473160475822537
google_robot_pick_coke_can__seed097__step071,pick_coke_can,97,exploration,5,0.43384372832586887,0.028739539841719546,0.43384372832586887,-0.0033348043353729115,1.1142099752148402,0.4371785326612418,0.4051041884841493,0.0,0.0
google_robot_pick_coke_can__seed097__step071,pick_coke_can,97,exploration,6,0.4215924870909873,0.10451065456878555,0.48656456883542004,-0.0033348043353729115,1.1817897509163133,0.4249272914263602,0.31708183252220173,-0.06497208174443275,-0.06497208174443275
google_robot_pick_coke_can__seed097__step071,pick_coke_can,97,exploration,7,0.5301068753929743,0.09861661618904265,0.49358718589193057,-0.0033348043353729115,1.1082819658569323,0.5334416797283472,0.43149025920393164,0.03651968950104373,0.03651968950104373
google_robot_pick_coke_can__seed097__step071,pick_coke_can,97,exploration,8,0.46969453602777156,-0.0901216591173361,0.4378944830736186,-0.0033348043353729115,1.1356212406473971,0.4730293403631445,0.5598161951451077,0.031800052954152946,0.031800052954152946
google_robot_pick_coke_can__seed097__step071,pick_coke_can,97,exploration,9,0.5166463637416635,0.026995543946856177,0.4886012221821104,-0.0033348043353729115,1.1182299092247232,0.5199811680770364,0.48965081979480735,0.02804514155955312,0.02804514155955312
google_robot_pick_coke_can__seed097__step071,pick_coke_can,97,exploration,10,0.4837430887637674,0.17337155983838323,0.2719210431909824,-0.0033348043353729115,1.1363665157367804,0.48707789309914035,0.3103715289253842,0.211822045572785,0.211822045572785
google_robot_pick_coke_can__seed097__step071,pick_coke_can,97,exploration,11,0.4282688543116793,-0.07877826916642724,0.3128767551264207,-0.0033348043353729115,0.9790393558664181,0.43160365864705225,0.5070471234781065,0.11539209918525861,0.11539209918525861
google_robot_pick_coke_can__seed097__step071,pick_coke_can,97,exploration,12,0.4533481130950922,-0.03005255363832714,0.4533481130950922,-0.0033348043353729115,1.0060847368642303,0.45668291743046513,0.48340066673341936,0.0,0.0
google_robot_pick_coke_can__seed097__step071,pick_coke_can,97,exploration,13,0.22419200912629286,0.0856311718973522,0.3118528644920886,-0.0033348043353729115,0.8467178843399968,0.22752681346166578,0.13856083722894066,-0.08766085536579574,-0.08766085536579574
google_robot_pick_coke_can__seed097__step071,pick_coke_can,97,exploration,14,0.21035190629550013,0.12419582752982315,0.12570778789159875,-0.0033348043353729115,0.7226626172034157,0.21368671063087305,0.08615607876567698,0.08464411840390137,0.08464411840390137
google_robot_pick_coke_can__seed097__step071,pick_coke_can,97,exploration,15,0.24690654114320518,0.043773576348030814,0.47008688320840014,-0.0033348043353729115,0.9021486096616238,0.25024134547857807,0.20313296479517437,-0.22318034206519496,-0.22318034206519496
google_robot_pick_coke_can__seed097__step071,pick_coke_can,97,exploration,16,0.4776646958211912,0.009066202560464134,0.482715487201486,-0.0033348043353729115,1.206066838247692,0.4809995001565641,0.46859849326072706,-0.005050791380294795,-0.005050791380294795
google_robot_pick_coke_can__seed097__step071,pick_coke_can,97,exploration,17,0.2527191171415156,0.02906880737188385,0.25193338846276025,-0.0033348043353729115,1.007289015066596,0.25605392147688855,0.22365030976963177,0.0007857286787553708,0.0007857286787553708
google_robot_pick_coke_can__seed097__step071,pick_coke_can,97,exploration,18,0.11375280072987683,0.08908482097935366,0.1016820173663386,-0.0033348043353729115,0.7759734854688417,0.11708760506524973,0.024667979750523164,0.012070783363538229,0.012070783363538229
google_robot_pick_coke_can__seed097__step071,pick_coke_can,97,exploration,19,0.30880000729525964,-0.1342891848002664,0.3122208148585634,-0.0033348043353729115,0.8584818834421387,0.31213481163063256,0.443089192095526,-0.0034208075633037627,-0.0034208075633037627
google_robot_pick_coke_can__seed097__step071,pick_coke_can,97,exploration,20,0.2665979965696766,0.09277124137492763,0.3293024582028054,-0.0033348043353729115,0.9926303163264161,0.2699328009050495,0.17382675519474894,-0.06270446163312882,-0.06270446163312882
google_robot_pick_coke_can__seed097__step071,pick_coke_can,97,exploration,21,0.3016453975696098,0.16067852338882552,0.3228968854919113,-0.0033348043353729115,0.921676528665065,0.3049802019049827,0.14096687418078427,-0.021251487922301526,-0.021251487922301526
google_robot_pick_coke_can__seed097__step071,pick_coke_can,97,exploration,22,0.5071968365735843,-0.09419907142939933,0.5170184492586428,-0.0033348043353729115,1.143837509419746,0.5105316409089572,0.6013959080029836,-0.009821612685058545,-0.009821612685058545
google_robot_pick_coke_can__seed097__step071,pick_coke_can,97,exploration,23,0.3030957105843762,0.017604946975729622,0.04439715447423886,-0.0033348043353729115,0.8859807597686049,0.3064305149197491,0.28549076360864656,0.2586985561101373,0.2586985561101373
google_robot_pick_coke_can__seed097__step071,pick_coke_can,97,exploration,24,0.477238348393546,0.3016910409738032,0.2981134052276131,-0.0033348043353729115,1.182154613574437,0.48057315272891893,0.17554730741974278,0.17912494316593291,0.17554730741974278
google_robot_pick_coke_can__seed097__step071,pick_coke_can,97,exploration,25,0.11929032983351,-0.02744465108713211,0.15278321709426831,-0.0033348043353729115,0.6284455082728908,0.1226251341688829,0.1467349809206421,-0.03349288726075832,-0.03349288726075832
google_robot_pick_coke_can__seed097__step071,pick_coke_can,97,exploration,26,0.08958752238691847,0.18759756062822716,0.1752508449171457,-0.0033348043353729115,0.7589064932852401,0.09292232672229138,-0.09801003824130869,-0.08566332253022724,-0.09801003824130869
google_robot_pick_coke_can__seed097__step071,pick_coke_can,97,exploration,27,0.23140192266578055,0.15932773657220736,0.22560152469776942,-0.0033348043353729115,0.5830118736769365,0.23473672700115347,0.07207418609357319,0.005800397968011128,0.005800397968011128
google_robot_pick_coke_can__seed097__step071,pick_coke_can,97,exploration,28,0.16083287431796575,-0.08456632440217852,-0.017799538286262535,-0.0033348043353729115,0.4702133848123178,0.16416767865333867,0.24539919872014426,0.1786324126042283,0.16416767865333867
google_robot_pick_coke_can__seed097__step071,pick_coke_can,97,exploration,29,-0.07676949976656787,-0.12340079852508956,-0.07676949976656787,-0.0033348043353729115,0.727958242412357,-0.07343469543119496,0.04663129875852169,0.0,-0.07343469543119496
google_robot_pick_coke_can__seed097__step071,pick_coke_can,97,exploration,30,0.013720647358125818,-0.0013205253163413033,0.013720647358125818,-0.0033348043353729115,0.7837229802033657,0.01705545169349873,0.015041172674467121,0.0,0.0
google_robot_pick_coke_can__seed097__step071,pick_coke_can,97,exploration,31,0.004500025026083025,0.11909939224234699,0.004500025026083025,-0.0033348043353729115,0.7614032033798931,0.007834829361455936,-0.11459936721626396,0.0,-0.11459936721626396
google_robot_pick_coke_can__seed099__step008,pick_coke_can,99,validation,0,0.26280247449255395,-0.017965141972281547,0.26280247449255395,0.23319829670756884,0.7370086046958523,0.029604177784985114,0.2807676164648355,0.0,0.0
google_robot_pick_coke_can__seed099__step008,pick_coke_can,99,validation,1,-0.00905266365803343,0.05230262795389484,-0.00905266365803343,0.23319829670756884,0.8002981982326788,-0.24225096036560226,-0.06135529161192827,0.0,-0.24225096036560226
google_robot_pick_coke_can__seed099__step008,pick_coke_can,99,validation,2,0.033651658044054976,0.02161311472870027,0.1661484258435091,0.23319829670756884,0.24790157878713695,-0.19954663866351385,0.012038543315354706,-0.13249676779945413,-0.19954663866351385
google_robot_pick_coke_can__seed099__step008,pick_coke_can,99,validation,3,0.21897620845901553,-0.1664089134216884,0.05850697552448982,0.23319829670756884,0.38664680471556684,-0.01422208824855331,0.38538512188070395,0.1604692329345257,-0.01422208824855331
google_robot_pick_coke_can__seed099__step008,pick_coke_can,99,validation,4,0.21048861339179722,0.006656208372124319,0.15972429927710632,0.23319829670756884,0.8655240451163351,-0.02270968331577161,0.2038324050196729,0.0507643141146909,-0.02270968331577161
google_robot_pick_coke_can__seed099__step008,pick_coke_can,99,validation,5,0.08280896518493419,-0.06887722761068919,0.056179223990389805,0.23319829670756884,0.46471066965658403,-0.15038933152263464,0.1516861927956234,0.026629741194544386,-0.15038933152263464
google_robot_pick_coke_can__seed099__step008,pick_coke_can,99,validation,6,0.3838947262634202,0.061329104965019275,0.3542285099760983,0.23319829670756884,0.905521774496179,0.15069642955585136,0.32256562129840094,0.02966621628732191,0.02966621628732191
google_robot_pick_coke_can__seed099__step008,pick_coke_can,99,validation,7,0.4093948809986361,0.00562788912574524,0.3185357011777875,0.23319829670756884,0.8870863413177481,0.17619658429106724,0.40376699187289083,0.09085917982084857,0.09085917982084857
google_robot_pick_coke_can__seed099__step008,pick_coke_can,99,validation,8,0.34854356682163407,-0.09733326188771312,0.31607832019689425,0.23319829670756884,0.9152532158129166,0.11534527011406523,0.4458768287093472,0.03246524662473982,0.03246524662473982
google_robot_pick_coke_can__seed099__step008,pick_coke_can,99,validation,9,0.2167432843294729,-0.20924812060520204,0.3325515494645282,0.23319829670756884,0.963121120226675,-0.016455012378095935,0.4259914049346749,-0.1158082651350553,-0.1158082651350553
google_robot_pick_coke_can__seed099__step008,pick_coke_can,99,validation,10,0.30021571030574234,-0.061652626530955296,0.33747435794983566,0.23319829670756884,1.303823086387822,0.06701741359817351,0.3618683368366976,-0.03725864764409331,-0.03725864764409331
google_robot_pick_coke_can__seed099__step008,pick_coke_can,99,validation,11,0.44261884359136855,0.13967088856233448,0.41517362483932846,0.23319829670756884,1.6383529945132342,0.2094205468837997,0.30294795502903404,0.02744521875204009,0.02744521875204009
google_robot_pick_coke_can__seed099__step008,pick_coke_can,99,validation,12,0.3249566638930034,0.06265238544275437,0.3206123296830086,0.23319829670756884,1.2190517925733724,0.09175836718543454,0.262304278450249,0.004344334209994749,0.004344334209994749
google_robot_pick_coke_can__seed099__step008,pick_coke_can,99,validation,13,0.24359537641817489,-0.024319905119285973,0.4407751169149435,0.23319829670756884,1.2722231746119528,0.01039707971060605,0.26791528153746086,-0.1971797404967686,-0.1971797404967686
google_robot_pick_coke_can__seed099__step008,pick_coke_can,99,validation,14,0.4992859521337163,0.1401277931601462,0.2730815381350976,0.23319829670756884,1.3331959878971626,0.26608765542614743,0.35915815897357006,0.22620441399861868,0.22620441399861868
google_robot_pick_coke_can__seed099__step008,pick_coke_can,99,validation,15,0.2941784848126115,0.10907519786758052,0.2566722694753018,0.23319829670756884,1.3066148205983077,0.06098018810504266,0.18510328694503098,0.03750621533730969,0.03750621533730969
google_robot_pick_coke_can__seed099__step008,pick_coke_can,99,validation,16,0.15487022194785238,0.08843390462487048,0.15487022194785238,0.23319829670756884,0.6971635564852257,-0.07832807475971645,0.0664363173229819,0.0,-0.07832807475971645
google_robot_pick_coke_can__seed099__step008,pick_coke_can,99,validation,17,0.26419168317463804,-0.21724887626641223,0.358322791660091,0.23319829670756884,1.1355563844377319,0.0309933864670692,0.48144055944105024,-0.09413110848545297,-0.09413110848545297
google_robot_pick_coke_can__seed099__step008,pick_coke_can,99,validation,18,0.25037985037131993,-0.05606485846195473,0.3955507049258033,0.23319829670756884,1.2794629593671427,0.017181553663751098,0.3064447088332747,-0.14517085455448336,-0.14517085455448336
google_robot_pick_coke_can__seed099__step008,pick_coke_can,99,validation,19,0.36028423547621435,0.006805096829805614,0.26909271117624917,0.23319829670756884,0.71785916578625,0.12708593876864552,0.35347913864640873,0.09119152429996519,0.09119152429996519
google_robot_pick_coke_can__seed099__step008,pick_coke_can,99,validation,20,0.33973383852725964,-0.300788996976701,0.1457718627063962,0.23319829670756884,1.0316957375412337,0.1065355418196908,0.6405228355039606,0.19396197582086344,0.1065355418196908
google_robot_pick_coke_can__seed099__step008,pick_coke_can,99,validation,21,0.3597046559764147,0.170479064050196,0.36638261329631616,0.23319829670756884,0.7197946585881703,0.12650635926884587,0.1892255919262187,-0.006677957319901451,-0.006677957319901451
google_robot_pick_coke_can__seed099__step008,pick_coke_can,99,validation,22,0.36064835454258554,0.125670762615725,0.22444524002748656,0.23319829670756884,0.7877171450559975,0.1274500578350167,0.23497759192686055,0.13620311451509898,0.1274500578350167
google_robot_pick_coke_can__seed099__step008,pick_coke_can,99,validation,23,0.36028423547621435,-0.07104507173491123,0.36028423547621435,0.23319829670756884,0.71785916578625,0.12708593876864552,0.4313293072111256,0.0,0.0
google_robot_pick_coke_can__seed099__step008,pick_coke_can,99,validation,24,0.37463439508629676,0.07040729539305299,0.3346663177165779,0.23319829670756884,0.6694683095565425,0.14143609837872792,0.3042270996932438,0.03996807736971886,0.03996807736971886
google_robot_pick_coke_can__seed099__step008,pick_coke_can,99,validation,25,0.37463439508629676,-0.04399448632989774,0.37463439508629676,0.23319829670756884,0.6694683095565425,0.14143609837872792,0.4186288814161945,0.0,0.0
google_robot_pick_coke_can__seed099__step008,pick_coke_can,99,validation,26,0.36825931128101286,-0.02082949920304725,0.36825931128101286,0.23319829670756884,0.7114575855180667,0.13506101457344402,0.38908881048406013,0.0,0.0
google_robot_pick_coke_can__seed099__step008,pick_coke_can,99,validation,27,0.09995000669721658,-0.10648939000317353,0.09995000669721658,0.23319829670756884,0.660562927686663,-0.13324829001035227,0.20643939670039013,0.0,-0.13324829001035227
google_robot_pick_coke_can__seed099__step008,pick_coke_can,99,validation,28,0.38141327992257107,-0.1396253961513114,0.38141327992257107,0.23319829670756884,0.6901690582630126,0.14821498321500223,0.5210386760738824,0.0,0.0
google_robot_pick_coke_can__seed099__step008,pick_coke_can,99,validation,29,0.3428875805069644,-0.12724168530524804,0.3428875805069644,0.23319829670756884,0.6444814829806914,0.10968928379939555,0.4701292658122124,0.0,0.0
google_robot_pick_coke_can__seed099__step008,pick_coke_can,99,validation,30,0.3066762702788494,-0.06737707888376811,0.30408936518121904,0.23319829670756884,0.7950040666673561,0.07347797357128058,0.3740533491626175,0.0025869050976303765,0.0025869050976303765
google_robot_pick_coke_can__seed099__step008,pick_coke_can,99,validation,31,0.37463439508629676,-0.2102352212088675,0.37463439508629676,0.23319829670756884,0.6694683095565425,0.14143609837872792,0.5848696162951643,0.0,0.0
google_robot_pick_coke_can__seed099__step040,pick_coke_can,99,validation,0,0.1097712143816003,-0.14419153382164854,0.1097712143816003,-0.07218871507388647,1.9794034314582136,0.18195992945548678,0.2539627482032488,0.0,0.0
google_robot_pick_coke_can__seed099__step040,pick_coke_can,99,validation,1,0.17865390801483827,-0.08438368970362571,0.15454606079919886,-0.07218871507388647,2.133177643688957,0.25084262308872474,0.26303759771846397,0.02410784721563941,0.02410784721563941
google_robot_pick_coke_can__seed099__step040,pick_coke_can,99,validation,2,0.18320207702420035,-0.068705305190679,0.18320207702420035,-0.07218871507388647,1.286501146503602,0.2553907920980868,0.25190738221487935,0.0,0.0
google_robot_pick_coke_can__seed099__step040,pick_coke_can,99,validation,3,0.18124646408245484,0.07982238404280957,0.252250481866482,-0.07218871507388647,1.816935304150763,0.2534351791563413,0.10142408003964527,-0.07100401778402718,-0.07100401778402718
google_robot_pick_coke_can__seed099__step040,pick_coke_can,99,validation,4,0.14745794423857658,0.2120288869339373,0.12946308440573293,-0.07218871507388647,1.3802559417520501,0.21964665931246305,-0.0645709426953607,0.017994859832843657,-0.0645709426953607
google_robot_pick_coke_can__seed099__step040,pick_coke_can,99,validation,5,-0.10338035844416464,0.1055775167439253,-0.10338035844416464,-0.07218871507388647,1.2565905525126946,-0.031191643370278174,-0.20895787518808995,0.0,-0.20895787518808995
google_robot_pick_coke_can__seed099__step040,pick_coke_can,99,validation,6,0.0016616622965283194,0.09439910399190009,0.04291321375111562,-0.07218871507388647,1.5307504780744599,0.07385037737041479,-0.09273744169537176,-0.0412515514545873,-0.09273744169537176
google_robot_pick_coke_can__seed099__step040,pick_coke_can,99,validation,7,0.37151482448421325,0.03280623126426069,-0.030824317583341504,-0.07218871507388647,1.1498719308739034,0.4437035395580997,0.33870859321995256,0.4023391420675547,0.33870859321995256
google_robot_pick_coke_can__seed099__step040,pick_coke_can,99,validation,8,0.29367980878086847,0.003819935648936614,0.18295749371378675,-0.07218871507388647,1.954167696477915,0.36586852385475493,0.28985987313193184,0.11072231506708172,0.11072231506708172
google_robot_pick_coke_can__seed099__step040,pick_coke_can,99,validation,9,0.04246533650350898,-0.14181924981562913,-0.015264894254821387,-0.07218871507388647,1.8612842891532475,0.11465405157739544,0.1842845863191381,0.057730230758330364,0.057730230758330364
google_robot_pick_coke_can__seed099__step040,pick_coke_can,99,validation,10,0.0026517944850591815,0.025307160454105027,0.2036436189298149,-0.07218871507388647,1.6072362544255723,0.07484050955894565,-0.022655365969045844,-0.20099182444475572,-0.20099182444475572
google_robot_pick_coke_can__seed099__step040,pick_coke_can,99,validation,11,0.16423265099242254,0.0161649983153903,0.19656725120436772,-0.07218871507388647,2.017105798258394,0.236421366066309,0.14806765267703223,-0.032334600211945175,-0.032334600211945175
google_robot_pick_coke_can__seed099__step040,pick_coke_can,99,validation,12,0.16176129845670614,0.07303970843628772,0.2024212460900731,-0.07218871507388647,1.6908707140219834,0.2339500135305926,0.08872159002041842,-0.040659947633366944,-0.040659947633366944
google_robot_pick_coke_can__seed099__step040,pick_coke_can,99,validation,13,0.22946474541958015,0.004896620094569707,0.22922740901644922,-0.07218871507388647,2.152309588727011,0.30165346049346664,0.22456812532501044,0.0002373364031309222,0.0002373364031309222
google_robot_pick_coke_can__seed099__step040,pick_coke_can,99,validation,14,0.44606591104155235,-0.050255541472884045,0.4512418805732839,-0.07218871507388647,1.7083671142535546,0.5182546261154388,0.4963214525144364,-0.00517596953173155,-0.00517596953173155
google_robot_pick_coke_can__seed099__step040,pick_coke_can,99,validation,15,0.2060918035854827,-0.19944572005975233,0.12757766038395563,-0.07218871507388647,1.5963477296218014,0.2782805186593692,0.40553752364523504,0.07851414320152708,0.07851414320152708
google_robot_pick_coke_can__seed099__step040,pick_coke_can,99,validation,16,0.2604611803323678,-0.20499968181427008,0.10082334288401718,-0.07218871507388647,0.9803428203905248,0.3326498954062543,0.4654608621466379,0.15963783744835064,0.15963783744835064
google_robot_pick_coke_can__seed099__step040,pick_coke_can,99,validation,17,0.2849557134505483,-0.05091484773953973,-0.0010570286375085984,-0.07218871507388647,1.2156826512392456,0.3571444285244348,0.33587056119008807,0.28601274208805694,0.28601274208805694
google_robot_pick_coke_can__seed099__step040,pick_coke_can,99,validation,18,0.1517504126590408,0.015220585477276954,0.16784228261912656,-0.07218871507388647,1.0383185142212894,0.22393912773292726,0.13652982718176385,-0.01609186996008577,-0.01609186996008577
google_robot_pick_coke_can__seed099__step040,pick_coke_can,99,validation,19,0.3665082527744354,-0.21363977283370159,0.31471855450089187,-0.07218871507388647,1.0875078387485613,0.43869696784832185,0.5801480256081369,0.051789698273543516,0.051789698273543516
google_robot_pick_coke_can__seed099__step040,pick_coke_can,99,validation,20,0.295292836680166,-0.08055350942132443,0.014459355013044331,-0.07218871507388647,0.9594978153034561,0.36748155175405245,0.3758463461014904,0.28083348166712163,0.28083348166712163
google_robot_pick_coke_can__seed099__step040,pick_coke_can,99,validation,21,0.25422603021349083,-0.06809642598254448,0.2706244677742449,-0.07218871507388647,1.4491165959320427,0.3264147452873773,0.3223224561960353,-0.016398437560754098,-0.016398437560754098
google_robot_pick_coke_can__seed099__step040,pick_coke_can,99,validation,22,0.09496331643467237,-0.07188983598809918,0.14530682233348083,-0.07218871507388647,1.1735627483879265,0.16715203150855884,0.16685315242277154,-0.050343505898808455,-0.050343505898808455
google_robot_pick_coke_can__seed099__step040,pick_coke_can,99,validation,23,0.29193089851354476,-0.11474809497683795,0.2905631988815818,-0.07218871507388647,1.2557981946493029,0.3641196135874312,0.4066789934903827,0.001367699631962982,0.001367699631962982
google_robot_pick_coke_can__seed099__step040,pick_coke_can,99,validation,24,0.31298347101989055,-0.17246392634522242,0.29869007516228624,-0.07218871507388647,1.3429903336338536,0.385172186093777,0.485447397365113,0.014293395857604307,0.014293395857604307
google_robot_pick_coke_can__seed099__step040,pick_coke_can,99,validation,25,0.3135964614452636,-0.1549619284053453,0.3135964614452636,-0.07218871507388647,1.2414922961957733,0.38578517651915006,0.46855838985060894,0.0,0.0
google_robot_pick_coke_can__seed099__step040,pick_coke_can,99,validation,26,0.30688593193564284,-0.009584956310607406,0.3088174177778507,-0.07218871507388647,1.1709653172543146,0.3790746470095293,0.31647088824625025,-0.0019314858422078696,-0.0019314858422078696
google_robot_pick_coke_can__seed099__step040,pick_coke_can,99,validation,27,0.30688593193564284,-0.20386990626625234,0.28490668754373144,-0.07218871507388647,1.1709653172543146,0.3790746470095293,0.5107558382018952,0.0219792443919114,0.0219792443919114
google_robot_pick_coke_can__seed099__step040,pick_coke_can,99,validation,28,0.29261070720754473,0.12083529550762002,0.2977501920826877,-0.07218871507388647,1.353072660424669,0.3647994222814312,0.17177541169992472,-0.005139484875142986,-0.005139484875142986
google_robot_pick_coke_can__seed099__step040,pick_coke_can,99,validation,29,0.312506813788123,-0.08546898916623528,0.3036274818885456,-0.07218871507388647,1.2768370461596967,0.3846955288620095,0.3979758029543583,0.008879331899577403,0.008879331899577403
google_robot_pick_coke_can__seed099__step040,pick_coke_can,99,validation,30,0.30688593193564284,-0.13564844989682198,0.3104442198178094,-0.07218871507388647,1.1709653172543146,0.3790746470095293,0.44253438183246485,-0.0035582878821665553,-0.0035582878821665553
google_robot_pick_coke_can__seed099__step040,pick_coke_can,99,validation,31,0.29207547255180044,-0.025780826257861475,0.29207547255180044,-0.07218871507388647,1.2130068069136914,0.3642641876256869,0.31785629880966193,0.0,0.0
google_robot_pick_coke_can__seed099__step071,pick_coke_can,99,validation,0,-0.23658476309566634,-0.03669268308592682,-0.23658476309566634,0.12854573299557007,0.3198631024104658,-0.3651304960912364,-0.19989208000973951,0.0,-0.3651304960912364
google_robot_pick_coke_can__seed099__step071,pick_coke_can,99,validation,1,0.39470504848357035,0.04107361912353704,0.39470504848357035,0.12854573299557007,0.6110060730747889,0.2661593154880003,0.35363142936003333,0.0,0.0
google_robot_pick_coke_can__seed099__step071,pick_coke_can,99,validation,2,0.002355518566635184,-0.2212152689371473,-0.05547745980773675,0.12854573299557007,0.13178557811432667,-0.12619021442893488,0.22357078750378248,0.057832978374371936,-0.12619021442893488
google_robot_pick_coke_can__seed099__step071,pick_coke_can,99,validation,3,0.22306411685989772,-0.01606687049630079,0.22306411685989772,0.12854573299557007,0.48760770709228746,0.09451838386432765,0.2391309873561985,0.0,0.0
google_robot_pick_coke_can__seed099__step071,pick_coke_can,99,validation,4,0.18515906498233073,-0.12373535059112299,-0.17666194855818265,0.12854573299557007,0.4854338256741443,0.05661333198676066,0.3088944155734537,0.3618210135405134,0.05661333198676066
google_robot_pick_coke_can__seed099__step071,pick_coke_can,99,validation,5,-0.009160368415855028,-2.8685151053401785e-05,-0.009160368415855028,0.12854573299557007,0.19048821085376066,-0.13770610141142509,-0.009131683264801627,0.0,-0.13770610141142509
google_robot_pick_coke_can__seed099__step071,pick_coke_can,99,validation,6,0.2579532276442529,-0.010647605301684534,0.1843115108400655,0.12854573299557007,0.5659536322402928,0.1294074946486828,0.2686008329459374,0.07364171680418738,0.07364171680418738
google_robot_pick_coke_can__seed099__step071,pick_coke_can,99,validation,7,0.3374083139362812,-0.01567728419612885,0.29883170198993564,0.12854573299557007,0.6952418362577032,0.2088625809407111,0.35308559813241003,0.03857661194634554,0.03857661194634554
google_robot_pick_coke_can__seed099__step071,pick_coke_can,99,validation,8,0.3887668581026567,-0.009461671812193151,0.2859177775143164,0.12854573299557007,0.6082867946183125,0.2602211251070866,0.39822852991484986,0.1028490805883403,0.1028490805883403
google_robot_pick_coke_can__seed099__step071,pick_coke_can,99,validation,9,0.24534354935827826,-0.20772025192667973,0.08463841286449275,0.12854573299557007,0.6116273277123987,0.1167978163627082,0.453063801284958,0.1607051364937855,0.1167978163627082
google_robot_pick_coke_can__seed099__step071,pick_coke_can,99,validation,10,0.2744278683277875,0.07137993086219908,0.16899766898831156,0.12854573299557007,0.7230349713880772,0.14588213533221742,0.2030479374655884,0.10543019933947592,0.10543019933947592
google_robot_pick_coke_can__seed099__step071,pick_coke_can,99,validation,11,0.16434222483779726,0.0038875165990837532,0.05164749154010362,0.12854573299557007,0.5665769995304241,0.03579649184222719,0.1604547082387135,0.11269473329769364,0.03579649184222719
google_robot_pick_coke_can__seed099__step071,pick_coke_can,99,validation,12,0.269380772520974,0.13346098454584557,0.44429812212499137,0.12854573299557007,0.6933404939099368,0.1408350395254039,0.1359197879751284,-0.1749173496040174,-0.1749173496040174
google_robot_pick_coke_can__seed099__step071,pick_coke_can,99,validation,13,0.5153335543586702,-0.0621100988758485,0.5153335543586702,0.12854573299557007,0.5133080948708199,0.3867878213631002,0.5774436532345187,0.0,0.0
google_robot_pick_coke_can__seed099__step071,pick_coke_can,99,validation,14,-0.01276584727121701,-0.07429747422172756,-0.00013009326605645244,0.12854573299557007,0.7460971316621468,-0.14131158026678708,0.061531626950510544,-0.012635754005160557,-0.14131158026678708
google_robot_pick_coke_can__seed099__step071,pick_coke_can,99,validation,15,0.49223923687741905,-0.017622507085867278,0.49223923687741905,0.12854573299557007,0.46432233412195234,0.36369350388184896,0.5098617439632863,0.0,0.0
google_robot_pick_coke_can__seed099__step071,pick_coke_can,99,validation,16,0.4070783658141131,-0.06961800791407184,0.47672854379827495,0.12854573299557007,0.3977656232438566,0.278532632818543,0.47669637372818496,-0.06965017798416184,-0.06965017798416184
google_robot_pick_coke_can__seed099__step071,pick_coke_can,99,validation,17,0.5238825914469304,-0.18110875562313933,0.1964145827639916,0.12854573299557007,0.5343153905690846,0.39533685845136035,0.7049913470700697,0.3274680086829388,0.3274680086829388
google_robot_pick_coke_can__seed099__step071,pick_coke_can,99,validation,18,0.4043027328250574,-0.019623764518217846,0.4602613627693016,0.12854573299557007,0.4245166792616498,0.2757569998294873,0.42392649734327525,-0.055958629944244165,-0.055958629944244165
google_robot_pick_coke_can__seed099__step071,pick_coke_can,99,validation,19,0.2718474361825784,-0.10693523398198328,0.2718474361825784,0.12854573299557007,0.4083681129239829,0.14330170318700833,0.3787826701645617,0.0,0.0
google_robot_pick_coke_can__seed099__step071,pick_coke_can,99,validation,20,0.3039709429202413,0.06212234835543202,0.33421097505115793,0.12854573299557007,0.4386717135350204,0.17542520992467123,0.24184859456480928,-0.03024003213091664,-0.03024003213091664
google_robot_pick_coke_can__seed099__step071,pick_coke_can,99,validation,21,0.1576813801870053,0.04095530616671542,0.18471928814315994,0.12854573299557007,0.44485119642622517,0.029135647191435243,0.1167260740202899,-0.027037907956154628,-0.027037907956154628
google_robot_pick_coke_can__seed099__step071,pick_coke_can,99,validation,22,0.22344360010643702,-0.3379766187381763,0.30186076746318397,0.12854573299557007,0.40748823359435205,0.09489786711086695,0.5614202188446134,-0.07841716735674695,-0.07841716735674695
google_robot_pick_coke_can__seed099__step071,pick_coke_can,99,validation,23,0.16036433963691613,0.01923484341306969,0.0344427763094087,0.12854573299557007,0.3987145682327052,0.03181860664134606,0.14112949622384643,0.12592156332750742,0.03181860664134606
google_robot_pick_coke_can__seed099__step071,pick_coke_can,99,validation,24,-0.002082514700441296,-0.0033267749443913843,-0.002082514700441296,0.12854573299557007,0.39618603724575285,-0.13062824769601136,0.0012442602439500885,0.0,-0.13062824769601136
google_robot_pick_coke_can__seed099__step071,pick_coke_can,99,validation,25,0.08596616396557451,-0.037751428078826005,0.08596616396557451,0.12854573299557007,0.4978037077174217,-0.04257956902999556,0.12371759204440051,0.0,-0.04257956902999556
google_robot_pick_coke_can__seed099__step071,pick_coke_can,99,validation,26,0.30186076746318397,-0.14826160019619114,0.12304017738058819,0.12854573299557007,0.40474221816339967,0.1733150344676139,0.4501223676593751,0.17882059008259577,0.1733150344676139
google_robot_pick_coke_can__seed099__step071,pick_coke_can,99,validation,27,0.12304017738058819,-0.01028954343188194,0.18471928814315994,0.12854573299557007,0.4352254606564213,-0.00550555561498188,0.13332972081247013,-0.06167911076257175,-0.06167911076257175
google_robot_pick_coke_can__seed099__step071,pick_coke_can,99,validation,28,0.12304017738058819,-0.007237970241748891,0.12304017738058819,0.12854573299557007,0.4352254606564213,-0.00550555561498188,0.13027814762233708,0.0,-0.00550555561498188
google_robot_pick_coke_can__seed099__step071,pick_coke_can,99,validation,29,0.08596616396557451,0.0643917822388237,0.12304017738058819,0.12854573299557007,0.4978037077174217,-0.04257956902999556,0.021574381726750802,-0.03707401341501368,-0.04257956902999556
google_robot_pick_coke_can__seed099__step071,pick_coke_can,99,validation,30,0.3188039547715818,0.018939765496304328,0.3188039547715818,0.12854573299557007,0.4247314455828317,0.19025822177601173,0.29986418927527747,0.0,0.0
google_robot_pick_coke_can__seed099__step071,pick_coke_can,99,validation,31,0.18471928814315994,0.05594101690714424,0.18471928814315994,0.12854573299557007,0.42003400307014227,0.05617355514758987,0.1287782712360157,0.0,0.0
